<?xml version="1.0" encoding="UTF-8"?>
<gpx xmlns="http://www.topografix.com/GPX/1/1" version="1.1" creator="@dwayneparton/geojson-to-gpx"><wpt lat="-27.00982333333333" lon="-48.580033333333326"><ele>5.1</ele></wpt><wpt lat="-27.053908333333332" lon="-48.59618666666667"><ele>15.799999999999999</ele><name>2 faixas</name></wpt><wpt lat="-27.037133333333333" lon="-48.583565"><ele>12.299999999999999</ele><name>25</name></wpt><wpt lat="-27.031568333333333" lon="-48.58421166666667"><ele>10.4</ele><name>30km/h</name></wpt><wpt lat="-27.0126" lon="-48.58021"><ele>8.3</ele><name>30km/h</name></wpt><wpt lat="-27.012445000000003" lon="-48.58058166666667"><ele>6.6</ele><name>30km/h</name></wpt><wpt lat="-27.010699999999996" lon="-48.57998166666666"><ele>7.2</ele><name>30km/h</name></wpt><wpt lat="-27.00085" lon="-48.585944999999995"><ele>39.2</ele><name>40km/h</name></wpt><wpt lat="-27.053881666666665" lon="-48.59618166666667"><ele>15.9</ele><name>50km/h</name></wpt><wpt lat="-27.05189833333333" lon="-48.59491333333334"><ele>12.6</ele><name>50km/h</name></wpt><wpt lat="-27.05164333333333" lon="-48.594725000000004"><ele>12.5</ele><name>50km/h</name></wpt><wpt lat="-27.05015166666667" lon="-48.59448999999999"><ele>8.3</ele><name>50km/h</name></wpt><wpt lat="-27.047865" lon="-48.588815000000004"><ele>-1.1</ele><name>50km/h</name></wpt><wpt lat="-27.045731666666665" lon="-48.58835666666667"><ele>5.5</ele><name>50km/h</name></wpt><wpt lat="-27.03601833333333" lon="-48.583884999999995"><ele>14.4</ele><name>50km/h</name></wpt><wpt lat="-27.030036666666668" lon="-48.584175"><ele>12.1</ele><name>50km/h</name></wpt><wpt lat="-27.00942166666667" lon="-48.580373333333334"><ele>3.8</ele><name>50km/h</name></wpt><wpt lat="-27.00853833333333" lon="-48.58102833333334"><ele>9.4</ele><name>50km/h</name></wpt><wpt lat="-27.016054999999998" lon="-48.57938666666667"><ele>74.5</ele><name>135</name></wpt><wpt lat="-27.037116666666666" lon="-48.58360166666667"><ele>9.799999999999999</ele><name>160</name></wpt><wpt lat="-27.037133333333333" lon="-48.583565"><ele>12.299999999999999</ele><name>160</name></wpt><wpt lat="-27.037133333333333" lon="-48.583565"><ele>12.299999999999999</ele><name>350</name></wpt><wpt lat="-27.03712833333333" lon="-48.58366833333333"><ele>11.1</ele><name>950</name></wpt><wpt lat="-26.999000000000002" lon="-48.588588333333334"><ele>10.6</ele><name>A ciclo é completamente reta.</name></wpt><wpt lat="-26.999000000000002" lon="-48.588588333333334"><ele>10.6</ele><name>A pintura está boa, COMPLETA e visível</name></wpt><wpt lat="-27.048976666666665" lon="-48.59378"><ele>17</ele><name>A-30</name></wpt><wpt lat="-27.042528333333333" lon="-48.58586333333333"><ele>43.1</ele><name>A-30</name></wpt><wpt lat="-27.036755000000003" lon="-48.58367666666666"><ele>8.8</ele><name>A-30</name></wpt><wpt lat="-27.019001666666668" lon="-48.579134999999994"><ele>53.7</ele><name>A-30</name></wpt><wpt lat="-27.053908333333332" lon="-48.59618666666667"><ele>15.799999999999999</ele><name>Apenas faixas vermelhas nas bordas</name></wpt><wpt lat="-27.037133333333333" lon="-48.583565"><ele>12.299999999999999</ele><name>Área de amortecimento da ciclo (cm)</name></wpt><wpt lat="-27.037116666666666" lon="-48.58360166666667"><ele>9.799999999999999</ele><name>Área transitável da ciclo (cm)</name></wpt><wpt lat="-27.016054999999998" lon="-48.57938666666667"><ele>74.5</ele><name>Área transitável da ciclo (cm)</name></wpt><wpt lat="-27.053908333333332" lon="-48.59618666666667"><ele>15.799999999999999</ele><name>Asfalto</name></wpt><wpt lat="-27.053893333333335" lon="-48.59620333333334"><ele>53</ele><name>Bidirecional</name></wpt><wpt lat="-26.999000000000002" lon="-48.588588333333334"><ele>10.6</ele><name>Bom estado</name></wpt><wpt lat="-27.00982333333333" lon="-48.580033333333326"><ele>5.1</ele><name>carros invadindo a ciclofaixa com estacionamento na transversal</name></wpt><wpt lat="-27.053926666666666" lon="-48.59616166666667"><ele>55.300000000000004</ele><name>Ciclofaixa</name></wpt><wpt lat="-27.001324999999998" lon="-48.58383833333334"><ele>17.4</ele><name>Complementar</name></wpt><wpt lat="-26.999000000000002" lon="-48.588588333333334"><ele>10.6</ele><name>Complementar</name></wpt><wpt lat="-27.05390333333333" lon="-48.59619333333333"><ele>16.7</ele><name>Em bordo de Via de Mão Dupla</name></wpt><wpt lat="-27.053908333333332" lon="-48.59618666666667"><ele>15.799999999999999</ele><name>Estacionamento de um lado, incluso na circulação</name></wpt><wpt lat="-27.00671333333333" lon="-48.58199166666667"><ele>4.6</ele><name>este é o ponto de ônibus anterior estão no leito da ciclofaixa</name></wpt><wpt lat="-27.037136666666665" lon="-48.58355166666667"><ele>11.6</ele><name>Faixa de carros logo ao lado da ciclo (cm)</name></wpt><wpt lat="-27.003749" lon="-48.582975"><name>Final de trecho compartilhado com pedestres ao lado de estacionamento de carros</name></wpt><wpt lat="-27.053815" lon="-48.59616166666667"><ele>13.1</ele><name>Foto</name></wpt><wpt lat="-27.053815" lon="-48.59613833333333"><ele>20.200000000000003</ele><name>Foto</name></wpt><wpt lat="-27.05378" lon="-48.59614166666667"><ele>14.9</ele><name>Foto</name></wpt><wpt lat="-27.053776666666668" lon="-48.59612833333334"><ele>14</ele><name>Foto</name></wpt><wpt lat="-27.053658333333335" lon="-48.59614833333333"><ele>42.1</ele><name>Foto</name></wpt><wpt lat="-27.052186666666664" lon="-48.595173333333335"><ele>12.9</ele><name>Foto</name></wpt><wpt lat="-27.052059999999997" lon="-48.59505833333333"><ele>12.299999999999999</ele><name>Foto</name></wpt><wpt lat="-27.051193333333337" lon="-48.59459333333333"><ele>9.1</ele><name>Foto</name></wpt><wpt lat="-27.050805" lon="-48.594570000000004"><ele>10.799999999999999</ele><name>Foto</name></wpt><wpt lat="-27.05065833333333" lon="-48.594541666666665"><ele>10.1</ele><name>Foto</name></wpt><wpt lat="-27.04905666666667" lon="-48.59183500000001"><ele>10.7</ele><name>Foto</name></wpt><wpt lat="-27.04882166666666" lon="-48.589795"><ele>9.799999999999999</ele><name>Foto</name></wpt><wpt lat="-27.04852166666667" lon="-48.58942333333333"><ele>13.5</ele><name>Foto</name></wpt><wpt lat="-27.047586666666668" lon="-48.58860500000001"><ele>7</ele><name>Foto</name></wpt><wpt lat="-27.046835" lon="-48.588448333333325"><ele>8.2</ele><name>Foto</name></wpt><wpt lat="-27.044921666666664" lon="-48.58832833333333"><ele>8.8</ele><name>Foto</name></wpt><wpt lat="-27.04383833333333" lon="-48.58802666666667"><ele>5.300000000000001</ele><name>Foto</name></wpt><wpt lat="-27.04375" lon="-48.58792333333334"><ele>5.800000000000001</ele><name>Foto</name></wpt><wpt lat="-27.042534999999997" lon="-48.58586166666667"><ele>43.4</ele><name>Foto</name></wpt><wpt lat="-27.038598333333333" lon="-48.583018333333335"><ele>5.9</ele><name>Foto</name></wpt><wpt lat="-27.038478333333334" lon="-48.58307833333333"><ele>8.2</ele><name>Foto</name></wpt><wpt lat="-27.037421666666667" lon="-48.583516666666675"><ele>11.1</ele><name>Foto</name></wpt><wpt lat="-27.036233333333332" lon="-48.583815"><ele>14.1</ele><name>Foto</name></wpt><wpt lat="-27.035831666666663" lon="-48.583895"><ele>15.7</ele><name>Foto</name></wpt><wpt lat="-27.035058333333335" lon="-48.583935000000004"><ele>13.4</ele><name>Foto</name></wpt><wpt lat="-27.03413333333333" lon="-48.58404333333333"><ele>16.3</ele><name>Foto</name></wpt><wpt lat="-27.033998333333336" lon="-48.58404833333334"><ele>13.299999999999999</ele><name>Foto</name></wpt><wpt lat="-27.033473333333337" lon="-48.58407833333334"><ele>10.7</ele><name>Foto</name></wpt><wpt lat="-27.032796666666666" lon="-48.58413166666666"><ele>9.7</ele><name>Foto</name></wpt><wpt lat="-27.032126666666667" lon="-48.58418833333334"><ele>14.1</ele><name>Foto</name></wpt><wpt lat="-27.031480000000002" lon="-48.58422666666667"><ele>10.9</ele><name>Foto</name></wpt><wpt lat="-27.031146666666668" lon="-48.58425833333334"><ele>9.3</ele><name>Foto</name></wpt><wpt lat="-27.030876666666668" lon="-48.58425833333334"><ele>11.2</ele><name>Foto</name></wpt><wpt lat="-27.028768333333332" lon="-48.58352333333334"><ele>14</ele><name>Foto</name></wpt><wpt lat="-27.028245000000002" lon="-48.58461833333334"><ele>-8.1</ele><name>Foto</name></wpt><wpt lat="-27.02821333333333" lon="-48.58496"><ele>0.9000000000000001</ele><name>Foto</name></wpt><wpt lat="-27.024016666666665" lon="-48.58517833333334"><ele>8.4</ele><name>Foto</name></wpt><wpt lat="-27.022785" lon="-48.58114166666666"><ele>7.1</ele><name>Foto</name></wpt><wpt lat="-27.022785" lon="-48.58114166666666"><ele>7.1</ele><name>Foto</name></wpt><wpt lat="-27.022401666666664" lon="-48.579899999999995"><ele>2.8</ele><name>Foto</name></wpt><wpt lat="-27.02253" lon="-48.579505000000005"><ele>4.7</ele><name>Foto</name></wpt><wpt lat="-27.02070666666667" lon="-48.57794333333333"><ele>64</ele><name>Foto</name></wpt><wpt lat="-27.020698333333332" lon="-48.577935"><ele>64.1</ele><name>Foto</name></wpt><wpt lat="-27.020685000000004" lon="-48.57797000000001"><ele>66.3</ele><name>Foto</name></wpt><wpt lat="-27.020685000000004" lon="-48.57797000000001"><ele>66.2</ele><name>Foto</name></wpt><wpt lat="-27.020741666666662" lon="-48.577936666666666"><ele>61.4</ele><name>Foto</name></wpt><wpt lat="-27.020741666666662" lon="-48.577936666666666"><ele>61</ele><name>Foto</name></wpt><wpt lat="-27.019628333333337" lon="-48.57857666666667"><ele>53.5</ele><name>Foto</name></wpt><wpt lat="-27.01945166666667" lon="-48.57876833333333"><ele>51.5</ele><name>Foto</name></wpt><wpt lat="-27.01608666666667" lon="-48.57932833333333"><ele>76.9</ele><name>Foto</name></wpt><wpt lat="-27.016084999999997" lon="-48.57932000000001"><ele>76.5</ele><name>Foto</name></wpt><wpt lat="-27.01384" lon="-48.57888166666667"><ele>36</ele><name>Foto</name></wpt><wpt lat="-27.01269666666667" lon="-48.57984499999999"><ele>12.4</ele><name>Foto</name></wpt><wpt lat="-27.01212333333334" lon="-48.580823333333335"><ele>10.4</ele><name>Foto</name></wpt><wpt lat="-27.01198833333334" lon="-48.580958333333335"><ele>9.9</ele><name>Foto</name></wpt><wpt lat="-27.01078166666667" lon="-48.580086666666666"><ele>9.7</ele><name>Foto</name></wpt><wpt lat="-27.010628333333337" lon="-48.57979999999999"><ele>8.6</ele><name>Foto</name></wpt><wpt lat="-27.010513333333332" lon="-48.57969"><ele>9.4</ele><name>Foto</name></wpt><wpt lat="-27.010226666666668" lon="-48.57969333333334"><ele>10.8</ele><name>Foto</name></wpt><wpt lat="-27.009856666666664" lon="-48.579991666666665"><ele>5.5</ele><name>Foto</name></wpt><wpt lat="-27.00982333333333" lon="-48.580033333333326"><ele>5.1</ele><name>Foto</name></wpt><wpt lat="-27.008613333333333" lon="-48.58099666666667"><ele>10.2</ele><name>Foto</name></wpt><wpt lat="-27.008143333333336" lon="-48.58125666666667"><ele>5</ele><name>Foto</name></wpt><wpt lat="-27.007736666666666" lon="-48.58149"><ele>4.2</ele><name>Foto</name></wpt><wpt lat="-27.00671333333333" lon="-48.58199166666667"><ele>4.6</ele><name>Foto</name></wpt><wpt lat="-27.00637166666667" lon="-48.58212166666667"><ele>9.3</ele><name>Foto</name></wpt><wpt lat="-27.00448833333333" lon="-48.58276000000001"><ele>11.4</ele><name>Foto</name></wpt><wpt lat="-27.002396666666662" lon="-48.58269166666667"><ele>19.4</ele><name>Foto</name></wpt><wpt lat="-27.001525" lon="-48.583466666666666"><ele>16.2</ele><name>Foto</name></wpt><wpt lat="-27.001321666666666" lon="-48.58383833333334"><ele>17.5</ele><name>Foto</name></wpt><wpt lat="-27.00086666666667" lon="-48.58591833333333"><ele>39.8</ele><name>Foto</name></wpt><wpt lat="-26.999000000000002" lon="-48.588588333333334"><ele>10.6</ele><name>Foto</name></wpt><wpt lat="-26.999000000000002" lon="-48.588588333333334"><ele>10.6</ele><name>Foto</name></wpt><wpt lat="-26.999000000000002" lon="-48.588588333333334"><ele>10.6</ele><name>Foto</name></wpt><wpt lat="-26.999000000000002" lon="-48.588588333333334"><ele>10.6</ele><name>Iluminação geral na via do mesmo lado da estrutura</name></wpt><wpt lat="-26.999022" lon="-48.588534"><name>ILUMINAÇÃO: via longa, altena o lado dos postes de iluminação</name></wpt><wpt lat="-27.010248" lon="-48.579759"><name>Início de trecho compartilhado com pedestres ao lado de estacionamento de carros</name></wpt><wpt lat="-27.049066666666665" lon="-48.59182666666667"><ele>11.4</ele><name>Lombadas físicas</name></wpt><wpt lat="-27.037511666666667" lon="-48.58348833333333"><ele>11.4</ele><name>Lombadas físicas</name></wpt><wpt lat="-27.030881666666666" lon="-48.584255"><ele>10.9</ele><name>Lombadas físicas</name></wpt><wpt lat="-27.053906666666663" lon="-48.596201666666666"><ele>16.7</ele><name>Mão Dupla</name></wpt><wpt lat="-27.022403333333333" lon="-48.57990499999999"><ele>2.3</ele><name>Outro obstáculo</name></wpt><wpt lat="-27.00982333333333" lon="-48.580033333333326"><ele>5.1</ele><name>Outro obstáculo</name></wpt><wpt lat="-27.022405000000003" lon="-48.57990499999999"><ele>2.2</ele><name>outro obstáculo tampa de inspeção rebaixada</name></wpt><wpt lat="-27.049173333333336" lon="-48.590441666666656"><ele>8.5</ele><name>Outro risco. EXPLIQUE.</name></wpt><wpt lat="-27.053788333333333" lon="-48.59614"><ele>17.8</ele><name>Pictograma BOA condição</name></wpt><wpt lat="-27.053700000000003" lon="-48.596153333333326"><ele>21.5</ele><name>Pictograma BOA condição</name></wpt><wpt lat="-27.05356" lon="-48.596121666666676"><ele>31.900000000000002</ele><name>Pictograma BOA condição</name></wpt><wpt lat="-27.05295833333333" lon="-48.59587833333333"><ele>5.4</ele><name>Pictograma BOA condição</name></wpt><wpt lat="-27.052311666666665" lon="-48.59534166666667"><ele>12.6</ele><name>Pictograma BOA condição</name></wpt><wpt lat="-27.052025000000004" lon="-48.59503333333334"><ele>13.1</ele><name>Pictograma BOA condição</name></wpt><wpt lat="-27.050805" lon="-48.59456166666667"><ele>12.299999999999999</ele><name>Pictograma BOA condição</name></wpt><wpt lat="-27.048993333333335" lon="-48.593844999999995"><ele>15.299999999999999</ele><name>Pictograma BOA condição</name></wpt><wpt lat="-27.049041666666668" lon="-48.59192666666666"><ele>8.9</ele><name>Pictograma BOA condição</name></wpt><wpt lat="-27.04875666666667" lon="-48.58971833333333"><ele>11.2</ele><name>Pictograma BOA condição</name></wpt><wpt lat="-27.04745666666667" lon="-48.588555"><ele>9</ele><name>Pictograma BOA condição</name></wpt><wpt lat="-27.045035" lon="-48.58833500000001"><ele>9.1</ele><name>Pictograma BOA condição</name></wpt><wpt lat="-27.043744999999998" lon="-48.58792333333334"><ele>6.1</ele><name>Pictograma BOA condição</name></wpt><wpt lat="-27.04211" lon="-48.58519"><ele>46.2</ele><name>Pictograma BOA condição</name></wpt><wpt lat="-27.041166666666662" lon="-48.58351"><ele>58.1</ele><name>Pictograma BOA condição</name></wpt><wpt lat="-27.039913333333335" lon="-48.58279000000001"><ele>27.400000000000002</ele><name>Pictograma BOA condição</name></wpt><wpt lat="-27.038598333333333" lon="-48.583018333333335"><ele>5.9</ele><name>Pictograma BOA condição</name></wpt><wpt lat="-27.037376666666667" lon="-48.58353999999999"><ele>10.799999999999999</ele><name>Pictograma BOA condição</name></wpt><wpt lat="-27.03545" lon="-48.58392833333334"><ele>15.5</ele><name>Pictograma BOA condição</name></wpt><wpt lat="-27.035338333333335" lon="-48.58391666666667"><ele>14.7</ele><name>Pictograma BOA condição</name></wpt><wpt lat="-27.03365833333333" lon="-48.58405333333334"><ele>11.2</ele><name>Pictograma BOA condição</name></wpt><wpt lat="-27.032041666666668" lon="-48.58419000000001"><ele>10.7</ele><name>Pictograma BOA condição</name></wpt><wpt lat="-27.030881666666666" lon="-48.584255"><ele>10.9</ele><name>Pictograma BOA condição</name></wpt><wpt lat="-27.028984999999995" lon="-48.583665"><ele>12.799999999999999</ele><name>Pictograma BOA condição</name></wpt><wpt lat="-27.02824333333333" lon="-48.58479833333334"><ele>-1.6999999999999997</ele><name>Pictograma BOA condição</name></wpt><wpt lat="-27.02670666666667" lon="-48.58473833333334"><ele>8.5</ele><name>Pictograma BOA condição</name></wpt><wpt lat="-27.02506" lon="-48.585388333333334"><ele>6.4</ele><name>Pictograma BOA condição</name></wpt><wpt lat="-27.023348333333335" lon="-48.58493166666667"><ele>7.300000000000001</ele><name>Pictograma BOA condição</name></wpt><wpt lat="-27.022659999999995" lon="-48.583110000000005"><ele>18</ele><name>Pictograma BOA condição</name></wpt><wpt lat="-27.022785" lon="-48.58114166666666"><ele>7.1</ele><name>Pictograma BOA condição</name></wpt><wpt lat="-27.022625" lon="-48.579368333333335"><ele>4.6</ele><name>Pictograma BOA condição</name></wpt><wpt lat="-27.022199999999998" lon="-48.57804833333333"><ele>38.5</ele><name>Pictograma BOA condição</name></wpt><wpt lat="-27.020373333333335" lon="-48.57792333333334"><ele>63.9</ele><name>Pictograma BOA condição</name></wpt><wpt lat="-27.018843333333333" lon="-48.57927500000001"><ele>49</ele><name>Pictograma BOA condição</name></wpt><wpt lat="-27.017248333333335" lon="-48.579616666666666"><ele>60.9</ele><name>Pictograma BOA condição</name></wpt><wpt lat="-27.01608666666667" lon="-48.57932833333333"><ele>76.9</ele><name>Pictograma BOA condição</name></wpt><wpt lat="-27.012968333333333" lon="-48.57920333333333"><ele>31.3</ele><name>Pictograma BOA condição</name></wpt><wpt lat="-27.011993333333333" lon="-48.58094166666667"><ele>10.1</ele><name>Pictograma BOA condição</name></wpt><wpt lat="-27.010789999999997" lon="-48.58018333333333"><ele>7.9</ele><name>Pictograma BOA condição</name></wpt><wpt lat="-27.004059999999996" lon="-48.582915"><ele>6.4</ele><name>Pictograma BOA condição</name></wpt><wpt lat="-27.002108333333332" lon="-48.58263333333333"><ele>15.8</ele><name>Pictograma BOA condição</name></wpt><wpt lat="-27.001131666666666" lon="-48.584113333333335"><ele>19.7</ele><name>Pictograma BOA condição</name></wpt><wpt lat="-27.00084" lon="-48.58595166666667"><ele>39.1</ele><name>Pictograma BOA condição</name></wpt><wpt lat="-27.000053333333334" lon="-48.58719166666666"><ele>35.8</ele><name>Pictograma BOA condição</name></wpt><wpt lat="-26.999105" lon="-48.58846833333334"><ele>11.4</ele><name>Pictograma BOA condição</name></wpt><wpt lat="-26.999000000000002" lon="-48.588588333333334"><ele>10.6</ele><name>Em cruzamento BOA condição</name></wpt><wpt lat="-27.05065833333333" lon="-48.594541666666665"><ele>10.1</ele><name>Ponto de embarque de ônibus interrompe a ciclo</name></wpt><wpt lat="-27.048541666666665" lon="-48.589443333333335"><ele>14.9</ele><name>Ponto de embarque de ônibus interrompe a ciclo</name></wpt><wpt lat="-27.038598333333333" lon="-48.583018333333335"><ele>5.9</ele><name>Ponto de embarque de ônibus interrompe a ciclo</name></wpt><wpt lat="-27.034" lon="-48.58403166666667"><ele>12.9</ele><name>Ponto de embarque de ônibus interrompe a ciclo</name></wpt><wpt lat="-27.030978333333337" lon="-48.58427833333334"><ele>9.6</ele><name>Ponto de embarque de ônibus interrompe a ciclo</name></wpt><wpt lat="-27.028245000000002" lon="-48.58461833333334"><ele>-8.1</ele><name>Ponto de embarque de ônibus interrompe a ciclo</name></wpt><wpt lat="-27.024225" lon="-48.58522500000001"><ele>8.3</ele><name>Ponto de embarque de ônibus interrompe a ciclo</name></wpt><wpt lat="-27.01967833333333" lon="-48.57851666666667"><ele>51.5</ele><name>Ponto de embarque de ônibus interrompe a ciclo</name></wpt><wpt lat="-27.01227333333333" lon="-48.580705"><ele>9.9</ele><name>Ponto de embarque de ônibus interrompe a ciclo</name></wpt><wpt lat="-27.010533333333335" lon="-48.57968000000001"><ele>8.8</ele><name>Ponto de embarque de ônibus interrompe a ciclo</name></wpt><wpt lat="-27.008748333333333" lon="-48.58087666666667"><ele>6</ele><name>Ponto de embarque de ônibus interrompe a ciclo</name></wpt><wpt lat="-27.006705000000004" lon="-48.58199666666666"><ele>5.7</ele><name>Ponto de embarque de ônibus interrompe a ciclo</name></wpt><wpt lat="-27.053653333333333" lon="-48.59614666666666"><ele>42.1</ele><name>R-34</name></wpt><wpt lat="-27.05085166666667" lon="-48.594566666666665"><ele>11.9</ele><name>R-34</name></wpt><wpt lat="-27.049183333333335" lon="-48.59067"><ele>10.799999999999999</ele><name>R-34</name></wpt><wpt lat="-27.045116666666665" lon="-48.58834"><ele>9</ele><name>R-34</name></wpt><wpt lat="-27.041396666666667" lon="-48.58401833333334"><ele>54.800000000000004</ele><name>R-34</name></wpt><wpt lat="-27.037791666666667" lon="-48.583376666666666"><ele>10.6</ele><name>R-34</name></wpt><wpt lat="-27.03637666666667" lon="-48.58378166666667"><ele>11.2</ele><name>R-34</name></wpt><wpt lat="-27.034605000000003" lon="-48.58399166666666"><ele>11.799999999999999</ele><name>R-34</name></wpt><wpt lat="-27.033726666666666" lon="-48.584055000000006"><ele>11.9</ele><name>R-34</name></wpt><wpt lat="-27.032691666666665" lon="-48.58413833333334"><ele>15.4</ele><name>R-34</name></wpt><wpt lat="-27.031256666666664" lon="-48.58423666666666"><ele>9.2</ele><name>R-34</name></wpt><wpt lat="-27.029700000000002" lon="-48.58405833333333"><ele>8.7</ele><name>R-34</name></wpt><wpt lat="-27.026461666666666" lon="-48.58464000000001"><ele>10.2</ele><name>R-34</name></wpt><wpt lat="-27.02482166666667" lon="-48.58536666666667"><ele>9.799999999999999</ele><name>R-34</name></wpt><wpt lat="-27.023508333333332" lon="-48.585036666666674"><ele>6.9</ele><name>R-34</name></wpt><wpt lat="-27.022824999999997" lon="-48.584021666666665"><ele>14.2</ele><name>R-34</name></wpt><wpt lat="-27.022708333333338" lon="-48.58286"><ele>14.9</ele><name>R-34</name></wpt><wpt lat="-27.022785" lon="-48.58114166666666"><ele>7.1</ele><name>R-34</name></wpt><wpt lat="-27.022481666666668" lon="-48.579641666666674"><ele>5.9</ele><name>R-34</name></wpt><wpt lat="-27.022198333333336" lon="-48.57805"><ele>38.2</ele><name>R-34</name></wpt><wpt lat="-27.01968" lon="-48.57850499999999"><ele>52.7</ele><name>R-34</name></wpt><wpt lat="-27.017605000000003" lon="-48.57960666666666"><ele>53.6</ele><name>R-34</name></wpt><wpt lat="-27.017306666666666" lon="-48.579636666666666"><ele>60.2</ele><name>R-34</name></wpt><wpt lat="-27.017306666666666" lon="-48.579636666666666"><ele>60.2</ele><name>R-34</name></wpt><wpt lat="-27.01384" lon="-48.57888166666667"><ele>36</ele><name>R-34</name></wpt><wpt lat="-27.012635" lon="-48.58006"><ele>8.4</ele><name>R-34</name></wpt><wpt lat="-27.003965" lon="-48.582931666666674"><ele>4.5</ele><name>R-34</name></wpt><wpt lat="-27.001564999999996" lon="-48.583376666666666"><ele>12.2</ele><name>R-34</name></wpt><wpt lat="-27.05119" lon="-48.59458500000001"><ele>8.6</ele><name>Radar/Lombada Eletrônica</name></wpt><wpt lat="-27.04696333333333" lon="-48.58846333333333"><ele>8.5</ele><name>Radar/Lombada Eletrônica</name></wpt><wpt lat="-27.044983333333334" lon="-48.588325000000005"><ele>8.7</ele><name>Radar/Lombada Eletrônica</name></wpt><wpt lat="-27.033541666666665" lon="-48.58406333333334"><ele>11.9</ele><name>Radar/Lombada Eletrônica</name></wpt><wpt lat="-27.008298333333332" lon="-48.58115333333333"><ele>5</ele><name>Radar/Lombada Eletrônica</name></wpt><wpt lat="-26.999000000000002" lon="-48.588588333333334"><ele>10.6</ele><name>rever a iluminação de qual lado da via que ela é</name></wpt><wpt lat="-26.999000000000002" lon="-48.588588333333334"><ele>10.6</ele><name>SE CICLOFAIXA: para invadir a ciclo parte do automóvel passa obrigatoriamente por cima de segregadores</name></wpt><wpt lat="-27.052186666666664" lon="-48.595176666666674"><ele>12.7</ele><name>SEM pintura no cruzamento</name></wpt><wpt lat="-27.050805" lon="-48.594570000000004"><ele>10.799999999999999</ele><name>SEM pintura no cruzamento</name></wpt><wpt lat="-27.038478333333334" lon="-48.58307166666667"><ele>7.800000000000001</ele><name>SEM pintura no cruzamento</name></wpt><wpt lat="-27.035111666666662" lon="-48.58394666666666"><ele>15.299999999999999</ele><name>SEM pintura no cruzamento</name></wpt><wpt lat="-27.032936666666668" lon="-48.58412"><ele>12.4</ele><name>SEM pintura no cruzamento</name></wpt><wpt lat="-27.032274999999995" lon="-48.584154999999996"><ele>11.799999999999999</ele><name>SEM pintura no cruzamento</name></wpt><wpt lat="-27.028778333333335" lon="-48.583513333333336"><ele>12.6</ele><name>SEM pintura no cruzamento</name></wpt><wpt lat="-27.019446666666667" lon="-48.578759999999996"><ele>51.3</ele><name>SEM pintura no cruzamento</name></wpt><wpt lat="-27.01269666666667" lon="-48.57984499999999"><ele>12.4</ele><name>SEM pintura no cruzamento</name></wpt><wpt lat="-27.010624999999997" lon="-48.57979"><ele>8.2</ele><name>SEM pintura no cruzamento</name></wpt><wpt lat="-27.001321666666666" lon="-48.58383833333334"><ele>17.5</ele><name>sinalização complementar entrada e saída de veículos</name></wpt><wpt lat="-26.999000000000002" lon="-48.588588333333334"><ele>10.6</ele><name>sinalização vertical travessia de ciclistas</name></wpt><wpt lat="-26.999000000000002" lon="-48.588588333333334"><ele>10.6</ele><name>Sombras em alguns trechos, COM mudas plantadas</name></wpt><wpt lat="-27.053908333333332" lon="-48.59618666666667"><ele>15.799999999999999</ele><name>Tachões</name></wpt><wpt lat="-27.04915" lon="-48.590396"><name>tampa de inspeção rebaixada</name></wpt><wpt lat="-27.053867" lon="-48.596149"><name>Termina ciclo com ciclista na contramão</name></wpt><wpt lat="-27.037136666666665" lon="-48.58355166666667"><ele>11.6</ele><name>Total da via (incluindo a ciclo) (cm)</name></wpt><wpt lat="-27.052369999999996" lon="-48.59541833333333"><ele>11.299999999999999</ele><name>Travessia de pedestre em nível (lombofaixa)</name></wpt><wpt lat="-27.052118333333336" lon="-48.59509666666666"><ele>11.799999999999999</ele><name>Travessia de pedestre em nível (lombofaixa)</name></wpt><wpt lat="-27.048720000000003" lon="-48.58966999999999"><ele>12.299999999999999</ele><name>Travessia de pedestre em nível (lombofaixa)</name></wpt><wpt lat="-27.034261666666666" lon="-48.584021666666665"><ele>14.9</ele><name>Travessia de pedestre em nível (lombofaixa)</name></wpt><wpt lat="-27.022785" lon="-48.58114166666666"><ele>7.1</ele><name>Travessia de pedestre em nível (lombofaixa)</name></wpt><wpt lat="-27.01198833333334" lon="-48.580958333333335"><ele>9.9</ele><name>Travessia de pedestre em nível (lombofaixa)</name></wpt><wpt lat="-27.010773333333336" lon="-48.58008499999999"><ele>10.2</ele><name>Travessia de pedestre em nível (lombofaixa)</name></wpt><trk><name>Ciclofaixa Av. Rodesindo Pavan T2 - BC</name><trkseg><trkpt lat="-27.052988333333328" lon="-48.59542666666666"><ele>40.4</ele></trkpt><trkpt lat="-27.053616666666667" lon="-48.596154999999996"><ele>56.300000000000004</ele></trkpt><trkpt lat="-27.054058333333334" lon="-48.596111666666665"><ele>56.300000000000004</ele></trkpt><trkpt lat="-27.053611666666665" lon="-48.59626166666667"><ele>56.300000000000004</ele></trkpt><trkpt lat="-27.053828333333332" lon="-48.596271666666674"><ele>56.2</ele></trkpt><trkpt lat="-27.05387" lon="-48.59624"><ele>56.1</ele></trkpt><trkpt lat="-27.053876666666664" lon="-48.59623166666667"><ele>56.2</ele></trkpt><trkpt lat="-27.053896666666667" lon="-48.59619166666666"><ele>55.6</ele></trkpt><trkpt lat="-27.053926666666666" lon="-48.59616166666667"><ele>55.300000000000004</ele></trkpt><trkpt lat="-27.053926666666666" lon="-48.59616166666667"><ele>55.300000000000004</ele></trkpt><trkpt lat="-27.053923333333334" lon="-48.59614"><ele>54.9</ele></trkpt><trkpt lat="-27.053918333333332" lon="-48.59615"><ele>54.6</ele></trkpt><trkpt lat="-27.05391666666667" lon="-48.59615999999999"><ele>54.5</ele></trkpt><trkpt lat="-27.053893333333335" lon="-48.59620333333334"><ele>53</ele></trkpt><trkpt lat="-27.053893333333335" lon="-48.59620333333334"><ele>53</ele></trkpt><trkpt lat="-27.05390333333333" lon="-48.59618333333333"><ele>16.6</ele></trkpt><trkpt lat="-27.0539" lon="-48.59618999999999"><ele>15.4</ele></trkpt><trkpt lat="-27.053906666666663" lon="-48.596195"><ele>15.1</ele></trkpt><trkpt lat="-27.053906666666663" lon="-48.596195"><ele>15.9</ele></trkpt><trkpt lat="-27.05390333333333" lon="-48.59619333333333"><ele>16.7</ele></trkpt><trkpt lat="-27.05390166666667" lon="-48.59619333333333"><ele>17.1</ele></trkpt><trkpt lat="-27.05390333333333" lon="-48.59619333333333"><ele>16.7</ele></trkpt><trkpt lat="-27.05390333333333" lon="-48.59619333333333"><ele>16.7</ele></trkpt><trkpt lat="-27.053905" lon="-48.596195"><ele>16.8</ele></trkpt><trkpt lat="-27.053905" lon="-48.59619666666667"><ele>16.7</ele></trkpt><trkpt lat="-27.053906666666663" lon="-48.59619833333333"><ele>16.6</ele></trkpt><trkpt lat="-27.053908333333332" lon="-48.596199999999996"><ele>16.7</ele></trkpt><trkpt lat="-27.053906666666663" lon="-48.596201666666666"><ele>16.7</ele></trkpt><trkpt lat="-27.053906666666663" lon="-48.596201666666666"><ele>16.7</ele></trkpt><trkpt lat="-27.053906666666663" lon="-48.59620333333334"><ele>16.8</ele></trkpt><trkpt lat="-27.053905" lon="-48.59620333333334"><ele>16.6</ele></trkpt><trkpt lat="-27.05390333333333" lon="-48.596201666666666"><ele>16.2</ele></trkpt><trkpt lat="-27.053905" lon="-48.596199999999996"><ele>16.1</ele></trkpt><trkpt lat="-27.053905" lon="-48.596199999999996"><ele>15.9</ele></trkpt><trkpt lat="-27.053906666666663" lon="-48.59619833333333"><ele>15.799999999999999</ele></trkpt><trkpt lat="-27.053909999999995" lon="-48.59619666666667"><ele>15.9</ele></trkpt><trkpt lat="-27.053911666666668" lon="-48.596195"><ele>15.9</ele></trkpt><trkpt lat="-27.053909999999995" lon="-48.59618999999999"><ele>16</ele></trkpt><trkpt lat="-27.053908333333332" lon="-48.59618666666667"><ele>16</ele></trkpt><trkpt lat="-27.053908333333332" lon="-48.596185"><ele>15.9</ele></trkpt><trkpt lat="-27.053906666666663" lon="-48.59618666666667"><ele>15.9</ele></trkpt><trkpt lat="-27.053908333333332" lon="-48.59618666666667"><ele>15.799999999999999</ele></trkpt><trkpt lat="-27.053908333333332" lon="-48.59618666666667"><ele>15.799999999999999</ele></trkpt><trkpt lat="-27.053908333333332" lon="-48.59618666666667"><ele>15.799999999999999</ele></trkpt><trkpt lat="-27.053908333333332" lon="-48.59618666666667"><ele>15.799999999999999</ele></trkpt><trkpt lat="-27.053908333333332" lon="-48.59618666666667"><ele>15.799999999999999</ele></trkpt><trkpt lat="-27.053908333333332" lon="-48.59618666666667"><ele>15.799999999999999</ele></trkpt><trkpt lat="-27.053908333333332" lon="-48.59618666666667"><ele>15.799999999999999</ele></trkpt><trkpt lat="-27.053908333333332" lon="-48.59618666666667"><ele>15.799999999999999</ele></trkpt><trkpt lat="-27.053908333333332" lon="-48.59618666666667"><ele>15.799999999999999</ele></trkpt><trkpt lat="-27.053908333333332" lon="-48.59618666666667"><ele>15.799999999999999</ele></trkpt><trkpt lat="-27.053908333333332" lon="-48.59618666666667"><ele>15.799999999999999</ele></trkpt><trkpt lat="-27.053908333333332" lon="-48.59618666666667"><ele>15.799999999999999</ele></trkpt><trkpt lat="-27.053908333333332" lon="-48.59618666666667"><ele>15.799999999999999</ele></trkpt><trkpt lat="-27.053908333333332" lon="-48.59618666666667"><ele>15.799999999999999</ele></trkpt><trkpt lat="-27.053908333333332" lon="-48.59618666666667"><ele>15.799999999999999</ele></trkpt><trkpt lat="-27.053908333333332" lon="-48.59618666666667"><ele>15.799999999999999</ele></trkpt><trkpt lat="-27.053908333333332" lon="-48.59618666666667"><ele>15.799999999999999</ele></trkpt><trkpt lat="-27.053908333333332" lon="-48.59618666666667"><ele>15.799999999999999</ele></trkpt><trkpt lat="-27.053908333333332" lon="-48.59618666666667"><ele>15.799999999999999</ele></trkpt><trkpt lat="-27.053908333333332" lon="-48.59618666666667"><ele>15.799999999999999</ele></trkpt><trkpt lat="-27.053908333333332" lon="-48.59618666666667"><ele>15.799999999999999</ele></trkpt><trkpt lat="-27.053908333333332" lon="-48.59618666666667"><ele>15.799999999999999</ele></trkpt><trkpt lat="-27.053908333333332" lon="-48.59618666666667"><ele>15.799999999999999</ele></trkpt><trkpt lat="-27.053908333333332" lon="-48.59618666666667"><ele>15.799999999999999</ele></trkpt><trkpt lat="-27.053908333333332" lon="-48.59618666666667"><ele>15.799999999999999</ele></trkpt><trkpt lat="-27.053908333333332" lon="-48.59618666666667"><ele>15.799999999999999</ele></trkpt><trkpt lat="-27.053908333333332" lon="-48.59618666666667"><ele>15.799999999999999</ele></trkpt><trkpt lat="-27.053908333333332" lon="-48.59618666666667"><ele>15.799999999999999</ele></trkpt><trkpt lat="-27.053908333333332" lon="-48.59618666666667"><ele>15.799999999999999</ele></trkpt><trkpt lat="-27.053908333333332" lon="-48.59618666666667"><ele>15.799999999999999</ele></trkpt><trkpt lat="-27.053908333333332" lon="-48.59618666666667"><ele>15.799999999999999</ele></trkpt><trkpt lat="-27.053908333333332" lon="-48.59618666666667"><ele>15.799999999999999</ele></trkpt><trkpt lat="-27.053908333333332" lon="-48.59618666666667"><ele>15.799999999999999</ele></trkpt><trkpt lat="-27.053908333333332" lon="-48.59618666666667"><ele>15.799999999999999</ele></trkpt><trkpt lat="-27.053908333333332" lon="-48.59618666666667"><ele>15.799999999999999</ele></trkpt><trkpt lat="-27.053908333333332" lon="-48.59618666666667"><ele>15.799999999999999</ele></trkpt><trkpt lat="-27.053908333333332" lon="-48.59618666666667"><ele>15.799999999999999</ele></trkpt><trkpt lat="-27.053908333333332" lon="-48.59618666666667"><ele>15.799999999999999</ele></trkpt><trkpt lat="-27.053908333333332" lon="-48.59618666666667"><ele>15.799999999999999</ele></trkpt><trkpt lat="-27.053908333333332" lon="-48.59618666666667"><ele>15.799999999999999</ele></trkpt><trkpt lat="-27.053908333333332" lon="-48.59618666666667"><ele>15.799999999999999</ele></trkpt><trkpt lat="-27.053908333333332" lon="-48.59618666666667"><ele>15.799999999999999</ele></trkpt><trkpt lat="-27.053908333333332" lon="-48.59618666666667"><ele>15.799999999999999</ele></trkpt><trkpt lat="-27.053908333333332" lon="-48.59618666666667"><ele>15.799999999999999</ele></trkpt><trkpt lat="-27.053908333333332" lon="-48.59618666666667"><ele>15.799999999999999</ele></trkpt><trkpt lat="-27.053915" lon="-48.59618999999999"><ele>16.900000000000002</ele></trkpt><trkpt lat="-27.05390333333333" lon="-48.59618666666667"><ele>16.900000000000002</ele></trkpt><trkpt lat="-27.053891666666665" lon="-48.596185"><ele>16.5</ele></trkpt><trkpt lat="-27.053881666666665" lon="-48.59618166666667"><ele>15.9</ele></trkpt><trkpt lat="-27.053881666666665" lon="-48.59618166666667"><ele>15.9</ele></trkpt><trkpt lat="-27.05387166666667" lon="-48.596180000000004"><ele>15.4</ele></trkpt><trkpt lat="-27.053861666666663" lon="-48.596178333333334"><ele>15</ele></trkpt><trkpt lat="-27.053855" lon="-48.596174999999995"><ele>14.4</ele></trkpt><trkpt lat="-27.053845000000003" lon="-48.59617333333334"><ele>13.6</ele></trkpt><trkpt lat="-27.053836666666665" lon="-48.59617166666667"><ele>13.1</ele></trkpt><trkpt lat="-27.053828333333332" lon="-48.596166666666676"><ele>12.7</ele></trkpt><trkpt lat="-27.053820000000005" lon="-48.596165000000006"><ele>12.5</ele></trkpt><trkpt lat="-27.05381333333333" lon="-48.59616166666667"><ele>12.7</ele></trkpt><trkpt lat="-27.053815" lon="-48.59615999999999"><ele>13.2</ele></trkpt><trkpt lat="-27.053815" lon="-48.59616166666667"><ele>13.4</ele></trkpt><trkpt lat="-27.053815" lon="-48.59616166666667"><ele>13.1</ele></trkpt><trkpt lat="-27.053815" lon="-48.59616166666667"><ele>13.1</ele></trkpt><trkpt lat="-27.05381" lon="-48.59615833333334"><ele>12.799999999999999</ele></trkpt><trkpt lat="-27.053808333333336" lon="-48.59616166666667"><ele>12.799999999999999</ele></trkpt><trkpt lat="-27.05381333333333" lon="-48.59615"><ele>23.400000000000002</ele></trkpt><trkpt lat="-27.053816666666663" lon="-48.59614166666667"><ele>22.5</ele></trkpt><trkpt lat="-27.053816666666663" lon="-48.59614"><ele>21.3</ele></trkpt><trkpt lat="-27.053815" lon="-48.59613833333333"><ele>20.200000000000003</ele></trkpt><trkpt lat="-27.053815" lon="-48.59613833333333"><ele>20.200000000000003</ele></trkpt><trkpt lat="-27.053815" lon="-48.596135000000004"><ele>19.400000000000002</ele></trkpt><trkpt lat="-27.053806666666667" lon="-48.596131666666665"><ele>18.8</ele></trkpt><trkpt lat="-27.053796666666667" lon="-48.596133333333334"><ele>18.400000000000002</ele></trkpt><trkpt lat="-27.053788333333333" lon="-48.59614"><ele>17.8</ele></trkpt><trkpt lat="-27.053788333333333" lon="-48.59614"><ele>17.8</ele></trkpt><trkpt lat="-27.05378166666667" lon="-48.59614333333334"><ele>17.400000000000002</ele></trkpt><trkpt lat="-27.053778333333337" lon="-48.59614833333333"><ele>16.8</ele></trkpt><trkpt lat="-27.05378" lon="-48.59615166666667"><ele>16.3</ele></trkpt><trkpt lat="-27.05378166666667" lon="-48.596154999999996"><ele>16.1</ele></trkpt><trkpt lat="-27.05378333333333" lon="-48.596154999999996"><ele>15.799999999999999</ele></trkpt><trkpt lat="-27.05378333333333" lon="-48.59615166666667"><ele>15.6</ele></trkpt><trkpt lat="-27.05378166666667" lon="-48.59614499999999"><ele>15.299999999999999</ele></trkpt><trkpt lat="-27.05378" lon="-48.59614166666667"><ele>14.9</ele></trkpt><trkpt lat="-27.05378" lon="-48.59614166666667"><ele>14.9</ele></trkpt><trkpt lat="-27.053778333333337" lon="-48.596133333333334"><ele>14.4</ele></trkpt><trkpt lat="-27.053776666666668" lon="-48.59612666666667"><ele>14.299999999999999</ele></trkpt><trkpt lat="-27.053776666666668" lon="-48.59612833333334"><ele>14</ele></trkpt><trkpt lat="-27.053776666666668" lon="-48.59612833333334"><ele>14</ele></trkpt><trkpt lat="-27.053776666666668" lon="-48.59612833333334"><ele>14</ele></trkpt><trkpt lat="-27.053776666666668" lon="-48.59612833333334"><ele>14</ele></trkpt><trkpt lat="-27.053776666666668" lon="-48.59612833333334"><ele>14</ele></trkpt><trkpt lat="-27.053776666666668" lon="-48.59612833333334"><ele>14</ele></trkpt><trkpt lat="-27.053776666666668" lon="-48.59612833333334"><ele>14</ele></trkpt><trkpt lat="-27.053776666666668" lon="-48.59614"><ele>12.6</ele></trkpt><trkpt lat="-27.053765" lon="-48.59614"><ele>12.5</ele></trkpt><trkpt lat="-27.053751666666667" lon="-48.59614"><ele>12.4</ele></trkpt><trkpt lat="-27.053735" lon="-48.59614499999999"><ele>12.299999999999999</ele></trkpt><trkpt lat="-27.053721666666668" lon="-48.59614833333333"><ele>12.299999999999999</ele></trkpt><trkpt lat="-27.053716666666666" lon="-48.596153333333326"><ele>12.1</ele></trkpt><trkpt lat="-27.05370833333333" lon="-48.596154999999996"><ele>11.7</ele></trkpt><trkpt lat="-27.053700000000003" lon="-48.596154999999996"><ele>11.5</ele></trkpt><trkpt lat="-27.053700000000003" lon="-48.596153333333326"><ele>21.5</ele></trkpt><trkpt lat="-27.053700000000003" lon="-48.596153333333326"><ele>21.5</ele></trkpt><trkpt lat="-27.05369333333333" lon="-48.59615"><ele>27.3</ele></trkpt><trkpt lat="-27.053685000000005" lon="-48.59615166666667"><ele>31.3</ele></trkpt><trkpt lat="-27.053673333333336" lon="-48.596153333333326"><ele>34.2</ele></trkpt><trkpt lat="-27.053659999999997" lon="-48.59614833333333"><ele>36.6</ele></trkpt><trkpt lat="-27.05364666666667" lon="-48.59614333333334"><ele>38.4</ele></trkpt><trkpt lat="-27.053631666666668" lon="-48.596133333333334"><ele>28.900000000000002</ele></trkpt><trkpt lat="-27.05361833333333" lon="-48.596131666666665"><ele>31.5</ele></trkpt><trkpt lat="-27.053608333333333" lon="-48.596129999999995"><ele>34.4</ele></trkpt><trkpt lat="-27.0536" lon="-48.596133333333334"><ele>36.4</ele></trkpt><trkpt lat="-27.053586666666668" lon="-48.596131666666665"><ele>38.2</ele></trkpt><trkpt lat="-27.053569999999997" lon="-48.596125"><ele>29.3</ele></trkpt><trkpt lat="-27.05356" lon="-48.596121666666676"><ele>31.900000000000002</ele></trkpt><trkpt lat="-27.05356" lon="-48.596121666666676"><ele>31.900000000000002</ele></trkpt><trkpt lat="-27.05354833333333" lon="-48.596121666666676"><ele>34.2</ele></trkpt><trkpt lat="-27.05354333333333" lon="-48.596120000000006"><ele>37</ele></trkpt><trkpt lat="-27.053550000000005" lon="-48.596121666666676"><ele>39.2</ele></trkpt><trkpt lat="-27.05355833333333" lon="-48.59612333333333"><ele>41.2</ele></trkpt><trkpt lat="-27.053561666666663" lon="-48.596125"><ele>32.1</ele></trkpt><trkpt lat="-27.053566666666665" lon="-48.59612666666667"><ele>34.300000000000004</ele></trkpt><trkpt lat="-27.053576666666665" lon="-48.596131666666665"><ele>36.4</ele></trkpt><trkpt lat="-27.05358833333333" lon="-48.59614"><ele>38.300000000000004</ele></trkpt><trkpt lat="-27.053596666666667" lon="-48.59615"><ele>40.2</ele></trkpt><trkpt lat="-27.053608333333333" lon="-48.596153333333326"><ele>42</ele></trkpt><trkpt lat="-27.053620000000002" lon="-48.59615166666667"><ele>43.300000000000004</ele></trkpt><trkpt lat="-27.053620000000002" lon="-48.596154999999996"><ele>32.6</ele></trkpt><trkpt lat="-27.05363" lon="-48.596153333333326"><ele>35.5</ele></trkpt><trkpt lat="-27.053638333333332" lon="-48.59615"><ele>38</ele></trkpt><trkpt lat="-27.05364833333333" lon="-48.59615"><ele>39.7</ele></trkpt><trkpt lat="-27.053653333333333" lon="-48.59614666666666"><ele>42.1</ele></trkpt><trkpt lat="-27.053653333333333" lon="-48.59614666666666"><ele>42.1</ele></trkpt><trkpt lat="-27.053655000000003" lon="-48.59614499999999"><ele>44.1</ele></trkpt><trkpt lat="-27.053653333333333" lon="-48.59615"><ele>33.4</ele></trkpt><trkpt lat="-27.053653333333333" lon="-48.59615"><ele>35.4</ele></trkpt><trkpt lat="-27.053651666666664" lon="-48.59614666666666"><ele>37.1</ele></trkpt><trkpt lat="-27.053653333333333" lon="-48.59614833333333"><ele>38.6</ele></trkpt><trkpt lat="-27.053655000000003" lon="-48.59614833333333"><ele>39.800000000000004</ele></trkpt><trkpt lat="-27.053656666666665" lon="-48.59614666666666"><ele>41</ele></trkpt><trkpt lat="-27.053658333333335" lon="-48.59614833333333"><ele>42.1</ele></trkpt><trkpt lat="-27.053658333333335" lon="-48.59614833333333"><ele>42.1</ele></trkpt><trkpt lat="-27.053661666666667" lon="-48.596153333333326"><ele>43</ele></trkpt><trkpt lat="-27.053673333333336" lon="-48.59615833333334"><ele>44.5</ele></trkpt><trkpt lat="-27.053686666666668" lon="-48.596166666666676"><ele>45.5</ele></trkpt><trkpt lat="-27.053696666666664" lon="-48.59617"><ele>46.300000000000004</ele></trkpt><trkpt lat="-27.053703333333335" lon="-48.59618166666667"><ele>47.5</ele></trkpt><trkpt lat="-27.05373666666667" lon="-48.59618666666667"><ele>42.6</ele></trkpt><trkpt lat="-27.053748333333335" lon="-48.596185"><ele>39.300000000000004</ele></trkpt><trkpt lat="-27.053758333333334" lon="-48.596180000000004"><ele>36.6</ele></trkpt><trkpt lat="-27.053766666666668" lon="-48.596174999999995"><ele>34.2</ele></trkpt><trkpt lat="-27.053775000000005" lon="-48.596166666666676"><ele>31.400000000000002</ele></trkpt><trkpt lat="-27.05378166666667" lon="-48.59616166666667"><ele>28.900000000000002</ele></trkpt><trkpt lat="-27.053791666666665" lon="-48.59616166666667"><ele>26.6</ele></trkpt><trkpt lat="-27.053801666666665" lon="-48.59616166666667"><ele>24.700000000000003</ele></trkpt><trkpt lat="-27.053816666666663" lon="-48.59616166666667"><ele>23.200000000000003</ele></trkpt><trkpt lat="-27.05383" lon="-48.59615833333334"><ele>22</ele></trkpt><trkpt lat="-27.05384333333333" lon="-48.59615999999999"><ele>20.8</ele></trkpt><trkpt lat="-27.053853333333336" lon="-48.59615999999999"><ele>20</ele></trkpt><trkpt lat="-27.053865000000005" lon="-48.59616166666667"><ele>19.200000000000003</ele></trkpt><trkpt lat="-27.053875" lon="-48.59616166666667"><ele>18.200000000000003</ele></trkpt><trkpt lat="-27.053881666666665" lon="-48.59615833333334"><ele>16.900000000000002</ele></trkpt><trkpt lat="-27.05388833333333" lon="-48.596154999999996"><ele>16</ele></trkpt><trkpt lat="-27.053896666666667" lon="-48.596156666666666"><ele>15.2</ele></trkpt><trkpt lat="-27.053905" lon="-48.59616166666667"><ele>14.799999999999999</ele></trkpt><trkpt lat="-27.053909999999995" lon="-48.59615999999999"><ele>14.1</ele></trkpt><trkpt lat="-27.053915" lon="-48.59615999999999"><ele>13.7</ele></trkpt><trkpt lat="-27.05392" lon="-48.59615999999999"><ele>13.4</ele></trkpt><trkpt lat="-27.053923333333334" lon="-48.59615833333334"><ele>13</ele></trkpt><trkpt lat="-27.053926666666666" lon="-48.59615999999999"><ele>12.7</ele></trkpt><trkpt lat="-27.053929999999998" lon="-48.59615999999999"><ele>12.4</ele></trkpt><trkpt lat="-27.053929999999998" lon="-48.59616166666667"><ele>12.1</ele></trkpt><trkpt lat="-27.053928333333335" lon="-48.59615999999999"><ele>11.9</ele></trkpt><trkpt lat="-27.053931666666667" lon="-48.59615999999999"><ele>11.5</ele></trkpt><trkpt lat="-27.053926666666666" lon="-48.59615833333334"><ele>11.299999999999999</ele></trkpt><trkpt lat="-27.05392" lon="-48.596156666666666"><ele>11</ele></trkpt><trkpt lat="-27.053915" lon="-48.59616333333334"><ele>10.7</ele></trkpt><trkpt lat="-27.053911666666668" lon="-48.596174999999995"><ele>10.799999999999999</ele></trkpt><trkpt lat="-27.053918333333332" lon="-48.596180000000004"><ele>10.9</ele></trkpt><trkpt lat="-27.053928333333335" lon="-48.596174999999995"><ele>10.9</ele></trkpt><trkpt lat="-27.05394833333333" lon="-48.59617166666667"><ele>10.5</ele></trkpt><trkpt lat="-27.053968333333334" lon="-48.596174999999995"><ele>10.1</ele></trkpt><trkpt lat="-27.053986666666667" lon="-48.596176666666665"><ele>9.9</ele></trkpt><trkpt lat="-27.05401" lon="-48.596178333333334"><ele>9.799999999999999</ele></trkpt><trkpt lat="-27.054029999999997" lon="-48.59618999999999"><ele>10.2</ele></trkpt><trkpt lat="-27.05405" lon="-48.59620499999999"><ele>10.4</ele></trkpt><trkpt lat="-27.054064999999998" lon="-48.596219999999995"><ele>10.4</ele></trkpt><trkpt lat="-27.05408333333333" lon="-48.59623499999999"><ele>10.1</ele></trkpt><trkpt lat="-27.054098333333332" lon="-48.59624999999999"><ele>9.799999999999999</ele></trkpt><trkpt lat="-27.054119999999998" lon="-48.596256666666676"><ele>9.9</ele></trkpt><trkpt lat="-27.05414166666667" lon="-48.596244999999996"><ele>9.7</ele></trkpt><trkpt lat="-27.054146666666664" lon="-48.59623"><ele>9.5</ele></trkpt><trkpt lat="-27.054133333333333" lon="-48.596215"><ele>9.4</ele></trkpt><trkpt lat="-27.054116666666665" lon="-48.596199999999996"><ele>9.4</ele></trkpt><trkpt lat="-27.054098333333332" lon="-48.59618666666667"><ele>8.8</ele></trkpt><trkpt lat="-27.054089999999995" lon="-48.596180000000004"><ele>8.8</ele></trkpt><trkpt lat="-27.054086666666663" lon="-48.596178333333334"><ele>8.3</ele></trkpt><trkpt lat="-27.05408333333333" lon="-48.596174999999995"><ele>8</ele></trkpt><trkpt lat="-27.05408166666667" lon="-48.59617333333334"><ele>8</ele></trkpt><trkpt lat="-27.05408166666667" lon="-48.59617"><ele>7.4</ele></trkpt><trkpt lat="-27.05408166666667" lon="-48.596166666666676"><ele>7.1</ele></trkpt><trkpt lat="-27.05408166666667" lon="-48.59616166666667"><ele>6.699999999999999</ele></trkpt><trkpt lat="-27.05408" lon="-48.59615833333334"><ele>6.699999999999999</ele></trkpt><trkpt lat="-27.05408166666667" lon="-48.59615999999999"><ele>6.699999999999999</ele></trkpt><trkpt lat="-27.05408166666667" lon="-48.59616166666667"><ele>6.5</ele></trkpt><trkpt lat="-27.05408166666667" lon="-48.59616166666667"><ele>6.5</ele></trkpt><trkpt lat="-27.05408166666667" lon="-48.59616166666667"><ele>6.5</ele></trkpt><trkpt lat="-27.05408166666667" lon="-48.59616166666667"><ele>6.5</ele></trkpt><trkpt lat="-27.05408166666667" lon="-48.59616166666667"><ele>6.5</ele></trkpt><trkpt lat="-27.05408166666667" lon="-48.59616166666667"><ele>6.5</ele></trkpt><trkpt lat="-27.05408166666667" lon="-48.59616166666667"><ele>6.5</ele></trkpt><trkpt lat="-27.05406833333333" lon="-48.596176666666665"><ele>5.300000000000001</ele></trkpt><trkpt lat="-27.05405166666667" lon="-48.596178333333334"><ele>5.2</ele></trkpt><trkpt lat="-27.054031666666667" lon="-48.596178333333334"><ele>5.2</ele></trkpt><trkpt lat="-27.054005" lon="-48.596176666666665"><ele>5.1</ele></trkpt><trkpt lat="-27.053984999999997" lon="-48.596176666666665"><ele>5.6</ele></trkpt><trkpt lat="-27.053956666666668" lon="-48.59617333333334"><ele>5.9</ele></trkpt><trkpt lat="-27.053928333333335" lon="-48.59617333333334"><ele>6.300000000000001</ele></trkpt><trkpt lat="-27.053898333333336" lon="-48.59617166666667"><ele>6.699999999999999</ele></trkpt><trkpt lat="-27.05387" lon="-48.59616833333333"><ele>6.6</ele></trkpt><trkpt lat="-27.053841666666667" lon="-48.59617"><ele>6.5</ele></trkpt><trkpt lat="-27.053816666666663" lon="-48.59616833333333"><ele>6.6</ele></trkpt><trkpt lat="-27.05378333333333" lon="-48.59617166666667"><ele>7.199999999999999</ele></trkpt><trkpt lat="-27.053758333333334" lon="-48.59616833333333"><ele>7.300000000000001</ele></trkpt><trkpt lat="-27.05373666666667" lon="-48.596166666666676"><ele>7.4</ele></trkpt><trkpt lat="-27.053716666666666" lon="-48.59616833333333"><ele>7.199999999999999</ele></trkpt><trkpt lat="-27.053696666666664" lon="-48.59617333333334"><ele>7.699999999999999</ele></trkpt><trkpt lat="-27.053676666666668" lon="-48.596176666666665"><ele>7.6</ele></trkpt><trkpt lat="-27.053651666666664" lon="-48.59617166666667"><ele>8.1</ele></trkpt><trkpt lat="-27.053621666666665" lon="-48.59616833333333"><ele>8.1</ele></trkpt><trkpt lat="-27.053581666666666" lon="-48.59615999999999"><ele>7.6</ele></trkpt><trkpt lat="-27.053538333333336" lon="-48.59614833333333"><ele>7.5</ele></trkpt><trkpt lat="-27.05351166666667" lon="-48.59614"><ele>7.4</ele></trkpt><trkpt lat="-27.053479999999997" lon="-48.596129999999995"><ele>7.199999999999999</ele></trkpt><trkpt lat="-27.053445000000004" lon="-48.596121666666676"><ele>6.6</ele></trkpt><trkpt lat="-27.053411666666662" lon="-48.59611499999999"><ele>7</ele></trkpt><trkpt lat="-27.05338" lon="-48.59609666666667"><ele>6</ele></trkpt><trkpt lat="-27.053340000000002" lon="-48.59608166666667"><ele>6.300000000000001</ele></trkpt><trkpt lat="-27.053311666666666" lon="-48.596066666666665"><ele>5.4</ele></trkpt><trkpt lat="-27.05327833333333" lon="-48.59604833333333"><ele>5</ele></trkpt><trkpt lat="-27.05324" lon="-48.59602666666667"><ele>4.5</ele></trkpt><trkpt lat="-27.053205000000002" lon="-48.59600833333334"><ele>4</ele></trkpt><trkpt lat="-27.053163333333334" lon="-48.59598833333333"><ele>4.1</ele></trkpt><trkpt lat="-27.05312333333333" lon="-48.59596833333333"><ele>4.1</ele></trkpt><trkpt lat="-27.053083333333333" lon="-48.59594666666667"><ele>4.2</ele></trkpt><trkpt lat="-27.053043333333335" lon="-48.595925"><ele>4.5</ele></trkpt><trkpt lat="-27.052999999999997" lon="-48.5959"><ele>4.9</ele></trkpt><trkpt lat="-27.05295833333333" lon="-48.59587833333333"><ele>5.4</ele></trkpt><trkpt lat="-27.05295833333333" lon="-48.59587833333333"><ele>5.4</ele></trkpt><trkpt lat="-27.05291833333333" lon="-48.595859999999995"><ele>7</ele></trkpt><trkpt lat="-27.052881666666668" lon="-48.595838333333326"><ele>8.1</ele></trkpt><trkpt lat="-27.05284166666667" lon="-48.595806666666675"><ele>8.7</ele></trkpt><trkpt lat="-27.05280833333334" lon="-48.59578833333333"><ele>8.5</ele></trkpt><trkpt lat="-27.052774999999997" lon="-48.59576833333334"><ele>8.8</ele></trkpt><trkpt lat="-27.052744999999998" lon="-48.595751666666665"><ele>9.2</ele></trkpt><trkpt lat="-27.05271" lon="-48.595726666666664"><ele>9.5</ele></trkpt><trkpt lat="-27.052684999999997" lon="-48.595711666666666"><ele>9.3</ele></trkpt><trkpt lat="-27.052656666666667" lon="-48.59569666666666"><ele>9.2</ele></trkpt><trkpt lat="-27.052624999999995" lon="-48.59567666666667"><ele>9.5</ele></trkpt><trkpt lat="-27.052596666666666" lon="-48.59565666666667"><ele>9.4</ele></trkpt><trkpt lat="-27.05257166666667" lon="-48.59564166666667"><ele>10</ele></trkpt><trkpt lat="-27.052546666666665" lon="-48.59561999999999"><ele>10.6</ele></trkpt><trkpt lat="-27.052519999999998" lon="-48.59559666666667"><ele>10.799999999999999</ele></trkpt><trkpt lat="-27.052491666666665" lon="-48.595565"><ele>10.4</ele></trkpt><trkpt lat="-27.052464999999998" lon="-48.595535000000005"><ele>10.5</ele></trkpt><trkpt lat="-27.05244" lon="-48.59550833333333"><ele>10.7</ele></trkpt><trkpt lat="-27.052414999999996" lon="-48.595481666666664"><ele>11.299999999999999</ele></trkpt><trkpt lat="-27.052398333333333" lon="-48.59546"><ele>11.299999999999999</ele></trkpt><trkpt lat="-27.052381666666665" lon="-48.595441666666666"><ele>11.6</ele></trkpt><trkpt lat="-27.052369999999996" lon="-48.59541833333333"><ele>11.299999999999999</ele></trkpt><trkpt lat="-27.052369999999996" lon="-48.59541833333333"><ele>11.299999999999999</ele></trkpt><trkpt lat="-27.05236" lon="-48.595401666666675"><ele>11.6</ele></trkpt><trkpt lat="-27.05234666666667" lon="-48.595389999999995"><ele>11.7</ele></trkpt><trkpt lat="-27.05233333333333" lon="-48.595375"><ele>12.2</ele></trkpt><trkpt lat="-27.052321666666664" lon="-48.59535833333333"><ele>12.6</ele></trkpt><trkpt lat="-27.052311666666665" lon="-48.59534166666667"><ele>12.6</ele></trkpt><trkpt lat="-27.052311666666665" lon="-48.59534166666667"><ele>12.6</ele></trkpt><trkpt lat="-27.05230166666667" lon="-48.595325"><ele>13.2</ele></trkpt><trkpt lat="-27.05228833333333" lon="-48.595308333333335"><ele>14</ele></trkpt><trkpt lat="-27.05227166666667" lon="-48.595290000000006"><ele>14.4</ele></trkpt><trkpt lat="-27.05227166666667" lon="-48.595290000000006"><ele>14.4</ele></trkpt><trkpt lat="-27.052251666666667" lon="-48.595266666666674"><ele>14.6</ele></trkpt><trkpt lat="-27.052236666666666" lon="-48.595245000000006"><ele>14</ele></trkpt><trkpt lat="-27.052223333333338" lon="-48.595225"><ele>13.299999999999999</ele></trkpt><trkpt lat="-27.05221166666667" lon="-48.595208333333325"><ele>13.5</ele></trkpt><trkpt lat="-27.05219833333333" lon="-48.595196666666666"><ele>13.299999999999999</ele></trkpt><trkpt lat="-27.052193333333335" lon="-48.59519"><ele>13.2</ele></trkpt><trkpt lat="-27.052191666666666" lon="-48.59518333333334"><ele>13.299999999999999</ele></trkpt><trkpt lat="-27.052191666666666" lon="-48.59518166666667"><ele>13.4</ele></trkpt><trkpt lat="-27.052188333333334" lon="-48.59518"><ele>13.4</ele></trkpt><trkpt lat="-27.052185" lon="-48.59518"><ele>13.1</ele></trkpt><trkpt lat="-27.052186666666664" lon="-48.59518"><ele>12.9</ele></trkpt><trkpt lat="-27.052186666666664" lon="-48.59518"><ele>12.9</ele></trkpt><trkpt lat="-27.052188333333334" lon="-48.59517833333333"><ele>12.799999999999999</ele></trkpt><trkpt lat="-27.052186666666664" lon="-48.595176666666674"><ele>12.7</ele></trkpt><trkpt lat="-27.052186666666664" lon="-48.595176666666674"><ele>12.7</ele></trkpt><trkpt lat="-27.052185" lon="-48.595175000000005"><ele>12.799999999999999</ele></trkpt><trkpt lat="-27.052185" lon="-48.595175000000005"><ele>13</ele></trkpt><trkpt lat="-27.052186666666664" lon="-48.595173333333335"><ele>12.9</ele></trkpt><trkpt lat="-27.052186666666664" lon="-48.595173333333335"><ele>12.9</ele></trkpt><trkpt lat="-27.052186666666664" lon="-48.595173333333335"><ele>12.9</ele></trkpt><trkpt lat="-27.052186666666664" lon="-48.595173333333335"><ele>12.9</ele></trkpt><trkpt lat="-27.052186666666664" lon="-48.595173333333335"><ele>12.9</ele></trkpt><trkpt lat="-27.052186666666664" lon="-48.595173333333335"><ele>12.9</ele></trkpt><trkpt lat="-27.052186666666664" lon="-48.595173333333335"><ele>12.9</ele></trkpt><trkpt lat="-27.052196666666667" lon="-48.59516"><ele>11.799999999999999</ele></trkpt><trkpt lat="-27.052190000000003" lon="-48.59515666666666"><ele>11.6</ele></trkpt><trkpt lat="-27.05218" lon="-48.595151666666666"><ele>11.5</ele></trkpt><trkpt lat="-27.05216833333333" lon="-48.59513833333334"><ele>11.5</ele></trkpt><trkpt lat="-27.052156666666665" lon="-48.595128333333335"><ele>11.7</ele></trkpt><trkpt lat="-27.052149999999997" lon="-48.595118333333325"><ele>11.799999999999999</ele></trkpt><trkpt lat="-27.052141666666664" lon="-48.595115"><ele>11.7</ele></trkpt><trkpt lat="-27.052135" lon="-48.595108333333336"><ele>11.6</ele></trkpt><trkpt lat="-27.052125" lon="-48.59510333333333"><ele>11.7</ele></trkpt><trkpt lat="-27.052118333333336" lon="-48.59509666666666"><ele>11.799999999999999</ele></trkpt><trkpt lat="-27.052118333333336" lon="-48.59509666666666"><ele>11.799999999999999</ele></trkpt><trkpt lat="-27.052111666666665" lon="-48.595086666666674"><ele>12.1</ele></trkpt><trkpt lat="-27.052103333333335" lon="-48.595081666666665"><ele>12.4</ele></trkpt><trkpt lat="-27.052095" lon="-48.59507833333334"><ele>12</ele></trkpt><trkpt lat="-27.052085" lon="-48.595076666666664"><ele>12</ele></trkpt><trkpt lat="-27.052076666666668" lon="-48.59507166666667"><ele>12.2</ele></trkpt><trkpt lat="-27.052068333333334" lon="-48.59506666666666"><ele>12.1</ele></trkpt><trkpt lat="-27.052059999999997" lon="-48.59505833333333"><ele>12.299999999999999</ele></trkpt><trkpt lat="-27.052059999999997" lon="-48.59505833333333"><ele>12.299999999999999</ele></trkpt><trkpt lat="-27.05204833333333" lon="-48.595045"><ele>12.7</ele></trkpt><trkpt lat="-27.052036666666663" lon="-48.595040000000004"><ele>13</ele></trkpt><trkpt lat="-27.052025000000004" lon="-48.59503333333334"><ele>13.1</ele></trkpt><trkpt lat="-27.052025000000004" lon="-48.59503333333334"><ele>13.1</ele></trkpt><trkpt lat="-27.052016666666667" lon="-48.59502333333333"><ele>12.9</ele></trkpt><trkpt lat="-27.052008333333333" lon="-48.59500833333333"><ele>12.6</ele></trkpt><trkpt lat="-27.051995" lon="-48.594996666666674"><ele>12.2</ele></trkpt><trkpt lat="-27.051978333333334" lon="-48.594984999999994"><ele>12.5</ele></trkpt><trkpt lat="-27.05195833333333" lon="-48.594969999999996"><ele>12.7</ele></trkpt><trkpt lat="-27.051938333333336" lon="-48.594951666666674"><ele>12.299999999999999</ele></trkpt><trkpt lat="-27.051923333333335" lon="-48.59493666666667"><ele>11.7</ele></trkpt><trkpt lat="-27.05191333333333" lon="-48.594924999999996"><ele>11.5</ele></trkpt><trkpt lat="-27.051905" lon="-48.59492166666667"><ele>11.299999999999999</ele></trkpt><trkpt lat="-27.051901666666662" lon="-48.59491833333333"><ele>11.5</ele></trkpt><trkpt lat="-27.051901666666662" lon="-48.59491833333333"><ele>11.9</ele></trkpt><trkpt lat="-27.051903333333332" lon="-48.59492"><ele>12.2</ele></trkpt><trkpt lat="-27.051901666666662" lon="-48.59492166666667"><ele>12.5</ele></trkpt><trkpt lat="-27.0519" lon="-48.59492"><ele>12.7</ele></trkpt><trkpt lat="-27.0519" lon="-48.59492"><ele>12.9</ele></trkpt><trkpt lat="-27.0519" lon="-48.59491666666666"><ele>12.9</ele></trkpt><trkpt lat="-27.05189833333333" lon="-48.59491333333334"><ele>12.6</ele></trkpt><trkpt lat="-27.05189833333333" lon="-48.59491333333334"><ele>12.6</ele></trkpt><trkpt lat="-27.051896666666668" lon="-48.59491166666667"><ele>12.299999999999999</ele></trkpt><trkpt lat="-27.051896666666668" lon="-48.59491166666667"><ele>12.299999999999999</ele></trkpt><trkpt lat="-27.051896666666668" lon="-48.59491166666667"><ele>12.299999999999999</ele></trkpt><trkpt lat="-27.051896666666668" lon="-48.59491166666667"><ele>12.299999999999999</ele></trkpt><trkpt lat="-27.051896666666668" lon="-48.59491166666667"><ele>12.299999999999999</ele></trkpt><trkpt lat="-27.051886666666665" lon="-48.594903333333335"><ele>11.2</ele></trkpt><trkpt lat="-27.051876666666665" lon="-48.594893333333324"><ele>11.299999999999999</ele></trkpt><trkpt lat="-27.051865" lon="-48.59487833333333"><ele>11.299999999999999</ele></trkpt><trkpt lat="-27.051849999999998" lon="-48.594860000000004"><ele>11.2</ele></trkpt><trkpt lat="-27.051828333333333" lon="-48.594840000000005"><ele>11.2</ele></trkpt><trkpt lat="-27.051806666666668" lon="-48.59482666666666"><ele>11.2</ele></trkpt><trkpt lat="-27.05177666666667" lon="-48.59481000000001"><ele>11.6</ele></trkpt><trkpt lat="-27.051758333333336" lon="-48.594789999999996"><ele>11.6</ele></trkpt><trkpt lat="-27.05173666666667" lon="-48.594771666666674"><ele>11.799999999999999</ele></trkpt><trkpt lat="-27.051713333333335" lon="-48.594755"><ele>12.2</ele></trkpt><trkpt lat="-27.05169" lon="-48.59473833333333"><ele>12.299999999999999</ele></trkpt><trkpt lat="-27.051663333333334" lon="-48.59472833333333"><ele>12.299999999999999</ele></trkpt><trkpt lat="-27.05164333333333" lon="-48.594725000000004"><ele>12.5</ele></trkpt><trkpt lat="-27.05164333333333" lon="-48.594725000000004"><ele>12.5</ele></trkpt><trkpt lat="-27.051620000000003" lon="-48.59471666666666"><ele>12.799999999999999</ele></trkpt><trkpt lat="-27.0516" lon="-48.59470666666666"><ele>12.6</ele></trkpt><trkpt lat="-27.051578333333335" lon="-48.59469333333333"><ele>12.799999999999999</ele></trkpt><trkpt lat="-27.051555" lon="-48.59468666666667"><ele>12.9</ele></trkpt><trkpt lat="-27.051531666666666" lon="-48.59467500000001"><ele>12.799999999999999</ele></trkpt><trkpt lat="-27.05151" lon="-48.594668333333324"><ele>12.6</ele></trkpt><trkpt lat="-27.051483333333334" lon="-48.594656666666666"><ele>12.299999999999999</ele></trkpt><trkpt lat="-27.051458333333336" lon="-48.59464833333333"><ele>12.5</ele></trkpt><trkpt lat="-27.051435" lon="-48.59464500000001"><ele>12.4</ele></trkpt><trkpt lat="-27.051411666666663" lon="-48.59464166666667"><ele>12.4</ele></trkpt><trkpt lat="-27.05138833333333" lon="-48.59463833333333"><ele>12.2</ele></trkpt><trkpt lat="-27.051368333333336" lon="-48.594633333333334"><ele>12.2</ele></trkpt><trkpt lat="-27.051345" lon="-48.59462833333334"><ele>11.6</ele></trkpt><trkpt lat="-27.05131833333333" lon="-48.59462"><ele>11.2</ele></trkpt><trkpt lat="-27.051296666666666" lon="-48.594613333333335"><ele>10.9</ele></trkpt><trkpt lat="-27.051275" lon="-48.59460666666667"><ele>10.7</ele></trkpt><trkpt lat="-27.05125666666667" lon="-48.59460333333333"><ele>10.6</ele></trkpt><trkpt lat="-27.05124" lon="-48.59460000000001"><ele>10</ele></trkpt><trkpt lat="-27.051225" lon="-48.59459666666667"><ele>9.5</ele></trkpt><trkpt lat="-27.05121" lon="-48.594590000000004"><ele>9.2</ele></trkpt><trkpt lat="-27.0512" lon="-48.594586666666665"><ele>9.1</ele></trkpt><trkpt lat="-27.051191666666668" lon="-48.59458166666666"><ele>9.1</ele></trkpt><trkpt lat="-27.051188333333336" lon="-48.594578333333324"><ele>8.9</ele></trkpt><trkpt lat="-27.051186666666663" lon="-48.59457999999999"><ele>8.9</ele></trkpt><trkpt lat="-27.051186666666663" lon="-48.59458333333334"><ele>8.8</ele></trkpt><trkpt lat="-27.051188333333336" lon="-48.59458500000001"><ele>8.7</ele></trkpt><trkpt lat="-27.05119" lon="-48.59458500000001"><ele>8.6</ele></trkpt><trkpt lat="-27.05119" lon="-48.59458500000001"><ele>8.6</ele></trkpt><trkpt lat="-27.051191666666668" lon="-48.594588333333334"><ele>8.7</ele></trkpt><trkpt lat="-27.051191666666668" lon="-48.59459166666667"><ele>8.9</ele></trkpt><trkpt lat="-27.051191666666668" lon="-48.594595"><ele>9.1</ele></trkpt><trkpt lat="-27.051191666666668" lon="-48.594595"><ele>9.1</ele></trkpt><trkpt lat="-27.051193333333337" lon="-48.59459333333333"><ele>9.1</ele></trkpt><trkpt lat="-27.051193333333337" lon="-48.59459333333333"><ele>9.1</ele></trkpt><trkpt lat="-27.051193333333337" lon="-48.59459333333333"><ele>9.1</ele></trkpt><trkpt lat="-27.051193333333337" lon="-48.59459333333333"><ele>9.1</ele></trkpt><trkpt lat="-27.051193333333337" lon="-48.59459333333333"><ele>9.1</ele></trkpt><trkpt lat="-27.051193333333337" lon="-48.59459333333333"><ele>9.1</ele></trkpt><trkpt lat="-27.051193333333337" lon="-48.59459333333333"><ele>9.1</ele></trkpt><trkpt lat="-27.051193333333337" lon="-48.59459333333333"><ele>9.1</ele></trkpt><trkpt lat="-27.051193333333337" lon="-48.59459333333333"><ele>9.1</ele></trkpt><trkpt lat="-27.051193333333337" lon="-48.59459333333333"><ele>9.1</ele></trkpt><trkpt lat="-27.051193333333337" lon="-48.59459333333333"><ele>9.1</ele></trkpt><trkpt lat="-27.051193333333337" lon="-48.59459333333333"><ele>9.1</ele></trkpt><trkpt lat="-27.051193333333337" lon="-48.59459333333333"><ele>9.1</ele></trkpt><trkpt lat="-27.051193333333337" lon="-48.59459333333333"><ele>9.1</ele></trkpt><trkpt lat="-27.051193333333337" lon="-48.59459333333333"><ele>9.1</ele></trkpt><trkpt lat="-27.051193333333337" lon="-48.59459333333333"><ele>9.1</ele></trkpt><trkpt lat="-27.051193333333337" lon="-48.59459333333333"><ele>9.1</ele></trkpt><trkpt lat="-27.05116666666667" lon="-48.59458166666666"><ele>10.299999999999999</ele></trkpt><trkpt lat="-27.051156666666664" lon="-48.594586666666665"><ele>10.4</ele></trkpt><trkpt lat="-27.051143333333336" lon="-48.594588333333334"><ele>10.7</ele></trkpt><trkpt lat="-27.051126666666665" lon="-48.59458333333334"><ele>10.9</ele></trkpt><trkpt lat="-27.051105" lon="-48.59458333333334"><ele>11.1</ele></trkpt><trkpt lat="-27.051081666666665" lon="-48.594578333333324"><ele>11.7</ele></trkpt><trkpt lat="-27.051056666666668" lon="-48.59457999999999"><ele>12</ele></trkpt><trkpt lat="-27.051024999999996" lon="-48.594578333333324"><ele>12.299999999999999</ele></trkpt><trkpt lat="-27.050993333333334" lon="-48.594575"><ele>12.299999999999999</ele></trkpt><trkpt lat="-27.050966666666667" lon="-48.59457166666666"><ele>12.299999999999999</ele></trkpt><trkpt lat="-27.050943333333333" lon="-48.594566666666665"><ele>12.2</ele></trkpt><trkpt lat="-27.050921666666667" lon="-48.594568333333335"><ele>12.5</ele></trkpt><trkpt lat="-27.050908333333336" lon="-48.594570000000004"><ele>12.299999999999999</ele></trkpt><trkpt lat="-27.050893333333338" lon="-48.594570000000004"><ele>12.1</ele></trkpt><trkpt lat="-27.05088" lon="-48.594570000000004"><ele>11.7</ele></trkpt><trkpt lat="-27.050866666666668" lon="-48.594568333333335"><ele>11.9</ele></trkpt><trkpt lat="-27.05085166666667" lon="-48.594566666666665"><ele>11.9</ele></trkpt><trkpt lat="-27.05085166666667" lon="-48.594566666666665"><ele>11.9</ele></trkpt><trkpt lat="-27.05084" lon="-48.594563333333326"><ele>12.1</ele></trkpt><trkpt lat="-27.050829999999998" lon="-48.59456166666667"><ele>12</ele></trkpt><trkpt lat="-27.05082333333333" lon="-48.59456166666667"><ele>11.9</ele></trkpt><trkpt lat="-27.050814999999997" lon="-48.59456"><ele>11.799999999999999</ele></trkpt><trkpt lat="-27.050810000000002" lon="-48.59456"><ele>12</ele></trkpt><trkpt lat="-27.05080666666667" lon="-48.59456166666667"><ele>12.2</ele></trkpt><trkpt lat="-27.050805" lon="-48.59456"><ele>12.4</ele></trkpt><trkpt lat="-27.050805" lon="-48.59456166666667"><ele>12.299999999999999</ele></trkpt><trkpt lat="-27.050805" lon="-48.59456166666667"><ele>12.299999999999999</ele></trkpt><trkpt lat="-27.050803333333338" lon="-48.594563333333326"><ele>12</ele></trkpt><trkpt lat="-27.050801666666665" lon="-48.594568333333335"><ele>11.9</ele></trkpt><trkpt lat="-27.050803333333338" lon="-48.594570000000004"><ele>11.5</ele></trkpt><trkpt lat="-27.050805" lon="-48.594570000000004"><ele>11.2</ele></trkpt><trkpt lat="-27.050805" lon="-48.594570000000004"><ele>10.799999999999999</ele></trkpt><trkpt lat="-27.050805" lon="-48.594570000000004"><ele>10.799999999999999</ele></trkpt><trkpt lat="-27.050805" lon="-48.594570000000004"><ele>10.799999999999999</ele></trkpt><trkpt lat="-27.050805" lon="-48.594570000000004"><ele>10.799999999999999</ele></trkpt><trkpt lat="-27.050805" lon="-48.594570000000004"><ele>10.799999999999999</ele></trkpt><trkpt lat="-27.050805" lon="-48.594570000000004"><ele>10.799999999999999</ele></trkpt><trkpt lat="-27.050805" lon="-48.594570000000004"><ele>10.799999999999999</ele></trkpt><trkpt lat="-27.050805" lon="-48.594570000000004"><ele>10.799999999999999</ele></trkpt><trkpt lat="-27.050805" lon="-48.594570000000004"><ele>10.799999999999999</ele></trkpt><trkpt lat="-27.050805" lon="-48.594570000000004"><ele>10.799999999999999</ele></trkpt><trkpt lat="-27.050805" lon="-48.594570000000004"><ele>10.799999999999999</ele></trkpt><trkpt lat="-27.050805" lon="-48.594570000000004"><ele>10.799999999999999</ele></trkpt><trkpt lat="-27.050805" lon="-48.594570000000004"><ele>10.799999999999999</ele></trkpt><trkpt lat="-27.050805" lon="-48.594570000000004"><ele>10.799999999999999</ele></trkpt><trkpt lat="-27.050805" lon="-48.594570000000004"><ele>10.799999999999999</ele></trkpt><trkpt lat="-27.050805" lon="-48.594570000000004"><ele>10.799999999999999</ele></trkpt><trkpt lat="-27.050805" lon="-48.594570000000004"><ele>10.799999999999999</ele></trkpt><trkpt lat="-27.05079333333333" lon="-48.59455166666667"><ele>11.4</ele></trkpt><trkpt lat="-27.050783333333335" lon="-48.59455166666667"><ele>11.5</ele></trkpt><trkpt lat="-27.050773333333336" lon="-48.59455166666667"><ele>11.4</ele></trkpt><trkpt lat="-27.050763333333332" lon="-48.59455333333334"><ele>11.2</ele></trkpt><trkpt lat="-27.05075" lon="-48.59455333333334"><ele>11.1</ele></trkpt><trkpt lat="-27.050738333333335" lon="-48.59455"><ele>10.9</ele></trkpt><trkpt lat="-27.05071666666667" lon="-48.594545000000004"><ele>10.7</ele></trkpt><trkpt lat="-27.050698333333337" lon="-48.59454000000001"><ele>10.7</ele></trkpt><trkpt lat="-27.050681666666666" lon="-48.59453499999999"><ele>10.6</ele></trkpt><trkpt lat="-27.050673333333332" lon="-48.59453166666667"><ele>10.5</ele></trkpt><trkpt lat="-27.05067166666667" lon="-48.59452833333333"><ele>9.9</ele></trkpt><trkpt lat="-27.050668333333338" lon="-48.59452666666666"><ele>9.799999999999999</ele></trkpt><trkpt lat="-27.050666666666665" lon="-48.594525000000004"><ele>9.799999999999999</ele></trkpt><trkpt lat="-27.050665000000002" lon="-48.594523333333335"><ele>9.799999999999999</ele></trkpt><trkpt lat="-27.05066" lon="-48.594525000000004"><ele>10</ele></trkpt><trkpt lat="-27.050655" lon="-48.59452833333333"><ele>10</ele></trkpt><trkpt lat="-27.050655" lon="-48.59452833333333"><ele>10</ele></trkpt><trkpt lat="-27.050655" lon="-48.59453166666667"><ele>10.1</ele></trkpt><trkpt lat="-27.05065666666667" lon="-48.59453499999999"><ele>10.1</ele></trkpt><trkpt lat="-27.05065833333333" lon="-48.59453666666666"><ele>10.1</ele></trkpt><trkpt lat="-27.05065833333333" lon="-48.594541666666665"><ele>10.1</ele></trkpt><trkpt lat="-27.05065833333333" lon="-48.594541666666665"><ele>10.1</ele></trkpt><trkpt lat="-27.05065833333333" lon="-48.594541666666665"><ele>10.1</ele></trkpt><trkpt lat="-27.05065833333333" lon="-48.594541666666665"><ele>10.1</ele></trkpt><trkpt lat="-27.05065833333333" lon="-48.594541666666665"><ele>10.1</ele></trkpt><trkpt lat="-27.05065833333333" lon="-48.594541666666665"><ele>10.1</ele></trkpt><trkpt lat="-27.05065833333333" lon="-48.594541666666665"><ele>10.1</ele></trkpt><trkpt lat="-27.05065833333333" lon="-48.594541666666665"><ele>10.1</ele></trkpt><trkpt lat="-27.05065833333333" lon="-48.594541666666665"><ele>10.1</ele></trkpt><trkpt lat="-27.05065833333333" lon="-48.594541666666665"><ele>10.1</ele></trkpt><trkpt lat="-27.05065833333333" lon="-48.594541666666665"><ele>10.1</ele></trkpt><trkpt lat="-27.05065833333333" lon="-48.594541666666665"><ele>10.1</ele></trkpt><trkpt lat="-27.05065833333333" lon="-48.594541666666665"><ele>10.1</ele></trkpt><trkpt lat="-27.05065833333333" lon="-48.594541666666665"><ele>10.1</ele></trkpt><trkpt lat="-27.05065833333333" lon="-48.594541666666665"><ele>10.1</ele></trkpt><trkpt lat="-27.05065833333333" lon="-48.594541666666665"><ele>10.1</ele></trkpt><trkpt lat="-27.05065833333333" lon="-48.594541666666665"><ele>10.1</ele></trkpt><trkpt lat="-27.05065833333333" lon="-48.594541666666665"><ele>10.1</ele></trkpt><trkpt lat="-27.05065833333333" lon="-48.594541666666665"><ele>10.1</ele></trkpt><trkpt lat="-27.05065833333333" lon="-48.594541666666665"><ele>10.1</ele></trkpt><trkpt lat="-27.05065833333333" lon="-48.594541666666665"><ele>10.1</ele></trkpt><trkpt lat="-27.05065833333333" lon="-48.594541666666665"><ele>10.1</ele></trkpt><trkpt lat="-27.05065833333333" lon="-48.594541666666665"><ele>10.1</ele></trkpt><trkpt lat="-27.05065833333333" lon="-48.594541666666665"><ele>10.1</ele></trkpt><trkpt lat="-27.05065833333333" lon="-48.594541666666665"><ele>10.1</ele></trkpt><trkpt lat="-27.05065833333333" lon="-48.594541666666665"><ele>10.1</ele></trkpt><trkpt lat="-27.05065833333333" lon="-48.594541666666665"><ele>10.1</ele></trkpt><trkpt lat="-27.05065833333333" lon="-48.594541666666665"><ele>10.1</ele></trkpt><trkpt lat="-27.05065833333333" lon="-48.594541666666665"><ele>10.1</ele></trkpt><trkpt lat="-27.05065833333333" lon="-48.594541666666665"><ele>10.1</ele></trkpt><trkpt lat="-27.05065833333333" lon="-48.594541666666665"><ele>10.1</ele></trkpt><trkpt lat="-27.05065833333333" lon="-48.594541666666665"><ele>10.1</ele></trkpt><trkpt lat="-27.05065833333333" lon="-48.594541666666665"><ele>10.1</ele></trkpt><trkpt lat="-27.05065833333333" lon="-48.594541666666665"><ele>10.1</ele></trkpt><trkpt lat="-27.05065833333333" lon="-48.594541666666665"><ele>10.1</ele></trkpt><trkpt lat="-27.05065833333333" lon="-48.594541666666665"><ele>10.1</ele></trkpt><trkpt lat="-27.05065833333333" lon="-48.594541666666665"><ele>10.1</ele></trkpt><trkpt lat="-27.05065833333333" lon="-48.594541666666665"><ele>10.1</ele></trkpt><trkpt lat="-27.05065833333333" lon="-48.594541666666665"><ele>10.1</ele></trkpt><trkpt lat="-27.05065833333333" lon="-48.594541666666665"><ele>10.1</ele></trkpt><trkpt lat="-27.05065833333333" lon="-48.594541666666665"><ele>10.1</ele></trkpt><trkpt lat="-27.05065833333333" lon="-48.594541666666665"><ele>10.1</ele></trkpt><trkpt lat="-27.05066" lon="-48.59455"><ele>7.9</ele></trkpt><trkpt lat="-27.05065666666667" lon="-48.59455166666667"><ele>8</ele></trkpt><trkpt lat="-27.050648333333335" lon="-48.59455333333334"><ele>8</ele></trkpt><trkpt lat="-27.050638333333335" lon="-48.59455166666667"><ele>8.1</ele></trkpt><trkpt lat="-27.05062666666667" lon="-48.59454833333333"><ele>8</ele></trkpt><trkpt lat="-27.05061166666667" lon="-48.594543333333334"><ele>7.800000000000001</ele></trkpt><trkpt lat="-27.050591666666666" lon="-48.594543333333334"><ele>7.5</ele></trkpt><trkpt lat="-27.05057" lon="-48.594541666666665"><ele>7.300000000000001</ele></trkpt><trkpt lat="-27.050538333333332" lon="-48.59453666666666"><ele>6.800000000000001</ele></trkpt><trkpt lat="-27.050504999999998" lon="-48.59453"><ele>6.5</ele></trkpt><trkpt lat="-27.050471666666667" lon="-48.59452833333333"><ele>6.300000000000001</ele></trkpt><trkpt lat="-27.05043333333333" lon="-48.59452666666666"><ele>6.5</ele></trkpt><trkpt lat="-27.050398333333337" lon="-48.594519999999996"><ele>6.5</ele></trkpt><trkpt lat="-27.050365000000003" lon="-48.594518333333326"><ele>6.6</ele></trkpt><trkpt lat="-27.050335000000004" lon="-48.59451666666667"><ele>7.300000000000001</ele></trkpt><trkpt lat="-27.050303333333332" lon="-48.594515"><ele>7.4</ele></trkpt><trkpt lat="-27.050276666666665" lon="-48.594515"><ele>7.1</ele></trkpt><trkpt lat="-27.050246666666666" lon="-48.59451000000001"><ele>7.1</ele></trkpt><trkpt lat="-27.05021166666667" lon="-48.59450333333333"><ele>7.6</ele></trkpt><trkpt lat="-27.05018166666667" lon="-48.594496666666664"><ele>8</ele></trkpt><trkpt lat="-27.05015166666667" lon="-48.59448999999999"><ele>8.3</ele></trkpt><trkpt lat="-27.05015166666667" lon="-48.59448999999999"><ele>8.3</ele></trkpt><trkpt lat="-27.05012166666667" lon="-48.594480000000004"><ele>8.3</ele></trkpt><trkpt lat="-27.050095000000002" lon="-48.59447166666667"><ele>8.3</ele></trkpt><trkpt lat="-27.050065000000004" lon="-48.59446666666666"><ele>8.4</ele></trkpt><trkpt lat="-27.050035" lon="-48.59445833333333"><ele>9</ele></trkpt><trkpt lat="-27.050006666666665" lon="-48.594453333333334"><ele>9.2</ele></trkpt><trkpt lat="-27.049978333333335" lon="-48.59444833333334"><ele>9.9</ele></trkpt><trkpt lat="-27.049945" lon="-48.594435000000004"><ele>10.1</ele></trkpt><trkpt lat="-27.049916666666665" lon="-48.594428333333326"><ele>9.799999999999999</ele></trkpt><trkpt lat="-27.049886666666666" lon="-48.59442000000001"><ele>9.7</ele></trkpt><trkpt lat="-27.049858333333336" lon="-48.59441166666667"><ele>9.799999999999999</ele></trkpt><trkpt lat="-27.049829999999996" lon="-48.59440333333334"><ele>10</ele></trkpt><trkpt lat="-27.04980333333333" lon="-48.594395"><ele>10.1</ele></trkpt><trkpt lat="-27.049775" lon="-48.594386666666665"><ele>10.1</ele></trkpt><trkpt lat="-27.049750000000003" lon="-48.59437666666666"><ele>10.299999999999999</ele></trkpt><trkpt lat="-27.04973166666667" lon="-48.59436833333333"><ele>10.2</ele></trkpt><trkpt lat="-27.049708333333335" lon="-48.59436000000001"><ele>9.7</ele></trkpt><trkpt lat="-27.04967166666667" lon="-48.59435333333332"><ele>9</ele></trkpt><trkpt lat="-27.049643333333332" lon="-48.59434666666666"><ele>9</ele></trkpt><trkpt lat="-27.049619999999997" lon="-48.594335"><ele>9.4</ele></trkpt><trkpt lat="-27.049593333333338" lon="-48.59432666666667"><ele>9.9</ele></trkpt><trkpt lat="-27.049570000000003" lon="-48.594318333333334"><ele>10.299999999999999</ele></trkpt><trkpt lat="-27.049546666666668" lon="-48.59430833333332"><ele>11</ele></trkpt><trkpt lat="-27.049523333333333" lon="-48.594294999999995"><ele>11</ele></trkpt><trkpt lat="-27.049498333333336" lon="-48.59428166666667"><ele>11.1</ele></trkpt><trkpt lat="-27.04947666666667" lon="-48.59427000000001"><ele>11.2</ele></trkpt><trkpt lat="-27.04945" lon="-48.59426166666667"><ele>11.1</ele></trkpt><trkpt lat="-27.049428333333335" lon="-48.594251666666665"><ele>11.2</ele></trkpt><trkpt lat="-27.049406666666663" lon="-48.59424166666666"><ele>11.7</ele></trkpt><trkpt lat="-27.04938666666667" lon="-48.594226666666664"><ele>12.1</ele></trkpt><trkpt lat="-27.04937333333333" lon="-48.59421666666667"><ele>12.5</ele></trkpt><trkpt lat="-27.049353333333336" lon="-48.594210000000004"><ele>12.7</ele></trkpt><trkpt lat="-27.04932666666667" lon="-48.59420333333334"><ele>12.5</ele></trkpt><trkpt lat="-27.049304999999997" lon="-48.594195000000006"><ele>13</ele></trkpt><trkpt lat="-27.049278333333337" lon="-48.59418833333334"><ele>13.1</ele></trkpt><trkpt lat="-27.049246666666665" lon="-48.59417666666666"><ele>13.2</ele></trkpt><trkpt lat="-27.049226666666662" lon="-48.594161666666665"><ele>14.1</ele></trkpt><trkpt lat="-27.049203333333335" lon="-48.594150000000006"><ele>14</ele></trkpt><trkpt lat="-27.049181666666662" lon="-48.59413833333333"><ele>14.299999999999999</ele></trkpt><trkpt lat="-27.049159999999997" lon="-48.594125"><ele>14.5</ele></trkpt><trkpt lat="-27.049138333333335" lon="-48.59411"><ele>14</ele></trkpt><trkpt lat="-27.049118333333332" lon="-48.59409000000001"><ele>14.9</ele></trkpt><trkpt lat="-27.04910166666667" lon="-48.59406666666667"><ele>15.1</ele></trkpt><trkpt lat="-27.049080000000004" lon="-48.59404333333334"><ele>15.1</ele></trkpt><trkpt lat="-27.049066666666665" lon="-48.59402"><ele>14.799999999999999</ele></trkpt><trkpt lat="-27.049050000000005" lon="-48.59399333333334"><ele>14.2</ele></trkpt><trkpt lat="-27.049033333333334" lon="-48.59397333333333"><ele>13.4</ele></trkpt><trkpt lat="-27.049021666666665" lon="-48.593956666666664"><ele>13.2</ele></trkpt><trkpt lat="-27.049018333333333" lon="-48.593938333333334"><ele>13.2</ele></trkpt><trkpt lat="-27.049008333333337" lon="-48.593915"><ele>13.9</ele></trkpt><trkpt lat="-27.049003333333335" lon="-48.593891666666664"><ele>14.299999999999999</ele></trkpt><trkpt lat="-27.049001666666662" lon="-48.59386666666666"><ele>14.5</ele></trkpt><trkpt lat="-27.048993333333335" lon="-48.593844999999995"><ele>15.299999999999999</ele></trkpt><trkpt lat="-27.048993333333335" lon="-48.593844999999995"><ele>15.299999999999999</ele></trkpt><trkpt lat="-27.048985000000002" lon="-48.59382333333333"><ele>15.7</ele></trkpt><trkpt lat="-27.048979999999997" lon="-48.593801666666664"><ele>16.400000000000002</ele></trkpt><trkpt lat="-27.048976666666665" lon="-48.59378"><ele>17</ele></trkpt><trkpt lat="-27.048976666666665" lon="-48.59378"><ele>17</ele></trkpt><trkpt lat="-27.048973333333333" lon="-48.59376333333333"><ele>17.8</ele></trkpt><trkpt lat="-27.04896833333333" lon="-48.593743333333336"><ele>19.6</ele></trkpt><trkpt lat="-27.048965" lon="-48.59372166666667"><ele>20.700000000000003</ele></trkpt><trkpt lat="-27.048960000000005" lon="-48.59369166666667"><ele>21.3</ele></trkpt><trkpt lat="-27.048948333333335" lon="-48.59365833333333"><ele>21.6</ele></trkpt><trkpt lat="-27.048941666666664" lon="-48.59362333333333"><ele>21.400000000000002</ele></trkpt><trkpt lat="-27.048934999999997" lon="-48.59358833333334"><ele>21.200000000000003</ele></trkpt><trkpt lat="-27.048930000000002" lon="-48.593555"><ele>20.6</ele></trkpt><trkpt lat="-27.04892333333333" lon="-48.59352833333334"><ele>20.200000000000003</ele></trkpt><trkpt lat="-27.04892" lon="-48.59350500000001"><ele>19.400000000000002</ele></trkpt><trkpt lat="-27.048916666666667" lon="-48.59345166666667"><ele>17.5</ele></trkpt><trkpt lat="-27.048918333333337" lon="-48.593394999999994"><ele>17.1</ele></trkpt><trkpt lat="-27.048916666666667" lon="-48.593345"><ele>16.900000000000002</ele></trkpt><trkpt lat="-27.048918333333337" lon="-48.5933"><ele>16.2</ele></trkpt><trkpt lat="-27.04892" lon="-48.593248333333335"><ele>15.7</ele></trkpt><trkpt lat="-27.04892166666667" lon="-48.59319666666667"><ele>15</ele></trkpt><trkpt lat="-27.04892" lon="-48.59314500000001"><ele>14.299999999999999</ele></trkpt><trkpt lat="-27.04892166666667" lon="-48.59309"><ele>14.6</ele></trkpt><trkpt lat="-27.048928333333333" lon="-48.59303166666667"><ele>14.4</ele></trkpt><trkpt lat="-27.048934999999997" lon="-48.592976666666665"><ele>14</ele></trkpt><trkpt lat="-27.048941666666664" lon="-48.592933333333335"><ele>12.7</ele></trkpt><trkpt lat="-27.048946666666666" lon="-48.59287500000001"><ele>11.6</ele></trkpt><trkpt lat="-27.048955" lon="-48.592821666666666"><ele>10.5</ele></trkpt><trkpt lat="-27.048960000000005" lon="-48.59277"><ele>9.799999999999999</ele></trkpt><trkpt lat="-27.048965" lon="-48.59272166666666"><ele>9.7</ele></trkpt><trkpt lat="-27.04897" lon="-48.59267499999999"><ele>9.2</ele></trkpt><trkpt lat="-27.04897" lon="-48.59262833333334"><ele>9.2</ele></trkpt><trkpt lat="-27.048971666666663" lon="-48.592573333333334"><ele>9</ele></trkpt><trkpt lat="-27.04897" lon="-48.59252333333334"><ele>9.4</ele></trkpt><trkpt lat="-27.048975000000002" lon="-48.592468333333336"><ele>9.3</ele></trkpt><trkpt lat="-27.048976666666665" lon="-48.59241999999999"><ele>9.3</ele></trkpt><trkpt lat="-27.048985000000002" lon="-48.592371666666665"><ele>8.2</ele></trkpt><trkpt lat="-27.048996666666667" lon="-48.592324999999995"><ele>6.800000000000001</ele></trkpt><trkpt lat="-27.049001666666662" lon="-48.592275"><ele>6.6</ele></trkpt><trkpt lat="-27.04901166666667" lon="-48.59221833333333"><ele>6.9</ele></trkpt><trkpt lat="-27.049018333333333" lon="-48.59217166666667"><ele>6.9</ele></trkpt><trkpt lat="-27.049020000000002" lon="-48.59212000000001"><ele>8.1</ele></trkpt><trkpt lat="-27.049021666666665" lon="-48.59207333333334"><ele>8.6</ele></trkpt><trkpt lat="-27.04902666666667" lon="-48.59203333333333"><ele>8.9</ele></trkpt><trkpt lat="-27.049033333333334" lon="-48.59199666666667"><ele>8.8</ele></trkpt><trkpt lat="-27.049036666666666" lon="-48.59196166666667"><ele>8.7</ele></trkpt><trkpt lat="-27.049041666666668" lon="-48.59192666666666"><ele>8.9</ele></trkpt><trkpt lat="-27.049041666666668" lon="-48.59192666666666"><ele>8.9</ele></trkpt><trkpt lat="-27.049041666666668" lon="-48.59189500000001"><ele>9.1</ele></trkpt><trkpt lat="-27.049046666666662" lon="-48.59187"><ele>9.4</ele></trkpt><trkpt lat="-27.049051666666667" lon="-48.59185166666666"><ele>9.5</ele></trkpt><trkpt lat="-27.049050000000005" lon="-48.591841666666674"><ele>9.9</ele></trkpt><trkpt lat="-27.049048333333335" lon="-48.591840000000005"><ele>10.1</ele></trkpt><trkpt lat="-27.049048333333335" lon="-48.591838333333335"><ele>10.2</ele></trkpt><trkpt lat="-27.049046666666662" lon="-48.591840000000005"><ele>10.4</ele></trkpt><trkpt lat="-27.049048333333335" lon="-48.591840000000005"><ele>10.7</ele></trkpt><trkpt lat="-27.049048333333335" lon="-48.591840000000005"><ele>10.799999999999999</ele></trkpt><trkpt lat="-27.049050000000005" lon="-48.591840000000005"><ele>10.9</ele></trkpt><trkpt lat="-27.04905666666667" lon="-48.59183500000001"><ele>10.7</ele></trkpt><trkpt lat="-27.04905666666667" lon="-48.59183500000001"><ele>10.7</ele></trkpt><trkpt lat="-27.049061666666663" lon="-48.591831666666664"><ele>10.6</ele></trkpt><trkpt lat="-27.049063333333333" lon="-48.591828333333325"><ele>10.9</ele></trkpt><trkpt lat="-27.049066666666665" lon="-48.59182666666667"><ele>11.4</ele></trkpt><trkpt lat="-27.049066666666665" lon="-48.59182666666667"><ele>11.4</ele></trkpt><trkpt lat="-27.049066666666665" lon="-48.59182666666667"><ele>11.4</ele></trkpt><trkpt lat="-27.049066666666665" lon="-48.59182666666667"><ele>11.4</ele></trkpt><trkpt lat="-27.049066666666665" lon="-48.59182666666667"><ele>11.4</ele></trkpt><trkpt lat="-27.049066666666665" lon="-48.59182666666667"><ele>11.4</ele></trkpt><trkpt lat="-27.049066666666665" lon="-48.59182666666667"><ele>11.4</ele></trkpt><trkpt lat="-27.049068333333334" lon="-48.591786666666664"><ele>11.7</ele></trkpt><trkpt lat="-27.049068333333334" lon="-48.59176000000001"><ele>11.6</ele></trkpt><trkpt lat="-27.049069999999997" lon="-48.59172"><ele>11.4</ele></trkpt><trkpt lat="-27.04907166666667" lon="-48.591681666666666"><ele>11</ele></trkpt><trkpt lat="-27.049075000000002" lon="-48.591645"><ele>10.299999999999999</ele></trkpt><trkpt lat="-27.049078333333334" lon="-48.591604999999994"><ele>9.7</ele></trkpt><trkpt lat="-27.049083333333336" lon="-48.59156333333333"><ele>8.8</ele></trkpt><trkpt lat="-27.04909" lon="-48.59152000000001"><ele>8.5</ele></trkpt><trkpt lat="-27.049095000000005" lon="-48.59147666666666"><ele>8.1</ele></trkpt><trkpt lat="-27.049105" lon="-48.59142666666666"><ele>7.199999999999999</ele></trkpt><trkpt lat="-27.04911666666667" lon="-48.59138666666666"><ele>7</ele></trkpt><trkpt lat="-27.049125000000004" lon="-48.59134833333333"><ele>7</ele></trkpt><trkpt lat="-27.049131666666668" lon="-48.59130333333333"><ele>6.9</ele></trkpt><trkpt lat="-27.049135" lon="-48.59125666666667"><ele>6.5</ele></trkpt><trkpt lat="-27.049140000000005" lon="-48.59121166666667"><ele>6.300000000000001</ele></trkpt><trkpt lat="-27.049141666666667" lon="-48.591165000000004"><ele>6.5</ele></trkpt><trkpt lat="-27.049145" lon="-48.59112166666667"><ele>6.6</ele></trkpt><trkpt lat="-27.04914833333333" lon="-48.59108333333334"><ele>6.699999999999999</ele></trkpt><trkpt lat="-27.049153333333333" lon="-48.591045"><ele>6.5</ele></trkpt><trkpt lat="-27.049155000000003" lon="-48.591006666666665"><ele>6.5</ele></trkpt><trkpt lat="-27.049158333333335" lon="-48.59097"><ele>7</ele></trkpt><trkpt lat="-27.049156666666665" lon="-48.59093500000001"><ele>8</ele></trkpt><trkpt lat="-27.049158333333335" lon="-48.59089833333334"><ele>8.9</ele></trkpt><trkpt lat="-27.049159999999997" lon="-48.59086666666667"><ele>9.1</ele></trkpt><trkpt lat="-27.049163333333333" lon="-48.59083166666666"><ele>9.6</ele></trkpt><trkpt lat="-27.049171666666666" lon="-48.59079499999999"><ele>9.7</ele></trkpt><trkpt lat="-27.04917833333333" lon="-48.59075500000001"><ele>9.9</ele></trkpt><trkpt lat="-27.049181666666662" lon="-48.59071166666666"><ele>10.2</ele></trkpt><trkpt lat="-27.049183333333335" lon="-48.59067"><ele>10.799999999999999</ele></trkpt><trkpt lat="-27.049183333333335" lon="-48.59067"><ele>10.799999999999999</ele></trkpt><trkpt lat="-27.049183333333335" lon="-48.59063333333334"><ele>11.4</ele></trkpt><trkpt lat="-27.049183333333335" lon="-48.59060833333333"><ele>11.4</ele></trkpt><trkpt lat="-27.049181666666662" lon="-48.59058333333334"><ele>11.299999999999999</ele></trkpt><trkpt lat="-27.049176666666668" lon="-48.59055166666667"><ele>11.2</ele></trkpt><trkpt lat="-27.049176666666668" lon="-48.590511666666664"><ele>11.6</ele></trkpt><trkpt lat="-27.049176666666668" lon="-48.59047833333334"><ele>11.2</ele></trkpt><trkpt lat="-27.049170000000004" lon="-48.59044333333333"><ele>11.4</ele></trkpt><trkpt lat="-27.04916166666667" lon="-48.590410000000006"><ele>11.7</ele></trkpt><trkpt lat="-27.049156666666665" lon="-48.59038166666666"><ele>12.1</ele></trkpt><trkpt lat="-27.04914833333333" lon="-48.59035666666667"><ele>12.4</ele></trkpt><trkpt lat="-27.049140000000005" lon="-48.59033833333333"><ele>12.5</ele></trkpt><trkpt lat="-27.049126666666666" lon="-48.590320000000006"><ele>13.1</ele></trkpt><trkpt lat="-27.049114999999997" lon="-48.590318333333336"><ele>13.5</ele></trkpt><trkpt lat="-27.049098333333337" lon="-48.59032666666667"><ele>13.5</ele></trkpt><trkpt lat="-27.049096666666667" lon="-48.59035000000001"><ele>13.799999999999999</ele></trkpt><trkpt lat="-27.049106666666663" lon="-48.590378333333334"><ele>13.6</ele></trkpt><trkpt lat="-27.049120000000002" lon="-48.59040666666667"><ele>13.1</ele></trkpt><trkpt lat="-27.049126666666666" lon="-48.59043333333334"><ele>12.5</ele></trkpt><trkpt lat="-27.049128333333336" lon="-48.590464999999995"><ele>11.9</ele></trkpt><trkpt lat="-27.049136666666662" lon="-48.59049666666667"><ele>11.7</ele></trkpt><trkpt lat="-27.049153333333333" lon="-48.59051666666666"><ele>11.299999999999999</ele></trkpt><trkpt lat="-27.049171666666666" lon="-48.59052"><ele>11.1</ele></trkpt><trkpt lat="-27.049174999999998" lon="-48.59049"><ele>11.2</ele></trkpt><trkpt lat="-27.049171666666666" lon="-48.590464999999995"><ele>11.2</ele></trkpt><trkpt lat="-27.049166666666665" lon="-48.59045"><ele>11.299999999999999</ele></trkpt><trkpt lat="-27.049163333333333" lon="-48.59043499999999"><ele>11.2</ele></trkpt><trkpt lat="-27.049165000000002" lon="-48.59042833333333"><ele>10.799999999999999</ele></trkpt><trkpt lat="-27.049166666666665" lon="-48.590421666666664"><ele>10.2</ele></trkpt><trkpt lat="-27.049168333333334" lon="-48.590419999999995"><ele>10</ele></trkpt><trkpt lat="-27.049170000000004" lon="-48.590423333333334"><ele>9.799999999999999</ele></trkpt><trkpt lat="-27.049171666666666" lon="-48.59042666666666"><ele>9.6</ele></trkpt><trkpt lat="-27.049174999999998" lon="-48.59042833333333"><ele>9.4</ele></trkpt><trkpt lat="-27.049174999999998" lon="-48.59043166666667"><ele>9</ele></trkpt><trkpt lat="-27.049173333333336" lon="-48.59043499999999"><ele>8.7</ele></trkpt><trkpt lat="-27.049171666666666" lon="-48.59043833333333"><ele>8.6</ele></trkpt><trkpt lat="-27.049173333333336" lon="-48.590441666666656"><ele>8.5</ele></trkpt><trkpt lat="-27.049173333333336" lon="-48.590441666666656"><ele>8.5</ele></trkpt><trkpt lat="-27.049173333333336" lon="-48.590441666666656"><ele>8.5</ele></trkpt><trkpt lat="-27.049173333333336" lon="-48.590441666666656"><ele>8.5</ele></trkpt><trkpt lat="-27.049173333333336" lon="-48.590441666666656"><ele>8.5</ele></trkpt><trkpt lat="-27.049173333333336" lon="-48.590441666666656"><ele>8.5</ele></trkpt><trkpt lat="-27.049173333333336" lon="-48.590441666666656"><ele>8.5</ele></trkpt><trkpt lat="-27.049173333333336" lon="-48.590441666666656"><ele>8.5</ele></trkpt><trkpt lat="-27.049173333333336" lon="-48.590441666666656"><ele>8.5</ele></trkpt><trkpt lat="-27.049173333333336" lon="-48.590441666666656"><ele>8.5</ele></trkpt><trkpt lat="-27.049173333333336" lon="-48.590441666666656"><ele>8.5</ele></trkpt><trkpt lat="-27.049173333333336" lon="-48.590441666666656"><ele>8.5</ele></trkpt><trkpt lat="-27.049173333333336" lon="-48.590441666666656"><ele>8.5</ele></trkpt><trkpt lat="-27.04918" lon="-48.590445"><ele>8.4</ele></trkpt><trkpt lat="-27.04917833333333" lon="-48.59043"><ele>8.5</ele></trkpt><trkpt lat="-27.049173333333336" lon="-48.590419999999995"><ele>8.9</ele></trkpt><trkpt lat="-27.049163333333333" lon="-48.590405"><ele>9</ele></trkpt><trkpt lat="-27.049159999999997" lon="-48.590385"><ele>9.1</ele></trkpt><trkpt lat="-27.04914833333333" lon="-48.59035666666667"><ele>9</ele></trkpt><trkpt lat="-27.04913333333333" lon="-48.59032333333333"><ele>8.6</ele></trkpt><trkpt lat="-27.049120000000002" lon="-48.590286666666664"><ele>9</ele></trkpt><trkpt lat="-27.049106666666663" lon="-48.59025499999999"><ele>9.799999999999999</ele></trkpt><trkpt lat="-27.049096666666667" lon="-48.590230000000005"><ele>9.7</ele></trkpt><trkpt lat="-27.049081666666666" lon="-48.590194999999994"><ele>9.799999999999999</ele></trkpt><trkpt lat="-27.049063333333333" lon="-48.59016166666667"><ele>9.7</ele></trkpt><trkpt lat="-27.049046666666662" lon="-48.59013"><ele>9.6</ele></trkpt><trkpt lat="-27.049030000000002" lon="-48.59010166666667"><ele>9.4</ele></trkpt><trkpt lat="-27.049008333333337" lon="-48.59007166666667"><ele>9.1</ele></trkpt><trkpt lat="-27.048986666666664" lon="-48.59004"><ele>9.4</ele></trkpt><trkpt lat="-27.04897" lon="-48.590014999999994"><ele>9</ele></trkpt><trkpt lat="-27.048951666666667" lon="-48.58998"><ele>8.4</ele></trkpt><trkpt lat="-27.048926666666663" lon="-48.58995166666667"><ele>8.2</ele></trkpt><trkpt lat="-27.048904999999998" lon="-48.589924999999994"><ele>8.9</ele></trkpt><trkpt lat="-27.048888333333334" lon="-48.58990666666667"><ele>8.5</ele></trkpt><trkpt lat="-27.048865" lon="-48.58987666666667"><ele>8.8</ele></trkpt><trkpt lat="-27.04885" lon="-48.58985333333333"><ele>8.5</ele></trkpt><trkpt lat="-27.048836666666663" lon="-48.58981833333334"><ele>9.3</ele></trkpt><trkpt lat="-27.04882166666666" lon="-48.589795"><ele>9.799999999999999</ele></trkpt><trkpt lat="-27.04882166666666" lon="-48.589795"><ele>9.799999999999999</ele></trkpt><trkpt lat="-27.048808333333334" lon="-48.589776666666666"><ele>10.4</ele></trkpt><trkpt lat="-27.048796666666664" lon="-48.58975999999999"><ele>10.9</ele></trkpt><trkpt lat="-27.048783333333336" lon="-48.58974499999999"><ele>11.1</ele></trkpt><trkpt lat="-27.048769999999998" lon="-48.589731666666665"><ele>11</ele></trkpt><trkpt lat="-27.04875666666667" lon="-48.58971833333333"><ele>11.2</ele></trkpt><trkpt lat="-27.04875666666667" lon="-48.58971833333333"><ele>11.2</ele></trkpt><trkpt lat="-27.048746666666663" lon="-48.58970166666666"><ele>11.299999999999999</ele></trkpt><trkpt lat="-27.048736666666667" lon="-48.589688333333335"><ele>11.5</ele></trkpt><trkpt lat="-27.04872833333333" lon="-48.58967833333333"><ele>11.799999999999999</ele></trkpt><trkpt lat="-27.048720000000003" lon="-48.58966999999999"><ele>12.299999999999999</ele></trkpt><trkpt lat="-27.048720000000003" lon="-48.58966999999999"><ele>12.299999999999999</ele></trkpt><trkpt lat="-27.048709999999996" lon="-48.58966333333333"><ele>12.7</ele></trkpt><trkpt lat="-27.048709999999996" lon="-48.58966333333333"><ele>12.7</ele></trkpt><trkpt lat="-27.048703333333332" lon="-48.58965"><ele>12.9</ele></trkpt><trkpt lat="-27.048691666666667" lon="-48.589635"><ele>13.299999999999999</ele></trkpt><trkpt lat="-27.048679999999997" lon="-48.589621666666666"><ele>13.6</ele></trkpt><trkpt lat="-27.04867" lon="-48.58960333333333"><ele>13.6</ele></trkpt><trkpt lat="-27.04865666666667" lon="-48.58957999999999"><ele>13.6</ele></trkpt><trkpt lat="-27.048641666666672" lon="-48.58955833333333"><ele>13.6</ele></trkpt><trkpt lat="-27.048625" lon="-48.58953833333333"><ele>13.6</ele></trkpt><trkpt lat="-27.048606666666668" lon="-48.58951999999999"><ele>14.2</ele></trkpt><trkpt lat="-27.048588333333335" lon="-48.589496666666676"><ele>14.2</ele></trkpt><trkpt lat="-27.04857" lon="-48.58947499999999"><ele>14.2</ele></trkpt><trkpt lat="-27.048553333333334" lon="-48.58945666666667"><ele>14.6</ele></trkpt><trkpt lat="-27.048541666666665" lon="-48.589443333333335"><ele>14.9</ele></trkpt><trkpt lat="-27.048541666666665" lon="-48.589443333333335"><ele>14.9</ele></trkpt><trkpt lat="-27.048529999999996" lon="-48.589435"><ele>14.6</ele></trkpt><trkpt lat="-27.04851833333333" lon="-48.58942666666667"><ele>14.5</ele></trkpt><trkpt lat="-27.048511666666666" lon="-48.58942333333333"><ele>14.1</ele></trkpt><trkpt lat="-27.048511666666666" lon="-48.58942333333333"><ele>13.9</ele></trkpt><trkpt lat="-27.048513333333336" lon="-48.58942333333333"><ele>13.7</ele></trkpt><trkpt lat="-27.048515" lon="-48.589425"><ele>13.799999999999999</ele></trkpt><trkpt lat="-27.048516666666668" lon="-48.589421666666674"><ele>13.799999999999999</ele></trkpt><trkpt lat="-27.04852" lon="-48.589421666666674"><ele>13.9</ele></trkpt><trkpt lat="-27.04852166666667" lon="-48.58942333333333"><ele>13.5</ele></trkpt><trkpt lat="-27.04852166666667" lon="-48.58942333333333"><ele>13.5</ele></trkpt><trkpt lat="-27.048523333333332" lon="-48.58942333333333"><ele>13.2</ele></trkpt><trkpt lat="-27.048515" lon="-48.589416666666665"><ele>12.9</ele></trkpt><trkpt lat="-27.048499999999997" lon="-48.58940166666666"><ele>12.4</ele></trkpt><trkpt lat="-27.04848" lon="-48.58938"><ele>11.6</ele></trkpt><trkpt lat="-27.048454999999997" lon="-48.58935833333333"><ele>10.5</ele></trkpt><trkpt lat="-27.04843166666667" lon="-48.589330000000004"><ele>9.799999999999999</ele></trkpt><trkpt lat="-27.04841333333333" lon="-48.589306666666666"><ele>9</ele></trkpt><trkpt lat="-27.048385" lon="-48.589281666666665"><ele>8.3</ele></trkpt><trkpt lat="-27.048360000000002" lon="-48.589259999999996"><ele>7.4</ele></trkpt><trkpt lat="-27.048325" lon="-48.58923166666667"><ele>6.699999999999999</ele></trkpt><trkpt lat="-27.04829833333333" lon="-48.58920499999999"><ele>5.6</ele></trkpt><trkpt lat="-27.048265" lon="-48.589171666666665"><ele>4.2</ele></trkpt><trkpt lat="-27.04823333333333" lon="-48.589144999999995"><ele>3.2</ele></trkpt><trkpt lat="-27.04820333333333" lon="-48.58911666666666"><ele>2.4000000000000004</ele></trkpt><trkpt lat="-27.048168333333333" lon="-48.589090000000006"><ele>1.4000000000000001</ele></trkpt><trkpt lat="-27.04812666666667" lon="-48.58906166666667"><ele>1.2000000000000002</ele></trkpt><trkpt lat="-27.04808166666667" lon="-48.58903166666667"><ele>0.9000000000000001</ele></trkpt><trkpt lat="-27.048045000000002" lon="-48.58900666666667"><ele>0.30000000000000004</ele></trkpt><trkpt lat="-27.047995" lon="-48.588966666666664"><ele>-0.6999999999999997</ele></trkpt><trkpt lat="-27.047955" lon="-48.58892000000001"><ele>-0.8999999999999999</ele></trkpt><trkpt lat="-27.04792166666667" lon="-48.58888"><ele>-1.5</ele></trkpt><trkpt lat="-27.04789333333333" lon="-48.58884333333334"><ele>-1.4</ele></trkpt><trkpt lat="-27.047865" lon="-48.588815000000004"><ele>-1.1</ele></trkpt><trkpt lat="-27.047865" lon="-48.588815000000004"><ele>-1.1</ele></trkpt><trkpt lat="-27.047839999999997" lon="-48.58878833333333"><ele>-0.5</ele></trkpt><trkpt lat="-27.047811666666668" lon="-48.58876"><ele>0.7000000000000001</ele></trkpt><trkpt lat="-27.047788333333333" lon="-48.588741666666664"><ele>1.5</ele></trkpt><trkpt lat="-27.04777" lon="-48.58872666666666"><ele>2.1</ele></trkpt><trkpt lat="-27.047753333333336" lon="-48.58870666666667"><ele>2.4000000000000004</ele></trkpt><trkpt lat="-27.047728333333332" lon="-48.58868833333333"><ele>2.8</ele></trkpt><trkpt lat="-27.047698333333333" lon="-48.58867"><ele>4.1</ele></trkpt><trkpt lat="-27.04767" lon="-48.58864833333334"><ele>5.300000000000001</ele></trkpt><trkpt lat="-27.047641666666664" lon="-48.588633333333334"><ele>6.4</ele></trkpt><trkpt lat="-27.047613333333334" lon="-48.58861666666667"><ele>6.699999999999999</ele></trkpt><trkpt lat="-27.047586666666668" lon="-48.58860500000001"><ele>7</ele></trkpt><trkpt lat="-27.047586666666668" lon="-48.58860500000001"><ele>7</ele></trkpt><trkpt lat="-27.047563333333333" lon="-48.58859333333333"><ele>7.6</ele></trkpt><trkpt lat="-27.047536666666662" lon="-48.588584999999995"><ele>8.1</ele></trkpt><trkpt lat="-27.047514999999997" lon="-48.588573333333336"><ele>8.9</ele></trkpt><trkpt lat="-27.047484999999998" lon="-48.58856333333333"><ele>8.8</ele></trkpt><trkpt lat="-27.04745666666667" lon="-48.588555"><ele>9</ele></trkpt><trkpt lat="-27.04745666666667" lon="-48.588555"><ele>9</ele></trkpt><trkpt lat="-27.047424999999997" lon="-48.58854666666666"><ele>9.2</ele></trkpt><trkpt lat="-27.047391666666666" lon="-48.58853666666667"><ele>9.3</ele></trkpt><trkpt lat="-27.04735333333333" lon="-48.588528333333336"><ele>9.3</ele></trkpt><trkpt lat="-27.04731333333333" lon="-48.58852"><ele>9.1</ele></trkpt><trkpt lat="-27.047273333333337" lon="-48.58851"><ele>8.4</ele></trkpt><trkpt lat="-27.047236666666663" lon="-48.58850166666666"><ele>8.1</ele></trkpt><trkpt lat="-27.047196666666665" lon="-48.588493333333325"><ele>8.3</ele></trkpt><trkpt lat="-27.04715666666667" lon="-48.588483333333336"><ele>8.2</ele></trkpt><trkpt lat="-27.047120000000003" lon="-48.58847333333333"><ele>8.2</ele></trkpt><trkpt lat="-27.047079999999998" lon="-48.58847166666666"><ele>8.7</ele></trkpt><trkpt lat="-27.047048333333336" lon="-48.588475"><ele>9.1</ele></trkpt><trkpt lat="-27.047019999999996" lon="-48.58847000000001"><ele>8.8</ele></trkpt><trkpt lat="-27.046989999999997" lon="-48.58846833333334"><ele>8.6</ele></trkpt><trkpt lat="-27.04696333333333" lon="-48.58846333333333"><ele>8.5</ele></trkpt><trkpt lat="-27.04696333333333" lon="-48.58846333333333"><ele>8.5</ele></trkpt><trkpt lat="-27.046944999999997" lon="-48.588460000000005"><ele>8</ele></trkpt><trkpt lat="-27.046925" lon="-48.58846333333333"><ele>8.2</ele></trkpt><trkpt lat="-27.04690833333333" lon="-48.58846666666667"><ele>8.5</ele></trkpt><trkpt lat="-27.046895000000003" lon="-48.58846333333333"><ele>8.4</ele></trkpt><trkpt lat="-27.04687666666667" lon="-48.588461666666674"><ele>8.1</ele></trkpt><trkpt lat="-27.04685833333333" lon="-48.58845833333333"><ele>8</ele></trkpt><trkpt lat="-27.046835" lon="-48.588448333333325"><ele>8.2</ele></trkpt><trkpt lat="-27.046835" lon="-48.588448333333325"><ele>8.2</ele></trkpt><trkpt lat="-27.046809999999997" lon="-48.58844333333333"><ele>7.800000000000001</ele></trkpt><trkpt lat="-27.046781666666668" lon="-48.58844166666666"><ele>7.199999999999999</ele></trkpt><trkpt lat="-27.04675166666667" lon="-48.588440000000006"><ele>7.199999999999999</ele></trkpt><trkpt lat="-27.046716666666665" lon="-48.588438333333336"><ele>6.800000000000001</ele></trkpt><trkpt lat="-27.046676666666666" lon="-48.58843666666667"><ele>6.9</ele></trkpt><trkpt lat="-27.04663333333333" lon="-48.58843166666667"><ele>6.5</ele></trkpt><trkpt lat="-27.04659333333333" lon="-48.58842666666666"><ele>6.1</ele></trkpt><trkpt lat="-27.046556666666667" lon="-48.58841833333333"><ele>6.5</ele></trkpt><trkpt lat="-27.046524999999995" lon="-48.588415000000005"><ele>6.800000000000001</ele></trkpt><trkpt lat="-27.046491666666665" lon="-48.58841333333333"><ele>6.800000000000001</ele></trkpt><trkpt lat="-27.046449999999997" lon="-48.588406666666664"><ele>6.1</ele></trkpt><trkpt lat="-27.046409999999998" lon="-48.588403333333325"><ele>5.9</ele></trkpt><trkpt lat="-27.046370000000003" lon="-48.58839833333333"><ele>6</ele></trkpt><trkpt lat="-27.046331666666667" lon="-48.588395000000006"><ele>6</ele></trkpt><trkpt lat="-27.04629166666667" lon="-48.588393333333336"><ele>5.5</ele></trkpt><trkpt lat="-27.04624666666667" lon="-48.588393333333336"><ele>4.9</ele></trkpt><trkpt lat="-27.046208333333333" lon="-48.58838166666666"><ele>6.5</ele></trkpt><trkpt lat="-27.04617166666667" lon="-48.58837833333334"><ele>7.199999999999999</ele></trkpt><trkpt lat="-27.046136666666666" lon="-48.58838000000001"><ele>7.6</ele></trkpt><trkpt lat="-27.046101666666665" lon="-48.58838000000001"><ele>7.4</ele></trkpt><trkpt lat="-27.04606666666667" lon="-48.58837833333334"><ele>7.4</ele></trkpt><trkpt lat="-27.046031666666668" lon="-48.58838000000001"><ele>7.300000000000001</ele></trkpt><trkpt lat="-27.04599166666667" lon="-48.58837833333334"><ele>6.4</ele></trkpt><trkpt lat="-27.04594833333333" lon="-48.588375"><ele>5.5</ele></trkpt><trkpt lat="-27.04590333333333" lon="-48.58836833333333"><ele>5.2</ele></trkpt><trkpt lat="-27.04586" lon="-48.588365"><ele>5.1</ele></trkpt><trkpt lat="-27.045816666666664" lon="-48.588361666666664"><ele>5.2</ele></trkpt><trkpt lat="-27.045771666666663" lon="-48.588359999999994"><ele>5.2</ele></trkpt><trkpt lat="-27.045771666666663" lon="-48.588359999999994"><ele>5.2</ele></trkpt><trkpt lat="-27.045731666666665" lon="-48.58835666666667"><ele>5.5</ele></trkpt><trkpt lat="-27.045731666666665" lon="-48.58835666666667"><ele>5.5</ele></trkpt><trkpt lat="-27.045698333333334" lon="-48.588355"><ele>5.2</ele></trkpt><trkpt lat="-27.04566333333333" lon="-48.588355"><ele>6.300000000000001</ele></trkpt><trkpt lat="-27.045625000000005" lon="-48.58835666666667"><ele>6.699999999999999</ele></trkpt><trkpt lat="-27.04558833333333" lon="-48.588355"><ele>7.199999999999999</ele></trkpt><trkpt lat="-27.045536666666667" lon="-48.58835166666666"><ele>7</ele></trkpt><trkpt lat="-27.04549666666667" lon="-48.588348333333336"><ele>7.199999999999999</ele></trkpt><trkpt lat="-27.045458333333332" lon="-48.588345"><ele>7.1</ele></trkpt><trkpt lat="-27.045416666666664" lon="-48.58834166666667"><ele>7.300000000000001</ele></trkpt><trkpt lat="-27.045374999999996" lon="-48.58834"><ele>7</ele></trkpt><trkpt lat="-27.045338333333333" lon="-48.58833833333333"><ele>7.1</ele></trkpt><trkpt lat="-27.045305" lon="-48.58833833333333"><ele>7.199999999999999</ele></trkpt><trkpt lat="-27.045271666666668" lon="-48.58834"><ele>7.4</ele></trkpt><trkpt lat="-27.045238333333334" lon="-48.58834333333333"><ele>7.699999999999999</ele></trkpt><trkpt lat="-27.045205000000003" lon="-48.588345"><ele>8.1</ele></trkpt><trkpt lat="-27.045175000000004" lon="-48.588346666666666"><ele>8.3</ele></trkpt><trkpt lat="-27.045145" lon="-48.58834166666667"><ele>8.6</ele></trkpt><trkpt lat="-27.045116666666665" lon="-48.58834"><ele>9</ele></trkpt><trkpt lat="-27.045116666666665" lon="-48.58834"><ele>9</ele></trkpt><trkpt lat="-27.045095" lon="-48.58834166666667"><ele>9.2</ele></trkpt><trkpt lat="-27.045073333333335" lon="-48.58833833333333"><ele>9.3</ele></trkpt><trkpt lat="-27.04505166666667" lon="-48.58833833333333"><ele>9.4</ele></trkpt><trkpt lat="-27.045035" lon="-48.58833500000001"><ele>9.1</ele></trkpt><trkpt lat="-27.045035" lon="-48.58833500000001"><ele>9.1</ele></trkpt><trkpt lat="-27.04502166666667" lon="-48.58833500000001"><ele>8.9</ele></trkpt><trkpt lat="-27.04501" lon="-48.58833333333334"><ele>8.6</ele></trkpt><trkpt lat="-27.044998333333336" lon="-48.58833"><ele>8.3</ele></trkpt><trkpt lat="-27.04499" lon="-48.58832833333333"><ele>8.3</ele></trkpt><trkpt lat="-27.044983333333334" lon="-48.588325000000005"><ele>8.7</ele></trkpt><trkpt lat="-27.044983333333334" lon="-48.588325000000005"><ele>8.7</ele></trkpt><trkpt lat="-27.04497333333334" lon="-48.58832166666666"><ele>8.7</ele></trkpt><trkpt lat="-27.04496333333333" lon="-48.58832"><ele>8.8</ele></trkpt><trkpt lat="-27.044956666666668" lon="-48.58832"><ele>8.9</ele></trkpt><trkpt lat="-27.04494833333333" lon="-48.58832333333333"><ele>9</ele></trkpt><trkpt lat="-27.044938333333334" lon="-48.58832333333333"><ele>9</ele></trkpt><trkpt lat="-27.044921666666664" lon="-48.58832833333333"><ele>8.8</ele></trkpt><trkpt lat="-27.044921666666664" lon="-48.58832833333333"><ele>8.8</ele></trkpt><trkpt lat="-27.044906666666666" lon="-48.588326666666674"><ele>8.7</ele></trkpt><trkpt lat="-27.044885" lon="-48.58832"><ele>9</ele></trkpt><trkpt lat="-27.044860000000003" lon="-48.58832"><ele>9</ele></trkpt><trkpt lat="-27.04482833333333" lon="-48.58832"><ele>8.9</ele></trkpt><trkpt lat="-27.044806666666666" lon="-48.588314999999994"><ele>8.5</ele></trkpt><trkpt lat="-27.04478166666667" lon="-48.58831166666667"><ele>8.4</ele></trkpt><trkpt lat="-27.044759999999997" lon="-48.58831"><ele>8.4</ele></trkpt><trkpt lat="-27.044735" lon="-48.58830833333333"><ele>8.7</ele></trkpt><trkpt lat="-27.04470666666667" lon="-48.588301666666666"><ele>8.6</ele></trkpt><trkpt lat="-27.04467833333333" lon="-48.58829666666667"><ele>8.7</ele></trkpt><trkpt lat="-27.044651666666663" lon="-48.58829666666667"><ele>8.8</ele></trkpt><trkpt lat="-27.044631666666668" lon="-48.58829333333333"><ele>8.4</ele></trkpt><trkpt lat="-27.044611666666665" lon="-48.58828833333334"><ele>8.3</ele></trkpt><trkpt lat="-27.044590000000003" lon="-48.58828333333333"><ele>8.5</ele></trkpt><trkpt lat="-27.044564999999995" lon="-48.58828333333333"><ele>8.4</ele></trkpt><trkpt lat="-27.044539999999998" lon="-48.58828666666667"><ele>8.3</ele></trkpt><trkpt lat="-27.04451" lon="-48.58828833333334"><ele>8</ele></trkpt><trkpt lat="-27.04448" lon="-48.58829333333333"><ele>8</ele></trkpt><trkpt lat="-27.04445333333333" lon="-48.58828833333334"><ele>7.699999999999999</ele></trkpt><trkpt lat="-27.04442166666667" lon="-48.58828666666667"><ele>8</ele></trkpt><trkpt lat="-27.04439" lon="-48.588285"><ele>8.3</ele></trkpt><trkpt lat="-27.044359999999998" lon="-48.58828333333333"><ele>8.1</ele></trkpt><trkpt lat="-27.044331666666668" lon="-48.588285"><ele>8.2</ele></trkpt><trkpt lat="-27.044308333333333" lon="-48.588285"><ele>8.1</ele></trkpt><trkpt lat="-27.044283333333336" lon="-48.588281666666674"><ele>8.1</ele></trkpt><trkpt lat="-27.044245" lon="-48.588271666666664"><ele>7.4</ele></trkpt><trkpt lat="-27.044208333333337" lon="-48.58826166666666"><ele>7</ele></trkpt><trkpt lat="-27.044175000000003" lon="-48.588255"><ele>6.800000000000001</ele></trkpt><trkpt lat="-27.044141666666665" lon="-48.58824166666667"><ele>6.199999999999999</ele></trkpt><trkpt lat="-27.04410833333333" lon="-48.58823"><ele>6.199999999999999</ele></trkpt><trkpt lat="-27.04407833333333" lon="-48.58821666666666"><ele>5.9</ele></trkpt><trkpt lat="-27.044044999999997" lon="-48.58820333333333"><ele>5.5</ele></trkpt><trkpt lat="-27.044013333333336" lon="-48.58818666666666"><ele>5.4</ele></trkpt><trkpt lat="-27.04398666666667" lon="-48.58817333333333"><ele>5.800000000000001</ele></trkpt><trkpt lat="-27.043960000000002" lon="-48.58815500000001"><ele>6</ele></trkpt><trkpt lat="-27.04393" lon="-48.588133333333325"><ele>6.300000000000001</ele></trkpt><trkpt lat="-27.043908333333334" lon="-48.588115"><ele>6.699999999999999</ele></trkpt><trkpt lat="-27.043879999999998" lon="-48.588088333333324"><ele>6.1</ele></trkpt><trkpt lat="-27.043858333333333" lon="-48.58805833333333"><ele>5.699999999999999</ele></trkpt><trkpt lat="-27.04383833333333" lon="-48.58802666666667"><ele>5.300000000000001</ele></trkpt><trkpt lat="-27.04383833333333" lon="-48.58802666666667"><ele>5.300000000000001</ele></trkpt><trkpt lat="-27.043818333333334" lon="-48.587995"><ele>5.4</ele></trkpt><trkpt lat="-27.0438" lon="-48.58796833333334"><ele>5.9</ele></trkpt><trkpt lat="-27.04378166666667" lon="-48.587941666666666"><ele>5.699999999999999</ele></trkpt><trkpt lat="-27.043774999999997" lon="-48.587925"><ele>6.4</ele></trkpt><trkpt lat="-27.043771666666665" lon="-48.58791333333333"><ele>6.800000000000001</ele></trkpt><trkpt lat="-27.043768333333333" lon="-48.587915"><ele>7.6</ele></trkpt><trkpt lat="-27.04376666666667" lon="-48.58791666666666"><ele>7.800000000000001</ele></trkpt><trkpt lat="-27.04376666666667" lon="-48.587920000000004"><ele>7.699999999999999</ele></trkpt><trkpt lat="-27.04376666666667" lon="-48.587920000000004"><ele>7.6</ele></trkpt><trkpt lat="-27.04376333333333" lon="-48.587920000000004"><ele>7.5</ele></trkpt><trkpt lat="-27.04376" lon="-48.58791833333333"><ele>7.4</ele></trkpt><trkpt lat="-27.04376" lon="-48.587920000000004"><ele>7.4</ele></trkpt><trkpt lat="-27.04376" lon="-48.58791833333333"><ele>7.5</ele></trkpt><trkpt lat="-27.043758333333336" lon="-48.587909999999994"><ele>7.5</ele></trkpt><trkpt lat="-27.043758333333336" lon="-48.58790666666667"><ele>7.6</ele></trkpt><trkpt lat="-27.043758333333336" lon="-48.58790333333333"><ele>7.5</ele></trkpt><trkpt lat="-27.04376" lon="-48.58790166666666"><ele>7.6</ele></trkpt><trkpt lat="-27.04376" lon="-48.58790333333333"><ele>7.5</ele></trkpt><trkpt lat="-27.043758333333336" lon="-48.587905"><ele>7.4</ele></trkpt><trkpt lat="-27.043758333333336" lon="-48.58790666666667"><ele>7.4</ele></trkpt><trkpt lat="-27.043756666666663" lon="-48.58790833333334"><ele>7.199999999999999</ele></trkpt><trkpt lat="-27.04375333333333" lon="-48.58791166666666"><ele>7.199999999999999</ele></trkpt><trkpt lat="-27.04375166666667" lon="-48.58791333333333"><ele>7</ele></trkpt><trkpt lat="-27.04374833333333" lon="-48.58791666666666"><ele>6.6</ele></trkpt><trkpt lat="-27.043744999999998" lon="-48.587920000000004"><ele>6.300000000000001</ele></trkpt><trkpt lat="-27.043744999999998" lon="-48.58792333333334"><ele>6.1</ele></trkpt><trkpt lat="-27.043744999999998" lon="-48.58792333333334"><ele>6.1</ele></trkpt><trkpt lat="-27.043746666666667" lon="-48.587925"><ele>5.9</ele></trkpt><trkpt lat="-27.04375166666667" lon="-48.58792666666667"><ele>5.699999999999999</ele></trkpt><trkpt lat="-27.04375166666667" lon="-48.58792833333334"><ele>5.800000000000001</ele></trkpt><trkpt lat="-27.04375" lon="-48.58792666666667"><ele>5.800000000000001</ele></trkpt><trkpt lat="-27.04375" lon="-48.587925"><ele>5.800000000000001</ele></trkpt><trkpt lat="-27.04375" lon="-48.58792333333334"><ele>5.800000000000001</ele></trkpt><trkpt lat="-27.04375" lon="-48.58792333333334"><ele>5.800000000000001</ele></trkpt><trkpt lat="-27.04374833333333" lon="-48.587921666666674"><ele>5.800000000000001</ele></trkpt><trkpt lat="-27.04374833333333" lon="-48.58791833333333"><ele>5.800000000000001</ele></trkpt><trkpt lat="-27.043741666666666" lon="-48.58790833333334"><ele>6</ele></trkpt><trkpt lat="-27.043729999999996" lon="-48.58789166666667"><ele>6.199999999999999</ele></trkpt><trkpt lat="-27.04372166666667" lon="-48.58787166666666"><ele>6.5</ele></trkpt><trkpt lat="-27.043713333333336" lon="-48.58784833333334"><ele>6.4</ele></trkpt><trkpt lat="-27.04371" lon="-48.587819999999994"><ele>6.699999999999999</ele></trkpt><trkpt lat="-27.043705" lon="-48.58779"><ele>6.800000000000001</ele></trkpt><trkpt lat="-27.043693333333334" lon="-48.58777166666667"><ele>6.800000000000001</ele></trkpt><trkpt lat="-27.043686666666666" lon="-48.587755"><ele>7.1</ele></trkpt><trkpt lat="-27.043683333333334" lon="-48.58774166666667"><ele>7.4</ele></trkpt><trkpt lat="-27.043680000000002" lon="-48.58772833333334"><ele>7.5</ele></trkpt><trkpt lat="-27.043675" lon="-48.58771166666667"><ele>7.300000000000001</ele></trkpt><trkpt lat="-27.043666666666663" lon="-48.58769"><ele>7.4</ele></trkpt><trkpt lat="-27.043665" lon="-48.58766666666667"><ele>7.5</ele></trkpt><trkpt lat="-27.043665" lon="-48.58764333333333"><ele>7.699999999999999</ele></trkpt><trkpt lat="-27.04366166666667" lon="-48.58761833333333"><ele>7.4</ele></trkpt><trkpt lat="-27.04365833333333" lon="-48.58759666666666"><ele>7.699999999999999</ele></trkpt><trkpt lat="-27.043656666666667" lon="-48.587575"><ele>8</ele></trkpt><trkpt lat="-27.043654999999998" lon="-48.587555"><ele>8.4</ele></trkpt><trkpt lat="-27.043653333333335" lon="-48.587536666666665"><ele>8.4</ele></trkpt><trkpt lat="-27.043656666666667" lon="-48.587515"><ele>9</ele></trkpt><trkpt lat="-27.043656666666667" lon="-48.587495000000004"><ele>9</ele></trkpt><trkpt lat="-27.043656666666667" lon="-48.58747666666667"><ele>9.5</ele></trkpt><trkpt lat="-27.04365833333333" lon="-48.58746166666666"><ele>10</ele></trkpt><trkpt lat="-27.04366" lon="-48.58744166666667"><ele>10.299999999999999</ele></trkpt><trkpt lat="-27.04366166666667" lon="-48.58742166666666"><ele>10.7</ele></trkpt><trkpt lat="-27.04366333333333" lon="-48.587401666666665"><ele>10.9</ele></trkpt><trkpt lat="-27.043665" lon="-48.58738"><ele>11.299999999999999</ele></trkpt><trkpt lat="-27.043665" lon="-48.587358333333334"><ele>11.299999999999999</ele></trkpt><trkpt lat="-27.043668333333336" lon="-48.587335"><ele>11.299999999999999</ele></trkpt><trkpt lat="-27.04367333333333" lon="-48.587311666666665"><ele>11.6</ele></trkpt><trkpt lat="-27.043678333333332" lon="-48.58729166666667"><ele>11.4</ele></trkpt><trkpt lat="-27.043681666666664" lon="-48.587264999999995"><ele>11.5</ele></trkpt><trkpt lat="-27.043684999999996" lon="-48.587243333333326"><ele>11.6</ele></trkpt><trkpt lat="-27.043686666666666" lon="-48.587221666666665"><ele>12</ele></trkpt><trkpt lat="-27.04369" lon="-48.58719666666666"><ele>12.7</ele></trkpt><trkpt lat="-27.043695000000003" lon="-48.58717333333334"><ele>12.7</ele></trkpt><trkpt lat="-27.043701666666667" lon="-48.58714833333333"><ele>13.299999999999999</ele></trkpt><trkpt lat="-27.04370666666667" lon="-48.58712833333334"><ele>13.7</ele></trkpt><trkpt lat="-27.04370833333333" lon="-48.587108333333326"><ele>13.9</ele></trkpt><trkpt lat="-27.04370833333333" lon="-48.587084999999995"><ele>13.799999999999999</ele></trkpt><trkpt lat="-27.04370833333333" lon="-48.587065"><ele>13.6</ele></trkpt><trkpt lat="-27.04371" lon="-48.587041666666664"><ele>13.6</ele></trkpt><trkpt lat="-27.043711666666663" lon="-48.58702166666667"><ele>13.5</ele></trkpt><trkpt lat="-27.043715" lon="-48.58700333333333"><ele>13.6</ele></trkpt><trkpt lat="-27.043715" lon="-48.58698"><ele>13.9</ele></trkpt><trkpt lat="-27.043715" lon="-48.58695833333333"><ele>13.5</ele></trkpt><trkpt lat="-27.04372166666667" lon="-48.586936666666666"><ele>14.1</ele></trkpt><trkpt lat="-27.04372166666667" lon="-48.58691666666667"><ele>14.1</ele></trkpt><trkpt lat="-27.043723333333332" lon="-48.58689833333333"><ele>14.299999999999999</ele></trkpt><trkpt lat="-27.043723333333332" lon="-48.58687833333333"><ele>14.6</ele></trkpt><trkpt lat="-27.043723333333332" lon="-48.58685666666667"><ele>14.7</ele></trkpt><trkpt lat="-27.043725000000002" lon="-48.586846666666666"><ele>15.1</ele></trkpt><trkpt lat="-27.043725000000002" lon="-48.58683333333333"><ele>15.9</ele></trkpt><trkpt lat="-27.043725000000002" lon="-48.58681833333333"><ele>16.5</ele></trkpt><trkpt lat="-27.043725000000002" lon="-48.586801666666666"><ele>16.7</ele></trkpt><trkpt lat="-27.043725000000002" lon="-48.58678"><ele>16.6</ele></trkpt><trkpt lat="-27.043728333333334" lon="-48.586760000000005"><ele>16.400000000000002</ele></trkpt><trkpt lat="-27.043729999999996" lon="-48.58674166666666"><ele>16.2</ele></trkpt><trkpt lat="-27.043731666666666" lon="-48.58672166666667"><ele>16.1</ele></trkpt><trkpt lat="-27.04373333333333" lon="-48.586703333333325"><ele>15.9</ele></trkpt><trkpt lat="-27.043735" lon="-48.58668666666667"><ele>16.2</ele></trkpt><trkpt lat="-27.043735" lon="-48.586671666666675"><ele>16.1</ele></trkpt><trkpt lat="-27.04373666666667" lon="-48.58665333333333"><ele>16.1</ele></trkpt><trkpt lat="-27.043741666666666" lon="-48.586634999999994"><ele>16.2</ele></trkpt><trkpt lat="-27.043744999999998" lon="-48.586621666666666"><ele>16.2</ele></trkpt><trkpt lat="-27.043743333333335" lon="-48.58660499999999"><ele>16.5</ele></trkpt><trkpt lat="-27.043743333333335" lon="-48.58659166666666"><ele>16.400000000000002</ele></trkpt><trkpt lat="-27.043741666666666" lon="-48.586580000000005"><ele>16.7</ele></trkpt><trkpt lat="-27.043740000000003" lon="-48.586568333333325"><ele>16.900000000000002</ele></trkpt><trkpt lat="-27.04373666666667" lon="-48.58655"><ele>17.5</ele></trkpt><trkpt lat="-27.04373666666667" lon="-48.58654"><ele>17.8</ele></trkpt><trkpt lat="-27.043728333333334" lon="-48.586525"><ele>18</ele></trkpt><trkpt lat="-27.043723333333332" lon="-48.58650666666667"><ele>18.3</ele></trkpt><trkpt lat="-27.043723333333332" lon="-48.586486666666666"><ele>18.6</ele></trkpt><trkpt lat="-27.043725000000002" lon="-48.586468333333336"><ele>19</ele></trkpt><trkpt lat="-27.04372166666667" lon="-48.58645333333334"><ele>19.200000000000003</ele></trkpt><trkpt lat="-27.04371833333333" lon="-48.586443333333335"><ele>19.3</ele></trkpt><trkpt lat="-27.043713333333336" lon="-48.58642666666666"><ele>19.700000000000003</ele></trkpt><trkpt lat="-27.04370833333333" lon="-48.586415"><ele>20</ele></trkpt><trkpt lat="-27.043701666666667" lon="-48.586401666666674"><ele>20.5</ele></trkpt><trkpt lat="-27.043695000000003" lon="-48.58639333333334"><ele>20.900000000000002</ele></trkpt><trkpt lat="-27.04369" lon="-48.58638166666666"><ele>21.3</ele></trkpt><trkpt lat="-27.043681666666664" lon="-48.58636833333333"><ele>21.6</ele></trkpt><trkpt lat="-27.04367666666667" lon="-48.586356666666674"><ele>22</ele></trkpt><trkpt lat="-27.043675" lon="-48.58634666666667"><ele>22.400000000000002</ele></trkpt><trkpt lat="-27.04367" lon="-48.58634"><ele>22.5</ele></trkpt><trkpt lat="-27.043665" lon="-48.586333333333336"><ele>22.8</ele></trkpt><trkpt lat="-27.04366" lon="-48.58632166666666"><ele>23.200000000000003</ele></trkpt><trkpt lat="-27.043656666666667" lon="-48.58632333333333"><ele>22.900000000000002</ele></trkpt><trkpt lat="-27.043651666666666" lon="-48.586315"><ele>23.8</ele></trkpt><trkpt lat="-27.043641666666666" lon="-48.586310000000005"><ele>23.900000000000002</ele></trkpt><trkpt lat="-27.04362833333333" lon="-48.586306666666665"><ele>24.200000000000003</ele></trkpt><trkpt lat="-27.043611666666667" lon="-48.58629333333333"><ele>24.6</ele></trkpt><trkpt lat="-27.04359833333333" lon="-48.586286666666666"><ele>25.1</ele></trkpt><trkpt lat="-27.043588333333332" lon="-48.58627333333334"><ele>25.6</ele></trkpt><trkpt lat="-27.043578333333336" lon="-48.586263333333335"><ele>26</ele></trkpt><trkpt lat="-27.043566666666667" lon="-48.586253333333325"><ele>26.200000000000003</ele></trkpt><trkpt lat="-27.04355666666667" lon="-48.58624666666666"><ele>26.200000000000003</ele></trkpt><trkpt lat="-27.043551666666666" lon="-48.58623833333333"><ele>26.5</ele></trkpt><trkpt lat="-27.043546666666664" lon="-48.58622999999999"><ele>26.8</ele></trkpt><trkpt lat="-27.043536666666668" lon="-48.586218333333335"><ele>27.1</ele></trkpt><trkpt lat="-27.04353" lon="-48.586208333333325"><ele>27.400000000000002</ele></trkpt><trkpt lat="-27.043525" lon="-48.58619999999999"><ele>27.400000000000002</ele></trkpt><trkpt lat="-27.043515000000003" lon="-48.58619166666667"><ele>27</ele></trkpt><trkpt lat="-27.043504999999996" lon="-48.58618666666666"><ele>26.8</ele></trkpt><trkpt lat="-27.043491666666668" lon="-48.58618166666667"><ele>26.700000000000003</ele></trkpt><trkpt lat="-27.04348" lon="-48.58617833333333"><ele>27</ele></trkpt><trkpt lat="-27.043471666666665" lon="-48.586176666666674"><ele>27.1</ele></trkpt><trkpt lat="-27.04346333333334" lon="-48.586173333333335"><ele>27.6</ele></trkpt><trkpt lat="-27.043455" lon="-48.586169999999996"><ele>27.900000000000002</ele></trkpt><trkpt lat="-27.043446666666668" lon="-48.58616833333334"><ele>28.1</ele></trkpt><trkpt lat="-27.04344" lon="-48.58616833333334"><ele>28.3</ele></trkpt><trkpt lat="-27.043428333333335" lon="-48.586165"><ele>28.700000000000003</ele></trkpt><trkpt lat="-27.043416666666666" lon="-48.586165"><ele>29.1</ele></trkpt><trkpt lat="-27.043405" lon="-48.586163333333324"><ele>29.1</ele></trkpt><trkpt lat="-27.043395" lon="-48.58615833333333"><ele>28.900000000000002</ele></trkpt><trkpt lat="-27.043381666666665" lon="-48.586149999999996"><ele>29</ele></trkpt><trkpt lat="-27.043369999999996" lon="-48.586145"><ele>29</ele></trkpt><trkpt lat="-27.043358333333337" lon="-48.58614333333333"><ele>29.5</ele></trkpt><trkpt lat="-27.043345" lon="-48.58614166666666"><ele>30.1</ele></trkpt><trkpt lat="-27.043333333333333" lon="-48.58613999999999"><ele>30.400000000000002</ele></trkpt><trkpt lat="-27.04332" lon="-48.58613666666667"><ele>30.900000000000002</ele></trkpt><trkpt lat="-27.043308333333336" lon="-48.58613666666667"><ele>30.900000000000002</ele></trkpt><trkpt lat="-27.043298333333336" lon="-48.58613833333334"><ele>31</ele></trkpt><trkpt lat="-27.04328666666667" lon="-48.58613833333334"><ele>31.1</ele></trkpt><trkpt lat="-27.04327333333333" lon="-48.58613333333333"><ele>31.200000000000003</ele></trkpt><trkpt lat="-27.043263333333336" lon="-48.586131666666674"><ele>31.3</ele></trkpt><trkpt lat="-27.043249999999997" lon="-48.586131666666674"><ele>30.8</ele></trkpt><trkpt lat="-27.043234999999996" lon="-48.586135"><ele>30.6</ele></trkpt><trkpt lat="-27.043221666666668" lon="-48.58613666666667"><ele>30.8</ele></trkpt><trkpt lat="-27.043208333333336" lon="-48.586135"><ele>30.5</ele></trkpt><trkpt lat="-27.04319333333334" lon="-48.586135"><ele>30.400000000000002</ele></trkpt><trkpt lat="-27.04318" lon="-48.58613333333333"><ele>30.3</ele></trkpt><trkpt lat="-27.043165" lon="-48.58613333333333"><ele>30.3</ele></trkpt><trkpt lat="-27.04315" lon="-48.586131666666674"><ele>29.900000000000002</ele></trkpt><trkpt lat="-27.043135" lon="-48.586131666666674"><ele>29.8</ele></trkpt><trkpt lat="-27.04312333333333" lon="-48.586131666666674"><ele>29.700000000000003</ele></trkpt><trkpt lat="-27.043110000000002" lon="-48.586130000000004"><ele>29.6</ele></trkpt><trkpt lat="-27.043099999999995" lon="-48.586126666666665"><ele>29.5</ele></trkpt><trkpt lat="-27.043086666666667" lon="-48.58612333333334"><ele>30.1</ele></trkpt><trkpt lat="-27.043074999999998" lon="-48.586116666666676"><ele>30</ele></trkpt><trkpt lat="-27.04306" lon="-48.586115"><ele>30</ele></trkpt><trkpt lat="-27.04305" lon="-48.58611166666666"><ele>30.1</ele></trkpt><trkpt lat="-27.043039999999998" lon="-48.58611166666666"><ele>30.1</ele></trkpt><trkpt lat="-27.043026666666666" lon="-48.58611333333333"><ele>30.3</ele></trkpt><trkpt lat="-27.043013333333338" lon="-48.58611166666666"><ele>30.700000000000003</ele></trkpt><trkpt lat="-27.043" lon="-48.58611166666666"><ele>30.8</ele></trkpt><trkpt lat="-27.042986666666668" lon="-48.58610333333333"><ele>31.700000000000003</ele></trkpt><trkpt lat="-27.04297" lon="-48.58609666666666"><ele>32.8</ele></trkpt><trkpt lat="-27.04295666666667" lon="-48.58609666666666"><ele>33.2</ele></trkpt><trkpt lat="-27.04294333333333" lon="-48.58609333333334"><ele>33.5</ele></trkpt><trkpt lat="-27.042930000000002" lon="-48.58609166666667"><ele>33.7</ele></trkpt><trkpt lat="-27.042915" lon="-48.586085000000004"><ele>34</ele></trkpt><trkpt lat="-27.042901666666662" lon="-48.586079999999995"><ele>33.800000000000004</ele></trkpt><trkpt lat="-27.042890000000003" lon="-48.586079999999995"><ele>33.3</ele></trkpt><trkpt lat="-27.042875000000002" lon="-48.58607666666667"><ele>33.2</ele></trkpt><trkpt lat="-27.042863333333337" lon="-48.586073333333324"><ele>33.3</ele></trkpt><trkpt lat="-27.04285333333333" lon="-48.586073333333324"><ele>33.2</ele></trkpt><trkpt lat="-27.042843333333334" lon="-48.58606833333333"><ele>33.6</ele></trkpt><trkpt lat="-27.042831666666665" lon="-48.586059999999996"><ele>34</ele></trkpt><trkpt lat="-27.04282" lon="-48.58604833333334"><ele>34.5</ele></trkpt><trkpt lat="-27.042803333333335" lon="-48.586040000000004"><ele>34.800000000000004</ele></trkpt><trkpt lat="-27.04279" lon="-48.58603333333334"><ele>34.800000000000004</ele></trkpt><trkpt lat="-27.04277666666667" lon="-48.586026666666676"><ele>35</ele></trkpt><trkpt lat="-27.042759999999998" lon="-48.586014999999996"><ele>35.7</ele></trkpt><trkpt lat="-27.042745" lon="-48.58600499999999"><ele>36.2</ele></trkpt><trkpt lat="-27.042728333333336" lon="-48.585993333333334"><ele>36.6</ele></trkpt><trkpt lat="-27.042713333333335" lon="-48.585983333333324"><ele>36.7</ele></trkpt><trkpt lat="-27.04270166666667" lon="-48.58597666666666"><ele>36.800000000000004</ele></trkpt><trkpt lat="-27.04269" lon="-48.58596333333333"><ele>37.4</ele></trkpt><trkpt lat="-27.042678333333335" lon="-48.585950000000004"><ele>38</ele></trkpt><trkpt lat="-27.042671666666667" lon="-48.585938333333324"><ele>38.6</ele></trkpt><trkpt lat="-27.042661666666664" lon="-48.58593166666666"><ele>39</ele></trkpt><trkpt lat="-27.042653333333337" lon="-48.58592166666667"><ele>39</ele></trkpt><trkpt lat="-27.04264333333333" lon="-48.58591500000001"><ele>38.6</ele></trkpt><trkpt lat="-27.04263166666666" lon="-48.58591"><ele>38.4</ele></trkpt><trkpt lat="-27.042618333333333" lon="-48.58590666666667"><ele>37.9</ele></trkpt><trkpt lat="-27.042603333333332" lon="-48.58590000000001"><ele>38.1</ele></trkpt><trkpt lat="-27.042590000000004" lon="-48.585891666666676"><ele>38.2</ele></trkpt><trkpt lat="-27.042579999999997" lon="-48.58589"><ele>38.2</ele></trkpt><trkpt lat="-27.04256833333333" lon="-48.58588833333333"><ele>38.4</ele></trkpt><trkpt lat="-27.04255333333333" lon="-48.585879999999996"><ele>39.4</ele></trkpt><trkpt lat="-27.042545000000004" lon="-48.58587666666667"><ele>40.5</ele></trkpt><trkpt lat="-27.04253833333333" lon="-48.58587166666666"><ele>41</ele></trkpt><trkpt lat="-27.042530000000003" lon="-48.58586666666667"><ele>41.5</ele></trkpt><trkpt lat="-27.042528333333333" lon="-48.585865"><ele>41.9</ele></trkpt><trkpt lat="-27.042525" lon="-48.585865"><ele>42.300000000000004</ele></trkpt><trkpt lat="-27.042525" lon="-48.585860000000004"><ele>42.7</ele></trkpt><trkpt lat="-27.042528333333333" lon="-48.58586333333333"><ele>43.1</ele></trkpt><trkpt lat="-27.042528333333333" lon="-48.58586333333333"><ele>43.1</ele></trkpt><trkpt lat="-27.042531666666665" lon="-48.58586333333333"><ele>43.300000000000004</ele></trkpt><trkpt lat="-27.042533333333335" lon="-48.585865"><ele>43.2</ele></trkpt><trkpt lat="-27.042531666666665" lon="-48.585865"><ele>43.2</ele></trkpt><trkpt lat="-27.042533333333335" lon="-48.58586333333333"><ele>43.4</ele></trkpt><trkpt lat="-27.042534999999997" lon="-48.58586166666667"><ele>43.4</ele></trkpt><trkpt lat="-27.042534999999997" lon="-48.58586166666667"><ele>43.4</ele></trkpt><trkpt lat="-27.042534999999997" lon="-48.58586166666667"><ele>43.4</ele></trkpt><trkpt lat="-27.042534999999997" lon="-48.58586166666667"><ele>43.4</ele></trkpt><trkpt lat="-27.042534999999997" lon="-48.58586166666667"><ele>43.4</ele></trkpt><trkpt lat="-27.042534999999997" lon="-48.58586166666667"><ele>43.4</ele></trkpt><trkpt lat="-27.042534999999997" lon="-48.58586166666667"><ele>43.4</ele></trkpt><trkpt lat="-27.042534999999997" lon="-48.58586166666667"><ele>43.4</ele></trkpt><trkpt lat="-27.042534999999997" lon="-48.58586166666667"><ele>43.4</ele></trkpt><trkpt lat="-27.042534999999997" lon="-48.58586166666667"><ele>43.4</ele></trkpt><trkpt lat="-27.042534999999997" lon="-48.58586166666667"><ele>43.4</ele></trkpt><trkpt lat="-27.042534999999997" lon="-48.58586166666667"><ele>43.4</ele></trkpt><trkpt lat="-27.04254" lon="-48.585813333333334"><ele>42.300000000000004</ele></trkpt><trkpt lat="-27.042534999999997" lon="-48.585813333333334"><ele>42.300000000000004</ele></trkpt><trkpt lat="-27.042530000000003" lon="-48.58580833333334"><ele>42.4</ele></trkpt><trkpt lat="-27.04252166666667" lon="-48.585805"><ele>42.5</ele></trkpt><trkpt lat="-27.042515" lon="-48.585801666666676"><ele>42.5</ele></trkpt><trkpt lat="-27.04250833333333" lon="-48.58579666666666"><ele>42.300000000000004</ele></trkpt><trkpt lat="-27.042495" lon="-48.585789999999996"><ele>42.300000000000004</ele></trkpt><trkpt lat="-27.04248" lon="-48.585785"><ele>42.1</ele></trkpt><trkpt lat="-27.042461666666668" lon="-48.58577666666667"><ele>42.2</ele></trkpt><trkpt lat="-27.042444999999997" lon="-48.58577333333333"><ele>41.7</ele></trkpt><trkpt lat="-27.042435" lon="-48.58576500000001"><ele>41.300000000000004</ele></trkpt><trkpt lat="-27.042425" lon="-48.585755"><ele>41.2</ele></trkpt><trkpt lat="-27.042415" lon="-48.585746666666665"><ele>40.9</ele></trkpt><trkpt lat="-27.04240333333333" lon="-48.58573666666666"><ele>40.7</ele></trkpt><trkpt lat="-27.042393333333333" lon="-48.58572833333333"><ele>41</ele></trkpt><trkpt lat="-27.04238666666667" lon="-48.58571666666667"><ele>40.800000000000004</ele></trkpt><trkpt lat="-27.04238" lon="-48.58570666666666"><ele>40.7</ele></trkpt><trkpt lat="-27.042371666666668" lon="-48.58569666666667"><ele>40.6</ele></trkpt><trkpt lat="-27.04236166666667" lon="-48.58568666666667"><ele>40.2</ele></trkpt><trkpt lat="-27.042350000000003" lon="-48.585676666666664"><ele>39.800000000000004</ele></trkpt><trkpt lat="-27.042336666666664" lon="-48.585665"><ele>39.4</ele></trkpt><trkpt lat="-27.042324999999998" lon="-48.585653333333326"><ele>39.5</ele></trkpt><trkpt lat="-27.042309999999997" lon="-48.58564333333334"><ele>39.6</ele></trkpt><trkpt lat="-27.042295" lon="-48.58563000000001"><ele>40</ele></trkpt><trkpt lat="-27.042281666666668" lon="-48.58562"><ele>40.5</ele></trkpt><trkpt lat="-27.042273333333334" lon="-48.585609999999996"><ele>40.800000000000004</ele></trkpt><trkpt lat="-27.04227" lon="-48.58559833333334"><ele>41.2</ele></trkpt><trkpt lat="-27.042263333333334" lon="-48.58559"><ele>41.1</ele></trkpt><trkpt lat="-27.042255" lon="-48.58557833333332"><ele>41</ele></trkpt><trkpt lat="-27.042246666666664" lon="-48.585564999999995"><ele>40.800000000000004</ele></trkpt><trkpt lat="-27.042234999999998" lon="-48.58555166666667"><ele>40.9</ele></trkpt><trkpt lat="-27.042221666666666" lon="-48.58554000000001"><ele>41.1</ele></trkpt><trkpt lat="-27.042213333333333" lon="-48.585531666666675"><ele>41.1</ele></trkpt><trkpt lat="-27.042203333333337" lon="-48.585519999999995"><ele>41.4</ele></trkpt><trkpt lat="-27.042191666666668" lon="-48.58550833333334"><ele>41.6</ele></trkpt><trkpt lat="-27.042183333333334" lon="-48.58549333333334"><ele>41.800000000000004</ele></trkpt><trkpt lat="-27.042173333333334" lon="-48.585478333333334"><ele>41.9</ele></trkpt><trkpt lat="-27.04216" lon="-48.58546333333334"><ele>42.1</ele></trkpt><trkpt lat="-27.04215333333333" lon="-48.585451666666664"><ele>42.300000000000004</ele></trkpt><trkpt lat="-27.042144999999998" lon="-48.58543833333333"><ele>42.4</ele></trkpt><trkpt lat="-27.042135" lon="-48.585425"><ele>42.2</ele></trkpt><trkpt lat="-27.042125000000002" lon="-48.58541166666667"><ele>42.1</ele></trkpt><trkpt lat="-27.04212166666667" lon="-48.585388333333334"><ele>41.800000000000004</ele></trkpt><trkpt lat="-27.04211833333333" lon="-48.585365"><ele>42.4</ele></trkpt><trkpt lat="-27.042115" lon="-48.58534833333333"><ele>42.2</ele></trkpt><trkpt lat="-27.042115" lon="-48.58532666666667"><ele>42.7</ele></trkpt><trkpt lat="-27.04211" lon="-48.58530833333332"><ele>42.800000000000004</ele></trkpt><trkpt lat="-27.042105" lon="-48.58529166666667"><ele>42.7</ele></trkpt><trkpt lat="-27.04210666666667" lon="-48.58527000000001"><ele>43.7</ele></trkpt><trkpt lat="-27.04210666666667" lon="-48.585248333333325"><ele>44.1</ele></trkpt><trkpt lat="-27.04210833333333" lon="-48.585226666666664"><ele>44.6</ele></trkpt><trkpt lat="-27.04210833333333" lon="-48.585206666666664"><ele>45.300000000000004</ele></trkpt><trkpt lat="-27.04211" lon="-48.58519"><ele>46.2</ele></trkpt><trkpt lat="-27.04211" lon="-48.58519"><ele>46.2</ele></trkpt><trkpt lat="-27.042113333333337" lon="-48.585175"><ele>47</ele></trkpt><trkpt lat="-27.042113333333337" lon="-48.585159999999995"><ele>48.1</ele></trkpt><trkpt lat="-27.042111666666663" lon="-48.585145"><ele>48.800000000000004</ele></trkpt><trkpt lat="-27.04211" lon="-48.585126666666675"><ele>49.300000000000004</ele></trkpt><trkpt lat="-27.042111666666663" lon="-48.58511"><ele>49.800000000000004</ele></trkpt><trkpt lat="-27.04211" lon="-48.58509166666666"><ele>49.800000000000004</ele></trkpt><trkpt lat="-27.04210666666667" lon="-48.585075"><ele>49.800000000000004</ele></trkpt><trkpt lat="-27.04210333333333" lon="-48.585055"><ele>49.6</ele></trkpt><trkpt lat="-27.042096666666666" lon="-48.585035"><ele>49.9</ele></trkpt><trkpt lat="-27.042096666666666" lon="-48.585015000000006"><ele>50.300000000000004</ele></trkpt><trkpt lat="-27.042095000000003" lon="-48.584995"><ele>50.6</ele></trkpt><trkpt lat="-27.042093333333334" lon="-48.584975"><ele>51.1</ele></trkpt><trkpt lat="-27.042089999999998" lon="-48.58495500000001"><ele>51.800000000000004</ele></trkpt><trkpt lat="-27.042081666666665" lon="-48.584938333333334"><ele>52.6</ele></trkpt><trkpt lat="-27.04207333333333" lon="-48.584921666666666"><ele>53.300000000000004</ele></trkpt><trkpt lat="-27.042068333333336" lon="-48.5849"><ele>54</ele></trkpt><trkpt lat="-27.04206333333333" lon="-48.584878333333336"><ele>54.5</ele></trkpt><trkpt lat="-27.042051666666666" lon="-48.58486"><ele>54.9</ele></trkpt><trkpt lat="-27.042044999999998" lon="-48.58483833333333"><ele>54.9</ele></trkpt><trkpt lat="-27.042033333333332" lon="-48.58482333333333"><ele>54.800000000000004</ele></trkpt><trkpt lat="-27.042023333333336" lon="-48.58479833333334"><ele>55.1</ele></trkpt><trkpt lat="-27.042011666666667" lon="-48.58478"><ele>54.800000000000004</ele></trkpt><trkpt lat="-27.042003333333334" lon="-48.58476333333333"><ele>55.1</ele></trkpt><trkpt lat="-27.041993333333334" lon="-48.58475333333334"><ele>54.7</ele></trkpt><trkpt lat="-27.041978333333336" lon="-48.58474"><ele>54.6</ele></trkpt><trkpt lat="-27.041963333333335" lon="-48.58473000000001"><ele>54.4</ele></trkpt><trkpt lat="-27.041946666666664" lon="-48.58471833333333"><ele>54.800000000000004</ele></trkpt><trkpt lat="-27.04193" lon="-48.58470666666667"><ele>55.2</ele></trkpt><trkpt lat="-27.04191166666667" lon="-48.584698333333336"><ele>55.2</ele></trkpt><trkpt lat="-27.04189666666667" lon="-48.58469"><ele>55.2</ele></trkpt><trkpt lat="-27.04188" lon="-48.58468"><ele>55.6</ele></trkpt><trkpt lat="-27.041856666666664" lon="-48.58465666666666"><ele>55.7</ele></trkpt><trkpt lat="-27.041835" lon="-48.58463666666667"><ele>55.9</ele></trkpt><trkpt lat="-27.041813333333334" lon="-48.584619999999994"><ele>55.9</ele></trkpt><trkpt lat="-27.041795" lon="-48.58460166666667"><ele>55.7</ele></trkpt><trkpt lat="-27.041771666666666" lon="-48.584585"><ele>55.6</ele></trkpt><trkpt lat="-27.041751666666663" lon="-48.58456833333333"><ele>55.6</ele></trkpt><trkpt lat="-27.04173166666667" lon="-48.58455000000001"><ele>55.7</ele></trkpt><trkpt lat="-27.041711666666668" lon="-48.58452666666667"><ele>55.5</ele></trkpt><trkpt lat="-27.041694999999997" lon="-48.58450833333333"><ele>54.9</ele></trkpt><trkpt lat="-27.041679999999996" lon="-48.58449166666666"><ele>55.300000000000004</ele></trkpt><trkpt lat="-27.04167" lon="-48.584475000000005"><ele>55.5</ele></trkpt><trkpt lat="-27.041653333333336" lon="-48.58445833333334"><ele>55.9</ele></trkpt><trkpt lat="-27.04164166666667" lon="-48.584445"><ele>55.6</ele></trkpt><trkpt lat="-27.041631666666664" lon="-48.58443166666666"><ele>55.5</ele></trkpt><trkpt lat="-27.041623333333337" lon="-48.58441333333334"><ele>55.7</ele></trkpt><trkpt lat="-27.04161" lon="-48.58439333333334"><ele>55.9</ele></trkpt><trkpt lat="-27.041600000000003" lon="-48.58437166666666"><ele>55.9</ele></trkpt><trkpt lat="-27.041585" lon="-48.58434666666667"><ele>55.7</ele></trkpt><trkpt lat="-27.041571666666663" lon="-48.58431833333334"><ele>55.9</ele></trkpt><trkpt lat="-27.041558333333334" lon="-48.584289999999996"><ele>55.7</ele></trkpt><trkpt lat="-27.041553333333333" lon="-48.58426166666666"><ele>55.6</ele></trkpt><trkpt lat="-27.041541666666664" lon="-48.58423166666667"><ele>55.4</ele></trkpt><trkpt lat="-27.041526666666662" lon="-48.58421"><ele>55</ele></trkpt><trkpt lat="-27.041508333333333" lon="-48.58418333333334"><ele>54.5</ele></trkpt><trkpt lat="-27.04149166666667" lon="-48.58415333333334"><ele>54.1</ele></trkpt><trkpt lat="-27.041471666666666" lon="-48.58413"><ele>53.9</ele></trkpt><trkpt lat="-27.04145" lon="-48.58410333333333"><ele>53.1</ele></trkpt><trkpt lat="-27.04143" lon="-48.58407666666667"><ele>53.800000000000004</ele></trkpt><trkpt lat="-27.041411666666665" lon="-48.58404333333333"><ele>54.9</ele></trkpt><trkpt lat="-27.041396666666667" lon="-48.58401833333334"><ele>54.800000000000004</ele></trkpt><trkpt lat="-27.041396666666667" lon="-48.58401833333334"><ele>54.800000000000004</ele></trkpt><trkpt lat="-27.041385" lon="-48.58400166666667"><ele>54.9</ele></trkpt><trkpt lat="-27.041373333333333" lon="-48.583985"><ele>54.2</ele></trkpt><trkpt lat="-27.041361666666663" lon="-48.58396166666667"><ele>55</ele></trkpt><trkpt lat="-27.041351666666667" lon="-48.583935000000004"><ele>55.6</ele></trkpt><trkpt lat="-27.04134333333333" lon="-48.583905"><ele>56</ele></trkpt><trkpt lat="-27.041336666666666" lon="-48.583875000000006"><ele>56.5</ele></trkpt><trkpt lat="-27.04132666666667" lon="-48.583843333333334"><ele>57.2</ele></trkpt><trkpt lat="-27.041315" lon="-48.583815"><ele>57.9</ele></trkpt><trkpt lat="-27.041301666666662" lon="-48.583785000000006"><ele>58.300000000000004</ele></trkpt><trkpt lat="-27.041288333333334" lon="-48.583755000000004"><ele>59.4</ele></trkpt><trkpt lat="-27.041271666666663" lon="-48.583725"><ele>59.6</ele></trkpt><trkpt lat="-27.041258333333335" lon="-48.583696666666675"><ele>59.300000000000004</ele></trkpt><trkpt lat="-27.041243333333334" lon="-48.58366833333333"><ele>59.2</ele></trkpt><trkpt lat="-27.041230000000002" lon="-48.58364166666667"><ele>59.1</ele></trkpt><trkpt lat="-27.041218333333337" lon="-48.583618333333334"><ele>58.7</ele></trkpt><trkpt lat="-27.041206666666668" lon="-48.58359166666667"><ele>58.6</ele></trkpt><trkpt lat="-27.041196666666664" lon="-48.58356666666667"><ele>58.2</ele></trkpt><trkpt lat="-27.041183333333333" lon="-48.58353999999999"><ele>58.1</ele></trkpt><trkpt lat="-27.041166666666662" lon="-48.58351"><ele>58.1</ele></trkpt><trkpt lat="-27.041166666666662" lon="-48.58351"><ele>58.1</ele></trkpt><trkpt lat="-27.041151666666664" lon="-48.583485"><ele>57.5</ele></trkpt><trkpt lat="-27.041136666666663" lon="-48.58346166666667"><ele>57.4</ele></trkpt><trkpt lat="-27.04112" lon="-48.58343166666667"><ele>57.5</ele></trkpt><trkpt lat="-27.04110166666667" lon="-48.58340833333333"><ele>57.4</ele></trkpt><trkpt lat="-27.041080000000004" lon="-48.583380000000005"><ele>57.1</ele></trkpt><trkpt lat="-27.04106" lon="-48.58335333333333"><ele>57.4</ele></trkpt><trkpt lat="-27.041024999999998" lon="-48.58332166666667"><ele>57.300000000000004</ele></trkpt><trkpt lat="-27.040995" lon="-48.583295"><ele>57.6</ele></trkpt><trkpt lat="-27.040963333333334" lon="-48.583265"><ele>57.6</ele></trkpt><trkpt lat="-27.040934999999998" lon="-48.58322666666666"><ele>56.800000000000004</ele></trkpt><trkpt lat="-27.040903333333336" lon="-48.583194999999996"><ele>55.9</ele></trkpt><trkpt lat="-27.040873333333334" lon="-48.58316333333334"><ele>54.2</ele></trkpt><trkpt lat="-27.04083333333333" lon="-48.58313499999999"><ele>53.800000000000004</ele></trkpt><trkpt lat="-27.040793333333333" lon="-48.58310333333334"><ele>53.1</ele></trkpt><trkpt lat="-27.040756666666667" lon="-48.58306833333333"><ele>52.5</ele></trkpt><trkpt lat="-27.040718333333334" lon="-48.58303833333333"><ele>52.1</ele></trkpt><trkpt lat="-27.04066833333333" lon="-48.58300333333333"><ele>51.1</ele></trkpt><trkpt lat="-27.040631666666666" lon="-48.58296833333334"><ele>49.9</ele></trkpt><trkpt lat="-27.040595" lon="-48.582928333333335"><ele>49.2</ele></trkpt><trkpt lat="-27.040558333333333" lon="-48.582885000000005"><ele>48.1</ele></trkpt><trkpt lat="-27.04052" lon="-48.582840000000004"><ele>47.4</ele></trkpt><trkpt lat="-27.040480000000002" lon="-48.58279833333333"><ele>46.6</ele></trkpt><trkpt lat="-27.040438333333334" lon="-48.582750000000004"><ele>45.9</ele></trkpt><trkpt lat="-27.040396666666666" lon="-48.58270833333333"><ele>45</ele></trkpt><trkpt lat="-27.04035666666667" lon="-48.582661666666674"><ele>44.300000000000004</ele></trkpt><trkpt lat="-27.04032666666667" lon="-48.58262166666667"><ele>43.300000000000004</ele></trkpt><trkpt lat="-27.040288333333333" lon="-48.58258166666666"><ele>41.5</ele></trkpt><trkpt lat="-27.040253333333332" lon="-48.582544999999996"><ele>39.800000000000004</ele></trkpt><trkpt lat="-27.040219999999998" lon="-48.58251833333334"><ele>38.1</ele></trkpt><trkpt lat="-27.040183333333335" lon="-48.582499999999996"><ele>37.7</ele></trkpt><trkpt lat="-27.040156666666668" lon="-48.58249666666667"><ele>36.5</ele></trkpt><trkpt lat="-27.040115" lon="-48.58249666666667"><ele>35.6</ele></trkpt><trkpt lat="-27.04007" lon="-48.582503333333335"><ele>33.9</ele></trkpt><trkpt lat="-27.04003" lon="-48.58252000000001"><ele>33.1</ele></trkpt><trkpt lat="-27.040000000000003" lon="-48.582548333333335"><ele>32.1</ele></trkpt><trkpt lat="-27.039974999999995" lon="-48.582589999999996"><ele>31.3</ele></trkpt><trkpt lat="-27.039955000000003" lon="-48.58263166666667"><ele>30.400000000000002</ele></trkpt><trkpt lat="-27.039941666666664" lon="-48.58267666666667"><ele>28.900000000000002</ele></trkpt><trkpt lat="-27.039931666666668" lon="-48.58272333333333"><ele>28.3</ele></trkpt><trkpt lat="-27.03992333333333" lon="-48.58276166666666"><ele>27.900000000000002</ele></trkpt><trkpt lat="-27.039918333333336" lon="-48.58278"><ele>27.400000000000002</ele></trkpt><trkpt lat="-27.039918333333336" lon="-48.582783333333325"><ele>27.3</ele></trkpt><trkpt lat="-27.039916666666667" lon="-48.582783333333325"><ele>27.3</ele></trkpt><trkpt lat="-27.039913333333335" lon="-48.58279000000001"><ele>27.400000000000002</ele></trkpt><trkpt lat="-27.039913333333335" lon="-48.58279000000001"><ele>27.400000000000002</ele></trkpt><trkpt lat="-27.039913333333335" lon="-48.58279000000001"><ele>27.400000000000002</ele></trkpt><trkpt lat="-27.039913333333335" lon="-48.58279000000001"><ele>27.400000000000002</ele></trkpt><trkpt lat="-27.039913333333335" lon="-48.58279000000001"><ele>27.400000000000002</ele></trkpt><trkpt lat="-27.039910000000003" lon="-48.58280833333333"><ele>28.3</ele></trkpt><trkpt lat="-27.03990666666667" lon="-48.582828333333325"><ele>28</ele></trkpt><trkpt lat="-27.039899999999996" lon="-48.582861666666666"><ele>27.6</ele></trkpt><trkpt lat="-27.039886666666668" lon="-48.582908333333336"><ele>27.6</ele></trkpt><trkpt lat="-27.039866666666665" lon="-48.58295833333333"><ele>27.200000000000003</ele></trkpt><trkpt lat="-27.039828333333336" lon="-48.583016666666666"><ele>25.400000000000002</ele></trkpt><trkpt lat="-27.039766666666665" lon="-48.58307666666666"><ele>23.6</ele></trkpt><trkpt lat="-27.039706666666667" lon="-48.58311666666667"><ele>22</ele></trkpt><trkpt lat="-27.039646666666666" lon="-48.58314166666667"><ele>21</ele></trkpt><trkpt lat="-27.039589999999997" lon="-48.583149999999996"><ele>19.400000000000002</ele></trkpt><trkpt lat="-27.03953166666667" lon="-48.58313"><ele>18.400000000000002</ele></trkpt><trkpt lat="-27.039475" lon="-48.583104999999996"><ele>17.2</ele></trkpt><trkpt lat="-27.039415" lon="-48.58307666666666"><ele>16.400000000000002</ele></trkpt><trkpt lat="-27.03935166666667" lon="-48.58305"><ele>15.799999999999999</ele></trkpt><trkpt lat="-27.039291666666667" lon="-48.583020000000005"><ele>14.799999999999999</ele></trkpt><trkpt lat="-27.039226666666664" lon="-48.58299333333333"><ele>14</ele></trkpt><trkpt lat="-27.03915833333333" lon="-48.582971666666666"><ele>13.2</ele></trkpt><trkpt lat="-27.03909" lon="-48.58295833333333"><ele>12.299999999999999</ele></trkpt><trkpt lat="-27.039025" lon="-48.582951666666666"><ele>11.5</ele></trkpt><trkpt lat="-27.03896666666667" lon="-48.58294833333333"><ele>10.799999999999999</ele></trkpt><trkpt lat="-27.03890833333333" lon="-48.58295"><ele>9.799999999999999</ele></trkpt><trkpt lat="-27.038850000000004" lon="-48.582953333333336"><ele>9</ele></trkpt><trkpt lat="-27.038796666666666" lon="-48.58296166666667"><ele>8.3</ele></trkpt><trkpt lat="-27.038748333333334" lon="-48.582973333333335"><ele>6.9</ele></trkpt><trkpt lat="-27.038703333333334" lon="-48.582984999999994"><ele>5.6</ele></trkpt><trkpt lat="-27.038661666666666" lon="-48.582996666666666"><ele>5</ele></trkpt><trkpt lat="-27.038629999999998" lon="-48.583008333333325"><ele>4.9</ele></trkpt><trkpt lat="-27.038614999999997" lon="-48.583016666666666"><ele>4.2</ele></trkpt><trkpt lat="-27.03860166666667" lon="-48.583018333333335"><ele>4</ele></trkpt><trkpt lat="-27.03860166666667" lon="-48.583016666666666"><ele>5.4</ele></trkpt><trkpt lat="-27.03860166666667" lon="-48.583014999999996"><ele>5.9</ele></trkpt><trkpt lat="-27.038598333333333" lon="-48.583018333333335"><ele>5.9</ele></trkpt><trkpt lat="-27.038598333333333" lon="-48.583018333333335"><ele>5.9</ele></trkpt><trkpt lat="-27.038598333333333" lon="-48.583018333333335"><ele>5.9</ele></trkpt><trkpt lat="-27.038598333333333" lon="-48.583018333333335"><ele>5.9</ele></trkpt><trkpt lat="-27.038598333333333" lon="-48.583018333333335"><ele>5.9</ele></trkpt><trkpt lat="-27.038598333333333" lon="-48.583018333333335"><ele>5.9</ele></trkpt><trkpt lat="-27.038598333333333" lon="-48.583018333333335"><ele>5.9</ele></trkpt><trkpt lat="-27.038598333333333" lon="-48.583018333333335"><ele>5.9</ele></trkpt><trkpt lat="-27.038598333333333" lon="-48.583018333333335"><ele>5.9</ele></trkpt><trkpt lat="-27.038598333333333" lon="-48.583018333333335"><ele>5.9</ele></trkpt><trkpt lat="-27.038598333333333" lon="-48.583018333333335"><ele>5.9</ele></trkpt><trkpt lat="-27.038598333333333" lon="-48.583018333333335"><ele>5.9</ele></trkpt><trkpt lat="-27.038598333333333" lon="-48.583018333333335"><ele>5.9</ele></trkpt><trkpt lat="-27.038598333333333" lon="-48.583018333333335"><ele>5.9</ele></trkpt><trkpt lat="-27.038598333333333" lon="-48.583018333333335"><ele>5.9</ele></trkpt><trkpt lat="-27.038598333333333" lon="-48.583018333333335"><ele>5.9</ele></trkpt><trkpt lat="-27.038598333333333" lon="-48.583018333333335"><ele>5.9</ele></trkpt><trkpt lat="-27.038598333333333" lon="-48.583018333333335"><ele>5.9</ele></trkpt><trkpt lat="-27.038598333333333" lon="-48.583018333333335"><ele>5.9</ele></trkpt><trkpt lat="-27.03859166666667" lon="-48.583016666666666"><ele>8.2</ele></trkpt><trkpt lat="-27.03857833333333" lon="-48.583020000000005"><ele>8</ele></trkpt><trkpt lat="-27.038573333333336" lon="-48.583025"><ele>8.1</ele></trkpt><trkpt lat="-27.03856166666667" lon="-48.58303166666666"><ele>8.3</ele></trkpt><trkpt lat="-27.038545" lon="-48.583043333333336"><ele>8.5</ele></trkpt><trkpt lat="-27.038524999999996" lon="-48.58305"><ele>8.3</ele></trkpt><trkpt lat="-27.03850166666667" lon="-48.583059999999996"><ele>8.3</ele></trkpt><trkpt lat="-27.038479999999996" lon="-48.58307166666667"><ele>8.1</ele></trkpt><trkpt lat="-27.038466666666668" lon="-48.58307833333333"><ele>8</ele></trkpt><trkpt lat="-27.03847" lon="-48.58307166666667"><ele>7.9</ele></trkpt><trkpt lat="-27.038475000000002" lon="-48.58306833333333"><ele>8</ele></trkpt><trkpt lat="-27.038476666666664" lon="-48.583066666666674"><ele>8.1</ele></trkpt><trkpt lat="-27.038473333333332" lon="-48.583065000000005"><ele>8</ele></trkpt><trkpt lat="-27.03847166666667" lon="-48.58306833333333"><ele>7.800000000000001</ele></trkpt><trkpt lat="-27.038473333333332" lon="-48.58306833333333"><ele>7.9</ele></trkpt><trkpt lat="-27.038478333333334" lon="-48.58307166666667"><ele>7.800000000000001</ele></trkpt><trkpt lat="-27.038478333333334" lon="-48.58307166666667"><ele>7.800000000000001</ele></trkpt><trkpt lat="-27.038476666666664" lon="-48.58307333333334"><ele>7.9</ele></trkpt><trkpt lat="-27.038475000000002" lon="-48.58307666666666"><ele>8</ele></trkpt><trkpt lat="-27.038478333333334" lon="-48.58308"><ele>8.1</ele></trkpt><trkpt lat="-27.038478333333334" lon="-48.58307833333333"><ele>8.2</ele></trkpt><trkpt lat="-27.038478333333334" lon="-48.58307833333333"><ele>8.2</ele></trkpt><trkpt lat="-27.038478333333334" lon="-48.58307833333333"><ele>8.2</ele></trkpt><trkpt lat="-27.038478333333334" lon="-48.58307833333333"><ele>8.2</ele></trkpt><trkpt lat="-27.038478333333334" lon="-48.58307833333333"><ele>8.2</ele></trkpt><trkpt lat="-27.038478333333334" lon="-48.58307833333333"><ele>8.2</ele></trkpt><trkpt lat="-27.038478333333334" lon="-48.58307833333333"><ele>8.2</ele></trkpt><trkpt lat="-27.038455" lon="-48.58308"><ele>9.5</ele></trkpt><trkpt lat="-27.038441666666667" lon="-48.58308999999999"><ele>9.4</ele></trkpt><trkpt lat="-27.03843" lon="-48.583104999999996"><ele>9.3</ele></trkpt><trkpt lat="-27.038415" lon="-48.58312166666666"><ele>9.3</ele></trkpt><trkpt lat="-27.038393333333335" lon="-48.58313666666666"><ele>9.6</ele></trkpt><trkpt lat="-27.03836666666667" lon="-48.583144999999995"><ele>9.2</ele></trkpt><trkpt lat="-27.038343333333334" lon="-48.583156666666675"><ele>9.4</ele></trkpt><trkpt lat="-27.038314999999997" lon="-48.58316666666666"><ele>9.7</ele></trkpt><trkpt lat="-27.038286666666668" lon="-48.583178333333336"><ele>9.799999999999999</ele></trkpt><trkpt lat="-27.038253333333333" lon="-48.583189999999995"><ele>9.799999999999999</ele></trkpt><trkpt lat="-27.03823" lon="-48.583205"><ele>10.2</ele></trkpt><trkpt lat="-27.038205" lon="-48.58322"><ele>11.2</ele></trkpt><trkpt lat="-27.038181666666667" lon="-48.58323"><ele>11.9</ele></trkpt><trkpt lat="-27.03815833333333" lon="-48.58323666666667"><ele>11.6</ele></trkpt><trkpt lat="-27.038135000000004" lon="-48.58325"><ele>11.299999999999999</ele></trkpt><trkpt lat="-27.038115" lon="-48.583265"><ele>10.799999999999999</ele></trkpt><trkpt lat="-27.038096666666668" lon="-48.583279999999995"><ele>10.4</ele></trkpt><trkpt lat="-27.038075000000003" lon="-48.583288333333336"><ele>10.1</ele></trkpt><trkpt lat="-27.03805" lon="-48.58329833333334"><ele>9.9</ele></trkpt><trkpt lat="-27.038030000000003" lon="-48.583305"><ele>9.6</ele></trkpt><trkpt lat="-27.03800833333333" lon="-48.58331333333334"><ele>10.2</ele></trkpt><trkpt lat="-27.037985000000003" lon="-48.58331833333333"><ele>11.2</ele></trkpt><trkpt lat="-27.03796333333333" lon="-48.583323333333325"><ele>11</ele></trkpt><trkpt lat="-27.037943333333335" lon="-48.583324999999995"><ele>11.1</ele></trkpt><trkpt lat="-27.037921666666662" lon="-48.58332833333334"><ele>11.2</ele></trkpt><trkpt lat="-27.037891666666663" lon="-48.58333833333333"><ele>11.1</ele></trkpt><trkpt lat="-27.037856666666666" lon="-48.58335166666667"><ele>11</ele></trkpt><trkpt lat="-27.037823333333336" lon="-48.583365"><ele>11</ele></trkpt><trkpt lat="-27.037806666666665" lon="-48.583368333333325"><ele>10.799999999999999</ele></trkpt><trkpt lat="-27.037791666666667" lon="-48.583376666666666"><ele>10.6</ele></trkpt><trkpt lat="-27.037791666666667" lon="-48.583376666666666"><ele>10.6</ele></trkpt><trkpt lat="-27.037770000000002" lon="-48.583389999999994"><ele>10.6</ele></trkpt><trkpt lat="-27.03774" lon="-48.58339833333333"><ele>10.2</ele></trkpt><trkpt lat="-27.03771166666667" lon="-48.58340499999999"><ele>10</ele></trkpt><trkpt lat="-27.037685000000003" lon="-48.583413333333326"><ele>9.6</ele></trkpt><trkpt lat="-27.037655000000004" lon="-48.583421666666666"><ele>9.3</ele></trkpt><trkpt lat="-27.037626666666664" lon="-48.58343"><ele>9.2</ele></trkpt><trkpt lat="-27.037596666666666" lon="-48.58343833333333"><ele>9.2</ele></trkpt><trkpt lat="-27.03757166666667" lon="-48.58345333333333"><ele>9.2</ele></trkpt><trkpt lat="-27.037550000000003" lon="-48.58346166666667"><ele>9.9</ele></trkpt><trkpt lat="-27.03753" lon="-48.58347666666667"><ele>10.5</ele></trkpt><trkpt lat="-27.037511666666667" lon="-48.58348833333333"><ele>11.4</ele></trkpt><trkpt lat="-27.037511666666667" lon="-48.58348833333333"><ele>11.4</ele></trkpt><trkpt lat="-27.037491666666664" lon="-48.58349499999999"><ele>11.799999999999999</ele></trkpt><trkpt lat="-27.03747166666667" lon="-48.58349666666666"><ele>11.9</ele></trkpt><trkpt lat="-27.037460000000003" lon="-48.58349833333333"><ele>11.799999999999999</ele></trkpt><trkpt lat="-27.037455" lon="-48.583503333333326"><ele>11.9</ele></trkpt><trkpt lat="-27.037449999999996" lon="-48.583504999999995"><ele>11.7</ele></trkpt><trkpt lat="-27.03743833333333" lon="-48.58351"><ele>11.6</ele></trkpt><trkpt lat="-27.037421666666667" lon="-48.583516666666675"><ele>11.1</ele></trkpt><trkpt lat="-27.037421666666667" lon="-48.583516666666675"><ele>11.1</ele></trkpt><trkpt lat="-27.037408333333328" lon="-48.583524999999995"><ele>11.299999999999999</ele></trkpt><trkpt lat="-27.037391666666668" lon="-48.583535"><ele>11.1</ele></trkpt><trkpt lat="-27.037376666666667" lon="-48.58353999999999"><ele>10.799999999999999</ele></trkpt><trkpt lat="-27.037376666666667" lon="-48.58353999999999"><ele>10.799999999999999</ele></trkpt><trkpt lat="-27.03735166666667" lon="-48.583545"><ele>10.7</ele></trkpt><trkpt lat="-27.03732" lon="-48.58354666666667"><ele>10.4</ele></trkpt><trkpt lat="-27.03729" lon="-48.583549999999995"><ele>10.299999999999999</ele></trkpt><trkpt lat="-27.037265" lon="-48.583558333333336"><ele>9.799999999999999</ele></trkpt><trkpt lat="-27.037236666666665" lon="-48.583558333333336"><ele>10.299999999999999</ele></trkpt><trkpt lat="-27.037206666666666" lon="-48.583555"><ele>10.799999999999999</ele></trkpt><trkpt lat="-27.037179999999996" lon="-48.58355333333334"><ele>11.299999999999999</ele></trkpt><trkpt lat="-27.037163333333336" lon="-48.58355666666667"><ele>11.6</ele></trkpt><trkpt lat="-27.037153333333336" lon="-48.583558333333336"><ele>11.2</ele></trkpt><trkpt lat="-27.037146666666665" lon="-48.583558333333336"><ele>11.2</ele></trkpt><trkpt lat="-27.037143333333333" lon="-48.583558333333336"><ele>11.5</ele></trkpt><trkpt lat="-27.037146666666665" lon="-48.58355666666667"><ele>8.9</ele></trkpt><trkpt lat="-27.037146666666665" lon="-48.583555"><ele>9.3</ele></trkpt><trkpt lat="-27.037146666666665" lon="-48.58355333333334"><ele>9.3</ele></trkpt><trkpt lat="-27.037145000000002" lon="-48.583555"><ele>9.4</ele></trkpt><trkpt lat="-27.03714166666667" lon="-48.583558333333336"><ele>9.3</ele></trkpt><trkpt lat="-27.03714166666667" lon="-48.583560000000006"><ele>9.5</ele></trkpt><trkpt lat="-27.03714" lon="-48.583565"><ele>9.7</ele></trkpt><trkpt lat="-27.03713833333334" lon="-48.583565"><ele>9.6</ele></trkpt><trkpt lat="-27.037131666666664" lon="-48.58356666666667"><ele>9.7</ele></trkpt><trkpt lat="-27.037123333333337" lon="-48.583571666666664"><ele>10</ele></trkpt><trkpt lat="-27.037119999999998" lon="-48.583575"><ele>10.2</ele></trkpt><trkpt lat="-27.037116666666666" lon="-48.58358333333334"><ele>10.299999999999999</ele></trkpt><trkpt lat="-27.037116666666666" lon="-48.58358666666666"><ele>10</ele></trkpt><trkpt lat="-27.037116666666666" lon="-48.58359"><ele>9.9</ele></trkpt><trkpt lat="-27.037116666666666" lon="-48.58359166666667"><ele>9.799999999999999</ele></trkpt><trkpt lat="-27.037118333333336" lon="-48.583594999999995"><ele>9.9</ele></trkpt><trkpt lat="-27.037119999999998" lon="-48.583594999999995"><ele>9.7</ele></trkpt><trkpt lat="-27.037121666666668" lon="-48.583594999999995"><ele>9.4</ele></trkpt><trkpt lat="-27.037121666666668" lon="-48.58359666666667"><ele>9.5</ele></trkpt><trkpt lat="-27.037119999999998" lon="-48.5836"><ele>9.5</ele></trkpt><trkpt lat="-27.037118333333336" lon="-48.58360166666667"><ele>9.6</ele></trkpt><trkpt lat="-27.037116666666666" lon="-48.58360166666667"><ele>9.799999999999999</ele></trkpt><trkpt lat="-27.037116666666666" lon="-48.58360166666667"><ele>9.799999999999999</ele></trkpt><trkpt lat="-27.037116666666666" lon="-48.58360166666667"><ele>9.799999999999999</ele></trkpt><trkpt lat="-27.037116666666666" lon="-48.58360166666667"><ele>9.799999999999999</ele></trkpt><trkpt lat="-27.037116666666666" lon="-48.58360166666667"><ele>9.799999999999999</ele></trkpt><trkpt lat="-27.037116666666666" lon="-48.58360166666667"><ele>9.799999999999999</ele></trkpt><trkpt lat="-27.037116666666666" lon="-48.58360166666667"><ele>9.799999999999999</ele></trkpt><trkpt lat="-27.037116666666666" lon="-48.58360166666667"><ele>9.799999999999999</ele></trkpt><trkpt lat="-27.037116666666666" lon="-48.58360166666667"><ele>9.799999999999999</ele></trkpt><trkpt lat="-27.037116666666666" lon="-48.58360166666667"><ele>9.799999999999999</ele></trkpt><trkpt lat="-27.037116666666666" lon="-48.58360166666667"><ele>9.799999999999999</ele></trkpt><trkpt lat="-27.037116666666666" lon="-48.58360166666667"><ele>9.799999999999999</ele></trkpt><trkpt lat="-27.037116666666666" lon="-48.58360166666667"><ele>9.799999999999999</ele></trkpt><trkpt lat="-27.037116666666666" lon="-48.58360166666667"><ele>9.799999999999999</ele></trkpt><trkpt lat="-27.037116666666666" lon="-48.58360166666667"><ele>9.799999999999999</ele></trkpt><trkpt lat="-27.037116666666666" lon="-48.58360166666667"><ele>9.799999999999999</ele></trkpt><trkpt lat="-27.037116666666666" lon="-48.58360166666667"><ele>9.799999999999999</ele></trkpt><trkpt lat="-27.037116666666666" lon="-48.58360166666667"><ele>9.799999999999999</ele></trkpt><trkpt lat="-27.037116666666666" lon="-48.58360166666667"><ele>9.799999999999999</ele></trkpt><trkpt lat="-27.037116666666666" lon="-48.58360166666667"><ele>9.799999999999999</ele></trkpt><trkpt lat="-27.037116666666666" lon="-48.58360166666667"><ele>9.799999999999999</ele></trkpt><trkpt lat="-27.037116666666666" lon="-48.58360166666667"><ele>9.799999999999999</ele></trkpt><trkpt lat="-27.037116666666666" lon="-48.58360166666667"><ele>9.799999999999999</ele></trkpt><trkpt lat="-27.037116666666666" lon="-48.58360166666667"><ele>9.799999999999999</ele></trkpt><trkpt lat="-27.037116666666666" lon="-48.58360166666667"><ele>9.799999999999999</ele></trkpt><trkpt lat="-27.037116666666666" lon="-48.58360166666667"><ele>9.799999999999999</ele></trkpt><trkpt lat="-27.037116666666666" lon="-48.58360166666667"><ele>9.799999999999999</ele></trkpt><trkpt lat="-27.037115000000004" lon="-48.583651666666675"><ele>16.3</ele></trkpt><trkpt lat="-27.037116666666666" lon="-48.583650000000006"><ele>16</ele></trkpt><trkpt lat="-27.037116666666666" lon="-48.583648333333336"><ele>16</ele></trkpt><trkpt lat="-27.037118333333336" lon="-48.58364333333334"><ele>15.6</ele></trkpt><trkpt lat="-27.037118333333336" lon="-48.58364333333334"><ele>15.6</ele></trkpt><trkpt lat="-27.037118333333336" lon="-48.58364333333334"><ele>15.6</ele></trkpt><trkpt lat="-27.037118333333336" lon="-48.58364333333334"><ele>15.6</ele></trkpt><trkpt lat="-27.037118333333336" lon="-48.58364333333334"><ele>15.6</ele></trkpt><trkpt lat="-27.037118333333336" lon="-48.58364333333334"><ele>15.6</ele></trkpt><trkpt lat="-27.037118333333336" lon="-48.58364333333334"><ele>15.6</ele></trkpt><trkpt lat="-27.037118333333336" lon="-48.58364333333334"><ele>15.6</ele></trkpt><trkpt lat="-27.037118333333336" lon="-48.58364333333334"><ele>15.6</ele></trkpt><trkpt lat="-27.037118333333336" lon="-48.58364333333334"><ele>15.6</ele></trkpt><trkpt lat="-27.037118333333336" lon="-48.58364333333334"><ele>15.6</ele></trkpt><trkpt lat="-27.037118333333336" lon="-48.58364333333334"><ele>15.6</ele></trkpt><trkpt lat="-27.037118333333336" lon="-48.58364333333334"><ele>15.6</ele></trkpt><trkpt lat="-27.037118333333336" lon="-48.58364333333334"><ele>15.6</ele></trkpt><trkpt lat="-27.037118333333336" lon="-48.58364333333334"><ele>15.6</ele></trkpt><trkpt lat="-27.037118333333336" lon="-48.58364333333334"><ele>15.6</ele></trkpt><trkpt lat="-27.037106666666666" lon="-48.58361166666667"><ele>13.7</ele></trkpt><trkpt lat="-27.037101666666665" lon="-48.583603333333336"><ele>13.799999999999999</ele></trkpt><trkpt lat="-27.037104999999997" lon="-48.58359666666667"><ele>13.299999999999999</ele></trkpt><trkpt lat="-27.037106666666666" lon="-48.58358833333333"><ele>13.1</ele></trkpt><trkpt lat="-27.037106666666666" lon="-48.58358833333333"><ele>13.1</ele></trkpt><trkpt lat="-27.037106666666666" lon="-48.58358833333333"><ele>13.1</ele></trkpt><trkpt lat="-27.037106666666666" lon="-48.58358833333333"><ele>13.1</ele></trkpt><trkpt lat="-27.037119999999998" lon="-48.58358"><ele>11.7</ele></trkpt><trkpt lat="-27.03712666666667" lon="-48.583575"><ele>11.799999999999999</ele></trkpt><trkpt lat="-27.037133333333333" lon="-48.583573333333334"><ele>12</ele></trkpt><trkpt lat="-27.037136666666665" lon="-48.583571666666664"><ele>12.299999999999999</ele></trkpt><trkpt lat="-27.03714" lon="-48.58356833333334"><ele>12.6</ele></trkpt><trkpt lat="-27.037143333333333" lon="-48.58356666666667"><ele>12.7</ele></trkpt><trkpt lat="-27.037143333333333" lon="-48.58356833333334"><ele>12.7</ele></trkpt><trkpt lat="-27.037143333333333" lon="-48.58356833333334"><ele>12.7</ele></trkpt><trkpt lat="-27.03714166666667" lon="-48.58356666666667"><ele>12.7</ele></trkpt><trkpt lat="-27.03713833333334" lon="-48.58356666666667"><ele>12.799999999999999</ele></trkpt><trkpt lat="-27.037136666666665" lon="-48.583565"><ele>13</ele></trkpt><trkpt lat="-27.037134999999996" lon="-48.583565"><ele>12.799999999999999</ele></trkpt><trkpt lat="-27.037133333333333" lon="-48.583565"><ele>12.299999999999999</ele></trkpt><trkpt lat="-27.037133333333333" lon="-48.583565"><ele>12.299999999999999</ele></trkpt><trkpt lat="-27.037133333333333" lon="-48.583565"><ele>12.299999999999999</ele></trkpt><trkpt lat="-27.037133333333333" lon="-48.583565"><ele>12.299999999999999</ele></trkpt><trkpt lat="-27.037133333333333" lon="-48.583565"><ele>12.299999999999999</ele></trkpt><trkpt lat="-27.037133333333333" lon="-48.583565"><ele>12.299999999999999</ele></trkpt><trkpt lat="-27.037133333333333" lon="-48.583565"><ele>12.299999999999999</ele></trkpt><trkpt lat="-27.037133333333333" lon="-48.583565"><ele>12.299999999999999</ele></trkpt><trkpt lat="-27.037133333333333" lon="-48.583565"><ele>12.299999999999999</ele></trkpt><trkpt lat="-27.037133333333333" lon="-48.583565"><ele>12.299999999999999</ele></trkpt><trkpt lat="-27.037133333333333" lon="-48.583565"><ele>12.299999999999999</ele></trkpt><trkpt lat="-27.037133333333333" lon="-48.583565"><ele>12.299999999999999</ele></trkpt><trkpt lat="-27.037133333333333" lon="-48.583565"><ele>12.299999999999999</ele></trkpt><trkpt lat="-27.037133333333333" lon="-48.583565"><ele>12.299999999999999</ele></trkpt><trkpt lat="-27.037133333333333" lon="-48.583565"><ele>12.299999999999999</ele></trkpt><trkpt lat="-27.037133333333333" lon="-48.583565"><ele>12.299999999999999</ele></trkpt><trkpt lat="-27.037133333333333" lon="-48.583565"><ele>12.299999999999999</ele></trkpt><trkpt lat="-27.037133333333333" lon="-48.583565"><ele>12.299999999999999</ele></trkpt><trkpt lat="-27.037133333333333" lon="-48.583565"><ele>12.299999999999999</ele></trkpt><trkpt lat="-27.037133333333333" lon="-48.583565"><ele>12.299999999999999</ele></trkpt><trkpt lat="-27.037133333333333" lon="-48.583565"><ele>12.299999999999999</ele></trkpt><trkpt lat="-27.037133333333333" lon="-48.583565"><ele>12.299999999999999</ele></trkpt><trkpt lat="-27.037133333333333" lon="-48.583565"><ele>12.299999999999999</ele></trkpt><trkpt lat="-27.037133333333333" lon="-48.583565"><ele>12.299999999999999</ele></trkpt><trkpt lat="-27.037133333333333" lon="-48.583565"><ele>12.299999999999999</ele></trkpt><trkpt lat="-27.037133333333333" lon="-48.583565"><ele>12.299999999999999</ele></trkpt><trkpt lat="-27.037133333333333" lon="-48.583565"><ele>12.299999999999999</ele></trkpt><trkpt lat="-27.037133333333333" lon="-48.583565"><ele>12.299999999999999</ele></trkpt><trkpt lat="-27.037133333333333" lon="-48.583565"><ele>12.299999999999999</ele></trkpt><trkpt lat="-27.037133333333333" lon="-48.583565"><ele>12.299999999999999</ele></trkpt><trkpt lat="-27.037133333333333" lon="-48.583565"><ele>12.299999999999999</ele></trkpt><trkpt lat="-27.037133333333333" lon="-48.583565"><ele>12.299999999999999</ele></trkpt><trkpt lat="-27.037133333333333" lon="-48.583565"><ele>12.299999999999999</ele></trkpt><trkpt lat="-27.037133333333333" lon="-48.583565"><ele>12.299999999999999</ele></trkpt><trkpt lat="-27.037133333333333" lon="-48.583565"><ele>12.299999999999999</ele></trkpt><trkpt lat="-27.037133333333333" lon="-48.583565"><ele>12.299999999999999</ele></trkpt><trkpt lat="-27.037133333333333" lon="-48.583565"><ele>12.299999999999999</ele></trkpt><trkpt lat="-27.037133333333333" lon="-48.583565"><ele>12.299999999999999</ele></trkpt><trkpt lat="-27.037133333333333" lon="-48.583565"><ele>12.299999999999999</ele></trkpt><trkpt lat="-27.037133333333333" lon="-48.583565"><ele>12.299999999999999</ele></trkpt><trkpt lat="-27.037133333333333" lon="-48.583565"><ele>12.299999999999999</ele></trkpt><trkpt lat="-27.037133333333333" lon="-48.583565"><ele>12.299999999999999</ele></trkpt><trkpt lat="-27.037133333333333" lon="-48.583565"><ele>12.299999999999999</ele></trkpt><trkpt lat="-27.037133333333333" lon="-48.583565"><ele>12.299999999999999</ele></trkpt><trkpt lat="-27.037133333333333" lon="-48.583565"><ele>12.299999999999999</ele></trkpt><trkpt lat="-27.037133333333333" lon="-48.583565"><ele>12.299999999999999</ele></trkpt><trkpt lat="-27.037133333333333" lon="-48.583565"><ele>12.299999999999999</ele></trkpt><trkpt lat="-27.037133333333333" lon="-48.583565"><ele>12.299999999999999</ele></trkpt><trkpt lat="-27.037133333333333" lon="-48.583565"><ele>12.299999999999999</ele></trkpt><trkpt lat="-27.037133333333333" lon="-48.583565"><ele>12.299999999999999</ele></trkpt><trkpt lat="-27.037133333333333" lon="-48.583565"><ele>12.299999999999999</ele></trkpt><trkpt lat="-27.03712666666667" lon="-48.58358"><ele>12.4</ele></trkpt><trkpt lat="-27.037119999999998" lon="-48.58358666666666"><ele>12.6</ele></trkpt><trkpt lat="-27.037115000000004" lon="-48.583593333333326"><ele>12.9</ele></trkpt><trkpt lat="-27.03711" lon="-48.5836"><ele>13.1</ele></trkpt><trkpt lat="-27.037104999999997" lon="-48.583605000000006"><ele>13.299999999999999</ele></trkpt><trkpt lat="-27.037103333333334" lon="-48.58361166666667"><ele>13.4</ele></trkpt><trkpt lat="-27.037101666666665" lon="-48.583618333333334"><ele>13.7</ele></trkpt><trkpt lat="-27.037100000000002" lon="-48.583625"><ele>14</ele></trkpt><trkpt lat="-27.037100000000002" lon="-48.583635"><ele>14.299999999999999</ele></trkpt><trkpt lat="-27.037101666666665" lon="-48.583650000000006"><ele>14.5</ele></trkpt><trkpt lat="-27.037100000000002" lon="-48.583663333333334"><ele>14.7</ele></trkpt><trkpt lat="-27.037100000000002" lon="-48.58367499999999"><ele>14.7</ele></trkpt><trkpt lat="-27.037101666666665" lon="-48.58368666666667"><ele>14.7</ele></trkpt><trkpt lat="-27.037101666666665" lon="-48.583696666666675"><ele>14.5</ele></trkpt><trkpt lat="-27.037104999999997" lon="-48.58370166666667"><ele>13.9</ele></trkpt><trkpt lat="-27.037111666666668" lon="-48.58370333333334"><ele>13.299999999999999</ele></trkpt><trkpt lat="-27.037118333333336" lon="-48.583695000000006"><ele>13.1</ele></trkpt><trkpt lat="-27.037125" lon="-48.58368833333334"><ele>12.799999999999999</ele></trkpt><trkpt lat="-27.03713" lon="-48.583683333333326"><ele>12.6</ele></trkpt><trkpt lat="-27.037131666666664" lon="-48.58367833333333"><ele>12.4</ele></trkpt><trkpt lat="-27.037131666666664" lon="-48.58367666666666"><ele>12.299999999999999</ele></trkpt><trkpt lat="-27.037131666666664" lon="-48.58367499999999"><ele>12.1</ele></trkpt><trkpt lat="-27.03713" lon="-48.58367333333334"><ele>11.799999999999999</ele></trkpt><trkpt lat="-27.03713" lon="-48.58367333333334"><ele>11.5</ele></trkpt><trkpt lat="-27.03712833333333" lon="-48.58367166666667"><ele>11.2</ele></trkpt><trkpt lat="-27.03712833333333" lon="-48.58366833333333"><ele>11.1</ele></trkpt><trkpt lat="-27.03712833333333" lon="-48.58366833333333"><ele>11.1</ele></trkpt><trkpt lat="-27.03712833333333" lon="-48.58366833333333"><ele>11.1</ele></trkpt><trkpt lat="-27.03712833333333" lon="-48.58366833333333"><ele>11.1</ele></trkpt><trkpt lat="-27.03712833333333" lon="-48.58366833333333"><ele>11.1</ele></trkpt><trkpt lat="-27.03712833333333" lon="-48.58366833333333"><ele>11.1</ele></trkpt><trkpt lat="-27.03712833333333" lon="-48.58366833333333"><ele>11.1</ele></trkpt><trkpt lat="-27.03712833333333" lon="-48.58366833333333"><ele>11.1</ele></trkpt><trkpt lat="-27.03712833333333" lon="-48.58366833333333"><ele>11.1</ele></trkpt><trkpt lat="-27.03712833333333" lon="-48.58366833333333"><ele>11.1</ele></trkpt><trkpt lat="-27.03712833333333" lon="-48.58366833333333"><ele>11.1</ele></trkpt><trkpt lat="-27.03712833333333" lon="-48.58366833333333"><ele>11.1</ele></trkpt><trkpt lat="-27.03712833333333" lon="-48.58366833333333"><ele>11.1</ele></trkpt><trkpt lat="-27.03712833333333" lon="-48.58366833333333"><ele>11.1</ele></trkpt><trkpt lat="-27.03712833333333" lon="-48.58366833333333"><ele>11.1</ele></trkpt><trkpt lat="-27.03712833333333" lon="-48.58366833333333"><ele>11.1</ele></trkpt><trkpt lat="-27.03712833333333" lon="-48.58366833333333"><ele>11.1</ele></trkpt><trkpt lat="-27.03712833333333" lon="-48.58366833333333"><ele>11.1</ele></trkpt><trkpt lat="-27.03712833333333" lon="-48.58366833333333"><ele>11.1</ele></trkpt><trkpt lat="-27.03712833333333" lon="-48.58366833333333"><ele>11.1</ele></trkpt><trkpt lat="-27.03712833333333" lon="-48.58366833333333"><ele>11.1</ele></trkpt><trkpt lat="-27.03712833333333" lon="-48.58366833333333"><ele>11.1</ele></trkpt><trkpt lat="-27.03712833333333" lon="-48.58366833333333"><ele>11.1</ele></trkpt><trkpt lat="-27.03712833333333" lon="-48.58366833333333"><ele>11.1</ele></trkpt><trkpt lat="-27.03712833333333" lon="-48.58366833333333"><ele>11.1</ele></trkpt><trkpt lat="-27.03712833333333" lon="-48.58366833333333"><ele>11.1</ele></trkpt><trkpt lat="-27.03712833333333" lon="-48.58366833333333"><ele>11.1</ele></trkpt><trkpt lat="-27.03712833333333" lon="-48.58366833333333"><ele>11.1</ele></trkpt><trkpt lat="-27.03712833333333" lon="-48.58366833333333"><ele>11.1</ele></trkpt><trkpt lat="-27.03712833333333" lon="-48.58366833333333"><ele>11.1</ele></trkpt><trkpt lat="-27.03712833333333" lon="-48.58366833333333"><ele>11.1</ele></trkpt><trkpt lat="-27.03712833333333" lon="-48.58366833333333"><ele>11.1</ele></trkpt><trkpt lat="-27.03712833333333" lon="-48.58366833333333"><ele>11.1</ele></trkpt><trkpt lat="-27.03712833333333" lon="-48.58366833333333"><ele>11.1</ele></trkpt><trkpt lat="-27.03712833333333" lon="-48.58366833333333"><ele>11.1</ele></trkpt><trkpt lat="-27.03712833333333" lon="-48.58366833333333"><ele>11.1</ele></trkpt><trkpt lat="-27.03712833333333" lon="-48.58366833333333"><ele>11.1</ele></trkpt><trkpt lat="-27.03712833333333" lon="-48.58366833333333"><ele>11.1</ele></trkpt><trkpt lat="-27.03712833333333" lon="-48.58366833333333"><ele>11.1</ele></trkpt><trkpt lat="-27.03712833333333" lon="-48.58366833333333"><ele>11.1</ele></trkpt><trkpt lat="-27.03712833333333" lon="-48.58366833333333"><ele>11.1</ele></trkpt><trkpt lat="-27.03712833333333" lon="-48.58366833333333"><ele>11.1</ele></trkpt><trkpt lat="-27.03712833333333" lon="-48.58366833333333"><ele>11.1</ele></trkpt><trkpt lat="-27.03712833333333" lon="-48.58366833333333"><ele>11.1</ele></trkpt><trkpt lat="-27.03712833333333" lon="-48.58366833333333"><ele>11.1</ele></trkpt><trkpt lat="-27.037131666666664" lon="-48.58363166666666"><ele>11.5</ele></trkpt><trkpt lat="-27.037133333333333" lon="-48.583616666666664"><ele>12.2</ele></trkpt><trkpt lat="-27.037134999999996" lon="-48.58360166666667"><ele>12.299999999999999</ele></trkpt><trkpt lat="-27.03713833333334" lon="-48.58359"><ele>12.2</ele></trkpt><trkpt lat="-27.03714166666667" lon="-48.58357833333333"><ele>12</ele></trkpt><trkpt lat="-27.037148333333334" lon="-48.583571666666664"><ele>11.9</ele></trkpt><trkpt lat="-27.037153333333336" lon="-48.58356333333333"><ele>11.9</ele></trkpt><trkpt lat="-27.037153333333336" lon="-48.58355333333334"><ele>12</ele></trkpt><trkpt lat="-27.037151666666666" lon="-48.58354666666667"><ele>12.1</ele></trkpt><trkpt lat="-27.037146666666665" lon="-48.583545"><ele>12.2</ele></trkpt><trkpt lat="-27.037143333333333" lon="-48.583545"><ele>12</ele></trkpt><trkpt lat="-27.037143333333333" lon="-48.583545"><ele>11.9</ele></trkpt><trkpt lat="-27.037143333333333" lon="-48.58354666666667"><ele>11.799999999999999</ele></trkpt><trkpt lat="-27.03714166666667" lon="-48.583548333333326"><ele>11.799999999999999</ele></trkpt><trkpt lat="-27.03714" lon="-48.583549999999995"><ele>11.6</ele></trkpt><trkpt lat="-27.03713833333334" lon="-48.58355166666667"><ele>11.7</ele></trkpt><trkpt lat="-27.037136666666665" lon="-48.58355166666667"><ele>11.6</ele></trkpt><trkpt lat="-27.037136666666665" lon="-48.58355166666667"><ele>11.6</ele></trkpt><trkpt lat="-27.037136666666665" lon="-48.58355166666667"><ele>11.6</ele></trkpt><trkpt lat="-27.037136666666665" lon="-48.58355166666667"><ele>11.6</ele></trkpt><trkpt lat="-27.037136666666665" lon="-48.58355166666667"><ele>11.6</ele></trkpt><trkpt lat="-27.037136666666665" lon="-48.58355166666667"><ele>11.6</ele></trkpt><trkpt lat="-27.037136666666665" lon="-48.58355166666667"><ele>11.6</ele></trkpt><trkpt lat="-27.037136666666665" lon="-48.58355166666667"><ele>11.6</ele></trkpt><trkpt lat="-27.037136666666665" lon="-48.58355166666667"><ele>11.6</ele></trkpt><trkpt lat="-27.037136666666665" lon="-48.58355166666667"><ele>11.6</ele></trkpt><trkpt lat="-27.037136666666665" lon="-48.58355166666667"><ele>11.6</ele></trkpt><trkpt lat="-27.037136666666665" lon="-48.58355166666667"><ele>11.6</ele></trkpt><trkpt lat="-27.037136666666665" lon="-48.58355166666667"><ele>11.6</ele></trkpt><trkpt lat="-27.037136666666665" lon="-48.58355166666667"><ele>11.6</ele></trkpt><trkpt lat="-27.037136666666665" lon="-48.58355166666667"><ele>11.6</ele></trkpt><trkpt lat="-27.037136666666665" lon="-48.58355166666667"><ele>11.6</ele></trkpt><trkpt lat="-27.037136666666665" lon="-48.58355166666667"><ele>11.6</ele></trkpt><trkpt lat="-27.037136666666665" lon="-48.58355166666667"><ele>11.6</ele></trkpt><trkpt lat="-27.037136666666665" lon="-48.58355166666667"><ele>11.6</ele></trkpt><trkpt lat="-27.037136666666665" lon="-48.58355166666667"><ele>11.6</ele></trkpt><trkpt lat="-27.037136666666665" lon="-48.58355166666667"><ele>11.6</ele></trkpt><trkpt lat="-27.037136666666665" lon="-48.58355166666667"><ele>11.6</ele></trkpt><trkpt lat="-27.037136666666665" lon="-48.58355166666667"><ele>11.6</ele></trkpt><trkpt lat="-27.037136666666665" lon="-48.58355166666667"><ele>11.6</ele></trkpt><trkpt lat="-27.037136666666665" lon="-48.58355166666667"><ele>11.6</ele></trkpt><trkpt lat="-27.037136666666665" lon="-48.58355166666667"><ele>11.6</ele></trkpt><trkpt lat="-27.037136666666665" lon="-48.58355166666667"><ele>11.6</ele></trkpt><trkpt lat="-27.037136666666665" lon="-48.58355166666667"><ele>11.6</ele></trkpt><trkpt lat="-27.037136666666665" lon="-48.58355166666667"><ele>11.6</ele></trkpt><trkpt lat="-27.037136666666665" lon="-48.58355166666667"><ele>11.6</ele></trkpt><trkpt lat="-27.037136666666665" lon="-48.58355166666667"><ele>11.6</ele></trkpt><trkpt lat="-27.037136666666665" lon="-48.58355166666667"><ele>11.6</ele></trkpt><trkpt lat="-27.037136666666665" lon="-48.58355166666667"><ele>11.6</ele></trkpt><trkpt lat="-27.037136666666665" lon="-48.58355166666667"><ele>11.6</ele></trkpt><trkpt lat="-27.037136666666665" lon="-48.58355166666667"><ele>11.6</ele></trkpt><trkpt lat="-27.037136666666665" lon="-48.58355166666667"><ele>11.6</ele></trkpt><trkpt lat="-27.037136666666665" lon="-48.58355166666667"><ele>11.6</ele></trkpt><trkpt lat="-27.037136666666665" lon="-48.58355166666667"><ele>11.6</ele></trkpt><trkpt lat="-27.037136666666665" lon="-48.58355166666667"><ele>11.6</ele></trkpt><trkpt lat="-27.037136666666665" lon="-48.58355166666667"><ele>11.6</ele></trkpt><trkpt lat="-27.037136666666665" lon="-48.58355166666667"><ele>11.6</ele></trkpt><trkpt lat="-27.037136666666665" lon="-48.58355166666667"><ele>11.6</ele></trkpt><trkpt lat="-27.037136666666665" lon="-48.58355166666667"><ele>11.6</ele></trkpt><trkpt lat="-27.037136666666665" lon="-48.58355166666667"><ele>11.6</ele></trkpt><trkpt lat="-27.037136666666665" lon="-48.58355166666667"><ele>11.6</ele></trkpt><trkpt lat="-27.037136666666665" lon="-48.58355166666667"><ele>11.6</ele></trkpt><trkpt lat="-27.037136666666665" lon="-48.58355166666667"><ele>11.6</ele></trkpt><trkpt lat="-27.037136666666665" lon="-48.58355166666667"><ele>11.6</ele></trkpt><trkpt lat="-27.037136666666665" lon="-48.58355166666667"><ele>11.6</ele></trkpt><trkpt lat="-27.037136666666665" lon="-48.58355166666667"><ele>11.6</ele></trkpt><trkpt lat="-27.037118333333336" lon="-48.583561666666675"><ele>9.9</ele></trkpt><trkpt lat="-27.03711333333333" lon="-48.583561666666675"><ele>10.6</ele></trkpt><trkpt lat="-27.037103333333334" lon="-48.58356333333333"><ele>11.2</ele></trkpt><trkpt lat="-27.037086666666664" lon="-48.58356833333334"><ele>11.2</ele></trkpt><trkpt lat="-27.037066666666668" lon="-48.583571666666664"><ele>10.5</ele></trkpt><trkpt lat="-27.03705166666667" lon="-48.58357833333333"><ele>10.299999999999999</ele></trkpt><trkpt lat="-27.037028333333335" lon="-48.58358499999999"><ele>10.2</ele></trkpt><trkpt lat="-27.03700666666667" lon="-48.583593333333326"><ele>10.1</ele></trkpt><trkpt lat="-27.036986666666667" lon="-48.583603333333336"><ele>9.7</ele></trkpt><trkpt lat="-27.036963333333333" lon="-48.58361333333334"><ele>9</ele></trkpt><trkpt lat="-27.036941666666667" lon="-48.583625"><ele>9.1</ele></trkpt><trkpt lat="-27.036920000000002" lon="-48.58363166666666"><ele>8.6</ele></trkpt><trkpt lat="-27.036894999999998" lon="-48.583639999999995"><ele>8.1</ele></trkpt><trkpt lat="-27.036868333333338" lon="-48.583648333333336"><ele>7.9</ele></trkpt><trkpt lat="-27.036838333333336" lon="-48.583655"><ele>8.1</ele></trkpt><trkpt lat="-27.03681" lon="-48.583661666666664"><ele>8.3</ele></trkpt><trkpt lat="-27.03678166666667" lon="-48.58367"><ele>8.4</ele></trkpt><trkpt lat="-27.036755000000003" lon="-48.58367666666666"><ele>8.8</ele></trkpt><trkpt lat="-27.036755000000003" lon="-48.58367666666666"><ele>8.8</ele></trkpt><trkpt lat="-27.036755000000003" lon="-48.58367666666666"><ele>8.8</ele></trkpt><trkpt lat="-27.036728333333333" lon="-48.583683333333326"><ele>8.9</ele></trkpt><trkpt lat="-27.036700000000003" lon="-48.58369"><ele>9.2</ele></trkpt><trkpt lat="-27.03667833333333" lon="-48.583696666666675"><ele>9.9</ele></trkpt><trkpt lat="-27.036653333333334" lon="-48.583706666666664"><ele>10.7</ele></trkpt><trkpt lat="-27.036626666666667" lon="-48.58371833333334"><ele>11.1</ele></trkpt><trkpt lat="-27.036598333333338" lon="-48.58372333333333"><ele>11.299999999999999</ele></trkpt><trkpt lat="-27.036571666666667" lon="-48.583729999999996"><ele>11</ele></trkpt><trkpt lat="-27.03654333333333" lon="-48.58373333333334"><ele>10.299999999999999</ele></trkpt><trkpt lat="-27.036521666666665" lon="-48.58373666666667"><ele>9</ele></trkpt><trkpt lat="-27.036490000000004" lon="-48.583749999999995"><ele>9.2</ele></trkpt><trkpt lat="-27.03646" lon="-48.583755000000004"><ele>9.7</ele></trkpt><trkpt lat="-27.036431666666665" lon="-48.58376166666667"><ele>9.9</ele></trkpt><trkpt lat="-27.036403333333336" lon="-48.583773333333326"><ele>10.5</ele></trkpt><trkpt lat="-27.03637666666667" lon="-48.58378166666667"><ele>11.2</ele></trkpt><trkpt lat="-27.03637666666667" lon="-48.58378166666667"><ele>11.2</ele></trkpt><trkpt lat="-27.036350000000002" lon="-48.583783333333336"><ele>11.5</ele></trkpt><trkpt lat="-27.036326666666664" lon="-48.583786666666676"><ele>12.1</ele></trkpt><trkpt lat="-27.036310000000004" lon="-48.58379166666667"><ele>12.799999999999999</ele></trkpt><trkpt lat="-27.036293333333333" lon="-48.583794999999995"><ele>13.6</ele></trkpt><trkpt lat="-27.036278333333332" lon="-48.58380166666667"><ele>13.799999999999999</ele></trkpt><trkpt lat="-27.036254999999997" lon="-48.58380666666667"><ele>13.7</ele></trkpt><trkpt lat="-27.036233333333332" lon="-48.583815"><ele>14.1</ele></trkpt><trkpt lat="-27.036233333333332" lon="-48.583815"><ele>14.1</ele></trkpt><trkpt lat="-27.036205000000002" lon="-48.58382166666667"><ele>13.299999999999999</ele></trkpt><trkpt lat="-27.036170000000002" lon="-48.58383333333333"><ele>12.4</ele></trkpt><trkpt lat="-27.03614" lon="-48.583843333333334"><ele>12.5</ele></trkpt><trkpt lat="-27.03611" lon="-48.58385499999999"><ele>13.2</ele></trkpt><trkpt lat="-27.036073333333334" lon="-48.583863333333326"><ele>14</ele></trkpt><trkpt lat="-27.036043333333335" lon="-48.58387333333334"><ele>14.2</ele></trkpt><trkpt lat="-27.03601833333333" lon="-48.583884999999995"><ele>14.4</ele></trkpt><trkpt lat="-27.03601833333333" lon="-48.583884999999995"><ele>14.4</ele></trkpt><trkpt lat="-27.035986666666666" lon="-48.583888333333334"><ele>15.1</ele></trkpt><trkpt lat="-27.03595833333333" lon="-48.58389166666666"><ele>15.6</ele></trkpt><trkpt lat="-27.03593166666667" lon="-48.583895"><ele>15.799999999999999</ele></trkpt><trkpt lat="-27.035903333333334" lon="-48.58389333333333"><ele>15.5</ele></trkpt><trkpt lat="-27.03588" lon="-48.58389333333333"><ele>15.5</ele></trkpt><trkpt lat="-27.03585666666667" lon="-48.583895"><ele>15.799999999999999</ele></trkpt><trkpt lat="-27.035831666666663" lon="-48.583895"><ele>15.7</ele></trkpt><trkpt lat="-27.035831666666663" lon="-48.583895"><ele>15.7</ele></trkpt><trkpt lat="-27.035803333333334" lon="-48.58389833333334"><ele>15.2</ele></trkpt><trkpt lat="-27.03576666666667" lon="-48.58390333333333"><ele>14.6</ele></trkpt><trkpt lat="-27.03574" lon="-48.583909999999996"><ele>14.5</ele></trkpt><trkpt lat="-27.035711666666664" lon="-48.58391166666667"><ele>14.7</ele></trkpt><trkpt lat="-27.035683333333335" lon="-48.58391333333334"><ele>14.799999999999999</ele></trkpt><trkpt lat="-27.035653333333336" lon="-48.58391166666667"><ele>15.299999999999999</ele></trkpt><trkpt lat="-27.035626666666666" lon="-48.583920000000006"><ele>15.299999999999999</ele></trkpt><trkpt lat="-27.035593333333335" lon="-48.583931666666665"><ele>15.2</ele></trkpt><trkpt lat="-27.03555666666667" lon="-48.58393666666666"><ele>15.7</ele></trkpt><trkpt lat="-27.035523333333337" lon="-48.58394"><ele>15.799999999999999</ele></trkpt><trkpt lat="-27.035495" lon="-48.58393833333333"><ele>15.6</ele></trkpt><trkpt lat="-27.03546833333333" lon="-48.583933333333334"><ele>15.5</ele></trkpt><trkpt lat="-27.03545" lon="-48.58392833333334"><ele>15.5</ele></trkpt><trkpt lat="-27.03545" lon="-48.58392833333334"><ele>15.5</ele></trkpt><trkpt lat="-27.035428333333336" lon="-48.58392333333333"><ele>15.6</ele></trkpt><trkpt lat="-27.035401666666665" lon="-48.58391333333334"><ele>15.2</ele></trkpt><trkpt lat="-27.035369999999997" lon="-48.583915"><ele>15.1</ele></trkpt><trkpt lat="-27.035338333333335" lon="-48.58391666666667"><ele>14.7</ele></trkpt><trkpt lat="-27.035338333333335" lon="-48.58391666666667"><ele>14.7</ele></trkpt><trkpt lat="-27.035306666666663" lon="-48.58392333333333"><ele>14.4</ele></trkpt><trkpt lat="-27.03527166666667" lon="-48.58392333333333"><ele>15.6</ele></trkpt><trkpt lat="-27.035236666666666" lon="-48.583925"><ele>15.2</ele></trkpt><trkpt lat="-27.035204999999998" lon="-48.583929999999995"><ele>15.4</ele></trkpt><trkpt lat="-27.035178333333338" lon="-48.58393666666666"><ele>15.5</ele></trkpt><trkpt lat="-27.035155" lon="-48.58394499999999"><ele>15.5</ele></trkpt><trkpt lat="-27.035133333333338" lon="-48.58394833333333"><ele>15.5</ele></trkpt><trkpt lat="-27.035111666666662" lon="-48.58394666666666"><ele>15.299999999999999</ele></trkpt><trkpt lat="-27.035111666666662" lon="-48.58394666666666"><ele>15.299999999999999</ele></trkpt><trkpt lat="-27.035095000000002" lon="-48.58394333333334"><ele>14.7</ele></trkpt><trkpt lat="-27.03508" lon="-48.58394499999999"><ele>14.299999999999999</ele></trkpt><trkpt lat="-27.035070000000005" lon="-48.58394499999999"><ele>13.9</ele></trkpt><trkpt lat="-27.035065" lon="-48.58394166666667"><ele>13.7</ele></trkpt><trkpt lat="-27.035059999999998" lon="-48.58393833333333"><ele>13.6</ele></trkpt><trkpt lat="-27.035059999999998" lon="-48.58393666666666"><ele>13.7</ele></trkpt><trkpt lat="-27.035058333333335" lon="-48.583935000000004"><ele>13.4</ele></trkpt><trkpt lat="-27.035058333333335" lon="-48.583935000000004"><ele>13.4</ele></trkpt><trkpt lat="-27.035056666666666" lon="-48.583935000000004"><ele>13</ele></trkpt><trkpt lat="-27.035058333333335" lon="-48.583933333333334"><ele>12</ele></trkpt><trkpt lat="-27.035058333333335" lon="-48.58394"><ele>11.5</ele></trkpt><trkpt lat="-27.035053333333334" lon="-48.58393666666666"><ele>11.4</ele></trkpt><trkpt lat="-27.035040000000002" lon="-48.58393666666666"><ele>11.299999999999999</ele></trkpt><trkpt lat="-27.035025000000005" lon="-48.58394166666667"><ele>11.2</ele></trkpt><trkpt lat="-27.035" lon="-48.58394666666666"><ele>10.7</ele></trkpt><trkpt lat="-27.034971666666667" lon="-48.58394666666666"><ele>9.799999999999999</ele></trkpt><trkpt lat="-27.034945" lon="-48.58394666666666"><ele>9.3</ele></trkpt><trkpt lat="-27.034913333333332" lon="-48.58394499999999"><ele>8.8</ele></trkpt><trkpt lat="-27.03488333333333" lon="-48.58395"><ele>9</ele></trkpt><trkpt lat="-27.034856666666663" lon="-48.583953333333326"><ele>8.6</ele></trkpt><trkpt lat="-27.034833333333335" lon="-48.58395833333334"><ele>8.6</ele></trkpt><trkpt lat="-27.03480833333333" lon="-48.58396333333334"><ele>8.4</ele></trkpt><trkpt lat="-27.034785000000003" lon="-48.583965000000006"><ele>8.5</ele></trkpt><trkpt lat="-27.034758333333336" lon="-48.58396666666666"><ele>8.8</ele></trkpt><trkpt lat="-27.03473166666667" lon="-48.58397333333334"><ele>9.6</ele></trkpt><trkpt lat="-27.034695000000003" lon="-48.583974999999995"><ele>10.2</ele></trkpt><trkpt lat="-27.034663333333334" lon="-48.583976666666665"><ele>10.799999999999999</ele></trkpt><trkpt lat="-27.034633333333332" lon="-48.58398333333333"><ele>11.4</ele></trkpt><trkpt lat="-27.034605000000003" lon="-48.58399166666666"><ele>11.799999999999999</ele></trkpt><trkpt lat="-27.034605000000003" lon="-48.58399166666666"><ele>11.799999999999999</ele></trkpt><trkpt lat="-27.03456833333333" lon="-48.583999999999996"><ele>12.4</ele></trkpt><trkpt lat="-27.03453833333333" lon="-48.58400333333334"><ele>12.799999999999999</ele></trkpt><trkpt lat="-27.034503333333337" lon="-48.584005"><ele>13.2</ele></trkpt><trkpt lat="-27.034474999999997" lon="-48.584005"><ele>14.1</ele></trkpt><trkpt lat="-27.034443333333336" lon="-48.584010000000006"><ele>14.2</ele></trkpt><trkpt lat="-27.03440833333333" lon="-48.584010000000006"><ele>14.4</ele></trkpt><trkpt lat="-27.03437166666667" lon="-48.58401166666666"><ele>14.4</ele></trkpt><trkpt lat="-27.034336666666665" lon="-48.58401333333333"><ele>14.5</ele></trkpt><trkpt lat="-27.034305000000003" lon="-48.58401833333334"><ele>14.4</ele></trkpt><trkpt lat="-27.03428" lon="-48.58401833333334"><ele>14.9</ele></trkpt><trkpt lat="-27.034261666666666" lon="-48.584021666666665"><ele>14.9</ele></trkpt><trkpt lat="-27.034261666666666" lon="-48.584021666666665"><ele>14.9</ele></trkpt><trkpt lat="-27.034248333333334" lon="-48.58401333333333"><ele>15.1</ele></trkpt><trkpt lat="-27.034233333333336" lon="-48.584015"><ele>15</ele></trkpt><trkpt lat="-27.034225" lon="-48.58401833333334"><ele>15.5</ele></trkpt><trkpt lat="-27.034216666666666" lon="-48.584023333333334"><ele>15.9</ele></trkpt><trkpt lat="-27.034206666666666" lon="-48.58402833333333"><ele>15.5</ele></trkpt><trkpt lat="-27.034188333333336" lon="-48.58403166666667"><ele>15.7</ele></trkpt><trkpt lat="-27.034161666666666" lon="-48.58403666666666"><ele>15.9</ele></trkpt><trkpt lat="-27.03413333333333" lon="-48.58404333333333"><ele>16.3</ele></trkpt><trkpt lat="-27.03413333333333" lon="-48.58404333333333"><ele>16.3</ele></trkpt><trkpt lat="-27.0341" lon="-48.58404833333334"><ele>16</ele></trkpt><trkpt lat="-27.034071666666666" lon="-48.58405333333334"><ele>16.6</ele></trkpt><trkpt lat="-27.034041666666667" lon="-48.584055000000006"><ele>17.1</ele></trkpt><trkpt lat="-27.034021666666664" lon="-48.584055000000006"><ele>16.2</ele></trkpt><trkpt lat="-27.034008333333336" lon="-48.58405666666666"><ele>15.4</ele></trkpt><trkpt lat="-27.034005" lon="-48.58404666666667"><ele>14.5</ele></trkpt><trkpt lat="-27.03400166666667" lon="-48.58404166666666"><ele>13.799999999999999</ele></trkpt><trkpt lat="-27.034" lon="-48.58403666666666"><ele>13.6</ele></trkpt><trkpt lat="-27.033996666666667" lon="-48.58403499999999"><ele>13.6</ele></trkpt><trkpt lat="-27.033994999999997" lon="-48.58403166666667"><ele>13.6</ele></trkpt><trkpt lat="-27.033996666666667" lon="-48.58403166666667"><ele>13.4</ele></trkpt><trkpt lat="-27.034" lon="-48.58403166666667"><ele>12.9</ele></trkpt><trkpt lat="-27.034" lon="-48.58403166666667"><ele>12.9</ele></trkpt><trkpt lat="-27.034" lon="-48.58403333333334"><ele>13</ele></trkpt><trkpt lat="-27.034" lon="-48.58403833333333"><ele>13</ele></trkpt><trkpt lat="-27.033998333333336" lon="-48.58404333333333"><ele>13.2</ele></trkpt><trkpt lat="-27.033998333333336" lon="-48.58404833333334"><ele>13.299999999999999</ele></trkpt><trkpt lat="-27.033998333333336" lon="-48.58404833333334"><ele>13.299999999999999</ele></trkpt><trkpt lat="-27.033998333333336" lon="-48.58404833333334"><ele>13.299999999999999</ele></trkpt><trkpt lat="-27.033998333333336" lon="-48.58404833333334"><ele>13.299999999999999</ele></trkpt><trkpt lat="-27.033998333333336" lon="-48.58404833333334"><ele>13.299999999999999</ele></trkpt><trkpt lat="-27.033998333333336" lon="-48.58404833333334"><ele>13.299999999999999</ele></trkpt><trkpt lat="-27.033998333333336" lon="-48.58404833333334"><ele>13.299999999999999</ele></trkpt><trkpt lat="-27.033998333333336" lon="-48.58404833333334"><ele>13.299999999999999</ele></trkpt><trkpt lat="-27.033998333333336" lon="-48.58404833333334"><ele>13.299999999999999</ele></trkpt><trkpt lat="-27.033978333333334" lon="-48.58403666666666"><ele>12.2</ele></trkpt><trkpt lat="-27.033963333333336" lon="-48.58404"><ele>11.9</ele></trkpt><trkpt lat="-27.033938333333335" lon="-48.58404166666666"><ele>11.799999999999999</ele></trkpt><trkpt lat="-27.03391166666667" lon="-48.58404"><ele>11.1</ele></trkpt><trkpt lat="-27.033883333333332" lon="-48.58404"><ele>11</ele></trkpt><trkpt lat="-27.033856666666665" lon="-48.58403833333333"><ele>11.2</ele></trkpt><trkpt lat="-27.033831666666668" lon="-48.58404333333333"><ele>11.6</ele></trkpt><trkpt lat="-27.033804999999997" lon="-48.58404333333333"><ele>11.5</ele></trkpt><trkpt lat="-27.033781666666663" lon="-48.58405"><ele>12.1</ele></trkpt><trkpt lat="-27.033753333333333" lon="-48.58405166666667"><ele>11.7</ele></trkpt><trkpt lat="-27.033726666666666" lon="-48.584055000000006"><ele>11.9</ele></trkpt><trkpt lat="-27.033726666666666" lon="-48.584055000000006"><ele>11.9</ele></trkpt><trkpt lat="-27.0337" lon="-48.58405833333333"><ele>12.4</ele></trkpt><trkpt lat="-27.033679999999997" lon="-48.58405833333333"><ele>12.2</ele></trkpt><trkpt lat="-27.03365833333333" lon="-48.58405333333334"><ele>11.2</ele></trkpt><trkpt lat="-27.03365833333333" lon="-48.58405333333334"><ele>11.2</ele></trkpt><trkpt lat="-27.033641666666668" lon="-48.58405666666666"><ele>10.4</ele></trkpt><trkpt lat="-27.033628333333333" lon="-48.58405666666666"><ele>10.7</ele></trkpt><trkpt lat="-27.033616666666664" lon="-48.58405666666666"><ele>10.4</ele></trkpt><trkpt lat="-27.033608333333337" lon="-48.58406"><ele>10.2</ele></trkpt><trkpt lat="-27.033596666666668" lon="-48.58406166666667"><ele>10</ele></trkpt><trkpt lat="-27.033583333333333" lon="-48.58406166666667"><ele>10.7</ele></trkpt><trkpt lat="-27.03357" lon="-48.58406166666667"><ele>11.2</ele></trkpt><trkpt lat="-27.033558333333335" lon="-48.58406166666667"><ele>11.7</ele></trkpt><trkpt lat="-27.033548333333336" lon="-48.58406166666667"><ele>11.9</ele></trkpt><trkpt lat="-27.033541666666665" lon="-48.58406333333334"><ele>11.9</ele></trkpt><trkpt lat="-27.033541666666665" lon="-48.58406333333334"><ele>11.9</ele></trkpt><trkpt lat="-27.033534999999997" lon="-48.584068333333335"><ele>12.2</ele></trkpt><trkpt lat="-27.033528333333333" lon="-48.584068333333335"><ele>12.6</ele></trkpt><trkpt lat="-27.03352166666667" lon="-48.584064999999995"><ele>12.799999999999999</ele></trkpt><trkpt lat="-27.033515000000005" lon="-48.58406333333334"><ele>12.799999999999999</ele></trkpt><trkpt lat="-27.033511666666662" lon="-48.58406333333334"><ele>12.7</ele></trkpt><trkpt lat="-27.03351" lon="-48.58406166666667"><ele>12.6</ele></trkpt><trkpt lat="-27.03351" lon="-48.58406166666667"><ele>12.5</ele></trkpt><trkpt lat="-27.033511666666662" lon="-48.58406166666667"><ele>12.2</ele></trkpt><trkpt lat="-27.033515000000005" lon="-48.58406333333334"><ele>11.9</ele></trkpt><trkpt lat="-27.033516666666667" lon="-48.584066666666665"><ele>11.5</ele></trkpt><trkpt lat="-27.03350833333333" lon="-48.584068333333335"><ele>11.2</ele></trkpt><trkpt lat="-27.033493333333332" lon="-48.58407333333333"><ele>10.9</ele></trkpt><trkpt lat="-27.033473333333337" lon="-48.58407833333334"><ele>10.7</ele></trkpt><trkpt lat="-27.033473333333337" lon="-48.58407833333334"><ele>10.7</ele></trkpt><trkpt lat="-27.033448333333332" lon="-48.58407999999999"><ele>10.299999999999999</ele></trkpt><trkpt lat="-27.033423333333335" lon="-48.58408666666666"><ele>10.1</ele></trkpt><trkpt lat="-27.033395000000002" lon="-48.584085"><ele>10.299999999999999</ele></trkpt><trkpt lat="-27.033368333333335" lon="-48.58408333333333"><ele>10.799999999999999</ele></trkpt><trkpt lat="-27.03334" lon="-48.58407666666667"><ele>11.1</ele></trkpt><trkpt lat="-27.03331166666667" lon="-48.58407666666667"><ele>11.2</ele></trkpt><trkpt lat="-27.033285" lon="-48.58408666666666"><ele>11.799999999999999</ele></trkpt><trkpt lat="-27.033255" lon="-48.58409333333334"><ele>12.4</ele></trkpt><trkpt lat="-27.03322166666667" lon="-48.58409833333334"><ele>12.6</ele></trkpt><trkpt lat="-27.033191666666667" lon="-48.58410166666666"><ele>12.7</ele></trkpt><trkpt lat="-27.03316333333333" lon="-48.58410666666667"><ele>12.799999999999999</ele></trkpt><trkpt lat="-27.033136666666664" lon="-48.584111666666665"><ele>13</ele></trkpt><trkpt lat="-27.033105" lon="-48.584111666666665"><ele>13</ele></trkpt><trkpt lat="-27.03307" lon="-48.584111666666665"><ele>13.299999999999999</ele></trkpt><trkpt lat="-27.033036666666664" lon="-48.584111666666665"><ele>13.5</ele></trkpt><trkpt lat="-27.033003333333333" lon="-48.584115000000004"><ele>13.7</ele></trkpt><trkpt lat="-27.03296833333333" lon="-48.58411833333333"><ele>13</ele></trkpt><trkpt lat="-27.032936666666668" lon="-48.58412"><ele>12.4</ele></trkpt><trkpt lat="-27.032936666666668" lon="-48.58412"><ele>12.4</ele></trkpt><trkpt lat="-27.03291166666667" lon="-48.58412"><ele>12.1</ele></trkpt><trkpt lat="-27.032886666666666" lon="-48.58412166666667"><ele>12.299999999999999</ele></trkpt><trkpt lat="-27.032870000000003" lon="-48.58412"><ele>11.4</ele></trkpt><trkpt lat="-27.032853333333332" lon="-48.58411833333333"><ele>11</ele></trkpt><trkpt lat="-27.032840000000004" lon="-48.58412"><ele>10.799999999999999</ele></trkpt><trkpt lat="-27.032829999999997" lon="-48.58412166666667"><ele>10.5</ele></trkpt><trkpt lat="-27.032813333333333" lon="-48.58412499999999"><ele>10.2</ele></trkpt><trkpt lat="-27.032796666666666" lon="-48.58413166666666"><ele>9.7</ele></trkpt><trkpt lat="-27.032796666666666" lon="-48.58413166666666"><ele>9.7</ele></trkpt><trkpt lat="-27.032781666666665" lon="-48.58413333333333"><ele>10.5</ele></trkpt><trkpt lat="-27.032765" lon="-48.58413333333333"><ele>11.9</ele></trkpt><trkpt lat="-27.03274333333333" lon="-48.58413666666667"><ele>13.9</ele></trkpt><trkpt lat="-27.03272" lon="-48.58413666666667"><ele>15.799999999999999</ele></trkpt><trkpt lat="-27.032691666666665" lon="-48.58413833333334"><ele>15.4</ele></trkpt><trkpt lat="-27.032691666666665" lon="-48.58413833333334"><ele>15.4</ele></trkpt><trkpt lat="-27.032649999999997" lon="-48.58413333333333"><ele>14.1</ele></trkpt><trkpt lat="-27.032619999999998" lon="-48.58413666666667"><ele>14.299999999999999</ele></trkpt><trkpt lat="-27.032585" lon="-48.584134999999996"><ele>12.799999999999999</ele></trkpt><trkpt lat="-27.03254666666667" lon="-48.58413666666667"><ele>12.299999999999999</ele></trkpt><trkpt lat="-27.032510000000002" lon="-48.58413833333334"><ele>11.799999999999999</ele></trkpt><trkpt lat="-27.03247666666667" lon="-48.58414166666667"><ele>11.799999999999999</ele></trkpt><trkpt lat="-27.032443333333337" lon="-48.58414500000001"><ele>11.7</ele></trkpt><trkpt lat="-27.032413333333338" lon="-48.58414833333333"><ele>11.799999999999999</ele></trkpt><trkpt lat="-27.032379999999996" lon="-48.58414833333333"><ele>11.799999999999999</ele></trkpt><trkpt lat="-27.032351666666667" lon="-48.58414833333333"><ele>11.9</ele></trkpt><trkpt lat="-27.03232666666667" lon="-48.58415166666667"><ele>11.7</ele></trkpt><trkpt lat="-27.032300000000003" lon="-48.584154999999996"><ele>11.9</ele></trkpt><trkpt lat="-27.032274999999995" lon="-48.584154999999996"><ele>11.799999999999999</ele></trkpt><trkpt lat="-27.032274999999995" lon="-48.584154999999996"><ele>11.799999999999999</ele></trkpt><trkpt lat="-27.032249999999998" lon="-48.584160000000004"><ele>12</ele></trkpt><trkpt lat="-27.03222333333333" lon="-48.58416666666667"><ele>11.9</ele></trkpt><trkpt lat="-27.032201666666666" lon="-48.58417333333333"><ele>12.6</ele></trkpt><trkpt lat="-27.032183333333332" lon="-48.58417833333333"><ele>13</ele></trkpt><trkpt lat="-27.032165000000003" lon="-48.584179999999996"><ele>13.299999999999999</ele></trkpt><trkpt lat="-27.03214666666667" lon="-48.58418666666667"><ele>13.7</ele></trkpt><trkpt lat="-27.032126666666667" lon="-48.58418833333334"><ele>14.1</ele></trkpt><trkpt lat="-27.032126666666667" lon="-48.58418833333334"><ele>14.1</ele></trkpt><trkpt lat="-27.032105" lon="-48.58419000000001"><ele>13.299999999999999</ele></trkpt><trkpt lat="-27.032083333333336" lon="-48.58419166666666"><ele>12.6</ele></trkpt><trkpt lat="-27.032061666666664" lon="-48.58419000000001"><ele>11.4</ele></trkpt><trkpt lat="-27.032041666666668" lon="-48.58419000000001"><ele>10.7</ele></trkpt><trkpt lat="-27.032041666666668" lon="-48.58419000000001"><ele>10.7</ele></trkpt><trkpt lat="-27.032021666666665" lon="-48.58418666666667"><ele>9.9</ele></trkpt><trkpt lat="-27.032" lon="-48.58418666666667"><ele>9.799999999999999</ele></trkpt><trkpt lat="-27.031978333333335" lon="-48.58418666666667"><ele>9.7</ele></trkpt><trkpt lat="-27.03195" lon="-48.58418833333334"><ele>10.1</ele></trkpt><trkpt lat="-27.03192" lon="-48.58419333333333"><ele>10.2</ele></trkpt><trkpt lat="-27.031886666666665" lon="-48.58419333333333"><ele>10</ele></trkpt><trkpt lat="-27.031855000000004" lon="-48.584195"><ele>9.7</ele></trkpt><trkpt lat="-27.031825000000005" lon="-48.58419666666667"><ele>9.9</ele></trkpt><trkpt lat="-27.031793333333333" lon="-48.584201666666665"><ele>10.5</ele></trkpt><trkpt lat="-27.031760000000002" lon="-48.584201666666665"><ele>10.4</ele></trkpt><trkpt lat="-27.03173" lon="-48.584203333333335"><ele>10.1</ele></trkpt><trkpt lat="-27.0317" lon="-48.58421"><ele>9.5</ele></trkpt><trkpt lat="-27.031673333333334" lon="-48.58421499999999"><ele>9.6</ele></trkpt><trkpt lat="-27.03165166666667" lon="-48.58421833333333"><ele>10.1</ele></trkpt><trkpt lat="-27.031625000000002" lon="-48.58421333333334"><ele>9.9</ele></trkpt><trkpt lat="-27.031595" lon="-48.58420666666666"><ele>10.2</ele></trkpt><trkpt lat="-27.031568333333333" lon="-48.58421166666667"><ele>10.4</ele></trkpt><trkpt lat="-27.031568333333333" lon="-48.58421166666667"><ele>10.4</ele></trkpt><trkpt lat="-27.03154833333333" lon="-48.58421666666666"><ele>11.1</ele></trkpt><trkpt lat="-27.031525000000002" lon="-48.58422"><ele>11.5</ele></trkpt><trkpt lat="-27.031513333333336" lon="-48.58422166666666"><ele>11.299999999999999</ele></trkpt><trkpt lat="-27.031501666666667" lon="-48.58422166666666"><ele>11.2</ele></trkpt><trkpt lat="-27.03149166666667" lon="-48.584224999999996"><ele>10.9</ele></trkpt><trkpt lat="-27.031480000000002" lon="-48.58422666666667"><ele>10.9</ele></trkpt><trkpt lat="-27.031480000000002" lon="-48.58422666666667"><ele>10.9</ele></trkpt><trkpt lat="-27.03146333333333" lon="-48.58422833333334"><ele>10.9</ele></trkpt><trkpt lat="-27.031439999999996" lon="-48.58422833333334"><ele>10.7</ele></trkpt><trkpt lat="-27.031406666666665" lon="-48.58422833333334"><ele>10.5</ele></trkpt><trkpt lat="-27.03137" lon="-48.58422666666667"><ele>9.6</ele></trkpt><trkpt lat="-27.03133833333333" lon="-48.58422666666667"><ele>9.2</ele></trkpt><trkpt lat="-27.03131" lon="-48.58422833333334"><ele>9.4</ele></trkpt><trkpt lat="-27.03128333333333" lon="-48.58423500000001"><ele>9.6</ele></trkpt><trkpt lat="-27.031256666666664" lon="-48.58423666666666"><ele>9.2</ele></trkpt><trkpt lat="-27.031256666666664" lon="-48.58423666666666"><ele>9.2</ele></trkpt><trkpt lat="-27.031228333333335" lon="-48.58424"><ele>9</ele></trkpt><trkpt lat="-27.03120666666667" lon="-48.58424333333334"><ele>8.6</ele></trkpt><trkpt lat="-27.031186666666667" lon="-48.58424333333334"><ele>8.6</ele></trkpt><trkpt lat="-27.031168333333333" lon="-48.584248333333335"><ele>8.7</ele></trkpt><trkpt lat="-27.031146666666668" lon="-48.58425833333334"><ele>9.3</ele></trkpt><trkpt lat="-27.031146666666668" lon="-48.58425833333334"><ele>9.3</ele></trkpt><trkpt lat="-27.031123333333333" lon="-48.58425999999999"><ele>8.9</ele></trkpt><trkpt lat="-27.031101666666668" lon="-48.58426166666666"><ele>8.8</ele></trkpt><trkpt lat="-27.03107333333333" lon="-48.584265"><ele>8.8</ele></trkpt><trkpt lat="-27.031046666666665" lon="-48.58426666666666"><ele>9.5</ele></trkpt><trkpt lat="-27.031021666666668" lon="-48.58426666666666"><ele>9.799999999999999</ele></trkpt><trkpt lat="-27.031000000000002" lon="-48.58427333333334"><ele>9.6</ele></trkpt><trkpt lat="-27.030978333333337" lon="-48.58427833333334"><ele>9.6</ele></trkpt><trkpt lat="-27.030978333333337" lon="-48.58427833333334"><ele>9.6</ele></trkpt><trkpt lat="-27.030961666666666" lon="-48.58428333333333"><ele>9.7</ele></trkpt><trkpt lat="-27.03095" lon="-48.584293333333335"><ele>10</ele></trkpt><trkpt lat="-27.03093833333333" lon="-48.58429666666666"><ele>10.5</ele></trkpt><trkpt lat="-27.03092333333333" lon="-48.584295000000004"><ele>10.9</ele></trkpt><trkpt lat="-27.03090666666667" lon="-48.58429666666666"><ele>10.9</ele></trkpt><trkpt lat="-27.03089333333333" lon="-48.584295000000004"><ele>10.5</ele></trkpt><trkpt lat="-27.030880000000003" lon="-48.58428666666667"><ele>10.9</ele></trkpt><trkpt lat="-27.030868333333334" lon="-48.58428166666666"><ele>10.4</ele></trkpt><trkpt lat="-27.030868333333334" lon="-48.584275"><ele>10.6</ele></trkpt><trkpt lat="-27.030871666666666" lon="-48.58427333333334"><ele>10.9</ele></trkpt><trkpt lat="-27.030871666666666" lon="-48.58426833333333"><ele>11</ele></trkpt><trkpt lat="-27.030873333333336" lon="-48.58426833333333"><ele>11</ele></trkpt><trkpt lat="-27.030874999999998" lon="-48.584265"><ele>11</ele></trkpt><trkpt lat="-27.030876666666668" lon="-48.58426166666666"><ele>11</ele></trkpt><trkpt lat="-27.030876666666668" lon="-48.58425833333334"><ele>11.2</ele></trkpt><trkpt lat="-27.030876666666668" lon="-48.58425833333334"><ele>11.2</ele></trkpt><trkpt lat="-27.03087833333333" lon="-48.584255"><ele>11.2</ele></trkpt><trkpt lat="-27.030880000000003" lon="-48.584255"><ele>11</ele></trkpt><trkpt lat="-27.030881666666666" lon="-48.584255"><ele>10.9</ele></trkpt><trkpt lat="-27.030881666666666" lon="-48.584255"><ele>10.9</ele></trkpt><trkpt lat="-27.030881666666666" lon="-48.584255"><ele>10.9</ele></trkpt><trkpt lat="-27.030881666666666" lon="-48.584255"><ele>10.9</ele></trkpt><trkpt lat="-27.030881666666666" lon="-48.584255"><ele>10.9</ele></trkpt><trkpt lat="-27.030881666666666" lon="-48.584255"><ele>10.9</ele></trkpt><trkpt lat="-27.030881666666666" lon="-48.584255"><ele>10.9</ele></trkpt><trkpt lat="-27.030881666666666" lon="-48.584255"><ele>10.9</ele></trkpt><trkpt lat="-27.030881666666666" lon="-48.584255"><ele>10.9</ele></trkpt><trkpt lat="-27.030881666666666" lon="-48.584255"><ele>10.9</ele></trkpt><trkpt lat="-27.030881666666666" lon="-48.584255"><ele>10.9</ele></trkpt><trkpt lat="-27.030881666666666" lon="-48.584255"><ele>10.9</ele></trkpt><trkpt lat="-27.030881666666666" lon="-48.584255"><ele>10.9</ele></trkpt><trkpt lat="-27.030881666666666" lon="-48.584255"><ele>10.9</ele></trkpt><trkpt lat="-27.030871666666666" lon="-48.58425666666667"><ele>10.1</ele></trkpt><trkpt lat="-27.03084833333333" lon="-48.58425833333334"><ele>10</ele></trkpt><trkpt lat="-27.030821666666665" lon="-48.58426666666666"><ele>10.2</ele></trkpt><trkpt lat="-27.030798333333337" lon="-48.58428000000001"><ele>11.2</ele></trkpt><trkpt lat="-27.030798333333337" lon="-48.58428000000001"><ele>11.2</ele></trkpt><trkpt lat="-27.030773333333332" lon="-48.58428833333334"><ele>11.7</ele></trkpt><trkpt lat="-27.030738333333336" lon="-48.584291666666665"><ele>12.7</ele></trkpt><trkpt lat="-27.030706666666667" lon="-48.584291666666665"><ele>14.299999999999999</ele></trkpt><trkpt lat="-27.03067666666667" lon="-48.584291666666665"><ele>15.1</ele></trkpt><trkpt lat="-27.030649999999998" lon="-48.584289999999996"><ele>14.299999999999999</ele></trkpt><trkpt lat="-27.03062166666667" lon="-48.584291666666665"><ele>13.2</ele></trkpt><trkpt lat="-27.030599999999996" lon="-48.584289999999996"><ele>11.9</ele></trkpt><trkpt lat="-27.030573333333336" lon="-48.58427666666667"><ele>11.4</ele></trkpt><trkpt lat="-27.03055" lon="-48.584265"><ele>11.4</ele></trkpt><trkpt lat="-27.030523333333335" lon="-48.58426166666666"><ele>11.5</ele></trkpt><trkpt lat="-27.030496666666668" lon="-48.58426166666666"><ele>11.7</ele></trkpt><trkpt lat="-27.030471666666667" lon="-48.58425833333334"><ele>11.5</ele></trkpt><trkpt lat="-27.030450000000005" lon="-48.58425166666666"><ele>10.6</ele></trkpt><trkpt lat="-27.03042833333333" lon="-48.584248333333335"><ele>9.5</ele></trkpt><trkpt lat="-27.03041166666667" lon="-48.58425166666666"><ele>8</ele></trkpt><trkpt lat="-27.030393333333336" lon="-48.58425333333333"><ele>7.300000000000001</ele></trkpt><trkpt lat="-27.030376666666665" lon="-48.58425833333334"><ele>6.4</ele></trkpt><trkpt lat="-27.030360000000005" lon="-48.584255"><ele>6</ele></trkpt><trkpt lat="-27.030345000000004" lon="-48.58425333333333"><ele>5.9</ele></trkpt><trkpt lat="-27.030331666666665" lon="-48.584255"><ele>6.1</ele></trkpt><trkpt lat="-27.030313333333332" lon="-48.58425833333334"><ele>6.199999999999999</ele></trkpt><trkpt lat="-27.030298333333334" lon="-48.58425833333334"><ele>7.199999999999999</ele></trkpt><trkpt lat="-27.030285000000003" lon="-48.58425999999999"><ele>7.800000000000001</ele></trkpt><trkpt lat="-27.030271666666668" lon="-48.58425833333334"><ele>8.4</ele></trkpt><trkpt lat="-27.03026" lon="-48.58425333333333"><ele>8.3</ele></trkpt><trkpt lat="-27.030244999999997" lon="-48.584246666666665"><ele>9.2</ele></trkpt><trkpt lat="-27.030236666666664" lon="-48.58424166666667"><ele>9.5</ele></trkpt><trkpt lat="-27.03023" lon="-48.58424"><ele>10</ele></trkpt><trkpt lat="-27.030225000000005" lon="-48.58423833333333"><ele>10.6</ele></trkpt><trkpt lat="-27.030221666666662" lon="-48.58424"><ele>11</ele></trkpt><trkpt lat="-27.030216666666668" lon="-48.58424166666667"><ele>11.6</ele></trkpt><trkpt lat="-27.030211666666666" lon="-48.58424333333334"><ele>11.799999999999999</ele></trkpt><trkpt lat="-27.030206666666665" lon="-48.584244999999996"><ele>11.799999999999999</ele></trkpt><trkpt lat="-27.030205000000002" lon="-48.58424333333334"><ele>11.9</ele></trkpt><trkpt lat="-27.03020333333333" lon="-48.58424333333334"><ele>12.299999999999999</ele></trkpt><trkpt lat="-27.03020333333333" lon="-48.58424333333334"><ele>12.1</ele></trkpt><trkpt lat="-27.030201666666667" lon="-48.58424333333334"><ele>12.2</ele></trkpt><trkpt lat="-27.030201666666667" lon="-48.58424333333334"><ele>12.2</ele></trkpt><trkpt lat="-27.030201666666667" lon="-48.58424333333334"><ele>12.2</ele></trkpt><trkpt lat="-27.030201666666667" lon="-48.58424333333334"><ele>12.2</ele></trkpt><trkpt lat="-27.030201666666667" lon="-48.58424333333334"><ele>12.2</ele></trkpt><trkpt lat="-27.030201666666667" lon="-48.58424333333334"><ele>12.2</ele></trkpt><trkpt lat="-27.030181666666667" lon="-48.58423"><ele>13.6</ele></trkpt><trkpt lat="-27.030176666666662" lon="-48.58424"><ele>14.1</ele></trkpt><trkpt lat="-27.03017" lon="-48.584244999999996"><ele>13.5</ele></trkpt><trkpt lat="-27.03015833333333" lon="-48.584248333333335"><ele>13.299999999999999</ele></trkpt><trkpt lat="-27.03014" lon="-48.584244999999996"><ele>13.2</ele></trkpt><trkpt lat="-27.030115000000002" lon="-48.58422166666666"><ele>13</ele></trkpt><trkpt lat="-27.030093333333337" lon="-48.58419666666667"><ele>12.9</ele></trkpt><trkpt lat="-27.030073333333334" lon="-48.584185"><ele>12.1</ele></trkpt><trkpt lat="-27.03005333333333" lon="-48.584179999999996"><ele>12</ele></trkpt><trkpt lat="-27.030036666666668" lon="-48.584175"><ele>12.1</ele></trkpt><trkpt lat="-27.030036666666668" lon="-48.584175"><ele>12.1</ele></trkpt><trkpt lat="-27.030021666666666" lon="-48.58417333333333"><ele>11.7</ele></trkpt><trkpt lat="-27.03000666666667" lon="-48.584175"><ele>11.5</ele></trkpt><trkpt lat="-27.029986666666666" lon="-48.58416999999999"><ele>11.5</ele></trkpt><trkpt lat="-27.029956666666667" lon="-48.58416333333333"><ele>11.799999999999999</ele></trkpt><trkpt lat="-27.029929999999997" lon="-48.584158333333335"><ele>11.799999999999999</ele></trkpt><trkpt lat="-27.02990666666667" lon="-48.584156666666665"><ele>11.9</ele></trkpt><trkpt lat="-27.029881666666665" lon="-48.58415166666667"><ele>11.799999999999999</ele></trkpt><trkpt lat="-27.029856666666667" lon="-48.58414833333333"><ele>11.799999999999999</ele></trkpt><trkpt lat="-27.02983166666667" lon="-48.584134999999996"><ele>11.4</ele></trkpt><trkpt lat="-27.029809999999998" lon="-48.58412333333334"><ele>11.2</ele></trkpt><trkpt lat="-27.02978333333333" lon="-48.58410833333334"><ele>9.7</ele></trkpt><trkpt lat="-27.029755" lon="-48.584095"><ele>8.4</ele></trkpt><trkpt lat="-27.02972666666667" lon="-48.584075"><ele>8.8</ele></trkpt><trkpt lat="-27.029700000000002" lon="-48.58405833333333"><ele>8.7</ele></trkpt><trkpt lat="-27.029700000000002" lon="-48.58405833333333"><ele>8.7</ele></trkpt><trkpt lat="-27.02967833333333" lon="-48.58404833333334"><ele>8.8</ele></trkpt><trkpt lat="-27.02964833333333" lon="-48.58404"><ele>8.6</ele></trkpt><trkpt lat="-27.029616666666666" lon="-48.58403"><ele>9.1</ele></trkpt><trkpt lat="-27.02959166666667" lon="-48.584023333333334"><ele>9.5</ele></trkpt><trkpt lat="-27.029569999999996" lon="-48.58401666666667"><ele>9.799999999999999</ele></trkpt><trkpt lat="-27.02954666666667" lon="-48.584010000000006"><ele>10.5</ele></trkpt><trkpt lat="-27.029521666666664" lon="-48.58399666666666"><ele>11.4</ele></trkpt><trkpt lat="-27.02949833333333" lon="-48.583978333333334"><ele>11</ele></trkpt><trkpt lat="-27.02947166666667" lon="-48.58395833333334"><ele>11.5</ele></trkpt><trkpt lat="-27.029443333333333" lon="-48.58394666666666"><ele>11.4</ele></trkpt><trkpt lat="-27.029418333333336" lon="-48.583931666666665"><ele>11.299999999999999</ele></trkpt><trkpt lat="-27.029391666666665" lon="-48.58391833333334"><ele>11.799999999999999</ele></trkpt><trkpt lat="-27.029359999999997" lon="-48.58389999999999"><ele>12.7</ele></trkpt><trkpt lat="-27.029331666666668" lon="-48.58388166666667"><ele>13.1</ele></trkpt><trkpt lat="-27.02929333333333" lon="-48.583863333333326"><ele>13.1</ele></trkpt><trkpt lat="-27.02926166666667" lon="-48.583845000000004"><ele>13</ele></trkpt><trkpt lat="-27.029239999999998" lon="-48.583831666666676"><ele>12.9</ele></trkpt><trkpt lat="-27.0292" lon="-48.58380333333333"><ele>12.6</ele></trkpt><trkpt lat="-27.029166666666665" lon="-48.58378"><ele>12.4</ele></trkpt><trkpt lat="-27.029141666666668" lon="-48.58376666666666"><ele>12.2</ele></trkpt><trkpt lat="-27.029121666666665" lon="-48.583753333333334"><ele>11.9</ele></trkpt><trkpt lat="-27.029089999999997" lon="-48.58373666666667"><ele>11.9</ele></trkpt><trkpt lat="-27.029063333333337" lon="-48.58371833333334"><ele>12.9</ele></trkpt><trkpt lat="-27.029038333333332" lon="-48.58370166666667"><ele>13.2</ele></trkpt><trkpt lat="-27.029011666666666" lon="-48.58368166666667"><ele>13.2</ele></trkpt><trkpt lat="-27.028984999999995" lon="-48.583665"><ele>12.799999999999999</ele></trkpt><trkpt lat="-27.028984999999995" lon="-48.583665"><ele>12.799999999999999</ele></trkpt><trkpt lat="-27.028961666666667" lon="-48.583648333333336"><ele>12.4</ele></trkpt><trkpt lat="-27.028936666666663" lon="-48.58363166666666"><ele>12.6</ele></trkpt><trkpt lat="-27.028914999999998" lon="-48.58362"><ele>12.299999999999999</ele></trkpt><trkpt lat="-27.028893333333333" lon="-48.583605000000006"><ele>12.2</ele></trkpt><trkpt lat="-27.02887333333333" lon="-48.58359666666667"><ele>11.799999999999999</ele></trkpt><trkpt lat="-27.028855" lon="-48.58358333333334"><ele>12.1</ele></trkpt><trkpt lat="-27.028833333333335" lon="-48.583573333333334"><ele>12.5</ele></trkpt><trkpt lat="-27.02881166666667" lon="-48.583555"><ele>12.6</ele></trkpt><trkpt lat="-27.02879833333333" lon="-48.58353833333334"><ele>12.5</ele></trkpt><trkpt lat="-27.028791666666667" lon="-48.58352166666667"><ele>12.2</ele></trkpt><trkpt lat="-27.028785000000003" lon="-48.583513333333336"><ele>11.799999999999999</ele></trkpt><trkpt lat="-27.028781666666667" lon="-48.583513333333336"><ele>12.1</ele></trkpt><trkpt lat="-27.028778333333335" lon="-48.583513333333336"><ele>12.6</ele></trkpt><trkpt lat="-27.028778333333335" lon="-48.583513333333336"><ele>12.6</ele></trkpt><trkpt lat="-27.028776666666666" lon="-48.583515000000006"><ele>12.7</ele></trkpt><trkpt lat="-27.028773333333334" lon="-48.58351833333333"><ele>13</ele></trkpt><trkpt lat="-27.028771666666664" lon="-48.58352"><ele>13.4</ele></trkpt><trkpt lat="-27.028771666666664" lon="-48.58352333333334"><ele>13.7</ele></trkpt><trkpt lat="-27.028771666666664" lon="-48.58352333333334"><ele>13.9</ele></trkpt><trkpt lat="-27.028768333333332" lon="-48.583524999999995"><ele>13.9</ele></trkpt><trkpt lat="-27.028768333333332" lon="-48.58352333333334"><ele>14</ele></trkpt><trkpt lat="-27.028768333333332" lon="-48.58352333333334"><ele>14</ele></trkpt><trkpt lat="-27.028768333333332" lon="-48.58352333333334"><ele>14</ele></trkpt><trkpt lat="-27.028768333333332" lon="-48.58352333333334"><ele>14</ele></trkpt><trkpt lat="-27.028768333333332" lon="-48.58352333333334"><ele>14</ele></trkpt><trkpt lat="-27.028741666666665" lon="-48.58350833333334"><ele>13.6</ele></trkpt><trkpt lat="-27.028725" lon="-48.58350166666667"><ele>13.6</ele></trkpt><trkpt lat="-27.028706666666668" lon="-48.58349"><ele>13.4</ele></trkpt><trkpt lat="-27.028689999999997" lon="-48.58347333333333"><ele>13.299999999999999</ele></trkpt><trkpt lat="-27.028668333333332" lon="-48.583466666666666"><ele>13.299999999999999</ele></trkpt><trkpt lat="-27.028651666666665" lon="-48.583466666666666"><ele>13.299999999999999</ele></trkpt><trkpt lat="-27.02863333333333" lon="-48.58347333333333"><ele>12.5</ele></trkpt><trkpt lat="-27.028615" lon="-48.583481666666664"><ele>11.799999999999999</ele></trkpt><trkpt lat="-27.028595000000003" lon="-48.58349833333333"><ele>11</ele></trkpt><trkpt lat="-27.028566666666666" lon="-48.583516666666675"><ele>10.299999999999999</ele></trkpt><trkpt lat="-27.028536666666664" lon="-48.58353833333334"><ele>9.5</ele></trkpt><trkpt lat="-27.028501666666664" lon="-48.58355333333334"><ele>8.8</ele></trkpt><trkpt lat="-27.02846833333333" lon="-48.58358833333333"><ele>8.4</ele></trkpt><trkpt lat="-27.028441666666662" lon="-48.58362666666667"><ele>7.800000000000001</ele></trkpt><trkpt lat="-27.028425000000002" lon="-48.58367"><ele>7.4</ele></trkpt><trkpt lat="-27.028415000000003" lon="-48.58371666666667"><ele>6.300000000000001</ele></trkpt><trkpt lat="-27.028401666666664" lon="-48.58376166666667"><ele>5.4</ele></trkpt><trkpt lat="-27.028385000000004" lon="-48.58380666666667"><ele>4.2</ele></trkpt><trkpt lat="-27.028368333333333" lon="-48.58385"><ele>3.2</ele></trkpt><trkpt lat="-27.02835333333333" lon="-48.58389833333334"><ele>1.9000000000000001</ele></trkpt><trkpt lat="-27.028340000000004" lon="-48.58395666666667"><ele>0.5</ele></trkpt><trkpt lat="-27.028326666666665" lon="-48.58401333333333"><ele>0.10000000000000009</ele></trkpt><trkpt lat="-27.028315" lon="-48.58408333333333"><ele>-1.6999999999999997</ele></trkpt><trkpt lat="-27.028301666666668" lon="-48.58415333333334"><ele>-2.8000000000000003</ele></trkpt><trkpt lat="-27.02828833333333" lon="-48.58421833333333"><ele>-5.199999999999999</ele></trkpt><trkpt lat="-27.028280000000002" lon="-48.58430499999999"><ele>-6.300000000000001</ele></trkpt><trkpt lat="-27.02827666666667" lon="-48.58438833333333"><ele>-7.6</ele></trkpt><trkpt lat="-27.02827" lon="-48.58446833333334"><ele>-8.4</ele></trkpt><trkpt lat="-27.02826333333333" lon="-48.584529999999994"><ele>-8.5</ele></trkpt><trkpt lat="-27.028254999999998" lon="-48.58457833333333"><ele>-8.4</ele></trkpt><trkpt lat="-27.028251666666666" lon="-48.58459333333334"><ele>-8.200000000000001</ele></trkpt><trkpt lat="-27.02824666666667" lon="-48.584608333333335"><ele>-8</ele></trkpt><trkpt lat="-27.028245000000002" lon="-48.58461166666666"><ele>-8.200000000000001</ele></trkpt><trkpt lat="-27.028245000000002" lon="-48.58461833333334"><ele>-8.1</ele></trkpt><trkpt lat="-27.028245000000002" lon="-48.58461833333334"><ele>-8.1</ele></trkpt><trkpt lat="-27.028245000000002" lon="-48.58461833333334"><ele>-8.1</ele></trkpt><trkpt lat="-27.028245000000002" lon="-48.58461833333334"><ele>-8.1</ele></trkpt><trkpt lat="-27.028245000000002" lon="-48.58461833333334"><ele>-8.1</ele></trkpt><trkpt lat="-27.028245000000002" lon="-48.58461833333334"><ele>-8.1</ele></trkpt><trkpt lat="-27.028245000000002" lon="-48.58461833333334"><ele>-8.1</ele></trkpt><trkpt lat="-27.028245000000002" lon="-48.58461833333334"><ele>-8.1</ele></trkpt><trkpt lat="-27.028245000000002" lon="-48.58461833333334"><ele>-8.1</ele></trkpt><trkpt lat="-27.028245000000002" lon="-48.58461833333334"><ele>-8.1</ele></trkpt><trkpt lat="-27.028245000000002" lon="-48.58461833333334"><ele>-8.1</ele></trkpt><trkpt lat="-27.028245000000002" lon="-48.58461833333334"><ele>-8.1</ele></trkpt><trkpt lat="-27.028245000000002" lon="-48.58461833333334"><ele>-8.1</ele></trkpt><trkpt lat="-27.028245000000002" lon="-48.58461833333334"><ele>-8.1</ele></trkpt><trkpt lat="-27.028245000000002" lon="-48.584721666666674"><ele>-5.4</ele></trkpt><trkpt lat="-27.028245000000002" lon="-48.58476166666666"><ele>-3.4999999999999996</ele></trkpt><trkpt lat="-27.02824333333333" lon="-48.58479833333334"><ele>-1.6999999999999997</ele></trkpt><trkpt lat="-27.02824333333333" lon="-48.58479833333334"><ele>-1.6999999999999997</ele></trkpt><trkpt lat="-27.028236666666665" lon="-48.584835000000005"><ele>-0.7999999999999998</ele></trkpt><trkpt lat="-27.02823166666667" lon="-48.58486500000001"><ele>0.20000000000000018</ele></trkpt><trkpt lat="-27.02823" lon="-48.584891666666664"><ele>0.5</ele></trkpt><trkpt lat="-27.028225" lon="-48.58491333333333"><ele>0.8</ele></trkpt><trkpt lat="-27.02821666666667" lon="-48.58493166666667"><ele>0.9000000000000001</ele></trkpt><trkpt lat="-27.02821333333333" lon="-48.58496"><ele>0.9000000000000001</ele></trkpt><trkpt lat="-27.02821333333333" lon="-48.58496"><ele>0.9000000000000001</ele></trkpt><trkpt lat="-27.028208333333335" lon="-48.58499"><ele>1.5</ele></trkpt><trkpt lat="-27.028196666666666" lon="-48.58502"><ele>2.2</ele></trkpt><trkpt lat="-27.028178333333337" lon="-48.58504166666667"><ele>1.8</ele></trkpt><trkpt lat="-27.028164999999998" lon="-48.585073333333334"><ele>1.5</ele></trkpt><trkpt lat="-27.028149999999997" lon="-48.58510166666667"><ele>1.7000000000000002</ele></trkpt><trkpt lat="-27.028131666666663" lon="-48.58513"><ele>2</ele></trkpt><trkpt lat="-27.028106666666666" lon="-48.585150000000006"><ele>1.9000000000000001</ele></trkpt><trkpt lat="-27.02808166666667" lon="-48.58516833333333"><ele>1.7000000000000002</ele></trkpt><trkpt lat="-27.02805166666667" lon="-48.585181666666664"><ele>1.5</ele></trkpt><trkpt lat="-27.02802166666667" lon="-48.5852"><ele>1.7000000000000002</ele></trkpt><trkpt lat="-27.027996666666663" lon="-48.58521166666666"><ele>1.4000000000000001</ele></trkpt><trkpt lat="-27.02797333333333" lon="-48.58522"><ele>1.4000000000000001</ele></trkpt><trkpt lat="-27.02795" lon="-48.58522166666667"><ele>1.3</ele></trkpt><trkpt lat="-27.027921666666664" lon="-48.58521833333332"><ele>1.7000000000000002</ele></trkpt><trkpt lat="-27.027885" lon="-48.58521333333333"><ele>1.9000000000000001</ele></trkpt><trkpt lat="-27.027855" lon="-48.58519833333333"><ele>1.9000000000000001</ele></trkpt><trkpt lat="-27.027825" lon="-48.585181666666664"><ele>2.1</ele></trkpt><trkpt lat="-27.02779333333334" lon="-48.585161666666664"><ele>2.2</ele></trkpt><trkpt lat="-27.02776666666667" lon="-48.585145"><ele>2.4000000000000004</ele></trkpt><trkpt lat="-27.027735" lon="-48.58513333333334"><ele>2.4000000000000004</ele></trkpt><trkpt lat="-27.027705" lon="-48.585125"><ele>2.4000000000000004</ele></trkpt><trkpt lat="-27.027673333333336" lon="-48.585113333333325"><ele>2.3</ele></trkpt><trkpt lat="-27.027636666666663" lon="-48.58509666666667"><ele>2.6</ele></trkpt><trkpt lat="-27.0276" lon="-48.585075"><ele>2.6</ele></trkpt><trkpt lat="-27.027563333333333" lon="-48.585058333333336"><ele>2.4000000000000004</ele></trkpt><trkpt lat="-27.027530000000002" lon="-48.58504166666667"><ele>1.8</ele></trkpt><trkpt lat="-27.02749833333333" lon="-48.585026666666664"><ele>1.1</ele></trkpt><trkpt lat="-27.027449999999998" lon="-48.58501666666666"><ele>1.3</ele></trkpt><trkpt lat="-27.027414999999998" lon="-48.585005"><ele>1.5</ele></trkpt><trkpt lat="-27.02737666666667" lon="-48.58499"><ele>1.8</ele></trkpt><trkpt lat="-27.02734666666667" lon="-48.584975"><ele>1.9000000000000001</ele></trkpt><trkpt lat="-27.027310000000003" lon="-48.58495666666666"><ele>2.7</ele></trkpt><trkpt lat="-27.02728666666667" lon="-48.58494333333333"><ele>3</ele></trkpt><trkpt lat="-27.027265000000003" lon="-48.584938333333334"><ele>3.1</ele></trkpt><trkpt lat="-27.027238333333337" lon="-48.584923333333336"><ele>3.2</ele></trkpt><trkpt lat="-27.027206666666665" lon="-48.58490333333332"><ele>3.3</ele></trkpt><trkpt lat="-27.027176666666666" lon="-48.584895"><ele>3.4000000000000004</ele></trkpt><trkpt lat="-27.027148333333336" lon="-48.584889999999994"><ele>3.3</ele></trkpt><trkpt lat="-27.027118333333338" lon="-48.58487166666667"><ele>3.5</ele></trkpt><trkpt lat="-27.027085000000003" lon="-48.584856666666674"><ele>3.9</ele></trkpt><trkpt lat="-27.027055000000004" lon="-48.58484333333334"><ele>3.8000000000000003</ele></trkpt><trkpt lat="-27.02702" lon="-48.58482333333333"><ele>4.6</ele></trkpt><trkpt lat="-27.02698666666667" lon="-48.584813333333344"><ele>5</ele></trkpt><trkpt lat="-27.026956666666667" lon="-48.58480333333333"><ele>5.5</ele></trkpt><trkpt lat="-27.026926666666668" lon="-48.58479166666666"><ele>5.800000000000001</ele></trkpt><trkpt lat="-27.02689833333333" lon="-48.58478333333334"><ele>5.699999999999999</ele></trkpt><trkpt lat="-27.02687" lon="-48.58477833333333"><ele>5.800000000000001</ele></trkpt><trkpt lat="-27.02684" lon="-48.58477500000001"><ele>5.699999999999999</ele></trkpt><trkpt lat="-27.02680833333333" lon="-48.584766666666674"><ele>5.6</ele></trkpt><trkpt lat="-27.026774999999997" lon="-48.584756666666664"><ele>6.300000000000001</ele></trkpt><trkpt lat="-27.026738333333334" lon="-48.58475"><ele>7.300000000000001</ele></trkpt><trkpt lat="-27.02670666666667" lon="-48.58473833333334"><ele>8.5</ele></trkpt><trkpt lat="-27.02670666666667" lon="-48.58473833333334"><ele>8.5</ele></trkpt><trkpt lat="-27.026678333333333" lon="-48.58472666666667"><ele>9.5</ele></trkpt><trkpt lat="-27.026650000000004" lon="-48.58472"><ele>10.6</ele></trkpt><trkpt lat="-27.02662666666667" lon="-48.58471333333333"><ele>11</ele></trkpt><trkpt lat="-27.026596666666666" lon="-48.584698333333336"><ele>11.4</ele></trkpt><trkpt lat="-27.026563333333335" lon="-48.58468500000001"><ele>11.299999999999999</ele></trkpt><trkpt lat="-27.026533333333337" lon="-48.58467166666666"><ele>11.2</ele></trkpt><trkpt lat="-27.026506666666666" lon="-48.58465666666666"><ele>10.6</ele></trkpt><trkpt lat="-27.02648333333333" lon="-48.58464833333334"><ele>10.4</ele></trkpt><trkpt lat="-27.026461666666666" lon="-48.58464000000001"><ele>10.2</ele></trkpt><trkpt lat="-27.026461666666666" lon="-48.58464000000001"><ele>10.2</ele></trkpt><trkpt lat="-27.026443333333336" lon="-48.584635"><ele>9.799999999999999</ele></trkpt><trkpt lat="-27.026419999999998" lon="-48.58462833333333"><ele>9.2</ele></trkpt><trkpt lat="-27.026419999999998" lon="-48.58462833333333"><ele>9.2</ele></trkpt><trkpt lat="-27.026396666666663" lon="-48.58462666666666"><ele>8.9</ele></trkpt><trkpt lat="-27.026369999999996" lon="-48.584631666666674"><ele>8.8</ele></trkpt><trkpt lat="-27.026338333333335" lon="-48.58462833333333"><ele>9</ele></trkpt><trkpt lat="-27.026308333333336" lon="-48.584619999999994"><ele>8.8</ele></trkpt><trkpt lat="-27.026276666666664" lon="-48.58462333333333"><ele>8.6</ele></trkpt><trkpt lat="-27.026243333333333" lon="-48.584635"><ele>8.4</ele></trkpt><trkpt lat="-27.02621" lon="-48.584649999999996"><ele>8.3</ele></trkpt><trkpt lat="-27.026176666666668" lon="-48.584666666666664"><ele>7.9</ele></trkpt><trkpt lat="-27.02614" lon="-48.58468333333334"><ele>7.699999999999999</ele></trkpt><trkpt lat="-27.026101666666666" lon="-48.58470166666666"><ele>7.9</ele></trkpt><trkpt lat="-27.02606166666667" lon="-48.58473166666666"><ele>7.9</ele></trkpt><trkpt lat="-27.026021666666665" lon="-48.58476"><ele>7.6</ele></trkpt><trkpt lat="-27.025978333333335" lon="-48.584795"><ele>7.6</ele></trkpt><trkpt lat="-27.025941666666668" lon="-48.58483833333333"><ele>7.6</ele></trkpt><trkpt lat="-27.025903333333336" lon="-48.584885"><ele>7.5</ele></trkpt><trkpt lat="-27.025871666666664" lon="-48.58492833333333"><ele>7</ele></trkpt><trkpt lat="-27.025838333333333" lon="-48.58497666666667"><ele>6.6</ele></trkpt><trkpt lat="-27.025803333333336" lon="-48.58502166666667"><ele>6.699999999999999</ele></trkpt><trkpt lat="-27.025771666666667" lon="-48.58506333333333"><ele>5.9</ele></trkpt><trkpt lat="-27.02573333333333" lon="-48.58510833333333"><ele>5.9</ele></trkpt><trkpt lat="-27.025698333333334" lon="-48.585145"><ele>6</ele></trkpt><trkpt lat="-27.025661666666664" lon="-48.585181666666664"><ele>5.4</ele></trkpt><trkpt lat="-27.025621666666666" lon="-48.58522833333333"><ele>5.1</ele></trkpt><trkpt lat="-27.025585" lon="-48.585265"><ele>5.2</ele></trkpt><trkpt lat="-27.02555" lon="-48.585294999999995"><ele>5.300000000000001</ele></trkpt><trkpt lat="-27.02551" lon="-48.58532666666667"><ele>5.4</ele></trkpt><trkpt lat="-27.02547666666667" lon="-48.58535"><ele>5.4</ele></trkpt><trkpt lat="-27.02545166666666" lon="-48.58535833333334"><ele>4.2</ele></trkpt><trkpt lat="-27.02541833333333" lon="-48.58536833333333"><ele>3.2</ele></trkpt><trkpt lat="-27.025384999999996" lon="-48.58537333333334"><ele>3</ele></trkpt><trkpt lat="-27.025346666666664" lon="-48.58538"><ele>2.8</ele></trkpt><trkpt lat="-27.025311666666667" lon="-48.585386666666665"><ele>2.9000000000000004</ele></trkpt><trkpt lat="-27.02526833333333" lon="-48.585384999999995"><ele>3.1</ele></trkpt><trkpt lat="-27.02523833333333" lon="-48.585388333333334"><ele>3.4000000000000004</ele></trkpt><trkpt lat="-27.02520666666667" lon="-48.58538166666667"><ele>3.4000000000000004</ele></trkpt><trkpt lat="-27.025173333333335" lon="-48.58537833333333"><ele>4</ele></trkpt><trkpt lat="-27.025146666666668" lon="-48.58538166666667"><ele>4</ele></trkpt><trkpt lat="-27.025123333333333" lon="-48.585383333333326"><ele>4.4</ele></trkpt><trkpt lat="-27.025105" lon="-48.585384999999995"><ele>5.2</ele></trkpt><trkpt lat="-27.025080000000003" lon="-48.585386666666665"><ele>5.800000000000001</ele></trkpt><trkpt lat="-27.02506" lon="-48.585388333333334"><ele>6.4</ele></trkpt><trkpt lat="-27.02506" lon="-48.585388333333334"><ele>6.4</ele></trkpt><trkpt lat="-27.025033333333333" lon="-48.585384999999995"><ele>7</ele></trkpt><trkpt lat="-27.025011666666668" lon="-48.585383333333326"><ele>7.4</ele></trkpt><trkpt lat="-27.02498666666667" lon="-48.58537333333334"><ele>7.6</ele></trkpt><trkpt lat="-27.024966666666668" lon="-48.58537"><ele>7.800000000000001</ele></trkpt><trkpt lat="-27.024943333333333" lon="-48.58537"><ele>7.9</ele></trkpt><trkpt lat="-27.024915000000004" lon="-48.585365"><ele>8.1</ele></trkpt><trkpt lat="-27.024886666666664" lon="-48.585365"><ele>8.2</ele></trkpt><trkpt lat="-27.024859999999997" lon="-48.58536833333333"><ele>8.9</ele></trkpt><trkpt lat="-27.02484" lon="-48.58537166666667"><ele>9.7</ele></trkpt><trkpt lat="-27.02482166666667" lon="-48.58536666666667"><ele>9.799999999999999</ele></trkpt><trkpt lat="-27.02482166666667" lon="-48.58536666666667"><ele>9.799999999999999</ele></trkpt><trkpt lat="-27.02480333333333" lon="-48.58535666666667"><ele>10.1</ele></trkpt><trkpt lat="-27.024783333333335" lon="-48.58534666666666"><ele>9.9</ele></trkpt><trkpt lat="-27.02475833333333" lon="-48.585341666666665"><ele>9.3</ele></trkpt><trkpt lat="-27.024733333333334" lon="-48.58533666666667"><ele>8.9</ele></trkpt><trkpt lat="-27.02470166666667" lon="-48.58532666666667"><ele>8.8</ele></trkpt><trkpt lat="-27.024675000000002" lon="-48.58532"><ele>8.5</ele></trkpt><trkpt lat="-27.024648333333335" lon="-48.58531166666667"><ele>7.6</ele></trkpt><trkpt lat="-27.024616666666663" lon="-48.585305"><ele>7.6</ele></trkpt><trkpt lat="-27.024586666666664" lon="-48.585300000000004"><ele>7.5</ele></trkpt><trkpt lat="-27.02455166666667" lon="-48.58529"><ele>7.300000000000001</ele></trkpt><trkpt lat="-27.024518333333337" lon="-48.58527666666667"><ele>6.9</ele></trkpt><trkpt lat="-27.02448" lon="-48.58526333333332"><ele>6.9</ele></trkpt><trkpt lat="-27.024443333333338" lon="-48.58526333333332"><ele>7.6</ele></trkpt><trkpt lat="-27.02440166666667" lon="-48.58525833333333"><ele>8</ele></trkpt><trkpt lat="-27.02435666666667" lon="-48.585255000000004"><ele>8.4</ele></trkpt><trkpt lat="-27.024313333333332" lon="-48.585249999999995"><ele>8.4</ele></trkpt><trkpt lat="-27.02427" lon="-48.585240000000006"><ele>8.4</ele></trkpt><trkpt lat="-27.024225" lon="-48.58522500000001"><ele>8.3</ele></trkpt><trkpt lat="-27.024225" lon="-48.58522500000001"><ele>8.3</ele></trkpt><trkpt lat="-27.024189999999997" lon="-48.585216666666675"><ele>8.9</ele></trkpt><trkpt lat="-27.024156666666666" lon="-48.585215"><ele>9</ele></trkpt><trkpt lat="-27.024126666666668" lon="-48.58521333333333"><ele>8.6</ele></trkpt><trkpt lat="-27.024103333333333" lon="-48.585208333333334"><ele>8.4</ele></trkpt><trkpt lat="-27.024081666666667" lon="-48.5852"><ele>8.1</ele></trkpt><trkpt lat="-27.024060000000002" lon="-48.58519166666667"><ele>7.9</ele></trkpt><trkpt lat="-27.024038333333337" lon="-48.58518333333333"><ele>8</ele></trkpt><trkpt lat="-27.024016666666665" lon="-48.58517833333334"><ele>8.4</ele></trkpt><trkpt lat="-27.024016666666665" lon="-48.58517833333334"><ele>8.4</ele></trkpt><trkpt lat="-27.023993333333337" lon="-48.585175"><ele>8.5</ele></trkpt><trkpt lat="-27.023964999999997" lon="-48.585161666666664"><ele>8.5</ele></trkpt><trkpt lat="-27.023936666666668" lon="-48.58515166666666"><ele>8.9</ele></trkpt><trkpt lat="-27.02389833333333" lon="-48.585145"><ele>9</ele></trkpt><trkpt lat="-27.02386333333333" lon="-48.58514166666667"><ele>9</ele></trkpt><trkpt lat="-27.023826666666665" lon="-48.58513500000001"><ele>8.4</ele></trkpt><trkpt lat="-27.023788333333332" lon="-48.585126666666675"><ele>7.699999999999999</ele></trkpt><trkpt lat="-27.023751666666666" lon="-48.585116666666664"><ele>8</ele></trkpt><trkpt lat="-27.02371333333333" lon="-48.58510666666666"><ele>7.6</ele></trkpt><trkpt lat="-27.02367333333333" lon="-48.5851"><ele>7.300000000000001</ele></trkpt><trkpt lat="-27.023635" lon="-48.58509000000001"><ele>7.6</ele></trkpt><trkpt lat="-27.023601666666664" lon="-48.58508"><ele>7.699999999999999</ele></trkpt><trkpt lat="-27.023574999999997" lon="-48.58506666666667"><ele>8.4</ele></trkpt><trkpt lat="-27.023541666666667" lon="-48.58505"><ele>7.6</ele></trkpt><trkpt lat="-27.023508333333332" lon="-48.585036666666674"><ele>6.9</ele></trkpt><trkpt lat="-27.023508333333332" lon="-48.585036666666674"><ele>6.9</ele></trkpt><trkpt lat="-27.023478333333333" lon="-48.58502"><ele>6.1</ele></trkpt><trkpt lat="-27.023455" lon="-48.58500000000001"><ele>6.5</ele></trkpt><trkpt lat="-27.02343166666667" lon="-48.584981666666664"><ele>6.800000000000001</ele></trkpt><trkpt lat="-27.02340333333333" lon="-48.584965"><ele>7.1</ele></trkpt><trkpt lat="-27.023376666666664" lon="-48.584946666666674"><ele>7.300000000000001</ele></trkpt><trkpt lat="-27.023348333333335" lon="-48.58493166666667"><ele>7.300000000000001</ele></trkpt><trkpt lat="-27.023348333333335" lon="-48.58493166666667"><ele>7.300000000000001</ele></trkpt><trkpt lat="-27.02332333333333" lon="-48.58491333333333"><ele>7.300000000000001</ele></trkpt><trkpt lat="-27.02329333333333" lon="-48.58489666666666"><ele>7.4</ele></trkpt><trkpt lat="-27.02326333333333" lon="-48.584878333333336"><ele>7.699999999999999</ele></trkpt><trkpt lat="-27.023228333333336" lon="-48.58485333333333"><ele>8.3</ele></trkpt><trkpt lat="-27.02320333333333" lon="-48.584831666666666"><ele>8.6</ele></trkpt><trkpt lat="-27.023173333333336" lon="-48.58480666666666"><ele>9</ele></trkpt><trkpt lat="-27.023141666666668" lon="-48.58478166666667"><ele>9.3</ele></trkpt><trkpt lat="-27.023109999999996" lon="-48.584754999999994"><ele>9.2</ele></trkpt><trkpt lat="-27.023086666666668" lon="-48.584735"><ele>8.8</ele></trkpt><trkpt lat="-27.023061666666663" lon="-48.58471666666666"><ele>8.9</ele></trkpt><trkpt lat="-27.023038333333336" lon="-48.58469166666667"><ele>8.9</ele></trkpt><trkpt lat="-27.02301" lon="-48.58466333333334"><ele>8.9</ele></trkpt><trkpt lat="-27.022983333333332" lon="-48.58463"><ele>8.8</ele></trkpt><trkpt lat="-27.022958333333335" lon="-48.58460333333334"><ele>8.3</ele></trkpt><trkpt lat="-27.022935" lon="-48.584561666666666"><ele>8.6</ele></trkpt><trkpt lat="-27.022913333333335" lon="-48.58453833333333"><ele>9</ele></trkpt><trkpt lat="-27.022901666666666" lon="-48.584516666666666"><ele>8.9</ele></trkpt><trkpt lat="-27.02289166666667" lon="-48.58448"><ele>9.2</ele></trkpt><trkpt lat="-27.022883333333333" lon="-48.584439999999994"><ele>9.6</ele></trkpt><trkpt lat="-27.022875" lon="-48.5844"><ele>10.1</ele></trkpt><trkpt lat="-27.022873333333337" lon="-48.58435833333333"><ele>10.2</ele></trkpt><trkpt lat="-27.022861666666667" lon="-48.584315"><ele>10.6</ele></trkpt><trkpt lat="-27.022858333333335" lon="-48.58427333333334"><ele>10.799999999999999</ele></trkpt><trkpt lat="-27.022856666666666" lon="-48.58421833333333"><ele>11.1</ele></trkpt><trkpt lat="-27.022848333333332" lon="-48.58416666666667"><ele>11.799999999999999</ele></trkpt><trkpt lat="-27.022839999999995" lon="-48.58411833333333"><ele>12.9</ele></trkpt><trkpt lat="-27.02283333333333" lon="-48.58407166666666"><ele>13.4</ele></trkpt><trkpt lat="-27.022824999999997" lon="-48.584021666666665"><ele>14.2</ele></trkpt><trkpt lat="-27.022824999999997" lon="-48.584021666666665"><ele>14.2</ele></trkpt><trkpt lat="-27.022814999999998" lon="-48.583978333333334"><ele>14.799999999999999</ele></trkpt><trkpt lat="-27.022808333333334" lon="-48.583935000000004"><ele>15.799999999999999</ele></trkpt><trkpt lat="-27.022794999999995" lon="-48.58389666666667"><ele>16.900000000000002</ele></trkpt><trkpt lat="-27.022778333333335" lon="-48.58386166666666"><ele>17.1</ele></trkpt><trkpt lat="-27.022763333333334" lon="-48.583831666666676"><ele>17.6</ele></trkpt><trkpt lat="-27.022749999999995" lon="-48.583796666666665"><ele>18.1</ele></trkpt><trkpt lat="-27.02274" lon="-48.58375833333333"><ele>18</ele></trkpt><trkpt lat="-27.022731666666665" lon="-48.58371166666667"><ele>18.200000000000003</ele></trkpt><trkpt lat="-27.022724999999998" lon="-48.583661666666664"><ele>18.400000000000002</ele></trkpt><trkpt lat="-27.022716666666664" lon="-48.58361"><ele>18.6</ele></trkpt><trkpt lat="-27.02271166666667" lon="-48.583561666666675"><ele>19.1</ele></trkpt><trkpt lat="-27.022703333333332" lon="-48.583511666666666"><ele>19.400000000000002</ele></trkpt><trkpt lat="-27.022691666666667" lon="-48.583458333333326"><ele>19.700000000000003</ele></trkpt><trkpt lat="-27.022681666666667" lon="-48.58340166666667"><ele>19.400000000000002</ele></trkpt><trkpt lat="-27.022673333333334" lon="-48.58334833333333"><ele>19.400000000000002</ele></trkpt><trkpt lat="-27.022663333333337" lon="-48.58330333333333"><ele>19.5</ele></trkpt><trkpt lat="-27.022663333333337" lon="-48.583265"><ele>19.400000000000002</ele></trkpt><trkpt lat="-27.022656666666663" lon="-48.583223333333336"><ele>19.900000000000002</ele></trkpt><trkpt lat="-27.022655" lon="-48.58318666666667"><ele>19.1</ele></trkpt><trkpt lat="-27.02265166666667" lon="-48.58314833333334"><ele>17.900000000000002</ele></trkpt><trkpt lat="-27.02265166666667" lon="-48.58314833333334"><ele>17.900000000000002</ele></trkpt><trkpt lat="-27.022659999999995" lon="-48.583110000000005"><ele>18</ele></trkpt><trkpt lat="-27.022659999999995" lon="-48.583110000000005"><ele>18</ele></trkpt><trkpt lat="-27.02266666666667" lon="-48.58307"><ele>17.700000000000003</ele></trkpt><trkpt lat="-27.022679999999998" lon="-48.58302666666667"><ele>17.1</ele></trkpt><trkpt lat="-27.02269666666667" lon="-48.58297833333333"><ele>16.400000000000002</ele></trkpt><trkpt lat="-27.022701666666663" lon="-48.582935"><ele>15.299999999999999</ele></trkpt><trkpt lat="-27.022704999999995" lon="-48.58290166666667"><ele>15</ele></trkpt><trkpt lat="-27.022708333333338" lon="-48.58286"><ele>14.9</ele></trkpt><trkpt lat="-27.022708333333338" lon="-48.58286"><ele>14.9</ele></trkpt><trkpt lat="-27.022719999999996" lon="-48.58282333333333"><ele>14.4</ele></trkpt><trkpt lat="-27.022731666666665" lon="-48.582783333333325"><ele>13.7</ele></trkpt><trkpt lat="-27.02274" lon="-48.582735"><ele>13.2</ele></trkpt><trkpt lat="-27.02275666666667" lon="-48.582685000000005"><ele>12.6</ele></trkpt><trkpt lat="-27.022763333333334" lon="-48.582636666666666"><ele>12.5</ele></trkpt><trkpt lat="-27.022776666666665" lon="-48.582593333333335"><ele>12.9</ele></trkpt><trkpt lat="-27.022785" lon="-48.582544999999996"><ele>12.2</ele></trkpt><trkpt lat="-27.022791666666663" lon="-48.58248833333334"><ele>11.799999999999999</ele></trkpt><trkpt lat="-27.0228" lon="-48.58243000000001"><ele>10.9</ele></trkpt><trkpt lat="-27.022808333333334" lon="-48.58237333333333"><ele>10.5</ele></trkpt><trkpt lat="-27.02281833333333" lon="-48.58231666666667"><ele>10</ele></trkpt><trkpt lat="-27.022823333333335" lon="-48.58226500000001"><ele>9.4</ele></trkpt><trkpt lat="-27.02283333333333" lon="-48.582208333333334"><ele>8.4</ele></trkpt><trkpt lat="-27.022845" lon="-48.582141666666665"><ele>8.4</ele></trkpt><trkpt lat="-27.022865000000003" lon="-48.58207000000001"><ele>8.3</ele></trkpt><trkpt lat="-27.02289166666667" lon="-48.582010000000004"><ele>8.2</ele></trkpt><trkpt lat="-27.02292333333333" lon="-48.58194166666667"><ele>8.2</ele></trkpt><trkpt lat="-27.022946666666666" lon="-48.581869999999995"><ele>8.2</ele></trkpt><trkpt lat="-27.022963333333337" lon="-48.58180000000001"><ele>8.3</ele></trkpt><trkpt lat="-27.02297" lon="-48.58174"><ele>7.800000000000001</ele></trkpt><trkpt lat="-27.022965" lon="-48.581678333333336"><ele>7.5</ele></trkpt><trkpt lat="-27.022949999999998" lon="-48.58163"><ele>7.5</ele></trkpt><trkpt lat="-27.022940000000002" lon="-48.58157833333333"><ele>6.800000000000001</ele></trkpt><trkpt lat="-27.02292" lon="-48.581505"><ele>6.800000000000001</ele></trkpt><trkpt lat="-27.022904999999998" lon="-48.58143833333334"><ele>6.9</ele></trkpt><trkpt lat="-27.022873333333337" lon="-48.581374999999994"><ele>6.9</ele></trkpt><trkpt lat="-27.022850000000002" lon="-48.581316666666666"><ele>6.800000000000001</ele></trkpt><trkpt lat="-27.022828333333337" lon="-48.58125666666667"><ele>7.199999999999999</ele></trkpt><trkpt lat="-27.022808333333334" lon="-48.58120999999999"><ele>6.9</ele></trkpt><trkpt lat="-27.02279" lon="-48.58116499999999"><ele>7.199999999999999</ele></trkpt><trkpt lat="-27.022783333333336" lon="-48.581145"><ele>7.5</ele></trkpt><trkpt lat="-27.022785" lon="-48.58113"><ele>7.4</ele></trkpt><trkpt lat="-27.022785" lon="-48.581136666666666"><ele>7.199999999999999</ele></trkpt><trkpt lat="-27.022785" lon="-48.58114166666666"><ele>7.1</ele></trkpt><trkpt lat="-27.022785" lon="-48.58114166666666"><ele>7.1</ele></trkpt><trkpt lat="-27.022785" lon="-48.58114166666666"><ele>7.1</ele></trkpt><trkpt lat="-27.022785" lon="-48.58114166666666"><ele>7.1</ele></trkpt><trkpt lat="-27.022785" lon="-48.58114166666666"><ele>7.1</ele></trkpt><trkpt lat="-27.022785" lon="-48.58114166666666"><ele>7.1</ele></trkpt><trkpt lat="-27.022785" lon="-48.58114166666666"><ele>7.1</ele></trkpt><trkpt lat="-27.022785" lon="-48.58114166666666"><ele>7.1</ele></trkpt><trkpt lat="-27.022785" lon="-48.58114166666666"><ele>7.1</ele></trkpt><trkpt lat="-27.022785" lon="-48.58114166666666"><ele>7.1</ele></trkpt><trkpt lat="-27.022785" lon="-48.58114166666666"><ele>7.1</ele></trkpt><trkpt lat="-27.022785" lon="-48.58114166666666"><ele>7.1</ele></trkpt><trkpt lat="-27.022785" lon="-48.58114166666666"><ele>7.1</ele></trkpt><trkpt lat="-27.022785" lon="-48.58114166666666"><ele>7.1</ele></trkpt><trkpt lat="-27.022785" lon="-48.58114166666666"><ele>7.1</ele></trkpt><trkpt lat="-27.022785" lon="-48.58114166666666"><ele>7.1</ele></trkpt><trkpt lat="-27.022785" lon="-48.58114166666666"><ele>7.1</ele></trkpt><trkpt lat="-27.022785" lon="-48.58114166666666"><ele>7.1</ele></trkpt><trkpt lat="-27.022785" lon="-48.58114166666666"><ele>7.1</ele></trkpt><trkpt lat="-27.022785" lon="-48.58114166666666"><ele>7.1</ele></trkpt><trkpt lat="-27.022785" lon="-48.58114166666666"><ele>7.1</ele></trkpt><trkpt lat="-27.022785" lon="-48.58114166666666"><ele>7.1</ele></trkpt><trkpt lat="-27.022785" lon="-48.58114166666666"><ele>7.1</ele></trkpt><trkpt lat="-27.022785" lon="-48.58114166666666"><ele>7.1</ele></trkpt><trkpt lat="-27.022785" lon="-48.58114166666666"><ele>7.1</ele></trkpt><trkpt lat="-27.022785" lon="-48.58114166666666"><ele>7.1</ele></trkpt><trkpt lat="-27.022785" lon="-48.58114166666666"><ele>7.1</ele></trkpt><trkpt lat="-27.022785" lon="-48.58114166666666"><ele>7.1</ele></trkpt><trkpt lat="-27.022785" lon="-48.58114166666666"><ele>7.1</ele></trkpt><trkpt lat="-27.022785" lon="-48.58114166666666"><ele>7.1</ele></trkpt><trkpt lat="-27.022785" lon="-48.58114166666666"><ele>7.1</ele></trkpt><trkpt lat="-27.022785" lon="-48.58114166666666"><ele>7.1</ele></trkpt><trkpt lat="-27.022785" lon="-48.58114166666666"><ele>7.1</ele></trkpt><trkpt lat="-27.022785" lon="-48.58114166666666"><ele>7.1</ele></trkpt><trkpt lat="-27.022785" lon="-48.58114166666666"><ele>7.1</ele></trkpt><trkpt lat="-27.022785" lon="-48.58114166666666"><ele>7.1</ele></trkpt><trkpt lat="-27.022785" lon="-48.58114166666666"><ele>7.1</ele></trkpt><trkpt lat="-27.022785" lon="-48.58114166666666"><ele>7.1</ele></trkpt><trkpt lat="-27.022785" lon="-48.58114166666666"><ele>7.1</ele></trkpt><trkpt lat="-27.022785" lon="-48.58114166666666"><ele>7.1</ele></trkpt><trkpt lat="-27.022785" lon="-48.58114166666666"><ele>7.1</ele></trkpt><trkpt lat="-27.022785" lon="-48.58114166666666"><ele>7.1</ele></trkpt><trkpt lat="-27.02274" lon="-48.58108333333333"><ele>5.5</ele></trkpt><trkpt lat="-27.022730000000003" lon="-48.58106166666666"><ele>5</ele></trkpt><trkpt lat="-27.02271166666667" lon="-48.581046666666666"><ele>4.5</ele></trkpt><trkpt lat="-27.022693333333336" lon="-48.58102833333334"><ele>4.1</ele></trkpt><trkpt lat="-27.022668333333332" lon="-48.58098666666667"><ele>4.9</ele></trkpt><trkpt lat="-27.022645000000004" lon="-48.58095166666667"><ele>4.6</ele></trkpt><trkpt lat="-27.022625" lon="-48.580911666666665"><ele>4.300000000000001</ele></trkpt><trkpt lat="-27.022606666666668" lon="-48.58087833333334"><ele>4.1</ele></trkpt><trkpt lat="-27.022588333333335" lon="-48.58084166666666"><ele>3.8000000000000003</ele></trkpt><trkpt lat="-27.022566666666663" lon="-48.580801666666666"><ele>3.5</ele></trkpt><trkpt lat="-27.022546666666667" lon="-48.58076166666667"><ele>3.4000000000000004</ele></trkpt><trkpt lat="-27.02253166666667" lon="-48.580725"><ele>3.2</ele></trkpt><trkpt lat="-27.022516666666668" lon="-48.580695"><ele>2.9000000000000004</ele></trkpt><trkpt lat="-27.022501666666667" lon="-48.580666666666666"><ele>2.7</ele></trkpt><trkpt lat="-27.022485" lon="-48.580631666666676"><ele>2.8</ele></trkpt><trkpt lat="-27.02248666666667" lon="-48.58061166666666"><ele>2.7</ele></trkpt><trkpt lat="-27.022476666666662" lon="-48.58057833333334"><ele>3</ele></trkpt><trkpt lat="-27.022461666666665" lon="-48.580541666666676"><ele>3</ele></trkpt><trkpt lat="-27.022445" lon="-48.580504999999995"><ele>3.1</ele></trkpt><trkpt lat="-27.022433333333332" lon="-48.580465000000004"><ele>3.1</ele></trkpt><trkpt lat="-27.022416666666665" lon="-48.58041166666667"><ele>3.4000000000000004</ele></trkpt><trkpt lat="-27.022408333333335" lon="-48.580358333333336"><ele>3.7</ele></trkpt><trkpt lat="-27.02239833333333" lon="-48.5803"><ele>3.8000000000000003</ele></trkpt><trkpt lat="-27.02239666666667" lon="-48.580255"><ele>3.9</ele></trkpt><trkpt lat="-27.022395" lon="-48.58020666666666"><ele>4</ele></trkpt><trkpt lat="-27.022393333333337" lon="-48.58015999999999"><ele>4</ele></trkpt><trkpt lat="-27.022388333333332" lon="-48.58011666666666"><ele>4.1</ele></trkpt><trkpt lat="-27.022388333333332" lon="-48.580075"><ele>4</ele></trkpt><trkpt lat="-27.022393333333337" lon="-48.580034999999995"><ele>4.2</ele></trkpt><trkpt lat="-27.0224" lon="-48.579996666666666"><ele>4.2</ele></trkpt><trkpt lat="-27.022403333333333" lon="-48.579956666666675"><ele>4.300000000000001</ele></trkpt><trkpt lat="-27.022408333333335" lon="-48.57991666666667"><ele>4.4</ele></trkpt><trkpt lat="-27.022415000000002" lon="-48.57988166666667"><ele>4.6</ele></trkpt><trkpt lat="-27.022425" lon="-48.579854999999995"><ele>4.800000000000001</ele></trkpt><trkpt lat="-27.022431666666662" lon="-48.579831666666664"><ele>5.300000000000001</ele></trkpt><trkpt lat="-27.02244333333333" lon="-48.579808333333325"><ele>6.199999999999999</ele></trkpt><trkpt lat="-27.022450000000003" lon="-48.579786666666664"><ele>6.699999999999999</ele></trkpt><trkpt lat="-27.022451666666665" lon="-48.57978"><ele>6.9</ele></trkpt><trkpt lat="-27.022448333333333" lon="-48.57977833333333"><ele>6.4</ele></trkpt><trkpt lat="-27.02244" lon="-48.579786666666664"><ele>6.6</ele></trkpt><trkpt lat="-27.022433333333332" lon="-48.579798333333336"><ele>6.5</ele></trkpt><trkpt lat="-27.02242833333333" lon="-48.57980666666667"><ele>6.1</ele></trkpt><trkpt lat="-27.022416666666665" lon="-48.579809999999995"><ele>5.5</ele></trkpt><trkpt lat="-27.022418333333334" lon="-48.579818333333336"><ele>5.699999999999999</ele></trkpt><trkpt lat="-27.022411666666667" lon="-48.57982666666667"><ele>5.300000000000001</ele></trkpt><trkpt lat="-27.022408333333335" lon="-48.57983666666667"><ele>5</ele></trkpt><trkpt lat="-27.022409999999997" lon="-48.57984833333333"><ele>4.7</ele></trkpt><trkpt lat="-27.022406666666665" lon="-48.579856666666664"><ele>4.1</ele></trkpt><trkpt lat="-27.0224" lon="-48.579865000000005"><ele>3.5</ele></trkpt><trkpt lat="-27.0224" lon="-48.57987333333334"><ele>3.1</ele></trkpt><trkpt lat="-27.022406666666665" lon="-48.57988333333333"><ele>3.4000000000000004</ele></trkpt><trkpt lat="-27.022403333333333" lon="-48.579895"><ele>3.1</ele></trkpt><trkpt lat="-27.022403333333333" lon="-48.57990499999999"><ele>2.3</ele></trkpt><trkpt lat="-27.022403333333333" lon="-48.57990499999999"><ele>2.3</ele></trkpt><trkpt lat="-27.022405000000003" lon="-48.57990499999999"><ele>2.2</ele></trkpt><trkpt lat="-27.022405000000003" lon="-48.57990499999999"><ele>2.2</ele></trkpt><trkpt lat="-27.022408333333335" lon="-48.579908333333336"><ele>2.1</ele></trkpt><trkpt lat="-27.022411666666667" lon="-48.579908333333336"><ele>2.2</ele></trkpt><trkpt lat="-27.022409999999997" lon="-48.579908333333336"><ele>2.4000000000000004</ele></trkpt><trkpt lat="-27.022406666666665" lon="-48.57990499999999"><ele>2.5</ele></trkpt><trkpt lat="-27.022401666666664" lon="-48.579899999999995"><ele>2.5</ele></trkpt><trkpt lat="-27.02239833333333" lon="-48.57989666666667"><ele>2.6</ele></trkpt><trkpt lat="-27.022401666666664" lon="-48.579899999999995"><ele>2.8</ele></trkpt><trkpt lat="-27.022401666666664" lon="-48.579899999999995"><ele>2.8</ele></trkpt><trkpt lat="-27.022401666666664" lon="-48.579899999999995"><ele>2.8</ele></trkpt><trkpt lat="-27.022401666666664" lon="-48.579899999999995"><ele>2.8</ele></trkpt><trkpt lat="-27.022401666666664" lon="-48.579899999999995"><ele>2.8</ele></trkpt><trkpt lat="-27.022401666666664" lon="-48.579899999999995"><ele>2.8</ele></trkpt><trkpt lat="-27.022401666666664" lon="-48.579899999999995"><ele>2.8</ele></trkpt><trkpt lat="-27.022401666666664" lon="-48.579899999999995"><ele>2.8</ele></trkpt><trkpt lat="-27.022401666666664" lon="-48.579899999999995"><ele>2.8</ele></trkpt><trkpt lat="-27.022401666666664" lon="-48.579899999999995"><ele>2.8</ele></trkpt><trkpt lat="-27.022401666666664" lon="-48.579899999999995"><ele>2.8</ele></trkpt><trkpt lat="-27.022401666666664" lon="-48.579899999999995"><ele>2.8</ele></trkpt><trkpt lat="-27.022401666666664" lon="-48.579899999999995"><ele>2.8</ele></trkpt><trkpt lat="-27.022401666666664" lon="-48.579899999999995"><ele>2.8</ele></trkpt><trkpt lat="-27.022401666666664" lon="-48.579899999999995"><ele>2.8</ele></trkpt><trkpt lat="-27.022401666666664" lon="-48.579899999999995"><ele>2.8</ele></trkpt><trkpt lat="-27.022401666666664" lon="-48.579899999999995"><ele>2.8</ele></trkpt><trkpt lat="-27.022401666666664" lon="-48.579899999999995"><ele>2.8</ele></trkpt><trkpt lat="-27.022401666666664" lon="-48.579899999999995"><ele>2.8</ele></trkpt><trkpt lat="-27.022401666666664" lon="-48.579899999999995"><ele>2.8</ele></trkpt><trkpt lat="-27.022401666666664" lon="-48.579899999999995"><ele>2.8</ele></trkpt><trkpt lat="-27.022401666666664" lon="-48.579899999999995"><ele>2.8</ele></trkpt><trkpt lat="-27.022416666666665" lon="-48.57988"><ele>3.8000000000000003</ele></trkpt><trkpt lat="-27.022415000000002" lon="-48.57987166666667"><ele>3.9</ele></trkpt><trkpt lat="-27.022415000000002" lon="-48.579856666666664"><ele>4.4</ele></trkpt><trkpt lat="-27.022423333333336" lon="-48.57984833333333"><ele>4.6</ele></trkpt><trkpt lat="-27.02243" lon="-48.57983666666667"><ele>4.5</ele></trkpt><trkpt lat="-27.022431666666662" lon="-48.57982833333334"><ele>4.800000000000001</ele></trkpt><trkpt lat="-27.02244" lon="-48.579818333333336"><ele>5.300000000000001</ele></trkpt><trkpt lat="-27.022445" lon="-48.579809999999995"><ele>5.699999999999999</ele></trkpt><trkpt lat="-27.022451666666665" lon="-48.57980333333333"><ele>6</ele></trkpt><trkpt lat="-27.022445" lon="-48.57979"><ele>5.800000000000001</ele></trkpt><trkpt lat="-27.022438333333337" lon="-48.579784999999994"><ele>6</ele></trkpt><trkpt lat="-27.022436666666668" lon="-48.57978166666667"><ele>6.1</ele></trkpt><trkpt lat="-27.022435000000005" lon="-48.579776666666675"><ele>6.1</ele></trkpt><trkpt lat="-27.022431666666662" lon="-48.579773333333335"><ele>5.800000000000001</ele></trkpt><trkpt lat="-27.022438333333337" lon="-48.579773333333335"><ele>5.800000000000001</ele></trkpt><trkpt lat="-27.02244" lon="-48.57976833333334"><ele>5.800000000000001</ele></trkpt><trkpt lat="-27.02244" lon="-48.57976"><ele>5.800000000000001</ele></trkpt><trkpt lat="-27.02244166666667" lon="-48.57974833333333"><ele>5.800000000000001</ele></trkpt><trkpt lat="-27.022450000000003" lon="-48.579726666666666"><ele>5.800000000000001</ele></trkpt><trkpt lat="-27.022460000000002" lon="-48.57970999999999"><ele>5.699999999999999</ele></trkpt><trkpt lat="-27.02247" lon="-48.579686666666674"><ele>5.6</ele></trkpt><trkpt lat="-27.02247333333333" lon="-48.57966166666667"><ele>5.6</ele></trkpt><trkpt lat="-27.022481666666668" lon="-48.579641666666674"><ele>5.9</ele></trkpt><trkpt lat="-27.022481666666668" lon="-48.579641666666674"><ele>5.9</ele></trkpt><trkpt lat="-27.022483333333337" lon="-48.579625"><ele>5.699999999999999</ele></trkpt><trkpt lat="-27.02248833333333" lon="-48.57961333333333"><ele>5.699999999999999</ele></trkpt><trkpt lat="-27.022496666666665" lon="-48.5796"><ele>5.6</ele></trkpt><trkpt lat="-27.022505000000002" lon="-48.57958833333334"><ele>5</ele></trkpt><trkpt lat="-27.022510000000004" lon="-48.579571666666666"><ele>4.7</ele></trkpt><trkpt lat="-27.022515" lon="-48.57955666666667"><ele>4.5</ele></trkpt><trkpt lat="-27.02251833333333" lon="-48.579541666666664"><ele>4.5</ele></trkpt><trkpt lat="-27.02251833333333" lon="-48.57952166666667"><ele>4.5</ele></trkpt><trkpt lat="-27.02253" lon="-48.579505000000005"><ele>4.7</ele></trkpt><trkpt lat="-27.02253" lon="-48.579505000000005"><ele>4.7</ele></trkpt><trkpt lat="-27.022543333333335" lon="-48.57948666666666"><ele>5</ele></trkpt><trkpt lat="-27.022555000000004" lon="-48.57947000000001"><ele>5.300000000000001</ele></trkpt><trkpt lat="-27.022566666666663" lon="-48.579451666666664"><ele>5.5</ele></trkpt><trkpt lat="-27.02257666666667" lon="-48.579436666666666"><ele>5.4</ele></trkpt><trkpt lat="-27.022591666666667" lon="-48.57942"><ele>5.2</ele></trkpt><trkpt lat="-27.022603333333336" lon="-48.579404999999994"><ele>5</ele></trkpt><trkpt lat="-27.022616666666668" lon="-48.57938666666667"><ele>4.9</ele></trkpt><trkpt lat="-27.022625" lon="-48.579368333333335"><ele>4.6</ele></trkpt><trkpt lat="-27.022625" lon="-48.579368333333335"><ele>4.6</ele></trkpt><trkpt lat="-27.022636666666667" lon="-48.579348333333336"><ele>4.5</ele></trkpt><trkpt lat="-27.022645000000004" lon="-48.57933166666667"><ele>4.300000000000001</ele></trkpt><trkpt lat="-27.02265333333333" lon="-48.57931833333334"><ele>4.300000000000001</ele></trkpt><trkpt lat="-27.022665" lon="-48.57930833333333"><ele>4.5</ele></trkpt><trkpt lat="-27.022676666666666" lon="-48.57929666666667"><ele>4.7</ele></trkpt><trkpt lat="-27.022685000000003" lon="-48.57928833333334"><ele>4.800000000000001</ele></trkpt><trkpt lat="-27.022693333333336" lon="-48.579281666666674"><ele>4.7</ele></trkpt><trkpt lat="-27.0227" lon="-48.57927333333334"><ele>5.300000000000001</ele></trkpt><trkpt lat="-27.022704999999995" lon="-48.579256666666666"><ele>5.6</ele></trkpt><trkpt lat="-27.02271166666667" lon="-48.57924"><ele>5.4</ele></trkpt><trkpt lat="-27.022718333333334" lon="-48.57923000000001"><ele>5.1</ele></trkpt><trkpt lat="-27.02272833333333" lon="-48.57922"><ele>4.7</ele></trkpt><trkpt lat="-27.02274" lon="-48.579209999999996"><ele>4.7</ele></trkpt><trkpt lat="-27.022748333333332" lon="-48.579195"><ele>4.7</ele></trkpt><trkpt lat="-27.02275666666667" lon="-48.57918166666666"><ele>4.6</ele></trkpt><trkpt lat="-27.022763333333334" lon="-48.57917166666666"><ele>4.7</ele></trkpt><trkpt lat="-27.022768333333335" lon="-48.57916166666667"><ele>4.7</ele></trkpt><trkpt lat="-27.022776666666665" lon="-48.57914833333333"><ele>4.6</ele></trkpt><trkpt lat="-27.022781666666667" lon="-48.57913833333334"><ele>4.7</ele></trkpt><trkpt lat="-27.022785" lon="-48.579123333333335"><ele>4.300000000000001</ele></trkpt><trkpt lat="-27.022791666666663" lon="-48.57910833333334"><ele>4.4</ele></trkpt><trkpt lat="-27.022803333333332" lon="-48.57909500000001"><ele>4.9</ele></trkpt><trkpt lat="-27.022813333333335" lon="-48.57908333333333"><ele>5.2</ele></trkpt><trkpt lat="-27.022820000000003" lon="-48.579073333333326"><ele>5.4</ele></trkpt><trkpt lat="-27.022824999999997" lon="-48.57906"><ele>5.5</ele></trkpt><trkpt lat="-27.02283333333333" lon="-48.57905000000001"><ele>5.699999999999999</ele></trkpt><trkpt lat="-27.022839999999995" lon="-48.57903833333333"><ele>5.5</ele></trkpt><trkpt lat="-27.022841666666668" lon="-48.57902666666667"><ele>5.6</ele></trkpt><trkpt lat="-27.022848333333332" lon="-48.57901166666667"><ele>6</ele></trkpt><trkpt lat="-27.022853333333334" lon="-48.57900500000001"><ele>6</ele></trkpt><trkpt lat="-27.022859999999998" lon="-48.57899666666667"><ele>6.1</ele></trkpt><trkpt lat="-27.022868333333335" lon="-48.57899166666666"><ele>6.800000000000001</ele></trkpt><trkpt lat="-27.022873333333337" lon="-48.57897833333333"><ele>7.300000000000001</ele></trkpt><trkpt lat="-27.022873333333337" lon="-48.57896666666667"><ele>6.800000000000001</ele></trkpt><trkpt lat="-27.02287666666667" lon="-48.57895666666666"><ele>6.5</ele></trkpt><trkpt lat="-27.022883333333333" lon="-48.578943333333335"><ele>6.699999999999999</ele></trkpt><trkpt lat="-27.022884999999995" lon="-48.57892833333334"><ele>6.800000000000001</ele></trkpt><trkpt lat="-27.02288666666667" lon="-48.57891166666666"><ele>6.6</ele></trkpt><trkpt lat="-27.02289166666667" lon="-48.578893333333326"><ele>6.4</ele></trkpt><trkpt lat="-27.022895000000002" lon="-48.57888"><ele>6.300000000000001</ele></trkpt><trkpt lat="-27.022901666666666" lon="-48.57886833333334"><ele>6.699999999999999</ele></trkpt><trkpt lat="-27.02290833333333" lon="-48.57886"><ele>7</ele></trkpt><trkpt lat="-27.022913333333335" lon="-48.578845"><ele>7.4</ele></trkpt><trkpt lat="-27.02292" lon="-48.57883333333333"><ele>8.3</ele></trkpt><trkpt lat="-27.02292166666667" lon="-48.57882500000001"><ele>9.2</ele></trkpt><trkpt lat="-27.02293166666667" lon="-48.57882333333334"><ele>11.1</ele></trkpt><trkpt lat="-27.022938333333332" lon="-48.57881666666667"><ele>12</ele></trkpt><trkpt lat="-27.022941666666664" lon="-48.578815"><ele>12.7</ele></trkpt><trkpt lat="-27.022948333333336" lon="-48.578810000000004"><ele>13.5</ele></trkpt><trkpt lat="-27.022956666666666" lon="-48.578804999999996"><ele>14.299999999999999</ele></trkpt><trkpt lat="-27.022963333333337" lon="-48.57879500000001"><ele>14.6</ele></trkpt><trkpt lat="-27.02297" lon="-48.57878000000001"><ele>15</ele></trkpt><trkpt lat="-27.022971666666663" lon="-48.57876666666666"><ele>15.299999999999999</ele></trkpt><trkpt lat="-27.022974999999995" lon="-48.57875333333333"><ele>15.299999999999999</ele></trkpt><trkpt lat="-27.02297666666667" lon="-48.57873333333334"><ele>14.9</ele></trkpt><trkpt lat="-27.02298166666667" lon="-48.57872166666666"><ele>15.299999999999999</ele></trkpt><trkpt lat="-27.022986666666664" lon="-48.57870833333333"><ele>15.4</ele></trkpt><trkpt lat="-27.022985000000002" lon="-48.578691666666664"><ele>15.4</ele></trkpt><trkpt lat="-27.022985000000002" lon="-48.57868166666667"><ele>15.4</ele></trkpt><trkpt lat="-27.022993333333336" lon="-48.578671666666665"><ele>15.5</ele></trkpt><trkpt lat="-27.02299833333333" lon="-48.578660000000006"><ele>15.6</ele></trkpt><trkpt lat="-27.023000000000003" lon="-48.578646666666664"><ele>15.9</ele></trkpt><trkpt lat="-27.02299833333333" lon="-48.57863999999999"><ele>16.1</ele></trkpt><trkpt lat="-27.022994999999998" lon="-48.578630000000004"><ele>16.1</ele></trkpt><trkpt lat="-27.02299833333333" lon="-48.57861666666666"><ele>16.1</ele></trkpt><trkpt lat="-27.023000000000003" lon="-48.578603333333334"><ele>16.2</ele></trkpt><trkpt lat="-27.023000000000003" lon="-48.57858666666666"><ele>16.5</ele></trkpt><trkpt lat="-27.023003333333335" lon="-48.57856833333334"><ele>16.8</ele></trkpt><trkpt lat="-27.023004999999998" lon="-48.57855166666666"><ele>17.400000000000002</ele></trkpt><trkpt lat="-27.023008333333337" lon="-48.57854333333333"><ele>17.6</ele></trkpt><trkpt lat="-27.023008333333337" lon="-48.57852833333333"><ele>17.900000000000002</ele></trkpt><trkpt lat="-27.023006666666667" lon="-48.57851666666667"><ele>18.200000000000003</ele></trkpt><trkpt lat="-27.023008333333337" lon="-48.57850499999999"><ele>18.5</ele></trkpt><trkpt lat="-27.023004999999998" lon="-48.578495000000004"><ele>18.900000000000002</ele></trkpt><trkpt lat="-27.02299833333333" lon="-48.57848333333333"><ele>19.400000000000002</ele></trkpt><trkpt lat="-27.022993333333336" lon="-48.57847166666667"><ele>19.6</ele></trkpt><trkpt lat="-27.022988333333334" lon="-48.57845999999999"><ele>19.5</ele></trkpt><trkpt lat="-27.022988333333334" lon="-48.578446666666665"><ele>19.700000000000003</ele></trkpt><trkpt lat="-27.022988333333334" lon="-48.578435000000006"><ele>19.900000000000002</ele></trkpt><trkpt lat="-27.022986666666664" lon="-48.578421666666664"><ele>20</ele></trkpt><trkpt lat="-27.02298166666667" lon="-48.57840833333333"><ele>20.3</ele></trkpt><trkpt lat="-27.022974999999995" lon="-48.57839833333334"><ele>20.5</ele></trkpt><trkpt lat="-27.022963333333337" lon="-48.57838333333334"><ele>20.8</ele></trkpt><trkpt lat="-27.022955000000003" lon="-48.578365"><ele>21.1</ele></trkpt><trkpt lat="-27.022958333333335" lon="-48.578356666666664"><ele>21.700000000000003</ele></trkpt><trkpt lat="-27.022955000000003" lon="-48.57835166666667"><ele>22.1</ele></trkpt><trkpt lat="-27.022955000000003" lon="-48.578345000000006"><ele>22.8</ele></trkpt><trkpt lat="-27.02295333333333" lon="-48.57833833333334"><ele>23.3</ele></trkpt><trkpt lat="-27.022949999999998" lon="-48.57833000000001"><ele>23.8</ele></trkpt><trkpt lat="-27.022949999999998" lon="-48.57832166666667"><ele>24.3</ele></trkpt><trkpt lat="-27.022946666666666" lon="-48.578311666666664"><ele>24.6</ele></trkpt><trkpt lat="-27.022946666666666" lon="-48.578298333333336"><ele>24.900000000000002</ele></trkpt><trkpt lat="-27.022944999999996" lon="-48.57828666666666"><ele>25.200000000000003</ele></trkpt><trkpt lat="-27.022940000000002" lon="-48.57827666666667"><ele>25.5</ele></trkpt><trkpt lat="-27.022933333333338" lon="-48.578268333333334"><ele>25.8</ele></trkpt><trkpt lat="-27.02292333333333" lon="-48.57826166666667"><ele>26</ele></trkpt><trkpt lat="-27.022901666666666" lon="-48.57825166666667"><ele>26.200000000000003</ele></trkpt><trkpt lat="-27.02288666666667" lon="-48.57824333333333"><ele>26.400000000000002</ele></trkpt><trkpt lat="-27.022875" lon="-48.57823833333334"><ele>26.8</ele></trkpt><trkpt lat="-27.022866666666665" lon="-48.57823"><ele>27</ele></trkpt><trkpt lat="-27.022850000000002" lon="-48.578219999999995"><ele>27.400000000000002</ele></trkpt><trkpt lat="-27.022839999999995" lon="-48.57821666666667"><ele>27.8</ele></trkpt><trkpt lat="-27.022824999999997" lon="-48.57821333333333"><ele>28</ele></trkpt><trkpt lat="-27.022826666666667" lon="-48.57820666666667"><ele>28.3</ele></trkpt><trkpt lat="-27.022823333333335" lon="-48.57819833333333"><ele>28.700000000000003</ele></trkpt><trkpt lat="-27.022816666666667" lon="-48.57819500000001"><ele>28.900000000000002</ele></trkpt><trkpt lat="-27.022806666666664" lon="-48.57818833333334"><ele>29.3</ele></trkpt><trkpt lat="-27.022794999999995" lon="-48.57818333333333"><ele>29.5</ele></trkpt><trkpt lat="-27.02279" lon="-48.57818166666666"><ele>29.8</ele></trkpt><trkpt lat="-27.022785" lon="-48.57818"><ele>30.1</ele></trkpt><trkpt lat="-27.022775000000003" lon="-48.578176666666664"><ele>30.5</ele></trkpt><trkpt lat="-27.022761666666664" lon="-48.57817333333334"><ele>30.900000000000002</ele></trkpt><trkpt lat="-27.022751666666668" lon="-48.57816666666666"><ele>31.3</ele></trkpt><trkpt lat="-27.02274333333333" lon="-48.578165000000006"><ele>31.700000000000003</ele></trkpt><trkpt lat="-27.022734999999997" lon="-48.57816"><ele>32.1</ele></trkpt><trkpt lat="-27.022723333333335" lon="-48.57815666666667"><ele>32.5</ele></trkpt><trkpt lat="-27.022716666666664" lon="-48.57815666666667"><ele>32.9</ele></trkpt><trkpt lat="-27.02271" lon="-48.57815833333334"><ele>33.3</ele></trkpt><trkpt lat="-27.022695" lon="-48.578163333333336"><ele>33.800000000000004</ele></trkpt><trkpt lat="-27.022691666666667" lon="-48.57817"><ele>34.2</ele></trkpt><trkpt lat="-27.022681666666667" lon="-48.57816833333333"><ele>34.5</ele></trkpt><trkpt lat="-27.022671666666664" lon="-48.57816166666667"><ele>34.9</ele></trkpt><trkpt lat="-27.022659999999995" lon="-48.57815000000001"><ele>35.6</ele></trkpt><trkpt lat="-27.022640000000003" lon="-48.57814666666666"><ele>35.5</ele></trkpt><trkpt lat="-27.022625" lon="-48.57814833333334"><ele>35.1</ele></trkpt><trkpt lat="-27.02260833333333" lon="-48.57814333333334"><ele>35</ele></trkpt><trkpt lat="-27.02259333333333" lon="-48.578135"><ele>35.5</ele></trkpt><trkpt lat="-27.022575" lon="-48.578135"><ele>35.4</ele></trkpt><trkpt lat="-27.022571666666668" lon="-48.578135"><ele>35.5</ele></trkpt><trkpt lat="-27.022565" lon="-48.578133333333334"><ele>35.5</ele></trkpt><trkpt lat="-27.022561666666668" lon="-48.578133333333334"><ele>35.1</ele></trkpt><trkpt lat="-27.022555000000004" lon="-48.57812166666666"><ele>35.2</ele></trkpt><trkpt lat="-27.02254833333333" lon="-48.57810833333333"><ele>35.1</ele></trkpt><trkpt lat="-27.022540000000003" lon="-48.57809999999999"><ele>35.1</ele></trkpt><trkpt lat="-27.02253166666667" lon="-48.57809666666667"><ele>35</ele></trkpt><trkpt lat="-27.022525000000005" lon="-48.57810166666666"><ele>35</ele></trkpt><trkpt lat="-27.022513333333336" lon="-48.578095"><ele>34.9</ele></trkpt><trkpt lat="-27.02250333333333" lon="-48.57809166666666"><ele>34.9</ele></trkpt><trkpt lat="-27.02248666666667" lon="-48.578095"><ele>34.9</ele></trkpt><trkpt lat="-27.02247333333333" lon="-48.57809333333333"><ele>34.7</ele></trkpt><trkpt lat="-27.022465000000004" lon="-48.57809"><ele>34.6</ele></trkpt><trkpt lat="-27.022453333333335" lon="-48.57809166666666"><ele>34.5</ele></trkpt><trkpt lat="-27.02244" lon="-48.57808833333333"><ele>34.5</ele></trkpt><trkpt lat="-27.022431666666662" lon="-48.57808"><ele>34.5</ele></trkpt><trkpt lat="-27.022423333333336" lon="-48.57807666666666"><ele>34.5</ele></trkpt><trkpt lat="-27.022409999999997" lon="-48.57808"><ele>34.800000000000004</ele></trkpt><trkpt lat="-27.022393333333337" lon="-48.57807666666666"><ele>34.6</ele></trkpt><trkpt lat="-27.022381666666668" lon="-48.57807666666666"><ele>34.5</ele></trkpt><trkpt lat="-27.022378333333336" lon="-48.57806333333333"><ele>34.6</ele></trkpt><trkpt lat="-27.022370000000002" lon="-48.57805833333334"><ele>34.7</ele></trkpt><trkpt lat="-27.022363333333335" lon="-48.57805333333334"><ele>34.6</ele></trkpt><trkpt lat="-27.02235" lon="-48.578045"><ele>34.300000000000004</ele></trkpt><trkpt lat="-27.022334999999998" lon="-48.57803833333334"><ele>34.1</ele></trkpt><trkpt lat="-27.022321666666667" lon="-48.57803666666667"><ele>34.2</ele></trkpt><trkpt lat="-27.02230833333333" lon="-48.57803666666667"><ele>34.2</ele></trkpt><trkpt lat="-27.02229333333333" lon="-48.57804333333333"><ele>34.6</ele></trkpt><trkpt lat="-27.022281666666665" lon="-48.578041666666664"><ele>34.6</ele></trkpt><trkpt lat="-27.022268333333333" lon="-48.57804333333333"><ele>34.9</ele></trkpt><trkpt lat="-27.022256666666667" lon="-48.578041666666664"><ele>35.2</ele></trkpt><trkpt lat="-27.022241666666666" lon="-48.578039999999994"><ele>35.4</ele></trkpt><trkpt lat="-27.022228333333334" lon="-48.578039999999994"><ele>35.6</ele></trkpt><trkpt lat="-27.022225000000002" lon="-48.57804833333333"><ele>36.1</ele></trkpt><trkpt lat="-27.022215" lon="-48.578045"><ele>36.4</ele></trkpt><trkpt lat="-27.022205" lon="-48.578045"><ele>36.800000000000004</ele></trkpt><trkpt lat="-27.022199999999998" lon="-48.578045"><ele>37.1</ele></trkpt><trkpt lat="-27.022199999999998" lon="-48.578045"><ele>37.5</ele></trkpt><trkpt lat="-27.022199999999998" lon="-48.57804666666666"><ele>37.800000000000004</ele></trkpt><trkpt lat="-27.022198333333336" lon="-48.57805"><ele>38.2</ele></trkpt><trkpt lat="-27.022198333333336" lon="-48.57805"><ele>38.2</ele></trkpt><trkpt lat="-27.022198333333336" lon="-48.57805"><ele>38.2</ele></trkpt><trkpt lat="-27.022199999999998" lon="-48.57805"><ele>38.4</ele></trkpt><trkpt lat="-27.022198333333336" lon="-48.57805"><ele>38.4</ele></trkpt><trkpt lat="-27.022199999999998" lon="-48.57804833333333"><ele>38.5</ele></trkpt><trkpt lat="-27.022199999999998" lon="-48.57804833333333"><ele>38.5</ele></trkpt><trkpt lat="-27.022199999999998" lon="-48.57804833333333"><ele>38.5</ele></trkpt><trkpt lat="-27.022199999999998" lon="-48.57804833333333"><ele>38.5</ele></trkpt><trkpt lat="-27.022199999999998" lon="-48.57804833333333"><ele>38.5</ele></trkpt><trkpt lat="-27.022199999999998" lon="-48.57804833333333"><ele>38.5</ele></trkpt><trkpt lat="-27.022199999999998" lon="-48.57804833333333"><ele>38.5</ele></trkpt><trkpt lat="-27.022199999999998" lon="-48.57804833333333"><ele>38.5</ele></trkpt><trkpt lat="-27.022199999999998" lon="-48.57804833333333"><ele>38.5</ele></trkpt><trkpt lat="-27.022199999999998" lon="-48.57804833333333"><ele>38.5</ele></trkpt><trkpt lat="-27.022199999999998" lon="-48.57804833333333"><ele>38.5</ele></trkpt><trkpt lat="-27.022199999999998" lon="-48.57804833333333"><ele>38.5</ele></trkpt><trkpt lat="-27.022199999999998" lon="-48.57804833333333"><ele>38.5</ele></trkpt><trkpt lat="-27.022199999999998" lon="-48.57804833333333"><ele>38.5</ele></trkpt><trkpt lat="-27.022199999999998" lon="-48.57804833333333"><ele>38.5</ele></trkpt><trkpt lat="-27.022199999999998" lon="-48.57804833333333"><ele>38.5</ele></trkpt><trkpt lat="-27.022199999999998" lon="-48.57804833333333"><ele>38.5</ele></trkpt><trkpt lat="-27.022199999999998" lon="-48.57804833333333"><ele>38.5</ele></trkpt><trkpt lat="-27.022199999999998" lon="-48.57804833333333"><ele>38.5</ele></trkpt><trkpt lat="-27.022199999999998" lon="-48.57804833333333"><ele>38.5</ele></trkpt><trkpt lat="-27.022199999999998" lon="-48.57804833333333"><ele>38.5</ele></trkpt><trkpt lat="-27.022199999999998" lon="-48.57804833333333"><ele>38.5</ele></trkpt><trkpt lat="-27.022199999999998" lon="-48.57804833333333"><ele>38.5</ele></trkpt><trkpt lat="-27.022199999999998" lon="-48.578026666666666"><ele>38.800000000000004</ele></trkpt><trkpt lat="-27.022186666666666" lon="-48.578026666666666"><ele>38.7</ele></trkpt><trkpt lat="-27.02217166666667" lon="-48.578026666666666"><ele>38.6</ele></trkpt><trkpt lat="-27.022156666666667" lon="-48.578030000000005"><ele>38.4</ele></trkpt><trkpt lat="-27.022145000000002" lon="-48.57803333333333"><ele>38.2</ele></trkpt><trkpt lat="-27.022138333333334" lon="-48.57803333333333"><ele>38.2</ele></trkpt><trkpt lat="-27.02212666666667" lon="-48.57803833333334"><ele>38.2</ele></trkpt><trkpt lat="-27.022109999999998" lon="-48.578041666666664"><ele>38.1</ele></trkpt><trkpt lat="-27.02210166666667" lon="-48.578045"><ele>38.2</ele></trkpt><trkpt lat="-27.022090000000002" lon="-48.57805"><ele>38.2</ele></trkpt><trkpt lat="-27.02208166666667" lon="-48.57805499999999"><ele>38.300000000000004</ele></trkpt><trkpt lat="-27.02207" lon="-48.57805666666666"><ele>38.5</ele></trkpt><trkpt lat="-27.022060000000003" lon="-48.57805833333334"><ele>39</ele></trkpt><trkpt lat="-27.022048333333334" lon="-48.57806000000001"><ele>39.5</ele></trkpt><trkpt lat="-27.02203833333333" lon="-48.57806333333333"><ele>40</ele></trkpt><trkpt lat="-27.022030000000004" lon="-48.57806666666667"><ele>40.4</ele></trkpt><trkpt lat="-27.022019999999998" lon="-48.57806666666667"><ele>41</ele></trkpt><trkpt lat="-27.02201166666667" lon="-48.57806666666667"><ele>41.5</ele></trkpt><trkpt lat="-27.022001666666664" lon="-48.57806833333334"><ele>41.9</ele></trkpt><trkpt lat="-27.02199333333333" lon="-48.57806666666667"><ele>42.4</ele></trkpt><trkpt lat="-27.02198" lon="-48.57806666666667"><ele>42.5</ele></trkpt><trkpt lat="-27.021971666666666" lon="-48.578065"><ele>43</ele></trkpt><trkpt lat="-27.021958333333334" lon="-48.578065"><ele>43.1</ele></trkpt><trkpt lat="-27.021941666666667" lon="-48.57806333333333"><ele>43.4</ele></trkpt><trkpt lat="-27.021928333333335" lon="-48.57806333333333"><ele>44</ele></trkpt><trkpt lat="-27.021916666666666" lon="-48.57806333333333"><ele>44.4</ele></trkpt><trkpt lat="-27.021905" lon="-48.578065"><ele>44.800000000000004</ele></trkpt><trkpt lat="-27.02189333333333" lon="-48.57806333333333"><ele>45.1</ele></trkpt><trkpt lat="-27.021884999999997" lon="-48.57805833333334"><ele>45.6</ele></trkpt><trkpt lat="-27.02186" lon="-48.578041666666664"><ele>43.6</ele></trkpt><trkpt lat="-27.021835000000003" lon="-48.578026666666666"><ele>41.800000000000004</ele></trkpt><trkpt lat="-27.021823333333334" lon="-48.578025"><ele>41.9</ele></trkpt><trkpt lat="-27.021811666666668" lon="-48.57801833333333"><ele>42.1</ele></trkpt><trkpt lat="-27.021805000000004" lon="-48.57800666666667"><ele>41.2</ele></trkpt><trkpt lat="-27.02180166666667" lon="-48.57799833333333"><ele>40.300000000000004</ele></trkpt><trkpt lat="-27.021794999999997" lon="-48.578"><ele>39.7</ele></trkpt><trkpt lat="-27.021785" lon="-48.57798666666666"><ele>39.1</ele></trkpt><trkpt lat="-27.021785" lon="-48.577981666666666"><ele>38.9</ele></trkpt><trkpt lat="-27.021778333333334" lon="-48.577985000000005"><ele>38.7</ele></trkpt><trkpt lat="-27.021763333333336" lon="-48.57798833333333"><ele>37.7</ele></trkpt><trkpt lat="-27.021755" lon="-48.57799833333333"><ele>37.6</ele></trkpt><trkpt lat="-27.021743333333333" lon="-48.57799833333333"><ele>37.9</ele></trkpt><trkpt lat="-27.021736666666666" lon="-48.57799166666667"><ele>38.6</ele></trkpt><trkpt lat="-27.021733333333334" lon="-48.57799"><ele>38.9</ele></trkpt><trkpt lat="-27.021725" lon="-48.57799333333334"><ele>39.4</ele></trkpt><trkpt lat="-27.02172" lon="-48.577996666666664"><ele>40</ele></trkpt><trkpt lat="-27.021715000000004" lon="-48.577994999999994"><ele>40.6</ele></trkpt><trkpt lat="-27.02171333333333" lon="-48.577994999999994"><ele>41.4</ele></trkpt><trkpt lat="-27.021706666666667" lon="-48.577996666666664"><ele>41.7</ele></trkpt><trkpt lat="-27.021698333333333" lon="-48.578"><ele>42.1</ele></trkpt><trkpt lat="-27.021686666666664" lon="-48.578"><ele>42.2</ele></trkpt><trkpt lat="-27.021676666666668" lon="-48.578"><ele>42.300000000000004</ele></trkpt><trkpt lat="-27.021671666666666" lon="-48.578"><ele>42.9</ele></trkpt><trkpt lat="-27.02166333333333" lon="-48.57799833333333"><ele>43.2</ele></trkpt><trkpt lat="-27.021658333333335" lon="-48.578"><ele>43.6</ele></trkpt><trkpt lat="-27.02165" lon="-48.57800166666666"><ele>43.9</ele></trkpt><trkpt lat="-27.021638333333332" lon="-48.578005"><ele>44.2</ele></trkpt><trkpt lat="-27.021626666666666" lon="-48.57800666666667"><ele>44.5</ele></trkpt><trkpt lat="-27.021614999999997" lon="-48.57800666666667"><ele>44.9</ele></trkpt><trkpt lat="-27.021601666666665" lon="-48.57800833333334"><ele>45.300000000000004</ele></trkpt><trkpt lat="-27.021588333333337" lon="-48.57800999999999"><ele>45.6</ele></trkpt><trkpt lat="-27.021573333333336" lon="-48.57801166666666"><ele>46.1</ele></trkpt><trkpt lat="-27.02156" lon="-48.57800999999999"><ele>46.5</ele></trkpt><trkpt lat="-27.021545" lon="-48.57800999999999"><ele>46.9</ele></trkpt><trkpt lat="-27.021531666666668" lon="-48.57800833333334"><ele>47.1</ele></trkpt><trkpt lat="-27.021521666666665" lon="-48.57800666666667"><ele>47.5</ele></trkpt><trkpt lat="-27.021509999999996" lon="-48.57800166666666"><ele>47.800000000000004</ele></trkpt><trkpt lat="-27.021498333333337" lon="-48.57800166666666"><ele>48.1</ele></trkpt><trkpt lat="-27.021486666666668" lon="-48.57800166666666"><ele>48.4</ele></trkpt><trkpt lat="-27.021475000000002" lon="-48.57799833333333"><ele>48.6</ele></trkpt><trkpt lat="-27.021464999999996" lon="-48.578"><ele>48.9</ele></trkpt><trkpt lat="-27.02146" lon="-48.57799833333333"><ele>49.4</ele></trkpt><trkpt lat="-27.021466666666665" lon="-48.578"><ele>50.300000000000004</ele></trkpt><trkpt lat="-27.02145833333333" lon="-48.57800166666666"><ele>51.1</ele></trkpt><trkpt lat="-27.02145666666667" lon="-48.57800333333333"><ele>51.800000000000004</ele></trkpt><trkpt lat="-27.021448333333336" lon="-48.578005"><ele>52.7</ele></trkpt><trkpt lat="-27.021446666666666" lon="-48.57800833333334"><ele>53.6</ele></trkpt><trkpt lat="-27.02144" lon="-48.57800833333334"><ele>54.5</ele></trkpt><trkpt lat="-27.021433333333334" lon="-48.578005"><ele>54.9</ele></trkpt><trkpt lat="-27.021421666666665" lon="-48.57800666666667"><ele>55.300000000000004</ele></trkpt><trkpt lat="-27.02141166666667" lon="-48.57800833333334"><ele>55.800000000000004</ele></trkpt><trkpt lat="-27.021403333333335" lon="-48.57801166666666"><ele>56.300000000000004</ele></trkpt><trkpt lat="-27.021400000000003" lon="-48.57801333333334"><ele>56.800000000000004</ele></trkpt><trkpt lat="-27.021393333333336" lon="-48.57801666666666"><ele>57.4</ele></trkpt><trkpt lat="-27.021383333333333" lon="-48.57801833333333"><ele>57.800000000000004</ele></trkpt><trkpt lat="-27.021376666666665" lon="-48.57802166666667"><ele>58.2</ele></trkpt><trkpt lat="-27.02136666666667" lon="-48.578025"><ele>58.6</ele></trkpt><trkpt lat="-27.021356666666666" lon="-48.578026666666666"><ele>58.9</ele></trkpt><trkpt lat="-27.021344999999997" lon="-48.578030000000005"><ele>59.300000000000004</ele></trkpt><trkpt lat="-27.021329999999995" lon="-48.57803333333333"><ele>59.7</ele></trkpt><trkpt lat="-27.021318333333337" lon="-48.578035"><ele>59.9</ele></trkpt><trkpt lat="-27.021304999999998" lon="-48.57803666666667"><ele>60</ele></trkpt><trkpt lat="-27.021293333333332" lon="-48.578035"><ele>60.5</ele></trkpt><trkpt lat="-27.021283333333333" lon="-48.57803333333333"><ele>61.1</ele></trkpt><trkpt lat="-27.021269999999998" lon="-48.57803666666667"><ele>61.5</ele></trkpt><trkpt lat="-27.021256666666666" lon="-48.57803833333334"><ele>61.8</ele></trkpt><trkpt lat="-27.021248333333332" lon="-48.57803333333333"><ele>62.4</ele></trkpt><trkpt lat="-27.021239999999995" lon="-48.57803833333334"><ele>62.7</ele></trkpt><trkpt lat="-27.021228333333337" lon="-48.578039999999994"><ele>63</ele></trkpt><trkpt lat="-27.02121833333333" lon="-48.578041666666664"><ele>63.2</ele></trkpt><trkpt lat="-27.021209999999996" lon="-48.578041666666664"><ele>63.4</ele></trkpt><trkpt lat="-27.0212" lon="-48.578041666666664"><ele>63.7</ele></trkpt><trkpt lat="-27.02119" lon="-48.57803833333334"><ele>63.9</ele></trkpt><trkpt lat="-27.021178333333335" lon="-48.578039999999994"><ele>64</ele></trkpt><trkpt lat="-27.021168333333335" lon="-48.578035"><ele>63.8</ele></trkpt><trkpt lat="-27.021155" lon="-48.578030000000005"><ele>63.6</ele></trkpt><trkpt lat="-27.02114166666667" lon="-48.57803166666666"><ele>64.1</ele></trkpt><trkpt lat="-27.021126666666667" lon="-48.57803166666666"><ele>64.1</ele></trkpt><trkpt lat="-27.021115" lon="-48.57803166666666"><ele>64.1</ele></trkpt><trkpt lat="-27.021101666666663" lon="-48.578035"><ele>64.2</ele></trkpt><trkpt lat="-27.021091666666667" lon="-48.57803333333333"><ele>64.2</ele></trkpt><trkpt lat="-27.021081666666667" lon="-48.57803333333333"><ele>64.6</ele></trkpt><trkpt lat="-27.02107" lon="-48.57803333333333"><ele>64.7</ele></trkpt><trkpt lat="-27.021056666666663" lon="-48.57803166666666"><ele>64.2</ele></trkpt><trkpt lat="-27.021041666666665" lon="-48.578030000000005"><ele>64.3</ele></trkpt><trkpt lat="-27.021028333333334" lon="-48.578025"><ele>64.2</ele></trkpt><trkpt lat="-27.021015000000002" lon="-48.57801833333333"><ele>64.2</ele></trkpt><trkpt lat="-27.021003333333336" lon="-48.57801166666666"><ele>64.2</ele></trkpt><trkpt lat="-27.020991666666667" lon="-48.57800333333333"><ele>64.2</ele></trkpt><trkpt lat="-27.020978333333332" lon="-48.577994999999994"><ele>64.1</ele></trkpt><trkpt lat="-27.020965" lon="-48.57798833333333"><ele>64.1</ele></trkpt><trkpt lat="-27.020953333333335" lon="-48.577983333333336"><ele>64.2</ele></trkpt><trkpt lat="-27.020940000000003" lon="-48.577981666666666"><ele>64.9</ele></trkpt><trkpt lat="-27.020923333333332" lon="-48.57798"><ele>65.1</ele></trkpt><trkpt lat="-27.02090333333333" lon="-48.57797333333333"><ele>64.9</ele></trkpt><trkpt lat="-27.020888333333332" lon="-48.57797166666666"><ele>65</ele></trkpt><trkpt lat="-27.020876666666663" lon="-48.57797166666666"><ele>64.5</ele></trkpt><trkpt lat="-27.020860000000003" lon="-48.57797000000001"><ele>64.2</ele></trkpt><trkpt lat="-27.02084166666667" lon="-48.57797000000001"><ele>64.1</ele></trkpt><trkpt lat="-27.020825" lon="-48.57796666666666"><ele>64.1</ele></trkpt><trkpt lat="-27.02081333333333" lon="-48.57796666666666"><ele>63.6</ele></trkpt><trkpt lat="-27.020801666666664" lon="-48.57796833333334"><ele>63.1</ele></trkpt><trkpt lat="-27.020793333333337" lon="-48.57796666666666"><ele>62.9</ele></trkpt><trkpt lat="-27.020781666666668" lon="-48.57796499999999"><ele>63.2</ele></trkpt><trkpt lat="-27.020763333333335" lon="-48.57797166666666"><ele>63.1</ele></trkpt><trkpt lat="-27.020748333333337" lon="-48.57797166666666"><ele>63.3</ele></trkpt><trkpt lat="-27.020736666666668" lon="-48.57797166666666"><ele>63.6</ele></trkpt><trkpt lat="-27.02072333333333" lon="-48.57797000000001"><ele>63.6</ele></trkpt><trkpt lat="-27.020719999999997" lon="-48.57796499999999"><ele>63.4</ele></trkpt><trkpt lat="-27.020719999999997" lon="-48.57796"><ele>63.3</ele></trkpt><trkpt lat="-27.020718333333335" lon="-48.577955"><ele>63.5</ele></trkpt><trkpt lat="-27.020718333333335" lon="-48.57795333333333"><ele>63.4</ele></trkpt><trkpt lat="-27.020718333333335" lon="-48.577949999999994"><ele>63.1</ele></trkpt><trkpt lat="-27.020718333333335" lon="-48.577949999999994"><ele>63.1</ele></trkpt><trkpt lat="-27.020716666666665" lon="-48.577945"><ele>62.9</ele></trkpt><trkpt lat="-27.020715000000003" lon="-48.57794166666666"><ele>62.7</ele></trkpt><trkpt lat="-27.020716666666665" lon="-48.577936666666666"><ele>62.5</ele></trkpt><trkpt lat="-27.020711666666664" lon="-48.57793333333334"><ele>62.2</ele></trkpt><trkpt lat="-27.02070833333333" lon="-48.57793"><ele>62.3</ele></trkpt><trkpt lat="-27.02070833333333" lon="-48.57793"><ele>62.3</ele></trkpt><trkpt lat="-27.02070833333333" lon="-48.57793"><ele>62.3</ele></trkpt><trkpt lat="-27.02070833333333" lon="-48.57793"><ele>62.3</ele></trkpt><trkpt lat="-27.020701666666664" lon="-48.57793333333334"><ele>62.7</ele></trkpt><trkpt lat="-27.020705" lon="-48.577938333333336"><ele>62.7</ele></trkpt><trkpt lat="-27.020705" lon="-48.57794166666666"><ele>62.8</ele></trkpt><trkpt lat="-27.02070833333333" lon="-48.57794666666667"><ele>62.7</ele></trkpt><trkpt lat="-27.02071" lon="-48.577951666666664"><ele>62.5</ele></trkpt><trkpt lat="-27.02071" lon="-48.577951666666664"><ele>62.5</ele></trkpt><trkpt lat="-27.02071" lon="-48.577951666666664"><ele>62.5</ele></trkpt><trkpt lat="-27.02071" lon="-48.577951666666664"><ele>62.5</ele></trkpt><trkpt lat="-27.02071" lon="-48.577951666666664"><ele>62.5</ele></trkpt><trkpt lat="-27.02071" lon="-48.577951666666664"><ele>62.5</ele></trkpt><trkpt lat="-27.02071" lon="-48.577951666666664"><ele>62.5</ele></trkpt><trkpt lat="-27.02071" lon="-48.577951666666664"><ele>62.5</ele></trkpt><trkpt lat="-27.02071" lon="-48.577951666666664"><ele>62.5</ele></trkpt><trkpt lat="-27.02071" lon="-48.577951666666664"><ele>62.5</ele></trkpt><trkpt lat="-27.02071" lon="-48.577951666666664"><ele>62.5</ele></trkpt><trkpt lat="-27.02071" lon="-48.577951666666664"><ele>62.5</ele></trkpt><trkpt lat="-27.020731666666666" lon="-48.57796499999999"><ele>62.9</ele></trkpt><trkpt lat="-27.020745" lon="-48.57796833333334"><ele>62.9</ele></trkpt><trkpt lat="-27.02075166666667" lon="-48.57796833333334"><ele>62.8</ele></trkpt><trkpt lat="-27.020758333333333" lon="-48.57797000000001"><ele>62.9</ele></trkpt><trkpt lat="-27.020756666666664" lon="-48.57796833333334"><ele>62.9</ele></trkpt><trkpt lat="-27.020756666666664" lon="-48.57797000000001"><ele>63.2</ele></trkpt><trkpt lat="-27.02075333333333" lon="-48.57797166666666"><ele>63.5</ele></trkpt><trkpt lat="-27.02075" lon="-48.57797000000001"><ele>63.9</ele></trkpt><trkpt lat="-27.020748333333337" lon="-48.57796833333334"><ele>64.2</ele></trkpt><trkpt lat="-27.020746666666664" lon="-48.57797000000001"><ele>64.6</ele></trkpt><trkpt lat="-27.020745" lon="-48.57796833333334"><ele>65.1</ele></trkpt><trkpt lat="-27.020745" lon="-48.57796666666666"><ele>65.4</ele></trkpt><trkpt lat="-27.020743333333332" lon="-48.57796166666667"><ele>65.8</ele></trkpt><trkpt lat="-27.020743333333332" lon="-48.57796166666667"><ele>65.8</ele></trkpt><trkpt lat="-27.020743333333332" lon="-48.57796166666667"><ele>65.8</ele></trkpt><trkpt lat="-27.020743333333332" lon="-48.57796166666667"><ele>65.8</ele></trkpt><trkpt lat="-27.020743333333332" lon="-48.57796166666667"><ele>65.8</ele></trkpt><trkpt lat="-27.020743333333332" lon="-48.57796166666667"><ele>65.8</ele></trkpt><trkpt lat="-27.020743333333332" lon="-48.57796166666667"><ele>65.8</ele></trkpt><trkpt lat="-27.020743333333332" lon="-48.57796166666667"><ele>65.8</ele></trkpt><trkpt lat="-27.020743333333332" lon="-48.57796166666667"><ele>65.8</ele></trkpt><trkpt lat="-27.020743333333332" lon="-48.57796166666667"><ele>65.8</ele></trkpt><trkpt lat="-27.020743333333332" lon="-48.57796166666667"><ele>65.8</ele></trkpt><trkpt lat="-27.020743333333332" lon="-48.57796166666667"><ele>65.8</ele></trkpt><trkpt lat="-27.020743333333332" lon="-48.57796166666667"><ele>65.8</ele></trkpt><trkpt lat="-27.020743333333332" lon="-48.57796166666667"><ele>65.8</ele></trkpt><trkpt lat="-27.020743333333332" lon="-48.57796166666667"><ele>65.8</ele></trkpt><trkpt lat="-27.020743333333332" lon="-48.57796166666667"><ele>65.8</ele></trkpt><trkpt lat="-27.020743333333332" lon="-48.57796166666667"><ele>65.8</ele></trkpt><trkpt lat="-27.020743333333332" lon="-48.57796166666667"><ele>65.8</ele></trkpt><trkpt lat="-27.020743333333332" lon="-48.57796166666667"><ele>65.8</ele></trkpt><trkpt lat="-27.020743333333332" lon="-48.57796166666667"><ele>65.8</ele></trkpt><trkpt lat="-27.020743333333332" lon="-48.57796166666667"><ele>65.8</ele></trkpt><trkpt lat="-27.020743333333332" lon="-48.57796166666667"><ele>65.8</ele></trkpt><trkpt lat="-27.020743333333332" lon="-48.57796166666667"><ele>65.8</ele></trkpt><trkpt lat="-27.020743333333332" lon="-48.57796166666667"><ele>65.8</ele></trkpt><trkpt lat="-27.020743333333332" lon="-48.57796166666667"><ele>65.8</ele></trkpt><trkpt lat="-27.020743333333332" lon="-48.57796166666667"><ele>65.8</ele></trkpt><trkpt lat="-27.020743333333332" lon="-48.57796166666667"><ele>65.8</ele></trkpt><trkpt lat="-27.020743333333332" lon="-48.57796166666667"><ele>65.8</ele></trkpt><trkpt lat="-27.020743333333332" lon="-48.57796166666667"><ele>65.8</ele></trkpt><trkpt lat="-27.020743333333332" lon="-48.57796166666667"><ele>65.8</ele></trkpt><trkpt lat="-27.020743333333332" lon="-48.57796166666667"><ele>65.8</ele></trkpt><trkpt lat="-27.020743333333332" lon="-48.57796166666667"><ele>65.8</ele></trkpt><trkpt lat="-27.020743333333332" lon="-48.57796166666667"><ele>65.8</ele></trkpt><trkpt lat="-27.020743333333332" lon="-48.57796166666667"><ele>65.8</ele></trkpt><trkpt lat="-27.020743333333332" lon="-48.57796166666667"><ele>65.8</ele></trkpt><trkpt lat="-27.02073833333333" lon="-48.577955"><ele>67.2</ele></trkpt><trkpt lat="-27.020745" lon="-48.577951666666664"><ele>67.2</ele></trkpt><trkpt lat="-27.02075166666667" lon="-48.57795666666666"><ele>67.3</ele></trkpt><trkpt lat="-27.020755" lon="-48.57796"><ele>67.4</ele></trkpt><trkpt lat="-27.02075166666667" lon="-48.57796"><ele>67.4</ele></trkpt><trkpt lat="-27.020745" lon="-48.57795666666666"><ele>67.1</ele></trkpt><trkpt lat="-27.020745" lon="-48.57795666666666"><ele>66.8</ele></trkpt><trkpt lat="-27.020745" lon="-48.57795333333333"><ele>66.5</ele></trkpt><trkpt lat="-27.020746666666664" lon="-48.57794666666667"><ele>66.7</ele></trkpt><trkpt lat="-27.020743333333332" lon="-48.577945"><ele>66.8</ele></trkpt><trkpt lat="-27.020741666666662" lon="-48.57794666666667"><ele>66.8</ele></trkpt><trkpt lat="-27.020745" lon="-48.577938333333336"><ele>66.7</ele></trkpt><trkpt lat="-27.020745" lon="-48.577936666666666"><ele>66.7</ele></trkpt><trkpt lat="-27.020745" lon="-48.577936666666666"><ele>66.7</ele></trkpt><trkpt lat="-27.020745" lon="-48.577936666666666"><ele>66.7</ele></trkpt><trkpt lat="-27.020745" lon="-48.577936666666666"><ele>66.7</ele></trkpt><trkpt lat="-27.020745" lon="-48.577936666666666"><ele>66.7</ele></trkpt><trkpt lat="-27.020745" lon="-48.577936666666666"><ele>66.7</ele></trkpt><trkpt lat="-27.020745" lon="-48.577936666666666"><ele>66.7</ele></trkpt><trkpt lat="-27.020745" lon="-48.577936666666666"><ele>66.7</ele></trkpt><trkpt lat="-27.020745" lon="-48.577936666666666"><ele>66.7</ele></trkpt><trkpt lat="-27.020745" lon="-48.577936666666666"><ele>66.7</ele></trkpt><trkpt lat="-27.020745" lon="-48.577936666666666"><ele>66.7</ele></trkpt><trkpt lat="-27.020745" lon="-48.577936666666666"><ele>66.7</ele></trkpt><trkpt lat="-27.020745" lon="-48.577936666666666"><ele>66.7</ele></trkpt><trkpt lat="-27.020745" lon="-48.577936666666666"><ele>66.7</ele></trkpt><trkpt lat="-27.020713333333333" lon="-48.57797000000001"><ele>67</ele></trkpt><trkpt lat="-27.02070833333333" lon="-48.57796333333334"><ele>66.7</ele></trkpt><trkpt lat="-27.020701666666664" lon="-48.57796166666667"><ele>66.3</ele></trkpt><trkpt lat="-27.020696666666662" lon="-48.577949999999994"><ele>65.8</ele></trkpt><trkpt lat="-27.02069333333333" lon="-48.577940000000005"><ele>65.4</ele></trkpt><trkpt lat="-27.02069333333333" lon="-48.577940000000005"><ele>65.4</ele></trkpt><trkpt lat="-27.02069333333333" lon="-48.577940000000005"><ele>65.4</ele></trkpt><trkpt lat="-27.02069333333333" lon="-48.577940000000005"><ele>65.4</ele></trkpt><trkpt lat="-27.02069333333333" lon="-48.577940000000005"><ele>65.4</ele></trkpt><trkpt lat="-27.02069333333333" lon="-48.577940000000005"><ele>65.4</ele></trkpt><trkpt lat="-27.02069333333333" lon="-48.577940000000005"><ele>65.4</ele></trkpt><trkpt lat="-27.02069333333333" lon="-48.577940000000005"><ele>65.4</ele></trkpt><trkpt lat="-27.02069333333333" lon="-48.577940000000005"><ele>65.4</ele></trkpt><trkpt lat="-27.020701666666664" lon="-48.577940000000005"><ele>63.9</ele></trkpt><trkpt lat="-27.020703333333337" lon="-48.577940000000005"><ele>63.9</ele></trkpt><trkpt lat="-27.02070666666667" lon="-48.57794333333333"><ele>64</ele></trkpt><trkpt lat="-27.02070666666667" lon="-48.57794333333333"><ele>64</ele></trkpt><trkpt lat="-27.020698333333332" lon="-48.577935"><ele>64.1</ele></trkpt><trkpt lat="-27.020698333333332" lon="-48.577935"><ele>64.1</ele></trkpt><trkpt lat="-27.020698333333332" lon="-48.577935"><ele>64.1</ele></trkpt><trkpt lat="-27.020698333333332" lon="-48.577935"><ele>64.1</ele></trkpt><trkpt lat="-27.020698333333332" lon="-48.577935"><ele>64.1</ele></trkpt><trkpt lat="-27.020698333333332" lon="-48.577935"><ele>64.1</ele></trkpt><trkpt lat="-27.020698333333332" lon="-48.577935"><ele>64.1</ele></trkpt><trkpt lat="-27.020698333333332" lon="-48.577935"><ele>64.1</ele></trkpt><trkpt lat="-27.020698333333332" lon="-48.577935"><ele>64.1</ele></trkpt><trkpt lat="-27.020698333333332" lon="-48.577935"><ele>64.1</ele></trkpt><trkpt lat="-27.020698333333332" lon="-48.577935"><ele>64.1</ele></trkpt><trkpt lat="-27.020698333333332" lon="-48.577935"><ele>64.1</ele></trkpt><trkpt lat="-27.020698333333332" lon="-48.577935"><ele>64.1</ele></trkpt><trkpt lat="-27.020698333333332" lon="-48.577935"><ele>64.1</ele></trkpt><trkpt lat="-27.020698333333332" lon="-48.577935"><ele>64.1</ele></trkpt><trkpt lat="-27.020698333333332" lon="-48.577935"><ele>64.1</ele></trkpt><trkpt lat="-27.020698333333332" lon="-48.577935"><ele>64.1</ele></trkpt><trkpt lat="-27.020698333333332" lon="-48.577935"><ele>64.1</ele></trkpt><trkpt lat="-27.020698333333332" lon="-48.577935"><ele>64.1</ele></trkpt><trkpt lat="-27.020698333333332" lon="-48.577935"><ele>64.1</ele></trkpt><trkpt lat="-27.020698333333332" lon="-48.577935"><ele>64.1</ele></trkpt><trkpt lat="-27.020698333333332" lon="-48.577935"><ele>64.1</ele></trkpt><trkpt lat="-27.020698333333332" lon="-48.577935"><ele>64.1</ele></trkpt><trkpt lat="-27.020698333333332" lon="-48.577935"><ele>64.1</ele></trkpt><trkpt lat="-27.020698333333332" lon="-48.577935"><ele>64.1</ele></trkpt><trkpt lat="-27.020698333333332" lon="-48.577935"><ele>64.1</ele></trkpt><trkpt lat="-27.020698333333332" lon="-48.577935"><ele>64.1</ele></trkpt><trkpt lat="-27.020698333333332" lon="-48.577935"><ele>64.1</ele></trkpt><trkpt lat="-27.020698333333332" lon="-48.577935"><ele>64.1</ele></trkpt><trkpt lat="-27.020736666666668" lon="-48.577949999999994"><ele>64.3</ele></trkpt><trkpt lat="-27.020741666666662" lon="-48.577955"><ele>64.5</ele></trkpt><trkpt lat="-27.020735" lon="-48.57796"><ele>64.3</ele></trkpt><trkpt lat="-27.020736666666668" lon="-48.57796499999999"><ele>64.3</ele></trkpt><trkpt lat="-27.020735" lon="-48.57796666666666"><ele>64.2</ele></trkpt><trkpt lat="-27.020735" lon="-48.57797166666666"><ele>64.3</ele></trkpt><trkpt lat="-27.020736666666668" lon="-48.57797333333333"><ele>64.4</ele></trkpt><trkpt lat="-27.02073833333333" lon="-48.57797166666666"><ele>64.5</ele></trkpt><trkpt lat="-27.020728333333334" lon="-48.57797000000001"><ele>64.4</ele></trkpt><trkpt lat="-27.020719999999997" lon="-48.577975"><ele>65.1</ele></trkpt><trkpt lat="-27.02071" lon="-48.57797333333333"><ele>65.5</ele></trkpt><trkpt lat="-27.020703333333337" lon="-48.57797000000001"><ele>65.6</ele></trkpt><trkpt lat="-27.020695" lon="-48.57797166666666"><ele>65.7</ele></trkpt><trkpt lat="-27.020695" lon="-48.57797166666666"><ele>65.9</ele></trkpt><trkpt lat="-27.020691666666668" lon="-48.57797166666666"><ele>66</ele></trkpt><trkpt lat="-27.020686666666666" lon="-48.57797166666666"><ele>66.1</ele></trkpt><trkpt lat="-27.020683333333334" lon="-48.57797000000001"><ele>66.2</ele></trkpt><trkpt lat="-27.020681666666665" lon="-48.57797166666666"><ele>66.3</ele></trkpt><trkpt lat="-27.020683333333334" lon="-48.57797333333333"><ele>66.4</ele></trkpt><trkpt lat="-27.020686666666666" lon="-48.57797166666666"><ele>66.5</ele></trkpt><trkpt lat="-27.020685000000004" lon="-48.57797166666666"><ele>66.5</ele></trkpt><trkpt lat="-27.020685000000004" lon="-48.57797000000001"><ele>66.4</ele></trkpt><trkpt lat="-27.020685000000004" lon="-48.57797000000001"><ele>66.3</ele></trkpt><trkpt lat="-27.020685000000004" lon="-48.57797000000001"><ele>66.3</ele></trkpt><trkpt lat="-27.020685000000004" lon="-48.57797000000001"><ele>66.2</ele></trkpt><trkpt lat="-27.020685000000004" lon="-48.57797000000001"><ele>66.2</ele></trkpt><trkpt lat="-27.020685000000004" lon="-48.57797000000001"><ele>66.2</ele></trkpt><trkpt lat="-27.020685000000004" lon="-48.57797000000001"><ele>66.2</ele></trkpt><trkpt lat="-27.020685000000004" lon="-48.57797000000001"><ele>66.2</ele></trkpt><trkpt lat="-27.020685000000004" lon="-48.57797000000001"><ele>66.2</ele></trkpt><trkpt lat="-27.020685000000004" lon="-48.57797000000001"><ele>66.2</ele></trkpt><trkpt lat="-27.020685000000004" lon="-48.57797000000001"><ele>66.2</ele></trkpt><trkpt lat="-27.020685000000004" lon="-48.57797000000001"><ele>66.2</ele></trkpt><trkpt lat="-27.020685000000004" lon="-48.57797000000001"><ele>66.2</ele></trkpt><trkpt lat="-27.020685000000004" lon="-48.57797000000001"><ele>66.2</ele></trkpt><trkpt lat="-27.020685000000004" lon="-48.57797000000001"><ele>66.2</ele></trkpt><trkpt lat="-27.020685000000004" lon="-48.57797000000001"><ele>66.2</ele></trkpt><trkpt lat="-27.020685000000004" lon="-48.57797000000001"><ele>66.2</ele></trkpt><trkpt lat="-27.020685000000004" lon="-48.57797000000001"><ele>66.2</ele></trkpt><trkpt lat="-27.020685000000004" lon="-48.57797000000001"><ele>66.2</ele></trkpt><trkpt lat="-27.020685000000004" lon="-48.57797000000001"><ele>66.2</ele></trkpt><trkpt lat="-27.020685000000004" lon="-48.57797000000001"><ele>66.2</ele></trkpt><trkpt lat="-27.020685000000004" lon="-48.57797000000001"><ele>66.2</ele></trkpt><trkpt lat="-27.020685000000004" lon="-48.57797000000001"><ele>66.2</ele></trkpt><trkpt lat="-27.020685000000004" lon="-48.57797000000001"><ele>66.2</ele></trkpt><trkpt lat="-27.020685000000004" lon="-48.57797000000001"><ele>66.2</ele></trkpt><trkpt lat="-27.020685000000004" lon="-48.57797000000001"><ele>66.2</ele></trkpt><trkpt lat="-27.020685000000004" lon="-48.57797000000001"><ele>66.2</ele></trkpt><trkpt lat="-27.020685000000004" lon="-48.57797000000001"><ele>66.2</ele></trkpt><trkpt lat="-27.020685000000004" lon="-48.57797000000001"><ele>66.2</ele></trkpt><trkpt lat="-27.020685000000004" lon="-48.57797000000001"><ele>66.2</ele></trkpt><trkpt lat="-27.020685000000004" lon="-48.57797000000001"><ele>66.2</ele></trkpt><trkpt lat="-27.020685000000004" lon="-48.57797000000001"><ele>66.2</ele></trkpt><trkpt lat="-27.020685000000004" lon="-48.57797000000001"><ele>66.2</ele></trkpt><trkpt lat="-27.020685000000004" lon="-48.57797000000001"><ele>66.2</ele></trkpt><trkpt lat="-27.020685000000004" lon="-48.57797000000001"><ele>66.2</ele></trkpt><trkpt lat="-27.020685000000004" lon="-48.57797000000001"><ele>66.2</ele></trkpt><trkpt lat="-27.020685000000004" lon="-48.57797000000001"><ele>66.2</ele></trkpt><trkpt lat="-27.020685000000004" lon="-48.57797000000001"><ele>66.2</ele></trkpt><trkpt lat="-27.020685000000004" lon="-48.57797000000001"><ele>66.2</ele></trkpt><trkpt lat="-27.020685000000004" lon="-48.57797000000001"><ele>66.2</ele></trkpt><trkpt lat="-27.020685000000004" lon="-48.57797000000001"><ele>66.2</ele></trkpt><trkpt lat="-27.020685000000004" lon="-48.57797000000001"><ele>66.2</ele></trkpt><trkpt lat="-27.020685000000004" lon="-48.57797000000001"><ele>66.2</ele></trkpt><trkpt lat="-27.020685000000004" lon="-48.57797000000001"><ele>66.2</ele></trkpt><trkpt lat="-27.020685000000004" lon="-48.57797000000001"><ele>66.2</ele></trkpt><trkpt lat="-27.020685000000004" lon="-48.57797000000001"><ele>66.2</ele></trkpt><trkpt lat="-27.020685000000004" lon="-48.57797000000001"><ele>66.2</ele></trkpt><trkpt lat="-27.020685000000004" lon="-48.57797000000001"><ele>66.2</ele></trkpt><trkpt lat="-27.020685000000004" lon="-48.57797000000001"><ele>66.2</ele></trkpt><trkpt lat="-27.020685000000004" lon="-48.57797000000001"><ele>66.2</ele></trkpt><trkpt lat="-27.020685000000004" lon="-48.57797000000001"><ele>66.2</ele></trkpt><trkpt lat="-27.020685000000004" lon="-48.57797000000001"><ele>66.2</ele></trkpt><trkpt lat="-27.020685000000004" lon="-48.57797000000001"><ele>66.2</ele></trkpt><trkpt lat="-27.020685000000004" lon="-48.57797000000001"><ele>66.2</ele></trkpt><trkpt lat="-27.020685000000004" lon="-48.57797000000001"><ele>66.2</ele></trkpt><trkpt lat="-27.020685000000004" lon="-48.57797000000001"><ele>66.2</ele></trkpt><trkpt lat="-27.020685000000004" lon="-48.57797000000001"><ele>66.2</ele></trkpt><trkpt lat="-27.020685000000004" lon="-48.57797000000001"><ele>66.2</ele></trkpt><trkpt lat="-27.020685000000004" lon="-48.57797000000001"><ele>66.2</ele></trkpt><trkpt lat="-27.020685000000004" lon="-48.57797000000001"><ele>66.2</ele></trkpt><trkpt lat="-27.020685000000004" lon="-48.57797000000001"><ele>66.2</ele></trkpt><trkpt lat="-27.020685000000004" lon="-48.57797000000001"><ele>66.2</ele></trkpt><trkpt lat="-27.020685000000004" lon="-48.57797000000001"><ele>66.2</ele></trkpt><trkpt lat="-27.020685000000004" lon="-48.57797000000001"><ele>66.2</ele></trkpt><trkpt lat="-27.020685000000004" lon="-48.57797000000001"><ele>66.2</ele></trkpt><trkpt lat="-27.020685000000004" lon="-48.57797000000001"><ele>66.2</ele></trkpt><trkpt lat="-27.020685000000004" lon="-48.57797000000001"><ele>66.2</ele></trkpt><trkpt lat="-27.020685000000004" lon="-48.57797000000001"><ele>66.2</ele></trkpt><trkpt lat="-27.020685000000004" lon="-48.57797000000001"><ele>66.2</ele></trkpt><trkpt lat="-27.020685000000004" lon="-48.57797000000001"><ele>66.2</ele></trkpt><trkpt lat="-27.020685000000004" lon="-48.57797000000001"><ele>66.2</ele></trkpt><trkpt lat="-27.020685000000004" lon="-48.57797000000001"><ele>66.2</ele></trkpt><trkpt lat="-27.020685000000004" lon="-48.57797000000001"><ele>66.2</ele></trkpt><trkpt lat="-27.020685000000004" lon="-48.57797000000001"><ele>66.2</ele></trkpt><trkpt lat="-27.020685000000004" lon="-48.57797000000001"><ele>66.2</ele></trkpt><trkpt lat="-27.020685000000004" lon="-48.57797000000001"><ele>66.2</ele></trkpt><trkpt lat="-27.020685000000004" lon="-48.57797000000001"><ele>66.2</ele></trkpt><trkpt lat="-27.020685000000004" lon="-48.57797000000001"><ele>66.2</ele></trkpt><trkpt lat="-27.020685000000004" lon="-48.57797000000001"><ele>66.2</ele></trkpt><trkpt lat="-27.020685000000004" lon="-48.57797000000001"><ele>66.2</ele></trkpt><trkpt lat="-27.020685000000004" lon="-48.57797000000001"><ele>66.2</ele></trkpt><trkpt lat="-27.020685000000004" lon="-48.57797000000001"><ele>66.2</ele></trkpt><trkpt lat="-27.020685000000004" lon="-48.57797000000001"><ele>66.2</ele></trkpt><trkpt lat="-27.020685000000004" lon="-48.57797000000001"><ele>66.2</ele></trkpt><trkpt lat="-27.020685000000004" lon="-48.57797000000001"><ele>66.2</ele></trkpt><trkpt lat="-27.020741666666662" lon="-48.577936666666666"><ele>62.2</ele></trkpt><trkpt lat="-27.020743333333332" lon="-48.577938333333336"><ele>61.8</ele></trkpt><trkpt lat="-27.020741666666662" lon="-48.577936666666666"><ele>61.4</ele></trkpt><trkpt lat="-27.020741666666662" lon="-48.577936666666666"><ele>61.4</ele></trkpt><trkpt lat="-27.020741666666662" lon="-48.577936666666666"><ele>61</ele></trkpt><trkpt lat="-27.020741666666662" lon="-48.577936666666666"><ele>61</ele></trkpt><trkpt lat="-27.020741666666662" lon="-48.577936666666666"><ele>61</ele></trkpt><trkpt lat="-27.020741666666662" lon="-48.577936666666666"><ele>61</ele></trkpt><trkpt lat="-27.020741666666662" lon="-48.577936666666666"><ele>61</ele></trkpt><trkpt lat="-27.020741666666662" lon="-48.577936666666666"><ele>61</ele></trkpt><trkpt lat="-27.020741666666662" lon="-48.577936666666666"><ele>61</ele></trkpt><trkpt lat="-27.020741666666662" lon="-48.577936666666666"><ele>61</ele></trkpt><trkpt lat="-27.020741666666662" lon="-48.577936666666666"><ele>61</ele></trkpt><trkpt lat="-27.020741666666662" lon="-48.577936666666666"><ele>61</ele></trkpt><trkpt lat="-27.020741666666662" lon="-48.577936666666666"><ele>61</ele></trkpt><trkpt lat="-27.020741666666662" lon="-48.577936666666666"><ele>61</ele></trkpt><trkpt lat="-27.020741666666662" lon="-48.577936666666666"><ele>61</ele></trkpt><trkpt lat="-27.020741666666662" lon="-48.577936666666666"><ele>61</ele></trkpt><trkpt lat="-27.020741666666662" lon="-48.577936666666666"><ele>61</ele></trkpt><trkpt lat="-27.020741666666662" lon="-48.577936666666666"><ele>61</ele></trkpt><trkpt lat="-27.020741666666662" lon="-48.577936666666666"><ele>61</ele></trkpt><trkpt lat="-27.020741666666662" lon="-48.577936666666666"><ele>61</ele></trkpt><trkpt lat="-27.020741666666662" lon="-48.577936666666666"><ele>61</ele></trkpt><trkpt lat="-27.020741666666662" lon="-48.577936666666666"><ele>61</ele></trkpt><trkpt lat="-27.020741666666662" lon="-48.577936666666666"><ele>61</ele></trkpt><trkpt lat="-27.020741666666662" lon="-48.577936666666666"><ele>61</ele></trkpt><trkpt lat="-27.020741666666662" lon="-48.577936666666666"><ele>61</ele></trkpt><trkpt lat="-27.020741666666662" lon="-48.577936666666666"><ele>61</ele></trkpt><trkpt lat="-27.020741666666662" lon="-48.577936666666666"><ele>61</ele></trkpt><trkpt lat="-27.020741666666662" lon="-48.577936666666666"><ele>61</ele></trkpt><trkpt lat="-27.020741666666662" lon="-48.577936666666666"><ele>61</ele></trkpt><trkpt lat="-27.020741666666662" lon="-48.577936666666666"><ele>61</ele></trkpt><trkpt lat="-27.020741666666662" lon="-48.577936666666666"><ele>61</ele></trkpt><trkpt lat="-27.020741666666662" lon="-48.577936666666666"><ele>61</ele></trkpt><trkpt lat="-27.020741666666662" lon="-48.577936666666666"><ele>61</ele></trkpt><trkpt lat="-27.020741666666662" lon="-48.577936666666666"><ele>61</ele></trkpt><trkpt lat="-27.020741666666662" lon="-48.577936666666666"><ele>61</ele></trkpt><trkpt lat="-27.020741666666662" lon="-48.577936666666666"><ele>61</ele></trkpt><trkpt lat="-27.020741666666662" lon="-48.577936666666666"><ele>61</ele></trkpt><trkpt lat="-27.020741666666662" lon="-48.577936666666666"><ele>61</ele></trkpt><trkpt lat="-27.020741666666662" lon="-48.577936666666666"><ele>61</ele></trkpt><trkpt lat="-27.020741666666662" lon="-48.577936666666666"><ele>61</ele></trkpt><trkpt lat="-27.020741666666662" lon="-48.577936666666666"><ele>61</ele></trkpt><trkpt lat="-27.020741666666662" lon="-48.577936666666666"><ele>61</ele></trkpt><trkpt lat="-27.020741666666662" lon="-48.577936666666666"><ele>61</ele></trkpt><trkpt lat="-27.020741666666662" lon="-48.577936666666666"><ele>61</ele></trkpt><trkpt lat="-27.020741666666662" lon="-48.577936666666666"><ele>61</ele></trkpt><trkpt lat="-27.020741666666662" lon="-48.577936666666666"><ele>61</ele></trkpt><trkpt lat="-27.020741666666662" lon="-48.577936666666666"><ele>61</ele></trkpt><trkpt lat="-27.020741666666662" lon="-48.577936666666666"><ele>61</ele></trkpt><trkpt lat="-27.020741666666662" lon="-48.577936666666666"><ele>61</ele></trkpt><trkpt lat="-27.020741666666662" lon="-48.577936666666666"><ele>61</ele></trkpt><trkpt lat="-27.020741666666662" lon="-48.577936666666666"><ele>61</ele></trkpt><trkpt lat="-27.020741666666662" lon="-48.577936666666666"><ele>61</ele></trkpt><trkpt lat="-27.020741666666662" lon="-48.577936666666666"><ele>61</ele></trkpt><trkpt lat="-27.020741666666662" lon="-48.577936666666666"><ele>61</ele></trkpt><trkpt lat="-27.020741666666662" lon="-48.577936666666666"><ele>61</ele></trkpt><trkpt lat="-27.020741666666662" lon="-48.577936666666666"><ele>61</ele></trkpt><trkpt lat="-27.020741666666662" lon="-48.577936666666666"><ele>61</ele></trkpt><trkpt lat="-27.020741666666662" lon="-48.577936666666666"><ele>61</ele></trkpt><trkpt lat="-27.020741666666662" lon="-48.577936666666666"><ele>61</ele></trkpt><trkpt lat="-27.020741666666662" lon="-48.577936666666666"><ele>61</ele></trkpt><trkpt lat="-27.020741666666662" lon="-48.577936666666666"><ele>61</ele></trkpt><trkpt lat="-27.020741666666662" lon="-48.577936666666666"><ele>61</ele></trkpt><trkpt lat="-27.020741666666662" lon="-48.577936666666666"><ele>61</ele></trkpt><trkpt lat="-27.020741666666662" lon="-48.577936666666666"><ele>61</ele></trkpt><trkpt lat="-27.020741666666662" lon="-48.577936666666666"><ele>61</ele></trkpt><trkpt lat="-27.020741666666662" lon="-48.577936666666666"><ele>61</ele></trkpt><trkpt lat="-27.020741666666662" lon="-48.577936666666666"><ele>61</ele></trkpt><trkpt lat="-27.020743333333332" lon="-48.577945"><ele>62.8</ele></trkpt><trkpt lat="-27.020748333333337" lon="-48.577945"><ele>62.7</ele></trkpt><trkpt lat="-27.020755" lon="-48.57794833333334"><ele>62.6</ele></trkpt><trkpt lat="-27.020758333333333" lon="-48.57796"><ele>62.6</ele></trkpt><trkpt lat="-27.020764999999997" lon="-48.57796833333334"><ele>63</ele></trkpt><trkpt lat="-27.020766666666667" lon="-48.57797833333334"><ele>63.7</ele></trkpt><trkpt lat="-27.020764999999997" lon="-48.577981666666666"><ele>63.9</ele></trkpt><trkpt lat="-27.02075166666667" lon="-48.57798"><ele>63.8</ele></trkpt><trkpt lat="-27.020736666666668" lon="-48.57798"><ele>64.2</ele></trkpt><trkpt lat="-27.020716666666665" lon="-48.57797833333334"><ele>64.7</ele></trkpt><trkpt lat="-27.020701666666664" lon="-48.57797833333334"><ele>64.3</ele></trkpt><trkpt lat="-27.020698333333332" lon="-48.57797666666667"><ele>64.4</ele></trkpt><trkpt lat="-27.020695" lon="-48.57797666666667"><ele>64.6</ele></trkpt><trkpt lat="-27.02069" lon="-48.57797333333333"><ele>63.8</ele></trkpt><trkpt lat="-27.020688333333336" lon="-48.57797000000001"><ele>63.8</ele></trkpt><trkpt lat="-27.02069" lon="-48.57796499999999"><ele>63.3</ele></trkpt><trkpt lat="-27.020696666666662" lon="-48.57796499999999"><ele>63.4</ele></trkpt><trkpt lat="-27.020701666666664" lon="-48.57796666666666"><ele>63.4</ele></trkpt><trkpt lat="-27.020705" lon="-48.57796666666666"><ele>63.1</ele></trkpt><trkpt lat="-27.020703333333337" lon="-48.57796666666666"><ele>62.8</ele></trkpt><trkpt lat="-27.020703333333337" lon="-48.57796666666666"><ele>62.8</ele></trkpt><trkpt lat="-27.020703333333337" lon="-48.57796666666666"><ele>62.8</ele></trkpt><trkpt lat="-27.020703333333337" lon="-48.57796666666666"><ele>62.8</ele></trkpt><trkpt lat="-27.020703333333337" lon="-48.57796666666666"><ele>62.8</ele></trkpt><trkpt lat="-27.020685000000004" lon="-48.577940000000005"><ele>64</ele></trkpt><trkpt lat="-27.02067833333333" lon="-48.577935"><ele>64.6</ele></trkpt><trkpt lat="-27.020665" lon="-48.57793333333334"><ele>65</ele></trkpt><trkpt lat="-27.020646666666668" lon="-48.57793333333334"><ele>65.3</ele></trkpt><trkpt lat="-27.020626666666665" lon="-48.57793333333334"><ele>65.4</ele></trkpt><trkpt lat="-27.020606666666662" lon="-48.577935"><ele>65.6</ele></trkpt><trkpt lat="-27.020586666666667" lon="-48.57793333333334"><ele>66</ele></trkpt><trkpt lat="-27.020565" lon="-48.577935"><ele>66.5</ele></trkpt><trkpt lat="-27.020545000000002" lon="-48.57793166666667"><ele>67.1</ele></trkpt><trkpt lat="-27.020521666666664" lon="-48.57792500000001"><ele>66.7</ele></trkpt><trkpt lat="-27.020496666666666" lon="-48.57792166666666"><ele>66.7</ele></trkpt><trkpt lat="-27.02047333333333" lon="-48.57792166666666"><ele>65.9</ele></trkpt><trkpt lat="-27.020463333333335" lon="-48.57792333333334"><ele>65.9</ele></trkpt><trkpt lat="-27.020445000000002" lon="-48.577918333333336"><ele>65.7</ele></trkpt><trkpt lat="-27.02042333333333" lon="-48.577915"><ele>65.5</ele></trkpt><trkpt lat="-27.020400000000002" lon="-48.57791666666667"><ele>64.9</ele></trkpt><trkpt lat="-27.020385" lon="-48.57791999999999"><ele>64</ele></trkpt><trkpt lat="-27.020373333333335" lon="-48.57792333333334"><ele>63.9</ele></trkpt><trkpt lat="-27.020373333333335" lon="-48.57792333333334"><ele>63.9</ele></trkpt><trkpt lat="-27.020365" lon="-48.57792833333333"><ele>64</ele></trkpt><trkpt lat="-27.020356666666665" lon="-48.57792833333333"><ele>64.6</ele></trkpt><trkpt lat="-27.02034833333333" lon="-48.57792833333333"><ele>65</ele></trkpt><trkpt lat="-27.02033666666667" lon="-48.57792833333333"><ele>65.5</ele></trkpt><trkpt lat="-27.02031833333333" lon="-48.57793166666667"><ele>65.4</ele></trkpt><trkpt lat="-27.020298333333336" lon="-48.577940000000005"><ele>65.2</ele></trkpt><trkpt lat="-27.02027666666667" lon="-48.577935"><ele>66.5</ele></trkpt><trkpt lat="-27.020255" lon="-48.57795833333333"><ele>66.2</ele></trkpt><trkpt lat="-27.02023" lon="-48.577985000000005"><ele>66.3</ele></trkpt><trkpt lat="-27.02019833333333" lon="-48.57801166666666"><ele>66.2</ele></trkpt><trkpt lat="-27.020165" lon="-48.57804333333333"><ele>66.2</ele></trkpt><trkpt lat="-27.020128333333332" lon="-48.57807833333333"><ele>66</ele></trkpt><trkpt lat="-27.020095" lon="-48.578118333333336"><ele>65.9</ele></trkpt><trkpt lat="-27.020053333333333" lon="-48.578163333333336"><ele>65.6</ele></trkpt><trkpt lat="-27.020011666666665" lon="-48.57820333333334"><ele>65.1</ele></trkpt><trkpt lat="-27.019968333333335" lon="-48.57824000000001"><ele>65</ele></trkpt><trkpt lat="-27.01993" lon="-48.57827"><ele>65.1</ele></trkpt><trkpt lat="-27.019896666666668" lon="-48.57829666666667"><ele>64.6</ele></trkpt><trkpt lat="-27.019866666666665" lon="-48.57832499999999"><ele>64.5</ele></trkpt><trkpt lat="-27.019848333333336" lon="-48.57835333333334"><ele>63.8</ele></trkpt><trkpt lat="-27.019819999999996" lon="-48.57838666666667"><ele>63.2</ele></trkpt><trkpt lat="-27.019788333333334" lon="-48.57841166666667"><ele>61.8</ele></trkpt><trkpt lat="-27.01975333333333" lon="-48.578435000000006"><ele>60.6</ele></trkpt><trkpt lat="-27.019725" lon="-48.57845999999999"><ele>59.4</ele></trkpt><trkpt lat="-27.019705" lon="-48.57847833333334"><ele>58.7</ele></trkpt><trkpt lat="-27.019701666666666" lon="-48.57848166666666"><ele>58.1</ele></trkpt><trkpt lat="-27.019693333333333" lon="-48.578489999999995"><ele>56.8</ele></trkpt><trkpt lat="-27.019686666666665" lon="-48.578495000000004"><ele>55.2</ele></trkpt><trkpt lat="-27.019683333333333" lon="-48.57850333333334"><ele>54.6</ele></trkpt><trkpt lat="-27.019681666666663" lon="-48.57850333333334"><ele>53.7</ele></trkpt><trkpt lat="-27.019681666666663" lon="-48.57850333333334"><ele>53.1</ele></trkpt><trkpt lat="-27.01968" lon="-48.57850499999999"><ele>52.7</ele></trkpt><trkpt lat="-27.01968" lon="-48.57850499999999"><ele>52.7</ele></trkpt><trkpt lat="-27.01967833333333" lon="-48.57850833333334"><ele>52.5</ele></trkpt><trkpt lat="-27.019681666666663" lon="-48.57851000000001"><ele>51.8</ele></trkpt><trkpt lat="-27.019681666666663" lon="-48.57851333333333"><ele>51.4</ele></trkpt><trkpt lat="-27.01967833333333" lon="-48.57851666666667"><ele>51.5</ele></trkpt><trkpt lat="-27.01967833333333" lon="-48.57851666666667"><ele>51.5</ele></trkpt><trkpt lat="-27.019675" lon="-48.57852"><ele>51.5</ele></trkpt><trkpt lat="-27.019675" lon="-48.57852166666667"><ele>51.6</ele></trkpt><trkpt lat="-27.019675" lon="-48.57852166666667"><ele>51.6</ele></trkpt><trkpt lat="-27.01967666666667" lon="-48.57852"><ele>52.2</ele></trkpt><trkpt lat="-27.019673333333337" lon="-48.57852"><ele>52.2</ele></trkpt><trkpt lat="-27.019673333333337" lon="-48.57852"><ele>52.2</ele></trkpt><trkpt lat="-27.019669999999998" lon="-48.57852666666666"><ele>52.5</ele></trkpt><trkpt lat="-27.019658333333336" lon="-48.578538333333334"><ele>52.7</ele></trkpt><trkpt lat="-27.019645" lon="-48.578556666666664"><ele>53.3</ele></trkpt><trkpt lat="-27.019628333333337" lon="-48.57857666666667"><ele>53.5</ele></trkpt><trkpt lat="-27.019628333333337" lon="-48.57857666666667"><ele>53.5</ele></trkpt><trkpt lat="-27.019596666666665" lon="-48.57859499999999"><ele>52.8</ele></trkpt><trkpt lat="-27.019571666666668" lon="-48.57862166666667"><ele>52.7</ele></trkpt><trkpt lat="-27.019548333333333" lon="-48.57865"><ele>52.7</ele></trkpt><trkpt lat="-27.019518333333334" lon="-48.57868"><ele>52.6</ele></trkpt><trkpt lat="-27.019490000000005" lon="-48.578714999999995"><ele>52.5</ele></trkpt><trkpt lat="-27.019470000000002" lon="-48.578736666666664"><ele>52.6</ele></trkpt><trkpt lat="-27.019463333333338" lon="-48.57874166666667"><ele>52.5</ele></trkpt><trkpt lat="-27.019455" lon="-48.57875333333333"><ele>52.2</ele></trkpt><trkpt lat="-27.019441666666662" lon="-48.57875666666667"><ele>52.2</ele></trkpt><trkpt lat="-27.01944" lon="-48.578759999999996"><ele>51.6</ele></trkpt><trkpt lat="-27.019446666666667" lon="-48.578759999999996"><ele>51.3</ele></trkpt><trkpt lat="-27.019446666666667" lon="-48.578759999999996"><ele>51.3</ele></trkpt><trkpt lat="-27.019445000000005" lon="-48.578763333333335"><ele>51.1</ele></trkpt><trkpt lat="-27.019446666666667" lon="-48.578765000000004"><ele>51.5</ele></trkpt><trkpt lat="-27.01945" lon="-48.57876833333333"><ele>51.7</ele></trkpt><trkpt lat="-27.01945166666667" lon="-48.57876833333333"><ele>51.7</ele></trkpt><trkpt lat="-27.01945166666667" lon="-48.57876833333333"><ele>51.5</ele></trkpt><trkpt lat="-27.01945166666667" lon="-48.57876833333333"><ele>51.5</ele></trkpt><trkpt lat="-27.01945333333333" lon="-48.578765000000004"><ele>51.1</ele></trkpt><trkpt lat="-27.019458333333333" lon="-48.578763333333335"><ele>50.8</ele></trkpt><trkpt lat="-27.019458333333333" lon="-48.578763333333335"><ele>50.8</ele></trkpt><trkpt lat="-27.01946666666667" lon="-48.578765000000004"><ele>49.7</ele></trkpt><trkpt lat="-27.019458333333333" lon="-48.57877499999999"><ele>49.1</ele></trkpt><trkpt lat="-27.019448333333337" lon="-48.57878833333333"><ele>48.3</ele></trkpt><trkpt lat="-27.019426666666664" lon="-48.57881166666666"><ele>48.8</ele></trkpt><trkpt lat="-27.019396666666662" lon="-48.578835"><ele>49.5</ele></trkpt><trkpt lat="-27.019375" lon="-48.57885833333333"><ele>48.9</ele></trkpt><trkpt lat="-27.019341666666666" lon="-48.57888333333334"><ele>49.1</ele></trkpt><trkpt lat="-27.019313333333336" lon="-48.57890333333333"><ele>49.7</ele></trkpt><trkpt lat="-27.019276666666663" lon="-48.57893333333333"><ele>50.2</ele></trkpt><trkpt lat="-27.019233333333332" lon="-48.57897"><ele>50.6</ele></trkpt><trkpt lat="-27.019195" lon="-48.578998333333324"><ele>50.6</ele></trkpt><trkpt lat="-27.019173333333335" lon="-48.579025"><ele>50.2</ele></trkpt><trkpt lat="-27.01915" lon="-48.579044999999994"><ele>49.9</ele></trkpt><trkpt lat="-27.019118333333335" lon="-48.579080000000005"><ele>50.2</ele></trkpt><trkpt lat="-27.019091666666668" lon="-48.57911166666666"><ele>50.6</ele></trkpt><trkpt lat="-27.019086666666666" lon="-48.57911666666667"><ele>50.9</ele></trkpt><trkpt lat="-27.01906333333333" lon="-48.579123333333335"><ele>53</ele></trkpt><trkpt lat="-27.019031666666667" lon="-48.579134999999994"><ele>54.1</ele></trkpt><trkpt lat="-27.019013333333337" lon="-48.579133333333324"><ele>53.7</ele></trkpt><trkpt lat="-27.019001666666668" lon="-48.579134999999994"><ele>53.7</ele></trkpt><trkpt lat="-27.019001666666668" lon="-48.579134999999994"><ele>53.7</ele></trkpt><trkpt lat="-27.018998333333336" lon="-48.57913166666667"><ele>53.8</ele></trkpt><trkpt lat="-27.018993333333334" lon="-48.579133333333324"><ele>53.4</ele></trkpt><trkpt lat="-27.01898833333333" lon="-48.579134999999994"><ele>52.9</ele></trkpt><trkpt lat="-27.018984999999997" lon="-48.57914000000001"><ele>52.1</ele></trkpt><trkpt lat="-27.018981666666665" lon="-48.57915666666666"><ele>51.6</ele></trkpt><trkpt lat="-27.01897333333333" lon="-48.57917333333333"><ele>51</ele></trkpt><trkpt lat="-27.018948333333334" lon="-48.57919666666667"><ele>50.2</ele></trkpt><trkpt lat="-27.01891666666667" lon="-48.579224999999994"><ele>49.4</ele></trkpt><trkpt lat="-27.01888333333333" lon="-48.57924833333333"><ele>49.2</ele></trkpt><trkpt lat="-27.018843333333333" lon="-48.57927500000001"><ele>49</ele></trkpt><trkpt lat="-27.018843333333333" lon="-48.57927500000001"><ele>49</ele></trkpt><trkpt lat="-27.01879" lon="-48.579313333333324"><ele>48.6</ele></trkpt><trkpt lat="-27.01873833333333" lon="-48.57935166666666"><ele>48.3</ele></trkpt><trkpt lat="-27.01869" lon="-48.57938833333333"><ele>48</ele></trkpt><trkpt lat="-27.018636666666666" lon="-48.57942333333334"><ele>47.6</ele></trkpt><trkpt lat="-27.018578333333334" lon="-48.579458333333335"><ele>47.2</ele></trkpt><trkpt lat="-27.01852333333333" lon="-48.579493333333325"><ele>46.9</ele></trkpt><trkpt lat="-27.018463333333337" lon="-48.57952"><ele>46.7</ele></trkpt><trkpt lat="-27.018413333333335" lon="-48.579548333333335"><ele>46.2</ele></trkpt><trkpt lat="-27.01836166666667" lon="-48.579573333333336"><ele>46.3</ele></trkpt><trkpt lat="-27.018328333333336" lon="-48.579591666666666"><ele>46.1</ele></trkpt><trkpt lat="-27.018296666666668" lon="-48.57960500000001"><ele>46.1</ele></trkpt><trkpt lat="-27.018269999999998" lon="-48.579615"><ele>45.9</ele></trkpt><trkpt lat="-27.018246666666663" lon="-48.579616666666666"><ele>45.8</ele></trkpt><trkpt lat="-27.018221666666665" lon="-48.579615"><ele>45.7</ele></trkpt><trkpt lat="-27.01819833333333" lon="-48.579616666666666"><ele>45</ele></trkpt><trkpt lat="-27.018174999999996" lon="-48.57961333333333"><ele>44.4</ele></trkpt><trkpt lat="-27.018156666666663" lon="-48.57961166666667"><ele>43.7</ele></trkpt><trkpt lat="-27.018125" lon="-48.57960833333333"><ele>43.5</ele></trkpt><trkpt lat="-27.018096666666665" lon="-48.57959833333333"><ele>42.7</ele></trkpt><trkpt lat="-27.018065" lon="-48.57960666666666"><ele>42</ele></trkpt><trkpt lat="-27.01803166666667" lon="-48.579615"><ele>42</ele></trkpt><trkpt lat="-27.018008333333334" lon="-48.579618333333336"><ele>42.5</ele></trkpt><trkpt lat="-27.017979999999998" lon="-48.57962166666666"><ele>43.1</ele></trkpt><trkpt lat="-27.017963333333334" lon="-48.579620000000006"><ele>44.3</ele></trkpt><trkpt lat="-27.017945" lon="-48.579615"><ele>45.4</ele></trkpt><trkpt lat="-27.017920000000004" lon="-48.57961166666667"><ele>46.4</ele></trkpt><trkpt lat="-27.017905000000003" lon="-48.57961166666667"><ele>47.4</ele></trkpt><trkpt lat="-27.017893333333337" lon="-48.57961333333333"><ele>47.8</ele></trkpt><trkpt lat="-27.017885" lon="-48.57961"><ele>48.4</ele></trkpt><trkpt lat="-27.017878333333336" lon="-48.57961"><ele>48.8</ele></trkpt><trkpt lat="-27.017863333333334" lon="-48.579616666666666"><ele>48.8</ele></trkpt><trkpt lat="-27.017843333333335" lon="-48.579616666666666"><ele>49.1</ele></trkpt><trkpt lat="-27.017811666666663" lon="-48.579618333333336"><ele>49.3</ele></trkpt><trkpt lat="-27.017795" lon="-48.579618333333336"><ele>49.4</ele></trkpt><trkpt lat="-27.017771666666665" lon="-48.57962166666666"><ele>49.4</ele></trkpt><trkpt lat="-27.017756666666667" lon="-48.579628333333325"><ele>49.7</ele></trkpt><trkpt lat="-27.017736666666664" lon="-48.579628333333325"><ele>50</ele></trkpt><trkpt lat="-27.017721666666663" lon="-48.57962666666667"><ele>50.3</ele></trkpt><trkpt lat="-27.017715" lon="-48.579618333333336"><ele>50.4</ele></trkpt><trkpt lat="-27.017705" lon="-48.57961"><ele>50.8</ele></trkpt><trkpt lat="-27.017693333333334" lon="-48.57960333333334"><ele>51</ele></trkpt><trkpt lat="-27.017684999999997" lon="-48.57960500000001"><ele>51.3</ele></trkpt><trkpt lat="-27.01767166666667" lon="-48.57960666666666"><ele>51.9</ele></trkpt><trkpt lat="-27.01765833333333" lon="-48.57960833333333"><ele>52.5</ele></trkpt><trkpt lat="-27.017643333333332" lon="-48.57960833333333"><ele>52.8</ele></trkpt><trkpt lat="-27.017635000000002" lon="-48.57961166666667"><ele>53.2</ele></trkpt><trkpt lat="-27.017618333333335" lon="-48.57960833333333"><ele>53.4</ele></trkpt><trkpt lat="-27.017605000000003" lon="-48.57960666666666"><ele>53.6</ele></trkpt><trkpt lat="-27.017605000000003" lon="-48.57960666666666"><ele>53.6</ele></trkpt><trkpt lat="-27.017591666666664" lon="-48.57960500000001"><ele>53.7</ele></trkpt><trkpt lat="-27.01758" lon="-48.57960500000001"><ele>53.9</ele></trkpt><trkpt lat="-27.01757" lon="-48.579596666666674"><ele>53.3</ele></trkpt><trkpt lat="-27.017556666666664" lon="-48.579596666666674"><ele>53.4</ele></trkpt><trkpt lat="-27.017546666666664" lon="-48.579596666666674"><ele>53.5</ele></trkpt><trkpt lat="-27.017531666666667" lon="-48.5796"><ele>53.9</ele></trkpt><trkpt lat="-27.01752333333333" lon="-48.57959833333333"><ele>54.1</ele></trkpt><trkpt lat="-27.017513333333333" lon="-48.57960166666667"><ele>54.2</ele></trkpt><trkpt lat="-27.017500000000002" lon="-48.57960833333333"><ele>54.3</ele></trkpt><trkpt lat="-27.01749" lon="-48.579616666666666"><ele>54.8</ele></trkpt><trkpt lat="-27.017485000000004" lon="-48.579618333333336"><ele>55</ele></trkpt><trkpt lat="-27.017471666666665" lon="-48.579620000000006"><ele>55.2</ele></trkpt><trkpt lat="-27.017459999999996" lon="-48.57962166666666"><ele>55.6</ele></trkpt><trkpt lat="-27.017453333333332" lon="-48.579620000000006"><ele>55.8</ele></trkpt><trkpt lat="-27.01744833333333" lon="-48.57962333333333"><ele>56.1</ele></trkpt><trkpt lat="-27.017443333333336" lon="-48.57962166666666"><ele>56.2</ele></trkpt><trkpt lat="-27.017435" lon="-48.579618333333336"><ele>56.4</ele></trkpt><trkpt lat="-27.017426666666665" lon="-48.57962166666666"><ele>56.5</ele></trkpt><trkpt lat="-27.01741833333333" lon="-48.57962666666667"><ele>56.3</ele></trkpt><trkpt lat="-27.01740333333333" lon="-48.579625"><ele>56.6</ele></trkpt><trkpt lat="-27.017393333333334" lon="-48.579629999999995"><ele>57</ele></trkpt><trkpt lat="-27.017384999999997" lon="-48.57963500000001"><ele>57.3</ele></trkpt><trkpt lat="-27.017380000000003" lon="-48.579640000000005"><ele>57.7</ele></trkpt><trkpt lat="-27.01737333333333" lon="-48.579640000000005"><ele>57.9</ele></trkpt><trkpt lat="-27.01736166666667" lon="-48.57963500000001"><ele>58.3</ele></trkpt><trkpt lat="-27.017351666666666" lon="-48.57963333333334"><ele>58.7</ele></trkpt><trkpt lat="-27.017341666666667" lon="-48.579631666666664"><ele>58.9</ele></trkpt><trkpt lat="-27.01732833333333" lon="-48.579629999999995"><ele>59.3</ele></trkpt><trkpt lat="-27.01731666666667" lon="-48.579631666666664"><ele>59.8</ele></trkpt><trkpt lat="-27.017306666666666" lon="-48.579636666666666"><ele>60.2</ele></trkpt><trkpt lat="-27.017306666666666" lon="-48.579636666666666"><ele>60.2</ele></trkpt><trkpt lat="-27.017306666666666" lon="-48.579636666666666"><ele>60.2</ele></trkpt><trkpt lat="-27.017306666666666" lon="-48.579636666666666"><ele>60.2</ele></trkpt><trkpt lat="-27.017293333333335" lon="-48.579641666666674"><ele>60.6</ele></trkpt><trkpt lat="-27.01728166666667" lon="-48.579636666666666"><ele>61</ele></trkpt><trkpt lat="-27.01727" lon="-48.579628333333325"><ele>61.1</ele></trkpt><trkpt lat="-27.017260000000004" lon="-48.579620000000006"><ele>61.2</ele></trkpt><trkpt lat="-27.017248333333335" lon="-48.579616666666666"><ele>60.9</ele></trkpt><trkpt lat="-27.017248333333335" lon="-48.579616666666666"><ele>60.9</ele></trkpt><trkpt lat="-27.01724166666667" lon="-48.579618333333336"><ele>61.2</ele></trkpt><trkpt lat="-27.01723666666667" lon="-48.57962666666667"><ele>61.6</ele></trkpt><trkpt lat="-27.017233333333333" lon="-48.579629999999995"><ele>61.9</ele></trkpt><trkpt lat="-27.017228333333332" lon="-48.579629999999995"><ele>62.2</ele></trkpt><trkpt lat="-27.017221666666668" lon="-48.579631666666664"><ele>62.5</ele></trkpt><trkpt lat="-27.017206666666667" lon="-48.579628333333325"><ele>63</ele></trkpt><trkpt lat="-27.017200000000003" lon="-48.57963333333334"><ele>63.2</ele></trkpt><trkpt lat="-27.017198333333333" lon="-48.57963333333334"><ele>63.2</ele></trkpt><trkpt lat="-27.01719166666667" lon="-48.57963500000001"><ele>63.4</ele></trkpt><trkpt lat="-27.01718166666667" lon="-48.57963500000001"><ele>63.5</ele></trkpt><trkpt lat="-27.017168333333334" lon="-48.57963333333334"><ele>63.5</ele></trkpt><trkpt lat="-27.017143333333333" lon="-48.579625"><ele>63.8</ele></trkpt><trkpt lat="-27.017126666666666" lon="-48.579625"><ele>64.1</ele></trkpt><trkpt lat="-27.017111666666665" lon="-48.57962333333333"><ele>64.5</ele></trkpt><trkpt lat="-27.017098333333333" lon="-48.579618333333336"><ele>64.9</ele></trkpt><trkpt lat="-27.017080000000004" lon="-48.579615"><ele>65.1</ele></trkpt><trkpt lat="-27.017071666666666" lon="-48.579615"><ele>65.3</ele></trkpt><trkpt lat="-27.01705833333333" lon="-48.57961166666667"><ele>65.5</ele></trkpt><trkpt lat="-27.01704666666667" lon="-48.57960833333333"><ele>65.9</ele></trkpt><trkpt lat="-27.017033333333334" lon="-48.579596666666674"><ele>66.1</ele></trkpt><trkpt lat="-27.017015" lon="-48.579584999999994"><ele>66</ele></trkpt><trkpt lat="-27.017" lon="-48.57957666666666"><ele>66</ele></trkpt><trkpt lat="-27.016990000000003" lon="-48.57956666666667"><ele>66</ele></trkpt><trkpt lat="-27.016975000000002" lon="-48.579555"><ele>65.6</ele></trkpt><trkpt lat="-27.016963333333333" lon="-48.579538333333325"><ele>65.3</ele></trkpt><trkpt lat="-27.016955" lon="-48.579525"><ele>65</ele></trkpt><trkpt lat="-27.016946666666666" lon="-48.579506666666674"><ele>64.9</ele></trkpt><trkpt lat="-27.01694166666667" lon="-48.57949166666667"><ele>65</ele></trkpt><trkpt lat="-27.016931666666665" lon="-48.579475"><ele>65</ele></trkpt><trkpt lat="-27.01692166666667" lon="-48.57946333333333"><ele>65</ele></trkpt><trkpt lat="-27.016916666666663" lon="-48.57945500000001"><ele>64.9</ele></trkpt><trkpt lat="-27.01691166666667" lon="-48.579445"><ele>64.8</ele></trkpt><trkpt lat="-27.01691" lon="-48.57943166666667"><ele>64.1</ele></trkpt><trkpt lat="-27.01691333333333" lon="-48.579416666666674"><ele>63.8</ele></trkpt><trkpt lat="-27.01691166666667" lon="-48.57940166666667"><ele>63.5</ele></trkpt><trkpt lat="-27.01691333333333" lon="-48.57939"><ele>63.5</ele></trkpt><trkpt lat="-27.016906666666667" lon="-48.57938000000001"><ele>63.1</ele></trkpt><trkpt lat="-27.016901666666666" lon="-48.579370000000004"><ele>63</ele></trkpt><trkpt lat="-27.016894999999998" lon="-48.579359999999994"><ele>62.9</ele></trkpt><trkpt lat="-27.016885000000002" lon="-48.579346666666666"><ele>62.6</ele></trkpt><trkpt lat="-27.016874999999995" lon="-48.57933666666666"><ele>62.6</ele></trkpt><trkpt lat="-27.016871666666663" lon="-48.579323333333335"><ele>62.2</ele></trkpt><trkpt lat="-27.016859999999998" lon="-48.57931166666667"><ele>62.2</ele></trkpt><trkpt lat="-27.016849999999998" lon="-48.579295"><ele>62.2</ele></trkpt><trkpt lat="-27.016843333333334" lon="-48.579281666666674"><ele>62.4</ele></trkpt><trkpt lat="-27.016841666666664" lon="-48.579268333333324"><ele>62.3</ele></trkpt><trkpt lat="-27.01683666666667" lon="-48.57925333333333"><ele>62.3</ele></trkpt><trkpt lat="-27.016835" lon="-48.57924166666667"><ele>62.2</ele></trkpt><trkpt lat="-27.01683166666667" lon="-48.57923000000001"><ele>62.1</ele></trkpt><trkpt lat="-27.016826666666663" lon="-48.57921833333333"><ele>61.8</ele></trkpt><trkpt lat="-27.016835" lon="-48.579205"><ele>61.5</ele></trkpt><trkpt lat="-27.016835" lon="-48.57919666666667"><ele>61</ele></trkpt><trkpt lat="-27.016825" lon="-48.579188333333335"><ele>60.9</ele></trkpt><trkpt lat="-27.01682" lon="-48.57917666666667"><ele>60.8</ele></trkpt><trkpt lat="-27.016810000000003" lon="-48.57916"><ele>60.4</ele></trkpt><trkpt lat="-27.016803333333336" lon="-48.579143333333334"><ele>60</ele></trkpt><trkpt lat="-27.016803333333336" lon="-48.57912666666666"><ele>59.7</ele></trkpt><trkpt lat="-27.016793333333332" lon="-48.57911833333333"><ele>59.6</ele></trkpt><trkpt lat="-27.016783333333333" lon="-48.579096666666665"><ele>59.5</ele></trkpt><trkpt lat="-27.016775" lon="-48.57908166666666"><ele>59.6</ele></trkpt><trkpt lat="-27.016769999999998" lon="-48.57906666666666"><ele>59.6</ele></trkpt><trkpt lat="-27.016763333333333" lon="-48.57905000000001"><ele>59.8</ele></trkpt><trkpt lat="-27.016751666666664" lon="-48.579033333333335"><ele>60.2</ele></trkpt><trkpt lat="-27.016739999999995" lon="-48.57902166666666"><ele>60.3</ele></trkpt><trkpt lat="-27.016728333333337" lon="-48.579006666666665"><ele>61.1</ele></trkpt><trkpt lat="-27.016720000000003" lon="-48.578998333333324"><ele>62.1</ele></trkpt><trkpt lat="-27.01671666666667" lon="-48.578990000000005"><ele>62.9</ele></trkpt><trkpt lat="-27.016718333333333" lon="-48.578986666666665"><ele>63.3</ele></trkpt><trkpt lat="-27.016724999999997" lon="-48.57898166666667"><ele>63.2</ele></trkpt><trkpt lat="-27.016720000000003" lon="-48.578983333333326"><ele>63.5</ele></trkpt><trkpt lat="-27.016708333333334" lon="-48.57896666666667"><ele>63.7</ele></trkpt><trkpt lat="-27.016691666666663" lon="-48.57896833333333"><ele>64.4</ele></trkpt><trkpt lat="-27.016681666666667" lon="-48.578965000000004"><ele>65</ele></trkpt><trkpt lat="-27.016678333333335" lon="-48.57895666666666"><ele>65.3</ele></trkpt><trkpt lat="-27.016678333333335" lon="-48.57893333333333"><ele>65.8</ele></trkpt><trkpt lat="-27.016673333333333" lon="-48.57891500000001"><ele>66.6</ele></trkpt><trkpt lat="-27.016664999999996" lon="-48.578905"><ele>66.9</ele></trkpt><trkpt lat="-27.01665666666667" lon="-48.578898333333335"><ele>67.2</ele></trkpt><trkpt lat="-27.016651666666668" lon="-48.57889166666667"><ele>67.6</ele></trkpt><trkpt lat="-27.01664" lon="-48.57888166666667"><ele>68.3</ele></trkpt><trkpt lat="-27.016623333333335" lon="-48.578875000000004"><ele>69.4</ele></trkpt><trkpt lat="-27.01661" lon="-48.578871666666664"><ele>70.2</ele></trkpt><trkpt lat="-27.016603333333332" lon="-48.57886666666666"><ele>70.9</ele></trkpt><trkpt lat="-27.016595" lon="-48.57886166666667"><ele>71.6</ele></trkpt><trkpt lat="-27.016591666666667" lon="-48.57885666666666"><ele>72.2</ele></trkpt><trkpt lat="-27.016585000000003" lon="-48.578853333333335"><ele>72.5</ele></trkpt><trkpt lat="-27.016576666666666" lon="-48.578848333333326"><ele>72.6</ele></trkpt><trkpt lat="-27.016568333333332" lon="-48.578851666666665"><ele>72.9</ele></trkpt><trkpt lat="-27.01656666666667" lon="-48.57884666666667"><ele>73.5</ele></trkpt><trkpt lat="-27.016563333333337" lon="-48.57884000000001"><ele>73.9</ele></trkpt><trkpt lat="-27.016555" lon="-48.578835"><ele>74.1</ele></trkpt><trkpt lat="-27.01655" lon="-48.57883166666667"><ele>74.5</ele></trkpt><trkpt lat="-27.016541666666665" lon="-48.578828333333334"><ele>74.9</ele></trkpt><trkpt lat="-27.016528333333333" lon="-48.57882333333334"><ele>75.4</ele></trkpt><trkpt lat="-27.016514999999995" lon="-48.57881999999999"><ele>75.6</ele></trkpt><trkpt lat="-27.016496666666665" lon="-48.57881666666667"><ele>76.1</ele></trkpt><trkpt lat="-27.01647666666667" lon="-48.578818333333324"><ele>76</ele></trkpt><trkpt lat="-27.016458333333336" lon="-48.57881333333333"><ele>76</ele></trkpt><trkpt lat="-27.016444999999997" lon="-48.57881166666666"><ele>75.8</ele></trkpt><trkpt lat="-27.01643" lon="-48.57881666666667"><ele>75.8</ele></trkpt><trkpt lat="-27.016416666666668" lon="-48.57881666666667"><ele>75.7</ele></trkpt><trkpt lat="-27.016411666666666" lon="-48.57881999999999"><ele>75.9</ele></trkpt><trkpt lat="-27.016406666666665" lon="-48.57882333333334"><ele>76.3</ele></trkpt><trkpt lat="-27.016398333333335" lon="-48.57883"><ele>76.6</ele></trkpt><trkpt lat="-27.016385" lon="-48.57883"><ele>76.8</ele></trkpt><trkpt lat="-27.01637333333333" lon="-48.57883333333333"><ele>77.1</ele></trkpt><trkpt lat="-27.016361666666665" lon="-48.57883333333333"><ele>77.4</ele></trkpt><trkpt lat="-27.016351666666665" lon="-48.578835"><ele>77.6</ele></trkpt><trkpt lat="-27.016345" lon="-48.57884000000001"><ele>77.9</ele></trkpt><trkpt lat="-27.01634166666667" lon="-48.578845"><ele>78.2</ele></trkpt><trkpt lat="-27.016338333333337" lon="-48.578863333333324"><ele>78.4</ele></trkpt><trkpt lat="-27.016331666666662" lon="-48.57886666666666"><ele>78.6</ele></trkpt><trkpt lat="-27.016323333333336" lon="-48.57886666666666"><ele>78.9</ele></trkpt><trkpt lat="-27.016316666666665" lon="-48.578871666666664"><ele>79.1</ele></trkpt><trkpt lat="-27.016309999999997" lon="-48.57888"><ele>79.3</ele></trkpt><trkpt lat="-27.016301666666664" lon="-48.578908333333324"><ele>79.4</ele></trkpt><trkpt lat="-27.016291666666667" lon="-48.57893166666666"><ele>79.5</ele></trkpt><trkpt lat="-27.016281666666668" lon="-48.57895166666667"><ele>79.4</ele></trkpt><trkpt lat="-27.016273333333334" lon="-48.578965000000004"><ele>79.4</ele></trkpt><trkpt lat="-27.016268333333333" lon="-48.57897666666666"><ele>79.4</ele></trkpt><trkpt lat="-27.016263333333335" lon="-48.578986666666665"><ele>79.2</ele></trkpt><trkpt lat="-27.016260000000003" lon="-48.578995"><ele>78.9</ele></trkpt><trkpt lat="-27.01625166666667" lon="-48.578998333333324"><ele>78.7</ele></trkpt><trkpt lat="-27.016241666666662" lon="-48.579008333333334"><ele>78.5</ele></trkpt><trkpt lat="-27.016230000000004" lon="-48.57901666666667"><ele>78.4</ele></trkpt><trkpt lat="-27.016216666666665" lon="-48.57902166666666"><ele>78.3</ele></trkpt><trkpt lat="-27.01620833333333" lon="-48.579033333333335"><ele>78.5</ele></trkpt><trkpt lat="-27.016201666666667" lon="-48.579044999999994"><ele>78.5</ele></trkpt><trkpt lat="-27.016196666666662" lon="-48.57905833333333"><ele>78.6</ele></trkpt><trkpt lat="-27.016195" lon="-48.57907"><ele>78.6</ele></trkpt><trkpt lat="-27.016189999999998" lon="-48.57908333333333"><ele>78.7</ele></trkpt><trkpt lat="-27.016185000000004" lon="-48.579096666666665"><ele>78.8</ele></trkpt><trkpt lat="-27.016174999999997" lon="-48.57911166666666"><ele>78.8</ele></trkpt><trkpt lat="-27.016168333333333" lon="-48.57913166666667"><ele>78.8</ele></trkpt><trkpt lat="-27.016165" lon="-48.57915166666667"><ele>78.9</ele></trkpt><trkpt lat="-27.01616333333333" lon="-48.579168333333335"><ele>78.9</ele></trkpt><trkpt lat="-27.016156666666667" lon="-48.57919333333333"><ele>78.8</ele></trkpt><trkpt lat="-27.016146666666668" lon="-48.579215000000005"><ele>78.8</ele></trkpt><trkpt lat="-27.016138333333334" lon="-48.579235000000004"><ele>78.8</ele></trkpt><trkpt lat="-27.016135000000002" lon="-48.57925333333333"><ele>78.7</ele></trkpt><trkpt lat="-27.01611666666667" lon="-48.57928333333333"><ele>78.3</ele></trkpt><trkpt lat="-27.01610833333333" lon="-48.57930833333333"><ele>78.1</ele></trkpt><trkpt lat="-27.016099999999998" lon="-48.579321666666665"><ele>77.3</ele></trkpt><trkpt lat="-27.016096666666666" lon="-48.57933833333333"><ele>77.1</ele></trkpt><trkpt lat="-27.016090000000002" lon="-48.579346666666666"><ele>77.1</ele></trkpt><trkpt lat="-27.01608666666667" lon="-48.57935166666666"><ele>77.1</ele></trkpt><trkpt lat="-27.016081666666665" lon="-48.57936333333334"><ele>77.2</ele></trkpt><trkpt lat="-27.016076666666663" lon="-48.579375"><ele>77.2</ele></trkpt><trkpt lat="-27.016078333333333" lon="-48.57938833333333"><ele>77.3</ele></trkpt><trkpt lat="-27.016083333333334" lon="-48.579393333333336"><ele>77.3</ele></trkpt><trkpt lat="-27.016084999999997" lon="-48.57939666666666"><ele>77.4</ele></trkpt><trkpt lat="-27.01608666666667" lon="-48.579393333333336"><ele>77.3</ele></trkpt><trkpt lat="-27.01608666666667" lon="-48.57938833333333"><ele>77.3</ele></trkpt><trkpt lat="-27.016088333333332" lon="-48.57937666666667"><ele>77.2</ele></trkpt><trkpt lat="-27.016091666666664" lon="-48.57936500000001"><ele>77.1</ele></trkpt><trkpt lat="-27.016095000000004" lon="-48.579355"><ele>77</ele></trkpt><trkpt lat="-27.016098333333336" lon="-48.579350000000005"><ele>76.9</ele></trkpt><trkpt lat="-27.016096666666666" lon="-48.579344999999996"><ele>76.8</ele></trkpt><trkpt lat="-27.016096666666666" lon="-48.57934166666667"><ele>76.8</ele></trkpt><trkpt lat="-27.016091666666664" lon="-48.579346666666666"><ele>76.9</ele></trkpt><trkpt lat="-27.016091666666664" lon="-48.579348333333336"><ele>76.7</ele></trkpt><trkpt lat="-27.016091666666664" lon="-48.579348333333336"><ele>76.7</ele></trkpt><trkpt lat="-27.016095000000004" lon="-48.579348333333336"><ele>77</ele></trkpt><trkpt lat="-27.016093333333334" lon="-48.579346666666666"><ele>77</ele></trkpt><trkpt lat="-27.016091666666664" lon="-48.57934333333333"><ele>77.1</ele></trkpt><trkpt lat="-27.016091666666664" lon="-48.57933666666666"><ele>77.1</ele></trkpt><trkpt lat="-27.016090000000002" lon="-48.57933166666667"><ele>76.8</ele></trkpt><trkpt lat="-27.016088333333332" lon="-48.57933"><ele>76.8</ele></trkpt><trkpt lat="-27.01608666666667" lon="-48.57932833333333"><ele>76.9</ele></trkpt><trkpt lat="-27.01608666666667" lon="-48.57932833333333"><ele>76.9</ele></trkpt><trkpt lat="-27.01608666666667" lon="-48.57932833333333"><ele>76.9</ele></trkpt><trkpt lat="-27.01608666666667" lon="-48.57932833333333"><ele>76.9</ele></trkpt><trkpt lat="-27.01608666666667" lon="-48.57932833333333"><ele>76.9</ele></trkpt><trkpt lat="-27.01608666666667" lon="-48.57932833333333"><ele>76.9</ele></trkpt><trkpt lat="-27.01608666666667" lon="-48.57932833333333"><ele>76.9</ele></trkpt><trkpt lat="-27.01608666666667" lon="-48.57932833333333"><ele>76.9</ele></trkpt><trkpt lat="-27.01608666666667" lon="-48.57932833333333"><ele>76.9</ele></trkpt><trkpt lat="-27.01608666666667" lon="-48.57932833333333"><ele>76.9</ele></trkpt><trkpt lat="-27.01608666666667" lon="-48.57932833333333"><ele>76.9</ele></trkpt><trkpt lat="-27.01608666666667" lon="-48.57932833333333"><ele>76.9</ele></trkpt><trkpt lat="-27.01608666666667" lon="-48.57932833333333"><ele>76.9</ele></trkpt><trkpt lat="-27.01608666666667" lon="-48.57932833333333"><ele>76.9</ele></trkpt><trkpt lat="-27.01608666666667" lon="-48.57932833333333"><ele>76.9</ele></trkpt><trkpt lat="-27.01608666666667" lon="-48.57932833333333"><ele>76.9</ele></trkpt><trkpt lat="-27.01608666666667" lon="-48.57932833333333"><ele>76.9</ele></trkpt><trkpt lat="-27.01608666666667" lon="-48.57932833333333"><ele>76.9</ele></trkpt><trkpt lat="-27.01608666666667" lon="-48.57932833333333"><ele>76.9</ele></trkpt><trkpt lat="-27.01608666666667" lon="-48.57932833333333"><ele>76.9</ele></trkpt><trkpt lat="-27.01608666666667" lon="-48.57932833333333"><ele>76.9</ele></trkpt><trkpt lat="-27.016078333333333" lon="-48.57931166666667"><ele>76.8</ele></trkpt><trkpt lat="-27.01607333333333" lon="-48.57931166666667"><ele>76.7</ele></trkpt><trkpt lat="-27.016080000000002" lon="-48.579314999999994"><ele>76.6</ele></trkpt><trkpt lat="-27.016083333333334" lon="-48.57931833333334"><ele>76.6</ele></trkpt><trkpt lat="-27.016084999999997" lon="-48.57932000000001"><ele>76.5</ele></trkpt><trkpt lat="-27.016084999999997" lon="-48.57932000000001"><ele>76.5</ele></trkpt><trkpt lat="-27.016084999999997" lon="-48.57932000000001"><ele>76.5</ele></trkpt><trkpt lat="-27.016084999999997" lon="-48.57932000000001"><ele>76.5</ele></trkpt><trkpt lat="-27.016084999999997" lon="-48.57932000000001"><ele>76.5</ele></trkpt><trkpt lat="-27.016084999999997" lon="-48.57932000000001"><ele>76.5</ele></trkpt><trkpt lat="-27.016084999999997" lon="-48.57932000000001"><ele>76.5</ele></trkpt><trkpt lat="-27.016084999999997" lon="-48.57932000000001"><ele>76.5</ele></trkpt><trkpt lat="-27.016084999999997" lon="-48.57932000000001"><ele>76.5</ele></trkpt><trkpt lat="-27.016084999999997" lon="-48.57932000000001"><ele>76.5</ele></trkpt><trkpt lat="-27.016084999999997" lon="-48.57932000000001"><ele>76.5</ele></trkpt><trkpt lat="-27.016084999999997" lon="-48.57932000000001"><ele>76.5</ele></trkpt><trkpt lat="-27.016084999999997" lon="-48.57932000000001"><ele>76.5</ele></trkpt><trkpt lat="-27.016084999999997" lon="-48.57932000000001"><ele>76.5</ele></trkpt><trkpt lat="-27.016084999999997" lon="-48.57932000000001"><ele>76.5</ele></trkpt><trkpt lat="-27.016084999999997" lon="-48.57932000000001"><ele>76.5</ele></trkpt><trkpt lat="-27.016084999999997" lon="-48.57932000000001"><ele>76.5</ele></trkpt><trkpt lat="-27.016093333333334" lon="-48.57933833333333"><ele>75.3</ele></trkpt><trkpt lat="-27.016090000000002" lon="-48.579344999999996"><ele>75.4</ele></trkpt><trkpt lat="-27.016090000000002" lon="-48.579348333333336"><ele>75.4</ele></trkpt><trkpt lat="-27.016084999999997" lon="-48.57935166666666"><ele>75.5</ele></trkpt><trkpt lat="-27.016084999999997" lon="-48.57935166666666"><ele>75.5</ele></trkpt><trkpt lat="-27.016084999999997" lon="-48.57935166666666"><ele>75.5</ele></trkpt><trkpt lat="-27.016084999999997" lon="-48.57935166666666"><ele>75.5</ele></trkpt><trkpt lat="-27.016084999999997" lon="-48.57935166666666"><ele>75.5</ele></trkpt><trkpt lat="-27.01606333333333" lon="-48.57937666666667"><ele>75.6</ele></trkpt><trkpt lat="-27.01605833333333" lon="-48.57938333333333"><ele>75.6</ele></trkpt><trkpt lat="-27.016051666666666" lon="-48.57939"><ele>75.6</ele></trkpt><trkpt lat="-27.016048333333334" lon="-48.579393333333336"><ele>75.5</ele></trkpt><trkpt lat="-27.016045000000002" lon="-48.57939666666666"><ele>75.5</ele></trkpt><trkpt lat="-27.01604166666667" lon="-48.57940166666667"><ele>75.5</ele></trkpt><trkpt lat="-27.016038333333334" lon="-48.579403333333325"><ele>75.4</ele></trkpt><trkpt lat="-27.016039999999997" lon="-48.579404999999994"><ele>75.3</ele></trkpt><trkpt lat="-27.016038333333334" lon="-48.579406666666664"><ele>75.2</ele></trkpt><trkpt lat="-27.016046666666664" lon="-48.579403333333325"><ele>75.3</ele></trkpt><trkpt lat="-27.016048333333334" lon="-48.57940166666667"><ele>75.1</ele></trkpt><trkpt lat="-27.016050000000003" lon="-48.57939666666666"><ele>74.9</ele></trkpt><trkpt lat="-27.016050000000003" lon="-48.579393333333336"><ele>74.6</ele></trkpt><trkpt lat="-27.016051666666666" lon="-48.57939"><ele>74.4</ele></trkpt><trkpt lat="-27.016051666666666" lon="-48.57938833333333"><ele>74.5</ele></trkpt><trkpt lat="-27.016053333333335" lon="-48.57938666666667"><ele>74.5</ele></trkpt><trkpt lat="-27.016054999999998" lon="-48.57938666666667"><ele>74.5</ele></trkpt><trkpt lat="-27.016054999999998" lon="-48.57938666666667"><ele>74.5</ele></trkpt><trkpt lat="-27.016054999999998" lon="-48.57938666666667"><ele>74.5</ele></trkpt><trkpt lat="-27.016054999999998" lon="-48.57938666666667"><ele>74.5</ele></trkpt><trkpt lat="-27.016054999999998" lon="-48.57938666666667"><ele>74.5</ele></trkpt><trkpt lat="-27.016054999999998" lon="-48.57938666666667"><ele>74.5</ele></trkpt><trkpt lat="-27.016054999999998" lon="-48.57938666666667"><ele>74.5</ele></trkpt><trkpt lat="-27.016054999999998" lon="-48.57938666666667"><ele>74.5</ele></trkpt><trkpt lat="-27.016054999999998" lon="-48.57938666666667"><ele>74.5</ele></trkpt><trkpt lat="-27.016054999999998" lon="-48.57938666666667"><ele>74.5</ele></trkpt><trkpt lat="-27.016054999999998" lon="-48.57938666666667"><ele>74.5</ele></trkpt><trkpt lat="-27.016054999999998" lon="-48.57938666666667"><ele>74.5</ele></trkpt><trkpt lat="-27.016054999999998" lon="-48.57938666666667"><ele>74.5</ele></trkpt><trkpt lat="-27.016054999999998" lon="-48.57938666666667"><ele>74.5</ele></trkpt><trkpt lat="-27.016054999999998" lon="-48.57938666666667"><ele>74.5</ele></trkpt><trkpt lat="-27.016054999999998" lon="-48.57938666666667"><ele>74.5</ele></trkpt><trkpt lat="-27.016054999999998" lon="-48.57938666666667"><ele>74.5</ele></trkpt><trkpt lat="-27.016054999999998" lon="-48.57938666666667"><ele>74.5</ele></trkpt><trkpt lat="-27.016054999999998" lon="-48.57938666666667"><ele>74.5</ele></trkpt><trkpt lat="-27.016054999999998" lon="-48.57938833333333"><ele>73.5</ele></trkpt><trkpt lat="-27.016050000000003" lon="-48.5794"><ele>73.5</ele></trkpt><trkpt lat="-27.016048333333334" lon="-48.57941833333333"><ele>73.3</ele></trkpt><trkpt lat="-27.016045000000002" lon="-48.579440000000005"><ele>72.9</ele></trkpt><trkpt lat="-27.01604166666667" lon="-48.579460000000005"><ele>72.6</ele></trkpt><trkpt lat="-27.016039999999997" lon="-48.579485000000005"><ele>72.7</ele></trkpt><trkpt lat="-27.01603" lon="-48.57951166666667"><ele>72.5</ele></trkpt><trkpt lat="-27.016011666666667" lon="-48.579528333333336"><ele>72.2</ele></trkpt><trkpt lat="-27.016000000000002" lon="-48.57955333333333"><ele>72.4</ele></trkpt><trkpt lat="-27.015988333333333" lon="-48.57957666666666"><ele>72.5</ele></trkpt><trkpt lat="-27.015978333333337" lon="-48.5796"><ele>72.6</ele></trkpt><trkpt lat="-27.015964999999998" lon="-48.579618333333336"><ele>72.9</ele></trkpt><trkpt lat="-27.015946666666665" lon="-48.57964833333334"><ele>73.3</ele></trkpt><trkpt lat="-27.015933333333336" lon="-48.57966666666666"><ele>73</ele></trkpt><trkpt lat="-27.015919999999998" lon="-48.579685000000005"><ele>73</ele></trkpt><trkpt lat="-27.015904999999997" lon="-48.57970333333333"><ele>73.2</ele></trkpt><trkpt lat="-27.015886666666667" lon="-48.579728333333335"><ele>74.2</ele></trkpt><trkpt lat="-27.015870000000003" lon="-48.57974666666667"><ele>74.4</ele></trkpt><trkpt lat="-27.01585" lon="-48.57976833333334"><ele>75.8</ele></trkpt><trkpt lat="-27.015831666666667" lon="-48.57978"><ele>75.9</ele></trkpt><trkpt lat="-27.01582" lon="-48.57979166666667"><ele>77.2</ele></trkpt><trkpt lat="-27.01580166666667" lon="-48.579795"><ele>77.4</ele></trkpt><trkpt lat="-27.015778333333333" lon="-48.57980666666667"><ele>78.9</ele></trkpt><trkpt lat="-27.015755" lon="-48.579820000000005"><ele>80.9</ele></trkpt><trkpt lat="-27.015735000000003" lon="-48.579818333333336"><ele>81.8</ele></trkpt><trkpt lat="-27.01566833333333" lon="-48.579766666666664"><ele>74.2</ele></trkpt><trkpt lat="-27.01563833333333" lon="-48.579764999999995"><ele>73.5</ele></trkpt><trkpt lat="-27.01560833333333" lon="-48.57976166666667"><ele>71.9</ele></trkpt><trkpt lat="-27.015586666666664" lon="-48.579764999999995"><ele>71.3</ele></trkpt><trkpt lat="-27.015573333333336" lon="-48.57976833333334"><ele>70.9</ele></trkpt><trkpt lat="-27.015555000000003" lon="-48.579763333333325"><ele>70.5</ele></trkpt><trkpt lat="-27.01555166666667" lon="-48.579763333333325"><ele>70.1</ele></trkpt><trkpt lat="-27.015553333333333" lon="-48.579763333333325"><ele>70.4</ele></trkpt><trkpt lat="-27.015555000000003" lon="-48.579766666666664"><ele>70.7</ele></trkpt><trkpt lat="-27.015555000000003" lon="-48.579771666666666"><ele>70.4</ele></trkpt><trkpt lat="-27.015558333333335" lon="-48.579775000000005"><ele>70</ele></trkpt><trkpt lat="-27.01556333333333" lon="-48.579776666666675"><ele>69.9</ele></trkpt><trkpt lat="-27.01556333333333" lon="-48.57978166666667"><ele>69.8</ele></trkpt><trkpt lat="-27.015561666666667" lon="-48.57978166666667"><ele>69.8</ele></trkpt><trkpt lat="-27.015556666666665" lon="-48.579784999999994"><ele>69.9</ele></trkpt><trkpt lat="-27.015555000000003" lon="-48.57979"><ele>70.1</ele></trkpt><trkpt lat="-27.01556333333333" lon="-48.57979999999999"><ele>70.5</ele></trkpt><trkpt lat="-27.01556833333333" lon="-48.579811666666664"><ele>70.9</ele></trkpt><trkpt lat="-27.015570000000004" lon="-48.579818333333336"><ele>71.3</ele></trkpt><trkpt lat="-27.01556833333333" lon="-48.579820000000005"><ele>71.8</ele></trkpt><trkpt lat="-27.015570000000004" lon="-48.579821666666675"><ele>72.2</ele></trkpt><trkpt lat="-27.015570000000004" lon="-48.579818333333336"><ele>72.5</ele></trkpt><trkpt lat="-27.01556833333333" lon="-48.579816666666666"><ele>72.7</ele></trkpt><trkpt lat="-27.015561666666667" lon="-48.57981499999999"><ele>73.1</ele></trkpt><trkpt lat="-27.015556666666665" lon="-48.579811666666664"><ele>73.4</ele></trkpt><trkpt lat="-27.015553333333333" lon="-48.579816666666666"><ele>73.8</ele></trkpt><trkpt lat="-27.015544999999996" lon="-48.57981499999999"><ele>74.2</ele></trkpt><trkpt lat="-27.01553666666667" lon="-48.579816666666666"><ele>74.5</ele></trkpt><trkpt lat="-27.015535" lon="-48.579818333333336"><ele>74.7</ele></trkpt><trkpt lat="-27.015535" lon="-48.579820000000005"><ele>74.9</ele></trkpt><trkpt lat="-27.01553666666667" lon="-48.579821666666675"><ele>75.3</ele></trkpt><trkpt lat="-27.01553666666667" lon="-48.579821666666675"><ele>75.5</ele></trkpt><trkpt lat="-27.015538333333332" lon="-48.57982666666667"><ele>75.5</ele></trkpt><trkpt lat="-27.015538333333332" lon="-48.57982833333334"><ele>75.5</ele></trkpt><trkpt lat="-27.015538333333332" lon="-48.579829999999994"><ele>75.5</ele></trkpt><trkpt lat="-27.015543333333333" lon="-48.579831666666664"><ele>75.4</ele></trkpt><trkpt lat="-27.01554666666667" lon="-48.57983666666667"><ele>75.3</ele></trkpt><trkpt lat="-27.01554666666667" lon="-48.57983833333333"><ele>75.3</ele></trkpt><trkpt lat="-27.01554666666667" lon="-48.57983666666667"><ele>75.3</ele></trkpt><trkpt lat="-27.015544999999996" lon="-48.57983833333333"><ele>75.2</ele></trkpt><trkpt lat="-27.015543333333333" lon="-48.57984"><ele>75.2</ele></trkpt><trkpt lat="-27.01554666666667" lon="-48.579843333333336"><ele>75.2</ele></trkpt><trkpt lat="-27.01554" lon="-48.579831666666664"><ele>74.9</ele></trkpt><trkpt lat="-27.01554" lon="-48.579811666666664"><ele>74.4</ele></trkpt><trkpt lat="-27.01553333333333" lon="-48.579805"><ele>74.4</ele></trkpt><trkpt lat="-27.01553" lon="-48.579798333333336"><ele>74.3</ele></trkpt><trkpt lat="-27.015526666666666" lon="-48.57979666666667"><ele>74.2</ele></trkpt><trkpt lat="-27.015525000000004" lon="-48.579798333333336"><ele>73.9</ele></trkpt><trkpt lat="-27.015525000000004" lon="-48.57978833333333"><ele>73.9</ele></trkpt><trkpt lat="-27.015525000000004" lon="-48.57978166666667"><ele>73.6</ele></trkpt><trkpt lat="-27.01551833333333" lon="-48.57978166666667"><ele>73.4</ele></trkpt><trkpt lat="-27.015511666666665" lon="-48.579764999999995"><ele>73.3</ele></trkpt><trkpt lat="-27.015511666666665" lon="-48.57976"><ele>73.2</ele></trkpt><trkpt lat="-27.01548833333333" lon="-48.579753333333336"><ele>72.4</ele></trkpt><trkpt lat="-27.015466666666665" lon="-48.57973333333333"><ele>72.2</ele></trkpt><trkpt lat="-27.015436666666666" lon="-48.57971166666666"><ele>72</ele></trkpt><trkpt lat="-27.015393333333336" lon="-48.57969"><ele>71.4</ele></trkpt><trkpt lat="-27.01534" lon="-48.57966833333333"><ele>71.1</ele></trkpt><trkpt lat="-27.015274999999995" lon="-48.57964833333334"><ele>70.7</ele></trkpt><trkpt lat="-27.015204999999998" lon="-48.579628333333325"><ele>70</ele></trkpt><trkpt lat="-27.015138333333333" lon="-48.57960500000001"><ele>69</ele></trkpt><trkpt lat="-27.015058333333332" lon="-48.57957666666666"><ele>68.1</ele></trkpt><trkpt lat="-27.014978333333335" lon="-48.579550000000005"><ele>67.4</ele></trkpt><trkpt lat="-27.014896666666665" lon="-48.579525"><ele>66.5</ele></trkpt><trkpt lat="-27.014821666666663" lon="-48.579496666666664"><ele>65.4</ele></trkpt><trkpt lat="-27.01474166666667" lon="-48.57947166666666"><ele>63.8</ele></trkpt><trkpt lat="-27.014685" lon="-48.579448333333325"><ele>61.6</ele></trkpt><trkpt lat="-27.014635" lon="-48.57942333333334"><ele>60.5</ele></trkpt><trkpt lat="-27.01457833333333" lon="-48.57939833333333"><ele>59.1</ele></trkpt><trkpt lat="-27.014546666666668" lon="-48.57936500000001"><ele>58.1</ele></trkpt><trkpt lat="-27.014513333333337" lon="-48.57934"><ele>57.1</ele></trkpt><trkpt lat="-27.014481666666665" lon="-48.579313333333324"><ele>55.8</ele></trkpt><trkpt lat="-27.014451666666666" lon="-48.57928833333334"><ele>54.6</ele></trkpt><trkpt lat="-27.014411666666668" lon="-48.57926166666666"><ele>53.5</ele></trkpt><trkpt lat="-27.014358333333334" lon="-48.57922833333334"><ele>52.8</ele></trkpt><trkpt lat="-27.014306666666666" lon="-48.579188333333335"><ele>51.5</ele></trkpt><trkpt lat="-27.014243333333336" lon="-48.57913666666666"><ele>50.3</ele></trkpt><trkpt lat="-27.01417666666667" lon="-48.57909166666666"><ele>48.8</ele></trkpt><trkpt lat="-27.014106666666667" lon="-48.579051666666665"><ele>47.2</ele></trkpt><trkpt lat="-27.014045000000003" lon="-48.57901166666667"><ele>45.4</ele></trkpt><trkpt lat="-27.013991666666666" lon="-48.57897"><ele>43.9</ele></trkpt><trkpt lat="-27.013938333333332" lon="-48.57893666666667"><ele>42.8</ele></trkpt><trkpt lat="-27.013898333333334" lon="-48.57890666666667"><ele>40.9</ele></trkpt><trkpt lat="-27.013853333333333" lon="-48.57889166666667"><ele>39.6</ele></trkpt><trkpt lat="-27.013838333333336" lon="-48.57888500000001"><ele>38.4</ele></trkpt><trkpt lat="-27.013838333333336" lon="-48.57888333333334"><ele>37.2</ele></trkpt><trkpt lat="-27.013836666666666" lon="-48.57888333333334"><ele>36.7</ele></trkpt><trkpt lat="-27.01384" lon="-48.57888166666667"><ele>36</ele></trkpt><trkpt lat="-27.01384" lon="-48.57888166666667"><ele>36</ele></trkpt><trkpt lat="-27.01384" lon="-48.57888166666667"><ele>36</ele></trkpt><trkpt lat="-27.01384" lon="-48.57888166666667"><ele>36</ele></trkpt><trkpt lat="-27.01384" lon="-48.57888166666667"><ele>36</ele></trkpt><trkpt lat="-27.01384" lon="-48.57888166666667"><ele>36</ele></trkpt><trkpt lat="-27.01384" lon="-48.57888166666667"><ele>36</ele></trkpt><trkpt lat="-27.01384" lon="-48.57888166666667"><ele>36</ele></trkpt><trkpt lat="-27.01384" lon="-48.57888166666667"><ele>36</ele></trkpt><trkpt lat="-27.01384" lon="-48.57888166666667"><ele>36</ele></trkpt><trkpt lat="-27.01384" lon="-48.57888166666667"><ele>36</ele></trkpt><trkpt lat="-27.01384" lon="-48.57888166666667"><ele>36</ele></trkpt><trkpt lat="-27.01384" lon="-48.57888166666667"><ele>36</ele></trkpt><trkpt lat="-27.01384" lon="-48.57888166666667"><ele>36</ele></trkpt><trkpt lat="-27.01384" lon="-48.57888166666667"><ele>36</ele></trkpt><trkpt lat="-27.01384" lon="-48.57888166666667"><ele>36</ele></trkpt><trkpt lat="-27.01384" lon="-48.57888166666667"><ele>36</ele></trkpt><trkpt lat="-27.01384" lon="-48.57888166666667"><ele>36</ele></trkpt><trkpt lat="-27.01384" lon="-48.57888166666667"><ele>36</ele></trkpt><trkpt lat="-27.01384" lon="-48.57888166666667"><ele>36</ele></trkpt><trkpt lat="-27.01384" lon="-48.57888166666667"><ele>36</ele></trkpt><trkpt lat="-27.01384" lon="-48.57888166666667"><ele>36</ele></trkpt><trkpt lat="-27.01384" lon="-48.57888166666667"><ele>36</ele></trkpt><trkpt lat="-27.01384" lon="-48.57888166666667"><ele>36</ele></trkpt><trkpt lat="-27.01384" lon="-48.57888166666667"><ele>36</ele></trkpt><trkpt lat="-27.01384" lon="-48.57888166666667"><ele>36</ele></trkpt><trkpt lat="-27.01384" lon="-48.57888166666667"><ele>36</ele></trkpt><trkpt lat="-27.01384" lon="-48.57888166666667"><ele>36</ele></trkpt><trkpt lat="-27.01384" lon="-48.57888166666667"><ele>36</ele></trkpt><trkpt lat="-27.01384" lon="-48.57888166666667"><ele>36</ele></trkpt><trkpt lat="-27.01384" lon="-48.57888166666667"><ele>36</ele></trkpt><trkpt lat="-27.01384" lon="-48.57888166666667"><ele>36</ele></trkpt><trkpt lat="-27.01384" lon="-48.57888166666667"><ele>36</ele></trkpt><trkpt lat="-27.01384" lon="-48.57888166666667"><ele>36</ele></trkpt><trkpt lat="-27.01384" lon="-48.57888166666667"><ele>36</ele></trkpt><trkpt lat="-27.01384" lon="-48.57888166666667"><ele>36</ele></trkpt><trkpt lat="-27.013845" lon="-48.57886666666666"><ele>34.5</ele></trkpt><trkpt lat="-27.013818333333333" lon="-48.57885833333333"><ele>34.7</ele></trkpt><trkpt lat="-27.013785" lon="-48.57884000000001"><ele>35.8</ele></trkpt><trkpt lat="-27.013745000000004" lon="-48.57882166666666"><ele>37</ele></trkpt><trkpt lat="-27.01371333333333" lon="-48.57879500000001"><ele>36.6</ele></trkpt><trkpt lat="-27.013663333333337" lon="-48.57878000000001"><ele>37.2</ele></trkpt><trkpt lat="-27.013613333333335" lon="-48.578765000000004"><ele>36.7</ele></trkpt><trkpt lat="-27.013569999999998" lon="-48.578755"><ele>36.8</ele></trkpt><trkpt lat="-27.013523333333335" lon="-48.57875000000001"><ele>36.4</ele></trkpt><trkpt lat="-27.013475000000003" lon="-48.578738333333334"><ele>36.3</ele></trkpt><trkpt lat="-27.01341166666667" lon="-48.578736666666664"><ele>36.3</ele></trkpt><trkpt lat="-27.013344999999997" lon="-48.57875000000001"><ele>35.9</ele></trkpt><trkpt lat="-27.013283333333334" lon="-48.578761666666665"><ele>35.3</ele></trkpt><trkpt lat="-27.01321833333333" lon="-48.578781666666664"><ele>35</ele></trkpt><trkpt lat="-27.013156666666667" lon="-48.578815"><ele>34.8</ele></trkpt><trkpt lat="-27.013101666666664" lon="-48.57889"><ele>34.8</ele></trkpt><trkpt lat="-27.013055" lon="-48.57896666666667"><ele>34.5</ele></trkpt><trkpt lat="-27.013015000000003" lon="-48.579029999999996"><ele>34.1</ele></trkpt><trkpt lat="-27.013" lon="-48.57908666666667"><ele>33.8</ele></trkpt><trkpt lat="-27.01299333333333" lon="-48.579133333333324"><ele>33.3</ele></trkpt><trkpt lat="-27.01297833333333" lon="-48.57917166666666"><ele>32.6</ele></trkpt><trkpt lat="-27.012973333333335" lon="-48.57919333333333"><ele>31.9</ele></trkpt><trkpt lat="-27.012971666666665" lon="-48.57920000000001"><ele>31.6</ele></trkpt><trkpt lat="-27.012968333333333" lon="-48.57920333333333"><ele>31.3</ele></trkpt><trkpt lat="-27.012968333333333" lon="-48.57920333333333"><ele>31.3</ele></trkpt><trkpt lat="-27.012968333333333" lon="-48.57920333333333"><ele>31.3</ele></trkpt><trkpt lat="-27.012968333333333" lon="-48.57920333333333"><ele>31.3</ele></trkpt><trkpt lat="-27.012968333333333" lon="-48.57920333333333"><ele>31.3</ele></trkpt><trkpt lat="-27.012968333333333" lon="-48.57920333333333"><ele>31.3</ele></trkpt><trkpt lat="-27.01296333333333" lon="-48.579254999999996"><ele>30</ele></trkpt><trkpt lat="-27.012956666666664" lon="-48.57929000000001"><ele>29.2</ele></trkpt><trkpt lat="-27.012945" lon="-48.57933833333333"><ele>28.3</ele></trkpt><trkpt lat="-27.012929999999997" lon="-48.57938333333333"><ele>27.2</ele></trkpt><trkpt lat="-27.012906666666662" lon="-48.579438333333336"><ele>25.8</ele></trkpt><trkpt lat="-27.012875" lon="-48.579505000000005"><ele>24.5</ele></trkpt><trkpt lat="-27.01284333333333" lon="-48.57958"><ele>23.3</ele></trkpt><trkpt lat="-27.012805000000004" lon="-48.57965000000001"><ele>21.6</ele></trkpt><trkpt lat="-27.012763333333336" lon="-48.579719999999995"><ele>20</ele></trkpt><trkpt lat="-27.012731666666664" lon="-48.57978"><ele>18.3</ele></trkpt><trkpt lat="-27.012715000000004" lon="-48.57982666666667"><ele>17</ele></trkpt><trkpt lat="-27.012704999999997" lon="-48.57984499999999"><ele>15.7</ele></trkpt><trkpt lat="-27.012701666666665" lon="-48.57984499999999"><ele>14.9</ele></trkpt><trkpt lat="-27.012703333333334" lon="-48.57984666666666"><ele>14</ele></trkpt><trkpt lat="-27.012701666666665" lon="-48.57984499999999"><ele>13.5</ele></trkpt><trkpt lat="-27.01269666666667" lon="-48.57984499999999"><ele>12.4</ele></trkpt><trkpt lat="-27.01269666666667" lon="-48.57984499999999"><ele>12.4</ele></trkpt><trkpt lat="-27.01269666666667" lon="-48.57984499999999"><ele>12.4</ele></trkpt><trkpt lat="-27.01269666666667" lon="-48.57984499999999"><ele>12.4</ele></trkpt><trkpt lat="-27.01269666666667" lon="-48.57984499999999"><ele>12.4</ele></trkpt><trkpt lat="-27.01269666666667" lon="-48.57984499999999"><ele>12.4</ele></trkpt><trkpt lat="-27.01269666666667" lon="-48.57984499999999"><ele>12.4</ele></trkpt><trkpt lat="-27.01269666666667" lon="-48.57984499999999"><ele>12.4</ele></trkpt><trkpt lat="-27.01269666666667" lon="-48.57984499999999"><ele>12.4</ele></trkpt><trkpt lat="-27.01269666666667" lon="-48.57984499999999"><ele>12.4</ele></trkpt><trkpt lat="-27.01269666666667" lon="-48.57984499999999"><ele>12.4</ele></trkpt><trkpt lat="-27.01269666666667" lon="-48.57984499999999"><ele>12.4</ele></trkpt><trkpt lat="-27.01269666666667" lon="-48.57984499999999"><ele>12.4</ele></trkpt><trkpt lat="-27.01269666666667" lon="-48.57984499999999"><ele>12.4</ele></trkpt><trkpt lat="-27.01269666666667" lon="-48.57984499999999"><ele>12.4</ele></trkpt><trkpt lat="-27.01269666666667" lon="-48.57984499999999"><ele>12.4</ele></trkpt><trkpt lat="-27.01269666666667" lon="-48.57984499999999"><ele>12.4</ele></trkpt><trkpt lat="-27.01269666666667" lon="-48.57984499999999"><ele>12.4</ele></trkpt><trkpt lat="-27.012665000000002" lon="-48.57993833333333"><ele>10.4</ele></trkpt><trkpt lat="-27.012656666666665" lon="-48.57997"><ele>10.8</ele></trkpt><trkpt lat="-27.01264833333333" lon="-48.579991666666665"><ele>9.9</ele></trkpt><trkpt lat="-27.012643333333337" lon="-48.58002166666667"><ele>9.4</ele></trkpt><trkpt lat="-27.012635" lon="-48.58006"><ele>8.4</ele></trkpt><trkpt lat="-27.012635" lon="-48.58006"><ele>8.4</ele></trkpt><trkpt lat="-27.012626666666666" lon="-48.58009833333334"><ele>7.9</ele></trkpt><trkpt lat="-27.01261833333333" lon="-48.58012833333334"><ele>8.2</ele></trkpt><trkpt lat="-27.01260333333333" lon="-48.580148333333334"><ele>7.4</ele></trkpt><trkpt lat="-27.01260166666667" lon="-48.58018333333333"><ele>8.4</ele></trkpt><trkpt lat="-27.0126" lon="-48.58021"><ele>8.3</ele></trkpt><trkpt lat="-27.0126" lon="-48.58021"><ele>8.3</ele></trkpt><trkpt lat="-27.012598333333337" lon="-48.580236666666664"><ele>7.7</ele></trkpt><trkpt lat="-27.01259333333333" lon="-48.58026499999999"><ele>7</ele></trkpt><trkpt lat="-27.01259166666667" lon="-48.58029666666666"><ele>7.6</ele></trkpt><trkpt lat="-27.012586666666667" lon="-48.58032333333334"><ele>7.9</ele></trkpt><trkpt lat="-27.012580000000003" lon="-48.580351666666665"><ele>7.8</ele></trkpt><trkpt lat="-27.01257333333333" lon="-48.58038166666667"><ele>7.4</ele></trkpt><trkpt lat="-27.01256" lon="-48.580414999999995"><ele>7.1</ele></trkpt><trkpt lat="-27.01254833333333" lon="-48.58044333333334"><ele>7.4</ele></trkpt><trkpt lat="-27.012541666666667" lon="-48.58047166666667"><ele>7.7</ele></trkpt><trkpt lat="-27.01253" lon="-48.5805"><ele>7.7</ele></trkpt><trkpt lat="-27.01250333333333" lon="-48.580528333333326"><ele>7.6</ele></trkpt><trkpt lat="-27.012475000000002" lon="-48.580551666666665"><ele>7.3</ele></trkpt><trkpt lat="-27.012445000000003" lon="-48.58058166666667"><ele>6.6</ele></trkpt><trkpt lat="-27.012445000000003" lon="-48.58058166666667"><ele>6.6</ele></trkpt><trkpt lat="-27.012418333333336" lon="-48.580596666666665"><ele>7</ele></trkpt><trkpt lat="-27.012386666666664" lon="-48.58061666666667"><ele>7</ele></trkpt><trkpt lat="-27.012358333333335" lon="-48.58063666666667"><ele>8</ele></trkpt><trkpt lat="-27.01233" lon="-48.58065499999999"><ele>8.9</ele></trkpt><trkpt lat="-27.012301666666666" lon="-48.58067500000001"><ele>9.2</ele></trkpt><trkpt lat="-27.01227333333333" lon="-48.580705"><ele>9.9</ele></trkpt><trkpt lat="-27.01227333333333" lon="-48.580705"><ele>9.9</ele></trkpt><trkpt lat="-27.01224666666667" lon="-48.580725"><ele>10.2</ele></trkpt><trkpt lat="-27.012220000000003" lon="-48.58075166666666"><ele>10.4</ele></trkpt><trkpt lat="-27.012193333333336" lon="-48.58076500000001"><ele>10.2</ele></trkpt><trkpt lat="-27.01217166666667" lon="-48.58078166666666"><ele>10.3</ele></trkpt><trkpt lat="-27.01215666666667" lon="-48.58079833333333"><ele>10.7</ele></trkpt><trkpt lat="-27.01214166666667" lon="-48.58080833333334"><ele>10.6</ele></trkpt><trkpt lat="-27.01212333333334" lon="-48.580823333333335"><ele>10.4</ele></trkpt><trkpt lat="-27.01212333333334" lon="-48.580823333333335"><ele>10.4</ele></trkpt><trkpt lat="-27.0121" lon="-48.58084333333333"><ele>9.9</ele></trkpt><trkpt lat="-27.01208166666667" lon="-48.580866666666665"><ele>9.2</ele></trkpt><trkpt lat="-27.012059999999998" lon="-48.58088666666666"><ele>9.3</ele></trkpt><trkpt lat="-27.012040000000002" lon="-48.58090666666667"><ele>9.1</ele></trkpt><trkpt lat="-27.01202333333333" lon="-48.58091666666666"><ele>10.1</ele></trkpt><trkpt lat="-27.01200833333333" lon="-48.58093"><ele>10.2</ele></trkpt><trkpt lat="-27.011993333333333" lon="-48.58094166666667"><ele>10.1</ele></trkpt><trkpt lat="-27.011993333333333" lon="-48.58094166666667"><ele>10.1</ele></trkpt><trkpt lat="-27.011984999999996" lon="-48.580954999999996"><ele>10.1</ele></trkpt><trkpt lat="-27.011986666666665" lon="-48.580956666666665"><ele>9.7</ele></trkpt><trkpt lat="-27.01198833333334" lon="-48.580958333333335"><ele>9.9</ele></trkpt><trkpt lat="-27.01198833333334" lon="-48.580958333333335"><ele>9.9</ele></trkpt><trkpt lat="-27.01198833333334" lon="-48.580958333333335"><ele>9.9</ele></trkpt><trkpt lat="-27.01198833333334" lon="-48.580958333333335"><ele>9.9</ele></trkpt><trkpt lat="-27.01198833333334" lon="-48.580958333333335"><ele>9.9</ele></trkpt><trkpt lat="-27.01198833333334" lon="-48.580958333333335"><ele>9.9</ele></trkpt><trkpt lat="-27.01198833333334" lon="-48.580958333333335"><ele>9.9</ele></trkpt><trkpt lat="-27.01198833333334" lon="-48.580958333333335"><ele>9.9</ele></trkpt><trkpt lat="-27.01198833333334" lon="-48.580958333333335"><ele>9.9</ele></trkpt><trkpt lat="-27.01198833333334" lon="-48.580958333333335"><ele>9.9</ele></trkpt><trkpt lat="-27.01198833333334" lon="-48.580958333333335"><ele>9.9</ele></trkpt><trkpt lat="-27.01198833333334" lon="-48.580958333333335"><ele>9.9</ele></trkpt><trkpt lat="-27.01198833333334" lon="-48.580958333333335"><ele>9.9</ele></trkpt><trkpt lat="-27.01198833333334" lon="-48.580958333333335"><ele>9.9</ele></trkpt><trkpt lat="-27.01198833333334" lon="-48.580958333333335"><ele>9.9</ele></trkpt><trkpt lat="-27.01198833333334" lon="-48.580958333333335"><ele>9.9</ele></trkpt><trkpt lat="-27.01198833333334" lon="-48.580958333333335"><ele>9.9</ele></trkpt><trkpt lat="-27.01198833333334" lon="-48.580958333333335"><ele>9.9</ele></trkpt><trkpt lat="-27.01198833333334" lon="-48.580958333333335"><ele>9.9</ele></trkpt><trkpt lat="-27.01198833333334" lon="-48.580958333333335"><ele>9.9</ele></trkpt><trkpt lat="-27.01191833333333" lon="-48.58096666666667"><ele>10.1</ele></trkpt><trkpt lat="-27.01189" lon="-48.58097166666666"><ele>10</ele></trkpt><trkpt lat="-27.011855" lon="-48.580975"><ele>10.3</ele></trkpt><trkpt lat="-27.011819999999997" lon="-48.58096999999999"><ele>10.7</ele></trkpt><trkpt lat="-27.011786666666662" lon="-48.58096333333333"><ele>10.6</ele></trkpt><trkpt lat="-27.011758333333333" lon="-48.580958333333335"><ele>10.9</ele></trkpt><trkpt lat="-27.011728333333334" lon="-48.580954999999996"><ele>11.3</ele></trkpt><trkpt lat="-27.011685000000003" lon="-48.58094333333334"><ele>12.5</ele></trkpt><trkpt lat="-27.011655000000005" lon="-48.58093166666666"><ele>12.7</ele></trkpt><trkpt lat="-27.01163166666667" lon="-48.58091666666666"><ele>13.1</ele></trkpt><trkpt lat="-27.011595000000003" lon="-48.58089833333334"><ele>13.1</ele></trkpt><trkpt lat="-27.01156" lon="-48.58087999999999"><ele>12.7</ele></trkpt><trkpt lat="-27.01152666666667" lon="-48.580864999999996"><ele>12.8</ele></trkpt><trkpt lat="-27.011473333333335" lon="-48.58084999999999"><ele>12.5</ele></trkpt><trkpt lat="-27.011431666666667" lon="-48.58083666666666"><ele>12.7</ele></trkpt><trkpt lat="-27.01139" lon="-48.580821666666665"><ele>12.7</ele></trkpt><trkpt lat="-27.01135" lon="-48.58081000000001"><ele>12.7</ele></trkpt><trkpt lat="-27.01132" lon="-48.58079833333333"><ele>12.6</ele></trkpt><trkpt lat="-27.011295000000004" lon="-48.58078166666666"><ele>12.8</ele></trkpt><trkpt lat="-27.011250000000004" lon="-48.58075999999999"><ele>11.9</ele></trkpt><trkpt lat="-27.011205000000004" lon="-48.58074333333334"><ele>10.3</ele></trkpt><trkpt lat="-27.01118" lon="-48.58072666666667"><ele>9.5</ele></trkpt><trkpt lat="-27.011156666666672" lon="-48.580711666666666"><ele>8.7</ele></trkpt><trkpt lat="-27.011118333333336" lon="-48.58069666666667"><ele>6.9</ele></trkpt><trkpt lat="-27.01109" lon="-48.580684999999995"><ele>5.7</ele></trkpt><trkpt lat="-27.011070000000004" lon="-48.580666666666666"><ele>5.7</ele></trkpt><trkpt lat="-27.01105" lon="-48.58064833333333"><ele>6</ele></trkpt><trkpt lat="-27.01103666666667" lon="-48.58062499999999"><ele>6.7</ele></trkpt><trkpt lat="-27.011025000000004" lon="-48.58060333333333"><ele>7.5</ele></trkpt><trkpt lat="-27.011008333333333" lon="-48.58057833333334"><ele>8.2</ele></trkpt><trkpt lat="-27.01099" lon="-48.580549999999995"><ele>8.4</ele></trkpt><trkpt lat="-27.01097333333333" lon="-48.580528333333326"><ele>9.1</ele></trkpt><trkpt lat="-27.01095833333333" lon="-48.58050166666667"><ele>9.5</ele></trkpt><trkpt lat="-27.01094333333333" lon="-48.58047833333333"><ele>9.4</ele></trkpt><trkpt lat="-27.010924999999997" lon="-48.580455"><ele>9.3</ele></trkpt><trkpt lat="-27.01091333333333" lon="-48.580438333333326"><ele>9.7</ele></trkpt><trkpt lat="-27.0109" lon="-48.580416666666665"><ele>10</ele></trkpt><trkpt lat="-27.010888333333334" lon="-48.58039999999999"><ele>9.9</ele></trkpt><trkpt lat="-27.010878333333334" lon="-48.58038"><ele>9.8</ele></trkpt><trkpt lat="-27.01087" lon="-48.58036333333333"><ele>10</ele></trkpt><trkpt lat="-27.010863333333337" lon="-48.58033833333334"><ele>10.2</ele></trkpt><trkpt lat="-27.01085333333333" lon="-48.58030999999999"><ele>10.5</ele></trkpt><trkpt lat="-27.010843333333334" lon="-48.580285"><ele>10.1</ele></trkpt><trkpt lat="-27.010833333333334" lon="-48.580258333333326"><ele>9.3</ele></trkpt><trkpt lat="-27.01082" lon="-48.58023166666667"><ele>8.7</ele></trkpt><trkpt lat="-27.01080833333333" lon="-48.58021"><ele>8.2</ele></trkpt><trkpt lat="-27.010789999999997" lon="-48.58018333333333"><ele>7.9</ele></trkpt><trkpt lat="-27.010789999999997" lon="-48.58018333333333"><ele>7.9</ele></trkpt><trkpt lat="-27.01077833333333" lon="-48.58015333333333"><ele>8.4</ele></trkpt><trkpt lat="-27.01077" lon="-48.580126666666665"><ele>8.2</ele></trkpt><trkpt lat="-27.010765" lon="-48.580101666666664"><ele>8.3</ele></trkpt><trkpt lat="-27.010761666666667" lon="-48.580095"><ele>8.4</ele></trkpt><trkpt lat="-27.01076333333333" lon="-48.58008499999999"><ele>9.3</ele></trkpt><trkpt lat="-27.010761666666667" lon="-48.580078333333326"><ele>9.7</ele></trkpt><trkpt lat="-27.01076333333333" lon="-48.580075"><ele>10</ele></trkpt><trkpt lat="-27.010765" lon="-48.58007666666667"><ele>9.8</ele></trkpt><trkpt lat="-27.01076833333333" lon="-48.580078333333326"><ele>9.9</ele></trkpt><trkpt lat="-27.010771666666663" lon="-48.580081666666665"><ele>10.1</ele></trkpt><trkpt lat="-27.010773333333336" lon="-48.58008499999999"><ele>10.2</ele></trkpt><trkpt lat="-27.010773333333336" lon="-48.58008499999999"><ele>10.2</ele></trkpt><trkpt lat="-27.01077666666667" lon="-48.580086666666666"><ele>10.2</ele></trkpt><trkpt lat="-27.01077833333333" lon="-48.580086666666666"><ele>9.8</ele></trkpt><trkpt lat="-27.01078166666667" lon="-48.580086666666666"><ele>9.7</ele></trkpt><trkpt lat="-27.01078166666667" lon="-48.580086666666666"><ele>9.7</ele></trkpt><trkpt lat="-27.01078166666667" lon="-48.580086666666666"><ele>9.7</ele></trkpt><trkpt lat="-27.01078166666667" lon="-48.580086666666666"><ele>9.7</ele></trkpt><trkpt lat="-27.01078166666667" lon="-48.580086666666666"><ele>9.7</ele></trkpt><trkpt lat="-27.01078166666667" lon="-48.580086666666666"><ele>9.7</ele></trkpt><trkpt lat="-27.01078166666667" lon="-48.580086666666666"><ele>9.7</ele></trkpt><trkpt lat="-27.01078166666667" lon="-48.580086666666666"><ele>9.7</ele></trkpt><trkpt lat="-27.01078166666667" lon="-48.580086666666666"><ele>9.7</ele></trkpt><trkpt lat="-27.010756666666666" lon="-48.58006666666667"><ele>9.1</ele></trkpt><trkpt lat="-27.010746666666666" lon="-48.58005166666667"><ele>8.9</ele></trkpt><trkpt lat="-27.01073666666667" lon="-48.58003999999999"><ele>8.4</ele></trkpt><trkpt lat="-27.010728333333336" lon="-48.58002833333333"><ele>8</ele></trkpt><trkpt lat="-27.010716666666667" lon="-48.580011666666664"><ele>7.7</ele></trkpt><trkpt lat="-27.01070666666667" lon="-48.579998333333336"><ele>7.5</ele></trkpt><trkpt lat="-27.010699999999996" lon="-48.57998166666666"><ele>7.2</ele></trkpt><trkpt lat="-27.010699999999996" lon="-48.57998166666666"><ele>7.2</ele></trkpt><trkpt lat="-27.01069" lon="-48.57996166666667"><ele>6.9</ele></trkpt><trkpt lat="-27.01067833333333" lon="-48.57994166666667"><ele>6</ele></trkpt><trkpt lat="-27.010666666666665" lon="-48.57992333333333"><ele>5.4</ele></trkpt><trkpt lat="-27.010654999999996" lon="-48.579899999999995"><ele>5.5</ele></trkpt><trkpt lat="-27.010645" lon="-48.579874999999994"><ele>5.5</ele></trkpt><trkpt lat="-27.01063333333333" lon="-48.57984833333333"><ele>5.4</ele></trkpt><trkpt lat="-27.010624999999997" lon="-48.579829999999994"><ele>5.6</ele></trkpt><trkpt lat="-27.01061666666667" lon="-48.57981499999999"><ele>6.4</ele></trkpt><trkpt lat="-27.010613333333335" lon="-48.579808333333325"><ele>6.9</ele></trkpt><trkpt lat="-27.010613333333335" lon="-48.579805"><ele>7.4</ele></trkpt><trkpt lat="-27.010618333333333" lon="-48.579798333333336"><ele>7.7</ele></trkpt><trkpt lat="-27.010620000000003" lon="-48.579795"><ele>8</ele></trkpt><trkpt lat="-27.010623333333335" lon="-48.57979166666667"><ele>8.1</ele></trkpt><trkpt lat="-27.010624999999997" lon="-48.57979"><ele>8.2</ele></trkpt><trkpt lat="-27.010624999999997" lon="-48.57979"><ele>8.2</ele></trkpt><trkpt lat="-27.010628333333337" lon="-48.579786666666664"><ele>8.3</ele></trkpt><trkpt lat="-27.010624999999997" lon="-48.57979333333333"><ele>8.2</ele></trkpt><trkpt lat="-27.010626666666667" lon="-48.57979666666667"><ele>8.4</ele></trkpt><trkpt lat="-27.010628333333337" lon="-48.57979999999999"><ele>8.6</ele></trkpt><trkpt lat="-27.010628333333337" lon="-48.57979999999999"><ele>8.6</ele></trkpt><trkpt lat="-27.010628333333337" lon="-48.57979999999999"><ele>8.6</ele></trkpt><trkpt lat="-27.010628333333337" lon="-48.57979999999999"><ele>8.6</ele></trkpt><trkpt lat="-27.010628333333337" lon="-48.57979999999999"><ele>8.6</ele></trkpt><trkpt lat="-27.010628333333337" lon="-48.57979999999999"><ele>8.6</ele></trkpt><trkpt lat="-27.010628333333337" lon="-48.57979999999999"><ele>8.6</ele></trkpt><trkpt lat="-27.010628333333337" lon="-48.57979999999999"><ele>8.6</ele></trkpt><trkpt lat="-27.010628333333337" lon="-48.57979999999999"><ele>8.6</ele></trkpt><trkpt lat="-27.010628333333337" lon="-48.57979999999999"><ele>8.6</ele></trkpt><trkpt lat="-27.010628333333337" lon="-48.57979999999999"><ele>8.6</ele></trkpt><trkpt lat="-27.010628333333337" lon="-48.57979999999999"><ele>8.6</ele></trkpt><trkpt lat="-27.010628333333337" lon="-48.57979999999999"><ele>8.6</ele></trkpt><trkpt lat="-27.010628333333337" lon="-48.57979999999999"><ele>8.6</ele></trkpt><trkpt lat="-27.010628333333337" lon="-48.57979999999999"><ele>8.6</ele></trkpt><trkpt lat="-27.010628333333337" lon="-48.57979999999999"><ele>8.6</ele></trkpt><trkpt lat="-27.010628333333337" lon="-48.57979999999999"><ele>8.6</ele></trkpt><trkpt lat="-27.01061666666667" lon="-48.579766666666664"><ele>9.1</ele></trkpt><trkpt lat="-27.010603333333332" lon="-48.579753333333336"><ele>9.1</ele></trkpt><trkpt lat="-27.01059" lon="-48.579735"><ele>8.8</ele></trkpt><trkpt lat="-27.010579999999997" lon="-48.579718333333325"><ele>9</ele></trkpt><trkpt lat="-27.010573333333333" lon="-48.57970333333333"><ele>9</ele></trkpt><trkpt lat="-27.010563333333334" lon="-48.57969"><ele>9.1</ele></trkpt><trkpt lat="-27.010555" lon="-48.579676666666664"><ele>9.2</ele></trkpt><trkpt lat="-27.01055" lon="-48.57967166666667"><ele>9.3</ele></trkpt><trkpt lat="-27.010546666666663" lon="-48.579674999999995"><ele>9.4</ele></trkpt><trkpt lat="-27.010546666666663" lon="-48.579676666666664"><ele>9.1</ele></trkpt><trkpt lat="-27.01054166666667" lon="-48.579676666666664"><ele>9</ele></trkpt><trkpt lat="-27.010533333333335" lon="-48.57968000000001"><ele>8.8</ele></trkpt><trkpt lat="-27.010533333333335" lon="-48.57968000000001"><ele>8.8</ele></trkpt><trkpt lat="-27.01052666666667" lon="-48.579683333333335"><ele>8.9</ele></trkpt><trkpt lat="-27.010523333333335" lon="-48.579686666666674"><ele>8.8</ele></trkpt><trkpt lat="-27.010516666666664" lon="-48.579685000000005"><ele>9</ele></trkpt><trkpt lat="-27.010513333333332" lon="-48.579686666666674"><ele>9</ele></trkpt><trkpt lat="-27.01051166666667" lon="-48.57968833333333"><ele>9.1</ele></trkpt><trkpt lat="-27.010513333333332" lon="-48.57969"><ele>9.4</ele></trkpt><trkpt lat="-27.010513333333332" lon="-48.57969"><ele>9.4</ele></trkpt><trkpt lat="-27.010513333333332" lon="-48.57969"><ele>9.4</ele></trkpt><trkpt lat="-27.01051166666667" lon="-48.579681666666666"><ele>9.6</ele></trkpt><trkpt lat="-27.010505" lon="-48.579674999999995"><ele>9.7</ele></trkpt><trkpt lat="-27.010495" lon="-48.57966666666666"><ele>9.6</ele></trkpt><trkpt lat="-27.010485000000003" lon="-48.57965166666666"><ele>9.7</ele></trkpt><trkpt lat="-27.010465" lon="-48.579641666666674"><ele>9.9</ele></trkpt><trkpt lat="-27.010448333333336" lon="-48.579636666666666"><ele>10.5</ele></trkpt><trkpt lat="-27.010429999999996" lon="-48.579636666666666"><ele>10.9</ele></trkpt><trkpt lat="-27.010405" lon="-48.579641666666674"><ele>11.3</ele></trkpt><trkpt lat="-27.010381666666664" lon="-48.57965333333333"><ele>11.9</ele></trkpt><trkpt lat="-27.010361666666668" lon="-48.57965666666667"><ele>12.4</ele></trkpt><trkpt lat="-27.010338333333333" lon="-48.579663333333336"><ele>12.5</ele></trkpt><trkpt lat="-27.01031833333333" lon="-48.579665000000006"><ele>13</ele></trkpt><trkpt lat="-27.010296666666665" lon="-48.57966833333333"><ele>13.4</ele></trkpt><trkpt lat="-27.010283333333337" lon="-48.57967"><ele>13.6</ele></trkpt><trkpt lat="-27.010275" lon="-48.57966833333333"><ele>13.8</ele></trkpt><trkpt lat="-27.01027" lon="-48.57967166666667"><ele>13.7</ele></trkpt><trkpt lat="-27.010261666666665" lon="-48.57967833333334"><ele>13</ele></trkpt><trkpt lat="-27.010253333333335" lon="-48.57968000000001"><ele>12.3</ele></trkpt><trkpt lat="-27.010246666666664" lon="-48.579683333333335"><ele>11.7</ele></trkpt><trkpt lat="-27.010238333333337" lon="-48.57968833333333"><ele>11.3</ele></trkpt><trkpt lat="-27.010233333333336" lon="-48.57969166666667"><ele>10.9</ele></trkpt><trkpt lat="-27.01023" lon="-48.57969666666666"><ele>10.7</ele></trkpt><trkpt lat="-27.010226666666668" lon="-48.57969666666666"><ele>10.8</ele></trkpt><trkpt lat="-27.010225" lon="-48.57969666666666"><ele>10.7</ele></trkpt><trkpt lat="-27.010226666666668" lon="-48.57969333333334"><ele>10.8</ele></trkpt><trkpt lat="-27.010226666666668" lon="-48.57969333333334"><ele>10.8</ele></trkpt><trkpt lat="-27.010226666666668" lon="-48.57969333333334"><ele>10.8</ele></trkpt><trkpt lat="-27.010226666666668" lon="-48.57969333333334"><ele>10.8</ele></trkpt><trkpt lat="-27.010226666666668" lon="-48.57969333333334"><ele>10.8</ele></trkpt><trkpt lat="-27.010226666666668" lon="-48.57969333333334"><ele>10.8</ele></trkpt><trkpt lat="-27.010226666666668" lon="-48.57969333333334"><ele>10.8</ele></trkpt><trkpt lat="-27.010226666666668" lon="-48.57969333333334"><ele>10.8</ele></trkpt><trkpt lat="-27.010226666666668" lon="-48.57969333333334"><ele>10.8</ele></trkpt><trkpt lat="-27.010226666666668" lon="-48.57969333333334"><ele>10.8</ele></trkpt><trkpt lat="-27.010226666666668" lon="-48.57969333333334"><ele>10.8</ele></trkpt><trkpt lat="-27.010226666666668" lon="-48.57969333333334"><ele>10.8</ele></trkpt><trkpt lat="-27.010226666666668" lon="-48.57969333333334"><ele>10.8</ele></trkpt><trkpt lat="-27.010226666666668" lon="-48.57969333333334"><ele>10.8</ele></trkpt><trkpt lat="-27.010226666666668" lon="-48.57969333333334"><ele>10.8</ele></trkpt><trkpt lat="-27.010226666666668" lon="-48.57969333333334"><ele>10.8</ele></trkpt><trkpt lat="-27.010226666666668" lon="-48.57969333333334"><ele>10.8</ele></trkpt><trkpt lat="-27.010226666666668" lon="-48.57969333333334"><ele>10.8</ele></trkpt><trkpt lat="-27.010226666666668" lon="-48.57969333333334"><ele>10.8</ele></trkpt><trkpt lat="-27.010226666666668" lon="-48.57969333333334"><ele>10.8</ele></trkpt><trkpt lat="-27.010226666666668" lon="-48.57969333333334"><ele>10.8</ele></trkpt><trkpt lat="-27.010226666666668" lon="-48.57969333333334"><ele>10.8</ele></trkpt><trkpt lat="-27.010226666666668" lon="-48.57969333333334"><ele>10.8</ele></trkpt><trkpt lat="-27.010226666666668" lon="-48.57969333333334"><ele>10.8</ele></trkpt><trkpt lat="-27.010226666666668" lon="-48.57969333333334"><ele>10.8</ele></trkpt><trkpt lat="-27.010226666666668" lon="-48.57969333333334"><ele>10.8</ele></trkpt><trkpt lat="-27.010226666666668" lon="-48.57969333333334"><ele>10.8</ele></trkpt><trkpt lat="-27.010226666666668" lon="-48.57969333333334"><ele>10.8</ele></trkpt><trkpt lat="-27.010226666666668" lon="-48.57969333333334"><ele>10.8</ele></trkpt><trkpt lat="-27.010226666666668" lon="-48.57969333333334"><ele>10.8</ele></trkpt><trkpt lat="-27.010226666666668" lon="-48.57969333333334"><ele>10.8</ele></trkpt><trkpt lat="-27.010226666666668" lon="-48.57969333333334"><ele>10.8</ele></trkpt><trkpt lat="-27.010226666666668" lon="-48.57969333333334"><ele>10.8</ele></trkpt><trkpt lat="-27.010226666666668" lon="-48.57969333333334"><ele>10.8</ele></trkpt><trkpt lat="-27.010226666666668" lon="-48.57969333333334"><ele>10.8</ele></trkpt><trkpt lat="-27.010226666666668" lon="-48.57969333333334"><ele>10.8</ele></trkpt><trkpt lat="-27.010226666666668" lon="-48.57969333333334"><ele>10.8</ele></trkpt><trkpt lat="-27.010226666666668" lon="-48.57969333333334"><ele>10.8</ele></trkpt><trkpt lat="-27.010218333333334" lon="-48.57971333333333"><ele>11.2</ele></trkpt><trkpt lat="-27.010204999999996" lon="-48.579726666666666"><ele>11.1</ele></trkpt><trkpt lat="-27.01019666666667" lon="-48.57974333333333"><ele>10.8</ele></trkpt><trkpt lat="-27.01018" lon="-48.579764999999995"><ele>10.3</ele></trkpt><trkpt lat="-27.010155" lon="-48.57978"><ele>10.2</ele></trkpt><trkpt lat="-27.01013833333333" lon="-48.57979166666667"><ele>10.1</ele></trkpt><trkpt lat="-27.010118333333335" lon="-48.579808333333325"><ele>9.9</ele></trkpt><trkpt lat="-27.010096666666662" lon="-48.579821666666675"><ele>9.4</ele></trkpt><trkpt lat="-27.010074999999997" lon="-48.57984166666667"><ele>9.5</ele></trkpt><trkpt lat="-27.01005" lon="-48.579863333333336"><ele>8.9</ele></trkpt><trkpt lat="-27.010025000000002" lon="-48.57987833333333"><ele>8.5</ele></trkpt><trkpt lat="-27.010006666666662" lon="-48.579885"><ele>8</ele></trkpt><trkpt lat="-27.009983333333334" lon="-48.57990333333334"><ele>8</ele></trkpt><trkpt lat="-27.009963333333335" lon="-48.579915"><ele>7.4</ele></trkpt><trkpt lat="-27.009948333333334" lon="-48.57993166666667"><ele>7.4</ele></trkpt><trkpt lat="-27.00993" lon="-48.57994999999999"><ele>7.2</ele></trkpt><trkpt lat="-27.00991333333333" lon="-48.57996333333334"><ele>6.9</ele></trkpt><trkpt lat="-27.009900000000002" lon="-48.579975"><ele>6.7</ele></trkpt><trkpt lat="-27.00988166666667" lon="-48.57998166666666"><ele>5.9</ele></trkpt><trkpt lat="-27.009873333333335" lon="-48.579991666666665"><ele>5.8</ele></trkpt><trkpt lat="-27.009856666666664" lon="-48.579991666666665"><ele>5.5</ele></trkpt><trkpt lat="-27.009856666666664" lon="-48.579991666666665"><ele>5.5</ele></trkpt><trkpt lat="-27.009846666666665" lon="-48.579996666666666"><ele>5.5</ele></trkpt><trkpt lat="-27.009841666666663" lon="-48.580000000000005"><ele>5.4</ele></trkpt><trkpt lat="-27.009833333333336" lon="-48.580000000000005"><ele>5.9</ele></trkpt><trkpt lat="-27.009830000000004" lon="-48.580005"><ele>6.2</ele></trkpt><trkpt lat="-27.00982666666666" lon="-48.579998333333336"><ele>5.8</ele></trkpt><trkpt lat="-27.00982333333333" lon="-48.580011666666664"><ele>5.6</ele></trkpt><trkpt lat="-27.00982333333333" lon="-48.58002166666667"><ele>5.1</ele></trkpt><trkpt lat="-27.009821666666667" lon="-48.58002333333334"><ele>4.7</ele></trkpt><trkpt lat="-27.00982333333333" lon="-48.58002833333333"><ele>4.8</ele></trkpt><trkpt lat="-27.009825" lon="-48.58003"><ele>5</ele></trkpt><trkpt lat="-27.009825" lon="-48.58003166666667"><ele>5.2</ele></trkpt><trkpt lat="-27.00982333333333" lon="-48.580033333333326"><ele>5.1</ele></trkpt><trkpt lat="-27.00982333333333" lon="-48.580033333333326"><ele>5.1</ele></trkpt><trkpt lat="-27.00982333333333" lon="-48.580033333333326"><ele>5.1</ele></trkpt><trkpt lat="-27.00982333333333" lon="-48.580033333333326"><ele>5.1</ele></trkpt><trkpt lat="-27.00982333333333" lon="-48.580033333333326"><ele>5.1</ele></trkpt><trkpt lat="-27.00982333333333" lon="-48.580033333333326"><ele>5.1</ele></trkpt><trkpt lat="-27.00982333333333" lon="-48.580033333333326"><ele>5.1</ele></trkpt><trkpt lat="-27.00982333333333" lon="-48.580033333333326"><ele>5.1</ele></trkpt><trkpt lat="-27.00982333333333" lon="-48.580033333333326"><ele>5.1</ele></trkpt><trkpt lat="-27.00982333333333" lon="-48.580033333333326"><ele>5.1</ele></trkpt><trkpt lat="-27.00982333333333" lon="-48.580033333333326"><ele>5.1</ele></trkpt><trkpt lat="-27.00982333333333" lon="-48.580033333333326"><ele>5.1</ele></trkpt><trkpt lat="-27.00982333333333" lon="-48.580033333333326"><ele>5.1</ele></trkpt><trkpt lat="-27.00982333333333" lon="-48.580033333333326"><ele>5.1</ele></trkpt><trkpt lat="-27.00982333333333" lon="-48.580033333333326"><ele>5.1</ele></trkpt><trkpt lat="-27.00982333333333" lon="-48.580033333333326"><ele>5.1</ele></trkpt><trkpt lat="-27.00982333333333" lon="-48.580033333333326"><ele>5.1</ele></trkpt><trkpt lat="-27.00982333333333" lon="-48.580033333333326"><ele>5.1</ele></trkpt><trkpt lat="-27.00982333333333" lon="-48.580033333333326"><ele>5.1</ele></trkpt><trkpt lat="-27.00982333333333" lon="-48.580033333333326"><ele>5.1</ele></trkpt><trkpt lat="-27.00982333333333" lon="-48.580033333333326"><ele>5.1</ele></trkpt><trkpt lat="-27.00982333333333" lon="-48.580033333333326"><ele>5.1</ele></trkpt><trkpt lat="-27.00982333333333" lon="-48.580033333333326"><ele>5.1</ele></trkpt><trkpt lat="-27.00982333333333" lon="-48.580033333333326"><ele>5.1</ele></trkpt><trkpt lat="-27.00982333333333" lon="-48.580033333333326"><ele>5.1</ele></trkpt><trkpt lat="-27.00982333333333" lon="-48.580033333333326"><ele>5.1</ele></trkpt><trkpt lat="-27.00982333333333" lon="-48.580033333333326"><ele>5.1</ele></trkpt><trkpt lat="-27.00982333333333" lon="-48.580033333333326"><ele>5.1</ele></trkpt><trkpt lat="-27.00982333333333" lon="-48.580033333333326"><ele>5.1</ele></trkpt><trkpt lat="-27.00982333333333" lon="-48.580033333333326"><ele>5.1</ele></trkpt><trkpt lat="-27.00982333333333" lon="-48.580033333333326"><ele>5.1</ele></trkpt><trkpt lat="-27.00982333333333" lon="-48.580033333333326"><ele>5.1</ele></trkpt><trkpt lat="-27.00982333333333" lon="-48.580033333333326"><ele>5.1</ele></trkpt><trkpt lat="-27.00982333333333" lon="-48.580033333333326"><ele>5.1</ele></trkpt><trkpt lat="-27.00982333333333" lon="-48.580033333333326"><ele>5.1</ele></trkpt><trkpt lat="-27.00982333333333" lon="-48.580033333333326"><ele>5.1</ele></trkpt><trkpt lat="-27.00982333333333" lon="-48.580033333333326"><ele>5.1</ele></trkpt><trkpt lat="-27.00982333333333" lon="-48.580033333333326"><ele>5.1</ele></trkpt><trkpt lat="-27.009811666666664" lon="-48.580058333333334"><ele>6.8</ele></trkpt><trkpt lat="-27.009800000000002" lon="-48.58006"><ele>7</ele></trkpt><trkpt lat="-27.009786666666667" lon="-48.580065"><ele>7.4</ele></trkpt><trkpt lat="-27.00977833333333" lon="-48.580075"><ele>7.3</ele></trkpt><trkpt lat="-27.009763333333332" lon="-48.58008499999999"><ele>7.2</ele></trkpt><trkpt lat="-27.009751666666663" lon="-48.580095"><ele>7.2</ele></trkpt><trkpt lat="-27.009740000000004" lon="-48.58010666666667"><ele>7.1</ele></trkpt><trkpt lat="-27.009728333333335" lon="-48.58012166666667"><ele>6.9</ele></trkpt><trkpt lat="-27.009714999999996" lon="-48.58014333333334"><ele>6.7</ele></trkpt><trkpt lat="-27.00968833333333" lon="-48.580168333333326"><ele>6.5</ele></trkpt><trkpt lat="-27.00965833333333" lon="-48.580193333333334"><ele>6.2</ele></trkpt><trkpt lat="-27.009624999999996" lon="-48.58021833333334"><ele>5.5</ele></trkpt><trkpt lat="-27.009594999999997" lon="-48.580238333333334"><ele>5.4</ele></trkpt><trkpt lat="-27.009565" lon="-48.580259999999996"><ele>5.1</ele></trkpt><trkpt lat="-27.009534999999996" lon="-48.580285"><ele>4.6</ele></trkpt><trkpt lat="-27.009506666666667" lon="-48.58030999999999"><ele>4.2</ele></trkpt><trkpt lat="-27.009476666666668" lon="-48.58033333333333"><ele>4</ele></trkpt><trkpt lat="-27.00945" lon="-48.58035499999999"><ele>3.9</ele></trkpt><trkpt lat="-27.00942166666667" lon="-48.580373333333334"><ele>3.8</ele></trkpt><trkpt lat="-27.00942166666667" lon="-48.580373333333334"><ele>3.8</ele></trkpt><trkpt lat="-27.009395" lon="-48.580393333333326"><ele>3.8</ele></trkpt><trkpt lat="-27.009368333333335" lon="-48.580418333333334"><ele>3.7</ele></trkpt><trkpt lat="-27.009341666666668" lon="-48.58044666666667"><ele>3.8</ele></trkpt><trkpt lat="-27.009309999999996" lon="-48.58047499999999"><ele>3.9</ele></trkpt><trkpt lat="-27.009276666666665" lon="-48.58050166666667"><ele>3.9</ele></trkpt><trkpt lat="-27.009245000000004" lon="-48.580528333333326"><ele>4</ele></trkpt><trkpt lat="-27.00921" lon="-48.580551666666665"><ele>3.8</ele></trkpt><trkpt lat="-27.009161666666667" lon="-48.58057833333334"><ele>4.4</ele></trkpt><trkpt lat="-27.009126666666663" lon="-48.580600000000004"><ele>4.5</ele></trkpt><trkpt lat="-27.00909166666667" lon="-48.58062333333334"><ele>5.3</ele></trkpt><trkpt lat="-27.00906166666667" lon="-48.580646666666674"><ele>5.8</ele></trkpt><trkpt lat="-27.00903166666667" lon="-48.58066833333334"><ele>6.2</ele></trkpt><trkpt lat="-27.009" lon="-48.580691666666674"><ele>6.5</ele></trkpt><trkpt lat="-27.008968333333335" lon="-48.58071666666667"><ele>6.7</ele></trkpt><trkpt lat="-27.008934999999997" lon="-48.58074"><ele>6.5</ele></trkpt><trkpt lat="-27.008901666666663" lon="-48.58076333333334"><ele>6.3</ele></trkpt><trkpt lat="-27.008871666666664" lon="-48.580785"><ele>5.9</ele></trkpt><trkpt lat="-27.008843333333335" lon="-48.58080333333334"><ele>5.8</ele></trkpt><trkpt lat="-27.008814999999995" lon="-48.580821666666665"><ele>6.1</ele></trkpt><trkpt lat="-27.008796666666665" lon="-48.58084333333333"><ele>6.2</ele></trkpt><trkpt lat="-27.008769999999995" lon="-48.58085833333333"><ele>5.7</ele></trkpt><trkpt lat="-27.008748333333333" lon="-48.58087666666667"><ele>6</ele></trkpt><trkpt lat="-27.008748333333333" lon="-48.58087666666667"><ele>6</ele></trkpt><trkpt lat="-27.008724999999995" lon="-48.58089333333334"><ele>6.1</ele></trkpt><trkpt lat="-27.00870166666667" lon="-48.58090833333334"><ele>7</ele></trkpt><trkpt lat="-27.008681666666668" lon="-48.58092333333334"><ele>7.3</ele></trkpt><trkpt lat="-27.008668333333336" lon="-48.58094166666667"><ele>8.1</ele></trkpt><trkpt lat="-27.008654999999997" lon="-48.580958333333335"><ele>8.7</ele></trkpt><trkpt lat="-27.00864166666667" lon="-48.58097166666666"><ele>9.3</ele></trkpt><trkpt lat="-27.008631666666663" lon="-48.58098"><ele>9.6</ele></trkpt><trkpt lat="-27.008613333333333" lon="-48.58099666666667"><ele>10.2</ele></trkpt><trkpt lat="-27.008613333333333" lon="-48.58099666666667"><ele>10.2</ele></trkpt><trkpt lat="-27.00859833333333" lon="-48.58101"><ele>10.4</ele></trkpt><trkpt lat="-27.008588333333332" lon="-48.58102"><ele>10.2</ele></trkpt><trkpt lat="-27.008570000000002" lon="-48.58102333333333"><ele>10.2</ele></trkpt><trkpt lat="-27.00855333333333" lon="-48.581026666666666"><ele>9.7</ele></trkpt><trkpt lat="-27.00853833333333" lon="-48.58102833333334"><ele>9.4</ele></trkpt><trkpt lat="-27.00853833333333" lon="-48.58102833333334"><ele>9.4</ele></trkpt><trkpt lat="-27.008519999999997" lon="-48.58103166666667"><ele>8.7</ele></trkpt><trkpt lat="-27.008498333333332" lon="-48.58103666666666"><ele>8.6</ele></trkpt><trkpt lat="-27.008473333333335" lon="-48.581046666666666"><ele>7.9</ele></trkpt><trkpt lat="-27.008473333333335" lon="-48.581046666666666"><ele>7.9</ele></trkpt><trkpt lat="-27.008473333333335" lon="-48.581046666666666"><ele>7.9</ele></trkpt><trkpt lat="-27.00845" lon="-48.58106166666666"><ele>7.1</ele></trkpt><trkpt lat="-27.008426666666665" lon="-48.58108000000001"><ele>7</ele></trkpt><trkpt lat="-27.008399999999998" lon="-48.581095000000005"><ele>6.6</ele></trkpt><trkpt lat="-27.00837333333333" lon="-48.58110833333333"><ele>6.4</ele></trkpt><trkpt lat="-27.008346666666665" lon="-48.58112500000001"><ele>6.2</ele></trkpt><trkpt lat="-27.008321666666667" lon="-48.581138333333335"><ele>5.7</ele></trkpt><trkpt lat="-27.008298333333332" lon="-48.58115333333333"><ele>5</ele></trkpt><trkpt lat="-27.008298333333332" lon="-48.58115333333333"><ele>5</ele></trkpt><trkpt lat="-27.008275000000005" lon="-48.58116333333334"><ele>4.6</ele></trkpt><trkpt lat="-27.008249999999997" lon="-48.581179999999996"><ele>4.4</ele></trkpt><trkpt lat="-27.00823666666667" lon="-48.58119333333334"><ele>4.3</ele></trkpt><trkpt lat="-27.008225" lon="-48.581205"><ele>4.3</ele></trkpt><trkpt lat="-27.008213333333334" lon="-48.58121333333334"><ele>4.4</ele></trkpt><trkpt lat="-27.008198333333333" lon="-48.58122"><ele>4.5</ele></trkpt><trkpt lat="-27.008185000000005" lon="-48.58123166666666"><ele>4.8</ele></trkpt><trkpt lat="-27.008166666666664" lon="-48.58124666666666"><ele>5.4</ele></trkpt><trkpt lat="-27.008143333333336" lon="-48.58125666666667"><ele>5</ele></trkpt><trkpt lat="-27.008143333333336" lon="-48.58125666666667"><ele>5</ele></trkpt><trkpt lat="-27.008118333333332" lon="-48.58126666666667"><ele>5.5</ele></trkpt><trkpt lat="-27.008095000000004" lon="-48.58128"><ele>5.7</ele></trkpt><trkpt lat="-27.008066666666664" lon="-48.581295"><ele>6.3</ele></trkpt><trkpt lat="-27.008035000000003" lon="-48.58131333333334"><ele>6.3</ele></trkpt><trkpt lat="-27.00800333333333" lon="-48.581329999999994"><ele>6.6</ele></trkpt><trkpt lat="-27.007975000000002" lon="-48.58134499999999"><ele>7.1</ele></trkpt><trkpt lat="-27.007949999999997" lon="-48.58136"><ele>7.3</ele></trkpt><trkpt lat="-27.00792333333333" lon="-48.58137333333334"><ele>7.3</ele></trkpt><trkpt lat="-27.007889999999996" lon="-48.58139833333333"><ele>8.4</ele></trkpt><trkpt lat="-27.007865" lon="-48.581415"><ele>8.3</ele></trkpt><trkpt lat="-27.00784" lon="-48.58143166666667"><ele>8.3</ele></trkpt><trkpt lat="-27.00781833333333" lon="-48.581445"><ele>8.3</ele></trkpt><trkpt lat="-27.007798333333334" lon="-48.58145833333333"><ele>8.2</ele></trkpt><trkpt lat="-27.00777666666667" lon="-48.581464999999994"><ele>6.4</ele></trkpt><trkpt lat="-27.007754999999996" lon="-48.581478333333344"><ele>5</ele></trkpt><trkpt lat="-27.007736666666666" lon="-48.58149"><ele>4.2</ele></trkpt><trkpt lat="-27.007736666666666" lon="-48.58149"><ele>4.2</ele></trkpt><trkpt lat="-27.007718333333333" lon="-48.581500000000005"><ele>3.8</ele></trkpt><trkpt lat="-27.00769833333333" lon="-48.58150333333333"><ele>3.6</ele></trkpt><trkpt lat="-27.00767" lon="-48.58151666666666"><ele>3.7</ele></trkpt><trkpt lat="-27.007636666666667" lon="-48.58153166666666"><ele>4.3</ele></trkpt><trkpt lat="-27.007606666666668" lon="-48.58155"><ele>4.2</ele></trkpt><trkpt lat="-27.007574999999996" lon="-48.58156666666667"><ele>4.2</ele></trkpt><trkpt lat="-27.007546666666666" lon="-48.58158333333334"><ele>4.6</ele></trkpt><trkpt lat="-27.007514999999998" lon="-48.58159833333334"><ele>4.8</ele></trkpt><trkpt lat="-27.007483333333333" lon="-48.581613333333344"><ele>5</ele></trkpt><trkpt lat="-27.007448333333333" lon="-48.58163166666667"><ele>5</ele></trkpt><trkpt lat="-27.007411666666666" lon="-48.581646666666664"><ele>5.2</ele></trkpt><trkpt lat="-27.007375000000003" lon="-48.58166166666667"><ele>5.1</ele></trkpt><trkpt lat="-27.00734" lon="-48.58168166666666"><ele>5.3</ele></trkpt><trkpt lat="-27.007301666666663" lon="-48.5817"><ele>5.5</ele></trkpt><trkpt lat="-27.00726666666667" lon="-48.58172"><ele>5.7</ele></trkpt><trkpt lat="-27.007229999999996" lon="-48.581736666666664"><ele>5.8</ele></trkpt><trkpt lat="-27.007198333333335" lon="-48.58175333333334"><ele>6.1</ele></trkpt><trkpt lat="-27.007168333333333" lon="-48.58177333333333"><ele>6.3</ele></trkpt><trkpt lat="-27.007138333333334" lon="-48.58179166666667"><ele>7.1</ele></trkpt><trkpt lat="-27.007109999999997" lon="-48.58180833333333"><ele>7.3</ele></trkpt><trkpt lat="-27.007081666666668" lon="-48.581823333333325"><ele>7.2</ele></trkpt><trkpt lat="-27.007048333333334" lon="-48.58183999999999"><ele>7.2</ele></trkpt><trkpt lat="-27.007015000000003" lon="-48.581855"><ele>7.3</ele></trkpt><trkpt lat="-27.006985" lon="-48.581868333333325"><ele>7.2</ele></trkpt><trkpt lat="-27.006955" lon="-48.58188666666667"><ele>7.1</ele></trkpt><trkpt lat="-27.006925000000003" lon="-48.58190333333334"><ele>7.1</ele></trkpt><trkpt lat="-27.006900000000005" lon="-48.581916666666665"><ele>7.2</ele></trkpt><trkpt lat="-27.006870000000003" lon="-48.58192999999999"><ele>7.2</ele></trkpt><trkpt lat="-27.006831666666667" lon="-48.58194"><ele>6.4</ele></trkpt><trkpt lat="-27.00680333333333" lon="-48.581950000000006"><ele>6.3</ele></trkpt><trkpt lat="-27.006776666666664" lon="-48.581963333333334"><ele>6.2</ele></trkpt><trkpt lat="-27.006755" lon="-48.58197666666667"><ele>6.1</ele></trkpt><trkpt lat="-27.006735000000003" lon="-48.58198833333333"><ele>5.4</ele></trkpt><trkpt lat="-27.006715" lon="-48.58199333333334"><ele>5.6</ele></trkpt><trkpt lat="-27.006705000000004" lon="-48.581995000000006"><ele>5.4</ele></trkpt><trkpt lat="-27.006703333333334" lon="-48.582"><ele>5.5</ele></trkpt><trkpt lat="-27.006701666666665" lon="-48.58200166666667"><ele>6.4</ele></trkpt><trkpt lat="-27.006703333333334" lon="-48.58200166666667"><ele>6.6</ele></trkpt><trkpt lat="-27.006705000000004" lon="-48.58200166666667"><ele>6.6</ele></trkpt><trkpt lat="-27.006705000000004" lon="-48.58200166666667"><ele>6.4</ele></trkpt><trkpt lat="-27.006705000000004" lon="-48.58199666666666"><ele>5.7</ele></trkpt><trkpt lat="-27.006705000000004" lon="-48.58199666666666"><ele>5.7</ele></trkpt><trkpt lat="-27.006706666666666" lon="-48.58199333333334"><ele>5.2</ele></trkpt><trkpt lat="-27.006708333333336" lon="-48.58199"><ele>4.4</ele></trkpt><trkpt lat="-27.006711666666668" lon="-48.58199"><ele>4.5</ele></trkpt><trkpt lat="-27.00671333333333" lon="-48.58199166666667"><ele>4.6</ele></trkpt><trkpt lat="-27.00671333333333" lon="-48.58199166666667"><ele>4.6</ele></trkpt><trkpt lat="-27.00671333333333" lon="-48.58199166666667"><ele>4.6</ele></trkpt><trkpt lat="-27.00671333333333" lon="-48.58199166666667"><ele>4.6</ele></trkpt><trkpt lat="-27.00671333333333" lon="-48.58199166666667"><ele>4.6</ele></trkpt><trkpt lat="-27.00671333333333" lon="-48.58199166666667"><ele>4.6</ele></trkpt><trkpt lat="-27.00671333333333" lon="-48.58199166666667"><ele>4.6</ele></trkpt><trkpt lat="-27.00671333333333" lon="-48.58199166666667"><ele>4.6</ele></trkpt><trkpt lat="-27.00671333333333" lon="-48.58199166666667"><ele>4.6</ele></trkpt><trkpt lat="-27.00671333333333" lon="-48.58199166666667"><ele>4.6</ele></trkpt><trkpt lat="-27.00671333333333" lon="-48.58199166666667"><ele>4.6</ele></trkpt><trkpt lat="-27.00671333333333" lon="-48.58199166666667"><ele>4.6</ele></trkpt><trkpt lat="-27.00671333333333" lon="-48.58199166666667"><ele>4.6</ele></trkpt><trkpt lat="-27.00671333333333" lon="-48.58199166666667"><ele>4.6</ele></trkpt><trkpt lat="-27.00671333333333" lon="-48.58199166666667"><ele>4.6</ele></trkpt><trkpt lat="-27.00671333333333" lon="-48.58199166666667"><ele>4.6</ele></trkpt><trkpt lat="-27.00671333333333" lon="-48.58199166666667"><ele>4.6</ele></trkpt><trkpt lat="-27.00671333333333" lon="-48.58199166666667"><ele>4.6</ele></trkpt><trkpt lat="-27.00671333333333" lon="-48.58199166666667"><ele>4.6</ele></trkpt><trkpt lat="-27.00671333333333" lon="-48.58199166666667"><ele>4.6</ele></trkpt><trkpt lat="-27.00671333333333" lon="-48.58199166666667"><ele>4.6</ele></trkpt><trkpt lat="-27.00671333333333" lon="-48.58199166666667"><ele>4.6</ele></trkpt><trkpt lat="-27.00671333333333" lon="-48.58199166666667"><ele>4.6</ele></trkpt><trkpt lat="-27.00671333333333" lon="-48.58199166666667"><ele>4.6</ele></trkpt><trkpt lat="-27.00671333333333" lon="-48.58199166666667"><ele>4.6</ele></trkpt><trkpt lat="-27.00671333333333" lon="-48.58199166666667"><ele>4.6</ele></trkpt><trkpt lat="-27.006694999999997" lon="-48.582015"><ele>9.9</ele></trkpt><trkpt lat="-27.006678333333337" lon="-48.58201833333332"><ele>10.1</ele></trkpt><trkpt lat="-27.006658333333334" lon="-48.582026666666664"><ele>10.1</ele></trkpt><trkpt lat="-27.006633333333337" lon="-48.582026666666664"><ele>9.8</ele></trkpt><trkpt lat="-27.006603333333334" lon="-48.58203666666667"><ele>9.7</ele></trkpt><trkpt lat="-27.00657833333333" lon="-48.582045"><ele>9.6</ele></trkpt><trkpt lat="-27.006555000000002" lon="-48.582053333333334"><ele>9.6</ele></trkpt><trkpt lat="-27.006529999999998" lon="-48.58206499999999"><ele>9.3</ele></trkpt><trkpt lat="-27.006508333333333" lon="-48.58206833333334"><ele>9</ele></trkpt><trkpt lat="-27.006486666666667" lon="-48.582075"><ele>9</ele></trkpt><trkpt lat="-27.006465000000002" lon="-48.58208333333334"><ele>8.7</ele></trkpt><trkpt lat="-27.006441666666667" lon="-48.582094999999995"><ele>8.7</ele></trkpt><trkpt lat="-27.006418333333333" lon="-48.58210333333333"><ele>8.9</ele></trkpt><trkpt lat="-27.006394999999998" lon="-48.58211500000001"><ele>9</ele></trkpt><trkpt lat="-27.00637166666667" lon="-48.58212166666667"><ele>9.3</ele></trkpt><trkpt lat="-27.00637166666667" lon="-48.58212166666667"><ele>9.3</ele></trkpt><trkpt lat="-27.006351666666667" lon="-48.582135"><ele>9.1</ele></trkpt><trkpt lat="-27.00632333333333" lon="-48.582139999999995"><ele>8.9</ele></trkpt><trkpt lat="-27.006291666666666" lon="-48.582145000000004"><ele>9.1</ele></trkpt><trkpt lat="-27.006261666666667" lon="-48.58215"><ele>8.9</ele></trkpt><trkpt lat="-27.006231666666668" lon="-48.58216000000001"><ele>8.3</ele></trkpt><trkpt lat="-27.006195" lon="-48.58217500000001"><ele>8</ele></trkpt><trkpt lat="-27.006156666666666" lon="-48.58219666666667"><ele>8.1</ele></trkpt><trkpt lat="-27.006124999999997" lon="-48.58221333333333"><ele>8</ele></trkpt><trkpt lat="-27.006095" lon="-48.582228333333326"><ele>7.9</ele></trkpt><trkpt lat="-27.006061666666664" lon="-48.58223666666666"><ele>7.4</ele></trkpt><trkpt lat="-27.006023333333328" lon="-48.58224499999999"><ele>7.4</ele></trkpt><trkpt lat="-27.00598166666667" lon="-48.582251666666664"><ele>7.7</ele></trkpt><trkpt lat="-27.005946666666667" lon="-48.58226500000001"><ele>7.7</ele></trkpt><trkpt lat="-27.00592166666667" lon="-48.582273333333326"><ele>7.7</ele></trkpt><trkpt lat="-27.00589" lon="-48.58228666666667"><ele>7.6</ele></trkpt><trkpt lat="-27.005854999999997" lon="-48.582298333333334"><ele>7.7</ele></trkpt><trkpt lat="-27.005816666666668" lon="-48.58231000000001"><ele>7.9</ele></trkpt><trkpt lat="-27.005778333333335" lon="-48.582325000000004"><ele>8.2</ele></trkpt><trkpt lat="-27.00574" lon="-48.582341666666665"><ele>8.5</ele></trkpt><trkpt lat="-27.005701666666663" lon="-48.58235833333333"><ele>8.8</ele></trkpt><trkpt lat="-27.005659999999995" lon="-48.582370000000004"><ele>8.8</ele></trkpt><trkpt lat="-27.00562" lon="-48.58238500000001"><ele>9.1</ele></trkpt><trkpt lat="-27.005580000000002" lon="-48.58239666666667"><ele>9.3</ele></trkpt><trkpt lat="-27.005539999999996" lon="-48.582408333333326"><ele>9.5</ele></trkpt><trkpt lat="-27.005499999999998" lon="-48.58242"><ele>9.9</ele></trkpt><trkpt lat="-27.005461666666665" lon="-48.582433333333334"><ele>10.2</ele></trkpt><trkpt lat="-27.005425" lon="-48.58244333333334"><ele>10.6</ele></trkpt><trkpt lat="-27.005386666666663" lon="-48.582453333333326"><ele>10.8</ele></trkpt><trkpt lat="-27.005360000000003" lon="-48.582453333333326"><ele>10.7</ele></trkpt><trkpt lat="-27.005328333333335" lon="-48.58246666666667"><ele>10.9</ele></trkpt><trkpt lat="-27.00529333333333" lon="-48.582480000000004"><ele>11</ele></trkpt><trkpt lat="-27.005256666666664" lon="-48.58249000000001"><ele>11</ele></trkpt><trkpt lat="-27.005228333333335" lon="-48.582505000000005"><ele>11.3</ele></trkpt><trkpt lat="-27.005201666666668" lon="-48.582514999999994"><ele>11.5</ele></trkpt><trkpt lat="-27.005165" lon="-48.582525000000004"><ele>11.7</ele></trkpt><trkpt lat="-27.00512833333333" lon="-48.58253833333333"><ele>11.9</ele></trkpt><trkpt lat="-27.005091666666665" lon="-48.582555"><ele>11.9</ele></trkpt><trkpt lat="-27.005055000000002" lon="-48.582568333333334"><ele>12.2</ele></trkpt><trkpt lat="-27.005011666666665" lon="-48.58258000000001"><ele>12.5</ele></trkpt><trkpt lat="-27.004974999999998" lon="-48.58258833333333"><ele>12.8</ele></trkpt><trkpt lat="-27.00494" lon="-48.58259666666666"><ele>13</ele></trkpt><trkpt lat="-27.00490333333333" lon="-48.582604999999994"><ele>13.2</ele></trkpt><trkpt lat="-27.00486166666667" lon="-48.58262"><ele>13.4</ele></trkpt><trkpt lat="-27.00483166666667" lon="-48.58263333333333"><ele>13.7</ele></trkpt><trkpt lat="-27.00480166666667" lon="-48.582645"><ele>13.9</ele></trkpt><trkpt lat="-27.00477" lon="-48.582660000000004"><ele>14.3</ele></trkpt><trkpt lat="-27.00473833333333" lon="-48.582675"><ele>14.6</ele></trkpt><trkpt lat="-27.00471333333333" lon="-48.582681666666666"><ele>14.9</ele></trkpt><trkpt lat="-27.00468166666667" lon="-48.58268833333333"><ele>15.3</ele></trkpt><trkpt lat="-27.00463666666667" lon="-48.582706666666674"><ele>14.1</ele></trkpt><trkpt lat="-27.00460333333333" lon="-48.58271333333334"><ele>14.2</ele></trkpt><trkpt lat="-27.004571666666667" lon="-48.58272"><ele>13.8</ele></trkpt><trkpt lat="-27.00454" lon="-48.582735"><ele>13</ele></trkpt><trkpt lat="-27.00451666666667" lon="-48.582748333333335"><ele>12.2</ele></trkpt><trkpt lat="-27.00448833333333" lon="-48.58276000000001"><ele>11.4</ele></trkpt><trkpt lat="-27.00448833333333" lon="-48.58276000000001"><ele>11.4</ele></trkpt><trkpt lat="-27.004458333333332" lon="-48.58277"><ele>10.8</ele></trkpt><trkpt lat="-27.004431666666665" lon="-48.58278166666667"><ele>10</ele></trkpt><trkpt lat="-27.004403333333336" lon="-48.582791666666665"><ele>9.4</ele></trkpt><trkpt lat="-27.004373333333334" lon="-48.58280333333334"><ele>9</ele></trkpt><trkpt lat="-27.004343333333335" lon="-48.58282333333333"><ele>8.5</ele></trkpt><trkpt lat="-27.00430833333333" lon="-48.582845"><ele>8</ele></trkpt><trkpt lat="-27.00427666666667" lon="-48.582863333333336"><ele>7.8</ele></trkpt><trkpt lat="-27.004248333333333" lon="-48.582874999999994"><ele>7.5</ele></trkpt><trkpt lat="-27.004223333333336" lon="-48.582874999999994"><ele>6.7</ele></trkpt><trkpt lat="-27.00419" lon="-48.582879999999996"><ele>7.8</ele></trkpt><trkpt lat="-27.004149999999996" lon="-48.582883333333335"><ele>7.8</ele></trkpt><trkpt lat="-27.004119999999997" lon="-48.58289333333334"><ele>7.4</ele></trkpt><trkpt lat="-27.004091666666667" lon="-48.582906666666666"><ele>7</ele></trkpt><trkpt lat="-27.004059999999996" lon="-48.582915"><ele>6.4</ele></trkpt><trkpt lat="-27.004059999999996" lon="-48.582915"><ele>6.4</ele></trkpt><trkpt lat="-27.004025000000002" lon="-48.582918333333325"><ele>5.8</ele></trkpt><trkpt lat="-27.003995" lon="-48.582924999999996"><ele>5.3</ele></trkpt><trkpt lat="-27.003965" lon="-48.582931666666674"><ele>4.5</ele></trkpt><trkpt lat="-27.003965" lon="-48.582931666666674"><ele>4.5</ele></trkpt><trkpt lat="-27.003935000000002" lon="-48.58293666666667"><ele>4.2</ele></trkpt><trkpt lat="-27.003906666666662" lon="-48.58294333333333"><ele>3.9</ele></trkpt><trkpt lat="-27.003878333333333" lon="-48.58295"><ele>3.6</ele></trkpt><trkpt lat="-27.003846666666664" lon="-48.58295499999999"><ele>3.1</ele></trkpt><trkpt lat="-27.003815" lon="-48.58296666666667"><ele>3</ele></trkpt><trkpt lat="-27.003778333333337" lon="-48.582975000000005"><ele>2.8</ele></trkpt><trkpt lat="-27.003743333333333" lon="-48.58298333333334"><ele>2.7</ele></trkpt><trkpt lat="-27.003718333333335" lon="-48.58299"><ele>2.8</ele></trkpt><trkpt lat="-27.00369166666667" lon="-48.58299166666667"><ele>2.9</ele></trkpt><trkpt lat="-27.003665" lon="-48.58298833333333"><ele>3</ele></trkpt><trkpt lat="-27.003628333333335" lon="-48.582971666666666"><ele>4.7</ele></trkpt><trkpt lat="-27.0036" lon="-48.582964999999994"><ele>5.8</ele></trkpt><trkpt lat="-27.00357166666667" lon="-48.58296166666667"><ele>6.3</ele></trkpt><trkpt lat="-27.003550000000004" lon="-48.58296166666667"><ele>7.1</ele></trkpt><trkpt lat="-27.00353" lon="-48.58296166666667"><ele>7.7</ele></trkpt><trkpt lat="-27.003505000000004" lon="-48.58295833333333"><ele>7.8</ele></trkpt><trkpt lat="-27.00348166666667" lon="-48.58295833333333"><ele>8.2</ele></trkpt><trkpt lat="-27.00345666666666" lon="-48.582951666666666"><ele>8</ele></trkpt><trkpt lat="-27.00343666666667" lon="-48.58294833333333"><ele>8.1</ele></trkpt><trkpt lat="-27.003421666666668" lon="-48.58294166666666"><ele>8.1</ele></trkpt><trkpt lat="-27.003406666666667" lon="-48.582935"><ele>8.2</ele></trkpt><trkpt lat="-27.00339" lon="-48.582931666666674"><ele>8.2</ele></trkpt><trkpt lat="-27.003375" lon="-48.582930000000005"><ele>8.2</ele></trkpt><trkpt lat="-27.003355000000003" lon="-48.582926666666665"><ele>8.1</ele></trkpt><trkpt lat="-27.003343333333337" lon="-48.58292166666667"><ele>8.1</ele></trkpt><trkpt lat="-27.003328333333336" lon="-48.582919999999994"><ele>8.5</ele></trkpt><trkpt lat="-27.003316666666667" lon="-48.58292333333334"><ele>9.2</ele></trkpt><trkpt lat="-27.003296666666664" lon="-48.58292333333334"><ele>9.7</ele></trkpt><trkpt lat="-27.003281666666666" lon="-48.58292166666667"><ele>9.7</ele></trkpt><trkpt lat="-27.00327333333333" lon="-48.582918333333325"><ele>9.8</ele></trkpt><trkpt lat="-27.003266666666665" lon="-48.582915"><ele>9.5</ele></trkpt><trkpt lat="-27.00325833333333" lon="-48.58291166666666"><ele>9.7</ele></trkpt><trkpt lat="-27.00324833333333" lon="-48.58290999999999"><ele>10</ele></trkpt><trkpt lat="-27.003236666666666" lon="-48.582908333333336"><ele>10.1</ele></trkpt><trkpt lat="-27.003223333333334" lon="-48.582906666666666"><ele>10.4</ele></trkpt><trkpt lat="-27.00321333333333" lon="-48.58290999999999"><ele>10.8</ele></trkpt><trkpt lat="-27.0032" lon="-48.582906666666666"><ele>11.1</ele></trkpt><trkpt lat="-27.00318666666667" lon="-48.58290333333333"><ele>11.5</ele></trkpt><trkpt lat="-27.003178333333334" lon="-48.58290166666667"><ele>11.7</ele></trkpt><trkpt lat="-27.00317166666667" lon="-48.58289833333333"><ele>11.8</ele></trkpt><trkpt lat="-27.00316833333333" lon="-48.58289666666666"><ele>11.9</ele></trkpt><trkpt lat="-27.00315833333333" lon="-48.58289499999999"><ele>12.2</ele></trkpt><trkpt lat="-27.003145000000004" lon="-48.58289166666667"><ele>12.6</ele></trkpt><trkpt lat="-27.003133333333334" lon="-48.58288833333333"><ele>13.1</ele></trkpt><trkpt lat="-27.003125" lon="-48.582883333333335"><ele>13.5</ele></trkpt><trkpt lat="-27.00311" lon="-48.58287833333334"><ele>14.2</ele></trkpt><trkpt lat="-27.003100000000003" lon="-48.582873333333325"><ele>14.5</ele></trkpt><trkpt lat="-27.003089999999997" lon="-48.58286666666666"><ele>15.2</ele></trkpt><trkpt lat="-27.00308" lon="-48.58286499999999"><ele>15.7</ele></trkpt><trkpt lat="-27.00307" lon="-48.582861666666666"><ele>15.8</ele></trkpt><trkpt lat="-27.003058333333335" lon="-48.58285833333333"><ele>15.7</ele></trkpt><trkpt lat="-27.003046666666666" lon="-48.58285166666666"><ele>15.8</ele></trkpt><trkpt lat="-27.00303666666667" lon="-48.58284833333334"><ele>15.9</ele></trkpt><trkpt lat="-27.003028333333337" lon="-48.582845"><ele>16</ele></trkpt><trkpt lat="-27.00301833333333" lon="-48.582840000000004"><ele>16</ele></trkpt><trkpt lat="-27.003004999999998" lon="-48.582838333333335"><ele>16</ele></trkpt><trkpt lat="-27.002998333333334" lon="-48.582834999999996"><ele>16</ele></trkpt><trkpt lat="-27.00299" lon="-48.582834999999996"><ele>16.1</ele></trkpt><trkpt lat="-27.002981666666663" lon="-48.582836666666665"><ele>16.2</ele></trkpt><trkpt lat="-27.002966666666666" lon="-48.582838333333335"><ele>16.3</ele></trkpt><trkpt lat="-27.002953333333334" lon="-48.582840000000004"><ele>16.4</ele></trkpt><trkpt lat="-27.00294333333333" lon="-48.58283333333334"><ele>15.7</ele></trkpt><trkpt lat="-27.00292833333333" lon="-48.58282333333333"><ele>15.9</ele></trkpt><trkpt lat="-27.002921666666666" lon="-48.58281166666667"><ele>15.8</ele></trkpt><trkpt lat="-27.00291333333333" lon="-48.58280500000001"><ele>15.9</ele></trkpt><trkpt lat="-27.002906666666664" lon="-48.58281166666667"><ele>15.7</ele></trkpt><trkpt lat="-27.00289833333333" lon="-48.582815"><ele>15.3</ele></trkpt><trkpt lat="-27.00288666666667" lon="-48.58282166666666"><ele>15.1</ele></trkpt><trkpt lat="-27.002875000000003" lon="-48.58282333333333"><ele>14.8</ele></trkpt><trkpt lat="-27.002863333333334" lon="-48.58281999999999"><ele>14.7</ele></trkpt><trkpt lat="-27.002853333333338" lon="-48.58282166666666"><ele>14.6</ele></trkpt><trkpt lat="-27.00284" lon="-48.582825"><ele>14.2</ele></trkpt><trkpt lat="-27.002828333333333" lon="-48.58281999999999"><ele>14.1</ele></trkpt><trkpt lat="-27.002815000000002" lon="-48.582815"><ele>14</ele></trkpt><trkpt lat="-27.00279833333333" lon="-48.58281166666667"><ele>14.6</ele></trkpt><trkpt lat="-27.00278166666667" lon="-48.58281166666667"><ele>14.8</ele></trkpt><trkpt lat="-27.002768333333332" lon="-48.58280833333333"><ele>15.1</ele></trkpt><trkpt lat="-27.002755" lon="-48.5828"><ele>15.7</ele></trkpt><trkpt lat="-27.002744999999997" lon="-48.582795000000004"><ele>16.1</ele></trkpt><trkpt lat="-27.002731666666666" lon="-48.58278666666667"><ele>16.1</ele></trkpt><trkpt lat="-27.002716666666668" lon="-48.582783333333325"><ele>16.1</ele></trkpt><trkpt lat="-27.002705" lon="-48.58278"><ele>16.2</ele></trkpt><trkpt lat="-27.002689999999998" lon="-48.58277833333333"><ele>16.3</ele></trkpt><trkpt lat="-27.00268" lon="-48.582773333333336"><ele>16.3</ele></trkpt><trkpt lat="-27.002665" lon="-48.582771666666666"><ele>16.6</ele></trkpt><trkpt lat="-27.002653333333335" lon="-48.582773333333336"><ele>17</ele></trkpt><trkpt lat="-27.002643333333335" lon="-48.58277833333333"><ele>17</ele></trkpt><trkpt lat="-27.00263166666667" lon="-48.582783333333325"><ele>17.1</ele></trkpt><trkpt lat="-27.00262" lon="-48.582783333333325"><ele>17.3</ele></trkpt><trkpt lat="-27.002608333333335" lon="-48.58278166666667"><ele>17.4</ele></trkpt><trkpt lat="-27.002591666666664" lon="-48.58278666666667"><ele>17.1</ele></trkpt><trkpt lat="-27.002576666666663" lon="-48.5828"><ele>17</ele></trkpt><trkpt lat="-27.002563333333335" lon="-48.58281"><ele>16.9</ele></trkpt><trkpt lat="-27.002558333333333" lon="-48.58280500000001"><ele>16.9</ele></trkpt><trkpt lat="-27.002549999999996" lon="-48.58279833333333"><ele>16.4</ele></trkpt><trkpt lat="-27.002534999999998" lon="-48.58278833333334"><ele>16</ele></trkpt><trkpt lat="-27.002523333333336" lon="-48.582784999999994"><ele>16.1</ele></trkpt><trkpt lat="-27.002515000000002" lon="-48.58277666666666"><ele>16.3</ele></trkpt><trkpt lat="-27.002504999999996" lon="-48.58276833333333"><ele>16.2</ele></trkpt><trkpt lat="-27.002489999999998" lon="-48.58276000000001"><ele>16.4</ele></trkpt><trkpt lat="-27.002474999999997" lon="-48.582755"><ele>16.7</ele></trkpt><trkpt lat="-27.002456666666664" lon="-48.58274333333334"><ele>17.5</ele></trkpt><trkpt lat="-27.002435" lon="-48.582738333333324"><ele>17.5</ele></trkpt><trkpt lat="-27.002414999999996" lon="-48.58273166666666"><ele>17.5</ele></trkpt><trkpt lat="-27.002403333333337" lon="-48.582730000000005"><ele>17.5</ele></trkpt><trkpt lat="-27.002395" lon="-48.582724999999996"><ele>17.6</ele></trkpt><trkpt lat="-27.002384999999997" lon="-48.58272"><ele>17.5</ele></trkpt><trkpt lat="-27.002384999999997" lon="-48.58271500000001"><ele>17.1</ele></trkpt><trkpt lat="-27.002386666666666" lon="-48.58270833333333"><ele>17.4</ele></trkpt><trkpt lat="-27.002386666666666" lon="-48.582706666666674"><ele>17.7</ele></trkpt><trkpt lat="-27.002388333333336" lon="-48.582705000000004"><ele>18</ele></trkpt><trkpt lat="-27.002391666666668" lon="-48.58270000000001"><ele>18.3</ele></trkpt><trkpt lat="-27.002391666666668" lon="-48.58269833333334"><ele>18.3</ele></trkpt><trkpt lat="-27.002396666666662" lon="-48.58269833333334"><ele>18.4</ele></trkpt><trkpt lat="-27.002398333333336" lon="-48.58268833333333"><ele>18.7</ele></trkpt><trkpt lat="-27.002395" lon="-48.58268666666666"><ele>18.8</ele></trkpt><trkpt lat="-27.002401666666668" lon="-48.582685000000005"><ele>19</ele></trkpt><trkpt lat="-27.002398333333336" lon="-48.58268833333333"><ele>19.2</ele></trkpt><trkpt lat="-27.002396666666662" lon="-48.58269166666667"><ele>19.4</ele></trkpt><trkpt lat="-27.002396666666662" lon="-48.58269166666667"><ele>19.4</ele></trkpt><trkpt lat="-27.002396666666662" lon="-48.58269166666667"><ele>19.4</ele></trkpt><trkpt lat="-27.002396666666662" lon="-48.58269166666667"><ele>19.4</ele></trkpt><trkpt lat="-27.002396666666662" lon="-48.58269166666667"><ele>19.4</ele></trkpt><trkpt lat="-27.002396666666662" lon="-48.58269166666667"><ele>19.4</ele></trkpt><trkpt lat="-27.002396666666662" lon="-48.58269166666667"><ele>19.4</ele></trkpt><trkpt lat="-27.002396666666662" lon="-48.58269166666667"><ele>19.4</ele></trkpt><trkpt lat="-27.002396666666662" lon="-48.58269166666667"><ele>19.4</ele></trkpt><trkpt lat="-27.002396666666662" lon="-48.58269166666667"><ele>19.4</ele></trkpt><trkpt lat="-27.002396666666662" lon="-48.58269166666667"><ele>19.4</ele></trkpt><trkpt lat="-27.002396666666662" lon="-48.58269166666667"><ele>19.4</ele></trkpt><trkpt lat="-27.002396666666662" lon="-48.58269166666667"><ele>19.4</ele></trkpt><trkpt lat="-27.002396666666662" lon="-48.58269166666667"><ele>19.4</ele></trkpt><trkpt lat="-27.002396666666662" lon="-48.58269166666667"><ele>19.4</ele></trkpt><trkpt lat="-27.002396666666662" lon="-48.58269166666667"><ele>19.4</ele></trkpt><trkpt lat="-27.002396666666662" lon="-48.58269166666667"><ele>19.4</ele></trkpt><trkpt lat="-27.00237666666667" lon="-48.58269166666667"><ele>17.8</ele></trkpt><trkpt lat="-27.00237666666667" lon="-48.582703333333335"><ele>17.7</ele></trkpt><trkpt lat="-27.00237666666667" lon="-48.58271333333334"><ele>17.8</ele></trkpt><trkpt lat="-27.00237666666667" lon="-48.58271666666666"><ele>17.7</ele></trkpt><trkpt lat="-27.002378333333333" lon="-48.58272166666667"><ele>17.8</ele></trkpt><trkpt lat="-27.002378333333333" lon="-48.58272333333333"><ele>17.7</ele></trkpt><trkpt lat="-27.002373333333335" lon="-48.58271833333333"><ele>17.3</ele></trkpt><trkpt lat="-27.002369999999996" lon="-48.58270833333333"><ele>17.1</ele></trkpt><trkpt lat="-27.002365" lon="-48.582705000000004"><ele>17</ele></trkpt><trkpt lat="-27.00236166666667" lon="-48.582701666666665"><ele>16.9</ele></trkpt><trkpt lat="-27.00236" lon="-48.58269833333334"><ele>16.9</ele></trkpt><trkpt lat="-27.00236333333333" lon="-48.58269666666667"><ele>16.9</ele></trkpt><trkpt lat="-27.00236333333333" lon="-48.58269666666667"><ele>17</ele></trkpt><trkpt lat="-27.00236333333333" lon="-48.582705000000004"><ele>17</ele></trkpt><trkpt lat="-27.00236333333333" lon="-48.58270833333333"><ele>17.1</ele></trkpt><trkpt lat="-27.002368333333333" lon="-48.58271500000001"><ele>17.2</ele></trkpt><trkpt lat="-27.002381666666665" lon="-48.58272166666667"><ele>17.4</ele></trkpt><trkpt lat="-27.002384999999997" lon="-48.58271666666666"><ele>17.9</ele></trkpt><trkpt lat="-27.002383333333334" lon="-48.58271500000001"><ele>18.6</ele></trkpt><trkpt lat="-27.002381666666665" lon="-48.58270833333333"><ele>19.2</ele></trkpt><trkpt lat="-27.002380000000002" lon="-48.582705000000004"><ele>19.4</ele></trkpt><trkpt lat="-27.00237666666667" lon="-48.58269833333334"><ele>19.7</ele></trkpt><trkpt lat="-27.002378333333333" lon="-48.582694999999994"><ele>19.8</ele></trkpt><trkpt lat="-27.00237666666667" lon="-48.582693333333324"><ele>20.1</ele></trkpt><trkpt lat="-27.00237666666667" lon="-48.58269166666667"><ele>20.4</ele></trkpt><trkpt lat="-27.002374999999997" lon="-48.58269"><ele>20.3</ele></trkpt><trkpt lat="-27.002374999999997" lon="-48.58268833333333"><ele>19.9</ele></trkpt><trkpt lat="-27.002373333333335" lon="-48.58268666666666"><ele>19.6</ele></trkpt><trkpt lat="-27.002366666666664" lon="-48.58269166666667"><ele>19.6</ele></trkpt><trkpt lat="-27.002358333333337" lon="-48.58268666666666"><ele>19.6</ele></trkpt><trkpt lat="-27.002346666666668" lon="-48.582679999999996"><ele>19.6</ele></trkpt><trkpt lat="-27.002345" lon="-48.582675"><ele>19.2</ele></trkpt><trkpt lat="-27.002338333333334" lon="-48.582675"><ele>18.8</ele></trkpt><trkpt lat="-27.002333333333333" lon="-48.582675"><ele>18.8</ele></trkpt><trkpt lat="-27.002333333333333" lon="-48.582675"><ele>18.6</ele></trkpt><trkpt lat="-27.002335000000002" lon="-48.582675"><ele>18.7</ele></trkpt><trkpt lat="-27.002351666666662" lon="-48.58268833333333"><ele>18.8</ele></trkpt><trkpt lat="-27.002368333333333" lon="-48.58269833333334"><ele>19.2</ele></trkpt><trkpt lat="-27.00237666666667" lon="-48.582701666666665"><ele>19.4</ele></trkpt><trkpt lat="-27.002378333333333" lon="-48.58270000000001"><ele>19.7</ele></trkpt><trkpt lat="-27.002381666666665" lon="-48.58269666666667"><ele>19.6</ele></trkpt><trkpt lat="-27.002383333333334" lon="-48.582693333333324"><ele>19.8</ele></trkpt><trkpt lat="-27.002384999999997" lon="-48.58269"><ele>20.1</ele></trkpt><trkpt lat="-27.002386666666666" lon="-48.58269"><ele>20.4</ele></trkpt><trkpt lat="-27.002388333333336" lon="-48.582685000000005"><ele>20.6</ele></trkpt><trkpt lat="-27.002388333333336" lon="-48.58269"><ele>20.4</ele></trkpt><trkpt lat="-27.002383333333334" lon="-48.58268833333333"><ele>20.7</ele></trkpt><trkpt lat="-27.002381666666665" lon="-48.58268833333333"><ele>20.9</ele></trkpt><trkpt lat="-27.002381666666665" lon="-48.58268833333333"><ele>20.9</ele></trkpt><trkpt lat="-27.002381666666665" lon="-48.58268833333333"><ele>20.9</ele></trkpt><trkpt lat="-27.002381666666665" lon="-48.58268833333333"><ele>20.9</ele></trkpt><trkpt lat="-27.002381666666665" lon="-48.58268833333333"><ele>20.9</ele></trkpt><trkpt lat="-27.002381666666665" lon="-48.58268833333333"><ele>20.9</ele></trkpt><trkpt lat="-27.002381666666665" lon="-48.58268833333333"><ele>20.9</ele></trkpt><trkpt lat="-27.002381666666665" lon="-48.58268833333333"><ele>20.9</ele></trkpt><trkpt lat="-27.002381666666665" lon="-48.58268833333333"><ele>20.9</ele></trkpt><trkpt lat="-27.002381666666665" lon="-48.58268833333333"><ele>20.9</ele></trkpt><trkpt lat="-27.002381666666665" lon="-48.58268833333333"><ele>20.9</ele></trkpt><trkpt lat="-27.002381666666665" lon="-48.58268833333333"><ele>20.9</ele></trkpt><trkpt lat="-27.002381666666665" lon="-48.58268833333333"><ele>20.9</ele></trkpt><trkpt lat="-27.002381666666665" lon="-48.58268833333333"><ele>20.9</ele></trkpt><trkpt lat="-27.002381666666665" lon="-48.58268833333333"><ele>20.9</ele></trkpt><trkpt lat="-27.002381666666665" lon="-48.58268833333333"><ele>20.9</ele></trkpt><trkpt lat="-27.002381666666665" lon="-48.58268833333333"><ele>20.9</ele></trkpt><trkpt lat="-27.002381666666665" lon="-48.58268833333333"><ele>20.9</ele></trkpt><trkpt lat="-27.002381666666665" lon="-48.58268833333333"><ele>20.9</ele></trkpt><trkpt lat="-27.002381666666665" lon="-48.58268833333333"><ele>20.9</ele></trkpt><trkpt lat="-27.002365" lon="-48.58267833333333"><ele>20.7</ele></trkpt><trkpt lat="-27.002353333333335" lon="-48.582675"><ele>20.9</ele></trkpt><trkpt lat="-27.002356666666667" lon="-48.58267333333333"><ele>21.1</ele></trkpt><trkpt lat="-27.002356666666667" lon="-48.582675"><ele>21.2</ele></trkpt><trkpt lat="-27.00236333333333" lon="-48.582685000000005"><ele>21.2</ele></trkpt><trkpt lat="-27.002368333333333" lon="-48.582685000000005"><ele>21.2</ele></trkpt><trkpt lat="-27.002374999999997" lon="-48.58269166666667"><ele>21</ele></trkpt><trkpt lat="-27.002383333333334" lon="-48.58269833333334"><ele>20.9</ele></trkpt><trkpt lat="-27.002395" lon="-48.582705000000004"><ele>20.8</ele></trkpt><trkpt lat="-27.002401666666668" lon="-48.582706666666674"><ele>20.9</ele></trkpt><trkpt lat="-27.002405" lon="-48.582705000000004"><ele>20.5</ele></trkpt><trkpt lat="-27.002411666666664" lon="-48.58270000000001"><ele>20.4</ele></trkpt><trkpt lat="-27.00241" lon="-48.58269666666667"><ele>20.6</ele></trkpt><trkpt lat="-27.002403333333337" lon="-48.582694999999994"><ele>20.5</ele></trkpt><trkpt lat="-27.002398333333336" lon="-48.58269"><ele>20.6</ele></trkpt><trkpt lat="-27.00239" lon="-48.58269666666667"><ele>20.8</ele></trkpt><trkpt lat="-27.002384999999997" lon="-48.58270000000001"><ele>20.8</ele></trkpt><trkpt lat="-27.002384999999997" lon="-48.58270000000001"><ele>20.7</ele></trkpt><trkpt lat="-27.00239" lon="-48.58269833333334"><ele>20.8</ele></trkpt><trkpt lat="-27.002395" lon="-48.582694999999994"><ele>20.9</ele></trkpt><trkpt lat="-27.00239333333333" lon="-48.582701666666665"><ele>21.2</ele></trkpt><trkpt lat="-27.002391666666668" lon="-48.582701666666665"><ele>21.1</ele></trkpt><trkpt lat="-27.002386666666666" lon="-48.582694999999994"><ele>20.5</ele></trkpt><trkpt lat="-27.002384999999997" lon="-48.58269666666667"><ele>20.5</ele></trkpt><trkpt lat="-27.002383333333334" lon="-48.58270000000001"><ele>20</ele></trkpt><trkpt lat="-27.002383333333334" lon="-48.582701666666665"><ele>19.4</ele></trkpt><trkpt lat="-27.002381666666665" lon="-48.58270000000001"><ele>19.1</ele></trkpt><trkpt lat="-27.002381666666665" lon="-48.58270000000001"><ele>19.1</ele></trkpt><trkpt lat="-27.002381666666665" lon="-48.58270000000001"><ele>19.1</ele></trkpt><trkpt lat="-27.002381666666665" lon="-48.58270000000001"><ele>19.1</ele></trkpt><trkpt lat="-27.002381666666665" lon="-48.58270000000001"><ele>19.1</ele></trkpt><trkpt lat="-27.002381666666665" lon="-48.58270000000001"><ele>19.1</ele></trkpt><trkpt lat="-27.002381666666665" lon="-48.58270000000001"><ele>19.1</ele></trkpt><trkpt lat="-27.002381666666665" lon="-48.58270000000001"><ele>19.1</ele></trkpt><trkpt lat="-27.002381666666665" lon="-48.58270000000001"><ele>19.1</ele></trkpt><trkpt lat="-27.002381666666665" lon="-48.58270000000001"><ele>19.1</ele></trkpt><trkpt lat="-27.002381666666665" lon="-48.58270000000001"><ele>19.1</ele></trkpt><trkpt lat="-27.002381666666665" lon="-48.58270000000001"><ele>19.1</ele></trkpt><trkpt lat="-27.002381666666665" lon="-48.58270000000001"><ele>19.1</ele></trkpt><trkpt lat="-27.002381666666665" lon="-48.58270000000001"><ele>19.1</ele></trkpt><trkpt lat="-27.002381666666665" lon="-48.58270000000001"><ele>19.1</ele></trkpt><trkpt lat="-27.002354999999998" lon="-48.582658333333335"><ele>21.5</ele></trkpt><trkpt lat="-27.002338333333334" lon="-48.582656666666665"><ele>21.6</ele></trkpt><trkpt lat="-27.002321666666663" lon="-48.582658333333335"><ele>21.4</ele></trkpt><trkpt lat="-27.002295000000004" lon="-48.58265166666667"><ele>21.1</ele></trkpt><trkpt lat="-27.002254999999998" lon="-48.58264666666667"><ele>20.5</ele></trkpt><trkpt lat="-27.002216666666662" lon="-48.58264333333333"><ele>19.7</ele></trkpt><trkpt lat="-27.002185" lon="-48.582638333333335"><ele>19.1</ele></trkpt><trkpt lat="-27.002156666666664" lon="-48.58263333333333"><ele>18.4</ele></trkpt><trkpt lat="-27.002131666666667" lon="-48.58263"><ele>17.9</ele></trkpt><trkpt lat="-27.002110000000002" lon="-48.58262833333333"><ele>17.5</ele></trkpt><trkpt lat="-27.002096666666663" lon="-48.58262666666666"><ele>17.4</ele></trkpt><trkpt lat="-27.00209166666667" lon="-48.58263333333333"><ele>17.1</ele></trkpt><trkpt lat="-27.00209166666667" lon="-48.582640000000005"><ele>16.5</ele></trkpt><trkpt lat="-27.00209166666667" lon="-48.582645"><ele>16</ele></trkpt><trkpt lat="-27.00209166666667" lon="-48.58264666666667"><ele>14.6</ele></trkpt><trkpt lat="-27.002100000000002" lon="-48.582648333333324"><ele>14.6</ele></trkpt><trkpt lat="-27.002104999999997" lon="-48.582649999999994"><ele>14.1</ele></trkpt><trkpt lat="-27.002111666666664" lon="-48.582648333333324"><ele>14.1</ele></trkpt><trkpt lat="-27.00212333333333" lon="-48.582645"><ele>14.2</ele></trkpt><trkpt lat="-27.002126666666662" lon="-48.58264166666666"><ele>14.4</ele></trkpt><trkpt lat="-27.002131666666667" lon="-48.582640000000005"><ele>14.5</ele></trkpt><trkpt lat="-27.002131666666667" lon="-48.582640000000005"><ele>14.4</ele></trkpt><trkpt lat="-27.002135" lon="-48.582640000000005"><ele>14.3</ele></trkpt><trkpt lat="-27.002135" lon="-48.58264166666666"><ele>14.3</ele></trkpt><trkpt lat="-27.002126666666662" lon="-48.582638333333335"><ele>14.2</ele></trkpt><trkpt lat="-27.002121666666667" lon="-48.58263166666667"><ele>14.6</ele></trkpt><trkpt lat="-27.002118333333335" lon="-48.58263"><ele>15.1</ele></trkpt><trkpt lat="-27.002115000000003" lon="-48.58262833333333"><ele>15.5</ele></trkpt><trkpt lat="-27.002111666666664" lon="-48.58263166666667"><ele>15.7</ele></trkpt><trkpt lat="-27.002108333333332" lon="-48.58263333333333"><ele>15.8</ele></trkpt><trkpt lat="-27.002108333333332" lon="-48.58263333333333"><ele>15.8</ele></trkpt><trkpt lat="-27.002108333333332" lon="-48.58263333333333"><ele>15.8</ele></trkpt><trkpt lat="-27.002108333333332" lon="-48.58263333333333"><ele>15.8</ele></trkpt><trkpt lat="-27.002108333333332" lon="-48.58263333333333"><ele>15.8</ele></trkpt><trkpt lat="-27.002108333333332" lon="-48.58263333333333"><ele>15.8</ele></trkpt><trkpt lat="-27.002108333333332" lon="-48.58263333333333"><ele>15.8</ele></trkpt><trkpt lat="-27.002108333333332" lon="-48.58263333333333"><ele>15.8</ele></trkpt><trkpt lat="-27.002108333333332" lon="-48.58263333333333"><ele>15.8</ele></trkpt><trkpt lat="-27.002108333333332" lon="-48.58263333333333"><ele>15.8</ele></trkpt><trkpt lat="-27.002108333333332" lon="-48.58263333333333"><ele>15.8</ele></trkpt><trkpt lat="-27.002108333333332" lon="-48.58263333333333"><ele>15.8</ele></trkpt><trkpt lat="-27.002108333333332" lon="-48.58263333333333"><ele>15.8</ele></trkpt><trkpt lat="-27.002108333333332" lon="-48.58263333333333"><ele>15.8</ele></trkpt><trkpt lat="-27.002108333333332" lon="-48.58263333333333"><ele>15.8</ele></trkpt><trkpt lat="-27.002108333333332" lon="-48.58263333333333"><ele>15.8</ele></trkpt><trkpt lat="-27.002108333333332" lon="-48.58263333333333"><ele>15.8</ele></trkpt><trkpt lat="-27.002108333333332" lon="-48.58263333333333"><ele>15.8</ele></trkpt><trkpt lat="-27.002108333333332" lon="-48.58263333333333"><ele>15.8</ele></trkpt><trkpt lat="-27.002108333333332" lon="-48.58263333333333"><ele>15.8</ele></trkpt><trkpt lat="-27.002108333333332" lon="-48.58263333333333"><ele>15.8</ele></trkpt><trkpt lat="-27.002108333333332" lon="-48.58263333333333"><ele>15.8</ele></trkpt><trkpt lat="-27.002108333333332" lon="-48.58263333333333"><ele>15.8</ele></trkpt><trkpt lat="-27.002108333333332" lon="-48.58263333333333"><ele>15.8</ele></trkpt><trkpt lat="-27.002108333333332" lon="-48.58263333333333"><ele>15.8</ele></trkpt><trkpt lat="-27.002108333333332" lon="-48.58263333333333"><ele>15.8</ele></trkpt><trkpt lat="-27.002108333333332" lon="-48.58263333333333"><ele>15.8</ele></trkpt><trkpt lat="-27.002108333333332" lon="-48.58263333333333"><ele>15.8</ele></trkpt><trkpt lat="-27.002108333333332" lon="-48.58263333333333"><ele>15.8</ele></trkpt><trkpt lat="-27.002108333333332" lon="-48.58263333333333"><ele>15.8</ele></trkpt><trkpt lat="-27.002108333333332" lon="-48.58263333333333"><ele>15.8</ele></trkpt><trkpt lat="-27.002108333333332" lon="-48.58263333333333"><ele>15.8</ele></trkpt><trkpt lat="-27.002108333333332" lon="-48.58263333333333"><ele>15.8</ele></trkpt><trkpt lat="-27.002108333333332" lon="-48.58263333333333"><ele>15.8</ele></trkpt><trkpt lat="-27.002108333333332" lon="-48.58263333333333"><ele>15.8</ele></trkpt><trkpt lat="-27.002108333333332" lon="-48.58263333333333"><ele>15.8</ele></trkpt><trkpt lat="-27.002108333333332" lon="-48.58263333333333"><ele>15.8</ele></trkpt><trkpt lat="-27.002108333333332" lon="-48.58263333333333"><ele>15.8</ele></trkpt><trkpt lat="-27.002108333333332" lon="-48.58263333333333"><ele>15.8</ele></trkpt><trkpt lat="-27.002108333333332" lon="-48.58263333333333"><ele>15.8</ele></trkpt><trkpt lat="-27.002108333333332" lon="-48.58263333333333"><ele>15.8</ele></trkpt><trkpt lat="-27.002108333333332" lon="-48.58263333333333"><ele>15.8</ele></trkpt><trkpt lat="-27.002108333333332" lon="-48.58263333333333"><ele>15.8</ele></trkpt><trkpt lat="-27.002108333333332" lon="-48.58263333333333"><ele>15.8</ele></trkpt><trkpt lat="-27.002108333333332" lon="-48.58263333333333"><ele>15.8</ele></trkpt><trkpt lat="-27.002108333333332" lon="-48.58263333333333"><ele>15.8</ele></trkpt><trkpt lat="-27.002108333333332" lon="-48.58263333333333"><ele>15.8</ele></trkpt><trkpt lat="-27.002108333333332" lon="-48.58263333333333"><ele>15.8</ele></trkpt><trkpt lat="-27.002108333333332" lon="-48.58263333333333"><ele>15.8</ele></trkpt><trkpt lat="-27.002108333333332" lon="-48.58263333333333"><ele>15.8</ele></trkpt><trkpt lat="-27.002108333333332" lon="-48.58263333333333"><ele>15.8</ele></trkpt><trkpt lat="-27.002108333333332" lon="-48.58263333333333"><ele>15.8</ele></trkpt><trkpt lat="-27.002108333333332" lon="-48.58263333333333"><ele>15.8</ele></trkpt><trkpt lat="-27.002108333333332" lon="-48.58263333333333"><ele>15.8</ele></trkpt><trkpt lat="-27.002108333333332" lon="-48.58263333333333"><ele>15.8</ele></trkpt><trkpt lat="-27.002108333333332" lon="-48.58263333333333"><ele>15.8</ele></trkpt><trkpt lat="-27.002108333333332" lon="-48.58263333333333"><ele>15.8</ele></trkpt><trkpt lat="-27.002108333333332" lon="-48.58263333333333"><ele>15.8</ele></trkpt><trkpt lat="-27.002108333333332" lon="-48.58263333333333"><ele>15.8</ele></trkpt><trkpt lat="-27.002108333333332" lon="-48.58263333333333"><ele>15.8</ele></trkpt><trkpt lat="-27.002108333333332" lon="-48.58263333333333"><ele>15.8</ele></trkpt><trkpt lat="-27.002108333333332" lon="-48.58263333333333"><ele>15.8</ele></trkpt><trkpt lat="-27.002108333333332" lon="-48.58263333333333"><ele>15.8</ele></trkpt><trkpt lat="-27.002108333333332" lon="-48.58263333333333"><ele>15.8</ele></trkpt><trkpt lat="-27.002108333333332" lon="-48.58263333333333"><ele>15.8</ele></trkpt><trkpt lat="-27.002108333333332" lon="-48.58263333333333"><ele>15.8</ele></trkpt><trkpt lat="-27.002108333333332" lon="-48.58263333333333"><ele>15.8</ele></trkpt><trkpt lat="-27.002108333333332" lon="-48.58263333333333"><ele>15.8</ele></trkpt><trkpt lat="-27.002108333333332" lon="-48.58263333333333"><ele>15.8</ele></trkpt><trkpt lat="-27.002108333333332" lon="-48.58263333333333"><ele>15.8</ele></trkpt><trkpt lat="-27.002108333333332" lon="-48.58263333333333"><ele>15.8</ele></trkpt><trkpt lat="-27.002108333333332" lon="-48.58263333333333"><ele>15.8</ele></trkpt><trkpt lat="-27.002108333333332" lon="-48.58263333333333"><ele>15.8</ele></trkpt><trkpt lat="-27.002108333333332" lon="-48.58263333333333"><ele>15.8</ele></trkpt><trkpt lat="-27.002108333333332" lon="-48.58263333333333"><ele>15.8</ele></trkpt><trkpt lat="-27.002108333333332" lon="-48.58263333333333"><ele>15.8</ele></trkpt><trkpt lat="-27.002108333333332" lon="-48.58263333333333"><ele>15.8</ele></trkpt><trkpt lat="-27.002108333333332" lon="-48.58263333333333"><ele>15.8</ele></trkpt><trkpt lat="-27.002108333333332" lon="-48.58263333333333"><ele>15.8</ele></trkpt><trkpt lat="-27.002108333333332" lon="-48.58263333333333"><ele>15.8</ele></trkpt><trkpt lat="-27.002108333333332" lon="-48.58263333333333"><ele>15.8</ele></trkpt><trkpt lat="-27.002108333333332" lon="-48.58263333333333"><ele>15.8</ele></trkpt><trkpt lat="-27.002108333333332" lon="-48.58263333333333"><ele>15.8</ele></trkpt><trkpt lat="-27.002108333333332" lon="-48.58263333333333"><ele>15.8</ele></trkpt><trkpt lat="-27.002108333333332" lon="-48.58263333333333"><ele>15.8</ele></trkpt><trkpt lat="-27.002108333333332" lon="-48.58263333333333"><ele>15.8</ele></trkpt><trkpt lat="-27.002108333333332" lon="-48.58263333333333"><ele>15.8</ele></trkpt><trkpt lat="-27.002108333333332" lon="-48.58263333333333"><ele>15.8</ele></trkpt><trkpt lat="-27.002108333333332" lon="-48.58263333333333"><ele>15.8</ele></trkpt><trkpt lat="-27.002108333333332" lon="-48.58263333333333"><ele>15.8</ele></trkpt><trkpt lat="-27.002108333333332" lon="-48.58263333333333"><ele>15.8</ele></trkpt><trkpt lat="-27.002108333333332" lon="-48.58263333333333"><ele>15.8</ele></trkpt><trkpt lat="-27.002108333333332" lon="-48.58263333333333"><ele>15.8</ele></trkpt><trkpt lat="-27.002108333333332" lon="-48.58263333333333"><ele>15.8</ele></trkpt><trkpt lat="-27.002108333333332" lon="-48.58263333333333"><ele>15.8</ele></trkpt><trkpt lat="-27.002108333333332" lon="-48.58263333333333"><ele>15.8</ele></trkpt><trkpt lat="-27.002108333333332" lon="-48.58263333333333"><ele>15.8</ele></trkpt><trkpt lat="-27.002108333333332" lon="-48.58263333333333"><ele>15.8</ele></trkpt><trkpt lat="-27.002108333333332" lon="-48.58263333333333"><ele>15.8</ele></trkpt><trkpt lat="-27.002108333333332" lon="-48.58263333333333"><ele>15.8</ele></trkpt><trkpt lat="-27.002108333333332" lon="-48.58263333333333"><ele>15.8</ele></trkpt><trkpt lat="-27.002108333333332" lon="-48.58263333333333"><ele>15.8</ele></trkpt><trkpt lat="-27.002108333333332" lon="-48.58263333333333"><ele>15.8</ele></trkpt><trkpt lat="-27.002108333333332" lon="-48.58263333333333"><ele>15.8</ele></trkpt><trkpt lat="-27.002108333333332" lon="-48.58263333333333"><ele>15.8</ele></trkpt><trkpt lat="-27.002108333333332" lon="-48.58263333333333"><ele>15.8</ele></trkpt><trkpt lat="-27.002108333333332" lon="-48.58263333333333"><ele>15.8</ele></trkpt><trkpt lat="-27.002108333333332" lon="-48.58263333333333"><ele>15.8</ele></trkpt><trkpt lat="-27.002108333333332" lon="-48.58263333333333"><ele>15.8</ele></trkpt><trkpt lat="-27.002108333333332" lon="-48.58263333333333"><ele>15.8</ele></trkpt><trkpt lat="-27.002108333333332" lon="-48.58263333333333"><ele>15.8</ele></trkpt><trkpt lat="-27.002108333333332" lon="-48.58263333333333"><ele>15.8</ele></trkpt><trkpt lat="-27.002108333333332" lon="-48.58263333333333"><ele>15.8</ele></trkpt><trkpt lat="-27.002108333333332" lon="-48.58263333333333"><ele>15.8</ele></trkpt><trkpt lat="-27.002108333333332" lon="-48.58263333333333"><ele>15.8</ele></trkpt><trkpt lat="-27.002108333333332" lon="-48.58263333333333"><ele>15.8</ele></trkpt><trkpt lat="-27.002101666666665" lon="-48.58263"><ele>17.9</ele></trkpt><trkpt lat="-27.002076666666667" lon="-48.58262500000001"><ele>17.7</ele></trkpt><trkpt lat="-27.002036666666662" lon="-48.58262666666666"><ele>17.5</ele></trkpt><trkpt lat="-27.00199166666666" lon="-48.58263166666667"><ele>16.9</ele></trkpt><trkpt lat="-27.001955" lon="-48.582638333333335"><ele>16.6</ele></trkpt><trkpt lat="-27.001936666666666" lon="-48.58264166666666"><ele>16.4</ele></trkpt><trkpt lat="-27.001933333333334" lon="-48.582648333333324"><ele>15.7</ele></trkpt><trkpt lat="-27.00192666666667" lon="-48.582660000000004"><ele>14.8</ele></trkpt><trkpt lat="-27.001920000000002" lon="-48.582660000000004"><ele>13.9</ele></trkpt><trkpt lat="-27.001916666666663" lon="-48.582660000000004"><ele>13.4</ele></trkpt><trkpt lat="-27.001918333333332" lon="-48.582660000000004"><ele>13</ele></trkpt><trkpt lat="-27.001918333333332" lon="-48.582660000000004"><ele>13</ele></trkpt><trkpt lat="-27.001918333333332" lon="-48.582660000000004"><ele>13</ele></trkpt><trkpt lat="-27.001920000000002" lon="-48.582658333333335"><ele>12.8</ele></trkpt><trkpt lat="-27.001920000000002" lon="-48.582656666666665"><ele>12.9</ele></trkpt><trkpt lat="-27.00192666666667" lon="-48.58265500000001"><ele>12.9</ele></trkpt><trkpt lat="-27.001936666666666" lon="-48.58265166666667"><ele>12.5</ele></trkpt><trkpt lat="-27.00194666666666" lon="-48.58265166666667"><ele>12.2</ele></trkpt><trkpt lat="-27.001953333333336" lon="-48.58265166666667"><ele>12.4</ele></trkpt><trkpt lat="-27.001955" lon="-48.58265333333334"><ele>12.8</ele></trkpt><trkpt lat="-27.00195666666667" lon="-48.58265500000001"><ele>13.1</ele></trkpt><trkpt lat="-27.00195833333333" lon="-48.58265333333334"><ele>13.3</ele></trkpt><trkpt lat="-27.00196" lon="-48.58265333333334"><ele>13.3</ele></trkpt><trkpt lat="-27.00196" lon="-48.58265333333334"><ele>13.5</ele></trkpt><trkpt lat="-27.00196" lon="-48.58265333333334"><ele>13.7</ele></trkpt><trkpt lat="-27.001961666666663" lon="-48.58265333333334"><ele>13.9</ele></trkpt><trkpt lat="-27.001963333333332" lon="-48.58265333333334"><ele>14</ele></trkpt><trkpt lat="-27.00196" lon="-48.58265166666667"><ele>14.1</ele></trkpt><trkpt lat="-27.00196" lon="-48.58265166666667"><ele>14.1</ele></trkpt><trkpt lat="-27.00196" lon="-48.58265166666667"><ele>14.1</ele></trkpt><trkpt lat="-27.00196" lon="-48.58265166666667"><ele>14.1</ele></trkpt><trkpt lat="-27.00196" lon="-48.58265166666667"><ele>14.1</ele></trkpt><trkpt lat="-27.00196" lon="-48.58265166666667"><ele>14.1</ele></trkpt><trkpt lat="-27.001941666666667" lon="-48.58263"><ele>15.1</ele></trkpt><trkpt lat="-27.001928333333332" lon="-48.58262666666666"><ele>15.5</ele></trkpt><trkpt lat="-27.001921666666664" lon="-48.58262500000001"><ele>15.6</ele></trkpt><trkpt lat="-27.001920000000002" lon="-48.58262666666666"><ele>15.7</ele></trkpt><trkpt lat="-27.001920000000002" lon="-48.58262666666666"><ele>15.8</ele></trkpt><trkpt lat="-27.001920000000002" lon="-48.58262500000001"><ele>15.7</ele></trkpt><trkpt lat="-27.001920000000002" lon="-48.58262500000001"><ele>15.7</ele></trkpt><trkpt lat="-27.001920000000002" lon="-48.58262500000001"><ele>15.7</ele></trkpt><trkpt lat="-27.001920000000002" lon="-48.58262500000001"><ele>15.7</ele></trkpt><trkpt lat="-27.001920000000002" lon="-48.58262500000001"><ele>15.7</ele></trkpt><trkpt lat="-27.001920000000002" lon="-48.58262500000001"><ele>15.7</ele></trkpt><trkpt lat="-27.001920000000002" lon="-48.58262500000001"><ele>15.7</ele></trkpt><trkpt lat="-27.001920000000002" lon="-48.58262500000001"><ele>15.7</ele></trkpt><trkpt lat="-27.001920000000002" lon="-48.58262500000001"><ele>15.7</ele></trkpt><trkpt lat="-27.001920000000002" lon="-48.58262500000001"><ele>15.7</ele></trkpt><trkpt lat="-27.001920000000002" lon="-48.58262500000001"><ele>15.7</ele></trkpt><trkpt lat="-27.001920000000002" lon="-48.58262500000001"><ele>15.7</ele></trkpt><trkpt lat="-27.001920000000002" lon="-48.58262500000001"><ele>15.7</ele></trkpt><trkpt lat="-27.001920000000002" lon="-48.58262500000001"><ele>15.7</ele></trkpt><trkpt lat="-27.001920000000002" lon="-48.58262500000001"><ele>15.7</ele></trkpt><trkpt lat="-27.001920000000002" lon="-48.58262500000001"><ele>15.7</ele></trkpt><trkpt lat="-27.001920000000002" lon="-48.58262500000001"><ele>15.7</ele></trkpt><trkpt lat="-27.001920000000002" lon="-48.58262500000001"><ele>15.7</ele></trkpt><trkpt lat="-27.001893333333335" lon="-48.58265166666667"><ele>18.2</ele></trkpt><trkpt lat="-27.001871666666663" lon="-48.582661666666674"><ele>18.2</ele></trkpt><trkpt lat="-27.001845000000003" lon="-48.582679999999996"><ele>18.6</ele></trkpt><trkpt lat="-27.00180833333333" lon="-48.582701666666665"><ele>18.7</ele></trkpt><trkpt lat="-27.001771666666667" lon="-48.582726666666666"><ele>18.6</ele></trkpt><trkpt lat="-27.001738333333332" lon="-48.58275666666667"><ele>18.3</ele></trkpt><trkpt lat="-27.00170666666667" lon="-48.58278833333334"><ele>18.3</ele></trkpt><trkpt lat="-27.001681666666666" lon="-48.58282666666667"><ele>18.4</ele></trkpt><trkpt lat="-27.00165666666667" lon="-48.58286499999999"><ele>18.3</ele></trkpt><trkpt lat="-27.001638333333336" lon="-48.582905"><ele>18.3</ele></trkpt><trkpt lat="-27.001620000000003" lon="-48.582945"><ele>17.7</ele></trkpt><trkpt lat="-27.001603333333332" lon="-48.58298166666667"><ele>17.3</ele></trkpt><trkpt lat="-27.001595" lon="-48.583029999999994"><ele>16.8</ele></trkpt><trkpt lat="-27.001588333333334" lon="-48.583074999999994"><ele>16.3</ele></trkpt><trkpt lat="-27.001585" lon="-48.583119999999994"><ele>16.1</ele></trkpt><trkpt lat="-27.00158333333333" lon="-48.58315833333333"><ele>16.2</ele></trkpt><trkpt lat="-27.001579999999997" lon="-48.583194999999996"><ele>16.7</ele></trkpt><trkpt lat="-27.00158333333333" lon="-48.58322666666666"><ele>16.8</ele></trkpt><trkpt lat="-27.00158333333333" lon="-48.583254999999994"><ele>16.7</ele></trkpt><trkpt lat="-27.00157" lon="-48.583285"><ele>15.6</ele></trkpt><trkpt lat="-27.00157" lon="-48.58331166666667"><ele>14.6</ele></trkpt><trkpt lat="-27.00155833333333" lon="-48.58333833333333"><ele>12.5</ele></trkpt><trkpt lat="-27.001551666666668" lon="-48.58335833333334"><ele>11.8</ele></trkpt><trkpt lat="-27.001545000000004" lon="-48.583368333333325"><ele>12.4</ele></trkpt><trkpt lat="-27.001545000000004" lon="-48.58337166666667"><ele>12.4</ele></trkpt><trkpt lat="-27.001546666666666" lon="-48.58337333333334"><ele>12.2</ele></trkpt><trkpt lat="-27.001549999999998" lon="-48.583375"><ele>12.3</ele></trkpt><trkpt lat="-27.00155333333333" lon="-48.583376666666666"><ele>12.2</ele></trkpt><trkpt lat="-27.00155333333333" lon="-48.583376666666666"><ele>12.4</ele></trkpt><trkpt lat="-27.00155666666667" lon="-48.583376666666666"><ele>13</ele></trkpt><trkpt lat="-27.00156" lon="-48.583376666666666"><ele>12.7</ele></trkpt><trkpt lat="-27.001561666666664" lon="-48.583375"><ele>12.5</ele></trkpt><trkpt lat="-27.001563333333333" lon="-48.583376666666666"><ele>12.4</ele></trkpt><trkpt lat="-27.001564999999996" lon="-48.583376666666666"><ele>12.2</ele></trkpt><trkpt lat="-27.001564999999996" lon="-48.583376666666666"><ele>12.2</ele></trkpt><trkpt lat="-27.001564999999996" lon="-48.583376666666666"><ele>12.2</ele></trkpt><trkpt lat="-27.001564999999996" lon="-48.583376666666666"><ele>12.2</ele></trkpt><trkpt lat="-27.001564999999996" lon="-48.583376666666666"><ele>12.2</ele></trkpt><trkpt lat="-27.001564999999996" lon="-48.583376666666666"><ele>12.2</ele></trkpt><trkpt lat="-27.001564999999996" lon="-48.583376666666666"><ele>12.2</ele></trkpt><trkpt lat="-27.001564999999996" lon="-48.583376666666666"><ele>12.2</ele></trkpt><trkpt lat="-27.001564999999996" lon="-48.583376666666666"><ele>12.2</ele></trkpt><trkpt lat="-27.001564999999996" lon="-48.583376666666666"><ele>12.2</ele></trkpt><trkpt lat="-27.001564999999996" lon="-48.583376666666666"><ele>12.2</ele></trkpt><trkpt lat="-27.001564999999996" lon="-48.583376666666666"><ele>12.2</ele></trkpt><trkpt lat="-27.001564999999996" lon="-48.583376666666666"><ele>12.2</ele></trkpt><trkpt lat="-27.001564999999996" lon="-48.583376666666666"><ele>12.2</ele></trkpt><trkpt lat="-27.001564999999996" lon="-48.583376666666666"><ele>12.2</ele></trkpt><trkpt lat="-27.001564999999996" lon="-48.583376666666666"><ele>12.2</ele></trkpt><trkpt lat="-27.001564999999996" lon="-48.583376666666666"><ele>12.2</ele></trkpt><trkpt lat="-27.001564999999996" lon="-48.583376666666666"><ele>12.2</ele></trkpt><trkpt lat="-27.001564999999996" lon="-48.583376666666666"><ele>12.2</ele></trkpt><trkpt lat="-27.001564999999996" lon="-48.583376666666666"><ele>12.2</ele></trkpt><trkpt lat="-27.001564999999996" lon="-48.583376666666666"><ele>12.2</ele></trkpt><trkpt lat="-27.001564999999996" lon="-48.583376666666666"><ele>12.2</ele></trkpt><trkpt lat="-27.001564999999996" lon="-48.583376666666666"><ele>12.2</ele></trkpt><trkpt lat="-27.001564999999996" lon="-48.583376666666666"><ele>12.2</ele></trkpt><trkpt lat="-27.001564999999996" lon="-48.583376666666666"><ele>12.2</ele></trkpt><trkpt lat="-27.001564999999996" lon="-48.583376666666666"><ele>12.2</ele></trkpt><trkpt lat="-27.001564999999996" lon="-48.583376666666666"><ele>12.2</ele></trkpt><trkpt lat="-27.001564999999996" lon="-48.583376666666666"><ele>12.2</ele></trkpt><trkpt lat="-27.001564999999996" lon="-48.583376666666666"><ele>12.2</ele></trkpt><trkpt lat="-27.001564999999996" lon="-48.583376666666666"><ele>12.2</ele></trkpt><trkpt lat="-27.001564999999996" lon="-48.583376666666666"><ele>12.2</ele></trkpt><trkpt lat="-27.001564999999996" lon="-48.583376666666666"><ele>12.2</ele></trkpt><trkpt lat="-27.001564999999996" lon="-48.583376666666666"><ele>12.2</ele></trkpt><trkpt lat="-27.001564999999996" lon="-48.583376666666666"><ele>12.2</ele></trkpt><trkpt lat="-27.001564999999996" lon="-48.583376666666666"><ele>12.2</ele></trkpt><trkpt lat="-27.001564999999996" lon="-48.583376666666666"><ele>12.2</ele></trkpt><trkpt lat="-27.001564999999996" lon="-48.583376666666666"><ele>12.2</ele></trkpt><trkpt lat="-27.001564999999996" lon="-48.583376666666666"><ele>12.2</ele></trkpt><trkpt lat="-27.001564999999996" lon="-48.583376666666666"><ele>12.2</ele></trkpt><trkpt lat="-27.001564999999996" lon="-48.583376666666666"><ele>12.2</ele></trkpt><trkpt lat="-27.001564999999996" lon="-48.583376666666666"><ele>12.2</ele></trkpt><trkpt lat="-27.001564999999996" lon="-48.583376666666666"><ele>12.2</ele></trkpt><trkpt lat="-27.001564999999996" lon="-48.583376666666666"><ele>12.2</ele></trkpt><trkpt lat="-27.001564999999996" lon="-48.583376666666666"><ele>12.2</ele></trkpt><trkpt lat="-27.001564999999996" lon="-48.583376666666666"><ele>12.2</ele></trkpt><trkpt lat="-27.001564999999996" lon="-48.583376666666666"><ele>12.2</ele></trkpt><trkpt lat="-27.001564999999996" lon="-48.583376666666666"><ele>12.2</ele></trkpt><trkpt lat="-27.001564999999996" lon="-48.583376666666666"><ele>12.2</ele></trkpt><trkpt lat="-27.001564999999996" lon="-48.583376666666666"><ele>12.2</ele></trkpt><trkpt lat="-27.001564999999996" lon="-48.583376666666666"><ele>12.2</ele></trkpt><trkpt lat="-27.001564999999996" lon="-48.583376666666666"><ele>12.2</ele></trkpt><trkpt lat="-27.001564999999996" lon="-48.583376666666666"><ele>12.2</ele></trkpt><trkpt lat="-27.001564999999996" lon="-48.583376666666666"><ele>12.2</ele></trkpt><trkpt lat="-27.001564999999996" lon="-48.583376666666666"><ele>12.2</ele></trkpt><trkpt lat="-27.001564999999996" lon="-48.583376666666666"><ele>12.2</ele></trkpt><trkpt lat="-27.001564999999996" lon="-48.583376666666666"><ele>12.2</ele></trkpt><trkpt lat="-27.001564999999996" lon="-48.583376666666666"><ele>12.2</ele></trkpt><trkpt lat="-27.001564999999996" lon="-48.583376666666666"><ele>12.2</ele></trkpt><trkpt lat="-27.001564999999996" lon="-48.583376666666666"><ele>12.2</ele></trkpt><trkpt lat="-27.001564999999996" lon="-48.583376666666666"><ele>12.2</ele></trkpt><trkpt lat="-27.001564999999996" lon="-48.583376666666666"><ele>12.2</ele></trkpt><trkpt lat="-27.001564999999996" lon="-48.583376666666666"><ele>12.2</ele></trkpt><trkpt lat="-27.001564999999996" lon="-48.583376666666666"><ele>12.2</ele></trkpt><trkpt lat="-27.001564999999996" lon="-48.583376666666666"><ele>12.2</ele></trkpt><trkpt lat="-27.001564999999996" lon="-48.583376666666666"><ele>12.2</ele></trkpt><trkpt lat="-27.001564999999996" lon="-48.583376666666666"><ele>12.2</ele></trkpt><trkpt lat="-27.001564999999996" lon="-48.583376666666666"><ele>12.2</ele></trkpt><trkpt lat="-27.001564999999996" lon="-48.583376666666666"><ele>12.2</ele></trkpt><trkpt lat="-27.001564999999996" lon="-48.583376666666666"><ele>12.2</ele></trkpt><trkpt lat="-27.001564999999996" lon="-48.583376666666666"><ele>12.2</ele></trkpt><trkpt lat="-27.001564999999996" lon="-48.583376666666666"><ele>12.2</ele></trkpt><trkpt lat="-27.001564999999996" lon="-48.583376666666666"><ele>12.2</ele></trkpt><trkpt lat="-27.001564999999996" lon="-48.583376666666666"><ele>12.2</ele></trkpt><trkpt lat="-27.001564999999996" lon="-48.583376666666666"><ele>12.2</ele></trkpt><trkpt lat="-27.001564999999996" lon="-48.583376666666666"><ele>12.2</ele></trkpt><trkpt lat="-27.001564999999996" lon="-48.583376666666666"><ele>12.2</ele></trkpt><trkpt lat="-27.001564999999996" lon="-48.583376666666666"><ele>12.2</ele></trkpt><trkpt lat="-27.001564999999996" lon="-48.583376666666666"><ele>12.2</ele></trkpt><trkpt lat="-27.001564999999996" lon="-48.583376666666666"><ele>12.2</ele></trkpt><trkpt lat="-27.001564999999996" lon="-48.583376666666666"><ele>12.2</ele></trkpt><trkpt lat="-27.001564999999996" lon="-48.583376666666666"><ele>12.2</ele></trkpt><trkpt lat="-27.001564999999996" lon="-48.583376666666666"><ele>12.2</ele></trkpt><trkpt lat="-27.001564999999996" lon="-48.583376666666666"><ele>12.2</ele></trkpt><trkpt lat="-27.001564999999996" lon="-48.583376666666666"><ele>12.2</ele></trkpt><trkpt lat="-27.001564999999996" lon="-48.583376666666666"><ele>12.2</ele></trkpt><trkpt lat="-27.001564999999996" lon="-48.583376666666666"><ele>12.2</ele></trkpt><trkpt lat="-27.001564999999996" lon="-48.583376666666666"><ele>12.2</ele></trkpt><trkpt lat="-27.001564999999996" lon="-48.583376666666666"><ele>12.2</ele></trkpt><trkpt lat="-27.001564999999996" lon="-48.583376666666666"><ele>12.2</ele></trkpt><trkpt lat="-27.001564999999996" lon="-48.583376666666666"><ele>12.2</ele></trkpt><trkpt lat="-27.001564999999996" lon="-48.583376666666666"><ele>12.2</ele></trkpt><trkpt lat="-27.001564999999996" lon="-48.583376666666666"><ele>12.2</ele></trkpt><trkpt lat="-27.001564999999996" lon="-48.583376666666666"><ele>12.2</ele></trkpt><trkpt lat="-27.001564999999996" lon="-48.583376666666666"><ele>12.2</ele></trkpt><trkpt lat="-27.001564999999996" lon="-48.583376666666666"><ele>12.2</ele></trkpt><trkpt lat="-27.001564999999996" lon="-48.583376666666666"><ele>12.2</ele></trkpt><trkpt lat="-27.001564999999996" lon="-48.583376666666666"><ele>12.2</ele></trkpt><trkpt lat="-27.001564999999996" lon="-48.583376666666666"><ele>12.2</ele></trkpt><trkpt lat="-27.001531666666665" lon="-48.58340833333333"><ele>16.4</ele></trkpt><trkpt lat="-27.001530000000002" lon="-48.58342"><ele>16.5</ele></trkpt><trkpt lat="-27.001530000000002" lon="-48.583434999999994"><ele>16.5</ele></trkpt><trkpt lat="-27.001531666666665" lon="-48.58344833333334"><ele>16.5</ele></trkpt><trkpt lat="-27.001525" lon="-48.583466666666666"><ele>16.2</ele></trkpt><trkpt lat="-27.001525" lon="-48.583466666666666"><ele>16.2</ele></trkpt><trkpt lat="-27.001519999999996" lon="-48.58348833333333"><ele>15.4</ele></trkpt><trkpt lat="-27.001515" lon="-48.583513333333336"><ele>16</ele></trkpt><trkpt lat="-27.00151" lon="-48.58353166666667"><ele>16.6</ele></trkpt><trkpt lat="-27.001503333333336" lon="-48.583549999999995"><ele>16.9</ele></trkpt><trkpt lat="-27.001491666666666" lon="-48.58356666666667"><ele>17.5</ele></trkpt><trkpt lat="-27.00148166666667" lon="-48.58358833333333"><ele>17.8</ele></trkpt><trkpt lat="-27.001471666666664" lon="-48.58361166666667"><ele>17.9</ele></trkpt><trkpt lat="-27.001459999999998" lon="-48.58363666666667"><ele>17.6</ele></trkpt><trkpt lat="-27.00144833333333" lon="-48.583659999999995"><ele>17.3</ele></trkpt><trkpt lat="-27.00143166666667" lon="-48.58368166666667"><ele>16.7</ele></trkpt><trkpt lat="-27.001414999999998" lon="-48.58370333333334"><ele>16.5</ele></trkpt><trkpt lat="-27.00140333333333" lon="-48.58371833333334"><ele>16.9</ele></trkpt><trkpt lat="-27.00138833333333" lon="-48.58373666666667"><ele>17</ele></trkpt><trkpt lat="-27.00137666666667" lon="-48.583753333333334"><ele>17</ele></trkpt><trkpt lat="-27.00136" lon="-48.58378"><ele>17.1</ele></trkpt><trkpt lat="-27.00134666666667" lon="-48.58380166666667"><ele>18</ele></trkpt><trkpt lat="-27.001339999999995" lon="-48.58380666666667"><ele>18.1</ele></trkpt><trkpt lat="-27.00133" lon="-48.58381666666667"><ele>18.3</ele></trkpt><trkpt lat="-27.001321666666666" lon="-48.58382666666667"><ele>18.2</ele></trkpt><trkpt lat="-27.001321666666666" lon="-48.58383333333333"><ele>18.2</ele></trkpt><trkpt lat="-27.001323333333335" lon="-48.58383833333334"><ele>18.5</ele></trkpt><trkpt lat="-27.001323333333335" lon="-48.58383833333334"><ele>18.2</ele></trkpt><trkpt lat="-27.001323333333335" lon="-48.583839999999995"><ele>17.8</ele></trkpt><trkpt lat="-27.001324999999998" lon="-48.583839999999995"><ele>17.7</ele></trkpt><trkpt lat="-27.001324999999998" lon="-48.58383833333334"><ele>17.4</ele></trkpt><trkpt lat="-27.001324999999998" lon="-48.58383833333334"><ele>17.4</ele></trkpt><trkpt lat="-27.001324999999998" lon="-48.58383833333334"><ele>17.4</ele></trkpt><trkpt lat="-27.001321666666666" lon="-48.58383833333334"><ele>17.5</ele></trkpt><trkpt lat="-27.001321666666666" lon="-48.58383833333334"><ele>17.5</ele></trkpt><trkpt lat="-27.001321666666666" lon="-48.58383833333334"><ele>17.5</ele></trkpt><trkpt lat="-27.001321666666666" lon="-48.58383833333334"><ele>17.5</ele></trkpt><trkpt lat="-27.001321666666666" lon="-48.58383833333334"><ele>17.5</ele></trkpt><trkpt lat="-27.001321666666666" lon="-48.58383833333334"><ele>17.5</ele></trkpt><trkpt lat="-27.001321666666666" lon="-48.58383833333334"><ele>17.5</ele></trkpt><trkpt lat="-27.001321666666666" lon="-48.58383833333334"><ele>17.5</ele></trkpt><trkpt lat="-27.001321666666666" lon="-48.58383833333334"><ele>17.5</ele></trkpt><trkpt lat="-27.001321666666666" lon="-48.58383833333334"><ele>17.5</ele></trkpt><trkpt lat="-27.001321666666666" lon="-48.58383833333334"><ele>17.5</ele></trkpt><trkpt lat="-27.001321666666666" lon="-48.58383833333334"><ele>17.5</ele></trkpt><trkpt lat="-27.001321666666666" lon="-48.58383833333334"><ele>17.5</ele></trkpt><trkpt lat="-27.001321666666666" lon="-48.58383833333334"><ele>17.5</ele></trkpt><trkpt lat="-27.001321666666666" lon="-48.58383833333334"><ele>17.5</ele></trkpt><trkpt lat="-27.001321666666666" lon="-48.58383833333334"><ele>17.5</ele></trkpt><trkpt lat="-27.001321666666666" lon="-48.58383833333334"><ele>17.5</ele></trkpt><trkpt lat="-27.001321666666666" lon="-48.58383833333334"><ele>17.5</ele></trkpt><trkpt lat="-27.001321666666666" lon="-48.58383833333334"><ele>17.5</ele></trkpt><trkpt lat="-27.001321666666666" lon="-48.58383833333334"><ele>17.5</ele></trkpt><trkpt lat="-27.001321666666666" lon="-48.58383833333334"><ele>17.5</ele></trkpt><trkpt lat="-27.001320000000003" lon="-48.58387666666666"><ele>22.6</ele></trkpt><trkpt lat="-27.00131333333333" lon="-48.58389833333334"><ele>23.4</ele></trkpt><trkpt lat="-27.001294999999995" lon="-48.58391333333334"><ele>23.3</ele></trkpt><trkpt lat="-27.001273333333334" lon="-48.583925"><ele>23.5</ele></trkpt><trkpt lat="-27.00125166666667" lon="-48.58394"><ele>24.3</ele></trkpt><trkpt lat="-27.001234999999998" lon="-48.58396333333334"><ele>24.7</ele></trkpt><trkpt lat="-27.001221666666666" lon="-48.58398666666667"><ele>24.8</ele></trkpt><trkpt lat="-27.001208333333338" lon="-48.584005"><ele>23.9</ele></trkpt><trkpt lat="-27.001193333333337" lon="-48.584019999999995"><ele>23</ele></trkpt><trkpt lat="-27.001176666666666" lon="-48.58404"><ele>21.9</ele></trkpt><trkpt lat="-27.001163333333338" lon="-48.58406"><ele>20.9</ele></trkpt><trkpt lat="-27.001144999999998" lon="-48.58408833333333"><ele>19.8</ele></trkpt><trkpt lat="-27.001131666666666" lon="-48.584113333333335"><ele>19.7</ele></trkpt><trkpt lat="-27.001131666666666" lon="-48.584113333333335"><ele>19.7</ele></trkpt><trkpt lat="-27.001118333333338" lon="-48.58413833333334"><ele>19.2</ele></trkpt><trkpt lat="-27.001101666666667" lon="-48.58416999999999"><ele>18.4</ele></trkpt><trkpt lat="-27.001089999999998" lon="-48.584201666666665"><ele>17.4</ele></trkpt><trkpt lat="-27.001083333333334" lon="-48.584224999999996"><ele>17.4</ele></trkpt><trkpt lat="-27.001078333333332" lon="-48.584250000000004"><ele>17</ele></trkpt><trkpt lat="-27.001069999999995" lon="-48.58427333333334"><ele>17.3</ele></trkpt><trkpt lat="-27.00106166666667" lon="-48.58429833333333"><ele>17.5</ele></trkpt><trkpt lat="-27.00106" lon="-48.58432500000001"><ele>17.4</ele></trkpt><trkpt lat="-27.001056666666667" lon="-48.58435333333333"><ele>17.6</ele></trkpt><trkpt lat="-27.001051666666665" lon="-48.584379999999996"><ele>17.5</ele></trkpt><trkpt lat="-27.00104666666667" lon="-48.58440666666667"><ele>17.3</ele></trkpt><trkpt lat="-27.001039999999996" lon="-48.584435"><ele>17.1</ele></trkpt><trkpt lat="-27.001026666666668" lon="-48.58446333333333"><ele>17.3</ele></trkpt><trkpt lat="-27.00101666666667" lon="-48.58449166666666"><ele>17.3</ele></trkpt><trkpt lat="-27.001009999999997" lon="-48.584520000000005"><ele>17.4</ele></trkpt><trkpt lat="-27.001006666666665" lon="-48.58454333333334"><ele>17.7</ele></trkpt><trkpt lat="-27.00100166666667" lon="-48.584565000000005"><ele>17.7</ele></trkpt><trkpt lat="-27.000996666666666" lon="-48.584585"><ele>17.6</ele></trkpt><trkpt lat="-27.000994999999996" lon="-48.584606666666666"><ele>17.9</ele></trkpt><trkpt lat="-27.00099" lon="-48.58463"><ele>18.2</ele></trkpt><trkpt lat="-27.00098666666667" lon="-48.58465833333333"><ele>17.8</ele></trkpt><trkpt lat="-27.000981666666668" lon="-48.584675"><ele>18.1</ele></trkpt><trkpt lat="-27.000979999999995" lon="-48.58468833333333"><ele>17.9</ele></trkpt><trkpt lat="-27.000981666666668" lon="-48.584705"><ele>17.9</ele></trkpt><trkpt lat="-27.000983333333338" lon="-48.58471833333333"><ele>17.9</ele></trkpt><trkpt lat="-27.000983333333338" lon="-48.58474"><ele>18.1</ele></trkpt><trkpt lat="-27.000985" lon="-48.584754999999994"><ele>18.8</ele></trkpt><trkpt lat="-27.000979999999995" lon="-48.58477833333333"><ele>19.2</ele></trkpt><trkpt lat="-27.000978333333332" lon="-48.584788333333336"><ele>19.6</ele></trkpt><trkpt lat="-27.000976666666663" lon="-48.584801666666664"><ele>20</ele></trkpt><trkpt lat="-27.000978333333332" lon="-48.58481666666667"><ele>20.3</ele></trkpt><trkpt lat="-27.000976666666663" lon="-48.584835000000005"><ele>20.4</ele></trkpt><trkpt lat="-27.00097333333333" lon="-48.584846666666664"><ele>20.9</ele></trkpt><trkpt lat="-27.00097" lon="-48.58486500000001"><ele>21</ele></trkpt><trkpt lat="-27.00097333333333" lon="-48.584878333333336"><ele>21.5</ele></trkpt><trkpt lat="-27.000979999999995" lon="-48.58489333333333"><ele>22.1</ele></trkpt><trkpt lat="-27.000983333333338" lon="-48.58490666666667"><ele>22.7</ele></trkpt><trkpt lat="-27.00099" lon="-48.584921666666666"><ele>23.1</ele></trkpt><trkpt lat="-27.000994999999996" lon="-48.584945"><ele>23.1</ele></trkpt><trkpt lat="-27.000998333333335" lon="-48.584966666666666"><ele>23.3</ele></trkpt><trkpt lat="-27.001005000000003" lon="-48.58499"><ele>23</ele></trkpt><trkpt lat="-27.001011666666667" lon="-48.58500666666667"><ele>22.8</ele></trkpt><trkpt lat="-27.001013333333336" lon="-48.58501833333333"><ele>23</ele></trkpt><trkpt lat="-27.001015" lon="-48.58503166666666"><ele>23.2</ele></trkpt><trkpt lat="-27.00102" lon="-48.58504833333333"><ele>22.8</ele></trkpt><trkpt lat="-27.00102" lon="-48.58506333333333"><ele>22.6</ele></trkpt><trkpt lat="-27.001026666666668" lon="-48.58507666666666"><ele>22.2</ele></trkpt><trkpt lat="-27.00103" lon="-48.58508666666667"><ele>22.1</ele></trkpt><trkpt lat="-27.001035" lon="-48.5851"><ele>22.1</ele></trkpt><trkpt lat="-27.001039999999996" lon="-48.58512"><ele>21.9</ele></trkpt><trkpt lat="-27.001041666666666" lon="-48.58513166666667"><ele>22.2</ele></trkpt><trkpt lat="-27.00104666666667" lon="-48.585148333333336"><ele>22.5</ele></trkpt><trkpt lat="-27.001048333333333" lon="-48.585161666666664"><ele>22.7</ele></trkpt><trkpt lat="-27.001053333333335" lon="-48.585171666666675"><ele>22.8</ele></trkpt><trkpt lat="-27.00106" lon="-48.58518833333333"><ele>22.8</ele></trkpt><trkpt lat="-27.001065" lon="-48.585203333333325"><ele>22.8</ele></trkpt><trkpt lat="-27.001069999999995" lon="-48.58521833333332"><ele>23</ele></trkpt><trkpt lat="-27.001075" lon="-48.58523"><ele>22.8</ele></trkpt><trkpt lat="-27.00108" lon="-48.58524666666667"><ele>22.9</ele></trkpt><trkpt lat="-27.001086666666666" lon="-48.58526333333332"><ele>22.7</ele></trkpt><trkpt lat="-27.001093333333333" lon="-48.58528"><ele>22.7</ele></trkpt><trkpt lat="-27.001095000000003" lon="-48.585296666666665"><ele>22.7</ele></trkpt><trkpt lat="-27.001098333333335" lon="-48.58531166666667"><ele>22.8</ele></trkpt><trkpt lat="-27.00110666666667" lon="-48.58532"><ele>22.8</ele></trkpt><trkpt lat="-27.001113333333333" lon="-48.58533666666667"><ele>22.9</ele></trkpt><trkpt lat="-27.00112" lon="-48.58535"><ele>22.8</ele></trkpt><trkpt lat="-27.001125000000002" lon="-48.58536333333333"><ele>22.6</ele></trkpt><trkpt lat="-27.001126666666664" lon="-48.58537833333333"><ele>22.3</ele></trkpt><trkpt lat="-27.001126666666664" lon="-48.58539333333333"><ele>22</ele></trkpt><trkpt lat="-27.001131666666666" lon="-48.585406666666664"><ele>21.9</ele></trkpt><trkpt lat="-27.001138333333333" lon="-48.585420000000006"><ele>22.2</ele></trkpt><trkpt lat="-27.001144999999998" lon="-48.58543666666666"><ele>22.1</ele></trkpt><trkpt lat="-27.00115" lon="-48.58544833333334"><ele>21.6</ele></trkpt><trkpt lat="-27.00115333333333" lon="-48.58546833333333"><ele>21.7</ele></trkpt><trkpt lat="-27.00115333333333" lon="-48.585486666666675"><ele>21.8</ele></trkpt><trkpt lat="-27.001155" lon="-48.58550333333333"><ele>21.5</ele></trkpt><trkpt lat="-27.001156666666663" lon="-48.585518333333326"><ele>21.6</ele></trkpt><trkpt lat="-27.001158333333333" lon="-48.585531666666675"><ele>21.8</ele></trkpt><trkpt lat="-27.001155" lon="-48.585545"><ele>22</ele></trkpt><trkpt lat="-27.001156666666663" lon="-48.58555666666666"><ele>22.2</ele></trkpt><trkpt lat="-27.001156666666663" lon="-48.585575"><ele>22.3</ele></trkpt><trkpt lat="-27.001155" lon="-48.585588333333334"><ele>22.6</ele></trkpt><trkpt lat="-27.001156666666663" lon="-48.585605"><ele>22.9</ele></trkpt><trkpt lat="-27.001158333333333" lon="-48.58562"><ele>23</ele></trkpt><trkpt lat="-27.001158333333333" lon="-48.585633333333334"><ele>23.1</ele></trkpt><trkpt lat="-27.001158333333333" lon="-48.58564833333333"><ele>23.3</ele></trkpt><trkpt lat="-27.001158333333333" lon="-48.58566333333333"><ele>23.8</ele></trkpt><trkpt lat="-27.001155" lon="-48.58568333333333"><ele>24.3</ele></trkpt><trkpt lat="-27.001156666666663" lon="-48.58570666666666"><ele>25</ele></trkpt><trkpt lat="-27.001158333333333" lon="-48.585723333333334"><ele>25.2</ele></trkpt><trkpt lat="-27.00116166666667" lon="-48.58573833333333"><ele>25.4</ele></trkpt><trkpt lat="-27.001158333333333" lon="-48.585750000000004"><ele>25.6</ele></trkpt><trkpt lat="-27.001158333333333" lon="-48.58576166666667"><ele>26.6</ele></trkpt><trkpt lat="-27.001148333333337" lon="-48.585775"><ele>26.8</ele></trkpt><trkpt lat="-27.001143333333335" lon="-48.585775"><ele>27</ele></trkpt><trkpt lat="-27.00113666666667" lon="-48.58578333333333"><ele>27.4</ele></trkpt><trkpt lat="-27.001129999999996" lon="-48.5858"><ele>28</ele></trkpt><trkpt lat="-27.001126666666664" lon="-48.58580833333334"><ele>27.9</ele></trkpt><trkpt lat="-27.001118333333338" lon="-48.58581833333333"><ele>28.5</ele></trkpt><trkpt lat="-27.00110666666667" lon="-48.58582666666666"><ele>28.7</ele></trkpt><trkpt lat="-27.001095000000003" lon="-48.585834999999996"><ele>29</ele></trkpt><trkpt lat="-27.001084999999996" lon="-48.58584333333333"><ele>29.6</ele></trkpt><trkpt lat="-27.00107666666667" lon="-48.58585"><ele>29.8</ele></trkpt><trkpt lat="-27.001069999999995" lon="-48.58585333333334"><ele>29.9</ele></trkpt><trkpt lat="-27.001065" lon="-48.58586333333333"><ele>30.2</ele></trkpt><trkpt lat="-27.001053333333335" lon="-48.58587000000001"><ele>30.6</ele></trkpt><trkpt lat="-27.001039999999996" lon="-48.585878333333326"><ele>30.7</ele></trkpt><trkpt lat="-27.001028333333338" lon="-48.58587666666667"><ele>31</ele></trkpt><trkpt lat="-27.00101833333333" lon="-48.585878333333326"><ele>31.3</ele></trkpt><trkpt lat="-27.001011666666667" lon="-48.585879999999996"><ele>31.5</ele></trkpt><trkpt lat="-27.00100166666667" lon="-48.585883333333335"><ele>31.7</ele></trkpt><trkpt lat="-27.00099" lon="-48.58588833333333"><ele>32</ele></trkpt><trkpt lat="-27.000979999999995" lon="-48.585891666666676"><ele>32.4</ele></trkpt><trkpt lat="-27.00097" lon="-48.58590000000001"><ele>32.7</ele></trkpt><trkpt lat="-27.000960000000003" lon="-48.58590833333333"><ele>33.2</ele></trkpt><trkpt lat="-27.000951666666666" lon="-48.58591333333334"><ele>33.6</ele></trkpt><trkpt lat="-27.000945" lon="-48.58591833333333"><ele>34.2</ele></trkpt><trkpt lat="-27.000931666666663" lon="-48.585924999999996"><ele>34.9</ele></trkpt><trkpt lat="-27.000919999999997" lon="-48.585938333333324"><ele>35.5</ele></trkpt><trkpt lat="-27.000906666666666" lon="-48.585946666666665"><ele>36</ele></trkpt><trkpt lat="-27.000889999999995" lon="-48.58595166666667"><ele>36.7</ele></trkpt><trkpt lat="-27.000870000000003" lon="-48.585955"><ele>37.2</ele></trkpt><trkpt lat="-27.000859999999996" lon="-48.585955"><ele>37.9</ele></trkpt><trkpt lat="-27.00085" lon="-48.585955"><ele>38.3</ele></trkpt><trkpt lat="-27.000843333333332" lon="-48.58595166666667"><ele>38.5</ele></trkpt><trkpt lat="-27.00084" lon="-48.58595166666667"><ele>39.1</ele></trkpt><trkpt lat="-27.00084" lon="-48.58595166666667"><ele>39.1</ele></trkpt><trkpt lat="-27.00083833333333" lon="-48.58595333333333"><ele>39.6</ele></trkpt><trkpt lat="-27.00084" lon="-48.58595333333333"><ele>39.4</ele></trkpt><trkpt lat="-27.000841666666663" lon="-48.58595333333333"><ele>39.5</ele></trkpt><trkpt lat="-27.000844999999995" lon="-48.585946666666665"><ele>39.5</ele></trkpt><trkpt lat="-27.00085" lon="-48.585944999999995"><ele>39.2</ele></trkpt><trkpt lat="-27.00085" lon="-48.585944999999995"><ele>39.2</ele></trkpt><trkpt lat="-27.000853333333332" lon="-48.58594"><ele>38.9</ele></trkpt><trkpt lat="-27.000853333333332" lon="-48.58593333333333"><ele>39</ele></trkpt><trkpt lat="-27.000855" lon="-48.58593166666666"><ele>39.4</ele></trkpt><trkpt lat="-27.000856666666664" lon="-48.58593166666666"><ele>39.8</ele></trkpt><trkpt lat="-27.000856666666664" lon="-48.58593166666666"><ele>39.8</ele></trkpt><trkpt lat="-27.000856666666664" lon="-48.58593166666666"><ele>39.8</ele></trkpt><trkpt lat="-27.000856666666664" lon="-48.58593166666666"><ele>39.8</ele></trkpt><trkpt lat="-27.000856666666664" lon="-48.58593166666666"><ele>39.8</ele></trkpt><trkpt lat="-27.000864999999997" lon="-48.585930000000005"><ele>39.6</ele></trkpt><trkpt lat="-27.000864999999997" lon="-48.58592333333333"><ele>39.6</ele></trkpt><trkpt lat="-27.00086666666667" lon="-48.58592"><ele>39.7</ele></trkpt><trkpt lat="-27.00086666666667" lon="-48.58591833333333"><ele>39.8</ele></trkpt><trkpt lat="-27.00086666666667" lon="-48.58591833333333"><ele>39.8</ele></trkpt><trkpt lat="-27.00086666666667" lon="-48.58591833333333"><ele>39.8</ele></trkpt><trkpt lat="-27.00086666666667" lon="-48.58591833333333"><ele>39.8</ele></trkpt><trkpt lat="-27.00086666666667" lon="-48.58591833333333"><ele>39.8</ele></trkpt><trkpt lat="-27.00086666666667" lon="-48.58591833333333"><ele>39.8</ele></trkpt><trkpt lat="-27.000863333333335" lon="-48.58591166666667"><ele>40.2</ele></trkpt><trkpt lat="-27.000861666666665" lon="-48.585924999999996"><ele>40.4</ele></trkpt><trkpt lat="-27.00085166666667" lon="-48.585935"><ele>40.9</ele></trkpt><trkpt lat="-27.000836666666668" lon="-48.585944999999995"><ele>41</ele></trkpt><trkpt lat="-27.000825000000003" lon="-48.58595166666667"><ele>41.2</ele></trkpt><trkpt lat="-27.000811666666664" lon="-48.58595333333333"><ele>40.9</ele></trkpt><trkpt lat="-27.000795" lon="-48.585955"><ele>40.9</ele></trkpt><trkpt lat="-27.000781666666665" lon="-48.58595666666667"><ele>41</ele></trkpt><trkpt lat="-27.000770000000003" lon="-48.58596166666666"><ele>41.8</ele></trkpt><trkpt lat="-27.000768333333333" lon="-48.585965"><ele>42.5</ele></trkpt><trkpt lat="-27.000751666666662" lon="-48.58596833333333"><ele>42.9</ele></trkpt><trkpt lat="-27.000736666666665" lon="-48.58597499999999"><ele>43.3</ele></trkpt><trkpt lat="-27.00072" lon="-48.58597666666666"><ele>43.8</ele></trkpt><trkpt lat="-27.000713333333337" lon="-48.58597833333333"><ele>44.1</ele></trkpt><trkpt lat="-27.000706666666662" lon="-48.585981666666676"><ele>44.1</ele></trkpt><trkpt lat="-27.000695000000004" lon="-48.58598666666667"><ele>43.8</ele></trkpt><trkpt lat="-27.000683333333335" lon="-48.585989999999995"><ele>43.9</ele></trkpt><trkpt lat="-27.00067" lon="-48.585989999999995"><ele>44.3</ele></trkpt><trkpt lat="-27.00065833333333" lon="-48.585991666666665"><ele>44.6</ele></trkpt><trkpt lat="-27.000646666666665" lon="-48.58600333333334"><ele>44.4</ele></trkpt><trkpt lat="-27.000633333333333" lon="-48.58601333333333"><ele>44.4</ele></trkpt><trkpt lat="-27.000621666666667" lon="-48.586025"><ele>44.5</ele></trkpt><trkpt lat="-27.000609999999998" lon="-48.58603333333334"><ele>44.6</ele></trkpt><trkpt lat="-27.000600000000002" lon="-48.586040000000004"><ele>44.6</ele></trkpt><trkpt lat="-27.000588333333333" lon="-48.586041666666674"><ele>44.4</ele></trkpt><trkpt lat="-27.00058" lon="-48.58604999999999"><ele>44.2</ele></trkpt><trkpt lat="-27.000571666666662" lon="-48.58606499999999"><ele>43.9</ele></trkpt><trkpt lat="-27.000563333333336" lon="-48.58607"><ele>43.5</ele></trkpt><trkpt lat="-27.000553333333333" lon="-48.586073333333324"><ele>43.5</ele></trkpt><trkpt lat="-27.00053833333333" lon="-48.586075"><ele>43.8</ele></trkpt><trkpt lat="-27.000526666666662" lon="-48.586081666666665"><ele>44.2</ele></trkpt><trkpt lat="-27.000515000000004" lon="-48.58608833333333"><ele>44.5</ele></trkpt><trkpt lat="-27.000504999999997" lon="-48.58609166666667"><ele>45</ele></trkpt><trkpt lat="-27.000496666666663" lon="-48.58609333333334"><ele>45.4</ele></trkpt><trkpt lat="-27.000488333333337" lon="-48.58609666666666"><ele>45.9</ele></trkpt><trkpt lat="-27.00048" lon="-48.58610166666667"><ele>46.4</ele></trkpt><trkpt lat="-27.000471666666666" lon="-48.586108333333335"><ele>47.2</ele></trkpt><trkpt lat="-27.000463333333332" lon="-48.58610999999999"><ele>48.1</ele></trkpt><trkpt lat="-27.000451666666663" lon="-48.586108333333335"><ele>48.9</ele></trkpt><trkpt lat="-27.000440000000005" lon="-48.58611333333333"><ele>49.6</ele></trkpt><trkpt lat="-27.000425000000003" lon="-48.586115"><ele>50.2</ele></trkpt><trkpt lat="-27.000413333333334" lon="-48.586118333333324"><ele>50.6</ele></trkpt><trkpt lat="-27.00040166666667" lon="-48.586128333333335"><ele>50.3</ele></trkpt><trkpt lat="-27.00039333333333" lon="-48.58614333333333"><ele>50.1</ele></trkpt><trkpt lat="-27.000386666666667" lon="-48.58615499999999"><ele>49.9</ele></trkpt><trkpt lat="-27.000384999999998" lon="-48.58616666666667"><ele>49.9</ele></trkpt><trkpt lat="-27.000383333333335" lon="-48.58618"><ele>50.1</ele></trkpt><trkpt lat="-27.000380000000003" lon="-48.58619166666667"><ele>50.3</ele></trkpt><trkpt lat="-27.000375000000002" lon="-48.58620166666666"><ele>50.3</ele></trkpt><trkpt lat="-27.000366666666665" lon="-48.58621"><ele>50.2</ele></trkpt><trkpt lat="-27.000361666666663" lon="-48.586225"><ele>50.1</ele></trkpt><trkpt lat="-27.00035666666667" lon="-48.58624499999999"><ele>50.1</ele></trkpt><trkpt lat="-27.000353333333337" lon="-48.586259999999996"><ele>50.2</ele></trkpt><trkpt lat="-27.000353333333337" lon="-48.58627666666666"><ele>50.4</ele></trkpt><trkpt lat="-27.000350000000005" lon="-48.58628999999999"><ele>50.3</ele></trkpt><trkpt lat="-27.000353333333337" lon="-48.58630333333334"><ele>50</ele></trkpt><trkpt lat="-27.000353333333337" lon="-48.58631833333334"><ele>50.1</ele></trkpt><trkpt lat="-27.000355" lon="-48.58632833333333"><ele>49.6</ele></trkpt><trkpt lat="-27.00036" lon="-48.586343333333325"><ele>49.1</ele></trkpt><trkpt lat="-27.000361666666663" lon="-48.586353333333335"><ele>49.2</ele></trkpt><trkpt lat="-27.000355" lon="-48.58636333333334"><ele>49</ele></trkpt><trkpt lat="-27.000353333333337" lon="-48.586376666666666"><ele>49</ele></trkpt><trkpt lat="-27.000361666666663" lon="-48.58639333333334"><ele>48.8</ele></trkpt><trkpt lat="-27.000366666666665" lon="-48.58640666666667"><ele>48.6</ele></trkpt><trkpt lat="-27.000375000000002" lon="-48.586421666666666"><ele>48.5</ele></trkpt><trkpt lat="-27.000378333333334" lon="-48.58643833333334"><ele>47.8</ele></trkpt><trkpt lat="-27.000380000000003" lon="-48.58645166666667"><ele>46.6</ele></trkpt><trkpt lat="-27.000384999999998" lon="-48.58647166666666"><ele>46.4</ele></trkpt><trkpt lat="-27.000395000000005" lon="-48.586495"><ele>45.8</ele></trkpt><trkpt lat="-27.00040333333333" lon="-48.58651666666666"><ele>45.6</ele></trkpt><trkpt lat="-27.000408333333333" lon="-48.58654166666667"><ele>45.1</ele></trkpt><trkpt lat="-27.000420000000002" lon="-48.586568333333325"><ele>45.2</ele></trkpt><trkpt lat="-27.000425000000003" lon="-48.586595"><ele>44.7</ele></trkpt><trkpt lat="-27.000436666666662" lon="-48.58663"><ele>44.7</ele></trkpt><trkpt lat="-27.00044666666667" lon="-48.58666333333334"><ele>44.5</ele></trkpt><trkpt lat="-27.000456666666665" lon="-48.5867"><ele>44.2</ele></trkpt><trkpt lat="-27.000463333333332" lon="-48.58674333333333"><ele>43.8</ele></trkpt><trkpt lat="-27.000470000000004" lon="-48.586793333333326"><ele>43.6</ele></trkpt><trkpt lat="-27.000468333333334" lon="-48.586845"><ele>43.2</ele></trkpt><trkpt lat="-27.00046166666667" lon="-48.586891666666666"><ele>42.7</ele></trkpt><trkpt lat="-27.000440000000005" lon="-48.586940000000006"><ele>42.1</ele></trkpt><trkpt lat="-27.000411666666665" lon="-48.58698"><ele>41.1</ele></trkpt><trkpt lat="-27.000365000000002" lon="-48.58701333333333"><ele>40</ele></trkpt><trkpt lat="-27.0003" lon="-48.58705499999999"><ele>39.6</ele></trkpt><trkpt lat="-27.000243333333334" lon="-48.58709"><ele>38.5</ele></trkpt><trkpt lat="-27.00021" lon="-48.587108333333326"><ele>38.1</ele></trkpt><trkpt lat="-27.000189999999996" lon="-48.587118333333336"><ele>38.3</ele></trkpt><trkpt lat="-27.000175" lon="-48.58712666666667"><ele>38.3</ele></trkpt><trkpt lat="-27.000153333333333" lon="-48.58714166666667"><ele>37.3</ele></trkpt><trkpt lat="-27.00012166666667" lon="-48.587153333333326"><ele>37.1</ele></trkpt><trkpt lat="-27.000085" lon="-48.58717"><ele>36.4</ele></trkpt><trkpt lat="-27.000053333333334" lon="-48.58719166666666"><ele>35.8</ele></trkpt><trkpt lat="-27.000053333333334" lon="-48.58719166666666"><ele>35.8</ele></trkpt><trkpt lat="-27.000008333333334" lon="-48.58720666666667"><ele>35.2</ele></trkpt><trkpt lat="-26.999958333333332" lon="-48.58721666666667"><ele>33.5</ele></trkpt><trkpt lat="-26.999905" lon="-48.58723666666666"><ele>33.1</ele></trkpt><trkpt lat="-26.99985" lon="-48.587255000000006"><ele>31.4</ele></trkpt><trkpt lat="-26.99979166666667" lon="-48.58728166666666"><ele>31.3</ele></trkpt><trkpt lat="-26.999738333333333" lon="-48.58732166666667"><ele>31.2</ele></trkpt><trkpt lat="-26.999693333333333" lon="-48.58737833333333"><ele>30.7</ele></trkpt><trkpt lat="-26.999661666666665" lon="-48.58744166666667"><ele>30</ele></trkpt><trkpt lat="-26.999634999999998" lon="-48.58751666666667"><ele>29.2</ele></trkpt><trkpt lat="-26.999615000000002" lon="-48.58759833333333"><ele>28.4</ele></trkpt><trkpt lat="-26.99959833333333" lon="-48.58766166666666"><ele>27.4</ele></trkpt><trkpt lat="-26.999588333333335" lon="-48.587720000000004"><ele>26.1</ele></trkpt><trkpt lat="-26.99958333333333" lon="-48.58779166666667"><ele>24</ele></trkpt><trkpt lat="-26.999579999999998" lon="-48.58785833333333"><ele>22.1</ele></trkpt><trkpt lat="-26.99956666666667" lon="-48.58790666666667"><ele>19.9</ele></trkpt><trkpt lat="-26.99953833333333" lon="-48.58796333333333"><ele>18.7</ele></trkpt><trkpt lat="-26.999526666666664" lon="-48.58802000000001"><ele>17.8</ele></trkpt><trkpt lat="-26.99950833333333" lon="-48.58807"><ele>16.8</ele></trkpt><trkpt lat="-26.99949333333333" lon="-48.58812666666666"><ele>15.6</ele></trkpt><trkpt lat="-26.999475" lon="-48.588166666666666"><ele>13.8</ele></trkpt><trkpt lat="-26.999456666666667" lon="-48.58820000000001"><ele>12.4</ele></trkpt><trkpt lat="-26.999423333333333" lon="-48.58822833333333"><ele>11.6</ele></trkpt><trkpt lat="-26.999383333333338" lon="-48.588260000000005"><ele>11.8</ele></trkpt><trkpt lat="-26.999354999999998" lon="-48.588281666666674"><ele>12.1</ele></trkpt><trkpt lat="-26.999321666666667" lon="-48.588305000000005"><ele>12.6</ele></trkpt><trkpt lat="-26.99928333333333" lon="-48.58833"><ele>12.7</ele></trkpt><trkpt lat="-26.999225000000003" lon="-48.588371666666674"><ele>12</ele></trkpt><trkpt lat="-26.999180000000003" lon="-48.58841"><ele>11.4</ele></trkpt><trkpt lat="-26.999138333333335" lon="-48.588445"><ele>11.3</ele></trkpt><trkpt lat="-26.999105" lon="-48.58846833333334"><ele>11.4</ele></trkpt><trkpt lat="-26.999105" lon="-48.58846833333334"><ele>11.4</ele></trkpt><trkpt lat="-26.99907333333333" lon="-48.588496666666664"><ele>11.9</ele></trkpt><trkpt lat="-26.999046666666665" lon="-48.58852166666667"><ele>12.1</ele></trkpt><trkpt lat="-26.999023333333337" lon="-48.58853666666667"><ele>11.6</ele></trkpt><trkpt lat="-26.999005000000004" lon="-48.588545"><ele>11.2</ele></trkpt><trkpt lat="-26.998996666666667" lon="-48.58856166666666"><ele>11.1</ele></trkpt><trkpt lat="-26.998990000000003" lon="-48.58857666666666"><ele>10.9</ele></trkpt><trkpt lat="-26.998994999999997" lon="-48.58858166666667"><ele>10.7</ele></trkpt><trkpt lat="-26.998996666666667" lon="-48.588583333333325"><ele>10.7</ele></trkpt><trkpt lat="-26.999000000000002" lon="-48.588588333333334"><ele>10.6</ele></trkpt><trkpt lat="-26.999000000000002" lon="-48.588588333333334"><ele>10.6</ele></trkpt><trkpt lat="-26.999000000000002" lon="-48.588588333333334"><ele>10.6</ele></trkpt><trkpt lat="-26.999000000000002" lon="-48.588588333333334"><ele>10.6</ele></trkpt><trkpt lat="-26.999000000000002" lon="-48.588588333333334"><ele>10.6</ele></trkpt><trkpt lat="-26.999000000000002" lon="-48.588588333333334"><ele>10.6</ele></trkpt><trkpt lat="-26.999000000000002" lon="-48.588588333333334"><ele>10.6</ele></trkpt><trkpt lat="-26.999000000000002" lon="-48.588588333333334"><ele>10.6</ele></trkpt><trkpt lat="-26.999000000000002" lon="-48.588588333333334"><ele>10.6</ele></trkpt><trkpt lat="-26.999000000000002" lon="-48.588588333333334"><ele>10.6</ele></trkpt><trkpt lat="-26.999000000000002" lon="-48.588588333333334"><ele>10.6</ele></trkpt><trkpt lat="-26.999000000000002" lon="-48.588588333333334"><ele>10.6</ele></trkpt><trkpt lat="-26.999000000000002" lon="-48.588588333333334"><ele>10.6</ele></trkpt><trkpt lat="-26.999000000000002" lon="-48.588588333333334"><ele>10.6</ele></trkpt><trkpt lat="-26.999000000000002" lon="-48.588588333333334"><ele>10.6</ele></trkpt><trkpt lat="-26.999000000000002" lon="-48.588588333333334"><ele>10.6</ele></trkpt><trkpt lat="-26.999000000000002" lon="-48.588588333333334"><ele>10.6</ele></trkpt><trkpt lat="-26.999000000000002" lon="-48.588588333333334"><ele>10.6</ele></trkpt><trkpt lat="-26.999000000000002" lon="-48.588588333333334"><ele>10.6</ele></trkpt><trkpt lat="-26.999000000000002" lon="-48.588588333333334"><ele>10.6</ele></trkpt><trkpt lat="-26.999000000000002" lon="-48.588588333333334"><ele>10.6</ele></trkpt><trkpt lat="-26.999000000000002" lon="-48.588588333333334"><ele>10.6</ele></trkpt><trkpt lat="-26.999000000000002" lon="-48.588588333333334"><ele>10.6</ele></trkpt><trkpt lat="-26.999000000000002" lon="-48.588588333333334"><ele>10.6</ele></trkpt><trkpt lat="-26.999000000000002" lon="-48.588588333333334"><ele>10.6</ele></trkpt><trkpt lat="-26.999000000000002" lon="-48.588588333333334"><ele>10.6</ele></trkpt><trkpt lat="-26.999000000000002" lon="-48.588588333333334"><ele>10.6</ele></trkpt><trkpt lat="-26.999000000000002" lon="-48.588588333333334"><ele>10.6</ele></trkpt><trkpt lat="-26.999000000000002" lon="-48.588588333333334"><ele>10.6</ele></trkpt><trkpt lat="-26.999000000000002" lon="-48.588588333333334"><ele>10.6</ele></trkpt><trkpt lat="-26.999000000000002" lon="-48.588588333333334"><ele>10.6</ele></trkpt><trkpt lat="-26.999000000000002" lon="-48.588588333333334"><ele>10.6</ele></trkpt><trkpt lat="-26.999000000000002" lon="-48.588588333333334"><ele>10.6</ele></trkpt><trkpt lat="-26.999000000000002" lon="-48.588588333333334"><ele>10.6</ele></trkpt><trkpt lat="-26.999000000000002" lon="-48.588588333333334"><ele>10.6</ele></trkpt><trkpt lat="-26.999000000000002" lon="-48.588588333333334"><ele>10.6</ele></trkpt><trkpt lat="-26.999000000000002" lon="-48.588588333333334"><ele>10.6</ele></trkpt><trkpt lat="-26.999000000000002" lon="-48.588588333333334"><ele>10.6</ele></trkpt><trkpt lat="-26.999000000000002" lon="-48.588588333333334"><ele>10.6</ele></trkpt><trkpt lat="-26.999000000000002" lon="-48.588588333333334"><ele>10.6</ele></trkpt><trkpt lat="-26.999000000000002" lon="-48.588588333333334"><ele>10.6</ele></trkpt><trkpt lat="-26.999000000000002" lon="-48.588588333333334"><ele>10.6</ele></trkpt><trkpt lat="-26.999000000000002" lon="-48.588588333333334"><ele>10.6</ele></trkpt><trkpt lat="-26.999000000000002" lon="-48.588588333333334"><ele>10.6</ele></trkpt><trkpt lat="-26.999000000000002" lon="-48.588588333333334"><ele>10.6</ele></trkpt><trkpt lat="-26.999000000000002" lon="-48.588588333333334"><ele>10.6</ele></trkpt><trkpt lat="-26.999000000000002" lon="-48.588588333333334"><ele>10.6</ele></trkpt><trkpt lat="-26.999000000000002" lon="-48.588588333333334"><ele>10.6</ele></trkpt><trkpt lat="-26.999000000000002" lon="-48.588588333333334"><ele>10.6</ele></trkpt><trkpt lat="-26.999000000000002" lon="-48.588588333333334"><ele>10.6</ele></trkpt><trkpt lat="-26.999000000000002" lon="-48.588588333333334"><ele>10.6</ele></trkpt><trkpt lat="-26.999000000000002" lon="-48.588588333333334"><ele>10.6</ele></trkpt><trkpt lat="-26.999000000000002" lon="-48.588588333333334"><ele>10.6</ele></trkpt><trkpt lat="-26.999000000000002" lon="-48.588588333333334"><ele>10.6</ele></trkpt><trkpt lat="-26.999000000000002" lon="-48.588588333333334"><ele>10.6</ele></trkpt><trkpt lat="-26.999000000000002" lon="-48.588588333333334"><ele>10.6</ele></trkpt><trkpt lat="-26.999000000000002" lon="-48.588588333333334"><ele>10.6</ele></trkpt><trkpt lat="-26.999000000000002" lon="-48.588588333333334"><ele>10.6</ele></trkpt><trkpt lat="-26.999000000000002" lon="-48.588588333333334"><ele>10.6</ele></trkpt><trkpt lat="-26.999000000000002" lon="-48.588588333333334"><ele>10.6</ele></trkpt><trkpt lat="-26.999000000000002" lon="-48.588588333333334"><ele>10.6</ele></trkpt><trkpt lat="-26.999000000000002" lon="-48.588588333333334"><ele>10.6</ele></trkpt><trkpt lat="-26.999000000000002" lon="-48.588588333333334"><ele>10.6</ele></trkpt><trkpt lat="-26.999000000000002" lon="-48.588588333333334"><ele>10.6</ele></trkpt><trkpt lat="-26.999000000000002" lon="-48.588588333333334"><ele>10.6</ele></trkpt><trkpt lat="-26.999000000000002" lon="-48.588588333333334"><ele>10.6</ele></trkpt><trkpt lat="-26.999000000000002" lon="-48.588588333333334"><ele>10.6</ele></trkpt><trkpt lat="-26.999000000000002" lon="-48.588588333333334"><ele>10.6</ele></trkpt><trkpt lat="-26.999000000000002" lon="-48.588588333333334"><ele>10.6</ele></trkpt><trkpt lat="-26.999000000000002" lon="-48.588588333333334"><ele>10.6</ele></trkpt><trkpt lat="-26.999000000000002" lon="-48.588588333333334"><ele>10.6</ele></trkpt><trkpt lat="-26.999000000000002" lon="-48.588588333333334"><ele>10.6</ele></trkpt><trkpt lat="-26.999000000000002" lon="-48.588588333333334"><ele>10.6</ele></trkpt><trkpt lat="-26.999000000000002" lon="-48.588588333333334"><ele>10.6</ele></trkpt><trkpt lat="-26.999000000000002" lon="-48.588588333333334"><ele>10.6</ele></trkpt><trkpt lat="-26.999000000000002" lon="-48.588588333333334"><ele>10.6</ele></trkpt><trkpt lat="-26.999000000000002" lon="-48.588588333333334"><ele>10.6</ele></trkpt><trkpt lat="-26.999000000000002" lon="-48.588588333333334"><ele>10.6</ele></trkpt><trkpt lat="-26.999000000000002" lon="-48.588588333333334"><ele>10.6</ele></trkpt><trkpt lat="-26.999000000000002" lon="-48.588588333333334"><ele>10.6</ele></trkpt><trkpt lat="-26.999000000000002" lon="-48.588588333333334"><ele>10.6</ele></trkpt><trkpt lat="-26.999000000000002" lon="-48.588588333333334"><ele>10.6</ele></trkpt><trkpt lat="-26.999000000000002" lon="-48.588588333333334"><ele>10.6</ele></trkpt><trkpt lat="-26.999000000000002" lon="-48.588588333333334"><ele>10.6</ele></trkpt><trkpt lat="-26.999000000000002" lon="-48.588588333333334"><ele>10.6</ele></trkpt><trkpt lat="-26.999000000000002" lon="-48.588588333333334"><ele>10.6</ele></trkpt><trkpt lat="-26.999000000000002" lon="-48.588588333333334"><ele>10.6</ele></trkpt><trkpt lat="-26.999000000000002" lon="-48.588588333333334"><ele>10.6</ele></trkpt><trkpt lat="-26.999000000000002" lon="-48.588588333333334"><ele>10.6</ele></trkpt><trkpt lat="-26.999000000000002" lon="-48.588588333333334"><ele>10.6</ele></trkpt><trkpt lat="-26.999000000000002" lon="-48.588588333333334"><ele>10.6</ele></trkpt><trkpt lat="-26.999000000000002" lon="-48.588588333333334"><ele>10.6</ele></trkpt><trkpt lat="-26.999000000000002" lon="-48.588588333333334"><ele>10.6</ele></trkpt><trkpt lat="-26.999000000000002" lon="-48.588588333333334"><ele>10.6</ele></trkpt><trkpt lat="-26.999000000000002" lon="-48.588588333333334"><ele>10.6</ele></trkpt><trkpt lat="-26.999000000000002" lon="-48.588588333333334"><ele>10.6</ele></trkpt><trkpt lat="-26.999000000000002" lon="-48.588588333333334"><ele>10.6</ele></trkpt><trkpt lat="-26.999000000000002" lon="-48.588588333333334"><ele>10.6</ele></trkpt><trkpt lat="-26.999000000000002" lon="-48.588588333333334"><ele>10.6</ele></trkpt><trkpt lat="-26.999000000000002" lon="-48.588588333333334"><ele>10.6</ele></trkpt><trkpt lat="-26.999000000000002" lon="-48.588588333333334"><ele>10.6</ele></trkpt><trkpt lat="-26.999000000000002" lon="-48.588588333333334"><ele>10.6</ele></trkpt><trkpt lat="-26.999000000000002" lon="-48.588588333333334"><ele>10.6</ele></trkpt><trkpt lat="-26.999000000000002" lon="-48.588588333333334"><ele>10.6</ele></trkpt><trkpt lat="-26.999000000000002" lon="-48.588588333333334"><ele>10.6</ele></trkpt><trkpt lat="-26.999000000000002" lon="-48.588588333333334"><ele>10.6</ele></trkpt><trkpt lat="-26.999000000000002" lon="-48.588588333333334"><ele>10.6</ele></trkpt><trkpt lat="-26.999000000000002" lon="-48.588588333333334"><ele>10.6</ele></trkpt><trkpt lat="-26.999000000000002" lon="-48.588588333333334"><ele>10.6</ele></trkpt><trkpt lat="-26.999000000000002" lon="-48.588588333333334"><ele>10.6</ele></trkpt><trkpt lat="-26.999000000000002" lon="-48.588588333333334"><ele>10.6</ele></trkpt><trkpt lat="-26.999000000000002" lon="-48.588588333333334"><ele>10.6</ele></trkpt><trkpt lat="-26.999000000000002" lon="-48.588588333333334"><ele>10.6</ele></trkpt><trkpt lat="-26.999000000000002" lon="-48.588588333333334"><ele>10.6</ele></trkpt><trkpt lat="-26.999000000000002" lon="-48.588588333333334"><ele>10.6</ele></trkpt><trkpt lat="-26.999000000000002" lon="-48.588588333333334"><ele>10.6</ele></trkpt><trkpt lat="-26.999000000000002" lon="-48.588588333333334"><ele>10.6</ele></trkpt><trkpt lat="-26.999000000000002" lon="-48.588588333333334"><ele>10.6</ele></trkpt><trkpt lat="-26.999000000000002" lon="-48.588588333333334"><ele>10.6</ele></trkpt><trkpt lat="-26.999000000000002" lon="-48.588588333333334"><ele>10.6</ele></trkpt><trkpt lat="-26.999000000000002" lon="-48.588588333333334"><ele>10.6</ele></trkpt><trkpt lat="-26.999000000000002" lon="-48.588588333333334"><ele>10.6</ele></trkpt><trkpt lat="-26.999000000000002" lon="-48.588588333333334"><ele>10.6</ele></trkpt><trkpt lat="-26.999000000000002" lon="-48.588588333333334"><ele>10.6</ele></trkpt><trkpt lat="-26.999000000000002" lon="-48.588588333333334"><ele>10.6</ele></trkpt><trkpt lat="-26.999000000000002" lon="-48.588588333333334"><ele>10.6</ele></trkpt><trkpt lat="-26.999000000000002" lon="-48.588588333333334"><ele>10.6</ele></trkpt><trkpt lat="-26.999000000000002" lon="-48.588588333333334"><ele>10.6</ele></trkpt><trkpt lat="-26.999000000000002" lon="-48.588588333333334"><ele>10.6</ele></trkpt><trkpt lat="-26.999000000000002" lon="-48.588588333333334"><ele>10.6</ele></trkpt><trkpt lat="-26.999000000000002" lon="-48.588588333333334"><ele>10.6</ele></trkpt><trkpt lat="-26.999000000000002" lon="-48.588588333333334"><ele>10.6</ele></trkpt><trkpt lat="-26.999000000000002" lon="-48.588588333333334"><ele>10.6</ele></trkpt><trkpt lat="-26.999000000000002" lon="-48.588588333333334"><ele>10.6</ele></trkpt><trkpt lat="-26.999000000000002" lon="-48.588588333333334"><ele>10.6</ele></trkpt><trkpt lat="-26.999000000000002" lon="-48.588588333333334"><ele>10.6</ele></trkpt><trkpt lat="-26.999000000000002" lon="-48.588588333333334"><ele>10.6</ele></trkpt><trkpt lat="-26.999000000000002" lon="-48.588588333333334"><ele>10.6</ele></trkpt><trkpt lat="-26.999000000000002" lon="-48.588588333333334"><ele>10.6</ele></trkpt><trkpt lat="-26.999000000000002" lon="-48.588588333333334"><ele>10.6</ele></trkpt><trkpt lat="-26.999000000000002" lon="-48.588588333333334"><ele>10.6</ele></trkpt><trkpt lat="-26.999000000000002" lon="-48.588588333333334"><ele>10.6</ele></trkpt><trkpt lat="-26.999000000000002" lon="-48.588588333333334"><ele>10.6</ele></trkpt><trkpt lat="-26.999000000000002" lon="-48.588588333333334"><ele>10.6</ele></trkpt><trkpt lat="-26.999000000000002" lon="-48.588588333333334"><ele>10.6</ele></trkpt><trkpt lat="-26.999000000000002" lon="-48.588588333333334"><ele>10.6</ele></trkpt><trkpt lat="-26.999000000000002" lon="-48.588588333333334"><ele>10.6</ele></trkpt><trkpt lat="-26.999000000000002" lon="-48.588588333333334"><ele>10.6</ele></trkpt><trkpt lat="-26.999000000000002" lon="-48.588588333333334"><ele>10.6</ele></trkpt><trkpt lat="-26.999000000000002" lon="-48.588588333333334"><ele>10.6</ele></trkpt><trkpt lat="-26.999000000000002" lon="-48.588588333333334"><ele>10.6</ele></trkpt><trkpt lat="-26.999000000000002" lon="-48.588588333333334"><ele>10.6</ele></trkpt><trkpt lat="-26.999000000000002" lon="-48.588588333333334"><ele>10.6</ele></trkpt><trkpt lat="-26.999000000000002" lon="-48.588588333333334"><ele>10.6</ele></trkpt><trkpt lat="-26.999000000000002" lon="-48.588588333333334"><ele>10.6</ele></trkpt><trkpt lat="-26.999000000000002" lon="-48.588588333333334"><ele>10.6</ele></trkpt><trkpt lat="-26.999000000000002" lon="-48.588588333333334"><ele>10.6</ele></trkpt><trkpt lat="-26.999000000000002" lon="-48.588588333333334"><ele>10.6</ele></trkpt><trkpt lat="-26.999000000000002" lon="-48.588588333333334"><ele>10.6</ele></trkpt><trkpt lat="-26.999000000000002" lon="-48.588588333333334"><ele>10.6</ele></trkpt><trkpt lat="-26.999000000000002" lon="-48.588588333333334"><ele>10.6</ele></trkpt><trkpt lat="-26.999000000000002" lon="-48.588588333333334"><ele>10.6</ele></trkpt><trkpt lat="-26.999000000000002" lon="-48.588588333333334"><ele>10.6</ele></trkpt><trkpt lat="-26.999000000000002" lon="-48.588588333333334"><ele>10.6</ele></trkpt><trkpt lat="-26.999000000000002" lon="-48.588588333333334"><ele>10.6</ele></trkpt><trkpt lat="-26.999000000000002" lon="-48.588588333333334"><ele>10.6</ele></trkpt><trkpt lat="-26.999000000000002" lon="-48.588588333333334"><ele>10.6</ele></trkpt><trkpt lat="-26.999000000000002" lon="-48.588588333333334"><ele>10.6</ele></trkpt><trkpt lat="-26.999000000000002" lon="-48.588588333333334"><ele>10.6</ele></trkpt><trkpt lat="-26.999000000000002" lon="-48.588588333333334"><ele>10.6</ele></trkpt><trkpt lat="-26.999000000000002" lon="-48.588588333333334"><ele>10.6</ele></trkpt><trkpt lat="-26.999000000000002" lon="-48.588588333333334"><ele>10.6</ele></trkpt><trkpt lat="-26.999000000000002" lon="-48.588588333333334"><ele>10.6</ele></trkpt><trkpt lat="-26.999000000000002" lon="-48.588588333333334"><ele>10.6</ele></trkpt><trkpt lat="-26.999000000000002" lon="-48.588588333333334"><ele>10.6</ele></trkpt><trkpt lat="-26.999000000000002" lon="-48.588588333333334"><ele>10.6</ele></trkpt><trkpt lat="-26.999000000000002" lon="-48.588588333333334"><ele>10.6</ele></trkpt><trkpt lat="-26.999000000000002" lon="-48.588588333333334"><ele>10.6</ele></trkpt><trkpt lat="-26.999000000000002" lon="-48.588588333333334"><ele>10.6</ele></trkpt><trkpt lat="-26.999000000000002" lon="-48.588588333333334"><ele>10.6</ele></trkpt><trkpt lat="-26.999000000000002" lon="-48.588588333333334"><ele>10.6</ele></trkpt><trkpt lat="-26.999000000000002" lon="-48.588588333333334"><ele>10.6</ele></trkpt><trkpt lat="-26.999000000000002" lon="-48.588588333333334"><ele>10.6</ele></trkpt><trkpt lat="-26.999000000000002" lon="-48.588588333333334"><ele>10.6</ele></trkpt><trkpt lat="-26.999000000000002" lon="-48.588588333333334"><ele>10.6</ele></trkpt><trkpt lat="-26.999000000000002" lon="-48.588588333333334"><ele>10.6</ele></trkpt><trkpt lat="-26.999000000000002" lon="-48.588588333333334"><ele>10.6</ele></trkpt><trkpt lat="-26.999000000000002" lon="-48.588588333333334"><ele>10.6</ele></trkpt><trkpt lat="-26.999000000000002" lon="-48.588588333333334"><ele>10.6</ele></trkpt><trkpt lat="-26.999000000000002" lon="-48.588588333333334"><ele>10.6</ele></trkpt><trkpt lat="-26.999000000000002" lon="-48.588588333333334"><ele>10.6</ele></trkpt><trkpt lat="-26.999000000000002" lon="-48.588588333333334"><ele>10.6</ele></trkpt><trkpt lat="-26.999000000000002" lon="-48.588588333333334"><ele>10.6</ele></trkpt><trkpt lat="-26.999000000000002" lon="-48.588588333333334"><ele>10.6</ele></trkpt><trkpt lat="-26.999000000000002" lon="-48.588588333333334"><ele>10.6</ele></trkpt><trkpt lat="-26.999000000000002" lon="-48.588588333333334"><ele>10.6</ele></trkpt><trkpt lat="-26.999000000000002" lon="-48.588588333333334"><ele>10.6</ele></trkpt><trkpt lat="-26.999000000000002" lon="-48.588588333333334"><ele>10.6</ele></trkpt><trkpt lat="-26.999000000000002" lon="-48.588588333333334"><ele>10.6</ele></trkpt><trkpt lat="-26.999000000000002" lon="-48.588588333333334"><ele>10.6</ele></trkpt><trkpt lat="-26.999000000000002" lon="-48.588588333333334"><ele>10.6</ele></trkpt><trkpt lat="-26.999000000000002" lon="-48.588588333333334"><ele>10.6</ele></trkpt><trkpt lat="-26.999000000000002" lon="-48.588588333333334"><ele>10.6</ele></trkpt><trkpt lat="-26.999000000000002" lon="-48.588588333333334"><ele>10.6</ele></trkpt><trkpt lat="-26.999000000000002" lon="-48.588588333333334"><ele>10.6</ele></trkpt><trkpt lat="-26.999000000000002" lon="-48.588588333333334"><ele>10.6</ele></trkpt></trkseg></trk></gpx>