<?xml version="1.0" encoding="UTF-8"?>
<gpx xmlns="http://www.topografix.com/GPX/1/1" version="1.1" creator="@dwayneparton/geojson-to-gpx"><wpt lat="-27.018878333333337" lon="-48.60615166666666"><ele>6.1</ele><name>1 faixa</name></wpt><wpt lat="-27.018875" lon="-48.60619166666667"><ele>7.9</ele><name>10</name></wpt><wpt lat="-27.01930333333333" lon="-48.60227833333333"><ele>10</ele><name>24</name></wpt><wpt lat="-27.019291666666664" lon="-48.60266333333334"><ele>10.4</ele><name>30km/h</name></wpt><wpt lat="-27.019116666666665" lon="-48.60445333333334"><ele>4.800000000000001</ele><name>40km/h</name></wpt><wpt lat="-27.01913833333333" lon="-48.604425000000006"><ele>6</ele><name>40km/h</name></wpt><wpt lat="-27.018948333333334" lon="-48.60619"><ele>8.5</ele><name>40km/h</name></wpt><wpt lat="-27.019321666666663" lon="-48.602291666666666"><ele>9.5</ele><name>180</name></wpt><wpt lat="-27.019298333333335" lon="-48.60228"><ele>10.299999999999999</ele><name>280</name></wpt><wpt lat="-27.019325000000002" lon="-48.60227166666667"><ele>9.3</ele><name>695</name></wpt><wpt lat="-27.019385000000003" lon="-48.60179"><ele>10.7</ele><name>A ciclo é completamente reta.</name></wpt><wpt lat="-27.019385000000003" lon="-48.60179"><ele>10.7</ele><name>A pintura está boa, COMPLETA e visível</name></wpt><wpt lat="-27.018878333333337" lon="-48.60615166666666"><ele>6.1</ele><name>Apenas faixas vermelhas nas bordas, com travessias pintadas nos cruzamentos</name></wpt><wpt lat="-27.01930666666666" lon="-48.60227833333333"><ele>10</ele><name>Área de amortecimento da ciclo (cm)</name></wpt><wpt lat="-27.019328333333338" lon="-48.602296666666675"><ele>9.3</ele><name>Área transitável da ciclo (cm)</name></wpt><wpt lat="-27.018878333333337" lon="-48.60615166666666"><ele>6.1</ele><name>Asfalto</name></wpt><wpt lat="-27.018878333333337" lon="-48.60615166666666"><ele>6.1</ele><name>Bidirecional</name></wpt><wpt lat="-27.019385000000003" lon="-48.60179"><ele>10.7</ele><name>Bom estado</name></wpt><wpt lat="-27.019148333333337" lon="-48.60504833333333"><ele>8.7</ele><name>Bueiro</name></wpt><wpt lat="-27.019023333333333" lon="-48.60497166666667"><ele>3.4000000000000004</ele><name>Bueiro</name></wpt><wpt lat="-27.019055" lon="-48.60488999999999"><ele>3.1</ele><name>Bueiro</name></wpt><wpt lat="-27.019115000000003" lon="-48.604385"><ele>7.300000000000001</ele><name>Bueiro</name></wpt><wpt lat="-27.019143333333332" lon="-48.60391833333333"><ele>2.4000000000000004</ele><name>Bueiro</name></wpt><wpt lat="-27.01926" lon="-48.60291833333334"><ele>8</ele><name>Bueiro</name></wpt><wpt lat="-27.01931833333333" lon="-48.602430000000005"><ele>7.5</ele><name>Bueiro</name></wpt><wpt lat="-27.019335" lon="-48.602273333333336"><ele>9.799999999999999</ele><name>Bueiro</name></wpt><wpt lat="-27.019335" lon="-48.601958333333336"><ele>3.5</ele><name>Bueiro</name></wpt><wpt lat="-27.018936666666665" lon="-48.60590166666666"><ele>10.7</ele><name>Bueiro</name></wpt><wpt lat="-27.018878333333337" lon="-48.60615166666666"><ele>6.1</ele><name>Ciclofaixa</name></wpt><wpt lat="-27.018878333333337" lon="-48.60615166666666"><ele>6.1</ele><name>Estacionamento de um lado, incluso na circulação</name></wpt><wpt lat="-27.019293333333334" lon="-48.602285"><ele>10.2</ele><name>Faixa de carros logo ao lado da ciclo (cm)</name></wpt><wpt lat="-27.018918333333332" lon="-48.60619166666667"><ele>3.1</ele><name>Foto</name></wpt><wpt lat="-27.019053333333332" lon="-48.60489833333333"><ele>1.8</ele><name>Foto</name></wpt><wpt lat="-27.019105" lon="-48.60442"><ele>4.6</ele><name>Foto</name></wpt><wpt lat="-27.019130000000004" lon="-48.604478333333326"><ele>4.800000000000001</ele><name>Foto</name></wpt><wpt lat="-27.019130000000004" lon="-48.604478333333326"><ele>4.800000000000001</ele><name>Foto</name></wpt><wpt lat="-27.019091666666668" lon="-48.60431666666667"><ele>3.2</ele><name>Foto</name></wpt><wpt lat="-27.019155" lon="-48.604035"><ele>3.7</ele><name>Foto</name></wpt><wpt lat="-27.019188333333332" lon="-48.60353666666666"><ele>8.2</ele><name>Foto</name></wpt><wpt lat="-27.019193333333337" lon="-48.60352666666666"><ele>7.4</ele><name>Foto</name></wpt><wpt lat="-27.01929" lon="-48.602975"><ele>8.3</ele><name>Foto</name></wpt><wpt lat="-27.019275" lon="-48.6029"><ele>9.9</ele><name>Foto</name></wpt><wpt lat="-27.019325000000002" lon="-48.60259166666666"><ele>9.9</ele><name>Foto</name></wpt><wpt lat="-27.01929" lon="-48.60249"><ele>11.6</ele><name>Foto</name></wpt><wpt lat="-27.019341666666666" lon="-48.60180666666667"><ele>10.6</ele><name>Foto</name></wpt><wpt lat="-27.019119999999997" lon="-48.60506166666667"><ele>10.9</ele><name>Foto</name></wpt><wpt lat="-27.01901" lon="-48.605109999999996"><ele>2.4000000000000004</ele><name>Foto</name></wpt><wpt lat="-27.019055" lon="-48.60486833333333"><ele>4.2</ele><name>Foto</name></wpt><wpt lat="-27.01910666666667" lon="-48.604388333333326"><ele>5.9</ele><name>Foto</name></wpt><wpt lat="-27.019141666666663" lon="-48.60391833333333"><ele>4</ele><name>Foto</name></wpt><wpt lat="-27.019243333333332" lon="-48.60290333333334"><ele>7.800000000000001</ele><name>Foto</name></wpt><wpt lat="-27.01931833333333" lon="-48.602386666666675"><ele>8.3</ele><name>Foto</name></wpt><wpt lat="-27.019321666666663" lon="-48.602251666666675"><ele>8.6</ele><name>Foto</name></wpt><wpt lat="-27.019335" lon="-48.60194666666666"><ele>3.1</ele><name>Foto</name></wpt><wpt lat="-27.019358333333336" lon="-48.60195166666667"><ele>4</ele><name>Foto</name></wpt><wpt lat="-27.019358333333336" lon="-48.60195166666667"><ele>4</ele><name>Foto</name></wpt><wpt lat="-27.01901833333333" lon="-48.60532499999999"><ele>3.9</ele><name>Foto</name></wpt><wpt lat="-27.018935000000003" lon="-48.60588833333333"><ele>9.1</ele><name>Foto</name></wpt><wpt lat="-27.018953333333336" lon="-48.60618833333333"><ele>7.199999999999999</ele><name>Foto</name></wpt><wpt lat="-27.01885666666667" lon="-48.606165"><ele>9.4</ele><name>Foto</name></wpt><wpt lat="-27.019346666666667" lon="-48.60177333333333"><ele>8.8</ele><name>Iluminação geral na via do mesmo lado da estrutura</name></wpt><wpt lat="-27.019118333333335" lon="-48.60418833333333"><ele>6</ele><name>Lombadas físicas</name></wpt><wpt lat="-27.019291666666664" lon="-48.60253833333333"><ele>10.9</ele><name>Lombadas físicas</name></wpt><wpt lat="-27.018878333333337" lon="-48.60615166666666"><ele>6.1</ele><name>Mão Única</name></wpt><wpt lat="-27.019385000000003" lon="-48.60179"><ele>10.7</ele><name>Não há árvores nem mudas</name></wpt><wpt lat="-27.018878333333337" lon="-48.60615166666666"><ele>6.1</ele><name>No bordo esquerdo de Via de Mão Única</name></wpt><wpt lat="-27.01909" lon="-48.60433833333333"><ele>1.5</ele><name>Outro obstáculo</name></wpt><wpt lat="-27.01901" lon="-48.605111666666666"><ele>5.1</ele><name>Outro obstáculo</name></wpt><wpt lat="-27.019121666666667" lon="-48.604425000000006"><ele>4.800000000000001</ele><name>Em cruzamento BOA condição</name></wpt><wpt lat="-27.019135" lon="-48.60443"><ele>3.8000000000000003</ele><name>Em cruzamento BOA condição</name></wpt><wpt lat="-27.018875" lon="-48.60619166666667"><ele>7.9</ele><name>Quantidade de vagas</name></wpt><wpt lat="-27.018918333333332" lon="-48.60619166666667"><ele>3.1</ele><name>R-34</name></wpt><wpt lat="-27.019011666666664" lon="-48.60532499999999"><ele>1.5</ele><name>R-34</name></wpt><wpt lat="-27.01918333333333" lon="-48.60354333333333"><ele>8</ele><name>R-34</name></wpt><wpt lat="-27.019263333333335" lon="-48.602885"><ele>9.4</ele><name>R-34</name></wpt><wpt lat="-27.019335" lon="-48.601805"><ele>10.4</ele><name>R-34</name></wpt><wpt lat="-27.01937666666667" lon="-48.601778333333336"><ele>10.7</ele><name>SE CICLOFAIXA: para invadir a ciclo parte do automóvel passa obrigatoriamente por cima de segregadores</name></wpt><wpt lat="-27.018878333333337" lon="-48.60615166666666"><ele>6.1</ele><name>Tachões</name></wpt><wpt lat="-27.01900666666667" lon="-48.60511666666666"><ele>3.5</ele><name>tampa de inspeção rebaixada uns 12 m atrás</name></wpt><wpt lat="-27.0191" lon="-48.60432666666667"><ele>2.8</ele><name>tampa de inspeção ressaltada</name></wpt><wpt lat="-27.019325000000002" lon="-48.60227166666667"><ele>9.3</ele><name>Total da via (incluindo a ciclo) (cm)</name></wpt><wpt lat="-27.018876666666664" lon="-48.60619666666666"><ele>7.4</ele><name>U invertido</name></wpt><trk><name>Ciclofaixa R. Maria Mansoto - BC</name><trkseg><trkpt lat="-27.018876666666664" lon="-48.60615500000001"><ele>5.699999999999999</ele></trkpt><trkpt lat="-27.018878333333337" lon="-48.60615333333333"><ele>5.9</ele></trkpt><trkpt lat="-27.018878333333337" lon="-48.60615166666666"><ele>6.1</ele></trkpt><trkpt lat="-27.018878333333337" lon="-48.60615166666666"><ele>6.1</ele></trkpt><trkpt lat="-27.018878333333337" lon="-48.60615166666666"><ele>6.1</ele></trkpt><trkpt lat="-27.018878333333337" lon="-48.60615166666666"><ele>6.1</ele></trkpt><trkpt lat="-27.018878333333337" lon="-48.60615166666666"><ele>6.1</ele></trkpt><trkpt lat="-27.018878333333337" lon="-48.60615166666666"><ele>6.1</ele></trkpt><trkpt lat="-27.018878333333337" lon="-48.60615166666666"><ele>6.1</ele></trkpt><trkpt lat="-27.018878333333337" lon="-48.60615166666666"><ele>6.1</ele></trkpt><trkpt lat="-27.018878333333337" lon="-48.60615166666666"><ele>6.1</ele></trkpt><trkpt lat="-27.018878333333337" lon="-48.60615166666666"><ele>6.1</ele></trkpt><trkpt lat="-27.018878333333337" lon="-48.60615166666666"><ele>6.1</ele></trkpt><trkpt lat="-27.018878333333337" lon="-48.60615166666666"><ele>6.1</ele></trkpt><trkpt lat="-27.018878333333337" lon="-48.60615166666666"><ele>6.1</ele></trkpt><trkpt lat="-27.018878333333337" lon="-48.60615166666666"><ele>6.1</ele></trkpt><trkpt lat="-27.018878333333337" lon="-48.60615166666666"><ele>6.1</ele></trkpt><trkpt lat="-27.018878333333337" lon="-48.60615166666666"><ele>6.1</ele></trkpt><trkpt lat="-27.018878333333337" lon="-48.60615166666666"><ele>6.1</ele></trkpt><trkpt lat="-27.018878333333337" lon="-48.60615166666666"><ele>6.1</ele></trkpt><trkpt lat="-27.018878333333337" lon="-48.60615166666666"><ele>6.1</ele></trkpt><trkpt lat="-27.018878333333337" lon="-48.60615166666666"><ele>6.1</ele></trkpt><trkpt lat="-27.018878333333337" lon="-48.60615166666666"><ele>6.1</ele></trkpt><trkpt lat="-27.018878333333337" lon="-48.60615166666666"><ele>6.1</ele></trkpt><trkpt lat="-27.018878333333337" lon="-48.60615166666666"><ele>6.1</ele></trkpt><trkpt lat="-27.018878333333337" lon="-48.60615166666666"><ele>6.1</ele></trkpt><trkpt lat="-27.018878333333337" lon="-48.60615166666666"><ele>6.1</ele></trkpt><trkpt lat="-27.018878333333337" lon="-48.60615166666666"><ele>6.1</ele></trkpt><trkpt lat="-27.018878333333337" lon="-48.60615166666666"><ele>6.1</ele></trkpt><trkpt lat="-27.018878333333337" lon="-48.60615166666666"><ele>6.1</ele></trkpt><trkpt lat="-27.018878333333337" lon="-48.60615166666666"><ele>6.1</ele></trkpt><trkpt lat="-27.018878333333337" lon="-48.60615166666666"><ele>6.1</ele></trkpt><trkpt lat="-27.018878333333337" lon="-48.60615166666666"><ele>6.1</ele></trkpt><trkpt lat="-27.018878333333337" lon="-48.60615166666666"><ele>6.1</ele></trkpt><trkpt lat="-27.018878333333337" lon="-48.60615166666666"><ele>6.1</ele></trkpt><trkpt lat="-27.018878333333337" lon="-48.60615166666666"><ele>6.1</ele></trkpt><trkpt lat="-27.018878333333337" lon="-48.60615166666666"><ele>6.1</ele></trkpt><trkpt lat="-27.018878333333337" lon="-48.60615166666666"><ele>6.1</ele></trkpt><trkpt lat="-27.018878333333337" lon="-48.60615166666666"><ele>6.1</ele></trkpt><trkpt lat="-27.018878333333337" lon="-48.60615166666666"><ele>6.1</ele></trkpt><trkpt lat="-27.018878333333337" lon="-48.60615166666666"><ele>6.1</ele></trkpt><trkpt lat="-27.018878333333337" lon="-48.60615166666666"><ele>6.1</ele></trkpt><trkpt lat="-27.018878333333337" lon="-48.60615166666666"><ele>6.1</ele></trkpt><trkpt lat="-27.018878333333337" lon="-48.60615166666666"><ele>6.1</ele></trkpt><trkpt lat="-27.018878333333337" lon="-48.60615166666666"><ele>6.1</ele></trkpt><trkpt lat="-27.018878333333337" lon="-48.60615166666666"><ele>6.1</ele></trkpt><trkpt lat="-27.018878333333337" lon="-48.60615166666666"><ele>6.1</ele></trkpt><trkpt lat="-27.018878333333337" lon="-48.60615166666666"><ele>6.1</ele></trkpt><trkpt lat="-27.018878333333337" lon="-48.60615166666666"><ele>6.1</ele></trkpt><trkpt lat="-27.018878333333337" lon="-48.60615166666666"><ele>6.1</ele></trkpt><trkpt lat="-27.018878333333337" lon="-48.60615166666666"><ele>6.1</ele></trkpt><trkpt lat="-27.018878333333337" lon="-48.60615166666666"><ele>6.1</ele></trkpt><trkpt lat="-27.018878333333337" lon="-48.60615166666666"><ele>6.1</ele></trkpt><trkpt lat="-27.018878333333337" lon="-48.60615166666666"><ele>6.1</ele></trkpt><trkpt lat="-27.018878333333337" lon="-48.60615166666666"><ele>6.1</ele></trkpt><trkpt lat="-27.018878333333337" lon="-48.60615166666666"><ele>6.1</ele></trkpt><trkpt lat="-27.018878333333337" lon="-48.60615166666666"><ele>6.1</ele></trkpt><trkpt lat="-27.018878333333337" lon="-48.60615166666666"><ele>6.1</ele></trkpt><trkpt lat="-27.018878333333337" lon="-48.60615166666666"><ele>6.1</ele></trkpt><trkpt lat="-27.018878333333337" lon="-48.60615166666666"><ele>6.1</ele></trkpt><trkpt lat="-27.018878333333337" lon="-48.60615166666666"><ele>6.1</ele></trkpt><trkpt lat="-27.018878333333337" lon="-48.60615166666666"><ele>6.1</ele></trkpt><trkpt lat="-27.018878333333337" lon="-48.60615166666666"><ele>6.1</ele></trkpt><trkpt lat="-27.018878333333337" lon="-48.60615166666666"><ele>6.1</ele></trkpt><trkpt lat="-27.018878333333337" lon="-48.60615166666666"><ele>6.1</ele></trkpt><trkpt lat="-27.018878333333337" lon="-48.60615166666666"><ele>6.1</ele></trkpt><trkpt lat="-27.018878333333337" lon="-48.60615166666666"><ele>6.1</ele></trkpt><trkpt lat="-27.018878333333337" lon="-48.60615166666666"><ele>6.1</ele></trkpt><trkpt lat="-27.018878333333337" lon="-48.60615166666666"><ele>6.1</ele></trkpt><trkpt lat="-27.018878333333337" lon="-48.60615166666666"><ele>6.1</ele></trkpt><trkpt lat="-27.018878333333337" lon="-48.60615166666666"><ele>6.1</ele></trkpt><trkpt lat="-27.01889833333333" lon="-48.60615500000001"><ele>5.4</ele></trkpt><trkpt lat="-27.01890166666667" lon="-48.606168333333336"><ele>5.300000000000001</ele></trkpt><trkpt lat="-27.0189" lon="-48.60617666666667"><ele>5.2</ele></trkpt><trkpt lat="-27.01889833333333" lon="-48.60618833333333"><ele>5.1</ele></trkpt><trkpt lat="-27.01889833333333" lon="-48.60619"><ele>5.1</ele></trkpt><trkpt lat="-27.018893333333335" lon="-48.60618833333333"><ele>5.300000000000001</ele></trkpt><trkpt lat="-27.018896666666667" lon="-48.60619166666667"><ele>5.6</ele></trkpt><trkpt lat="-27.018893333333335" lon="-48.60619333333334"><ele>5.800000000000001</ele></trkpt><trkpt lat="-27.018891666666665" lon="-48.60619499999999"><ele>5.800000000000001</ele></trkpt><trkpt lat="-27.018894999999997" lon="-48.60619333333334"><ele>6.1</ele></trkpt><trkpt lat="-27.018891666666665" lon="-48.60619666666666"><ele>6.300000000000001</ele></trkpt><trkpt lat="-27.018891666666665" lon="-48.60619833333333"><ele>6.6</ele></trkpt><trkpt lat="-27.018891666666665" lon="-48.60619833333333"><ele>6.6</ele></trkpt><trkpt lat="-27.018891666666665" lon="-48.60619833333333"><ele>6.6</ele></trkpt><trkpt lat="-27.01888" lon="-48.60620333333333"><ele>6.6</ele></trkpt><trkpt lat="-27.01888" lon="-48.60620000000001"><ele>6.4</ele></trkpt><trkpt lat="-27.01888166666667" lon="-48.60619666666666"><ele>6.300000000000001</ele></trkpt><trkpt lat="-27.01888333333333" lon="-48.60619333333334"><ele>6.199999999999999</ele></trkpt><trkpt lat="-27.01888333333333" lon="-48.60619166666667"><ele>5.800000000000001</ele></trkpt><trkpt lat="-27.01888333333333" lon="-48.60619166666667"><ele>5.800000000000001</ele></trkpt><trkpt lat="-27.01888333333333" lon="-48.60619166666667"><ele>5.800000000000001</ele></trkpt><trkpt lat="-27.01888333333333" lon="-48.60619166666667"><ele>5.800000000000001</ele></trkpt><trkpt lat="-27.01888333333333" lon="-48.60619166666667"><ele>5.800000000000001</ele></trkpt><trkpt lat="-27.01888333333333" lon="-48.60619166666667"><ele>5.800000000000001</ele></trkpt><trkpt lat="-27.01888333333333" lon="-48.60619166666667"><ele>5.800000000000001</ele></trkpt><trkpt lat="-27.01888333333333" lon="-48.60619166666667"><ele>5.800000000000001</ele></trkpt><trkpt lat="-27.01888333333333" lon="-48.60619166666667"><ele>5.800000000000001</ele></trkpt><trkpt lat="-27.01888333333333" lon="-48.60619166666667"><ele>5.800000000000001</ele></trkpt><trkpt lat="-27.01888333333333" lon="-48.60619166666667"><ele>5.800000000000001</ele></trkpt><trkpt lat="-27.01888333333333" lon="-48.60619166666667"><ele>5.800000000000001</ele></trkpt><trkpt lat="-27.01888333333333" lon="-48.60619166666667"><ele>5.800000000000001</ele></trkpt><trkpt lat="-27.01888333333333" lon="-48.60619166666667"><ele>5.800000000000001</ele></trkpt><trkpt lat="-27.01888333333333" lon="-48.60619166666667"><ele>5.800000000000001</ele></trkpt><trkpt lat="-27.018894999999997" lon="-48.606168333333336"><ele>3.9</ele></trkpt><trkpt lat="-27.018903333333334" lon="-48.60617166666666"><ele>3.2</ele></trkpt><trkpt lat="-27.018908333333336" lon="-48.60617666666667"><ele>2.6</ele></trkpt><trkpt lat="-27.018918333333332" lon="-48.606181666666664"><ele>2.5</ele></trkpt><trkpt lat="-27.018923333333337" lon="-48.606185"><ele>2.2</ele></trkpt><trkpt lat="-27.01892666666667" lon="-48.60619166666667"><ele>2.1</ele></trkpt><trkpt lat="-27.01892833333333" lon="-48.60619333333334"><ele>2.2</ele></trkpt><trkpt lat="-27.01892833333333" lon="-48.60619833333333"><ele>2.4000000000000004</ele></trkpt><trkpt lat="-27.01892833333333" lon="-48.60619499999999"><ele>2.5</ele></trkpt><trkpt lat="-27.01892666666667" lon="-48.60619"><ele>2.7</ele></trkpt><trkpt lat="-27.018923333333337" lon="-48.60619"><ele>2.8</ele></trkpt><trkpt lat="-27.018925" lon="-48.60619"><ele>2.9000000000000004</ele></trkpt><trkpt lat="-27.01892833333333" lon="-48.60619166666667"><ele>2.8</ele></trkpt><trkpt lat="-27.01892833333333" lon="-48.60619166666667"><ele>2.8</ele></trkpt><trkpt lat="-27.01892666666667" lon="-48.60619333333334"><ele>2.7</ele></trkpt><trkpt lat="-27.018923333333337" lon="-48.60619166666667"><ele>2.9000000000000004</ele></trkpt><trkpt lat="-27.018918333333332" lon="-48.60619166666667"><ele>3.1</ele></trkpt><trkpt lat="-27.018918333333332" lon="-48.60619166666667"><ele>3.1</ele></trkpt><trkpt lat="-27.018918333333332" lon="-48.60619166666667"><ele>3.1</ele></trkpt><trkpt lat="-27.018918333333332" lon="-48.60619166666667"><ele>3.1</ele></trkpt><trkpt lat="-27.018918333333332" lon="-48.60619166666667"><ele>3.1</ele></trkpt><trkpt lat="-27.018918333333332" lon="-48.60619166666667"><ele>3.1</ele></trkpt><trkpt lat="-27.018918333333332" lon="-48.60619166666667"><ele>3.1</ele></trkpt><trkpt lat="-27.018918333333332" lon="-48.60619166666667"><ele>3.1</ele></trkpt><trkpt lat="-27.018918333333332" lon="-48.60619166666667"><ele>3.1</ele></trkpt><trkpt lat="-27.018918333333332" lon="-48.60619166666667"><ele>3.1</ele></trkpt><trkpt lat="-27.018918333333332" lon="-48.60619166666667"><ele>3.1</ele></trkpt><trkpt lat="-27.018918333333332" lon="-48.60619166666667"><ele>3.1</ele></trkpt><trkpt lat="-27.018918333333332" lon="-48.60619166666667"><ele>3.1</ele></trkpt><trkpt lat="-27.018918333333332" lon="-48.60619166666667"><ele>3.1</ele></trkpt><trkpt lat="-27.018918333333332" lon="-48.60619166666667"><ele>3.1</ele></trkpt><trkpt lat="-27.018918333333332" lon="-48.60619166666667"><ele>3.1</ele></trkpt><trkpt lat="-27.018918333333332" lon="-48.60619166666667"><ele>3.1</ele></trkpt><trkpt lat="-27.018918333333332" lon="-48.60619166666667"><ele>3.1</ele></trkpt><trkpt lat="-27.018918333333332" lon="-48.60619166666667"><ele>3.1</ele></trkpt><trkpt lat="-27.018918333333332" lon="-48.60619166666667"><ele>3.1</ele></trkpt><trkpt lat="-27.018918333333332" lon="-48.60619166666667"><ele>3.1</ele></trkpt><trkpt lat="-27.018918333333332" lon="-48.60619166666667"><ele>3.1</ele></trkpt><trkpt lat="-27.018918333333332" lon="-48.60619166666667"><ele>3.1</ele></trkpt><trkpt lat="-27.018918333333332" lon="-48.60619166666667"><ele>3.1</ele></trkpt><trkpt lat="-27.018918333333332" lon="-48.60619166666667"><ele>3.1</ele></trkpt><trkpt lat="-27.018918333333332" lon="-48.60619166666667"><ele>3.1</ele></trkpt><trkpt lat="-27.018918333333332" lon="-48.60619166666667"><ele>3.1</ele></trkpt><trkpt lat="-27.018918333333332" lon="-48.60619166666667"><ele>3.1</ele></trkpt><trkpt lat="-27.018918333333332" lon="-48.60619166666667"><ele>3.1</ele></trkpt><trkpt lat="-27.018918333333332" lon="-48.60619166666667"><ele>3.1</ele></trkpt><trkpt lat="-27.018918333333332" lon="-48.60619166666667"><ele>3.1</ele></trkpt><trkpt lat="-27.018918333333332" lon="-48.60619166666667"><ele>3.1</ele></trkpt><trkpt lat="-27.018918333333332" lon="-48.60619166666667"><ele>3.1</ele></trkpt><trkpt lat="-27.018918333333332" lon="-48.60619166666667"><ele>3.1</ele></trkpt><trkpt lat="-27.018918333333332" lon="-48.60619166666667"><ele>3.1</ele></trkpt><trkpt lat="-27.018918333333332" lon="-48.60619166666667"><ele>3.1</ele></trkpt><trkpt lat="-27.018918333333332" lon="-48.60619166666667"><ele>3.1</ele></trkpt><trkpt lat="-27.018925" lon="-48.606183333333334"><ele>5.9</ele></trkpt><trkpt lat="-27.018923333333337" lon="-48.60617333333333"><ele>5.800000000000001</ele></trkpt><trkpt lat="-27.018921666666664" lon="-48.60616666666667"><ele>5.699999999999999</ele></trkpt><trkpt lat="-27.01891666666667" lon="-48.60616333333334"><ele>5.5</ele></trkpt><trkpt lat="-27.018918333333332" lon="-48.60615833333333"><ele>5.6</ele></trkpt><trkpt lat="-27.01892" lon="-48.60615833333333"><ele>5.6</ele></trkpt><trkpt lat="-27.01892" lon="-48.60615833333333"><ele>5.6</ele></trkpt><trkpt lat="-27.01892" lon="-48.60615833333333"><ele>5.6</ele></trkpt><trkpt lat="-27.01892" lon="-48.60615833333333"><ele>5.6</ele></trkpt><trkpt lat="-27.01892" lon="-48.60615833333333"><ele>5.6</ele></trkpt><trkpt lat="-27.01892" lon="-48.60615833333333"><ele>5.6</ele></trkpt><trkpt lat="-27.01892" lon="-48.60615833333333"><ele>5.6</ele></trkpt><trkpt lat="-27.01892" lon="-48.60615833333333"><ele>5.6</ele></trkpt><trkpt lat="-27.01892" lon="-48.60615833333333"><ele>5.6</ele></trkpt><trkpt lat="-27.01892" lon="-48.60615833333333"><ele>5.6</ele></trkpt><trkpt lat="-27.01892" lon="-48.60615833333333"><ele>5.6</ele></trkpt><trkpt lat="-27.01891666666667" lon="-48.60614166666666"><ele>7.300000000000001</ele></trkpt><trkpt lat="-27.01892" lon="-48.60612833333333"><ele>7.199999999999999</ele></trkpt><trkpt lat="-27.018925" lon="-48.60611333333333"><ele>7.1</ele></trkpt><trkpt lat="-27.018933333333333" lon="-48.606095"><ele>7</ele></trkpt><trkpt lat="-27.018933333333333" lon="-48.606095"><ele>7</ele></trkpt><trkpt lat="-27.018938333333335" lon="-48.60606833333333"><ele>6.9</ele></trkpt><trkpt lat="-27.018948333333334" lon="-48.606048333333334"><ele>5.800000000000001</ele></trkpt><trkpt lat="-27.018953333333336" lon="-48.60602833333334"><ele>5.5</ele></trkpt><trkpt lat="-27.01896" lon="-48.60600833333333"><ele>4.7</ele></trkpt><trkpt lat="-27.018956666666668" lon="-48.605990000000006"><ele>3.5</ele></trkpt><trkpt lat="-27.01896" lon="-48.60597333333333"><ele>2.1</ele></trkpt><trkpt lat="-27.01896166666667" lon="-48.60595"><ele>1.1</ele></trkpt><trkpt lat="-27.018963333333332" lon="-48.60592"><ele>0.5</ele></trkpt><trkpt lat="-27.01896" lon="-48.605896666666666"><ele>-0.6000000000000001</ele></trkpt><trkpt lat="-27.018965" lon="-48.60587166666666"><ele>-1.5</ele></trkpt><trkpt lat="-27.01897166666667" lon="-48.60583833333333"><ele>-2</ele></trkpt><trkpt lat="-27.018975" lon="-48.605808333333336"><ele>-2</ele></trkpt><trkpt lat="-27.018980000000003" lon="-48.60578833333334"><ele>-2.6999999999999997</ele></trkpt><trkpt lat="-27.018983333333335" lon="-48.60577333333334"><ele>-3.4</ele></trkpt><trkpt lat="-27.018983333333335" lon="-48.605765000000005"><ele>-3.9</ele></trkpt><trkpt lat="-27.018978333333333" lon="-48.605755"><ele>-3.6</ele></trkpt><trkpt lat="-27.01897333333333" lon="-48.60574"><ele>-3.1999999999999997</ele></trkpt><trkpt lat="-27.01897333333333" lon="-48.605718333333336"><ele>-2.1</ele></trkpt><trkpt lat="-27.01897333333333" lon="-48.60569166666667"><ele>-1.6999999999999997</ele></trkpt><trkpt lat="-27.01897333333333" lon="-48.60566333333333"><ele>-1.9</ele></trkpt><trkpt lat="-27.01897333333333" lon="-48.60564333333333"><ele>-2.1</ele></trkpt><trkpt lat="-27.01897166666667" lon="-48.60562"><ele>-1.7999999999999998</ele></trkpt><trkpt lat="-27.018968333333337" lon="-48.6056"><ele>-2</ele></trkpt><trkpt lat="-27.01897" lon="-48.60557833333334"><ele>-2.3</ele></trkpt><trkpt lat="-27.018966666666664" lon="-48.605549999999994"><ele>-2.8000000000000003</ele></trkpt><trkpt lat="-27.01897333333333" lon="-48.60552333333333"><ele>-3.1</ele></trkpt><trkpt lat="-27.018980000000003" lon="-48.605504999999994"><ele>-2.9</ele></trkpt><trkpt lat="-27.018981666666665" lon="-48.60548666666667"><ele>-2.4999999999999996</ele></trkpt><trkpt lat="-27.018981666666665" lon="-48.60546833333333"><ele>-2.1</ele></trkpt><trkpt lat="-27.018981666666665" lon="-48.60545333333333"><ele>-1.9</ele></trkpt><trkpt lat="-27.018983333333335" lon="-48.60543833333333"><ele>-1.5</ele></trkpt><trkpt lat="-27.018984999999997" lon="-48.605425"><ele>-1.2999999999999998</ele></trkpt><trkpt lat="-27.01898833333333" lon="-48.60541166666667"><ele>-0.7999999999999998</ele></trkpt><trkpt lat="-27.01899" lon="-48.60539833333334"><ele>-0.5</ele></trkpt><trkpt lat="-27.018995000000004" lon="-48.605375"><ele>-0.19999999999999996</ele></trkpt><trkpt lat="-27.018998333333336" lon="-48.605354999999996"><ele>0.5</ele></trkpt><trkpt lat="-27.019008333333332" lon="-48.60533999999999"><ele>1.2000000000000002</ele></trkpt><trkpt lat="-27.019011666666664" lon="-48.60532499999999"><ele>1.5</ele></trkpt><trkpt lat="-27.019011666666664" lon="-48.60532499999999"><ele>1.5</ele></trkpt><trkpt lat="-27.019011666666664" lon="-48.605313333333335"><ele>1.7000000000000002</ele></trkpt><trkpt lat="-27.019011666666664" lon="-48.60529499999999"><ele>2.3</ele></trkpt><trkpt lat="-27.01901" lon="-48.60527833333334"><ele>2.5</ele></trkpt><trkpt lat="-27.01901" lon="-48.60525833333333"><ele>2.6</ele></trkpt><trkpt lat="-27.019011666666664" lon="-48.60524"><ele>2.5</ele></trkpt><trkpt lat="-27.019011666666664" lon="-48.605225000000004"><ele>2.4000000000000004</ele></trkpt><trkpt lat="-27.019008333333332" lon="-48.60521333333333"><ele>2.3</ele></trkpt><trkpt lat="-27.019011666666664" lon="-48.605199999999996"><ele>2.1</ele></trkpt><trkpt lat="-27.01901666666667" lon="-48.605181666666674"><ele>2.9000000000000004</ele></trkpt><trkpt lat="-27.019015" lon="-48.605166666666676"><ele>3</ele></trkpt><trkpt lat="-27.019015" lon="-48.60514166666667"><ele>3</ele></trkpt><trkpt lat="-27.019013333333337" lon="-48.60512000000001"><ele>2.9000000000000004</ele></trkpt><trkpt lat="-27.019015" lon="-48.605095"><ele>2.6</ele></trkpt><trkpt lat="-27.01901666666667" lon="-48.60506999999999"><ele>2.5</ele></trkpt><trkpt lat="-27.01901833333333" lon="-48.60505499999999"><ele>3.2</ele></trkpt><trkpt lat="-27.019021666666664" lon="-48.605045000000004"><ele>3</ele></trkpt><trkpt lat="-27.019026666666665" lon="-48.605030000000006"><ele>3.1</ele></trkpt><trkpt lat="-27.019031666666667" lon="-48.60500666666667"><ele>3.3</ele></trkpt><trkpt lat="-27.01903666666666" lon="-48.60499166666667"><ele>2.9000000000000004</ele></trkpt><trkpt lat="-27.019043333333336" lon="-48.60496166666667"><ele>2.9000000000000004</ele></trkpt><trkpt lat="-27.01905" lon="-48.604929999999996"><ele>2.1</ele></trkpt><trkpt lat="-27.019053333333332" lon="-48.60489833333333"><ele>1.8</ele></trkpt><trkpt lat="-27.019053333333332" lon="-48.60489833333333"><ele>1.8</ele></trkpt><trkpt lat="-27.019056666666664" lon="-48.60487"><ele>1.6</ele></trkpt><trkpt lat="-27.019068333333333" lon="-48.604850000000006"><ele>2</ele></trkpt><trkpt lat="-27.019070000000003" lon="-48.60483666666667"><ele>3.3</ele></trkpt><trkpt lat="-27.019071666666665" lon="-48.60482333333333"><ele>4.4</ele></trkpt><trkpt lat="-27.019070000000003" lon="-48.604805000000006"><ele>4.9</ele></trkpt><trkpt lat="-27.019070000000003" lon="-48.60477833333333"><ele>5.4</ele></trkpt><trkpt lat="-27.019073333333335" lon="-48.604748333333326"><ele>6</ele></trkpt><trkpt lat="-27.019076666666667" lon="-48.60471833333333"><ele>6.4</ele></trkpt><trkpt lat="-27.01907833333333" lon="-48.60468833333333"><ele>7</ele></trkpt><trkpt lat="-27.019088333333336" lon="-48.604663333333335"><ele>7.199999999999999</ele></trkpt><trkpt lat="-27.019096666666663" lon="-48.604636666666664"><ele>7.699999999999999</ele></trkpt><trkpt lat="-27.019096666666663" lon="-48.60461"><ele>8.3</ele></trkpt><trkpt lat="-27.019095" lon="-48.604580000000006"><ele>8.5</ele></trkpt><trkpt lat="-27.019096666666663" lon="-48.604555"><ele>8.6</ele></trkpt><trkpt lat="-27.019091666666668" lon="-48.604526666666665"><ele>8</ele></trkpt><trkpt lat="-27.019083333333334" lon="-48.604501666666664"><ele>7.300000000000001</ele></trkpt><trkpt lat="-27.019086666666666" lon="-48.604470000000006"><ele>6.6</ele></trkpt><trkpt lat="-27.01907833333333" lon="-48.60444166666666"><ele>6.4</ele></trkpt><trkpt lat="-27.019068333333333" lon="-48.60442166666667"><ele>5.800000000000001</ele></trkpt><trkpt lat="-27.01906333333333" lon="-48.604415"><ele>4.9</ele></trkpt><trkpt lat="-27.019066666666664" lon="-48.60441833333333"><ele>4.5</ele></trkpt><trkpt lat="-27.01908" lon="-48.60442333333334"><ele>4</ele></trkpt><trkpt lat="-27.019086666666666" lon="-48.60442"><ele>4.1</ele></trkpt><trkpt lat="-27.0191" lon="-48.60441833333333"><ele>4.4</ele></trkpt><trkpt lat="-27.019105" lon="-48.60442"><ele>4.6</ele></trkpt><trkpt lat="-27.019105" lon="-48.60442"><ele>4.6</ele></trkpt><trkpt lat="-27.019111666666664" lon="-48.60442"><ele>4.6</ele></trkpt><trkpt lat="-27.019113333333333" lon="-48.60442"><ele>4.7</ele></trkpt><trkpt lat="-27.019118333333335" lon="-48.60442166666667"><ele>4.800000000000001</ele></trkpt><trkpt lat="-27.019119999999997" lon="-48.60442333333334"><ele>4.800000000000001</ele></trkpt><trkpt lat="-27.019121666666667" lon="-48.604425000000006"><ele>4.800000000000001</ele></trkpt><trkpt lat="-27.019121666666667" lon="-48.604425000000006"><ele>4.800000000000001</ele></trkpt><trkpt lat="-27.019118333333335" lon="-48.604440000000004"><ele>4.6</ele></trkpt><trkpt lat="-27.019116666666665" lon="-48.60444833333333"><ele>4.6</ele></trkpt><trkpt lat="-27.019115000000003" lon="-48.60445166666667"><ele>4.6</ele></trkpt><trkpt lat="-27.019116666666665" lon="-48.60445333333334"><ele>4.800000000000001</ele></trkpt><trkpt lat="-27.019116666666665" lon="-48.60445333333334"><ele>4.800000000000001</ele></trkpt><trkpt lat="-27.019116666666665" lon="-48.60445333333334"><ele>4.800000000000001</ele></trkpt><trkpt lat="-27.019116666666665" lon="-48.60445333333334"><ele>4.800000000000001</ele></trkpt><trkpt lat="-27.019111666666664" lon="-48.604446666666675"><ele>5.5</ele></trkpt><trkpt lat="-27.01910666666667" lon="-48.60444333333333"><ele>5.800000000000001</ele></trkpt><trkpt lat="-27.019101666666664" lon="-48.604438333333334"><ele>6.1</ele></trkpt><trkpt lat="-27.0191" lon="-48.604436666666665"><ele>6.300000000000001</ele></trkpt><trkpt lat="-27.019098333333332" lon="-48.604434999999995"><ele>6.4</ele></trkpt><trkpt lat="-27.0191" lon="-48.604434999999995"><ele>6.699999999999999</ele></trkpt><trkpt lat="-27.0191" lon="-48.604434999999995"><ele>6.699999999999999</ele></trkpt><trkpt lat="-27.0191" lon="-48.604434999999995"><ele>6.699999999999999</ele></trkpt><trkpt lat="-27.0191" lon="-48.604434999999995"><ele>6.699999999999999</ele></trkpt><trkpt lat="-27.0191" lon="-48.604434999999995"><ele>6.699999999999999</ele></trkpt><trkpt lat="-27.0191" lon="-48.604434999999995"><ele>6.699999999999999</ele></trkpt><trkpt lat="-27.0191" lon="-48.604434999999995"><ele>6.699999999999999</ele></trkpt><trkpt lat="-27.0191" lon="-48.604434999999995"><ele>6.699999999999999</ele></trkpt><trkpt lat="-27.0191" lon="-48.604434999999995"><ele>6.699999999999999</ele></trkpt><trkpt lat="-27.0191" lon="-48.604434999999995"><ele>6.699999999999999</ele></trkpt><trkpt lat="-27.0191" lon="-48.604434999999995"><ele>6.699999999999999</ele></trkpt><trkpt lat="-27.0191" lon="-48.604434999999995"><ele>6.699999999999999</ele></trkpt><trkpt lat="-27.0191" lon="-48.604434999999995"><ele>6.699999999999999</ele></trkpt><trkpt lat="-27.0191" lon="-48.604434999999995"><ele>6.699999999999999</ele></trkpt><trkpt lat="-27.0191" lon="-48.604434999999995"><ele>6.699999999999999</ele></trkpt><trkpt lat="-27.0191" lon="-48.604434999999995"><ele>6.699999999999999</ele></trkpt><trkpt lat="-27.0191" lon="-48.604434999999995"><ele>6.699999999999999</ele></trkpt><trkpt lat="-27.0191" lon="-48.604434999999995"><ele>6.699999999999999</ele></trkpt><trkpt lat="-27.0191" lon="-48.604434999999995"><ele>6.699999999999999</ele></trkpt><trkpt lat="-27.0191" lon="-48.604434999999995"><ele>6.699999999999999</ele></trkpt><trkpt lat="-27.0191" lon="-48.604434999999995"><ele>6.699999999999999</ele></trkpt><trkpt lat="-27.0191" lon="-48.604434999999995"><ele>6.699999999999999</ele></trkpt><trkpt lat="-27.0191" lon="-48.604434999999995"><ele>6.699999999999999</ele></trkpt><trkpt lat="-27.0191" lon="-48.604434999999995"><ele>6.699999999999999</ele></trkpt><trkpt lat="-27.0191" lon="-48.604434999999995"><ele>6.699999999999999</ele></trkpt><trkpt lat="-27.0191" lon="-48.604434999999995"><ele>6.699999999999999</ele></trkpt><trkpt lat="-27.0191" lon="-48.604434999999995"><ele>6.699999999999999</ele></trkpt><trkpt lat="-27.0191" lon="-48.604434999999995"><ele>6.699999999999999</ele></trkpt><trkpt lat="-27.0191" lon="-48.604434999999995"><ele>6.699999999999999</ele></trkpt><trkpt lat="-27.0191" lon="-48.604434999999995"><ele>6.699999999999999</ele></trkpt><trkpt lat="-27.0191" lon="-48.604434999999995"><ele>6.699999999999999</ele></trkpt><trkpt lat="-27.0191" lon="-48.604434999999995"><ele>6.699999999999999</ele></trkpt><trkpt lat="-27.0191" lon="-48.604434999999995"><ele>6.699999999999999</ele></trkpt><trkpt lat="-27.0191" lon="-48.604434999999995"><ele>6.699999999999999</ele></trkpt><trkpt lat="-27.0191" lon="-48.604434999999995"><ele>6.699999999999999</ele></trkpt><trkpt lat="-27.0191" lon="-48.604434999999995"><ele>6.699999999999999</ele></trkpt><trkpt lat="-27.0191" lon="-48.604434999999995"><ele>6.699999999999999</ele></trkpt><trkpt lat="-27.0191" lon="-48.604434999999995"><ele>6.699999999999999</ele></trkpt><trkpt lat="-27.0191" lon="-48.604434999999995"><ele>6.699999999999999</ele></trkpt><trkpt lat="-27.0191" lon="-48.604434999999995"><ele>6.699999999999999</ele></trkpt><trkpt lat="-27.0191" lon="-48.604434999999995"><ele>6.699999999999999</ele></trkpt><trkpt lat="-27.0191" lon="-48.604434999999995"><ele>6.699999999999999</ele></trkpt><trkpt lat="-27.019105" lon="-48.60441333333333"><ele>3.6</ele></trkpt><trkpt lat="-27.01910833333333" lon="-48.60441333333333"><ele>3.5</ele></trkpt><trkpt lat="-27.019103333333337" lon="-48.604411666666664"><ele>3.3</ele></trkpt><trkpt lat="-27.01910666666667" lon="-48.604411666666664"><ele>3.2</ele></trkpt><trkpt lat="-27.01910666666667" lon="-48.604411666666664"><ele>3.2</ele></trkpt><trkpt lat="-27.01910666666667" lon="-48.604411666666664"><ele>3.2</ele></trkpt><trkpt lat="-27.01910666666667" lon="-48.604411666666664"><ele>3.2</ele></trkpt><trkpt lat="-27.01910666666667" lon="-48.604411666666664"><ele>3.2</ele></trkpt><trkpt lat="-27.01910666666667" lon="-48.604411666666664"><ele>3.2</ele></trkpt><trkpt lat="-27.01910666666667" lon="-48.604411666666664"><ele>3.2</ele></trkpt><trkpt lat="-27.01910666666667" lon="-48.604411666666664"><ele>3.2</ele></trkpt><trkpt lat="-27.01910666666667" lon="-48.604411666666664"><ele>3.2</ele></trkpt><trkpt lat="-27.01910666666667" lon="-48.604411666666664"><ele>3.2</ele></trkpt><trkpt lat="-27.01910666666667" lon="-48.604411666666664"><ele>3.2</ele></trkpt><trkpt lat="-27.01910666666667" lon="-48.604411666666664"><ele>3.2</ele></trkpt><trkpt lat="-27.01910666666667" lon="-48.604411666666664"><ele>3.2</ele></trkpt><trkpt lat="-27.019116666666665" lon="-48.60440833333334"><ele>3</ele></trkpt><trkpt lat="-27.019119999999997" lon="-48.60440666666667"><ele>3.2</ele></trkpt><trkpt lat="-27.019116666666665" lon="-48.60441000000001"><ele>3.4000000000000004</ele></trkpt><trkpt lat="-27.019105" lon="-48.60441333333333"><ele>3.4000000000000004</ele></trkpt><trkpt lat="-27.019105" lon="-48.60441333333333"><ele>3.4000000000000004</ele></trkpt><trkpt lat="-27.019105" lon="-48.60441333333333"><ele>3.4000000000000004</ele></trkpt><trkpt lat="-27.019105" lon="-48.60441333333333"><ele>3.4000000000000004</ele></trkpt><trkpt lat="-27.019105" lon="-48.60441333333333"><ele>3.4000000000000004</ele></trkpt><trkpt lat="-27.019105" lon="-48.60441333333333"><ele>3.4000000000000004</ele></trkpt><trkpt lat="-27.019105" lon="-48.60441333333333"><ele>3.4000000000000004</ele></trkpt><trkpt lat="-27.019105" lon="-48.60441333333333"><ele>3.4000000000000004</ele></trkpt><trkpt lat="-27.019105" lon="-48.60441333333333"><ele>3.4000000000000004</ele></trkpt><trkpt lat="-27.019105" lon="-48.60441333333333"><ele>3.4000000000000004</ele></trkpt><trkpt lat="-27.019105" lon="-48.60441333333333"><ele>3.4000000000000004</ele></trkpt><trkpt lat="-27.019105" lon="-48.60441333333333"><ele>3.4000000000000004</ele></trkpt><trkpt lat="-27.019105" lon="-48.60441333333333"><ele>3.4000000000000004</ele></trkpt><trkpt lat="-27.019105" lon="-48.60441333333333"><ele>3.4000000000000004</ele></trkpt><trkpt lat="-27.019105" lon="-48.60441333333333"><ele>3.4000000000000004</ele></trkpt><trkpt lat="-27.019105" lon="-48.60441333333333"><ele>3.4000000000000004</ele></trkpt><trkpt lat="-27.019105" lon="-48.60441333333333"><ele>3.4000000000000004</ele></trkpt><trkpt lat="-27.019145" lon="-48.60442833333333"><ele>5.699999999999999</ele></trkpt><trkpt lat="-27.019148333333337" lon="-48.60442833333333"><ele>5.699999999999999</ele></trkpt><trkpt lat="-27.019146666666664" lon="-48.60442666666666"><ele>5.9</ele></trkpt><trkpt lat="-27.019141666666663" lon="-48.60442666666666"><ele>6</ele></trkpt><trkpt lat="-27.01913833333333" lon="-48.604425000000006"><ele>6</ele></trkpt><trkpt lat="-27.01913833333333" lon="-48.604425000000006"><ele>6</ele></trkpt><trkpt lat="-27.01913833333333" lon="-48.604425000000006"><ele>6</ele></trkpt><trkpt lat="-27.01913833333333" lon="-48.604425000000006"><ele>6</ele></trkpt><trkpt lat="-27.01913833333333" lon="-48.604425000000006"><ele>6</ele></trkpt><trkpt lat="-27.01913833333333" lon="-48.604425000000006"><ele>6</ele></trkpt><trkpt lat="-27.01913833333333" lon="-48.604425000000006"><ele>6</ele></trkpt><trkpt lat="-27.01913833333333" lon="-48.604425000000006"><ele>6</ele></trkpt><trkpt lat="-27.01913833333333" lon="-48.604425000000006"><ele>6</ele></trkpt><trkpt lat="-27.01913833333333" lon="-48.604425000000006"><ele>6</ele></trkpt><trkpt lat="-27.01913833333333" lon="-48.604425000000006"><ele>6</ele></trkpt><trkpt lat="-27.01913833333333" lon="-48.604425000000006"><ele>6</ele></trkpt><trkpt lat="-27.01913833333333" lon="-48.604425000000006"><ele>6</ele></trkpt><trkpt lat="-27.01913833333333" lon="-48.604425000000006"><ele>6</ele></trkpt><trkpt lat="-27.01913833333333" lon="-48.604425000000006"><ele>6</ele></trkpt><trkpt lat="-27.01913833333333" lon="-48.604425000000006"><ele>6</ele></trkpt><trkpt lat="-27.01913833333333" lon="-48.604425000000006"><ele>6</ele></trkpt><trkpt lat="-27.01913833333333" lon="-48.604425000000006"><ele>6</ele></trkpt><trkpt lat="-27.01913833333333" lon="-48.604425000000006"><ele>6</ele></trkpt><trkpt lat="-27.01913833333333" lon="-48.604425000000006"><ele>6</ele></trkpt><trkpt lat="-27.01913833333333" lon="-48.604425000000006"><ele>6</ele></trkpt><trkpt lat="-27.01913833333333" lon="-48.604425000000006"><ele>6</ele></trkpt><trkpt lat="-27.01913833333333" lon="-48.604425000000006"><ele>6</ele></trkpt><trkpt lat="-27.01913833333333" lon="-48.604425000000006"><ele>6</ele></trkpt><trkpt lat="-27.01913833333333" lon="-48.604425000000006"><ele>6</ele></trkpt><trkpt lat="-27.01913833333333" lon="-48.604425000000006"><ele>6</ele></trkpt><trkpt lat="-27.01913833333333" lon="-48.604425000000006"><ele>6</ele></trkpt><trkpt lat="-27.01913833333333" lon="-48.604425000000006"><ele>6</ele></trkpt><trkpt lat="-27.01913833333333" lon="-48.604425000000006"><ele>6</ele></trkpt><trkpt lat="-27.01913833333333" lon="-48.604425000000006"><ele>6</ele></trkpt><trkpt lat="-27.01913833333333" lon="-48.604425000000006"><ele>6</ele></trkpt><trkpt lat="-27.01913833333333" lon="-48.604425000000006"><ele>6</ele></trkpt><trkpt lat="-27.01913833333333" lon="-48.604425000000006"><ele>6</ele></trkpt><trkpt lat="-27.01913833333333" lon="-48.604425000000006"><ele>6</ele></trkpt><trkpt lat="-27.01913833333333" lon="-48.604425000000006"><ele>6</ele></trkpt><trkpt lat="-27.01913833333333" lon="-48.604425000000006"><ele>6</ele></trkpt><trkpt lat="-27.01913833333333" lon="-48.604425000000006"><ele>6</ele></trkpt><trkpt lat="-27.01913833333333" lon="-48.604425000000006"><ele>6</ele></trkpt><trkpt lat="-27.01913833333333" lon="-48.604425000000006"><ele>6</ele></trkpt><trkpt lat="-27.01913833333333" lon="-48.604425000000006"><ele>6</ele></trkpt><trkpt lat="-27.01913833333333" lon="-48.604425000000006"><ele>6</ele></trkpt><trkpt lat="-27.019135" lon="-48.60443"><ele>3.8000000000000003</ele></trkpt><trkpt lat="-27.019135" lon="-48.60443"><ele>3.8000000000000003</ele></trkpt><trkpt lat="-27.01913833333333" lon="-48.604433333333326"><ele>3.9</ele></trkpt><trkpt lat="-27.01914" lon="-48.604436666666665"><ele>3.9</ele></trkpt><trkpt lat="-27.019133333333336" lon="-48.604446666666675"><ele>4</ele></trkpt><trkpt lat="-27.019130000000004" lon="-48.604456666666664"><ele>4.4</ele></trkpt><trkpt lat="-27.01912666666666" lon="-48.60446333333333"><ele>4.6</ele></trkpt><trkpt lat="-27.019128333333335" lon="-48.60446833333334"><ele>5</ele></trkpt><trkpt lat="-27.019133333333336" lon="-48.60447666666667"><ele>5.1</ele></trkpt><trkpt lat="-27.019130000000004" lon="-48.604478333333326"><ele>4.800000000000001</ele></trkpt><trkpt lat="-27.019130000000004" lon="-48.604478333333326"><ele>4.800000000000001</ele></trkpt><trkpt lat="-27.019130000000004" lon="-48.604478333333326"><ele>4.800000000000001</ele></trkpt><trkpt lat="-27.019130000000004" lon="-48.604478333333326"><ele>4.800000000000001</ele></trkpt><trkpt lat="-27.019130000000004" lon="-48.604478333333326"><ele>4.800000000000001</ele></trkpt><trkpt lat="-27.019130000000004" lon="-48.604478333333326"><ele>4.800000000000001</ele></trkpt><trkpt lat="-27.019130000000004" lon="-48.604478333333326"><ele>4.800000000000001</ele></trkpt><trkpt lat="-27.019130000000004" lon="-48.604478333333326"><ele>4.800000000000001</ele></trkpt><trkpt lat="-27.019130000000004" lon="-48.604478333333326"><ele>4.800000000000001</ele></trkpt><trkpt lat="-27.019130000000004" lon="-48.604478333333326"><ele>4.800000000000001</ele></trkpt><trkpt lat="-27.019130000000004" lon="-48.604478333333326"><ele>4.800000000000001</ele></trkpt><trkpt lat="-27.019130000000004" lon="-48.604478333333326"><ele>4.800000000000001</ele></trkpt><trkpt lat="-27.019130000000004" lon="-48.604478333333326"><ele>4.800000000000001</ele></trkpt><trkpt lat="-27.019130000000004" lon="-48.604478333333326"><ele>4.800000000000001</ele></trkpt><trkpt lat="-27.019130000000004" lon="-48.604478333333326"><ele>4.800000000000001</ele></trkpt><trkpt lat="-27.019130000000004" lon="-48.604478333333326"><ele>4.800000000000001</ele></trkpt><trkpt lat="-27.019131666666667" lon="-48.60439833333333"><ele>1.8</ele></trkpt><trkpt lat="-27.019128333333335" lon="-48.60438666666667"><ele>1.9000000000000001</ele></trkpt><trkpt lat="-27.019131666666667" lon="-48.604375"><ele>1.8</ele></trkpt><trkpt lat="-27.019098333333332" lon="-48.60437333333333"><ele>1.9000000000000001</ele></trkpt><trkpt lat="-27.019091666666668" lon="-48.60436"><ele>1.7000000000000002</ele></trkpt><trkpt lat="-27.019086666666666" lon="-48.604348333333334"><ele>1.4000000000000001</ele></trkpt><trkpt lat="-27.01909" lon="-48.60433833333333"><ele>1.5</ele></trkpt><trkpt lat="-27.01909" lon="-48.60433833333333"><ele>1.5</ele></trkpt><trkpt lat="-27.019091666666668" lon="-48.604335000000006"><ele>1.8</ele></trkpt><trkpt lat="-27.019095" lon="-48.604335000000006"><ele>2.1</ele></trkpt><trkpt lat="-27.0191" lon="-48.60433166666667"><ele>2.4000000000000004</ele></trkpt><trkpt lat="-27.0191" lon="-48.60432666666667"><ele>2.8</ele></trkpt><trkpt lat="-27.0191" lon="-48.60432666666667"><ele>2.8</ele></trkpt><trkpt lat="-27.0191" lon="-48.60432333333333"><ele>2.9000000000000004</ele></trkpt><trkpt lat="-27.019098333333332" lon="-48.60431666666667"><ele>3</ele></trkpt><trkpt lat="-27.019096666666663" lon="-48.60432000000001"><ele>3</ele></trkpt><trkpt lat="-27.01909333333333" lon="-48.60431666666667"><ele>3</ele></trkpt><trkpt lat="-27.019091666666668" lon="-48.60431666666667"><ele>3.2</ele></trkpt><trkpt lat="-27.019091666666668" lon="-48.60431666666667"><ele>3.2</ele></trkpt><trkpt lat="-27.019091666666668" lon="-48.60431666666667"><ele>3.2</ele></trkpt><trkpt lat="-27.019091666666668" lon="-48.60431666666667"><ele>3.2</ele></trkpt><trkpt lat="-27.019091666666668" lon="-48.60431666666667"><ele>3.2</ele></trkpt><trkpt lat="-27.019091666666668" lon="-48.60431666666667"><ele>3.2</ele></trkpt><trkpt lat="-27.019091666666668" lon="-48.60431666666667"><ele>3.2</ele></trkpt><trkpt lat="-27.019091666666668" lon="-48.60431666666667"><ele>3.2</ele></trkpt><trkpt lat="-27.019091666666668" lon="-48.60431666666667"><ele>3.2</ele></trkpt><trkpt lat="-27.019091666666668" lon="-48.60431666666667"><ele>3.2</ele></trkpt><trkpt lat="-27.019091666666668" lon="-48.60431666666667"><ele>3.2</ele></trkpt><trkpt lat="-27.019091666666668" lon="-48.60431666666667"><ele>3.2</ele></trkpt><trkpt lat="-27.019091666666668" lon="-48.60431666666667"><ele>3.2</ele></trkpt><trkpt lat="-27.019091666666668" lon="-48.60431666666667"><ele>3.2</ele></trkpt><trkpt lat="-27.019091666666668" lon="-48.60431666666667"><ele>3.2</ele></trkpt><trkpt lat="-27.01908" lon="-48.60432000000001"><ele>6.5</ele></trkpt><trkpt lat="-27.019086666666666" lon="-48.604299999999995"><ele>6.9</ele></trkpt><trkpt lat="-27.019085000000004" lon="-48.604276666666664"><ele>7.4</ele></trkpt><trkpt lat="-27.019091666666668" lon="-48.604256666666664"><ele>8</ele></trkpt><trkpt lat="-27.019095" lon="-48.604231666666664"><ele>8.8</ele></trkpt><trkpt lat="-27.019095" lon="-48.604209999999995"><ele>9</ele></trkpt><trkpt lat="-27.019096666666663" lon="-48.60418666666666"><ele>9.7</ele></trkpt><trkpt lat="-27.0191" lon="-48.604163333333325"><ele>9.7</ele></trkpt><trkpt lat="-27.019105" lon="-48.604145"><ele>9.6</ele></trkpt><trkpt lat="-27.01911" lon="-48.604125"><ele>9.5</ele></trkpt><trkpt lat="-27.019113333333333" lon="-48.60410166666667"><ele>9.5</ele></trkpt><trkpt lat="-27.019115000000003" lon="-48.604074999999995"><ele>9.9</ele></trkpt><trkpt lat="-27.019118333333335" lon="-48.604055"><ele>10</ele></trkpt><trkpt lat="-27.019121666666667" lon="-48.60403666666666"><ele>9.6</ele></trkpt><trkpt lat="-27.019125" lon="-48.604016666666666"><ele>8.9</ele></trkpt><trkpt lat="-27.019135" lon="-48.60400166666667"><ele>8.7</ele></trkpt><trkpt lat="-27.019146666666664" lon="-48.60398166666667"><ele>8.8</ele></trkpt><trkpt lat="-27.01915" lon="-48.60396166666666"><ele>9.1</ele></trkpt><trkpt lat="-27.019156666666664" lon="-48.60394833333333"><ele>9.6</ele></trkpt><trkpt lat="-27.01916833333333" lon="-48.60394833333333"><ele>10</ele></trkpt><trkpt lat="-27.019175000000004" lon="-48.603951666666674"><ele>10.7</ele></trkpt><trkpt lat="-27.019176666666667" lon="-48.60396000000001"><ele>11</ele></trkpt><trkpt lat="-27.01917166666666" lon="-48.603971666666666"><ele>11.1</ele></trkpt><trkpt lat="-27.019161666666665" lon="-48.60399333333333"><ele>10.6</ele></trkpt><trkpt lat="-27.01915" lon="-48.604018333333336"><ele>11.299999999999999</ele></trkpt><trkpt lat="-27.01913833333333" lon="-48.60404833333334"><ele>11.2</ele></trkpt><trkpt lat="-27.019133333333336" lon="-48.60408333333333"><ele>11</ele></trkpt><trkpt lat="-27.019130000000004" lon="-48.604118333333325"><ele>11.2</ele></trkpt><trkpt lat="-27.019131666666667" lon="-48.604155000000006"><ele>10.9</ele></trkpt><trkpt lat="-27.019131666666667" lon="-48.60418333333334"><ele>11</ele></trkpt><trkpt lat="-27.019130000000004" lon="-48.604208333333325"><ele>10.799999999999999</ele></trkpt><trkpt lat="-27.01912666666666" lon="-48.604235"><ele>9.6</ele></trkpt><trkpt lat="-27.019118333333335" lon="-48.604260000000004"><ele>8.6</ele></trkpt><trkpt lat="-27.019113333333333" lon="-48.60428166666667"><ele>7.699999999999999</ele></trkpt><trkpt lat="-27.019116666666665" lon="-48.604305000000004"><ele>7</ele></trkpt><trkpt lat="-27.019121666666667" lon="-48.60432333333333"><ele>6.699999999999999</ele></trkpt><trkpt lat="-27.019125" lon="-48.604311666666675"><ele>7</ele></trkpt><trkpt lat="-27.019119999999997" lon="-48.60429666666667"><ele>7</ele></trkpt><trkpt lat="-27.019115000000003" lon="-48.60427833333333"><ele>6.9</ele></trkpt><trkpt lat="-27.019115000000003" lon="-48.60424833333333"><ele>6.6</ele></trkpt><trkpt lat="-27.019115000000003" lon="-48.60421666666666"><ele>6.5</ele></trkpt><trkpt lat="-27.019118333333335" lon="-48.60418833333333"><ele>6</ele></trkpt><trkpt lat="-27.019118333333335" lon="-48.60418833333333"><ele>6</ele></trkpt><trkpt lat="-27.01912333333333" lon="-48.60415666666666"><ele>5.9</ele></trkpt><trkpt lat="-27.019125" lon="-48.604130000000005"><ele>5.5</ele></trkpt><trkpt lat="-27.019130000000004" lon="-48.604110000000006"><ele>5.2</ele></trkpt><trkpt lat="-27.01914" lon="-48.60409666666666"><ele>4.800000000000001</ele></trkpt><trkpt lat="-27.019141666666663" lon="-48.60408166666666"><ele>4.2</ele></trkpt><trkpt lat="-27.019148333333337" lon="-48.60406833333333"><ele>4</ele></trkpt><trkpt lat="-27.019153333333332" lon="-48.60404833333334"><ele>3.5</ele></trkpt><trkpt lat="-27.019155" lon="-48.604035"><ele>3.7</ele></trkpt><trkpt lat="-27.019155" lon="-48.604035"><ele>3.7</ele></trkpt><trkpt lat="-27.01915" lon="-48.604020000000006"><ele>5.2</ele></trkpt><trkpt lat="-27.01915" lon="-48.60400500000001"><ele>5.6</ele></trkpt><trkpt lat="-27.01915" lon="-48.60399166666666"><ele>7.300000000000001</ele></trkpt><trkpt lat="-27.01915166666667" lon="-48.603971666666666"><ele>8.3</ele></trkpt><trkpt lat="-27.019155" lon="-48.60395833333334"><ele>8</ele></trkpt><trkpt lat="-27.019153333333332" lon="-48.603939999999994"><ele>7.800000000000001</ele></trkpt><trkpt lat="-27.01915" lon="-48.60392166666667"><ele>7</ele></trkpt><trkpt lat="-27.019155" lon="-48.603905000000005"><ele>6.199999999999999</ele></trkpt><trkpt lat="-27.019156666666664" lon="-48.60387333333333"><ele>5.9</ele></trkpt><trkpt lat="-27.019161666666665" lon="-48.60384333333333"><ele>5.6</ele></trkpt><trkpt lat="-27.01916833333333" lon="-48.60381166666666"><ele>5.4</ele></trkpt><trkpt lat="-27.019163333333335" lon="-48.60377833333334"><ele>5.300000000000001</ele></trkpt><trkpt lat="-27.019164999999997" lon="-48.603748333333336"><ele>6.300000000000001</ele></trkpt><trkpt lat="-27.01916833333333" lon="-48.60372"><ele>7</ele></trkpt><trkpt lat="-27.019173333333335" lon="-48.603685"><ele>6.300000000000001</ele></trkpt><trkpt lat="-27.01918" lon="-48.603656666666666"><ele>6.6</ele></trkpt><trkpt lat="-27.019176666666667" lon="-48.60363833333334"><ele>6</ele></trkpt><trkpt lat="-27.019176666666667" lon="-48.603609999999996"><ele>6.1</ele></trkpt><trkpt lat="-27.019178333333336" lon="-48.60358666666666"><ele>6.6</ele></trkpt><trkpt lat="-27.019178333333336" lon="-48.603564999999996"><ele>7.1</ele></trkpt><trkpt lat="-27.019181666666668" lon="-48.60355"><ele>7.4</ele></trkpt><trkpt lat="-27.01918333333333" lon="-48.60354333333333"><ele>8</ele></trkpt><trkpt lat="-27.01918333333333" lon="-48.60354333333333"><ele>8</ele></trkpt><trkpt lat="-27.01918333333333" lon="-48.60353833333333"><ele>8.5</ele></trkpt><trkpt lat="-27.019185" lon="-48.60353833333333"><ele>8.8</ele></trkpt><trkpt lat="-27.019186666666663" lon="-48.60354"><ele>8.3</ele></trkpt><trkpt lat="-27.019186666666663" lon="-48.60353833333333"><ele>8.1</ele></trkpt><trkpt lat="-27.019188333333332" lon="-48.60353666666666"><ele>8.2</ele></trkpt><trkpt lat="-27.019188333333332" lon="-48.60353666666666"><ele>8.2</ele></trkpt><trkpt lat="-27.019191666666664" lon="-48.60353666666666"><ele>7.800000000000001</ele></trkpt><trkpt lat="-27.019191666666664" lon="-48.60353"><ele>7.699999999999999</ele></trkpt><trkpt lat="-27.019193333333337" lon="-48.60352666666666"><ele>7.6</ele></trkpt><trkpt lat="-27.019193333333337" lon="-48.60352666666666"><ele>7.4</ele></trkpt><trkpt lat="-27.019193333333337" lon="-48.60352666666666"><ele>7.4</ele></trkpt><trkpt lat="-27.019193333333337" lon="-48.60352666666666"><ele>7.4</ele></trkpt><trkpt lat="-27.019193333333337" lon="-48.60352666666666"><ele>7.4</ele></trkpt><trkpt lat="-27.019193333333337" lon="-48.60352666666666"><ele>7.4</ele></trkpt><trkpt lat="-27.019193333333337" lon="-48.60352666666666"><ele>7.4</ele></trkpt><trkpt lat="-27.019188333333332" lon="-48.603525000000005"><ele>6.1</ele></trkpt><trkpt lat="-27.019186666666663" lon="-48.603515"><ele>5.6</ele></trkpt><trkpt lat="-27.019193333333337" lon="-48.60349833333333"><ele>5.6</ele></trkpt><trkpt lat="-27.0192" lon="-48.60348166666666"><ele>5.300000000000001</ele></trkpt><trkpt lat="-27.019206666666665" lon="-48.60346666666666"><ele>5.5</ele></trkpt><trkpt lat="-27.019203333333333" lon="-48.60345166666666"><ele>5.4</ele></trkpt><trkpt lat="-27.019208333333335" lon="-48.60344"><ele>5.1</ele></trkpt><trkpt lat="-27.01921333333333" lon="-48.60343666666666"><ele>4.800000000000001</ele></trkpt><trkpt lat="-27.01921666666666" lon="-48.60342000000001"><ele>3.9</ele></trkpt><trkpt lat="-27.01921333333333" lon="-48.60339833333334"><ele>3.3</ele></trkpt><trkpt lat="-27.019209999999998" lon="-48.60337833333333"><ele>3</ele></trkpt><trkpt lat="-27.019208333333335" lon="-48.60335833333333"><ele>3.2</ele></trkpt><trkpt lat="-27.019206666666665" lon="-48.603339999999996"><ele>2.9000000000000004</ele></trkpt><trkpt lat="-27.019203333333333" lon="-48.60332166666667"><ele>3</ele></trkpt><trkpt lat="-27.019203333333333" lon="-48.60330666666667"><ele>2.7</ele></trkpt><trkpt lat="-27.019201666666664" lon="-48.603298333333335"><ele>2.6</ele></trkpt><trkpt lat="-27.019205000000003" lon="-48.603294999999996"><ele>2.5</ele></trkpt><trkpt lat="-27.019208333333335" lon="-48.60328500000001"><ele>1.9000000000000001</ele></trkpt><trkpt lat="-27.019209999999998" lon="-48.60328166666667"><ele>2</ele></trkpt><trkpt lat="-27.019215" lon="-48.60327666666667"><ele>2.3</ele></trkpt><trkpt lat="-27.01921666666666" lon="-48.60326"><ele>2.6</ele></trkpt><trkpt lat="-27.019235000000002" lon="-48.60323833333334"><ele>3</ele></trkpt><trkpt lat="-27.019248333333334" lon="-48.60321999999999"><ele>3.8000000000000003</ele></trkpt><trkpt lat="-27.019251666666666" lon="-48.60320166666667"><ele>3.9</ele></trkpt><trkpt lat="-27.019254999999998" lon="-48.60317499999999"><ele>4.5</ele></trkpt><trkpt lat="-27.019256666666667" lon="-48.60315166666666"><ele>4.6</ele></trkpt><trkpt lat="-27.01925833333333" lon="-48.603125"><ele>5</ele></trkpt><trkpt lat="-27.019263333333335" lon="-48.6031"><ele>5.800000000000001</ele></trkpt><trkpt lat="-27.01927333333333" lon="-48.60308166666667"><ele>6.699999999999999</ele></trkpt><trkpt lat="-27.019283333333338" lon="-48.60306166666666"><ele>7.6</ele></trkpt><trkpt lat="-27.01928666666667" lon="-48.60304333333333"><ele>7.300000000000001</ele></trkpt><trkpt lat="-27.019285" lon="-48.60302333333334"><ele>7.1</ele></trkpt><trkpt lat="-27.019283333333338" lon="-48.603005"><ele>8.7</ele></trkpt><trkpt lat="-27.01928666666667" lon="-48.60299"><ele>8.7</ele></trkpt><trkpt lat="-27.01929" lon="-48.602975"><ele>8.3</ele></trkpt><trkpt lat="-27.01929" lon="-48.602975"><ele>8.3</ele></trkpt><trkpt lat="-27.019291666666664" lon="-48.60296333333334"><ele>8</ele></trkpt><trkpt lat="-27.019281666666664" lon="-48.602955"><ele>7.9</ele></trkpt><trkpt lat="-27.019278333333332" lon="-48.602936666666665"><ele>7.6</ele></trkpt><trkpt lat="-27.019276666666663" lon="-48.602925000000006"><ele>7.6</ele></trkpt><trkpt lat="-27.01927" lon="-48.602915"><ele>8.1</ele></trkpt><trkpt lat="-27.019265000000004" lon="-48.60290833333333"><ele>9</ele></trkpt><trkpt lat="-27.019263333333335" lon="-48.6029"><ele>9.2</ele></trkpt><trkpt lat="-27.01926166666666" lon="-48.602889999999995"><ele>9.1</ele></trkpt><trkpt lat="-27.019263333333335" lon="-48.602885"><ele>9.4</ele></trkpt><trkpt lat="-27.019263333333335" lon="-48.602885"><ele>9.4</ele></trkpt><trkpt lat="-27.019263333333335" lon="-48.60288333333333"><ele>9.799999999999999</ele></trkpt><trkpt lat="-27.019263333333335" lon="-48.60288166666666"><ele>10.1</ele></trkpt><trkpt lat="-27.019265000000004" lon="-48.60288333333333"><ele>9.9</ele></trkpt><trkpt lat="-27.019268333333336" lon="-48.602889999999995"><ele>9.799999999999999</ele></trkpt><trkpt lat="-27.01927" lon="-48.60289666666666"><ele>9.799999999999999</ele></trkpt><trkpt lat="-27.01927166666667" lon="-48.6029"><ele>10</ele></trkpt><trkpt lat="-27.019275" lon="-48.6029"><ele>9.9</ele></trkpt><trkpt lat="-27.019275" lon="-48.6029"><ele>9.9</ele></trkpt><trkpt lat="-27.019280000000002" lon="-48.60289666666666"><ele>9.7</ele></trkpt><trkpt lat="-27.019283333333338" lon="-48.602889999999995"><ele>9.6</ele></trkpt><trkpt lat="-27.01929" lon="-48.60287833333334"><ele>9.6</ele></trkpt><trkpt lat="-27.019293333333334" lon="-48.602865"><ele>9.6</ele></trkpt><trkpt lat="-27.019293333333334" lon="-48.60284166666667"><ele>9.6</ele></trkpt><trkpt lat="-27.01929" lon="-48.60281499999999"><ele>9.9</ele></trkpt><trkpt lat="-27.019288333333332" lon="-48.602788333333336"><ele>9.9</ele></trkpt><trkpt lat="-27.01928666666667" lon="-48.602765"><ele>9.9</ele></trkpt><trkpt lat="-27.019288333333332" lon="-48.60273833333334"><ele>10.1</ele></trkpt><trkpt lat="-27.019295000000003" lon="-48.60271666666666"><ele>10.2</ele></trkpt><trkpt lat="-27.019295000000003" lon="-48.602698333333336"><ele>10.4</ele></trkpt><trkpt lat="-27.019293333333334" lon="-48.60267999999999"><ele>10.5</ele></trkpt><trkpt lat="-27.019291666666664" lon="-48.60266333333334"><ele>10.4</ele></trkpt><trkpt lat="-27.019291666666664" lon="-48.60266333333334"><ele>10.4</ele></trkpt><trkpt lat="-27.01929" lon="-48.60264666666667"><ele>10.299999999999999</ele></trkpt><trkpt lat="-27.019293333333334" lon="-48.60263166666667"><ele>10.299999999999999</ele></trkpt><trkpt lat="-27.019296666666666" lon="-48.602621666666664"><ele>10.5</ele></trkpt><trkpt lat="-27.019298333333335" lon="-48.60261666666667"><ele>10.4</ele></trkpt><trkpt lat="-27.019301666666667" lon="-48.60261333333333"><ele>10.4</ele></trkpt><trkpt lat="-27.019305" lon="-48.60261333333333"><ele>10.2</ele></trkpt><trkpt lat="-27.019308333333335" lon="-48.60260666666667"><ele>10</ele></trkpt><trkpt lat="-27.01931666666667" lon="-48.602598333333326"><ele>9.799999999999999</ele></trkpt><trkpt lat="-27.019325000000002" lon="-48.60259166666666"><ele>9.9</ele></trkpt><trkpt lat="-27.019325000000002" lon="-48.60259166666666"><ele>9.9</ele></trkpt><trkpt lat="-27.01933" lon="-48.60258166666667"><ele>10.299999999999999</ele></trkpt><trkpt lat="-27.01933" lon="-48.60258"><ele>10.5</ele></trkpt><trkpt lat="-27.019335" lon="-48.602576666666664"><ele>10.6</ele></trkpt><trkpt lat="-27.019336666666664" lon="-48.60257333333334"><ele>10.7</ele></trkpt><trkpt lat="-27.019336666666664" lon="-48.60257"><ele>10.6</ele></trkpt><trkpt lat="-27.019335" lon="-48.60257166666667"><ele>10.9</ele></trkpt><trkpt lat="-27.01933" lon="-48.60256833333333"><ele>10.9</ele></trkpt><trkpt lat="-27.019325000000002" lon="-48.60257"><ele>11.2</ele></trkpt><trkpt lat="-27.019323333333332" lon="-48.602563333333336"><ele>11.4</ele></trkpt><trkpt lat="-27.01932" lon="-48.60256"><ele>11.799999999999999</ele></trkpt><trkpt lat="-27.01931666666667" lon="-48.60256"><ele>11.7</ele></trkpt><trkpt lat="-27.01931666666667" lon="-48.60256"><ele>11.7</ele></trkpt><trkpt lat="-27.01931666666667" lon="-48.60256"><ele>11.7</ele></trkpt><trkpt lat="-27.01931666666667" lon="-48.60256"><ele>11.7</ele></trkpt><trkpt lat="-27.01931666666667" lon="-48.60256"><ele>11.7</ele></trkpt><trkpt lat="-27.019291666666664" lon="-48.60253833333333"><ele>10.9</ele></trkpt><trkpt lat="-27.019291666666664" lon="-48.60253833333333"><ele>10.9</ele></trkpt><trkpt lat="-27.019285" lon="-48.60252833333334"><ele>11</ele></trkpt><trkpt lat="-27.019278333333332" lon="-48.602515"><ele>11.4</ele></trkpt><trkpt lat="-27.019280000000002" lon="-48.60250166666666"><ele>11.5</ele></trkpt><trkpt lat="-27.019281666666664" lon="-48.602495"><ele>11.799999999999999</ele></trkpt><trkpt lat="-27.019281666666664" lon="-48.60249"><ele>12.1</ele></trkpt><trkpt lat="-27.019281666666664" lon="-48.60248833333333"><ele>12.1</ele></trkpt><trkpt lat="-27.019278333333332" lon="-48.60248833333333"><ele>11.799999999999999</ele></trkpt><trkpt lat="-27.019278333333332" lon="-48.60249"><ele>11.6</ele></trkpt><trkpt lat="-27.019281666666664" lon="-48.60249333333333"><ele>11.5</ele></trkpt><trkpt lat="-27.019285" lon="-48.602495"><ele>11.6</ele></trkpt><trkpt lat="-27.01929" lon="-48.60249"><ele>11.6</ele></trkpt><trkpt lat="-27.01929" lon="-48.60249"><ele>11.6</ele></trkpt><trkpt lat="-27.019295000000003" lon="-48.60248166666667"><ele>11.9</ele></trkpt><trkpt lat="-27.019305" lon="-48.60247"><ele>12.299999999999999</ele></trkpt><trkpt lat="-27.019311666666667" lon="-48.60245833333333"><ele>12.7</ele></trkpt><trkpt lat="-27.01931833333333" lon="-48.60244333333333"><ele>12.9</ele></trkpt><trkpt lat="-27.019323333333332" lon="-48.602431666666675"><ele>12.7</ele></trkpt><trkpt lat="-27.019323333333332" lon="-48.60242"><ele>12.5</ele></trkpt><trkpt lat="-27.019321666666663" lon="-48.60240166666667"><ele>12.299999999999999</ele></trkpt><trkpt lat="-27.019325000000002" lon="-48.602386666666675"><ele>11.299999999999999</ele></trkpt><trkpt lat="-27.019288333333332" lon="-48.60237166666668"><ele>10.9</ele></trkpt><trkpt lat="-27.019301666666667" lon="-48.60236"><ele>9.3</ele></trkpt><trkpt lat="-27.019313333333336" lon="-48.602338333333336"><ele>8.9</ele></trkpt><trkpt lat="-27.019321666666663" lon="-48.602328333333325"><ele>8.5</ele></trkpt><trkpt lat="-27.019328333333338" lon="-48.60232333333333"><ele>8</ele></trkpt><trkpt lat="-27.019333333333332" lon="-48.60232333333333"><ele>7.9</ele></trkpt><trkpt lat="-27.01933166666667" lon="-48.60232333333333"><ele>7.800000000000001</ele></trkpt><trkpt lat="-27.019333333333332" lon="-48.60232333333333"><ele>7.9</ele></trkpt><trkpt lat="-27.019333333333332" lon="-48.602325"><ele>7.6</ele></trkpt><trkpt lat="-27.019335" lon="-48.602325"><ele>7.699999999999999</ele></trkpt><trkpt lat="-27.019335" lon="-48.60232666666668"><ele>7.4</ele></trkpt><trkpt lat="-27.019336666666664" lon="-48.60232666666668"><ele>7.300000000000001</ele></trkpt><trkpt lat="-27.019336666666664" lon="-48.602328333333325"><ele>7.199999999999999</ele></trkpt><trkpt lat="-27.019341666666666" lon="-48.602325"><ele>7.199999999999999</ele></trkpt><trkpt lat="-27.019346666666667" lon="-48.60232333333333"><ele>7.1</ele></trkpt><trkpt lat="-27.019346666666667" lon="-48.60232333333333"><ele>7.1</ele></trkpt><trkpt lat="-27.019346666666667" lon="-48.60232333333333"><ele>7.1</ele></trkpt><trkpt lat="-27.019346666666667" lon="-48.60232333333333"><ele>7.1</ele></trkpt><trkpt lat="-27.019346666666667" lon="-48.60232333333333"><ele>7.1</ele></trkpt><trkpt lat="-27.019346666666667" lon="-48.60232333333333"><ele>7.1</ele></trkpt><trkpt lat="-27.019346666666667" lon="-48.60232333333333"><ele>7.1</ele></trkpt><trkpt lat="-27.019346666666667" lon="-48.60232333333333"><ele>7.1</ele></trkpt><trkpt lat="-27.019346666666667" lon="-48.60232333333333"><ele>7.1</ele></trkpt><trkpt lat="-27.019346666666667" lon="-48.60232333333333"><ele>7.1</ele></trkpt><trkpt lat="-27.019346666666667" lon="-48.60232333333333"><ele>7.1</ele></trkpt><trkpt lat="-27.019346666666667" lon="-48.60232333333333"><ele>7.1</ele></trkpt><trkpt lat="-27.019346666666667" lon="-48.60232333333333"><ele>7.1</ele></trkpt><trkpt lat="-27.019346666666667" lon="-48.60232333333333"><ele>7.1</ele></trkpt><trkpt lat="-27.019346666666667" lon="-48.60232333333333"><ele>7.1</ele></trkpt><trkpt lat="-27.019346666666667" lon="-48.60232333333333"><ele>7.1</ele></trkpt><trkpt lat="-27.019346666666667" lon="-48.60232333333333"><ele>7.1</ele></trkpt><trkpt lat="-27.019346666666667" lon="-48.60232333333333"><ele>7.1</ele></trkpt><trkpt lat="-27.019346666666667" lon="-48.60232333333333"><ele>7.1</ele></trkpt><trkpt lat="-27.019346666666667" lon="-48.60232333333333"><ele>7.1</ele></trkpt><trkpt lat="-27.019346666666667" lon="-48.60232333333333"><ele>7.1</ele></trkpt><trkpt lat="-27.019346666666667" lon="-48.60232333333333"><ele>7.1</ele></trkpt><trkpt lat="-27.019346666666667" lon="-48.60232333333333"><ele>7.1</ele></trkpt><trkpt lat="-27.019346666666667" lon="-48.60232333333333"><ele>7.1</ele></trkpt><trkpt lat="-27.019346666666667" lon="-48.60232333333333"><ele>7.1</ele></trkpt><trkpt lat="-27.019346666666667" lon="-48.60232333333333"><ele>7.1</ele></trkpt><trkpt lat="-27.019346666666667" lon="-48.60232333333333"><ele>7.1</ele></trkpt><trkpt lat="-27.019355000000004" lon="-48.60229833333333"><ele>7.4</ele></trkpt><trkpt lat="-27.019358333333336" lon="-48.602295000000005"><ele>7.300000000000001</ele></trkpt><trkpt lat="-27.01936166666667" lon="-48.602293333333336"><ele>7.699999999999999</ele></trkpt><trkpt lat="-27.01936166666667" lon="-48.602293333333336"><ele>8</ele></trkpt><trkpt lat="-27.01936166666667" lon="-48.602293333333336"><ele>8</ele></trkpt><trkpt lat="-27.01936166666667" lon="-48.602293333333336"><ele>8</ele></trkpt><trkpt lat="-27.01936166666667" lon="-48.602293333333336"><ele>8</ele></trkpt><trkpt lat="-27.01936166666667" lon="-48.602293333333336"><ele>8</ele></trkpt><trkpt lat="-27.01936166666667" lon="-48.602293333333336"><ele>8</ele></trkpt><trkpt lat="-27.01936166666667" lon="-48.602293333333336"><ele>8</ele></trkpt><trkpt lat="-27.01936166666667" lon="-48.602293333333336"><ele>8</ele></trkpt><trkpt lat="-27.019333333333332" lon="-48.602296666666675"><ele>9.2</ele></trkpt><trkpt lat="-27.019328333333338" lon="-48.602296666666675"><ele>9.3</ele></trkpt><trkpt lat="-27.019328333333338" lon="-48.602296666666675"><ele>9.3</ele></trkpt><trkpt lat="-27.019321666666663" lon="-48.602291666666666"><ele>9.5</ele></trkpt><trkpt lat="-27.019321666666663" lon="-48.602291666666666"><ele>9.5</ele></trkpt><trkpt lat="-27.019315" lon="-48.60228666666667"><ele>9.7</ele></trkpt><trkpt lat="-27.019311666666667" lon="-48.60228166666668"><ele>9.9</ele></trkpt><trkpt lat="-27.01930666666666" lon="-48.60227833333333"><ele>10</ele></trkpt><trkpt lat="-27.01930666666666" lon="-48.60227833333333"><ele>10</ele></trkpt><trkpt lat="-27.01930333333333" lon="-48.60227833333333"><ele>10</ele></trkpt><trkpt lat="-27.01930333333333" lon="-48.60227833333333"><ele>10</ele></trkpt><trkpt lat="-27.019301666666667" lon="-48.60228166666668"><ele>10</ele></trkpt><trkpt lat="-27.019299999999998" lon="-48.602283333333325"><ele>10.1</ele></trkpt><trkpt lat="-27.019295000000003" lon="-48.602283333333325"><ele>10.2</ele></trkpt><trkpt lat="-27.019293333333334" lon="-48.602285"><ele>10.2</ele></trkpt><trkpt lat="-27.019293333333334" lon="-48.602285"><ele>10.2</ele></trkpt><trkpt lat="-27.019295000000003" lon="-48.60228166666668"><ele>10.299999999999999</ele></trkpt><trkpt lat="-27.019298333333335" lon="-48.60228"><ele>10.299999999999999</ele></trkpt><trkpt lat="-27.019298333333335" lon="-48.60228"><ele>10.299999999999999</ele></trkpt><trkpt lat="-27.019296666666666" lon="-48.60228666666667"><ele>10.4</ele></trkpt><trkpt lat="-27.019298333333335" lon="-48.602289999999996"><ele>10.4</ele></trkpt><trkpt lat="-27.019296666666666" lon="-48.602293333333336"><ele>10.299999999999999</ele></trkpt><trkpt lat="-27.019296666666666" lon="-48.602293333333336"><ele>10.299999999999999</ele></trkpt><trkpt lat="-27.019296666666666" lon="-48.602293333333336"><ele>10.299999999999999</ele></trkpt><trkpt lat="-27.019296666666666" lon="-48.602293333333336"><ele>10.299999999999999</ele></trkpt><trkpt lat="-27.019296666666666" lon="-48.602293333333336"><ele>10.299999999999999</ele></trkpt><trkpt lat="-27.019296666666666" lon="-48.602293333333336"><ele>10.299999999999999</ele></trkpt><trkpt lat="-27.019296666666666" lon="-48.602293333333336"><ele>10.299999999999999</ele></trkpt><trkpt lat="-27.019296666666666" lon="-48.602293333333336"><ele>10.299999999999999</ele></trkpt><trkpt lat="-27.019296666666666" lon="-48.602293333333336"><ele>10.299999999999999</ele></trkpt><trkpt lat="-27.019296666666666" lon="-48.602293333333336"><ele>10.299999999999999</ele></trkpt><trkpt lat="-27.019296666666666" lon="-48.602293333333336"><ele>10.299999999999999</ele></trkpt><trkpt lat="-27.019296666666666" lon="-48.602293333333336"><ele>10.299999999999999</ele></trkpt><trkpt lat="-27.019296666666666" lon="-48.602293333333336"><ele>10.299999999999999</ele></trkpt><trkpt lat="-27.019296666666666" lon="-48.602293333333336"><ele>10.299999999999999</ele></trkpt><trkpt lat="-27.019296666666666" lon="-48.602293333333336"><ele>10.299999999999999</ele></trkpt><trkpt lat="-27.019296666666666" lon="-48.602293333333336"><ele>10.299999999999999</ele></trkpt><trkpt lat="-27.019325000000002" lon="-48.602315"><ele>10.7</ele></trkpt><trkpt lat="-27.019323333333332" lon="-48.602315"><ele>10.7</ele></trkpt><trkpt lat="-27.01933" lon="-48.602315"><ele>10.799999999999999</ele></trkpt><trkpt lat="-27.019336666666664" lon="-48.602318333333336"><ele>11.1</ele></trkpt><trkpt lat="-27.019338333333334" lon="-48.60231666666667"><ele>11.1</ele></trkpt><trkpt lat="-27.019338333333334" lon="-48.602315"><ele>11</ele></trkpt><trkpt lat="-27.019340000000003" lon="-48.60231333333333"><ele>10.7</ele></trkpt><trkpt lat="-27.019341666666666" lon="-48.60231"><ele>10.6</ele></trkpt><trkpt lat="-27.01934833333333" lon="-48.602304999999994"><ele>10.299999999999999</ele></trkpt><trkpt lat="-27.01934833333333" lon="-48.6023"><ele>10.4</ele></trkpt><trkpt lat="-27.019346666666667" lon="-48.6023"><ele>10.299999999999999</ele></trkpt><trkpt lat="-27.019346666666667" lon="-48.60229833333333"><ele>10.2</ele></trkpt><trkpt lat="-27.019346666666667" lon="-48.602295000000005"><ele>10.1</ele></trkpt><trkpt lat="-27.019346666666667" lon="-48.602295000000005"><ele>10.1</ele></trkpt><trkpt lat="-27.019346666666667" lon="-48.602295000000005"><ele>10.1</ele></trkpt><trkpt lat="-27.019346666666667" lon="-48.602295000000005"><ele>10.1</ele></trkpt><trkpt lat="-27.019346666666667" lon="-48.602295000000005"><ele>10.1</ele></trkpt><trkpt lat="-27.019346666666667" lon="-48.602295000000005"><ele>10.1</ele></trkpt><trkpt lat="-27.019346666666667" lon="-48.602295000000005"><ele>10.1</ele></trkpt><trkpt lat="-27.019346666666667" lon="-48.602295000000005"><ele>10.1</ele></trkpt><trkpt lat="-27.019346666666667" lon="-48.602295000000005"><ele>10.1</ele></trkpt><trkpt lat="-27.019346666666667" lon="-48.602295000000005"><ele>10.1</ele></trkpt><trkpt lat="-27.019346666666667" lon="-48.602295000000005"><ele>10.1</ele></trkpt><trkpt lat="-27.019346666666667" lon="-48.602295000000005"><ele>10.1</ele></trkpt><trkpt lat="-27.019346666666667" lon="-48.602295000000005"><ele>10.1</ele></trkpt><trkpt lat="-27.019346666666667" lon="-48.602295000000005"><ele>10.1</ele></trkpt><trkpt lat="-27.019346666666667" lon="-48.602295000000005"><ele>10.1</ele></trkpt><trkpt lat="-27.019346666666667" lon="-48.602295000000005"><ele>10.1</ele></trkpt><trkpt lat="-27.019346666666667" lon="-48.602295000000005"><ele>10.1</ele></trkpt><trkpt lat="-27.019346666666667" lon="-48.602295000000005"><ele>10.1</ele></trkpt><trkpt lat="-27.019346666666667" lon="-48.602295000000005"><ele>10.1</ele></trkpt><trkpt lat="-27.019346666666667" lon="-48.602295000000005"><ele>10.1</ele></trkpt><trkpt lat="-27.019346666666667" lon="-48.602295000000005"><ele>10.1</ele></trkpt><trkpt lat="-27.019346666666667" lon="-48.602295000000005"><ele>10.1</ele></trkpt><trkpt lat="-27.019346666666667" lon="-48.602295000000005"><ele>10.1</ele></trkpt><trkpt lat="-27.019346666666667" lon="-48.602295000000005"><ele>10.1</ele></trkpt><trkpt lat="-27.019346666666667" lon="-48.602295000000005"><ele>10.1</ele></trkpt><trkpt lat="-27.019328333333338" lon="-48.60232333333333"><ele>8.2</ele></trkpt><trkpt lat="-27.01931833333333" lon="-48.60232166666666"><ele>8</ele></trkpt><trkpt lat="-27.01931833333333" lon="-48.602318333333336"><ele>8.1</ele></trkpt><trkpt lat="-27.019315" lon="-48.60231666666667"><ele>8.2</ele></trkpt><trkpt lat="-27.019310000000004" lon="-48.602315"><ele>8.3</ele></trkpt><trkpt lat="-27.019310000000004" lon="-48.602315"><ele>8.3</ele></trkpt><trkpt lat="-27.019308333333335" lon="-48.60231666666667"><ele>8.3</ele></trkpt><trkpt lat="-27.019305" lon="-48.602315"><ele>8.4</ele></trkpt><trkpt lat="-27.01930666666666" lon="-48.60231333333333"><ele>8.5</ele></trkpt><trkpt lat="-27.019308333333335" lon="-48.602315"><ele>8.6</ele></trkpt><trkpt lat="-27.019311666666667" lon="-48.60231333333333"><ele>8.6</ele></trkpt><trkpt lat="-27.01932" lon="-48.60230833333333"><ele>8.7</ele></trkpt><trkpt lat="-27.01933" lon="-48.60230166666667"><ele>8.9</ele></trkpt><trkpt lat="-27.01933" lon="-48.602289999999996"><ele>8.9</ele></trkpt><trkpt lat="-27.019328333333338" lon="-48.60227833333333"><ele>9</ele></trkpt><trkpt lat="-27.019326666666664" lon="-48.60227166666667"><ele>9.2</ele></trkpt><trkpt lat="-27.019325000000002" lon="-48.60227166666667"><ele>9.3</ele></trkpt><trkpt lat="-27.019325000000002" lon="-48.60227166666667"><ele>9.3</ele></trkpt><trkpt lat="-27.019325000000002" lon="-48.60227166666667"><ele>9.3</ele></trkpt><trkpt lat="-27.019321666666663" lon="-48.602273333333336"><ele>9.5</ele></trkpt><trkpt lat="-27.019321666666663" lon="-48.60227"><ele>9.7</ele></trkpt><trkpt lat="-27.019321666666663" lon="-48.60227166666667"><ele>9.799999999999999</ele></trkpt><trkpt lat="-27.01931833333333" lon="-48.60227833333333"><ele>10.1</ele></trkpt><trkpt lat="-27.019315" lon="-48.60228166666668"><ele>10.299999999999999</ele></trkpt><trkpt lat="-27.019315" lon="-48.60228666666667"><ele>10.1</ele></trkpt><trkpt lat="-27.019315" lon="-48.60228666666667"><ele>10.1</ele></trkpt><trkpt lat="-27.019315" lon="-48.60228666666667"><ele>10.1</ele></trkpt><trkpt lat="-27.019315" lon="-48.60228666666667"><ele>10.1</ele></trkpt><trkpt lat="-27.01932" lon="-48.60227166666667"><ele>10.7</ele></trkpt><trkpt lat="-27.019323333333332" lon="-48.60226833333333"><ele>10.4</ele></trkpt><trkpt lat="-27.019326666666664" lon="-48.60226833333333"><ele>10.2</ele></trkpt><trkpt lat="-27.01933" lon="-48.60227"><ele>10.1</ele></trkpt><trkpt lat="-27.01933166666667" lon="-48.602265"><ele>10</ele></trkpt><trkpt lat="-27.01933166666667" lon="-48.602265"><ele>10</ele></trkpt><trkpt lat="-27.01933166666667" lon="-48.602265"><ele>10</ele></trkpt><trkpt lat="-27.019335" lon="-48.602250000000005"><ele>9.799999999999999</ele></trkpt><trkpt lat="-27.019338333333334" lon="-48.602248333333335"><ele>9.799999999999999</ele></trkpt><trkpt lat="-27.019338333333334" lon="-48.60224333333334"><ele>9.9</ele></trkpt><trkpt lat="-27.019341666666666" lon="-48.60224166666667"><ele>10</ele></trkpt><trkpt lat="-27.019344999999998" lon="-48.60224"><ele>10</ele></trkpt><trkpt lat="-27.019346666666667" lon="-48.60224"><ele>10</ele></trkpt><trkpt lat="-27.019346666666667" lon="-48.60224"><ele>10</ele></trkpt><trkpt lat="-27.019346666666667" lon="-48.60224"><ele>10</ele></trkpt><trkpt lat="-27.019346666666667" lon="-48.60224"><ele>10</ele></trkpt><trkpt lat="-27.019346666666667" lon="-48.60224"><ele>10</ele></trkpt><trkpt lat="-27.019346666666667" lon="-48.60224"><ele>10</ele></trkpt><trkpt lat="-27.019346666666667" lon="-48.60224"><ele>10</ele></trkpt><trkpt lat="-27.019346666666667" lon="-48.60224"><ele>10</ele></trkpt><trkpt lat="-27.019346666666667" lon="-48.60224"><ele>10</ele></trkpt><trkpt lat="-27.019346666666667" lon="-48.60224"><ele>10</ele></trkpt><trkpt lat="-27.019346666666667" lon="-48.60224"><ele>10</ele></trkpt><trkpt lat="-27.019346666666667" lon="-48.60224"><ele>10</ele></trkpt><trkpt lat="-27.019346666666667" lon="-48.60224"><ele>10</ele></trkpt><trkpt lat="-27.019346666666667" lon="-48.60224"><ele>10</ele></trkpt><trkpt lat="-27.019346666666667" lon="-48.60224"><ele>10</ele></trkpt><trkpt lat="-27.019346666666667" lon="-48.60224"><ele>10</ele></trkpt><trkpt lat="-27.019346666666667" lon="-48.60224"><ele>10</ele></trkpt><trkpt lat="-27.019346666666667" lon="-48.60224"><ele>10</ele></trkpt><trkpt lat="-27.019346666666667" lon="-48.60224"><ele>10</ele></trkpt><trkpt lat="-27.019346666666667" lon="-48.60224"><ele>10</ele></trkpt><trkpt lat="-27.019346666666667" lon="-48.60224"><ele>10</ele></trkpt><trkpt lat="-27.019346666666667" lon="-48.60224"><ele>10</ele></trkpt><trkpt lat="-27.019346666666667" lon="-48.60224"><ele>10</ele></trkpt><trkpt lat="-27.019346666666667" lon="-48.60224"><ele>10</ele></trkpt><trkpt lat="-27.019346666666667" lon="-48.60224"><ele>10</ele></trkpt><trkpt lat="-27.019346666666667" lon="-48.60224"><ele>10</ele></trkpt><trkpt lat="-27.019346666666667" lon="-48.60224"><ele>10</ele></trkpt><trkpt lat="-27.019346666666667" lon="-48.60224"><ele>10</ele></trkpt><trkpt lat="-27.019346666666667" lon="-48.60224"><ele>10</ele></trkpt><trkpt lat="-27.019346666666667" lon="-48.60224"><ele>10</ele></trkpt><trkpt lat="-27.01936333333333" lon="-48.60227"><ele>13.299999999999999</ele></trkpt><trkpt lat="-27.019365" lon="-48.602250000000005"><ele>13.9</ele></trkpt><trkpt lat="-27.01936333333333" lon="-48.60223333333333"><ele>13.9</ele></trkpt><trkpt lat="-27.01936333333333" lon="-48.60223333333333"><ele>13.9</ele></trkpt><trkpt lat="-27.01936333333333" lon="-48.60221666666666"><ele>13.6</ele></trkpt><trkpt lat="-27.019358333333336" lon="-48.602201666666666"><ele>12.9</ele></trkpt><trkpt lat="-27.019355000000004" lon="-48.60219"><ele>12.9</ele></trkpt><trkpt lat="-27.01934833333333" lon="-48.60217333333333"><ele>13.5</ele></trkpt><trkpt lat="-27.019346666666667" lon="-48.602154999999996"><ele>14.1</ele></trkpt><trkpt lat="-27.019344999999998" lon="-48.602138333333336"><ele>14.9</ele></trkpt><trkpt lat="-27.019343333333335" lon="-48.60212166666667"><ele>15.1</ele></trkpt><trkpt lat="-27.019346666666667" lon="-48.60210666666667"><ele>15.9</ele></trkpt><trkpt lat="-27.019353333333335" lon="-48.60209"><ele>16.1</ele></trkpt><trkpt lat="-27.01936166666667" lon="-48.602071666666674"><ele>16.5</ele></trkpt><trkpt lat="-27.019368333333333" lon="-48.602055"><ele>16.7</ele></trkpt><trkpt lat="-27.019375" lon="-48.60205166666666"><ele>16.400000000000002</ele></trkpt><trkpt lat="-27.019375" lon="-48.60204"><ele>13.7</ele></trkpt><trkpt lat="-27.019373333333338" lon="-48.602026666666674"><ele>12.2</ele></trkpt><trkpt lat="-27.019373333333338" lon="-48.602015"><ele>9.5</ele></trkpt><trkpt lat="-27.019368333333333" lon="-48.60200499999999"><ele>8.3</ele></trkpt><trkpt lat="-27.019370000000002" lon="-48.601989999999994"><ele>6.4</ele></trkpt><trkpt lat="-27.019370000000002" lon="-48.60197"><ele>6.1</ele></trkpt><trkpt lat="-27.019366666666663" lon="-48.60194"><ele>7.699999999999999</ele></trkpt><trkpt lat="-27.019355000000004" lon="-48.60190666666667"><ele>8.3</ele></trkpt><trkpt lat="-27.019346666666667" lon="-48.601875"><ele>9.3</ele></trkpt><trkpt lat="-27.019341666666666" lon="-48.60185666666666"><ele>9.9</ele></trkpt><trkpt lat="-27.019336666666664" lon="-48.601835"><ele>10.6</ele></trkpt><trkpt lat="-27.019336666666664" lon="-48.60182499999999"><ele>10.6</ele></trkpt><trkpt lat="-27.019338333333334" lon="-48.60181833333333"><ele>10.4</ele></trkpt><trkpt lat="-27.019336666666664" lon="-48.60180999999999"><ele>10.1</ele></trkpt><trkpt lat="-27.019335" lon="-48.60180666666667"><ele>10.299999999999999</ele></trkpt><trkpt lat="-27.019335" lon="-48.601805"><ele>10.4</ele></trkpt><trkpt lat="-27.019335" lon="-48.601805"><ele>10.4</ele></trkpt><trkpt lat="-27.019335" lon="-48.601805"><ele>10.4</ele></trkpt><trkpt lat="-27.019333333333332" lon="-48.60180833333334"><ele>10.799999999999999</ele></trkpt><trkpt lat="-27.01933166666667" lon="-48.60180999999999"><ele>10.799999999999999</ele></trkpt><trkpt lat="-27.019333333333332" lon="-48.60181166666666"><ele>10.6</ele></trkpt><trkpt lat="-27.019336666666664" lon="-48.60181166666666"><ele>10.6</ele></trkpt><trkpt lat="-27.019340000000003" lon="-48.60180833333334"><ele>10.7</ele></trkpt><trkpt lat="-27.019341666666666" lon="-48.60180666666667"><ele>10.6</ele></trkpt><trkpt lat="-27.019341666666666" lon="-48.60180666666667"><ele>10.6</ele></trkpt><trkpt lat="-27.019343333333335" lon="-48.60180833333334"><ele>10.5</ele></trkpt><trkpt lat="-27.019346666666667" lon="-48.60180666666667"><ele>10.299999999999999</ele></trkpt><trkpt lat="-27.01935166666666" lon="-48.601796666666665"><ele>10.4</ele></trkpt><trkpt lat="-27.019353333333335" lon="-48.60179166666667"><ele>10.6</ele></trkpt><trkpt lat="-27.019356666666667" lon="-48.60179166666667"><ele>10.799999999999999</ele></trkpt><trkpt lat="-27.019356666666667" lon="-48.601794999999996"><ele>10.7</ele></trkpt><trkpt lat="-27.019356666666667" lon="-48.601794999999996"><ele>10.7</ele></trkpt><trkpt lat="-27.019356666666667" lon="-48.601794999999996"><ele>10.7</ele></trkpt><trkpt lat="-27.019385000000003" lon="-48.60178166666666"><ele>10.799999999999999</ele></trkpt><trkpt lat="-27.019389999999998" lon="-48.60178166666666"><ele>11</ele></trkpt><trkpt lat="-27.019391666666667" lon="-48.601785"><ele>10.799999999999999</ele></trkpt><trkpt lat="-27.01939333333333" lon="-48.601786666666676"><ele>11</ele></trkpt><trkpt lat="-27.019389999999998" lon="-48.601785"><ele>10.799999999999999</ele></trkpt><trkpt lat="-27.019386666666666" lon="-48.60178333333333"><ele>10.9</ele></trkpt><trkpt lat="-27.019381666666664" lon="-48.601778333333336"><ele>10.7</ele></trkpt><trkpt lat="-27.019381666666664" lon="-48.601776666666666"><ele>10.4</ele></trkpt><trkpt lat="-27.01938" lon="-48.601778333333336"><ele>10.7</ele></trkpt><trkpt lat="-27.01937666666667" lon="-48.601778333333336"><ele>10.7</ele></trkpt><trkpt lat="-27.01937666666667" lon="-48.601778333333336"><ele>10.7</ele></trkpt><trkpt lat="-27.019378333333332" lon="-48.60178333333333"><ele>10.7</ele></trkpt><trkpt lat="-27.019383333333334" lon="-48.601786666666676"><ele>10.5</ele></trkpt><trkpt lat="-27.019385000000003" lon="-48.60179"><ele>10.7</ele></trkpt><trkpt lat="-27.019385000000003" lon="-48.60179"><ele>10.7</ele></trkpt><trkpt lat="-27.019385000000003" lon="-48.60179"><ele>10.7</ele></trkpt><trkpt lat="-27.019385000000003" lon="-48.60179"><ele>10.7</ele></trkpt><trkpt lat="-27.019385000000003" lon="-48.60179"><ele>10.7</ele></trkpt><trkpt lat="-27.019385000000003" lon="-48.60179"><ele>10.7</ele></trkpt><trkpt lat="-27.019385000000003" lon="-48.60179"><ele>10.7</ele></trkpt><trkpt lat="-27.019385000000003" lon="-48.60179"><ele>10.7</ele></trkpt><trkpt lat="-27.019385000000003" lon="-48.60179"><ele>10.7</ele></trkpt><trkpt lat="-27.019385000000003" lon="-48.60179"><ele>10.7</ele></trkpt><trkpt lat="-27.019385000000003" lon="-48.60179"><ele>10.7</ele></trkpt><trkpt lat="-27.019385000000003" lon="-48.60179"><ele>10.7</ele></trkpt><trkpt lat="-27.019385000000003" lon="-48.60179"><ele>10.7</ele></trkpt><trkpt lat="-27.019385000000003" lon="-48.60179"><ele>10.7</ele></trkpt><trkpt lat="-27.019385000000003" lon="-48.60179"><ele>10.7</ele></trkpt><trkpt lat="-27.019385000000003" lon="-48.60179"><ele>10.7</ele></trkpt><trkpt lat="-27.019385000000003" lon="-48.60179"><ele>10.7</ele></trkpt><trkpt lat="-27.019385000000003" lon="-48.60179"><ele>10.7</ele></trkpt><trkpt lat="-27.019385000000003" lon="-48.60179"><ele>10.7</ele></trkpt><trkpt lat="-27.019385000000003" lon="-48.60179"><ele>10.7</ele></trkpt><trkpt lat="-27.019385000000003" lon="-48.60179"><ele>10.7</ele></trkpt><trkpt lat="-27.019385000000003" lon="-48.60179"><ele>10.7</ele></trkpt><trkpt lat="-27.019385000000003" lon="-48.60179"><ele>10.7</ele></trkpt><trkpt lat="-27.019385000000003" lon="-48.60179"><ele>10.7</ele></trkpt><trkpt lat="-27.019385000000003" lon="-48.60179"><ele>10.7</ele></trkpt><trkpt lat="-27.01935" lon="-48.601774999999996"><ele>9.5</ele></trkpt><trkpt lat="-27.019358333333336" lon="-48.60177166666667"><ele>9</ele></trkpt><trkpt lat="-27.01936333333333" lon="-48.60177166666667"><ele>8.9</ele></trkpt><trkpt lat="-27.01936" lon="-48.60177"><ele>8.6</ele></trkpt><trkpt lat="-27.019353333333335" lon="-48.60177166666667"><ele>8.9</ele></trkpt><trkpt lat="-27.019346666666667" lon="-48.60177333333333"><ele>8.8</ele></trkpt><trkpt lat="-27.019346666666667" lon="-48.60177333333333"><ele>8.8</ele></trkpt><trkpt lat="-27.019341666666666" lon="-48.60177"><ele>8.9</ele></trkpt><trkpt lat="-27.019338333333334" lon="-48.60177"><ele>8.6</ele></trkpt><trkpt lat="-27.019335" lon="-48.60176833333333"><ele>8.3</ele></trkpt><trkpt lat="-27.01933" lon="-48.60176666666666"><ele>8</ele></trkpt><trkpt lat="-27.019074999999997" lon="-48.60507500000001"><ele>4.9</ele></trkpt><trkpt lat="-27.01907833333333" lon="-48.60506166666667"><ele>5.300000000000001</ele></trkpt><trkpt lat="-27.019083333333334" lon="-48.60506333333333"><ele>5.300000000000001</ele></trkpt><trkpt lat="-27.019098333333332" lon="-48.605076666666676"><ele>6</ele></trkpt><trkpt lat="-27.019121666666667" lon="-48.605068333333335"><ele>7</ele></trkpt><trkpt lat="-27.019148333333337" lon="-48.60505"><ele>7.9</ele></trkpt><trkpt lat="-27.019148333333337" lon="-48.60504833333333"><ele>8.7</ele></trkpt><trkpt lat="-27.019148333333337" lon="-48.60504833333333"><ele>8.7</ele></trkpt><trkpt lat="-27.019101666666664" lon="-48.60506"><ele>8.6</ele></trkpt><trkpt lat="-27.01911" lon="-48.60505499999999"><ele>8.9</ele></trkpt><trkpt lat="-27.019119999999997" lon="-48.60505166666667"><ele>9.4</ele></trkpt><trkpt lat="-27.019131666666667" lon="-48.60504833333333"><ele>9.5</ele></trkpt><trkpt lat="-27.019130000000004" lon="-48.60505166666667"><ele>10.1</ele></trkpt><trkpt lat="-27.019113333333333" lon="-48.60506166666667"><ele>10.4</ele></trkpt><trkpt lat="-27.019119999999997" lon="-48.60506166666667"><ele>10.9</ele></trkpt><trkpt lat="-27.019119999999997" lon="-48.60506166666667"><ele>10.9</ele></trkpt><trkpt lat="-27.019121666666667" lon="-48.605064999999996"><ele>10.9</ele></trkpt><trkpt lat="-27.019113333333333" lon="-48.60506999999999"><ele>10.799999999999999</ele></trkpt><trkpt lat="-27.019096666666663" lon="-48.60508166666667"><ele>10.299999999999999</ele></trkpt><trkpt lat="-27.01906166666667" lon="-48.605095"><ele>8.4</ele></trkpt><trkpt lat="-27.019053333333332" lon="-48.60509833333334"><ele>8</ele></trkpt><trkpt lat="-27.019046666666668" lon="-48.60509833333334"><ele>8</ele></trkpt><trkpt lat="-27.019041666666666" lon="-48.60510166666666"><ele>7.9</ele></trkpt><trkpt lat="-27.019038333333334" lon="-48.605105"><ele>8.2</ele></trkpt><trkpt lat="-27.019035" lon="-48.605109999999996"><ele>7.9</ele></trkpt><trkpt lat="-27.01903333333333" lon="-48.605111666666666"><ele>8.1</ele></trkpt><trkpt lat="-27.019025000000003" lon="-48.605113333333335"><ele>7.6</ele></trkpt><trkpt lat="-27.019013333333337" lon="-48.60511499999999"><ele>5.800000000000001</ele></trkpt><trkpt lat="-27.01901" lon="-48.605111666666666"><ele>5.1</ele></trkpt><trkpt lat="-27.01901" lon="-48.605111666666666"><ele>5.1</ele></trkpt><trkpt lat="-27.01900666666667" lon="-48.605113333333335"><ele>4.5</ele></trkpt><trkpt lat="-27.018998333333336" lon="-48.60511666666666"><ele>3.7</ele></trkpt><trkpt lat="-27.01900666666667" lon="-48.60511666666666"><ele>3.5</ele></trkpt><trkpt lat="-27.01900666666667" lon="-48.60511666666666"><ele>3.5</ele></trkpt><trkpt lat="-27.01900666666667" lon="-48.60511499999999"><ele>2.9000000000000004</ele></trkpt><trkpt lat="-27.019013333333337" lon="-48.605111666666666"><ele>2.4000000000000004</ele></trkpt><trkpt lat="-27.01901666666667" lon="-48.605109999999996"><ele>2.3</ele></trkpt><trkpt lat="-27.019008333333332" lon="-48.605113333333335"><ele>2.1</ele></trkpt><trkpt lat="-27.01901" lon="-48.605109999999996"><ele>2.4000000000000004</ele></trkpt><trkpt lat="-27.01901" lon="-48.605109999999996"><ele>2.4000000000000004</ele></trkpt><trkpt lat="-27.01901" lon="-48.605109999999996"><ele>2.4000000000000004</ele></trkpt><trkpt lat="-27.01901" lon="-48.605109999999996"><ele>2.4000000000000004</ele></trkpt><trkpt lat="-27.01901" lon="-48.605109999999996"><ele>2.4000000000000004</ele></trkpt><trkpt lat="-27.01901" lon="-48.605109999999996"><ele>2.4000000000000004</ele></trkpt><trkpt lat="-27.01901" lon="-48.605109999999996"><ele>2.4000000000000004</ele></trkpt><trkpt lat="-27.01901" lon="-48.605109999999996"><ele>2.4000000000000004</ele></trkpt><trkpt lat="-27.01901" lon="-48.605109999999996"><ele>2.4000000000000004</ele></trkpt><trkpt lat="-27.01901" lon="-48.605109999999996"><ele>2.4000000000000004</ele></trkpt><trkpt lat="-27.01901" lon="-48.605109999999996"><ele>2.4000000000000004</ele></trkpt><trkpt lat="-27.01901" lon="-48.605109999999996"><ele>2.4000000000000004</ele></trkpt><trkpt lat="-27.01901" lon="-48.605109999999996"><ele>2.4000000000000004</ele></trkpt><trkpt lat="-27.01901" lon="-48.605109999999996"><ele>2.4000000000000004</ele></trkpt><trkpt lat="-27.01901" lon="-48.605109999999996"><ele>2.4000000000000004</ele></trkpt><trkpt lat="-27.01901" lon="-48.605109999999996"><ele>2.4000000000000004</ele></trkpt><trkpt lat="-27.01901" lon="-48.605109999999996"><ele>2.4000000000000004</ele></trkpt><trkpt lat="-27.01901" lon="-48.605109999999996"><ele>2.4000000000000004</ele></trkpt><trkpt lat="-27.01901" lon="-48.605109999999996"><ele>2.4000000000000004</ele></trkpt><trkpt lat="-27.01901" lon="-48.605109999999996"><ele>2.4000000000000004</ele></trkpt><trkpt lat="-27.01901" lon="-48.605109999999996"><ele>2.4000000000000004</ele></trkpt><trkpt lat="-27.01901" lon="-48.605109999999996"><ele>2.4000000000000004</ele></trkpt><trkpt lat="-27.019029999999997" lon="-48.605086666666665"><ele>5.1</ele></trkpt><trkpt lat="-27.019035" lon="-48.60507333333333"><ele>4.9</ele></trkpt><trkpt lat="-27.019046666666668" lon="-48.60505499999999"><ele>5.1</ele></trkpt><trkpt lat="-27.019025000000003" lon="-48.605046666666674"><ele>4.7</ele></trkpt><trkpt lat="-27.019025000000003" lon="-48.605030000000006"><ele>4.300000000000001</ele></trkpt><trkpt lat="-27.019028333333335" lon="-48.60501333333333"><ele>4</ele></trkpt><trkpt lat="-27.01902" lon="-48.604996666666665"><ele>3.6</ele></trkpt><trkpt lat="-27.01901833333333" lon="-48.60498166666666"><ele>3.6</ele></trkpt><trkpt lat="-27.019023333333333" lon="-48.60497166666667"><ele>3.4000000000000004</ele></trkpt><trkpt lat="-27.019023333333333" lon="-48.60497166666667"><ele>3.4000000000000004</ele></trkpt><trkpt lat="-27.019023333333333" lon="-48.60496833333333"><ele>3.3</ele></trkpt><trkpt lat="-27.019025000000003" lon="-48.60497"><ele>3.2</ele></trkpt><trkpt lat="-27.019026666666665" lon="-48.60496499999999"><ele>3.4000000000000004</ele></trkpt><trkpt lat="-27.019026666666665" lon="-48.60496333333334"><ele>3.3</ele></trkpt><trkpt lat="-27.019028333333335" lon="-48.60496166666667"><ele>3.2</ele></trkpt><trkpt lat="-27.019029999999997" lon="-48.60496"><ele>3.1</ele></trkpt><trkpt lat="-27.019029999999997" lon="-48.60496166666667"><ele>3.2</ele></trkpt><trkpt lat="-27.019028333333335" lon="-48.60496166666667"><ele>3.2</ele></trkpt><trkpt lat="-27.019028333333335" lon="-48.60496"><ele>3.3</ele></trkpt><trkpt lat="-27.019029999999997" lon="-48.604955000000004"><ele>3.4000000000000004</ele></trkpt><trkpt lat="-27.019029999999997" lon="-48.604955000000004"><ele>3.4000000000000004</ele></trkpt><trkpt lat="-27.019029999999997" lon="-48.604955000000004"><ele>3.4000000000000004</ele></trkpt><trkpt lat="-27.019029999999997" lon="-48.604955000000004"><ele>3.4000000000000004</ele></trkpt><trkpt lat="-27.019038333333334" lon="-48.604955000000004"><ele>3.5</ele></trkpt><trkpt lat="-27.019040000000004" lon="-48.604940000000006"><ele>3.4000000000000004</ele></trkpt><trkpt lat="-27.019041666666666" lon="-48.604929999999996"><ele>3.3</ele></trkpt><trkpt lat="-27.01905" lon="-48.60492166666666"><ele>3.3</ele></trkpt><trkpt lat="-27.01905" lon="-48.60490333333334"><ele>3.1</ele></trkpt><trkpt lat="-27.019055" lon="-48.60488999999999"><ele>3.1</ele></trkpt><trkpt lat="-27.019055" lon="-48.60488999999999"><ele>3.1</ele></trkpt><trkpt lat="-27.019058333333337" lon="-48.604883333333326"><ele>3.2</ele></trkpt><trkpt lat="-27.019058333333337" lon="-48.60488166666667"><ele>3.2</ele></trkpt><trkpt lat="-27.019058333333337" lon="-48.60487666666666"><ele>3.4000000000000004</ele></trkpt><trkpt lat="-27.019056666666664" lon="-48.60487166666667"><ele>3.7</ele></trkpt><trkpt lat="-27.019056666666664" lon="-48.60486833333333"><ele>3.9</ele></trkpt><trkpt lat="-27.019056666666664" lon="-48.60486666666667"><ele>4</ele></trkpt><trkpt lat="-27.019055" lon="-48.60486833333333"><ele>4.2</ele></trkpt><trkpt lat="-27.019055" lon="-48.60486833333333"><ele>4.2</ele></trkpt><trkpt lat="-27.019056666666664" lon="-48.60486666666667"><ele>4.300000000000001</ele></trkpt><trkpt lat="-27.019058333333337" lon="-48.60485833333334"><ele>4.300000000000001</ele></trkpt><trkpt lat="-27.01906166666667" lon="-48.60484833333333"><ele>4.5</ele></trkpt><trkpt lat="-27.019068333333333" lon="-48.60482666666667"><ele>4.800000000000001</ele></trkpt><trkpt lat="-27.019066666666664" lon="-48.60480333333333"><ele>5.1</ele></trkpt><trkpt lat="-27.019066666666664" lon="-48.60477833333333"><ele>5.300000000000001</ele></trkpt><trkpt lat="-27.019065" lon="-48.604751666666665"><ele>5.5</ele></trkpt><trkpt lat="-27.019068333333333" lon="-48.60472166666667"><ele>5.4</ele></trkpt><trkpt lat="-27.019068333333333" lon="-48.60469666666666"><ele>5.4</ele></trkpt><trkpt lat="-27.019070000000003" lon="-48.604670000000006"><ele>5.300000000000001</ele></trkpt><trkpt lat="-27.019083333333334" lon="-48.604638333333334"><ele>5.2</ele></trkpt><trkpt lat="-27.019095" lon="-48.60461166666667"><ele>5.300000000000001</ele></trkpt><trkpt lat="-27.0191" lon="-48.604581666666675"><ele>5.4</ele></trkpt><trkpt lat="-27.019103333333337" lon="-48.60455333333333"><ele>6.1</ele></trkpt><trkpt lat="-27.019103333333337" lon="-48.604535000000006"><ele>5.300000000000001</ele></trkpt><trkpt lat="-27.01910833333333" lon="-48.60450833333333"><ele>4.5</ele></trkpt><trkpt lat="-27.01910833333333" lon="-48.604479999999995"><ele>4</ele></trkpt><trkpt lat="-27.01910833333333" lon="-48.604456666666664"><ele>4</ele></trkpt><trkpt lat="-27.019103333333337" lon="-48.604434999999995"><ele>3.9</ele></trkpt><trkpt lat="-27.01910833333333" lon="-48.60441333333333"><ele>4.800000000000001</ele></trkpt><trkpt lat="-27.019113333333333" lon="-48.60439666666666"><ele>6.5</ele></trkpt><trkpt lat="-27.019115000000003" lon="-48.604385"><ele>7.300000000000001</ele></trkpt><trkpt lat="-27.019115000000003" lon="-48.604385"><ele>7.300000000000001</ele></trkpt><trkpt lat="-27.019113333333333" lon="-48.604385"><ele>7.699999999999999</ele></trkpt><trkpt lat="-27.019113333333333" lon="-48.604389999999995"><ele>7.300000000000001</ele></trkpt><trkpt lat="-27.019116666666665" lon="-48.604389999999995"><ele>7.1</ele></trkpt><trkpt lat="-27.01910833333333" lon="-48.604391666666665"><ele>6.199999999999999</ele></trkpt><trkpt lat="-27.01910666666667" lon="-48.604388333333326"><ele>5.9</ele></trkpt><trkpt lat="-27.01910666666667" lon="-48.604388333333326"><ele>5.9</ele></trkpt><trkpt lat="-27.01910833333333" lon="-48.60437833333334"><ele>5.6</ele></trkpt><trkpt lat="-27.01910833333333" lon="-48.60437166666667"><ele>5.6</ele></trkpt><trkpt lat="-27.019113333333333" lon="-48.604356666666675"><ele>5.4</ele></trkpt><trkpt lat="-27.01911" lon="-48.604343333333325"><ele>5</ele></trkpt><trkpt lat="-27.01910833333333" lon="-48.60432666666667"><ele>4.7</ele></trkpt><trkpt lat="-27.01911" lon="-48.60430833333333"><ele>4.300000000000001</ele></trkpt><trkpt lat="-27.01910833333333" lon="-48.60429333333333"><ele>3.7</ele></trkpt><trkpt lat="-27.019115000000003" lon="-48.604266666666675"><ele>3.6</ele></trkpt><trkpt lat="-27.019116666666665" lon="-48.60423666666667"><ele>3.4000000000000004</ele></trkpt><trkpt lat="-27.019119999999997" lon="-48.604209999999995"><ele>3.4000000000000004</ele></trkpt><trkpt lat="-27.01912333333333" lon="-48.60417833333333"><ele>3</ele></trkpt><trkpt lat="-27.019131666666667" lon="-48.60414333333333"><ele>2.3</ele></trkpt><trkpt lat="-27.01914" lon="-48.60411333333333"><ele>2</ele></trkpt><trkpt lat="-27.019145" lon="-48.60408333333333"><ele>1.4000000000000001</ele></trkpt><trkpt lat="-27.019146666666664" lon="-48.60405166666666"><ele>1.2000000000000002</ele></trkpt><trkpt lat="-27.019148333333337" lon="-48.60402166666666"><ele>0.9000000000000001</ele></trkpt><trkpt lat="-27.019148333333337" lon="-48.603983333333325"><ele>0.9000000000000001</ele></trkpt><trkpt lat="-27.01915" lon="-48.603955"><ele>0.9000000000000001</ele></trkpt><trkpt lat="-27.019148333333337" lon="-48.603935"><ele>1.6</ele></trkpt><trkpt lat="-27.019145" lon="-48.60392166666667"><ele>2</ele></trkpt><trkpt lat="-27.019143333333332" lon="-48.60391833333333"><ele>2.4000000000000004</ele></trkpt><trkpt lat="-27.019143333333332" lon="-48.60391833333333"><ele>2.4000000000000004</ele></trkpt><trkpt lat="-27.019143333333332" lon="-48.60392"><ele>2.9000000000000004</ele></trkpt><trkpt lat="-27.019143333333332" lon="-48.60391833333333"><ele>3.2</ele></trkpt><trkpt lat="-27.01914" lon="-48.60391833333333"><ele>3.3</ele></trkpt><trkpt lat="-27.01914" lon="-48.60392"><ele>3.6</ele></trkpt><trkpt lat="-27.019141666666663" lon="-48.60391833333333"><ele>4</ele></trkpt><trkpt lat="-27.019141666666663" lon="-48.60391833333333"><ele>4</ele></trkpt><trkpt lat="-27.019145" lon="-48.60390833333333"><ele>4.2</ele></trkpt><trkpt lat="-27.01915166666667" lon="-48.603896666666664"><ele>4.1</ele></trkpt><trkpt lat="-27.019156666666664" lon="-48.60388"><ele>4.4</ele></trkpt><trkpt lat="-27.01916833333333" lon="-48.60385333333333"><ele>4</ele></trkpt><trkpt lat="-27.019178333333336" lon="-48.60382333333334"><ele>3.9</ele></trkpt><trkpt lat="-27.01918333333333" lon="-48.60379"><ele>3.7</ele></trkpt><trkpt lat="-27.019190000000002" lon="-48.603758333333325"><ele>3.4000000000000004</ele></trkpt><trkpt lat="-27.019188333333332" lon="-48.60372333333333"><ele>5</ele></trkpt><trkpt lat="-27.019203333333333" lon="-48.60367666666666"><ele>6.1</ele></trkpt><trkpt lat="-27.019209999999998" lon="-48.603636666666674"><ele>6.699999999999999</ele></trkpt><trkpt lat="-27.019211666666667" lon="-48.603595"><ele>6.9</ele></trkpt><trkpt lat="-27.019215" lon="-48.60354833333334"><ele>6.9</ele></trkpt><trkpt lat="-27.019225" lon="-48.60350166666667"><ele>7</ele></trkpt><trkpt lat="-27.019233333333332" lon="-48.60345333333333"><ele>7.4</ele></trkpt><trkpt lat="-27.019235000000002" lon="-48.60341833333334"><ele>7.1</ele></trkpt><trkpt lat="-27.01924" lon="-48.60337833333333"><ele>6.9</ele></trkpt><trkpt lat="-27.01924" lon="-48.60335666666666"><ele>6.5</ele></trkpt><trkpt lat="-27.019233333333332" lon="-48.60333000000001"><ele>6.1</ele></trkpt><trkpt lat="-27.019243333333332" lon="-48.60328666666666"><ele>5</ele></trkpt><trkpt lat="-27.019248333333334" lon="-48.60324833333334"><ele>3.8000000000000003</ele></trkpt><trkpt lat="-27.019253333333335" lon="-48.603210000000004"><ele>4.2</ele></trkpt><trkpt lat="-27.01925833333333" lon="-48.60316833333333"><ele>4.800000000000001</ele></trkpt><trkpt lat="-27.019263333333335" lon="-48.60313333333333"><ele>4.7</ele></trkpt><trkpt lat="-27.019266666666667" lon="-48.60309833333334"><ele>3.5</ele></trkpt><trkpt lat="-27.019263333333335" lon="-48.60306333333333"><ele>1.6</ele></trkpt><trkpt lat="-27.01926166666666" lon="-48.603030000000004"><ele>1.5</ele></trkpt><trkpt lat="-27.019265000000004" lon="-48.60300166666666"><ele>1.5</ele></trkpt><trkpt lat="-27.019268333333336" lon="-48.60297166666666"><ele>2.9000000000000004</ele></trkpt><trkpt lat="-27.019278333333332" lon="-48.60294833333334"><ele>5.1</ele></trkpt><trkpt lat="-27.019280000000002" lon="-48.60293166666667"><ele>6.6</ele></trkpt><trkpt lat="-27.019280000000002" lon="-48.60293166666667"><ele>6.6</ele></trkpt><trkpt lat="-27.019280000000002" lon="-48.60292333333334"><ele>7.9</ele></trkpt><trkpt lat="-27.019278333333332" lon="-48.60291666666667"><ele>8.2</ele></trkpt><trkpt lat="-27.019278333333332" lon="-48.60292"><ele>8.3</ele></trkpt><trkpt lat="-27.01927333333333" lon="-48.60292166666667"><ele>8.3</ele></trkpt><trkpt lat="-27.019268333333336" lon="-48.60292"><ele>8.3</ele></trkpt><trkpt lat="-27.019263333333335" lon="-48.60292"><ele>8</ele></trkpt><trkpt lat="-27.01926" lon="-48.60291833333334"><ele>8</ele></trkpt><trkpt lat="-27.01926" lon="-48.60291833333334"><ele>8</ele></trkpt><trkpt lat="-27.019254999999998" lon="-48.60291666666667"><ele>8.4</ele></trkpt><trkpt lat="-27.019251666666666" lon="-48.602915"><ele>8.2</ele></trkpt><trkpt lat="-27.019248333333334" lon="-48.60291"><ele>8</ele></trkpt><trkpt lat="-27.019243333333332" lon="-48.60290333333334"><ele>7.800000000000001</ele></trkpt><trkpt lat="-27.019243333333332" lon="-48.60290333333334"><ele>7.800000000000001</ele></trkpt><trkpt lat="-27.019243333333332" lon="-48.60290333333334"><ele>7.800000000000001</ele></trkpt><trkpt lat="-27.019243333333332" lon="-48.60290333333334"><ele>7.800000000000001</ele></trkpt><trkpt lat="-27.019243333333332" lon="-48.60290333333334"><ele>7.800000000000001</ele></trkpt><trkpt lat="-27.019243333333332" lon="-48.60290333333334"><ele>7.800000000000001</ele></trkpt><trkpt lat="-27.019243333333332" lon="-48.60290333333334"><ele>7.800000000000001</ele></trkpt><trkpt lat="-27.019243333333332" lon="-48.602875"><ele>8.8</ele></trkpt><trkpt lat="-27.01924166666667" lon="-48.602868333333326"><ele>8.1</ele></trkpt><trkpt lat="-27.01924166666667" lon="-48.60285166666666"><ele>8</ele></trkpt><trkpt lat="-27.019245" lon="-48.602833333333336"><ele>7.800000000000001</ele></trkpt><trkpt lat="-27.019254999999998" lon="-48.60281166666667"><ele>7.699999999999999</ele></trkpt><trkpt lat="-27.019263333333335" lon="-48.60278166666667"><ele>7.5</ele></trkpt><trkpt lat="-27.01927166666667" lon="-48.60276166666666"><ele>7.1</ele></trkpt><trkpt lat="-27.019275" lon="-48.60273166666666"><ele>6.199999999999999</ele></trkpt><trkpt lat="-27.019275" lon="-48.602685"><ele>6.699999999999999</ele></trkpt><trkpt lat="-27.019281666666664" lon="-48.60264833333334"><ele>7.199999999999999</ele></trkpt><trkpt lat="-27.019293333333334" lon="-48.602619999999995"><ele>6.800000000000001</ele></trkpt><trkpt lat="-27.01930333333333" lon="-48.60258833333334"><ele>6.199999999999999</ele></trkpt><trkpt lat="-27.019310000000004" lon="-48.60255833333334"><ele>6.9</ele></trkpt><trkpt lat="-27.019311666666667" lon="-48.602529999999994"><ele>6.699999999999999</ele></trkpt><trkpt lat="-27.019308333333335" lon="-48.60250333333333"><ele>6.300000000000001</ele></trkpt><trkpt lat="-27.019310000000004" lon="-48.60247"><ele>7.4</ele></trkpt><trkpt lat="-27.019311666666667" lon="-48.60245333333334"><ele>7.699999999999999</ele></trkpt><trkpt lat="-27.019315" lon="-48.60243833333334"><ele>7.5</ele></trkpt><trkpt lat="-27.01932" lon="-48.60243333333333"><ele>7.6</ele></trkpt><trkpt lat="-27.01932" lon="-48.602430000000005"><ele>7.6</ele></trkpt><trkpt lat="-27.01931833333333" lon="-48.602430000000005"><ele>7.5</ele></trkpt><trkpt lat="-27.01931833333333" lon="-48.602430000000005"><ele>7.5</ele></trkpt><trkpt lat="-27.019313333333336" lon="-48.602430000000005"><ele>7.4</ele></trkpt><trkpt lat="-27.019310000000004" lon="-48.602431666666675"><ele>7.300000000000001</ele></trkpt><trkpt lat="-27.019311666666667" lon="-48.602430000000005"><ele>7.5</ele></trkpt><trkpt lat="-27.019310000000004" lon="-48.602426666666666"><ele>7.300000000000001</ele></trkpt><trkpt lat="-27.019308333333335" lon="-48.60242"><ele>7.6</ele></trkpt><trkpt lat="-27.019311666666667" lon="-48.602405"><ele>7.699999999999999</ele></trkpt><trkpt lat="-27.01931833333333" lon="-48.602386666666675"><ele>8.3</ele></trkpt><trkpt lat="-27.01931833333333" lon="-48.602386666666675"><ele>8.3</ele></trkpt><trkpt lat="-27.019325000000002" lon="-48.60237166666668"><ele>9.2</ele></trkpt><trkpt lat="-27.019325000000002" lon="-48.60234833333334"><ele>9.3</ele></trkpt><trkpt lat="-27.01933" lon="-48.60232333333333"><ele>9.799999999999999</ele></trkpt><trkpt lat="-27.019333333333332" lon="-48.60230166666667"><ele>10.2</ele></trkpt><trkpt lat="-27.019335" lon="-48.602283333333325"><ele>10.4</ele></trkpt><trkpt lat="-27.019336666666664" lon="-48.60227833333333"><ele>10.299999999999999</ele></trkpt><trkpt lat="-27.019335" lon="-48.602273333333336"><ele>9.799999999999999</ele></trkpt><trkpt lat="-27.019335" lon="-48.602273333333336"><ele>9.799999999999999</ele></trkpt><trkpt lat="-27.019335" lon="-48.60226666666667"><ele>9.5</ele></trkpt><trkpt lat="-27.019333333333332" lon="-48.602265"><ele>9.3</ele></trkpt><trkpt lat="-27.019335" lon="-48.60226333333333"><ele>9.1</ele></trkpt><trkpt lat="-27.01933166666667" lon="-48.60225666666667"><ele>9.1</ele></trkpt><trkpt lat="-27.01933" lon="-48.60225333333333"><ele>8.9</ele></trkpt><trkpt lat="-27.019326666666664" lon="-48.602250000000005"><ele>8.8</ele></trkpt><trkpt lat="-27.019321666666663" lon="-48.602251666666675"><ele>8.7</ele></trkpt><trkpt lat="-27.019323333333332" lon="-48.602251666666675"><ele>8.6</ele></trkpt><trkpt lat="-27.019321666666663" lon="-48.602251666666675"><ele>8.6</ele></trkpt><trkpt lat="-27.019321666666663" lon="-48.602251666666675"><ele>8.6</ele></trkpt><trkpt lat="-27.01932" lon="-48.602250000000005"><ele>8.4</ele></trkpt><trkpt lat="-27.01932" lon="-48.602250000000005"><ele>8.4</ele></trkpt><trkpt lat="-27.01932" lon="-48.602250000000005"><ele>8.4</ele></trkpt><trkpt lat="-27.01933" lon="-48.60222666666667"><ele>8.3</ele></trkpt><trkpt lat="-27.01933166666667" lon="-48.602201666666666"><ele>8.4</ele></trkpt><trkpt lat="-27.019333333333332" lon="-48.602169999999994"><ele>9.1</ele></trkpt><trkpt lat="-27.019336666666664" lon="-48.60213999999999"><ele>8</ele></trkpt><trkpt lat="-27.019341666666666" lon="-48.60210666666667"><ele>7.5</ele></trkpt><trkpt lat="-27.019343333333335" lon="-48.60207666666667"><ele>7.1</ele></trkpt><trkpt lat="-27.019344999999998" lon="-48.60205333333333"><ele>6.6</ele></trkpt><trkpt lat="-27.019343333333335" lon="-48.602019999999996"><ele>6.1</ele></trkpt><trkpt lat="-27.019340000000003" lon="-48.60198666666667"><ele>5.1</ele></trkpt><trkpt lat="-27.019340000000003" lon="-48.60197166666667"><ele>3.9</ele></trkpt><trkpt lat="-27.019335" lon="-48.601958333333336"><ele>3.5</ele></trkpt><trkpt lat="-27.019335" lon="-48.601958333333336"><ele>3.5</ele></trkpt><trkpt lat="-27.019336666666664" lon="-48.60194833333333"><ele>3.5</ele></trkpt><trkpt lat="-27.01933166666667" lon="-48.60194333333334"><ele>3.6</ele></trkpt><trkpt lat="-27.019333333333332" lon="-48.60194"><ele>3.7</ele></trkpt><trkpt lat="-27.019333333333332" lon="-48.60194166666667"><ele>3.4000000000000004</ele></trkpt><trkpt lat="-27.01933166666667" lon="-48.60194333333334"><ele>3</ele></trkpt><trkpt lat="-27.019335" lon="-48.60194666666666"><ele>3.1</ele></trkpt><trkpt lat="-27.019335" lon="-48.60194666666666"><ele>3.1</ele></trkpt><trkpt lat="-27.019335" lon="-48.60194666666666"><ele>3.6</ele></trkpt><trkpt lat="-27.019340000000003" lon="-48.60195"><ele>4.1</ele></trkpt><trkpt lat="-27.01934833333333" lon="-48.60195166666667"><ele>4</ele></trkpt><trkpt lat="-27.019358333333336" lon="-48.60195166666667"><ele>4</ele></trkpt><trkpt lat="-27.019358333333336" lon="-48.60195166666667"><ele>4</ele></trkpt><trkpt lat="-27.019358333333336" lon="-48.60195166666667"><ele>4</ele></trkpt><trkpt lat="-27.019358333333336" lon="-48.60195166666667"><ele>4</ele></trkpt><trkpt lat="-27.019358333333336" lon="-48.60195166666667"><ele>4</ele></trkpt><trkpt lat="-27.019358333333336" lon="-48.60195166666667"><ele>4</ele></trkpt><trkpt lat="-27.019358333333336" lon="-48.60195166666667"><ele>4</ele></trkpt><trkpt lat="-27.019358333333336" lon="-48.60195166666667"><ele>4</ele></trkpt><trkpt lat="-27.019358333333336" lon="-48.60195166666667"><ele>4</ele></trkpt><trkpt lat="-27.019358333333336" lon="-48.60195166666667"><ele>4</ele></trkpt><trkpt lat="-27.019358333333336" lon="-48.60195166666667"><ele>4</ele></trkpt><trkpt lat="-27.019358333333336" lon="-48.60195166666667"><ele>4</ele></trkpt><trkpt lat="-27.019358333333336" lon="-48.60195166666667"><ele>4</ele></trkpt><trkpt lat="-27.019358333333336" lon="-48.60195166666667"><ele>4</ele></trkpt><trkpt lat="-27.019358333333336" lon="-48.60195166666667"><ele>4</ele></trkpt><trkpt lat="-27.019358333333336" lon="-48.60195166666667"><ele>4</ele></trkpt><trkpt lat="-27.019358333333336" lon="-48.60195166666667"><ele>4</ele></trkpt><trkpt lat="-27.019358333333336" lon="-48.60195166666667"><ele>4</ele></trkpt><trkpt lat="-27.019358333333336" lon="-48.60195166666667"><ele>4</ele></trkpt><trkpt lat="-27.019358333333336" lon="-48.60195166666667"><ele>4</ele></trkpt><trkpt lat="-27.019358333333336" lon="-48.60195166666667"><ele>4</ele></trkpt><trkpt lat="-27.019358333333336" lon="-48.60195166666667"><ele>4</ele></trkpt><trkpt lat="-27.019358333333336" lon="-48.60195166666667"><ele>4</ele></trkpt><trkpt lat="-27.019358333333336" lon="-48.60195166666667"><ele>4</ele></trkpt><trkpt lat="-27.019358333333336" lon="-48.60195166666667"><ele>4</ele></trkpt><trkpt lat="-27.019358333333336" lon="-48.60195166666667"><ele>4</ele></trkpt><trkpt lat="-27.019358333333336" lon="-48.60195166666667"><ele>4</ele></trkpt><trkpt lat="-27.019358333333336" lon="-48.60195166666667"><ele>4</ele></trkpt><trkpt lat="-27.019358333333336" lon="-48.60195166666667"><ele>4</ele></trkpt><trkpt lat="-27.019358333333336" lon="-48.60195166666667"><ele>4</ele></trkpt><trkpt lat="-27.019358333333336" lon="-48.60195166666667"><ele>4</ele></trkpt><trkpt lat="-27.019358333333336" lon="-48.60195166666667"><ele>4</ele></trkpt><trkpt lat="-27.019358333333336" lon="-48.60195166666667"><ele>4</ele></trkpt><trkpt lat="-27.019358333333336" lon="-48.60195166666667"><ele>4</ele></trkpt><trkpt lat="-27.019358333333336" lon="-48.60195166666667"><ele>4</ele></trkpt><trkpt lat="-27.019358333333336" lon="-48.60195166666667"><ele>4</ele></trkpt><trkpt lat="-27.019358333333336" lon="-48.60195166666667"><ele>4</ele></trkpt><trkpt lat="-27.019358333333336" lon="-48.60195166666667"><ele>4</ele></trkpt><trkpt lat="-27.019358333333336" lon="-48.60195166666667"><ele>4</ele></trkpt><trkpt lat="-27.019358333333336" lon="-48.60195166666667"><ele>4</ele></trkpt><trkpt lat="-27.019358333333336" lon="-48.60195166666667"><ele>4</ele></trkpt><trkpt lat="-27.01939333333333" lon="-48.601955"><ele>11.6</ele></trkpt><trkpt lat="-27.019395" lon="-48.601968333333325"><ele>11.5</ele></trkpt><trkpt lat="-27.019389999999998" lon="-48.60198333333333"><ele>11.6</ele></trkpt><trkpt lat="-27.019378333333332" lon="-48.60200666666666"><ele>11.9</ele></trkpt><trkpt lat="-27.019368333333333" lon="-48.60203833333333"><ele>11.799999999999999</ele></trkpt><trkpt lat="-27.01935166666666" lon="-48.602064999999996"><ele>11.4</ele></trkpt><trkpt lat="-27.019344999999998" lon="-48.60209"><ele>11.1</ele></trkpt><trkpt lat="-27.019341666666666" lon="-48.60212333333334"><ele>10.799999999999999</ele></trkpt><trkpt lat="-27.019343333333335" lon="-48.602161666666674"><ele>10.5</ele></trkpt><trkpt lat="-27.019343333333335" lon="-48.602195"><ele>10.6</ele></trkpt><trkpt lat="-27.019340000000003" lon="-48.60223166666666"><ele>10.6</ele></trkpt><trkpt lat="-27.019335" lon="-48.602273333333336"><ele>10.2</ele></trkpt><trkpt lat="-27.019338333333334" lon="-48.602306666666664"><ele>9.799999999999999</ele></trkpt><trkpt lat="-27.019333333333332" lon="-48.602351666666664"><ele>8.1</ele></trkpt><trkpt lat="-27.01933166666667" lon="-48.602394999999994"><ele>7.4</ele></trkpt><trkpt lat="-27.019328333333338" lon="-48.602439999999994"><ele>6.4</ele></trkpt><trkpt lat="-27.019328333333338" lon="-48.602486666666664"><ele>7.199999999999999</ele></trkpt><trkpt lat="-27.019321666666663" lon="-48.602525"><ele>7.9</ele></trkpt><trkpt lat="-27.01931666666667" lon="-48.602566666666675"><ele>8.3</ele></trkpt><trkpt lat="-27.019310000000004" lon="-48.602610000000006"><ele>8.7</ele></trkpt><trkpt lat="-27.019305" lon="-48.602653333333336"><ele>8.7</ele></trkpt><trkpt lat="-27.019298333333335" lon="-48.60269166666667"><ele>8.1</ele></trkpt><trkpt lat="-27.01930333333333" lon="-48.60272333333334"><ele>8.1</ele></trkpt><trkpt lat="-27.01930333333333" lon="-48.602758333333334"><ele>8</ele></trkpt><trkpt lat="-27.019301666666667" lon="-48.602799999999995"><ele>8.1</ele></trkpt><trkpt lat="-27.019299999999998" lon="-48.60284"><ele>8.2</ele></trkpt><trkpt lat="-27.019293333333334" lon="-48.60288333333333"><ele>8</ele></trkpt><trkpt lat="-27.019288333333332" lon="-48.60293166666667"><ele>7.800000000000001</ele></trkpt><trkpt lat="-27.019278333333332" lon="-48.602979999999995"><ele>7.699999999999999</ele></trkpt><trkpt lat="-27.019275" lon="-48.60302166666667"><ele>7.6</ele></trkpt><trkpt lat="-27.01927166666667" lon="-48.60305"><ele>6.800000000000001</ele></trkpt><trkpt lat="-27.019275" lon="-48.60308666666666"><ele>6.6</ele></trkpt><trkpt lat="-27.01927" lon="-48.60312999999999"><ele>6.199999999999999</ele></trkpt><trkpt lat="-27.019268333333336" lon="-48.60316833333333"><ele>5.6</ele></trkpt><trkpt lat="-27.019265000000004" lon="-48.60320166666667"><ele>5.300000000000001</ele></trkpt><trkpt lat="-27.019256666666667" lon="-48.60324000000001"><ele>4.7</ele></trkpt><trkpt lat="-27.019246666666664" lon="-48.60328833333333"><ele>5.6</ele></trkpt><trkpt lat="-27.019246666666664" lon="-48.603335"><ele>5.5</ele></trkpt><trkpt lat="-27.019236666666664" lon="-48.60339833333334"><ele>5.2</ele></trkpt><trkpt lat="-27.019233333333332" lon="-48.60345166666666"><ele>5.1</ele></trkpt><trkpt lat="-27.01923" lon="-48.60350166666667"><ele>4.7</ele></trkpt><trkpt lat="-27.019215" lon="-48.60355666666666"><ele>4.1</ele></trkpt><trkpt lat="-27.019198333333332" lon="-48.603615000000005"><ele>4.1</ele></trkpt><trkpt lat="-27.019190000000002" lon="-48.60365333333333"><ele>3.9</ele></trkpt><trkpt lat="-27.019188333333332" lon="-48.60371"><ele>3.4000000000000004</ele></trkpt><trkpt lat="-27.019173333333335" lon="-48.60377666666667"><ele>4.2</ele></trkpt><trkpt lat="-27.019161666666665" lon="-48.60382833333333"><ele>4.7</ele></trkpt><trkpt lat="-27.019153333333332" lon="-48.60387000000001"><ele>5.300000000000001</ele></trkpt><trkpt lat="-27.019146666666664" lon="-48.60391166666667"><ele>5.699999999999999</ele></trkpt><trkpt lat="-27.019141666666663" lon="-48.60395333333333"><ele>6.1</ele></trkpt><trkpt lat="-27.019133333333336" lon="-48.60399"><ele>5.800000000000001</ele></trkpt><trkpt lat="-27.01912333333333" lon="-48.60402666666667"><ele>5.2</ele></trkpt><trkpt lat="-27.019119999999997" lon="-48.604041666666674"><ele>5.300000000000001</ele></trkpt><trkpt lat="-27.019121666666667" lon="-48.60408"><ele>5.2</ele></trkpt><trkpt lat="-27.019121666666667" lon="-48.60412833333333"><ele>4.800000000000001</ele></trkpt><trkpt lat="-27.01913833333333" lon="-48.60414666666667"><ele>4.6</ele></trkpt><trkpt lat="-27.01914" lon="-48.604176666666675"><ele>4</ele></trkpt><trkpt lat="-27.019145" lon="-48.60419"><ele>4.2</ele></trkpt><trkpt lat="-27.01914" lon="-48.60422333333333"><ele>4.4</ele></trkpt><trkpt lat="-27.019121666666667" lon="-48.60427333333334"><ele>3.2</ele></trkpt><trkpt lat="-27.019118333333335" lon="-48.60431833333334"><ele>3.2</ele></trkpt><trkpt lat="-27.019111666666664" lon="-48.60438666666667"><ele>0.5</ele></trkpt><trkpt lat="-27.0191" lon="-48.604446666666675"><ele>0.10000000000000009</ele></trkpt><trkpt lat="-27.019086666666666" lon="-48.60451166666667"><ele>-0.3999999999999999</ele></trkpt><trkpt lat="-27.01908166666666" lon="-48.60457833333333"><ele>-1.1</ele></trkpt><trkpt lat="-27.019065" lon="-48.60464333333333"><ele>-1.5</ele></trkpt><trkpt lat="-27.019071666666665" lon="-48.604716666666675"><ele>-1.2999999999999998</ele></trkpt><trkpt lat="-27.019071666666665" lon="-48.604716666666675"><ele>-1.2999999999999998</ele></trkpt><trkpt lat="-27.019071666666665" lon="-48.604771666666664"><ele>-1.6999999999999997</ele></trkpt><trkpt lat="-27.019071666666665" lon="-48.60483333333333"><ele>-0.09999999999999987</ele></trkpt><trkpt lat="-27.019065" lon="-48.604888333333335"><ele>-0.6000000000000001</ele></trkpt><trkpt lat="-27.01906" lon="-48.60494333333333"><ele>-1</ele></trkpt><trkpt lat="-27.019056666666664" lon="-48.604996666666665"><ele>-0.6000000000000001</ele></trkpt><trkpt lat="-27.019055" lon="-48.60504833333333"><ele>-0.5</ele></trkpt><trkpt lat="-27.019053333333332" lon="-48.605086666666665"><ele>-0.19999999999999996</ele></trkpt><trkpt lat="-27.019053333333332" lon="-48.60511666666666"><ele>-0.19999999999999996</ele></trkpt><trkpt lat="-27.019070000000003" lon="-48.60515"><ele>1.4000000000000001</ele></trkpt><trkpt lat="-27.019071666666665" lon="-48.60518999999999"><ele>3</ele></trkpt><trkpt lat="-27.01906166666667" lon="-48.605226666666674"><ele>3.6</ele></trkpt><trkpt lat="-27.01906" lon="-48.605248333333336"><ele>4</ele></trkpt><trkpt lat="-27.019056666666664" lon="-48.605266666666665"><ele>4</ele></trkpt><trkpt lat="-27.019055" lon="-48.60527333333333"><ele>4.300000000000001</ele></trkpt><trkpt lat="-27.01904833333333" lon="-48.60527999999999"><ele>4.5</ele></trkpt><trkpt lat="-27.019045" lon="-48.60528666666667"><ele>4.5</ele></trkpt><trkpt lat="-27.019040000000004" lon="-48.60529499999999"><ele>4.300000000000001</ele></trkpt><trkpt lat="-27.01903666666666" lon="-48.60529833333333"><ele>4.4</ele></trkpt><trkpt lat="-27.01903333333333" lon="-48.60530333333333"><ele>4.300000000000001</ele></trkpt><trkpt lat="-27.019028333333335" lon="-48.605315000000004"><ele>4</ele></trkpt><trkpt lat="-27.01901833333333" lon="-48.60532499999999"><ele>3.9</ele></trkpt><trkpt lat="-27.01901833333333" lon="-48.60532499999999"><ele>3.9</ele></trkpt><trkpt lat="-27.019011666666664" lon="-48.60533166666667"><ele>3.6</ele></trkpt><trkpt lat="-27.01901666666667" lon="-48.60533999999999"><ele>3.5</ele></trkpt><trkpt lat="-27.01901666666667" lon="-48.60535166666667"><ele>3.4000000000000004</ele></trkpt><trkpt lat="-27.019013333333337" lon="-48.60536666666667"><ele>3</ele></trkpt><trkpt lat="-27.019011666666664" lon="-48.60539166666668"><ele>2.7</ele></trkpt><trkpt lat="-27.019013333333337" lon="-48.60542166666667"><ele>2.5</ele></trkpt><trkpt lat="-27.019005" lon="-48.605455"><ele>2.6</ele></trkpt><trkpt lat="-27.018995000000004" lon="-48.605489999999996"><ele>3.3</ele></trkpt><trkpt lat="-27.018986666666667" lon="-48.60553166666667"><ele>3.8000000000000003</ele></trkpt><trkpt lat="-27.018980000000003" lon="-48.605575"><ele>3.9</ele></trkpt><trkpt lat="-27.018978333333333" lon="-48.60561833333333"><ele>4.2</ele></trkpt><trkpt lat="-27.01897166666667" lon="-48.605665"><ele>4.1</ele></trkpt><trkpt lat="-27.018968333333337" lon="-48.60570833333333"><ele>3.7</ele></trkpt><trkpt lat="-27.01896166666667" lon="-48.60575000000001"><ele>3.7</ele></trkpt><trkpt lat="-27.01896" lon="-48.60578833333334"><ele>3.7</ele></trkpt><trkpt lat="-27.018956666666668" lon="-48.605821666666664"><ele>5</ele></trkpt><trkpt lat="-27.018953333333336" lon="-48.60584333333333"><ele>5.6</ele></trkpt><trkpt lat="-27.018945" lon="-48.60586833333333"><ele>5.699999999999999</ele></trkpt><trkpt lat="-27.018941666666667" lon="-48.60587666666667"><ele>5.9</ele></trkpt><trkpt lat="-27.018933333333333" lon="-48.60588333333333"><ele>6.5</ele></trkpt><trkpt lat="-27.01893166666667" lon="-48.60588333333333"><ele>7.199999999999999</ele></trkpt><trkpt lat="-27.01893166666667" lon="-48.60587999999999"><ele>7.800000000000001</ele></trkpt><trkpt lat="-27.018935000000003" lon="-48.60588833333333"><ele>9.1</ele></trkpt><trkpt lat="-27.018935000000003" lon="-48.60588833333333"><ele>9.1</ele></trkpt><trkpt lat="-27.018935000000003" lon="-48.60589333333334"><ele>10</ele></trkpt><trkpt lat="-27.018935000000003" lon="-48.605895"><ele>10.799999999999999</ele></trkpt><trkpt lat="-27.018935000000003" lon="-48.605898333333336"><ele>10.7</ele></trkpt><trkpt lat="-27.018936666666665" lon="-48.60590166666666"><ele>10.7</ele></trkpt><trkpt lat="-27.018936666666665" lon="-48.60590166666666"><ele>10.7</ele></trkpt><trkpt lat="-27.018935000000003" lon="-48.605896666666666"><ele>10.9</ele></trkpt><trkpt lat="-27.018935000000003" lon="-48.605898333333336"><ele>11.2</ele></trkpt><trkpt lat="-27.018945" lon="-48.605905"><ele>12</ele></trkpt><trkpt lat="-27.01894666666667" lon="-48.60590666666667"><ele>12.299999999999999</ele></trkpt><trkpt lat="-27.01894333333333" lon="-48.60591333333333"><ele>12.6</ele></trkpt><trkpt lat="-27.01894666666667" lon="-48.60592499999999"><ele>12.2</ele></trkpt><trkpt lat="-27.018950000000004" lon="-48.60593833333334"><ele>11.799999999999999</ele></trkpt><trkpt lat="-27.01894666666667" lon="-48.60597166666666"><ele>10.799999999999999</ele></trkpt><trkpt lat="-27.01894666666667" lon="-48.605999999999995"><ele>9.7</ele></trkpt><trkpt lat="-27.018938333333335" lon="-48.60603666666666"><ele>9.2</ele></trkpt><trkpt lat="-27.018936666666665" lon="-48.60608166666666"><ele>8.2</ele></trkpt><trkpt lat="-27.018935000000003" lon="-48.60611833333334"><ele>8.1</ele></trkpt><trkpt lat="-27.01892833333333" lon="-48.60614666666667"><ele>7.699999999999999</ele></trkpt><trkpt lat="-27.018921666666664" lon="-48.606185"><ele>7.6</ele></trkpt><trkpt lat="-27.018911666666668" lon="-48.60622"><ele>9.3</ele></trkpt><trkpt lat="-27.01890166666667" lon="-48.60624166666666"><ele>9.9</ele></trkpt><trkpt lat="-27.018890000000003" lon="-48.60625166666667"><ele>10.5</ele></trkpt><trkpt lat="-27.018885" lon="-48.60625"><ele>11.2</ele></trkpt><trkpt lat="-27.018888333333333" lon="-48.60625"><ele>11.7</ele></trkpt><trkpt lat="-27.018896666666667" lon="-48.60624333333333"><ele>12</ele></trkpt><trkpt lat="-27.0189" lon="-48.60624833333333"><ele>12.299999999999999</ele></trkpt><trkpt lat="-27.01890166666667" lon="-48.60625"><ele>12.5</ele></trkpt><trkpt lat="-27.01890166666667" lon="-48.60625"><ele>12.6</ele></trkpt><trkpt lat="-27.0189" lon="-48.60625166666667"><ele>12.799999999999999</ele></trkpt><trkpt lat="-27.01889833333333" lon="-48.606255"><ele>12.6</ele></trkpt><trkpt lat="-27.0189" lon="-48.60625333333334"><ele>12.4</ele></trkpt><trkpt lat="-27.018905000000004" lon="-48.60625166666667"><ele>12.2</ele></trkpt><trkpt lat="-27.018911666666668" lon="-48.60625"><ele>12.4</ele></trkpt><trkpt lat="-27.018911666666668" lon="-48.60624833333333"><ele>12.2</ele></trkpt><trkpt lat="-27.018909999999998" lon="-48.60625"><ele>12.299999999999999</ele></trkpt><trkpt lat="-27.018911666666668" lon="-48.60625166666667"><ele>12.4</ele></trkpt><trkpt lat="-27.018911666666668" lon="-48.60625"><ele>11.9</ele></trkpt><trkpt lat="-27.018911666666668" lon="-48.60624500000001"><ele>11.4</ele></trkpt><trkpt lat="-27.01891666666667" lon="-48.60623333333333"><ele>10.9</ele></trkpt><trkpt lat="-27.01892" lon="-48.60622333333334"><ele>10.5</ele></trkpt><trkpt lat="-27.01893" lon="-48.60621166666667"><ele>10.299999999999999</ele></trkpt><trkpt lat="-27.018938333333335" lon="-48.60620000000001"><ele>10</ele></trkpt><trkpt lat="-27.018941666666667" lon="-48.60619499999999"><ele>9.4</ele></trkpt><trkpt lat="-27.01894666666667" lon="-48.60619166666667"><ele>9</ele></trkpt><trkpt lat="-27.018948333333334" lon="-48.60619"><ele>8.5</ele></trkpt><trkpt lat="-27.018948333333334" lon="-48.60619"><ele>8.5</ele></trkpt><trkpt lat="-27.018948333333334" lon="-48.60618833333333"><ele>8.1</ele></trkpt><trkpt lat="-27.018951666666666" lon="-48.60619499999999"><ele>7.6</ele></trkpt><trkpt lat="-27.018955" lon="-48.60619666666666"><ele>7.300000000000001</ele></trkpt><trkpt lat="-27.018953333333336" lon="-48.60619333333334"><ele>7.1</ele></trkpt><trkpt lat="-27.018950000000004" lon="-48.60619"><ele>6.9</ele></trkpt><trkpt lat="-27.018948333333334" lon="-48.60618833333333"><ele>7</ele></trkpt><trkpt lat="-27.018953333333336" lon="-48.60618833333333"><ele>7.199999999999999</ele></trkpt><trkpt lat="-27.018953333333336" lon="-48.60618833333333"><ele>7.199999999999999</ele></trkpt><trkpt lat="-27.018950000000004" lon="-48.60619333333334"><ele>7.300000000000001</ele></trkpt><trkpt lat="-27.01894333333333" lon="-48.60619166666667"><ele>7.699999999999999</ele></trkpt><trkpt lat="-27.018933333333333" lon="-48.60618666666666"><ele>7.6</ele></trkpt><trkpt lat="-27.01892" lon="-48.60618666666666"><ele>7.5</ele></trkpt><trkpt lat="-27.018905000000004" lon="-48.60619499999999"><ele>7.199999999999999</ele></trkpt><trkpt lat="-27.018894999999997" lon="-48.60619833333333"><ele>7.300000000000001</ele></trkpt><trkpt lat="-27.018885" lon="-48.60619833333333"><ele>7.5</ele></trkpt><trkpt lat="-27.01888" lon="-48.60620166666666"><ele>7.300000000000001</ele></trkpt><trkpt lat="-27.01888" lon="-48.60620000000001"><ele>7.5</ele></trkpt><trkpt lat="-27.018878333333337" lon="-48.60620000000001"><ele>7.199999999999999</ele></trkpt><trkpt lat="-27.018876666666664" lon="-48.60619833333333"><ele>7</ele></trkpt><trkpt lat="-27.018875" lon="-48.60619833333333"><ele>7.300000000000001</ele></trkpt><trkpt lat="-27.018878333333337" lon="-48.60620000000001"><ele>7.5</ele></trkpt><trkpt lat="-27.018878333333337" lon="-48.60619666666666"><ele>7.699999999999999</ele></trkpt><trkpt lat="-27.018876666666664" lon="-48.60619666666666"><ele>7.4</ele></trkpt><trkpt lat="-27.018876666666664" lon="-48.60619666666666"><ele>7.4</ele></trkpt><trkpt lat="-27.018876666666664" lon="-48.60619333333334"><ele>7.6</ele></trkpt><trkpt lat="-27.018875" lon="-48.60619166666667"><ele>7.9</ele></trkpt><trkpt lat="-27.018875" lon="-48.60619166666667"><ele>7.9</ele></trkpt><trkpt lat="-27.018875" lon="-48.60619166666667"><ele>7.9</ele></trkpt><trkpt lat="-27.018876666666664" lon="-48.60618833333333"><ele>7.800000000000001</ele></trkpt><trkpt lat="-27.018876666666664" lon="-48.60618666666666"><ele>7.5</ele></trkpt><trkpt lat="-27.018876666666664" lon="-48.606183333333334"><ele>7.300000000000001</ele></trkpt><trkpt lat="-27.018878333333337" lon="-48.606181666666664"><ele>7.1</ele></trkpt><trkpt lat="-27.018878333333337" lon="-48.606181666666664"><ele>7.1</ele></trkpt><trkpt lat="-27.018878333333337" lon="-48.606181666666664"><ele>7.1</ele></trkpt><trkpt lat="-27.018878333333337" lon="-48.606181666666664"><ele>7.1</ele></trkpt><trkpt lat="-27.018878333333337" lon="-48.606181666666664"><ele>7.1</ele></trkpt><trkpt lat="-27.018878333333337" lon="-48.606181666666664"><ele>7.1</ele></trkpt><trkpt lat="-27.018878333333337" lon="-48.606181666666664"><ele>7.1</ele></trkpt><trkpt lat="-27.018878333333337" lon="-48.606181666666664"><ele>7.1</ele></trkpt><trkpt lat="-27.018878333333337" lon="-48.606181666666664"><ele>7.1</ele></trkpt><trkpt lat="-27.018878333333337" lon="-48.606181666666664"><ele>7.1</ele></trkpt><trkpt lat="-27.018878333333337" lon="-48.606181666666664"><ele>7.1</ele></trkpt><trkpt lat="-27.018878333333337" lon="-48.606181666666664"><ele>7.1</ele></trkpt><trkpt lat="-27.018878333333337" lon="-48.606181666666664"><ele>7.1</ele></trkpt><trkpt lat="-27.018878333333337" lon="-48.606181666666664"><ele>7.1</ele></trkpt><trkpt lat="-27.018878333333337" lon="-48.606181666666664"><ele>7.1</ele></trkpt><trkpt lat="-27.01888166666667" lon="-48.606185"><ele>9</ele></trkpt><trkpt lat="-27.01887" lon="-48.606179999999995"><ele>9</ele></trkpt><trkpt lat="-27.018866666666668" lon="-48.60617333333333"><ele>9.2</ele></trkpt><trkpt lat="-27.018863333333336" lon="-48.606170000000006"><ele>9.1</ele></trkpt><trkpt lat="-27.018863333333336" lon="-48.606170000000006"><ele>9.1</ele></trkpt><trkpt lat="-27.018863333333336" lon="-48.606170000000006"><ele>9.1</ele></trkpt><trkpt lat="-27.018863333333336" lon="-48.606170000000006"><ele>9.1</ele></trkpt><trkpt lat="-27.018863333333336" lon="-48.606170000000006"><ele>9.1</ele></trkpt><trkpt lat="-27.018863333333336" lon="-48.606170000000006"><ele>9.1</ele></trkpt><trkpt lat="-27.018861666666666" lon="-48.606168333333336"><ele>9</ele></trkpt><trkpt lat="-27.018860000000004" lon="-48.60617333333333"><ele>9.2</ele></trkpt><trkpt lat="-27.018860000000004" lon="-48.60616666666667"><ele>9.4</ele></trkpt><trkpt lat="-27.01885666666667" lon="-48.606165"><ele>9.4</ele></trkpt><trkpt lat="-27.01885666666667" lon="-48.606165"><ele>9.4</ele></trkpt><trkpt lat="-27.01885666666667" lon="-48.606165"><ele>9.4</ele></trkpt><trkpt lat="-27.01885666666667" lon="-48.606165"><ele>9.4</ele></trkpt><trkpt lat="-27.01885666666667" lon="-48.606165"><ele>9.4</ele></trkpt><trkpt lat="-27.01886833333333" lon="-48.60616166666667"><ele>8.5</ele></trkpt><trkpt lat="-27.018875" lon="-48.60615666666666"><ele>8.3</ele></trkpt><trkpt lat="-27.018876666666664" lon="-48.60616166666667"><ele>8.1</ele></trkpt><trkpt lat="-27.01888333333333" lon="-48.606175"><ele>8.1</ele></trkpt><trkpt lat="-27.018891666666665" lon="-48.60618833333333"><ele>8</ele></trkpt><trkpt lat="-27.0189" lon="-48.60620000000001"><ele>7.800000000000001</ele></trkpt><trkpt lat="-27.01889833333333" lon="-48.606205"><ele>7.699999999999999</ele></trkpt><trkpt lat="-27.018896666666667" lon="-48.60620666666667"><ele>7.6</ele></trkpt><trkpt lat="-27.018896666666667" lon="-48.606205"><ele>7.300000000000001</ele></trkpt><trkpt lat="-27.0189" lon="-48.60622"><ele>6.800000000000001</ele></trkpt><trkpt lat="-27.0189" lon="-48.60623666666667"><ele>6.699999999999999</ele></trkpt><trkpt lat="-27.018896666666667" lon="-48.60625666666667"><ele>6.800000000000001</ele></trkpt><trkpt lat="-27.018893333333335" lon="-48.60627666666666"><ele>6.800000000000001</ele></trkpt><trkpt lat="-27.018890000000003" lon="-48.60630333333334"><ele>6.5</ele></trkpt><trkpt lat="-27.018888333333333" lon="-48.60633333333333"><ele>7.199999999999999</ele></trkpt><trkpt lat="-27.018885" lon="-48.606365000000004"><ele>7.199999999999999</ele></trkpt><trkpt lat="-27.01888166666667" lon="-48.6064"><ele>7.800000000000001</ele></trkpt><trkpt lat="-27.01888" lon="-48.60643666666667"><ele>8.3</ele></trkpt><trkpt lat="-27.018875" lon="-48.60647166666666"><ele>8.7</ele></trkpt><trkpt lat="-27.01886833333333" lon="-48.60650999999999"><ele>9.7</ele></trkpt><trkpt lat="-27.018863333333336" lon="-48.60654833333333"><ele>10.299999999999999</ele></trkpt><trkpt lat="-27.018860000000004" lon="-48.60658333333334"><ele>10.5</ele></trkpt><trkpt lat="-27.018858333333334" lon="-48.606629999999996"><ele>9.799999999999999</ele></trkpt><trkpt lat="-27.018858333333334" lon="-48.60668166666666"><ele>8.6</ele></trkpt><trkpt lat="-27.01885666666667" lon="-48.60671833333334"><ele>7.199999999999999</ele></trkpt><trkpt lat="-27.018851666666666" lon="-48.60675166666667"><ele>6</ele></trkpt><trkpt lat="-27.018846666666665" lon="-48.60677999999999"><ele>4.7</ele></trkpt><trkpt lat="-27.018845000000002" lon="-48.60680333333333"><ele>4.300000000000001</ele></trkpt><trkpt lat="-27.018843333333333" lon="-48.60683833333333"><ele>3.8000000000000003</ele></trkpt><trkpt lat="-27.018835" lon="-48.60689166666666"><ele>2.9000000000000004</ele></trkpt><trkpt lat="-27.01882333333333" lon="-48.606946666666666"><ele>2.3</ele></trkpt><trkpt lat="-27.018818333333336" lon="-48.60698000000001"><ele>2.1</ele></trkpt><trkpt lat="-27.01881166666667" lon="-48.60699833333333"><ele>1.7000000000000002</ele></trkpt><trkpt lat="-27.01880833333333" lon="-48.60702500000001"><ele>1.5</ele></trkpt><trkpt lat="-27.018804999999997" lon="-48.60705666666666"><ele>1.2000000000000002</ele></trkpt><trkpt lat="-27.018800000000002" lon="-48.607085000000005"><ele>0.8</ele></trkpt><trkpt lat="-27.01879333333333" lon="-48.60713166666666"><ele>-1.4</ele></trkpt><trkpt lat="-27.018785" lon="-48.60719000000001"><ele>-3.4</ele></trkpt><trkpt lat="-27.018785" lon="-48.60722666666667"><ele>-3.4</ele></trkpt><trkpt lat="-27.01878166666667" lon="-48.607285000000005"><ele>-5.5</ele></trkpt><trkpt lat="-27.018773333333336" lon="-48.60733833333334"><ele>-6.1</ele></trkpt><trkpt lat="-27.01874" lon="-48.60753166666667"><ele>-5</ele></trkpt><trkpt lat="-27.01873833333333" lon="-48.60756500000001"><ele>-5.800000000000001</ele></trkpt><trkpt lat="-27.01873666666667" lon="-48.60760333333333"><ele>-6.9</ele></trkpt><trkpt lat="-27.018735" lon="-48.60765"><ele>-7.9</ele></trkpt><trkpt lat="-27.01873333333333" lon="-48.60771166666667"><ele>-7.6</ele></trkpt><trkpt lat="-27.018729999999998" lon="-48.607768333333325"><ele>-7.5</ele></trkpt><trkpt lat="-27.018725000000003" lon="-48.60783"><ele>-7.300000000000001</ele></trkpt><trkpt lat="-27.01872" lon="-48.607879999999994"><ele>-7</ele></trkpt><trkpt lat="-27.01872" lon="-48.60794166666666"><ele>-7.1</ele></trkpt><trkpt lat="-27.018711666666665" lon="-48.60799166666667"><ele>-7.800000000000001</ele></trkpt><trkpt lat="-27.01872" lon="-48.608016666666664"><ele>-7.9</ele></trkpt><trkpt lat="-27.018723333333334" lon="-48.60804666666666"><ele>-8.8</ele></trkpt><trkpt lat="-27.018716666666666" lon="-48.608108333333334"><ele>-8.1</ele></trkpt><trkpt lat="-27.018713333333334" lon="-48.60816166666667"><ele>-8.8</ele></trkpt><trkpt lat="-27.018705" lon="-48.608200000000004"><ele>-9.6</ele></trkpt><trkpt lat="-27.018686666666667" lon="-48.60825499999999"><ele>-9.700000000000001</ele></trkpt><trkpt lat="-27.018680000000003" lon="-48.60830333333333"><ele>-10.700000000000001</ele></trkpt><trkpt lat="-27.018671666666666" lon="-48.60838166666667"><ele>-8</ele></trkpt><trkpt lat="-27.01866" lon="-48.60845333333334"><ele>-6.700000000000001</ele></trkpt><trkpt lat="-27.01864833333333" lon="-48.608516666666674"><ele>-4.300000000000001</ele></trkpt><trkpt lat="-27.018636666666666" lon="-48.60857166666666"><ele>-1.6999999999999997</ele></trkpt><trkpt lat="-27.018620000000002" lon="-48.608628333333336"><ele>0.10000000000000009</ele></trkpt><trkpt lat="-27.01861" lon="-48.60868666666667"><ele>1.9000000000000001</ele></trkpt><trkpt lat="-27.01860166666667" lon="-48.608740000000004"><ele>2.4000000000000004</ele></trkpt><trkpt lat="-27.018593333333335" lon="-48.608806666666666"><ele>2.8</ele></trkpt><trkpt lat="-27.018581666666666" lon="-48.60886833333334"><ele>2.8</ele></trkpt><trkpt lat="-27.018573333333332" lon="-48.608925"><ele>3.4000000000000004</ele></trkpt><trkpt lat="-27.01856666666667" lon="-48.60897666666666"><ele>3.7</ele></trkpt><trkpt lat="-27.01855833333333" lon="-48.609025"><ele>3.7</ele></trkpt><trkpt lat="-27.01855833333333" lon="-48.60907166666666"><ele>3.8000000000000003</ele></trkpt><trkpt lat="-27.018548333333335" lon="-48.609123333333336"><ele>2.4000000000000004</ele></trkpt><trkpt lat="-27.018551666666667" lon="-48.609154999999994"><ele>2.4000000000000004</ele></trkpt><trkpt lat="-27.018546666666666" lon="-48.60919166666666"><ele>1.6</ele></trkpt><trkpt lat="-27.01854166666667" lon="-48.609225"><ele>1</ele></trkpt><trkpt lat="-27.01853833333333" lon="-48.60925666666667"><ele>0.40000000000000013</ele></trkpt><trkpt lat="-27.01853833333333" lon="-48.609295"><ele>0.10000000000000009</ele></trkpt><trkpt lat="-27.018536666666666" lon="-48.609334999999994"><ele>0.20000000000000018</ele></trkpt><trkpt lat="-27.01853833333333" lon="-48.609375"><ele>0.30000000000000004</ele></trkpt><trkpt lat="-27.01852666666667" lon="-48.609424999999995"><ele>3</ele></trkpt><trkpt lat="-27.018518333333336" lon="-48.609475"><ele>4.5</ele></trkpt><trkpt lat="-27.01851" lon="-48.60953166666666"><ele>5</ele></trkpt><trkpt lat="-27.018503333333335" lon="-48.60958000000001"><ele>5.2</ele></trkpt><trkpt lat="-27.018504999999998" lon="-48.60963333333334"><ele>5.800000000000001</ele></trkpt><trkpt lat="-27.018506666666667" lon="-48.60968"><ele>5.6</ele></trkpt><trkpt lat="-27.018506666666667" lon="-48.60972333333334"><ele>5.5</ele></trkpt><trkpt lat="-27.018504999999998" lon="-48.60976333333333"><ele>5</ele></trkpt><trkpt lat="-27.01850833333333" lon="-48.60980166666666"><ele>5.2</ele></trkpt><trkpt lat="-27.018503333333335" lon="-48.60984166666667"><ele>4.6</ele></trkpt><trkpt lat="-27.018500000000003" lon="-48.60987"><ele>3.8000000000000003</ele></trkpt><trkpt lat="-27.018486666666664" lon="-48.60989166666666"><ele>4.5</ele></trkpt><trkpt lat="-27.018456666666665" lon="-48.60991333333333"><ele>5.699999999999999</ele></trkpt><trkpt lat="-27.018431666666668" lon="-48.60992666666666"><ele>5.6</ele></trkpt><trkpt lat="-27.018401666666666" lon="-48.609921666666665"><ele>6.5</ele></trkpt><trkpt lat="-27.018368333333335" lon="-48.609923333333334"><ele>6.6</ele></trkpt><trkpt lat="-27.018351666666664" lon="-48.60992833333333"><ele>7.4</ele></trkpt><trkpt lat="-27.01833" lon="-48.60993333333332"><ele>7.699999999999999</ele></trkpt><trkpt lat="-27.018308333333334" lon="-48.60992666666666"><ele>7.4</ele></trkpt><trkpt lat="-27.018283333333336" lon="-48.60993166666667"><ele>7.1</ele></trkpt><trkpt lat="-27.01825666666667" lon="-48.60993333333332"><ele>7.199999999999999</ele></trkpt><trkpt lat="-27.018233333333335" lon="-48.60993"><ele>6.9</ele></trkpt><trkpt lat="-27.018206666666668" lon="-48.609923333333334"><ele>6.800000000000001</ele></trkpt><trkpt lat="-27.018183333333333" lon="-48.609921666666665"><ele>6</ele></trkpt><trkpt lat="-27.018161666666668" lon="-48.609925000000004"><ele>5.4</ele></trkpt><trkpt lat="-27.018138333333333" lon="-48.60993833333334"><ele>4.800000000000001</ele></trkpt><trkpt lat="-27.018114999999998" lon="-48.60995"><ele>4.5</ele></trkpt><trkpt lat="-27.01809166666667" lon="-48.60996166666667"><ele>4.300000000000001</ele></trkpt><trkpt lat="-27.018075" lon="-48.609966666666665"><ele>4.300000000000001</ele></trkpt><trkpt lat="-27.018051666666665" lon="-48.60997166666666"><ele>4.4</ele></trkpt><trkpt lat="-27.018028333333337" lon="-48.609986666666664"><ele>5</ele></trkpt><trkpt lat="-27.018009999999997" lon="-48.61000000000001"><ele>4.800000000000001</ele></trkpt><trkpt lat="-27.01800166666667" lon="-48.61000666666667"><ele>4.5</ele></trkpt><trkpt lat="-27.017994999999996" lon="-48.61001833333333"><ele>4.2</ele></trkpt><trkpt lat="-27.017979999999998" lon="-48.610033333333334"><ele>4.1</ele></trkpt><trkpt lat="-27.017965000000004" lon="-48.61003000000001"><ele>4</ele></trkpt><trkpt lat="-27.01794" lon="-48.61003833333333"><ele>3.6</ele></trkpt><trkpt lat="-27.017918333333334" lon="-48.61004333333334"><ele>3.1</ele></trkpt><trkpt lat="-27.01789666666667" lon="-48.61004500000001"><ele>2.6</ele></trkpt><trkpt lat="-27.017875000000004" lon="-48.610031666666664"><ele>2.7</ele></trkpt><trkpt lat="-27.017860000000002" lon="-48.610011666666665"><ele>2.4000000000000004</ele></trkpt><trkpt lat="-27.017846666666667" lon="-48.610008333333326"><ele>2.1</ele></trkpt><trkpt lat="-27.017830000000004" lon="-48.610015000000004"><ele>1.8</ele></trkpt><trkpt lat="-27.017813333333333" lon="-48.61001666666666"><ele>1.7000000000000002</ele></trkpt><trkpt lat="-27.017786666666666" lon="-48.60999666666667"><ele>2.1</ele></trkpt><trkpt lat="-27.01776333333333" lon="-48.60998500000001"><ele>1.9000000000000001</ele></trkpt><trkpt lat="-27.017741666666666" lon="-48.609966666666665"><ele>1.7000000000000002</ele></trkpt><trkpt lat="-27.01772" lon="-48.60995500000001"><ele>2.3</ele></trkpt><trkpt lat="-27.01770333333333" lon="-48.60994000000001"><ele>2.9000000000000004</ele></trkpt><trkpt lat="-27.017695000000003" lon="-48.60993499999999"><ele>2.9000000000000004</ele></trkpt><trkpt lat="-27.017688333333332" lon="-48.60992666666666"><ele>3.3</ele></trkpt><trkpt lat="-27.017680000000002" lon="-48.609915"><ele>3.3</ele></trkpt><trkpt lat="-27.017676666666663" lon="-48.60991166666666"><ele>3.3</ele></trkpt><trkpt lat="-27.01767166666667" lon="-48.609898333333334"><ele>4</ele></trkpt><trkpt lat="-27.01767" lon="-48.609896666666664"><ele>4.1</ele></trkpt><trkpt lat="-27.017665000000004" lon="-48.60988833333334"><ele>4.2</ele></trkpt><trkpt lat="-27.017661666666662" lon="-48.609885"><ele>4.6</ele></trkpt><trkpt lat="-27.017666666666667" lon="-48.60988999999999"><ele>5.1</ele></trkpt><trkpt lat="-27.01767" lon="-48.609898333333334"><ele>5.2</ele></trkpt><trkpt lat="-27.017676666666663" lon="-48.60990833333334"><ele>5.5</ele></trkpt><trkpt lat="-27.017676666666663" lon="-48.60990833333334"><ele>5.5</ele></trkpt><trkpt lat="-27.017676666666663" lon="-48.60990833333334"><ele>5.5</ele></trkpt><trkpt lat="-27.017676666666663" lon="-48.60990833333334"><ele>5.5</ele></trkpt><trkpt lat="-27.017676666666663" lon="-48.60990833333334"><ele>5.5</ele></trkpt><trkpt lat="-27.017676666666663" lon="-48.60990833333334"><ele>5.5</ele></trkpt><trkpt lat="-27.017676666666663" lon="-48.60990833333334"><ele>5.5</ele></trkpt><trkpt lat="-27.017676666666663" lon="-48.60990833333334"><ele>5.5</ele></trkpt><trkpt lat="-27.017676666666663" lon="-48.60990833333334"><ele>5.5</ele></trkpt><trkpt lat="-27.017676666666663" lon="-48.60990833333334"><ele>5.5</ele></trkpt><trkpt lat="-27.017661666666662" lon="-48.60987166666667"><ele>8.7</ele></trkpt><trkpt lat="-27.017666666666667" lon="-48.60986666666666"><ele>8.9</ele></trkpt><trkpt lat="-27.01767333333333" lon="-48.60985833333334"><ele>9.5</ele></trkpt><trkpt lat="-27.01769" lon="-48.60987"><ele>9.7</ele></trkpt><trkpt lat="-27.017715" lon="-48.60988666666667"><ele>9.7</ele></trkpt><trkpt lat="-27.017735000000002" lon="-48.60990666666667"><ele>8.8</ele></trkpt><trkpt lat="-27.017756666666667" lon="-48.60993499999999"><ele>8.3</ele></trkpt><trkpt lat="-27.017783333333334" lon="-48.60996166666667"><ele>7.800000000000001</ele></trkpt><trkpt lat="-27.017819999999997" lon="-48.609970000000004"><ele>7.800000000000001</ele></trkpt><trkpt lat="-27.017848333333337" lon="-48.609986666666664"><ele>7.6</ele></trkpt><trkpt lat="-27.017864999999997" lon="-48.60999"><ele>7.800000000000001</ele></trkpt><trkpt lat="-27.017888333333335" lon="-48.60999833333334"><ele>7.300000000000001</ele></trkpt><trkpt lat="-27.017918333333334" lon="-48.610005"><ele>6.6</ele></trkpt><trkpt lat="-27.017948333333333" lon="-48.61000666666667"><ele>9.4</ele></trkpt><trkpt lat="-27.017978333333335" lon="-48.610011666666665"><ele>11.2</ele></trkpt><trkpt lat="-27.018015" lon="-48.61002666666666"><ele>11.4</ele></trkpt><trkpt lat="-27.018053333333334" lon="-48.61004166666667"><ele>12.1</ele></trkpt><trkpt lat="-27.018084999999996" lon="-48.61004833333333"><ele>12.6</ele></trkpt><trkpt lat="-27.018113333333336" lon="-48.610054999999996"><ele>12.4</ele></trkpt><trkpt lat="-27.018151666666668" lon="-48.61005166666667"><ele>12.6</ele></trkpt><trkpt lat="-27.018188333333335" lon="-48.610053333333326"><ele>11.6</ele></trkpt><trkpt lat="-27.018215" lon="-48.610053333333326"><ele>11.299999999999999</ele></trkpt><trkpt lat="-27.018238333333336" lon="-48.610054999999996"><ele>8.9</ele></trkpt><trkpt lat="-27.018255" lon="-48.610056666666665"><ele>8.4</ele></trkpt><trkpt lat="-27.018269999999998" lon="-48.610065"><ele>6.699999999999999</ele></trkpt><trkpt lat="-27.018285" lon="-48.61007166666666"><ele>4.9</ele></trkpt><trkpt lat="-27.018298333333338" lon="-48.61006666666667"><ele>4.5</ele></trkpt><trkpt lat="-27.018308333333334" lon="-48.610060000000004"><ele>3.7</ele></trkpt><trkpt lat="-27.018311666666666" lon="-48.61004833333333"><ele>3.4000000000000004</ele></trkpt><trkpt lat="-27.018308333333334" lon="-48.61004"><ele>3</ele></trkpt><trkpt lat="-27.018296666666668" lon="-48.610031666666664"><ele>2.4000000000000004</ele></trkpt><trkpt lat="-27.018278333333335" lon="-48.61003000000001"><ele>1.7000000000000002</ele></trkpt><trkpt lat="-27.018261666666664" lon="-48.61002833333334"><ele>1.4000000000000001</ele></trkpt><trkpt lat="-27.018245" lon="-48.610023333333324"><ele>1.6</ele></trkpt><trkpt lat="-27.018223333333335" lon="-48.610023333333324"><ele>1.3</ele></trkpt><trkpt lat="-27.018203333333336" lon="-48.61001833333333"><ele>1.2000000000000002</ele></trkpt><trkpt lat="-27.018188333333335" lon="-48.610011666666665"><ele>1.3</ele></trkpt><trkpt lat="-27.018174999999996" lon="-48.61000666666667"><ele>2.9000000000000004</ele></trkpt><trkpt lat="-27.018161666666668" lon="-48.61000666666667"><ele>3.6</ele></trkpt><trkpt lat="-27.01815" lon="-48.61001666666666"><ele>3.3</ele></trkpt><trkpt lat="-27.018148333333336" lon="-48.61001833333333"><ele>3.8000000000000003</ele></trkpt><trkpt lat="-27.018146666666667" lon="-48.610015000000004"><ele>3.7</ele></trkpt><trkpt lat="-27.018143333333335" lon="-48.610013333333335"><ele>3.4000000000000004</ele></trkpt><trkpt lat="-27.018141666666665" lon="-48.61000666666667"><ele>3.2</ele></trkpt><trkpt lat="-27.018141666666665" lon="-48.61000000000001"><ele>3</ele></trkpt><trkpt lat="-27.018138333333333" lon="-48.60999333333333"><ele>3.1</ele></trkpt><trkpt lat="-27.018138333333333" lon="-48.60999333333333"><ele>3.1</ele></trkpt><trkpt lat="-27.018138333333333" lon="-48.609995"><ele>3.2</ele></trkpt><trkpt lat="-27.018134999999997" lon="-48.60999833333334"><ele>3.2</ele></trkpt><trkpt lat="-27.018126666666664" lon="-48.61000000000001"><ele>3.5</ele></trkpt><trkpt lat="-27.018116666666668" lon="-48.61000166666666"><ele>3.7</ele></trkpt><trkpt lat="-27.01811" lon="-48.61000333333333"><ele>3.7</ele></trkpt><trkpt lat="-27.018103333333336" lon="-48.61000333333333"><ele>3.9</ele></trkpt><trkpt lat="-27.018105" lon="-48.61000666666667"><ele>4.7</ele></trkpt><trkpt lat="-27.018105" lon="-48.61000666666667"><ele>5.300000000000001</ele></trkpt><trkpt lat="-27.018106666666668" lon="-48.61000333333333"><ele>5.9</ele></trkpt><trkpt lat="-27.018103333333336" lon="-48.60999833333334"><ele>6.4</ele></trkpt><trkpt lat="-27.018101666666666" lon="-48.60999166666667"><ele>6.9</ele></trkpt><trkpt lat="-27.018099999999997" lon="-48.60999"><ele>7.1</ele></trkpt><trkpt lat="-27.018095000000002" lon="-48.60998500000001"><ele>7.300000000000001</ele></trkpt><trkpt lat="-27.018095000000002" lon="-48.60998333333334"><ele>7.6</ele></trkpt><trkpt lat="-27.018096666666665" lon="-48.609986666666664"><ele>7.6</ele></trkpt><trkpt lat="-27.018095000000002" lon="-48.609988333333334"><ele>7.6</ele></trkpt><trkpt lat="-27.018095000000002" lon="-48.60999166666667"><ele>7.699999999999999</ele></trkpt><trkpt lat="-27.018088333333335" lon="-48.60999666666667"><ele>7.699999999999999</ele></trkpt><trkpt lat="-27.018088333333335" lon="-48.60999666666667"><ele>7.699999999999999</ele></trkpt><trkpt lat="-27.018088333333335" lon="-48.60999666666667"><ele>7.699999999999999</ele></trkpt><trkpt lat="-27.018088333333335" lon="-48.60999666666667"><ele>7.699999999999999</ele></trkpt><trkpt lat="-27.018088333333335" lon="-48.60999666666667"><ele>7.699999999999999</ele></trkpt><trkpt lat="-27.018088333333335" lon="-48.60999666666667"><ele>7.699999999999999</ele></trkpt><trkpt lat="-27.018088333333335" lon="-48.60999666666667"><ele>7.699999999999999</ele></trkpt><trkpt lat="-27.018088333333335" lon="-48.60999666666667"><ele>7.699999999999999</ele></trkpt><trkpt lat="-27.018088333333335" lon="-48.60999666666667"><ele>7.699999999999999</ele></trkpt><trkpt lat="-27.018088333333335" lon="-48.60999666666667"><ele>7.699999999999999</ele></trkpt><trkpt lat="-27.018088333333335" lon="-48.60999666666667"><ele>7.699999999999999</ele></trkpt><trkpt lat="-27.018088333333335" lon="-48.60999666666667"><ele>7.699999999999999</ele></trkpt><trkpt lat="-27.018088333333335" lon="-48.60999666666667"><ele>7.699999999999999</ele></trkpt><trkpt lat="-27.018088333333335" lon="-48.60999666666667"><ele>7.699999999999999</ele></trkpt><trkpt lat="-27.018088333333335" lon="-48.60999666666667"><ele>7.699999999999999</ele></trkpt><trkpt lat="-27.018088333333335" lon="-48.60999666666667"><ele>7.699999999999999</ele></trkpt><trkpt lat="-27.018088333333335" lon="-48.60999666666667"><ele>7.699999999999999</ele></trkpt><trkpt lat="-27.018088333333335" lon="-48.60999666666667"><ele>7.699999999999999</ele></trkpt><trkpt lat="-27.01812166666667" lon="-48.609988333333334"><ele>5.4</ele></trkpt><trkpt lat="-27.018133333333335" lon="-48.60999666666667"><ele>4.9</ele></trkpt><trkpt lat="-27.018140000000002" lon="-48.61000166666666"><ele>4.6</ele></trkpt><trkpt lat="-27.018143333333335" lon="-48.61000166666666"><ele>4.4</ele></trkpt><trkpt lat="-27.01813666666667" lon="-48.610005"><ele>4.2</ele></trkpt><trkpt lat="-27.018143333333335" lon="-48.610009999999996"><ele>4.1</ele></trkpt><trkpt lat="-27.018146666666667" lon="-48.610013333333335"><ele>3.9</ele></trkpt><trkpt lat="-27.01815" lon="-48.61001666666666"><ele>3.8000000000000003</ele></trkpt><trkpt lat="-27.018151666666668" lon="-48.610015000000004"><ele>3.8000000000000003</ele></trkpt><trkpt lat="-27.01815333333333" lon="-48.61001666666666"><ele>3.6</ele></trkpt><trkpt lat="-27.018146666666667" lon="-48.610009999999996"><ele>3.5</ele></trkpt><trkpt lat="-27.018131666666665" lon="-48.61000666666667"><ele>3.8000000000000003</ele></trkpt><trkpt lat="-27.018106666666668" lon="-48.61000666666667"><ele>3.7</ele></trkpt><trkpt lat="-27.01807666666667" lon="-48.610005"><ele>3.6</ele></trkpt><trkpt lat="-27.018039999999996" lon="-48.61000333333333"><ele>3.6</ele></trkpt><trkpt lat="-27.017996666666665" lon="-48.60999666666667"><ele>4.300000000000001</ele></trkpt><trkpt lat="-27.017948333333333" lon="-48.60999"><ele>5.699999999999999</ele></trkpt><trkpt lat="-27.017909999999997" lon="-48.60997999999999"><ele>6.6</ele></trkpt><trkpt lat="-27.017876666666666" lon="-48.60997166666666"><ele>7.1</ele></trkpt><trkpt lat="-27.017841666666662" lon="-48.60996166666667"><ele>6.4</ele></trkpt><trkpt lat="-27.017800000000005" lon="-48.60995500000001"><ele>5.9</ele></trkpt><trkpt lat="-27.017746666666667" lon="-48.60995"><ele>6.199999999999999</ele></trkpt><trkpt lat="-27.017699999999998" lon="-48.60994666666667"><ele>6.199999999999999</ele></trkpt><trkpt lat="-27.017633333333333" lon="-48.60993"><ele>6.800000000000001</ele></trkpt><trkpt lat="-27.017585" lon="-48.609915"><ele>7.6</ele></trkpt><trkpt lat="-27.017535" lon="-48.60988999999999"><ele>8.1</ele></trkpt><trkpt lat="-27.017488333333336" lon="-48.609876666666665"><ele>8.5</ele></trkpt><trkpt lat="-27.017441666666667" lon="-48.60985666666667"><ele>8.8</ele></trkpt><trkpt lat="-27.0174" lon="-48.60984"><ele>8.4</ele></trkpt><trkpt lat="-27.01735833333333" lon="-48.609825"><ele>8</ele></trkpt><trkpt lat="-27.017318333333332" lon="-48.60981333333334"><ele>7.4</ele></trkpt><trkpt lat="-27.017279999999996" lon="-48.609795"><ele>7.199999999999999</ele></trkpt><trkpt lat="-27.01724" lon="-48.60977666666666"><ele>6.9</ele></trkpt><trkpt lat="-27.01719166666667" lon="-48.60976333333333"><ele>6.699999999999999</ele></trkpt><trkpt lat="-27.017135" lon="-48.609761666666664"><ele>8.1</ele></trkpt><trkpt lat="-27.01708833333333" lon="-48.609761666666664"><ele>8.6</ele></trkpt><trkpt lat="-27.017041666666668" lon="-48.60976333333333"><ele>9</ele></trkpt><trkpt lat="-27.016994999999998" lon="-48.609765"><ele>9.3</ele></trkpt><trkpt lat="-27.016948333333335" lon="-48.60975833333334"><ele>9.4</ele></trkpt><trkpt lat="-27.016903333333335" lon="-48.60975499999999"><ele>9.9</ele></trkpt><trkpt lat="-27.016858333333335" lon="-48.60974666666666"><ele>10.6</ele></trkpt><trkpt lat="-27.016814999999998" lon="-48.60974666666666"><ele>10.6</ele></trkpt><trkpt lat="-27.016775" lon="-48.60973833333334"><ele>10.799999999999999</ele></trkpt><trkpt lat="-27.016738333333333" lon="-48.609735"><ele>10.799999999999999</ele></trkpt><trkpt lat="-27.016705" lon="-48.609725"><ele>10.799999999999999</ele></trkpt><trkpt lat="-27.016673333333333" lon="-48.609725"><ele>10.299999999999999</ele></trkpt><trkpt lat="-27.016638333333336" lon="-48.60971833333333"><ele>9.6</ele></trkpt><trkpt lat="-27.01659833333333" lon="-48.609705"><ele>9.799999999999999</ele></trkpt><trkpt lat="-27.016559999999995" lon="-48.60970166666666"><ele>9.4</ele></trkpt><trkpt lat="-27.016511666666663" lon="-48.609698333333334"><ele>9.9</ele></trkpt><trkpt lat="-27.01647666666667" lon="-48.609700000000004"><ele>9.799999999999999</ele></trkpt><trkpt lat="-27.016423333333332" lon="-48.60969333333334"><ele>9.799999999999999</ele></trkpt><trkpt lat="-27.01638666666667" lon="-48.60969333333334"><ele>7.199999999999999</ele></trkpt><trkpt lat="-27.01634" lon="-48.60970166666666"><ele>5.6</ele></trkpt><trkpt lat="-27.016285" lon="-48.60970666666667"><ele>5</ele></trkpt><trkpt lat="-27.01624" lon="-48.60970999999999"><ele>4</ele></trkpt><trkpt lat="-27.016196666666662" lon="-48.60970999999999"><ele>3.9</ele></trkpt><trkpt lat="-27.01614833333333" lon="-48.60970833333334"><ele>4</ele></trkpt><trkpt lat="-27.016105" lon="-48.60970333333333"><ele>3.9</ele></trkpt><trkpt lat="-27.01605833333333" lon="-48.609694999999995"><ele>3.8000000000000003</ele></trkpt><trkpt lat="-27.016015" lon="-48.60969166666667"><ele>4.5</ele></trkpt><trkpt lat="-27.01598333333333" lon="-48.609694999999995"><ele>4.1</ele></trkpt><trkpt lat="-27.01593666666667" lon="-48.60969333333334"><ele>3.9</ele></trkpt><trkpt lat="-27.015911666666664" lon="-48.60968166666667"><ele>3.2</ele></trkpt><trkpt lat="-27.01588166666667" lon="-48.609653333333334"><ele>1.8</ele></trkpt><trkpt lat="-27.015853333333332" lon="-48.60962833333333"><ele>-1.5</ele></trkpt><trkpt lat="-27.015808333333332" lon="-48.609606666666664"><ele>-0.8999999999999999</ele></trkpt><trkpt lat="-27.015763333333332" lon="-48.609593333333336"><ele>1</ele></trkpt><trkpt lat="-27.015718333333332" lon="-48.60959"><ele>1.1</ele></trkpt><trkpt lat="-27.015676666666664" lon="-48.609585"><ele>1.4000000000000001</ele></trkpt><trkpt lat="-27.01563666666667" lon="-48.60957833333334"><ele>1.5</ele></trkpt><trkpt lat="-27.015595" lon="-48.60957"><ele>1.7000000000000002</ele></trkpt><trkpt lat="-27.01555" lon="-48.609561666666664"><ele>1.7000000000000002</ele></trkpt><trkpt lat="-27.015505" lon="-48.60954666666667"><ele>2</ele></trkpt><trkpt lat="-27.01546166666667" lon="-48.60953333333334"><ele>2</ele></trkpt><trkpt lat="-27.015431666666668" lon="-48.60950833333333"><ele>1.6</ele></trkpt><trkpt lat="-27.01538833333333" lon="-48.60951166666667"><ele>-0.6999999999999997</ele></trkpt><trkpt lat="-27.015353333333337" lon="-48.60950166666667"><ele>-1.2999999999999998</ele></trkpt><trkpt lat="-27.015318333333333" lon="-48.60949000000001"><ele>-2.1</ele></trkpt><trkpt lat="-27.015259999999998" lon="-48.60948666666666"><ele>-2.1999999999999997</ele></trkpt><trkpt lat="-27.015213333333335" lon="-48.60948"><ele>-2.4999999999999996</ele></trkpt><trkpt lat="-27.015169999999998" lon="-48.609471666666664"><ele>-2.6</ele></trkpt><trkpt lat="-27.015124999999998" lon="-48.60946666666667"><ele>-2.6999999999999997</ele></trkpt><trkpt lat="-27.015075000000003" lon="-48.60946333333333"><ele>-2.4999999999999996</ele></trkpt><trkpt lat="-27.015024999999998" lon="-48.609455"><ele>-1.7999999999999998</ele></trkpt><trkpt lat="-27.014976666666666" lon="-48.60945666666667"><ele>-1.1999999999999997</ele></trkpt><trkpt lat="-27.014929999999996" lon="-48.60944166666666"><ele>1.2000000000000002</ele></trkpt><trkpt lat="-27.014884999999996" lon="-48.60943666666667"><ele>1.3</ele></trkpt><trkpt lat="-27.014841666666666" lon="-48.60943"><ele>1.1</ele></trkpt><trkpt lat="-27.014798333333335" lon="-48.60943"><ele>1.4000000000000001</ele></trkpt><trkpt lat="-27.014756666666667" lon="-48.60942"><ele>1.6</ele></trkpt><trkpt lat="-27.01471333333333" lon="-48.60941"><ele>1.7000000000000002</ele></trkpt><trkpt lat="-27.01466833333333" lon="-48.60940166666666"><ele>1.7000000000000002</ele></trkpt><trkpt lat="-27.014619999999997" lon="-48.60940666666667"><ele>2</ele></trkpt><trkpt lat="-27.01457833333333" lon="-48.60940166666666"><ele>2.3</ele></trkpt><trkpt lat="-27.014541666666666" lon="-48.60939499999999"><ele>2.4000000000000004</ele></trkpt><trkpt lat="-27.01450333333333" lon="-48.60938666666666"><ele>2.8</ele></trkpt><trkpt lat="-27.01446333333333" lon="-48.609381666666664"><ele>3.6</ele></trkpt><trkpt lat="-27.014420000000005" lon="-48.609375"><ele>3.7</ele></trkpt><trkpt lat="-27.014386666666663" lon="-48.60937333333333"><ele>3.9</ele></trkpt><trkpt lat="-27.014356666666664" lon="-48.609365"><ele>3.2</ele></trkpt><trkpt lat="-27.014318333333335" lon="-48.609365"><ele>2</ele></trkpt><trkpt lat="-27.014276666666667" lon="-48.60935666666666"><ele>1.6</ele></trkpt><trkpt lat="-27.014235" lon="-48.60934999999999"><ele>1.2000000000000002</ele></trkpt><trkpt lat="-27.0142" lon="-48.60935166666666"><ele>1.1</ele></trkpt><trkpt lat="-27.01415833333333" lon="-48.609345"><ele>0.30000000000000004</ele></trkpt><trkpt lat="-27.014118333333332" lon="-48.609336666666664"><ele>0.20000000000000018</ele></trkpt><trkpt lat="-27.014079999999996" lon="-48.60933166666667"><ele>-0.5</ele></trkpt><trkpt lat="-27.01403833333333" lon="-48.60932666666666"><ele>-0.8999999999999999</ele></trkpt><trkpt lat="-27.013995" lon="-48.60932"><ele>-0.7999999999999998</ele></trkpt><trkpt lat="-27.01395166666667" lon="-48.60931000000001"><ele>-0.8999999999999999</ele></trkpt><trkpt lat="-27.013903333333328" lon="-48.609295"><ele>0.30000000000000004</ele></trkpt><trkpt lat="-27.013868333333335" lon="-48.609278333333336"><ele>0.10000000000000009</ele></trkpt><trkpt lat="-27.013821666666665" lon="-48.60926666666666"><ele>0.6000000000000001</ele></trkpt><trkpt lat="-27.013775000000003" lon="-48.60925833333334"><ele>1.7000000000000002</ele></trkpt><trkpt lat="-27.01372666666667" lon="-48.60924166666667"><ele>2.4000000000000004</ele></trkpt><trkpt lat="-27.01368166666667" lon="-48.609233333333336"><ele>2.5</ele></trkpt><trkpt lat="-27.013629999999996" lon="-48.609233333333336"><ele>2.2</ele></trkpt><trkpt lat="-27.013586666666665" lon="-48.60922833333334"><ele>0.8</ele></trkpt><trkpt lat="-27.013538333333333" lon="-48.609225"><ele>0</ele></trkpt><trkpt lat="-27.013491666666663" lon="-48.60921666666666"><ele>-0.5</ele></trkpt><trkpt lat="-27.013451666666665" lon="-48.60921166666667"><ele>-0.7999999999999998</ele></trkpt><trkpt lat="-27.01341" lon="-48.60921166666667"><ele>-0.5</ele></trkpt><trkpt lat="-27.013370000000002" lon="-48.609201666666664"><ele>-0.19999999999999996</ele></trkpt><trkpt lat="-27.013331666666666" lon="-48.60919333333333"><ele>-0.3999999999999999</ele></trkpt><trkpt lat="-27.013295000000003" lon="-48.60919166666666"><ele>-0.6000000000000001</ele></trkpt><trkpt lat="-27.013258333333336" lon="-48.609186666666666"><ele>-0.6999999999999997</ele></trkpt><trkpt lat="-27.013225000000002" lon="-48.60918333333334"><ele>-1.5</ele></trkpt><trkpt lat="-27.01319" lon="-48.60917833333333"><ele>-2</ele></trkpt><trkpt lat="-27.013153333333335" lon="-48.60917833333333"><ele>-1.6</ele></trkpt><trkpt lat="-27.013116666666665" lon="-48.60917833333333"><ele>-1.2999999999999998</ele></trkpt><trkpt lat="-27.013081666666668" lon="-48.60917833333333"><ele>-1</ele></trkpt><trkpt lat="-27.01305166666667" lon="-48.609188333333336"><ele>-0.09999999999999987</ele></trkpt><trkpt lat="-27.013019999999997" lon="-48.60919166666666"><ele>2.2</ele></trkpt><trkpt lat="-27.012995" lon="-48.609199999999994"><ele>2.3</ele></trkpt><trkpt lat="-27.012966666666664" lon="-48.609201666666664"><ele>3.4000000000000004</ele></trkpt><trkpt lat="-27.012938333333334" lon="-48.60920333333333"><ele>3.4000000000000004</ele></trkpt><trkpt lat="-27.012908333333332" lon="-48.609201666666664"><ele>3.7</ele></trkpt><trkpt lat="-27.01287166666667" lon="-48.609199999999994"><ele>3.8000000000000003</ele></trkpt><trkpt lat="-27.012836666666665" lon="-48.609188333333336"><ele>4.1</ele></trkpt><trkpt lat="-27.012801666666665" lon="-48.60917666666666"><ele>4.1</ele></trkpt><trkpt lat="-27.012764999999998" lon="-48.609168333333336"><ele>4.1</ele></trkpt><trkpt lat="-27.012725" lon="-48.60916166666666"><ele>3.9</ele></trkpt><trkpt lat="-27.012686666666664" lon="-48.609154999999994"><ele>3.6</ele></trkpt><trkpt lat="-27.01264666666667" lon="-48.60915333333334"><ele>2.8</ele></trkpt><trkpt lat="-27.01260666666667" lon="-48.60915166666667"><ele>2.7</ele></trkpt><trkpt lat="-27.012568333333334" lon="-48.60915333333334"><ele>2.3</ele></trkpt><trkpt lat="-27.012521666666665" lon="-48.60915"><ele>2.5</ele></trkpt><trkpt lat="-27.012473333333332" lon="-48.609141666666666"><ele>3</ele></trkpt><trkpt lat="-27.012425" lon="-48.609135"><ele>3.5</ele></trkpt><trkpt lat="-27.01238166666667" lon="-48.60912833333334"><ele>3.6</ele></trkpt><trkpt lat="-27.012338333333332" lon="-48.60912"><ele>3.9</ele></trkpt><trkpt lat="-27.012293333333332" lon="-48.60911666666666"><ele>4.6</ele></trkpt><trkpt lat="-27.012251666666664" lon="-48.609109999999994"><ele>4.7</ele></trkpt><trkpt lat="-27.012206666666664" lon="-48.609109999999994"><ele>4.7</ele></trkpt><trkpt lat="-27.01217166666667" lon="-48.60911666666666"><ele>4.4</ele></trkpt><trkpt lat="-27.01212666666667" lon="-48.609100000000005"><ele>3.4000000000000004</ele></trkpt><trkpt lat="-27.01207833333334" lon="-48.60909"><ele>3.3</ele></trkpt><trkpt lat="-27.01203333333334" lon="-48.60907166666666"><ele>3.4000000000000004</ele></trkpt><trkpt lat="-27.011981666666664" lon="-48.60905833333333"><ele>3.7</ele></trkpt><trkpt lat="-27.01193166666667" lon="-48.60904333333333"><ele>4</ele></trkpt><trkpt lat="-27.011894999999996" lon="-48.60903"><ele>3.8000000000000003</ele></trkpt><trkpt lat="-27.011849999999995" lon="-48.60901166666666"><ele>4.4</ele></trkpt><trkpt lat="-27.011808333333338" lon="-48.60899666666666"><ele>4.2</ele></trkpt><trkpt lat="-27.011759999999995" lon="-48.60897666666666"><ele>4.800000000000001</ele></trkpt><trkpt lat="-27.011716666666665" lon="-48.608965000000005"><ele>4.800000000000001</ele></trkpt><trkpt lat="-27.011675" lon="-48.60895666666667"><ele>5.1</ele></trkpt><trkpt lat="-27.011640000000003" lon="-48.608955"><ele>5.300000000000001</ele></trkpt><trkpt lat="-27.011606666666662" lon="-48.60895333333333"><ele>4.7</ele></trkpt><trkpt lat="-27.011566666666667" lon="-48.60894833333334"><ele>4.7</ele></trkpt><trkpt lat="-27.01152833333333" lon="-48.60894499999999"><ele>4.9</ele></trkpt><trkpt lat="-27.011488333333332" lon="-48.60894166666667"><ele>4.1</ele></trkpt><trkpt lat="-27.011445000000002" lon="-48.60893666666666"><ele>3.9</ele></trkpt><trkpt lat="-27.011405" lon="-48.60892833333334"><ele>3.1</ele></trkpt><trkpt lat="-27.011371666666665" lon="-48.608920000000005"><ele>3.1</ele></trkpt><trkpt lat="-27.011331666666667" lon="-48.608914999999996"><ele>3</ele></trkpt><trkpt lat="-27.011293333333334" lon="-48.60891"><ele>2.9000000000000004</ele></trkpt><trkpt lat="-27.011248333333334" lon="-48.60890666666666"><ele>2.3</ele></trkpt><trkpt lat="-27.011208333333336" lon="-48.60889999999999"><ele>2.5</ele></trkpt><trkpt lat="-27.011165" lon="-48.608898333333336"><ele>2.6</ele></trkpt><trkpt lat="-27.01113" lon="-48.60890166666666"><ele>3</ele></trkpt><trkpt lat="-27.011088333333337" lon="-48.60888833333333"><ele>4.4</ele></trkpt><trkpt lat="-27.01104833333333" lon="-48.608871666666666"><ele>4.4</ele></trkpt><trkpt lat="-27.01101833333333" lon="-48.60886666666667"><ele>4.9</ele></trkpt><trkpt lat="-27.010980000000004" lon="-48.60886166666666"><ele>5.699999999999999</ele></trkpt><trkpt lat="-27.010939999999998" lon="-48.60885833333334"><ele>6.5</ele></trkpt><trkpt lat="-27.01090166666667" lon="-48.60885499999999"><ele>7.300000000000001</ele></trkpt><trkpt lat="-27.01085833333333" lon="-48.60885"><ele>7.199999999999999</ele></trkpt><trkpt lat="-27.010815" lon="-48.608839999999994"><ele>7.800000000000001</ele></trkpt><trkpt lat="-27.01077666666667" lon="-48.608835"><ele>8.2</ele></trkpt><trkpt lat="-27.010738333333332" lon="-48.608826666666666"><ele>8.2</ele></trkpt><trkpt lat="-27.010698333333334" lon="-48.60881166666666"><ele>8.5</ele></trkpt><trkpt lat="-27.010658333333335" lon="-48.608806666666666"><ele>8</ele></trkpt><trkpt lat="-27.010618333333333" lon="-48.60879666666666"><ele>7.9</ele></trkpt><trkpt lat="-27.010581666666667" lon="-48.60879"><ele>7.300000000000001</ele></trkpt><trkpt lat="-27.01054333333333" lon="-48.608779999999996"><ele>7.4</ele></trkpt><trkpt lat="-27.01051" lon="-48.60877166666668"><ele>7.199999999999999</ele></trkpt><trkpt lat="-27.010471666666664" lon="-48.60875333333333"><ele>7.300000000000001</ele></trkpt><trkpt lat="-27.010441666666665" lon="-48.60874333333333"><ele>6.199999999999999</ele></trkpt><trkpt lat="-27.01040666666667" lon="-48.608745"><ele>5.4</ele></trkpt><trkpt lat="-27.01037666666667" lon="-48.60874333333333"><ele>5.5</ele></trkpt><trkpt lat="-27.010351666666665" lon="-48.60874833333334"><ele>5.300000000000001</ele></trkpt><trkpt lat="-27.01031833333333" lon="-48.60874666666667"><ele>5.1</ele></trkpt><trkpt lat="-27.010285" lon="-48.608734999999996"><ele>5.1</ele></trkpt><trkpt lat="-27.010246666666664" lon="-48.60872333333334"><ele>5.1</ele></trkpt><trkpt lat="-27.01021166666667" lon="-48.608715"><ele>4.7</ele></trkpt><trkpt lat="-27.010181666666668" lon="-48.60870833333333"><ele>4.4</ele></trkpt><trkpt lat="-27.01015" lon="-48.60870499999999"><ele>4.1</ele></trkpt><trkpt lat="-27.010118333333335" lon="-48.60869833333333"><ele>2.9000000000000004</ele></trkpt><trkpt lat="-27.010089999999998" lon="-48.608695000000004"><ele>2.4000000000000004</ele></trkpt><trkpt lat="-27.01006" lon="-48.608691666666665"><ele>1.8</ele></trkpt><trkpt lat="-27.010021666666663" lon="-48.60868333333333"><ele>0.20000000000000018</ele></trkpt><trkpt lat="-27.009981666666665" lon="-48.608685"><ele>0.30000000000000004</ele></trkpt><trkpt lat="-27.009948333333334" lon="-48.60867499999999"><ele>0.9000000000000001</ele></trkpt><trkpt lat="-27.009925" lon="-48.608671666666666"><ele>0.8</ele></trkpt><trkpt lat="-27.00988166666667" lon="-48.60864"><ele>5.5</ele></trkpt><trkpt lat="-27.009858333333334" lon="-48.60862333333333"><ele>7</ele></trkpt><trkpt lat="-27.009833333333336" lon="-48.608626666666666"><ele>8.4</ele></trkpt><trkpt lat="-27.009816666666666" lon="-48.60862333333333"><ele>8.3</ele></trkpt><trkpt lat="-27.009803333333334" lon="-48.608624999999996"><ele>8.4</ele></trkpt><trkpt lat="-27.00979" lon="-48.608626666666666"><ele>8.6</ele></trkpt><trkpt lat="-27.00979333333333" lon="-48.60864333333334"><ele>9.1</ele></trkpt><trkpt lat="-27.00979333333333" lon="-48.608644999999996"><ele>9.2</ele></trkpt><trkpt lat="-27.00979" lon="-48.608648333333335"><ele>9.2</ele></trkpt><trkpt lat="-27.00979" lon="-48.60865666666667"><ele>9.6</ele></trkpt><trkpt lat="-27.009788333333336" lon="-48.60865999999999"><ele>10.4</ele></trkpt><trkpt lat="-27.00979166666667" lon="-48.60866166666666"><ele>10.2</ele></trkpt><trkpt lat="-27.009796666666663" lon="-48.608665"><ele>10.2</ele></trkpt><trkpt lat="-27.009804999999997" lon="-48.608671666666666"><ele>10.6</ele></trkpt><trkpt lat="-27.009819999999998" lon="-48.608671666666666"><ele>11.299999999999999</ele></trkpt><trkpt lat="-27.009828333333335" lon="-48.60867499999999"><ele>11.6</ele></trkpt><trkpt lat="-27.009831666666667" lon="-48.608673333333336"><ele>12</ele></trkpt><trkpt lat="-27.009831666666667" lon="-48.60867666666666"><ele>11.799999999999999</ele></trkpt><trkpt lat="-27.00983666666667" lon="-48.60867"><ele>11.7</ele></trkpt><trkpt lat="-27.009841666666663" lon="-48.608665"><ele>11.4</ele></trkpt><trkpt lat="-27.009846666666665" lon="-48.60866166666666"><ele>10.9</ele></trkpt><trkpt lat="-27.009846666666665" lon="-48.60866166666666"><ele>10</ele></trkpt><trkpt lat="-27.00985166666667" lon="-48.60865666666667"><ele>9.4</ele></trkpt><trkpt lat="-27.009855" lon="-48.60865666666667"><ele>9.3</ele></trkpt><trkpt lat="-27.009856666666664" lon="-48.60865833333334"><ele>8.2</ele></trkpt><trkpt lat="-27.009853333333332" lon="-48.60865666666667"><ele>7.9</ele></trkpt><trkpt lat="-27.009848333333334" lon="-48.60865833333334"><ele>8.2</ele></trkpt><trkpt lat="-27.009849999999997" lon="-48.60865833333334"><ele>8.6</ele></trkpt><trkpt lat="-27.009849999999997" lon="-48.60865833333334"><ele>8.6</ele></trkpt><trkpt lat="-27.009849999999997" lon="-48.60865833333334"><ele>8.6</ele></trkpt><trkpt lat="-27.009855" lon="-48.60866333333333"><ele>9</ele></trkpt><trkpt lat="-27.009855" lon="-48.60866833333333"><ele>9</ele></trkpt><trkpt lat="-27.00985166666667" lon="-48.608665"><ele>9</ele></trkpt><trkpt lat="-27.00985166666667" lon="-48.60865999999999"><ele>9.1</ele></trkpt><trkpt lat="-27.00985166666667" lon="-48.60865999999999"><ele>9.1</ele></trkpt><trkpt lat="-27.00985166666667" lon="-48.60865999999999"><ele>9.1</ele></trkpt><trkpt lat="-27.00985166666667" lon="-48.60865999999999"><ele>9.1</ele></trkpt><trkpt lat="-27.00985166666667" lon="-48.60865999999999"><ele>9.1</ele></trkpt><trkpt lat="-27.00985166666667" lon="-48.60865999999999"><ele>9.1</ele></trkpt><trkpt lat="-27.00985166666667" lon="-48.60865999999999"><ele>9.1</ele></trkpt><trkpt lat="-27.00985166666667" lon="-48.60865999999999"><ele>9.1</ele></trkpt><trkpt lat="-27.009849999999997" lon="-48.60864333333334"><ele>8.6</ele></trkpt><trkpt lat="-27.00985166666667" lon="-48.60864333333334"><ele>8.7</ele></trkpt><trkpt lat="-27.00985166666667" lon="-48.60864333333334"><ele>8.5</ele></trkpt><trkpt lat="-27.009849999999997" lon="-48.608644999999996"><ele>8.3</ele></trkpt><trkpt lat="-27.009848333333334" lon="-48.608646666666665"><ele>8.2</ele></trkpt><trkpt lat="-27.009848333333334" lon="-48.608646666666665"><ele>8.2</ele></trkpt><trkpt lat="-27.009848333333334" lon="-48.608646666666665"><ele>8.2</ele></trkpt><trkpt lat="-27.009848333333334" lon="-48.608646666666665"><ele>8.2</ele></trkpt><trkpt lat="-27.009848333333334" lon="-48.608646666666665"><ele>8.2</ele></trkpt><trkpt lat="-27.009848333333334" lon="-48.608646666666665"><ele>8.2</ele></trkpt><trkpt lat="-27.009848333333334" lon="-48.608646666666665"><ele>8.2</ele></trkpt></trkseg></trk></gpx>