<?xml version="1.0" encoding="UTF-8"?>
<gpx xmlns="http://www.topografix.com/GPX/1/1" version="1.1" creator="@dwayneparton/geojson-to-gpx">
    <wpt lat="-27.00766" lon="-48.618428333333334">
        <ele>5.800000000000001</ele>
        <name>2 faixas</name>
    </wpt>
    <wpt lat="-27.010316666666668" lon="-48.615204999999996">
        <ele>6.9</ele>
        <name>100</name>
    </wpt>
    <wpt lat="-27.007828333333336" lon="-48.618088333333326">
        <ele>5.6</ele>
        <name>130</name>
    </wpt>
    <wpt lat="-27.011016666666666" lon="-48.614761666666666">
        <ele>5.6</ele>
        <name>A ciclo é completamente reta.</name>
    </wpt>
    <wpt lat="-27.011016666666666" lon="-48.614761666666666">
        <ele>5.6</ele>
        <name>Outro segregador: guardrail</name>
    </wpt>
    <wpt lat="-27.007869" lon="-48.618037">
        <name>área amortecimento: SEM (sobre calçada)</name>
    </wpt>
    <wpt lat="-27.007828333333336" lon="-48.618088333333326">
        <ele>5.6</ele>
        <name>Área de amortecimento da ciclo (cm)</name>
    </wpt>
    <wpt lat="-27.007828333333336" lon="-48.618088333333326">
        <ele>5.6</ele>
        <name>Área transitável da ciclo (cm)</name>
    </wpt>
    <wpt lat="-27.010316666666668" lon="-48.615204999999996">
        <ele>6.9</ele>
        <name>Área transitável da ciclo (cm)</name>
    </wpt>
    <wpt lat="-27.00766" lon="-48.618428333333334">
        <ele>5.800000000000001</ele>
        <name>Ausência de conexão entre ciclos.</name>
    </wpt>
    <wpt lat="-27.007676666666665" lon="-48.61841">
        <ele>7.699999999999999</ele>
        <name>Bidirecional</name>
    </wpt>
    <wpt lat="-27.010523333333335" lon="-48.61508833333334">
        <ele>7</ele>
        <name>Bueiro</name>
    </wpt>
    <wpt lat="-27.007976666666664" lon="-48.61779666666666">
        <ele>5</ele>
        <name>Buraco</name>
    </wpt>
    <wpt lat="-27.008348333333334" lon="-48.617151666666665">
        <ele>5.9</ele>
        <name>Buraco</name>
    </wpt>
    <wpt lat="-27.00876333333333" lon="-48.61656">
        <ele>6</ele>
        <name>Buraco</name>
    </wpt>
    <wpt lat="-27.008844999999997" lon="-48.616454999999995">
        <ele>6.5</ele>
        <name>Buraco</name>
    </wpt>
    <wpt lat="-27.009071666666667" lon="-48.61621333333333">
        <ele>8</ele>
        <name>Buraco</name>
    </wpt>
    <wpt lat="-27.009290000000004" lon="-48.61600166666667">
        <ele>6.1</ele>
        <name>Buraco</name>
    </wpt>
    <wpt lat="-27.00959833333333" lon="-48.61574166666666">
        <ele>7.6</ele>
        <name>Buraco</name>
    </wpt>
    <wpt lat="-27.00982666666666" lon="-48.61553000000001">
        <ele>6.5</ele>
        <name>Buraco</name>
    </wpt>
    <wpt lat="-27.010209999999997" lon="-48.61528">
        <ele>8.8</ele>
        <name>Buraco</name>
    </wpt>
    <wpt lat="-27.010434999999998" lon="-48.615138333333334">
        <ele>4.5</ele>
        <name>Buraco</name>
    </wpt>
    <wpt lat="-27.007673333333333" lon="-48.61840833333334">
        <ele>8.1</ele>
        <name>Calçada compartilhada</name>
    </wpt>
    <wpt lat="-27.00766" lon="-48.618428333333334">
        <ele>5.800000000000001</ele>
        <name>Concreto</name>
    </wpt>
    <wpt lat="-27.007816666666667" lon="-48.618133333333326">
        <ele>7.699999999999999</ele>
        <name>cruzamento perigoso via de alta velocidade</name>
    </wpt>
    <wpt lat="-27.007816666666667" lon="-48.61812499999999">
        <ele>7.9</ele>
        <name>Cruzamento perigoso. EXPLIQUE.</name>
    </wpt>
    <wpt lat="-27.00766" lon="-48.618428333333334">
        <ele>5.800000000000001</ele>
        <name>Estacionamento proibido na via</name>
    </wpt>
    <wpt lat="-27.010983333333336" lon="-48.614753333333326">
        <ele>6.300000000000001</ele>
        <name>Falhas que demandam redução de velocidade ou parada</name>
    </wpt>
    <wpt lat="-27.007686666666668" lon="-48.61839833333333">
        <ele>6.9</ele>
        <name>Foto</name>
    </wpt>
    <wpt lat="-27.007775" lon="-48.61823">
        <ele>10</ele>
        <name>Foto</name>
    </wpt>
    <wpt lat="-27.00780166666667" lon="-48.618185">
        <ele>6.9</ele>
        <name>Foto</name>
    </wpt>
    <wpt lat="-27.007921666666668" lon="-48.61789999999999">
        <ele>5.5</ele>
        <name>Foto</name>
    </wpt>
    <wpt lat="-27.00796666666667" lon="-48.617779999999996">
        <ele>5.1</ele>
        <name>Foto</name>
    </wpt>
    <wpt lat="-27.008106666666663" lon="-48.61752499999999">
        <ele>7.4</ele>
        <name>Foto</name>
    </wpt>
    <wpt lat="-27.008336666666665" lon="-48.61714833333334">
        <ele>6.199999999999999</ele>
        <name>Foto</name>
    </wpt>
    <wpt lat="-27.008754999999997" lon="-48.616556666666675">
        <ele>5.9</ele>
        <name>Foto</name>
    </wpt>
    <wpt lat="-27.00883666666667" lon="-48.616454999999995">
        <ele>6.699999999999999</ele>
        <name>Foto</name>
    </wpt>
    <wpt lat="-27.009068333333335" lon="-48.616220000000006">
        <ele>7.1</ele>
        <name>Foto</name>
    </wpt>
    <wpt lat="-27.00928333333333" lon="-48.61600833333333">
        <ele>5.6</ele>
        <name>Foto</name>
    </wpt>
    <wpt lat="-27.00959833333333" lon="-48.61574166666666">
        <ele>7.6</ele>
        <name>Foto</name>
    </wpt>
    <wpt lat="-27.00959833333333" lon="-48.61574166666666">
        <ele>7.6</ele>
        <name>Foto</name>
    </wpt>
    <wpt lat="-27.009825" lon="-48.615539999999996">
        <ele>6.4</ele>
        <name>Foto</name>
    </wpt>
    <wpt lat="-27.010206666666665" lon="-48.61527666666666">
        <ele>8.3</ele>
        <name>Foto</name>
    </wpt>
    <wpt lat="-27.010486666666665" lon="-48.61511166666666">
        <ele>6.9</ele>
        <name>Foto</name>
    </wpt>
    <wpt lat="-27.010523333333335" lon="-48.61508833333334">
        <ele>7</ele>
        <name>Foto</name>
    </wpt>
    <wpt lat="-27.01064666666667" lon="-48.614991666666675">
        <ele>4</ele>
        <name>Foto</name>
    </wpt>
    <wpt lat="-27.010983333333336" lon="-48.614753333333326">
        <ele>6.300000000000001</ele>
        <name>Iluminação geral na via do mesmo lado da estrutura</name>
    </wpt>
    <wpt lat="-27.011016666666666" lon="-48.614761666666666">
        <ele>5.6</ele>
        <name>Não há árvores nem mudas</name>
    </wpt>
    <wpt lat="-27.00782" lon="-48.61809333333334">
        <ele>6.6</ele>
        <name>Nenhum elemento de controle de velocidade na via</name>
    </wpt>
    <wpt lat="-27.00766" lon="-48.618428333333334">
        <ele>5.800000000000001</ele>
        <name>No bordo direito de Via de Mão Única</name>
    </wpt>
    <wpt lat="-27.010015" lon="-48.61542166666666">
        <ele>6.199999999999999</ele>
        <name>Nota</name>
    </wpt>
    <wpt lat="-27.007907" lon="-48.618069">
        <name>obstáculo: rampa para calçada danificada</name>
    </wpt>
    <wpt lat="-27.00781833333333" lon="-48.61810833333334">
        <ele>7.800000000000001</ele>
        <name>Outro obstáculo</name>
    </wpt>
    <wpt lat="-27.007874" lon="-48.618069">
        <name>Outro obstáculo</name>
    </wpt>
    <wpt lat="-27.008754999999997" lon="-48.616556666666675">
        <ele>5.9</ele>
        <name>outro risco: passagem sobre canal fluvial sem segregação</name>
    </wpt>
    <wpt lat="-27.008754999999997" lon="-48.616556666666675">
        <ele>5.9</ele>
        <name>Outro risco. EXPLIQUE.</name>
    </wpt>
    <wpt lat="-27.00766" lon="-48.618428333333334">
        <ele>5.800000000000001</ele>
        <name>padrão de pintura SEM pintura</name>
    </wpt>
    <wpt lat="-27.008003" lon="-48.617844">
        <name>Padrão de pintura: SEM pintura</name>
    </wpt>
    <wpt lat="-27.007988" lon="-48.617769">
        <name>Pista dupla</name>
    </wpt>
    <wpt lat="-27.00959833333333" lon="-48.61574166666666">
        <ele>7.6</ele>
        <name>R-36</name>
    </wpt>
    <wpt lat="-27.00781833333333" lon="-48.61810833333334">
        <ele>7.800000000000001</ele>
        <name>rampa de acesso a calçada péssima qualidade quebrada </name>
    </wpt>
    <wpt lat="-27.007828333333336" lon="-48.618088333333326">
        <ele>5.6</ele>
        <name>sem amortecimento calçada</name>
    </wpt>
    <wpt lat="-27.00766" lon="-48.618428333333334">
        <ele>5.800000000000001</ele>
        <name>SEM pintura no cruzamento</name>
    </wpt>
    <wpt lat="-27.011016666666666" lon="-48.614761666666666">
        <ele>5.6</ele>
        <name>situação da pintura: SEM pintura</name>
    </wpt>
    <wpt lat="-27.007945" lon="-48.617962">
        <name>Sobre calçada</name>
    </wpt>
    <trk>
        <name>Compart. Av. Marg. Oeste BR 101 T3 - BC</name>
        <trkseg>
            <trkpt lat="-27.00762333333333" lon="-48.618495">
                <ele>10</ele>
            </trkpt>
            <trkpt lat="-27.00766833333333" lon="-48.61845166666667">
                <ele>9.1</ele>
            </trkpt>
            <trkpt lat="-27.00766666666667" lon="-48.61846166666666">
                <ele>8.8</ele>
            </trkpt>
            <trkpt lat="-27.007551666666668" lon="-48.61847666666666">
                <ele>3</ele>
            </trkpt>
            <trkpt lat="-27.007603333333336" lon="-48.618465">
                <ele>4.7</ele>
            </trkpt>
            <trkpt lat="-27.00761" lon="-48.618465">
                <ele>6</ele>
            </trkpt>
            <trkpt lat="-27.007649999999998" lon="-48.61843166666666">
                <ele>7</ele>
            </trkpt>
            <trkpt lat="-27.00766" lon="-48.61842333333334">
                <ele>7.6</ele>
            </trkpt>
            <trkpt lat="-27.00766" lon="-48.618415000000006">
                <ele>8.1</ele>
            </trkpt>
            <trkpt lat="-27.00765833333333" lon="-48.61841166666667">
                <ele>8.3</ele>
            </trkpt>
            <trkpt lat="-27.00765666666667" lon="-48.61841">
                <ele>8.7</ele>
            </trkpt>
            <trkpt lat="-27.00765833333333" lon="-48.61841166666667">
                <ele>8.7</ele>
            </trkpt>
            <trkpt lat="-27.007661666666664" lon="-48.618415000000006">
                <ele>8.5</ele>
            </trkpt>
            <trkpt lat="-27.007663333333333" lon="-48.618413333333336">
                <ele>8.3</ele>
            </trkpt>
            <trkpt lat="-27.00767" lon="-48.61841">
                <ele>8.2</ele>
            </trkpt>
            <trkpt lat="-27.007673333333333" lon="-48.61840833333334">
                <ele>8.1</ele>
            </trkpt>
            <trkpt lat="-27.007673333333333" lon="-48.61840833333334">
                <ele>8.1</ele>
            </trkpt>
            <trkpt lat="-27.007675000000003" lon="-48.61840666666667">
                <ele>8</ele>
            </trkpt>
            <trkpt lat="-27.007676666666665" lon="-48.61840833333334">
                <ele>7.9</ele>
            </trkpt>
            <trkpt lat="-27.007676666666665" lon="-48.61840833333334">
                <ele>7.9</ele>
            </trkpt>
            <trkpt lat="-27.007676666666665" lon="-48.61841">
                <ele>7.800000000000001</ele>
            </trkpt>
            <trkpt lat="-27.007676666666665" lon="-48.61841">
                <ele>7.699999999999999</ele>
            </trkpt>
            <trkpt lat="-27.007676666666665" lon="-48.61841">
                <ele>7.699999999999999</ele>
            </trkpt>
            <trkpt lat="-27.007676666666665" lon="-48.61841">
                <ele>7.6</ele>
            </trkpt>
            <trkpt lat="-27.007676666666665" lon="-48.61841166666667">
                <ele>7.6</ele>
            </trkpt>
            <trkpt lat="-27.007676666666665" lon="-48.61841166666667">
                <ele>7.6</ele>
            </trkpt>
            <trkpt lat="-27.007675000000003" lon="-48.618413333333336">
                <ele>7.4</ele>
            </trkpt>
            <trkpt lat="-27.007675000000003" lon="-48.618415000000006">
                <ele>7.300000000000001</ele>
            </trkpt>
            <trkpt lat="-27.007673333333333" lon="-48.61841833333333">
                <ele>7.1</ele>
            </trkpt>
            <trkpt lat="-27.00766833333333" lon="-48.61842">
                <ele>6.9</ele>
            </trkpt>
            <trkpt lat="-27.00766833333333" lon="-48.61842333333334">
                <ele>6.699999999999999</ele>
            </trkpt>
            <trkpt lat="-27.00766666666667" lon="-48.61842333333334">
                <ele>6.5</ele>
            </trkpt>
            <trkpt lat="-27.007664999999996" lon="-48.618424999999995">
                <ele>6.4</ele>
            </trkpt>
            <trkpt lat="-27.007664999999996" lon="-48.618424999999995">
                <ele>6.300000000000001</ele>
            </trkpt>
            <trkpt lat="-27.007663333333333" lon="-48.618424999999995">
                <ele>6.199999999999999</ele>
            </trkpt>
            <trkpt lat="-27.00766" lon="-48.618424999999995">
                <ele>6.199999999999999</ele>
            </trkpt>
            <trkpt lat="-27.00765833333333" lon="-48.618424999999995">
                <ele>6.1</ele>
            </trkpt>
            <trkpt lat="-27.00766" lon="-48.618426666666664">
                <ele>6</ele>
            </trkpt>
            <trkpt lat="-27.00766" lon="-48.618428333333334">
                <ele>5.9</ele>
            </trkpt>
            <trkpt lat="-27.00766" lon="-48.618428333333334">
                <ele>5.800000000000001</ele>
            </trkpt>
            <trkpt lat="-27.00766" lon="-48.618428333333334">
                <ele>5.800000000000001</ele>
            </trkpt>
            <trkpt lat="-27.00766" lon="-48.618428333333334">
                <ele>5.800000000000001</ele>
            </trkpt>
            <trkpt lat="-27.00766" lon="-48.618428333333334">
                <ele>5.800000000000001</ele>
            </trkpt>
            <trkpt lat="-27.00766" lon="-48.618428333333334">
                <ele>5.800000000000001</ele>
            </trkpt>
            <trkpt lat="-27.00766" lon="-48.618428333333334">
                <ele>5.800000000000001</ele>
            </trkpt>
            <trkpt lat="-27.00766" lon="-48.618428333333334">
                <ele>5.800000000000001</ele>
            </trkpt>
            <trkpt lat="-27.00766" lon="-48.618428333333334">
                <ele>5.800000000000001</ele>
            </trkpt>
            <trkpt lat="-27.00766" lon="-48.618428333333334">
                <ele>5.800000000000001</ele>
            </trkpt>
            <trkpt lat="-27.00766" lon="-48.618428333333334">
                <ele>5.800000000000001</ele>
            </trkpt>
            <trkpt lat="-27.00766" lon="-48.618428333333334">
                <ele>5.800000000000001</ele>
            </trkpt>
            <trkpt lat="-27.00766" lon="-48.618428333333334">
                <ele>5.800000000000001</ele>
            </trkpt>
            <trkpt lat="-27.00766" lon="-48.618428333333334">
                <ele>5.800000000000001</ele>
            </trkpt>
            <trkpt lat="-27.00766" lon="-48.618428333333334">
                <ele>5.800000000000001</ele>
            </trkpt>
            <trkpt lat="-27.00766" lon="-48.618428333333334">
                <ele>5.800000000000001</ele>
            </trkpt>
            <trkpt lat="-27.00766" lon="-48.618428333333334">
                <ele>5.800000000000001</ele>
            </trkpt>
            <trkpt lat="-27.00766" lon="-48.618428333333334">
                <ele>5.800000000000001</ele>
            </trkpt>
            <trkpt lat="-27.00766" lon="-48.618428333333334">
                <ele>5.800000000000001</ele>
            </trkpt>
            <trkpt lat="-27.00766" lon="-48.618428333333334">
                <ele>5.800000000000001</ele>
            </trkpt>
            <trkpt lat="-27.00766" lon="-48.618428333333334">
                <ele>5.800000000000001</ele>
            </trkpt>
            <trkpt lat="-27.00766" lon="-48.618428333333334">
                <ele>5.800000000000001</ele>
            </trkpt>
            <trkpt lat="-27.00766" lon="-48.618428333333334">
                <ele>5.800000000000001</ele>
            </trkpt>
            <trkpt lat="-27.00766" lon="-48.618428333333334">
                <ele>5.800000000000001</ele>
            </trkpt>
            <trkpt lat="-27.00766" lon="-48.618428333333334">
                <ele>5.800000000000001</ele>
            </trkpt>
            <trkpt lat="-27.00766" lon="-48.618428333333334">
                <ele>5.800000000000001</ele>
            </trkpt>
            <trkpt lat="-27.00766" lon="-48.618428333333334">
                <ele>5.800000000000001</ele>
            </trkpt>
            <trkpt lat="-27.00766" lon="-48.618428333333334">
                <ele>5.800000000000001</ele>
            </trkpt>
            <trkpt lat="-27.00766" lon="-48.618428333333334">
                <ele>5.800000000000001</ele>
            </trkpt>
            <trkpt lat="-27.00766" lon="-48.618428333333334">
                <ele>5.800000000000001</ele>
            </trkpt>
            <trkpt lat="-27.00766" lon="-48.618428333333334">
                <ele>5.800000000000001</ele>
            </trkpt>
            <trkpt lat="-27.00766" lon="-48.618428333333334">
                <ele>5.800000000000001</ele>
            </trkpt>
            <trkpt lat="-27.00766" lon="-48.618428333333334">
                <ele>5.800000000000001</ele>
            </trkpt>
            <trkpt lat="-27.00766" lon="-48.618428333333334">
                <ele>5.800000000000001</ele>
            </trkpt>
            <trkpt lat="-27.00766" lon="-48.618428333333334">
                <ele>5.800000000000001</ele>
            </trkpt>
            <trkpt lat="-27.00766" lon="-48.618428333333334">
                <ele>5.800000000000001</ele>
            </trkpt>
            <trkpt lat="-27.00766" lon="-48.618428333333334">
                <ele>5.800000000000001</ele>
            </trkpt>
            <trkpt lat="-27.00766" lon="-48.618428333333334">
                <ele>5.800000000000001</ele>
            </trkpt>
            <trkpt lat="-27.00766" lon="-48.618428333333334">
                <ele>5.800000000000001</ele>
            </trkpt>
            <trkpt lat="-27.00766" lon="-48.618428333333334">
                <ele>5.800000000000001</ele>
            </trkpt>
            <trkpt lat="-27.00766" lon="-48.618428333333334">
                <ele>5.800000000000001</ele>
            </trkpt>
            <trkpt lat="-27.00766" lon="-48.618428333333334">
                <ele>5.800000000000001</ele>
            </trkpt>
            <trkpt lat="-27.00766" lon="-48.618428333333334">
                <ele>5.800000000000001</ele>
            </trkpt>
            <trkpt lat="-27.00766" lon="-48.618428333333334">
                <ele>5.800000000000001</ele>
            </trkpt>
            <trkpt lat="-27.00766" lon="-48.618428333333334">
                <ele>5.800000000000001</ele>
            </trkpt>
            <trkpt lat="-27.00766" lon="-48.618428333333334">
                <ele>5.800000000000001</ele>
            </trkpt>
            <trkpt lat="-27.00766" lon="-48.618428333333334">
                <ele>5.800000000000001</ele>
            </trkpt>
            <trkpt lat="-27.00766" lon="-48.618428333333334">
                <ele>5.800000000000001</ele>
            </trkpt>
            <trkpt lat="-27.00766" lon="-48.618428333333334">
                <ele>5.800000000000001</ele>
            </trkpt>
            <trkpt lat="-27.00766" lon="-48.618428333333334">
                <ele>5.800000000000001</ele>
            </trkpt>
            <trkpt lat="-27.00766" lon="-48.618428333333334">
                <ele>5.800000000000001</ele>
            </trkpt>
            <trkpt lat="-27.00766" lon="-48.618428333333334">
                <ele>5.800000000000001</ele>
            </trkpt>
            <trkpt lat="-27.00766" lon="-48.618428333333334">
                <ele>5.800000000000001</ele>
            </trkpt>
            <trkpt lat="-27.00766" lon="-48.618428333333334">
                <ele>5.800000000000001</ele>
            </trkpt>
            <trkpt lat="-27.00766" lon="-48.618428333333334">
                <ele>5.800000000000001</ele>
            </trkpt>
            <trkpt lat="-27.00766" lon="-48.618428333333334">
                <ele>5.800000000000001</ele>
            </trkpt>
            <trkpt lat="-27.00766" lon="-48.618428333333334">
                <ele>5.800000000000001</ele>
            </trkpt>
            <trkpt lat="-27.00766" lon="-48.618428333333334">
                <ele>5.800000000000001</ele>
            </trkpt>
            <trkpt lat="-27.00766" lon="-48.618428333333334">
                <ele>5.800000000000001</ele>
            </trkpt>
            <trkpt lat="-27.00766" lon="-48.618428333333334">
                <ele>5.800000000000001</ele>
            </trkpt>
            <trkpt lat="-27.00766" lon="-48.618428333333334">
                <ele>5.800000000000001</ele>
            </trkpt>
            <trkpt lat="-27.00766" lon="-48.618428333333334">
                <ele>5.800000000000001</ele>
            </trkpt>
            <trkpt lat="-27.00766" lon="-48.618428333333334">
                <ele>5.800000000000001</ele>
            </trkpt>
            <trkpt lat="-27.00766" lon="-48.618428333333334">
                <ele>5.800000000000001</ele>
            </trkpt>
            <trkpt lat="-27.00766" lon="-48.618428333333334">
                <ele>5.800000000000001</ele>
            </trkpt>
            <trkpt lat="-27.00766" lon="-48.618428333333334">
                <ele>5.800000000000001</ele>
            </trkpt>
            <trkpt lat="-27.00766" lon="-48.618428333333334">
                <ele>5.800000000000001</ele>
            </trkpt>
            <trkpt lat="-27.00766" lon="-48.618428333333334">
                <ele>5.800000000000001</ele>
            </trkpt>
            <trkpt lat="-27.00766" lon="-48.618428333333334">
                <ele>5.800000000000001</ele>
            </trkpt>
            <trkpt lat="-27.00766" lon="-48.618428333333334">
                <ele>5.800000000000001</ele>
            </trkpt>
            <trkpt lat="-27.00766" lon="-48.618428333333334">
                <ele>5.800000000000001</ele>
            </trkpt>
            <trkpt lat="-27.00766" lon="-48.618428333333334">
                <ele>5.800000000000001</ele>
            </trkpt>
            <trkpt lat="-27.00766" lon="-48.618428333333334">
                <ele>5.800000000000001</ele>
            </trkpt>
            <trkpt lat="-27.00766" lon="-48.618428333333334">
                <ele>5.800000000000001</ele>
            </trkpt>
            <trkpt lat="-27.00766" lon="-48.618428333333334">
                <ele>5.800000000000001</ele>
            </trkpt>
            <trkpt lat="-27.00766" lon="-48.618428333333334">
                <ele>5.800000000000001</ele>
            </trkpt>
            <trkpt lat="-27.00766" lon="-48.618428333333334">
                <ele>5.800000000000001</ele>
            </trkpt>
            <trkpt lat="-27.00766" lon="-48.618428333333334">
                <ele>5.800000000000001</ele>
            </trkpt>
            <trkpt lat="-27.00766" lon="-48.618428333333334">
                <ele>5.800000000000001</ele>
            </trkpt>
            <trkpt lat="-27.00766" lon="-48.618428333333334">
                <ele>5.800000000000001</ele>
            </trkpt>
            <trkpt lat="-27.00766" lon="-48.618428333333334">
                <ele>5.800000000000001</ele>
            </trkpt>
            <trkpt lat="-27.00766" lon="-48.618428333333334">
                <ele>5.800000000000001</ele>
            </trkpt>
            <trkpt lat="-27.00766" lon="-48.618428333333334">
                <ele>5.800000000000001</ele>
            </trkpt>
            <trkpt lat="-27.00766" lon="-48.618428333333334">
                <ele>5.800000000000001</ele>
            </trkpt>
            <trkpt lat="-27.00766" lon="-48.618428333333334">
                <ele>5.800000000000001</ele>
            </trkpt>
            <trkpt lat="-27.00766" lon="-48.618428333333334">
                <ele>5.800000000000001</ele>
            </trkpt>
            <trkpt lat="-27.00766" lon="-48.618428333333334">
                <ele>5.800000000000001</ele>
            </trkpt>
            <trkpt lat="-27.00766" lon="-48.618428333333334">
                <ele>5.800000000000001</ele>
            </trkpt>
            <trkpt lat="-27.00766" lon="-48.618428333333334">
                <ele>5.800000000000001</ele>
            </trkpt>
            <trkpt lat="-27.00766" lon="-48.618428333333334">
                <ele>5.800000000000001</ele>
            </trkpt>
            <trkpt lat="-27.00766" lon="-48.618428333333334">
                <ele>5.800000000000001</ele>
            </trkpt>
            <trkpt lat="-27.00766" lon="-48.618428333333334">
                <ele>5.800000000000001</ele>
            </trkpt>
            <trkpt lat="-27.00766" lon="-48.618428333333334">
                <ele>5.800000000000001</ele>
            </trkpt>
            <trkpt lat="-27.00766" lon="-48.618428333333334">
                <ele>5.800000000000001</ele>
            </trkpt>
            <trkpt lat="-27.00766" lon="-48.618428333333334">
                <ele>5.800000000000001</ele>
            </trkpt>
            <trkpt lat="-27.00766" lon="-48.618428333333334">
                <ele>5.800000000000001</ele>
            </trkpt>
            <trkpt lat="-27.00766" lon="-48.618428333333334">
                <ele>5.800000000000001</ele>
            </trkpt>
            <trkpt lat="-27.00766" lon="-48.618428333333334">
                <ele>5.800000000000001</ele>
            </trkpt>
            <trkpt lat="-27.00766" lon="-48.618428333333334">
                <ele>5.800000000000001</ele>
            </trkpt>
            <trkpt lat="-27.00766" lon="-48.618428333333334">
                <ele>5.800000000000001</ele>
            </trkpt>
            <trkpt lat="-27.00766" lon="-48.618428333333334">
                <ele>5.800000000000001</ele>
            </trkpt>
            <trkpt lat="-27.00766" lon="-48.618428333333334">
                <ele>5.800000000000001</ele>
            </trkpt>
            <trkpt lat="-27.00766" lon="-48.618428333333334">
                <ele>5.800000000000001</ele>
            </trkpt>
            <trkpt lat="-27.00766" lon="-48.618428333333334">
                <ele>5.800000000000001</ele>
            </trkpt>
            <trkpt lat="-27.00766" lon="-48.618428333333334">
                <ele>5.800000000000001</ele>
            </trkpt>
            <trkpt lat="-27.00766" lon="-48.618428333333334">
                <ele>5.800000000000001</ele>
            </trkpt>
            <trkpt lat="-27.00766" lon="-48.618428333333334">
                <ele>5.800000000000001</ele>
            </trkpt>
            <trkpt lat="-27.00766" lon="-48.618428333333334">
                <ele>5.800000000000001</ele>
            </trkpt>
            <trkpt lat="-27.00766" lon="-48.618428333333334">
                <ele>5.800000000000001</ele>
            </trkpt>
            <trkpt lat="-27.00766" lon="-48.618428333333334">
                <ele>5.800000000000001</ele>
            </trkpt>
            <trkpt lat="-27.00766" lon="-48.618428333333334">
                <ele>5.800000000000001</ele>
            </trkpt>
            <trkpt lat="-27.00766" lon="-48.618428333333334">
                <ele>5.800000000000001</ele>
            </trkpt>
            <trkpt lat="-27.00766" lon="-48.618428333333334">
                <ele>5.800000000000001</ele>
            </trkpt>
            <trkpt lat="-27.00766" lon="-48.618428333333334">
                <ele>5.800000000000001</ele>
            </trkpt>
            <trkpt lat="-27.00767166666667" lon="-48.61840833333334">
                <ele>7.300000000000001</ele>
            </trkpt>
            <trkpt lat="-27.007675000000003" lon="-48.618403333333326">
                <ele>7.300000000000001</ele>
            </trkpt>
            <trkpt lat="-27.007681666666667" lon="-48.6184">
                <ele>7.199999999999999</ele>
            </trkpt>
            <trkpt lat="-27.007685" lon="-48.6184">
                <ele>7.1</ele>
            </trkpt>
            <trkpt lat="-27.007686666666668" lon="-48.61839833333333">
                <ele>6.9</ele>
            </trkpt>
            <trkpt lat="-27.007686666666668" lon="-48.61839833333333">
                <ele>6.9</ele>
            </trkpt>
            <trkpt lat="-27.007686666666668" lon="-48.61839833333333">
                <ele>6.9</ele>
            </trkpt>
            <trkpt lat="-27.007686666666668" lon="-48.61839833333333">
                <ele>6.9</ele>
            </trkpt>
            <trkpt lat="-27.007686666666668" lon="-48.61841833333333">
                <ele>6.6</ele>
            </trkpt>
            <trkpt lat="-27.007685" lon="-48.618430000000004">
                <ele>6.4</ele>
            </trkpt>
            <trkpt lat="-27.007681666666667" lon="-48.61843666666667">
                <ele>6.5</ele>
            </trkpt>
            <trkpt lat="-27.00768333333333" lon="-48.61843666666667">
                <ele>6.6</ele>
            </trkpt>
            <trkpt lat="-27.007685" lon="-48.61843166666666">
                <ele>6.5</ele>
            </trkpt>
            <trkpt lat="-27.007685" lon="-48.61842166666667">
                <ele>6.6</ele>
            </trkpt>
            <trkpt lat="-27.007686666666668" lon="-48.61841">
                <ele>6.9</ele>
            </trkpt>
            <trkpt lat="-27.007690000000004" lon="-48.61839833333333">
                <ele>6.9</ele>
            </trkpt>
            <trkpt lat="-27.0077" lon="-48.618385">
                <ele>7</ele>
            </trkpt>
            <trkpt lat="-27.007708333333333" lon="-48.618375">
                <ele>6.9</ele>
            </trkpt>
            <trkpt lat="-27.00771666666667" lon="-48.61836333333334">
                <ele>6.9</ele>
            </trkpt>
            <trkpt lat="-27.007721666666665" lon="-48.61835333333333">
                <ele>7.199999999999999</ele>
            </trkpt>
            <trkpt lat="-27.00772833333333" lon="-48.618345">
                <ele>7</ele>
            </trkpt>
            <trkpt lat="-27.00773" lon="-48.618334999999995">
                <ele>6.800000000000001</ele>
            </trkpt>
            <trkpt lat="-27.007736666666666" lon="-48.618325000000006">
                <ele>6.6</ele>
            </trkpt>
            <trkpt lat="-27.00774" lon="-48.61831">
                <ele>6.6</ele>
            </trkpt>
            <trkpt lat="-27.00774666666667" lon="-48.61829666666666">
                <ele>6.800000000000001</ele>
            </trkpt>
            <trkpt lat="-27.00775" lon="-48.61828333333333">
                <ele>7.1</ele>
            </trkpt>
            <trkpt lat="-27.007754999999996" lon="-48.61827333333334">
                <ele>7</ele>
            </trkpt>
            <trkpt lat="-27.00776" lon="-48.618265">
                <ele>7.199999999999999</ele>
            </trkpt>
            <trkpt lat="-27.00776166666667" lon="-48.61825666666667">
                <ele>7.300000000000001</ele>
            </trkpt>
            <trkpt lat="-27.007763333333333" lon="-48.61825">
                <ele>7.5</ele>
            </trkpt>
            <trkpt lat="-27.007763333333333" lon="-48.61824166666667">
                <ele>7.699999999999999</ele>
            </trkpt>
            <trkpt lat="-27.007763333333333" lon="-48.618233333333336">
                <ele>8.1</ele>
            </trkpt>
            <trkpt lat="-27.007769999999997" lon="-48.61823">
                <ele>8.6</ele>
            </trkpt>
            <trkpt lat="-27.007775" lon="-48.61822833333334">
                <ele>8.8</ele>
            </trkpt>
            <trkpt lat="-27.007775" lon="-48.61823">
                <ele>10</ele>
            </trkpt>
            <trkpt lat="-27.007775" lon="-48.61823">
                <ele>10</ele>
            </trkpt>
            <trkpt lat="-27.007775" lon="-48.61822833333334">
                <ele>9.799999999999999</ele>
            </trkpt>
            <trkpt lat="-27.00777666666667" lon="-48.61822833333334">
                <ele>9.9</ele>
            </trkpt>
            <trkpt lat="-27.00777666666667" lon="-48.618223333333326">
                <ele>9.7</ele>
            </trkpt>
            <trkpt lat="-27.00777833333333" lon="-48.618225">
                <ele>9.6</ele>
            </trkpt>
            <trkpt lat="-27.00777833333333" lon="-48.61822166666668">
                <ele>9.2</ele>
            </trkpt>
            <trkpt lat="-27.007781666666666" lon="-48.61821499999999">
                <ele>9.1</ele>
            </trkpt>
            <trkpt lat="-27.007785" lon="-48.61820666666667">
                <ele>8.8</ele>
            </trkpt>
            <trkpt lat="-27.00779166666667" lon="-48.61819666666667">
                <ele>8.4</ele>
            </trkpt>
            <trkpt lat="-27.007796666666664" lon="-48.618190000000006">
                <ele>7.9</ele>
            </trkpt>
            <trkpt lat="-27.007799999999996" lon="-48.618191666666675">
                <ele>7.4</ele>
            </trkpt>
            <trkpt lat="-27.007799999999996" lon="-48.618191666666675">
                <ele>7.1</ele>
            </trkpt>
            <trkpt lat="-27.00780166666667" lon="-48.618185">
                <ele>6.9</ele>
            </trkpt>
            <trkpt lat="-27.00780166666667" lon="-48.618185">
                <ele>6.9</ele>
            </trkpt>
            <trkpt lat="-27.007808333333333" lon="-48.61817333333333">
                <ele>6.699999999999999</ele>
            </trkpt>
            <trkpt lat="-27.007813333333335" lon="-48.61816166666667">
                <ele>6.699999999999999</ele>
            </trkpt>
            <trkpt lat="-27.007816666666667" lon="-48.61815166666667">
                <ele>6.9</ele>
            </trkpt>
            <trkpt lat="-27.00782166666667" lon="-48.61814">
                <ele>6.800000000000001</ele>
            </trkpt>
            <trkpt lat="-27.00782333333333" lon="-48.61812666666666">
                <ele>6.699999999999999</ele>
            </trkpt>
            <trkpt lat="-27.00782333333333" lon="-48.618115">
                <ele>6.4</ele>
            </trkpt>
            <trkpt lat="-27.007828333333336" lon="-48.618105">
                <ele>6.1</ele>
            </trkpt>
            <trkpt lat="-27.00783" lon="-48.618096666666666">
                <ele>6</ele>
            </trkpt>
            <trkpt lat="-27.007831666666668" lon="-48.61809333333334">
                <ele>6</ele>
            </trkpt>
            <trkpt lat="-27.00783333333333" lon="-48.61809">
                <ele>6</ele>
            </trkpt>
            <trkpt lat="-27.00783333333333" lon="-48.618088333333326">
                <ele>6</ele>
            </trkpt>
            <trkpt lat="-27.00783333333333" lon="-48.61808666666668">
                <ele>6.1</ele>
            </trkpt>
            <trkpt lat="-27.00783" lon="-48.61808166666666">
                <ele>6.800000000000001</ele>
            </trkpt>
            <trkpt lat="-27.00783" lon="-48.61807999999999">
                <ele>6.699999999999999</ele>
            </trkpt>
            <trkpt lat="-27.00783" lon="-48.61807999999999">
                <ele>6.199999999999999</ele>
            </trkpt>
            <trkpt lat="-27.00783" lon="-48.618085">
                <ele>5.800000000000001</ele>
            </trkpt>
            <trkpt lat="-27.00783" lon="-48.61808666666668">
                <ele>5.6</ele>
            </trkpt>
            <trkpt lat="-27.007828333333336" lon="-48.618088333333326">
                <ele>5.6</ele>
            </trkpt>
            <trkpt lat="-27.007828333333336" lon="-48.618088333333326">
                <ele>5.6</ele>
            </trkpt>
            <trkpt lat="-27.007828333333336" lon="-48.618088333333326">
                <ele>5.6</ele>
            </trkpt>
            <trkpt lat="-27.007828333333336" lon="-48.618088333333326">
                <ele>5.6</ele>
            </trkpt>
            <trkpt lat="-27.007828333333336" lon="-48.618088333333326">
                <ele>5.6</ele>
            </trkpt>
            <trkpt lat="-27.007828333333336" lon="-48.618088333333326">
                <ele>5.6</ele>
            </trkpt>
            <trkpt lat="-27.007828333333336" lon="-48.618088333333326">
                <ele>5.6</ele>
            </trkpt>
            <trkpt lat="-27.007828333333336" lon="-48.618088333333326">
                <ele>5.6</ele>
            </trkpt>
            <trkpt lat="-27.007828333333336" lon="-48.618088333333326">
                <ele>5.6</ele>
            </trkpt>
            <trkpt lat="-27.007828333333336" lon="-48.618088333333326">
                <ele>5.6</ele>
            </trkpt>
            <trkpt lat="-27.007828333333336" lon="-48.618088333333326">
                <ele>5.6</ele>
            </trkpt>
            <trkpt lat="-27.007828333333336" lon="-48.618088333333326">
                <ele>5.6</ele>
            </trkpt>
            <trkpt lat="-27.007828333333336" lon="-48.618088333333326">
                <ele>5.6</ele>
            </trkpt>
            <trkpt lat="-27.007828333333336" lon="-48.618088333333326">
                <ele>5.6</ele>
            </trkpt>
            <trkpt lat="-27.007828333333336" lon="-48.618088333333326">
                <ele>5.6</ele>
            </trkpt>
            <trkpt lat="-27.007828333333336" lon="-48.618088333333326">
                <ele>5.6</ele>
            </trkpt>
            <trkpt lat="-27.007828333333336" lon="-48.618088333333326">
                <ele>5.6</ele>
            </trkpt>
            <trkpt lat="-27.007828333333336" lon="-48.618088333333326">
                <ele>5.6</ele>
            </trkpt>
            <trkpt lat="-27.007828333333336" lon="-48.618088333333326">
                <ele>5.6</ele>
            </trkpt>
            <trkpt lat="-27.007828333333336" lon="-48.618088333333326">
                <ele>5.6</ele>
            </trkpt>
            <trkpt lat="-27.007828333333336" lon="-48.618088333333326">
                <ele>5.6</ele>
            </trkpt>
            <trkpt lat="-27.007828333333336" lon="-48.618088333333326">
                <ele>5.6</ele>
            </trkpt>
            <trkpt lat="-27.007828333333336" lon="-48.618088333333326">
                <ele>5.6</ele>
            </trkpt>
            <trkpt lat="-27.007828333333336" lon="-48.618088333333326">
                <ele>5.6</ele>
            </trkpt>
            <trkpt lat="-27.007828333333336" lon="-48.618088333333326">
                <ele>5.6</ele>
            </trkpt>
            <trkpt lat="-27.007828333333336" lon="-48.618088333333326">
                <ele>5.6</ele>
            </trkpt>
            <trkpt lat="-27.007828333333336" lon="-48.618088333333326">
                <ele>5.6</ele>
            </trkpt>
            <trkpt lat="-27.007828333333336" lon="-48.618088333333326">
                <ele>5.6</ele>
            </trkpt>
            <trkpt lat="-27.007828333333336" lon="-48.618088333333326">
                <ele>5.6</ele>
            </trkpt>
            <trkpt lat="-27.007828333333336" lon="-48.618088333333326">
                <ele>5.6</ele>
            </trkpt>
            <trkpt lat="-27.007828333333336" lon="-48.618088333333326">
                <ele>5.6</ele>
            </trkpt>
            <trkpt lat="-27.007828333333336" lon="-48.618088333333326">
                <ele>5.6</ele>
            </trkpt>
            <trkpt lat="-27.007828333333336" lon="-48.618088333333326">
                <ele>5.6</ele>
            </trkpt>
            <trkpt lat="-27.007828333333336" lon="-48.618088333333326">
                <ele>5.6</ele>
            </trkpt>
            <trkpt lat="-27.007828333333336" lon="-48.618088333333326">
                <ele>5.6</ele>
            </trkpt>
            <trkpt lat="-27.007828333333336" lon="-48.618088333333326">
                <ele>5.6</ele>
            </trkpt>
            <trkpt lat="-27.007828333333336" lon="-48.618088333333326">
                <ele>5.6</ele>
            </trkpt>
            <trkpt lat="-27.007828333333336" lon="-48.618088333333326">
                <ele>5.6</ele>
            </trkpt>
            <trkpt lat="-27.007828333333336" lon="-48.618088333333326">
                <ele>5.6</ele>
            </trkpt>
            <trkpt lat="-27.007828333333336" lon="-48.618088333333326">
                <ele>5.6</ele>
            </trkpt>
            <trkpt lat="-27.007828333333336" lon="-48.618088333333326">
                <ele>5.6</ele>
            </trkpt>
            <trkpt lat="-27.007828333333336" lon="-48.618088333333326">
                <ele>5.6</ele>
            </trkpt>
            <trkpt lat="-27.007828333333336" lon="-48.618088333333326">
                <ele>5.6</ele>
            </trkpt>
            <trkpt lat="-27.007828333333336" lon="-48.618088333333326">
                <ele>5.6</ele>
            </trkpt>
            <trkpt lat="-27.007828333333336" lon="-48.618088333333326">
                <ele>5.6</ele>
            </trkpt>
            <trkpt lat="-27.007828333333336" lon="-48.618088333333326">
                <ele>5.6</ele>
            </trkpt>
            <trkpt lat="-27.00782166666667" lon="-48.618100000000005">
                <ele>7.1</ele>
            </trkpt>
            <trkpt lat="-27.00781833333333" lon="-48.61810833333334">
                <ele>7.300000000000001</ele>
            </trkpt>
            <trkpt lat="-27.00781833333333" lon="-48.618115">
                <ele>7.5</ele>
            </trkpt>
            <trkpt lat="-27.007814999999997" lon="-48.61812">
                <ele>7.800000000000001</ele>
            </trkpt>
            <trkpt lat="-27.007816666666667" lon="-48.61812499999999">
                <ele>7.9</ele>
            </trkpt>
            <trkpt lat="-27.007816666666667" lon="-48.61812499999999">
                <ele>7.9</ele>
            </trkpt>
            <trkpt lat="-27.007814999999997" lon="-48.61813">
                <ele>7.9</ele>
            </trkpt>
            <trkpt lat="-27.007816666666667" lon="-48.618133333333326">
                <ele>7.699999999999999</ele>
            </trkpt>
            <trkpt lat="-27.007816666666667" lon="-48.618133333333326">
                <ele>7.699999999999999</ele>
            </trkpt>
            <trkpt lat="-27.007816666666667" lon="-48.618133333333326">
                <ele>7.699999999999999</ele>
            </trkpt>
            <trkpt lat="-27.007816666666667" lon="-48.618133333333326">
                <ele>7.699999999999999</ele>
            </trkpt>
            <trkpt lat="-27.007816666666667" lon="-48.618133333333326">
                <ele>7.699999999999999</ele>
            </trkpt>
            <trkpt lat="-27.007816666666667" lon="-48.618133333333326">
                <ele>7.699999999999999</ele>
            </trkpt>
            <trkpt lat="-27.007816666666667" lon="-48.618133333333326">
                <ele>7.699999999999999</ele>
            </trkpt>
            <trkpt lat="-27.007816666666667" lon="-48.618133333333326">
                <ele>7.699999999999999</ele>
            </trkpt>
            <trkpt lat="-27.007816666666667" lon="-48.618133333333326">
                <ele>7.699999999999999</ele>
            </trkpt>
            <trkpt lat="-27.007816666666667" lon="-48.618133333333326">
                <ele>7.699999999999999</ele>
            </trkpt>
            <trkpt lat="-27.007816666666667" lon="-48.618133333333326">
                <ele>7.699999999999999</ele>
            </trkpt>
            <trkpt lat="-27.007816666666667" lon="-48.618133333333326">
                <ele>7.699999999999999</ele>
            </trkpt>
            <trkpt lat="-27.007816666666667" lon="-48.618133333333326">
                <ele>7.699999999999999</ele>
            </trkpt>
            <trkpt lat="-27.007816666666667" lon="-48.618133333333326">
                <ele>7.699999999999999</ele>
            </trkpt>
            <trkpt lat="-27.007816666666667" lon="-48.618133333333326">
                <ele>7.699999999999999</ele>
            </trkpt>
            <trkpt lat="-27.007816666666667" lon="-48.618133333333326">
                <ele>7.699999999999999</ele>
            </trkpt>
            <trkpt lat="-27.007816666666667" lon="-48.618133333333326">
                <ele>7.699999999999999</ele>
            </trkpt>
            <trkpt lat="-27.007816666666667" lon="-48.618133333333326">
                <ele>7.699999999999999</ele>
            </trkpt>
            <trkpt lat="-27.007816666666667" lon="-48.618133333333326">
                <ele>7.699999999999999</ele>
            </trkpt>
            <trkpt lat="-27.007816666666667" lon="-48.618133333333326">
                <ele>7.699999999999999</ele>
            </trkpt>
            <trkpt lat="-27.007814999999997" lon="-48.61813">
                <ele>8.3</ele>
            </trkpt>
            <trkpt lat="-27.007816666666667" lon="-48.61812499999999">
                <ele>8.4</ele>
            </trkpt>
            <trkpt lat="-27.007816666666667" lon="-48.61812">
                <ele>8.3</ele>
            </trkpt>
            <trkpt lat="-27.007816666666667" lon="-48.61811333333333">
                <ele>8.3</ele>
            </trkpt>
            <trkpt lat="-27.007816666666667" lon="-48.618111666666664">
                <ele>8.2</ele>
            </trkpt>
            <trkpt lat="-27.00781833333333" lon="-48.61810833333334">
                <ele>8</ele>
            </trkpt>
            <trkpt lat="-27.00781833333333" lon="-48.61810833333334">
                <ele>7.800000000000001</ele>
            </trkpt>
            <trkpt lat="-27.00781833333333" lon="-48.61810833333334">
                <ele>7.800000000000001</ele>
            </trkpt>
            <trkpt lat="-27.00781833333333" lon="-48.61810833333334">
                <ele>7.800000000000001</ele>
            </trkpt>
            <trkpt lat="-27.00781833333333" lon="-48.61810833333334">
                <ele>7.800000000000001</ele>
            </trkpt>
            <trkpt lat="-27.00781833333333" lon="-48.61810833333334">
                <ele>7.800000000000001</ele>
            </trkpt>
            <trkpt lat="-27.00781833333333" lon="-48.61810833333334">
                <ele>7.800000000000001</ele>
            </trkpt>
            <trkpt lat="-27.00781833333333" lon="-48.61810833333334">
                <ele>7.800000000000001</ele>
            </trkpt>
            <trkpt lat="-27.00781833333333" lon="-48.61810833333334">
                <ele>7.800000000000001</ele>
            </trkpt>
            <trkpt lat="-27.00781833333333" lon="-48.61810833333334">
                <ele>7.800000000000001</ele>
            </trkpt>
            <trkpt lat="-27.00781833333333" lon="-48.61810833333334">
                <ele>7.800000000000001</ele>
            </trkpt>
            <trkpt lat="-27.00781833333333" lon="-48.61810833333334">
                <ele>7.800000000000001</ele>
            </trkpt>
            <trkpt lat="-27.00781833333333" lon="-48.61810833333334">
                <ele>7.800000000000001</ele>
            </trkpt>
            <trkpt lat="-27.00781833333333" lon="-48.61810833333334">
                <ele>7.800000000000001</ele>
            </trkpt>
            <trkpt lat="-27.00781833333333" lon="-48.61810833333334">
                <ele>7.800000000000001</ele>
            </trkpt>
            <trkpt lat="-27.00781833333333" lon="-48.61810833333334">
                <ele>7.800000000000001</ele>
            </trkpt>
            <trkpt lat="-27.00781833333333" lon="-48.61810833333334">
                <ele>7.800000000000001</ele>
            </trkpt>
            <trkpt lat="-27.00781833333333" lon="-48.61810833333334">
                <ele>7.800000000000001</ele>
            </trkpt>
            <trkpt lat="-27.00781833333333" lon="-48.61810833333334">
                <ele>7.800000000000001</ele>
            </trkpt>
            <trkpt lat="-27.00781833333333" lon="-48.61810833333334">
                <ele>7.800000000000001</ele>
            </trkpt>
            <trkpt lat="-27.00781833333333" lon="-48.61810833333334">
                <ele>7.800000000000001</ele>
            </trkpt>
            <trkpt lat="-27.00781833333333" lon="-48.61810833333334">
                <ele>7.800000000000001</ele>
            </trkpt>
            <trkpt lat="-27.00781833333333" lon="-48.61810833333334">
                <ele>7.800000000000001</ele>
            </trkpt>
            <trkpt lat="-27.00781833333333" lon="-48.61810833333334">
                <ele>7.800000000000001</ele>
            </trkpt>
            <trkpt lat="-27.00781833333333" lon="-48.61810833333334">
                <ele>7.800000000000001</ele>
            </trkpt>
            <trkpt lat="-27.00781833333333" lon="-48.61810833333334">
                <ele>7.800000000000001</ele>
            </trkpt>
            <trkpt lat="-27.00781833333333" lon="-48.61810833333334">
                <ele>7.800000000000001</ele>
            </trkpt>
            <trkpt lat="-27.00781833333333" lon="-48.61810833333334">
                <ele>7.800000000000001</ele>
            </trkpt>
            <trkpt lat="-27.00781833333333" lon="-48.61810833333334">
                <ele>7.800000000000001</ele>
            </trkpt>
            <trkpt lat="-27.00781833333333" lon="-48.61810833333334">
                <ele>7.800000000000001</ele>
            </trkpt>
            <trkpt lat="-27.00782166666667" lon="-48.618101666666675">
                <ele>6.4</ele>
            </trkpt>
            <trkpt lat="-27.00782" lon="-48.618096666666666">
                <ele>6.300000000000001</ele>
            </trkpt>
            <trkpt lat="-27.00782" lon="-48.61809333333334">
                <ele>6.5</ele>
            </trkpt>
            <trkpt lat="-27.00782166666667" lon="-48.61809333333334">
                <ele>6.6</ele>
            </trkpt>
            <trkpt lat="-27.00782" lon="-48.61809333333334">
                <ele>6.6</ele>
            </trkpt>
            <trkpt lat="-27.00782" lon="-48.61809333333334">
                <ele>6.6</ele>
            </trkpt>
            <trkpt lat="-27.00782" lon="-48.61809333333334">
                <ele>6.6</ele>
            </trkpt>
            <trkpt lat="-27.00782" lon="-48.61809333333334">
                <ele>6.6</ele>
            </trkpt>
            <trkpt lat="-27.00782" lon="-48.61809333333334">
                <ele>6.6</ele>
            </trkpt>
            <trkpt lat="-27.00782" lon="-48.61809333333334">
                <ele>6.6</ele>
            </trkpt>
            <trkpt lat="-27.00782" lon="-48.61809333333334">
                <ele>6.6</ele>
            </trkpt>
            <trkpt lat="-27.00782" lon="-48.61809333333334">
                <ele>6.6</ele>
            </trkpt>
            <trkpt lat="-27.00782" lon="-48.61809333333334">
                <ele>6.6</ele>
            </trkpt>
            <trkpt lat="-27.00782" lon="-48.61809333333334">
                <ele>6.6</ele>
            </trkpt>
            <trkpt lat="-27.00782" lon="-48.61809333333334">
                <ele>6.6</ele>
            </trkpt>
            <trkpt lat="-27.00782" lon="-48.61809333333334">
                <ele>6.6</ele>
            </trkpt>
            <trkpt lat="-27.00782" lon="-48.61809333333334">
                <ele>6.6</ele>
            </trkpt>
            <trkpt lat="-27.00782" lon="-48.61809333333334">
                <ele>6.6</ele>
            </trkpt>
            <trkpt lat="-27.00782" lon="-48.61809333333334">
                <ele>6.6</ele>
            </trkpt>
            <trkpt lat="-27.00782" lon="-48.61809333333334">
                <ele>6.6</ele>
            </trkpt>
            <trkpt lat="-27.00782" lon="-48.61809333333334">
                <ele>6.6</ele>
            </trkpt>
            <trkpt lat="-27.00782" lon="-48.61809333333334">
                <ele>6.6</ele>
            </trkpt>
            <trkpt lat="-27.00782" lon="-48.61809333333334">
                <ele>6.6</ele>
            </trkpt>
            <trkpt lat="-27.007826666666666" lon="-48.61807666666667">
                <ele>5.300000000000001</ele>
            </trkpt>
            <trkpt lat="-27.00783333333333" lon="-48.61806333333334">
                <ele>4.6</ele>
            </trkpt>
            <trkpt lat="-27.00784" lon="-48.618056666666675">
                <ele>4.800000000000001</ele>
            </trkpt>
            <trkpt lat="-27.00785" lon="-48.61804833333334">
                <ele>5</ele>
            </trkpt>
            <trkpt lat="-27.007856666666665" lon="-48.61803666666666">
                <ele>5</ele>
            </trkpt>
            <trkpt lat="-27.00786333333333" lon="-48.618025">
                <ele>5.1</ele>
            </trkpt>
            <trkpt lat="-27.00786833333333" lon="-48.61801333333333">
                <ele>5.4</ele>
            </trkpt>
            <trkpt lat="-27.007875" lon="-48.617998333333325">
                <ele>5.5</ele>
            </trkpt>
            <trkpt lat="-27.00787833333333" lon="-48.61798333333333">
                <ele>5.699999999999999</ele>
            </trkpt>
            <trkpt lat="-27.007885" lon="-48.61797166666667">
                <ele>5.6</ele>
            </trkpt>
            <trkpt lat="-27.00789166666667" lon="-48.61795666666667">
                <ele>5.800000000000001</ele>
            </trkpt>
            <trkpt lat="-27.007898333333333" lon="-48.617943333333336">
                <ele>5.800000000000001</ele>
            </trkpt>
            <trkpt lat="-27.007903333333335" lon="-48.617929999999994">
                <ele>5.699999999999999</ele>
            </trkpt>
            <trkpt lat="-27.00791" lon="-48.617921666666675">
                <ele>5.699999999999999</ele>
            </trkpt>
            <trkpt lat="-27.007916666666667" lon="-48.61791166666667">
                <ele>5.4</ele>
            </trkpt>
            <trkpt lat="-27.007921666666668" lon="-48.61789999999999">
                <ele>5.5</ele>
            </trkpt>
            <trkpt lat="-27.007921666666668" lon="-48.61789999999999">
                <ele>5.5</ele>
            </trkpt>
            <trkpt lat="-27.00792333333333" lon="-48.61788833333333">
                <ele>5.5</ele>
            </trkpt>
            <trkpt lat="-27.007928333333332" lon="-48.617873333333335">
                <ele>5.9</ele>
            </trkpt>
            <trkpt lat="-27.007934999999996" lon="-48.61786">
                <ele>5.800000000000001</ele>
            </trkpt>
            <trkpt lat="-27.00794" lon="-48.61784833333333">
                <ele>5.6</ele>
            </trkpt>
            <trkpt lat="-27.007946666666665" lon="-48.61783333333333">
                <ele>5.300000000000001</ele>
            </trkpt>
            <trkpt lat="-27.00795333333333" lon="-48.61782333333334">
                <ele>4.5</ele>
            </trkpt>
            <trkpt lat="-27.007961666666667" lon="-48.61781666666668">
                <ele>4.300000000000001</ele>
            </trkpt>
            <trkpt lat="-27.00796666666667" lon="-48.617808333333336">
                <ele>4.300000000000001</ele>
            </trkpt>
            <trkpt lat="-27.007973333333332" lon="-48.6178">
                <ele>4.5</ele>
            </trkpt>
            <trkpt lat="-27.007978333333334" lon="-48.61779666666666">
                <ele>4.300000000000001</ele>
            </trkpt>
            <trkpt lat="-27.007979999999996" lon="-48.61779666666666">
                <ele>4.5</ele>
            </trkpt>
            <trkpt lat="-27.007978333333334" lon="-48.61779666666666">
                <ele>4.800000000000001</ele>
            </trkpt>
            <trkpt lat="-27.007976666666664" lon="-48.61779666666666">
                <ele>5</ele>
            </trkpt>
            <trkpt lat="-27.007976666666664" lon="-48.61779666666666">
                <ele>5</ele>
            </trkpt>
            <trkpt lat="-27.007975000000002" lon="-48.61779166666667">
                <ele>5</ele>
            </trkpt>
            <trkpt lat="-27.007975000000002" lon="-48.61778833333333">
                <ele>5</ele>
            </trkpt>
            <trkpt lat="-27.007973333333332" lon="-48.617785000000005">
                <ele>5.1</ele>
            </trkpt>
            <trkpt lat="-27.00797" lon="-48.617783333333335">
                <ele>5.300000000000001</ele>
            </trkpt>
            <trkpt lat="-27.00796666666667" lon="-48.617779999999996">
                <ele>5.2</ele>
            </trkpt>
            <trkpt lat="-27.00796666666667" lon="-48.617779999999996">
                <ele>5.1</ele>
            </trkpt>
            <trkpt lat="-27.00796666666667" lon="-48.617779999999996">
                <ele>5.1</ele>
            </trkpt>
            <trkpt lat="-27.00797" lon="-48.617779999999996">
                <ele>5</ele>
            </trkpt>
            <trkpt lat="-27.007976666666664" lon="-48.617779999999996">
                <ele>5.1</ele>
            </trkpt>
            <trkpt lat="-27.007983333333332" lon="-48.61777">
                <ele>5.5</ele>
            </trkpt>
            <trkpt lat="-27.007994999999998" lon="-48.61776166666667">
                <ele>5.6</ele>
            </trkpt>
            <trkpt lat="-27.007994999999998" lon="-48.617745">
                <ele>7.800000000000001</ele>
            </trkpt>
            <trkpt lat="-27.007994999999998" lon="-48.617728333333325">
                <ele>9.1</ele>
            </trkpt>
            <trkpt lat="-27.008" lon="-48.617718333333336">
                <ele>9.2</ele>
            </trkpt>
            <trkpt lat="-27.00800333333333" lon="-48.617704999999994">
                <ele>9.799999999999999</ele>
            </trkpt>
            <trkpt lat="-27.008008333333336" lon="-48.61770333333334">
                <ele>9.5</ele>
            </trkpt>
            <trkpt lat="-27.00801" lon="-48.61769833333333">
                <ele>9.2</ele>
            </trkpt>
            <trkpt lat="-27.00801333333333" lon="-48.61769833333333">
                <ele>9</ele>
            </trkpt>
            <trkpt lat="-27.00801333333333" lon="-48.617696666666674">
                <ele>9</ele>
            </trkpt>
            <trkpt lat="-27.00801666666667" lon="-48.617696666666674">
                <ele>9.1</ele>
            </trkpt>
            <trkpt lat="-27.008021666666664" lon="-48.61770666666666">
                <ele>8.2</ele>
            </trkpt>
            <trkpt lat="-27.008024999999996" lon="-48.61769833333333">
                <ele>8.2</ele>
            </trkpt>
            <trkpt lat="-27.00803" lon="-48.61768833333334">
                <ele>8.2</ele>
            </trkpt>
            <trkpt lat="-27.008038333333335" lon="-48.61767">
                <ele>8</ele>
            </trkpt>
            <trkpt lat="-27.00804833333333" lon="-48.617650000000005">
                <ele>7.6</ele>
            </trkpt>
            <trkpt lat="-27.00805666666667" lon="-48.617626666666666">
                <ele>7.4</ele>
            </trkpt>
            <trkpt lat="-27.008068333333334" lon="-48.617603333333335">
                <ele>7.199999999999999</ele>
            </trkpt>
            <trkpt lat="-27.008081666666666" lon="-48.61757833333333">
                <ele>7.300000000000001</ele>
            </trkpt>
            <trkpt lat="-27.00809333333333" lon="-48.61755">
                <ele>7.1</ele>
            </trkpt>
            <trkpt lat="-27.008106666666663" lon="-48.61752499999999">
                <ele>7.4</ele>
            </trkpt>
            <trkpt lat="-27.008106666666663" lon="-48.61752499999999">
                <ele>7.4</ele>
            </trkpt>
            <trkpt lat="-27.008125000000003" lon="-48.61749833333333">
                <ele>7.199999999999999</ele>
            </trkpt>
            <trkpt lat="-27.008143333333336" lon="-48.617471666666674">
                <ele>7</ele>
            </trkpt>
            <trkpt lat="-27.00816166666667" lon="-48.617446666666666">
                <ele>7.699999999999999</ele>
            </trkpt>
            <trkpt lat="-27.008173333333335" lon="-48.617419999999996">
                <ele>7.800000000000001</ele>
            </trkpt>
            <trkpt lat="-27.008186666666667" lon="-48.61739666666667">
                <ele>6.9</ele>
            </trkpt>
            <trkpt lat="-27.008203333333334" lon="-48.61737166666667">
                <ele>6.300000000000001</ele>
            </trkpt>
            <trkpt lat="-27.008219999999998" lon="-48.61734666666666">
                <ele>5.6</ele>
            </trkpt>
            <trkpt lat="-27.00823666666667" lon="-48.61732">
                <ele>5.6</ele>
            </trkpt>
            <trkpt lat="-27.008253333333332" lon="-48.61729333333333">
                <ele>5.4</ele>
            </trkpt>
            <trkpt lat="-27.00827" lon="-48.617264999999996">
                <ele>5.800000000000001</ele>
            </trkpt>
            <trkpt lat="-27.008286666666663" lon="-48.61723666666667">
                <ele>5.5</ele>
            </trkpt>
            <trkpt lat="-27.008303333333334" lon="-48.61721166666666">
                <ele>5</ele>
            </trkpt>
            <trkpt lat="-27.008320000000005" lon="-48.61719">
                <ele>4.6</ele>
            </trkpt>
            <trkpt lat="-27.008335000000002" lon="-48.61717166666667">
                <ele>4.6</ele>
            </trkpt>
            <trkpt lat="-27.008343333333332" lon="-48.61716">
                <ele>4.800000000000001</ele>
            </trkpt>
            <trkpt lat="-27.008353333333336" lon="-48.617155000000004">
                <ele>5.1</ele>
            </trkpt>
            <trkpt lat="-27.008351666666666" lon="-48.617151666666665">
                <ele>5.6</ele>
            </trkpt>
            <trkpt lat="-27.008348333333334" lon="-48.617151666666665">
                <ele>5.9</ele>
            </trkpt>
            <trkpt lat="-27.008348333333334" lon="-48.617151666666665">
                <ele>5.9</ele>
            </trkpt>
            <trkpt lat="-27.008346666666665" lon="-48.617151666666665">
                <ele>6</ele>
            </trkpt>
            <trkpt lat="-27.008343333333332" lon="-48.61715000000001">
                <ele>6.1</ele>
            </trkpt>
            <trkpt lat="-27.00834166666667" lon="-48.61715000000001">
                <ele>6.1</ele>
            </trkpt>
            <trkpt lat="-27.008339999999997" lon="-48.61714666666667">
                <ele>6.199999999999999</ele>
            </trkpt>
            <trkpt lat="-27.008336666666665" lon="-48.61714666666667">
                <ele>6.1</ele>
            </trkpt>
            <trkpt lat="-27.008336666666665" lon="-48.61714666666667">
                <ele>6.1</ele>
            </trkpt>
            <trkpt lat="-27.008336666666665" lon="-48.61714833333334">
                <ele>6.199999999999999</ele>
            </trkpt>
            <trkpt lat="-27.008336666666665" lon="-48.61714833333334">
                <ele>6.199999999999999</ele>
            </trkpt>
            <trkpt lat="-27.00834166666667" lon="-48.617151666666665">
                <ele>6.199999999999999</ele>
            </trkpt>
            <trkpt lat="-27.008350000000004" lon="-48.61714666666667">
                <ele>6.300000000000001</ele>
            </trkpt>
            <trkpt lat="-27.008361666666662" lon="-48.617133333333335">
                <ele>6.4</ele>
            </trkpt>
            <trkpt lat="-27.00837" lon="-48.61711666666667">
                <ele>6.1</ele>
            </trkpt>
            <trkpt lat="-27.008380000000002" lon="-48.617096666666676">
                <ele>6.199999999999999</ele>
            </trkpt>
            <trkpt lat="-27.008391666666665" lon="-48.61707333333334">
                <ele>6.4</ele>
            </trkpt>
            <trkpt lat="-27.008406666666662" lon="-48.617051666666676">
                <ele>6</ele>
            </trkpt>
            <trkpt lat="-27.00842" lon="-48.617025">
                <ele>5.9</ele>
            </trkpt>
            <trkpt lat="-27.008438333333334" lon="-48.617000000000004">
                <ele>6</ele>
            </trkpt>
            <trkpt lat="-27.008458333333337" lon="-48.61697666666667">
                <ele>5.699999999999999</ele>
            </trkpt>
            <trkpt lat="-27.00847666666667" lon="-48.616949999999996">
                <ele>5.5</ele>
            </trkpt>
            <trkpt lat="-27.008496666666662" lon="-48.61692166666667">
                <ele>5.5</ele>
            </trkpt>
            <trkpt lat="-27.008513333333333" lon="-48.61689333333334">
                <ele>5.5</ele>
            </trkpt>
            <trkpt lat="-27.008528333333334" lon="-48.61686666666666">
                <ele>5.300000000000001</ele>
            </trkpt>
            <trkpt lat="-27.008545000000005" lon="-48.61684">
                <ele>5.1</ele>
            </trkpt>
            <trkpt lat="-27.008563333333335" lon="-48.616816666666665">
                <ele>4.800000000000001</ele>
            </trkpt>
            <trkpt lat="-27.00858" lon="-48.61679666666667">
                <ele>4.7</ele>
            </trkpt>
            <trkpt lat="-27.0086" lon="-48.61678">
                <ele>5</ele>
            </trkpt>
            <trkpt lat="-27.008615000000002" lon="-48.616755">
                <ele>5</ele>
            </trkpt>
            <trkpt lat="-27.008638333333337" lon="-48.616724999999995">
                <ele>5.1</ele>
            </trkpt>
            <trkpt lat="-27.008660000000003" lon="-48.61669833333334">
                <ele>5.2</ele>
            </trkpt>
            <trkpt lat="-27.008681666666668" lon="-48.61667166666666">
                <ele>5.300000000000001</ele>
            </trkpt>
            <trkpt lat="-27.008691666666664" lon="-48.61664333333333">
                <ele>5.4</ele>
            </trkpt>
            <trkpt lat="-27.008706666666665" lon="-48.61662166666667">
                <ele>5.300000000000001</ele>
            </trkpt>
            <trkpt lat="-27.008723333333332" lon="-48.61659833333333">
                <ele>5.4</ele>
            </trkpt>
            <trkpt lat="-27.008739999999996" lon="-48.61658333333333">
                <ele>5.5</ele>
            </trkpt>
            <trkpt lat="-27.008754999999997" lon="-48.61656833333333">
                <ele>5.5</ele>
            </trkpt>
            <trkpt lat="-27.00876333333333" lon="-48.616556666666675">
                <ele>5.800000000000001</ele>
            </trkpt>
            <trkpt lat="-27.008766666666663" lon="-48.616555">
                <ele>6</ele>
            </trkpt>
            <trkpt lat="-27.008768333333332" lon="-48.61656">
                <ele>6.1</ele>
            </trkpt>
            <trkpt lat="-27.008766666666663" lon="-48.61655833333332">
                <ele>5.9</ele>
            </trkpt>
            <trkpt lat="-27.008765" lon="-48.61655833333332">
                <ele>5.9</ele>
            </trkpt>
            <trkpt lat="-27.00876333333333" lon="-48.61656">
                <ele>6</ele>
            </trkpt>
            <trkpt lat="-27.00876333333333" lon="-48.61656">
                <ele>6</ele>
            </trkpt>
            <trkpt lat="-27.00876" lon="-48.61656166666667">
                <ele>5.9</ele>
            </trkpt>
            <trkpt lat="-27.008758333333336" lon="-48.61656333333334">
                <ele>5.9</ele>
            </trkpt>
            <trkpt lat="-27.008753333333335" lon="-48.61656166666667">
                <ele>5.800000000000001</ele>
            </trkpt>
            <trkpt lat="-27.008753333333335" lon="-48.61655833333332">
                <ele>5.9</ele>
            </trkpt>
            <trkpt lat="-27.008754999999997" lon="-48.616556666666675">
                <ele>5.9</ele>
            </trkpt>
            <trkpt lat="-27.008754999999997" lon="-48.616556666666675">
                <ele>5.9</ele>
            </trkpt>
            <trkpt lat="-27.008754999999997" lon="-48.616556666666675">
                <ele>5.9</ele>
            </trkpt>
            <trkpt lat="-27.008754999999997" lon="-48.616556666666675">
                <ele>5.9</ele>
            </trkpt>
            <trkpt lat="-27.008754999999997" lon="-48.616556666666675">
                <ele>5.9</ele>
            </trkpt>
            <trkpt lat="-27.008754999999997" lon="-48.616556666666675">
                <ele>5.9</ele>
            </trkpt>
            <trkpt lat="-27.008754999999997" lon="-48.616556666666675">
                <ele>5.9</ele>
            </trkpt>
            <trkpt lat="-27.008754999999997" lon="-48.616556666666675">
                <ele>5.9</ele>
            </trkpt>
            <trkpt lat="-27.008754999999997" lon="-48.616556666666675">
                <ele>5.9</ele>
            </trkpt>
            <trkpt lat="-27.008754999999997" lon="-48.616556666666675">
                <ele>5.9</ele>
            </trkpt>
            <trkpt lat="-27.008754999999997" lon="-48.616556666666675">
                <ele>5.9</ele>
            </trkpt>
            <trkpt lat="-27.008754999999997" lon="-48.616556666666675">
                <ele>5.9</ele>
            </trkpt>
            <trkpt lat="-27.008754999999997" lon="-48.616556666666675">
                <ele>5.9</ele>
            </trkpt>
            <trkpt lat="-27.008754999999997" lon="-48.616556666666675">
                <ele>5.9</ele>
            </trkpt>
            <trkpt lat="-27.008754999999997" lon="-48.616556666666675">
                <ele>5.9</ele>
            </trkpt>
            <trkpt lat="-27.008754999999997" lon="-48.616556666666675">
                <ele>5.9</ele>
            </trkpt>
            <trkpt lat="-27.008754999999997" lon="-48.616556666666675">
                <ele>5.9</ele>
            </trkpt>
            <trkpt lat="-27.008754999999997" lon="-48.616556666666675">
                <ele>5.9</ele>
            </trkpt>
            <trkpt lat="-27.008754999999997" lon="-48.616556666666675">
                <ele>5.9</ele>
            </trkpt>
            <trkpt lat="-27.008754999999997" lon="-48.616556666666675">
                <ele>5.9</ele>
            </trkpt>
            <trkpt lat="-27.008754999999997" lon="-48.616556666666675">
                <ele>5.9</ele>
            </trkpt>
            <trkpt lat="-27.008754999999997" lon="-48.616556666666675">
                <ele>5.9</ele>
            </trkpt>
            <trkpt lat="-27.008754999999997" lon="-48.616556666666675">
                <ele>5.9</ele>
            </trkpt>
            <trkpt lat="-27.008754999999997" lon="-48.616556666666675">
                <ele>5.9</ele>
            </trkpt>
            <trkpt lat="-27.008754999999997" lon="-48.616556666666675">
                <ele>5.9</ele>
            </trkpt>
            <trkpt lat="-27.008754999999997" lon="-48.616556666666675">
                <ele>5.9</ele>
            </trkpt>
            <trkpt lat="-27.008754999999997" lon="-48.616556666666675">
                <ele>5.9</ele>
            </trkpt>
            <trkpt lat="-27.008754999999997" lon="-48.616556666666675">
                <ele>5.9</ele>
            </trkpt>
            <trkpt lat="-27.008754999999997" lon="-48.616556666666675">
                <ele>5.9</ele>
            </trkpt>
            <trkpt lat="-27.008754999999997" lon="-48.616556666666675">
                <ele>5.9</ele>
            </trkpt>
            <trkpt lat="-27.008754999999997" lon="-48.616556666666675">
                <ele>5.9</ele>
            </trkpt>
            <trkpt lat="-27.008754999999997" lon="-48.616556666666675">
                <ele>5.9</ele>
            </trkpt>
            <trkpt lat="-27.008754999999997" lon="-48.616556666666675">
                <ele>5.9</ele>
            </trkpt>
            <trkpt lat="-27.008754999999997" lon="-48.616556666666675">
                <ele>5.9</ele>
            </trkpt>
            <trkpt lat="-27.008754999999997" lon="-48.616556666666675">
                <ele>5.9</ele>
            </trkpt>
            <trkpt lat="-27.008754999999997" lon="-48.616556666666675">
                <ele>5.9</ele>
            </trkpt>
            <trkpt lat="-27.008754999999997" lon="-48.616556666666675">
                <ele>5.9</ele>
            </trkpt>
            <trkpt lat="-27.008754999999997" lon="-48.616556666666675">
                <ele>5.9</ele>
            </trkpt>
            <trkpt lat="-27.008754999999997" lon="-48.616556666666675">
                <ele>5.9</ele>
            </trkpt>
            <trkpt lat="-27.008754999999997" lon="-48.616556666666675">
                <ele>5.9</ele>
            </trkpt>
            <trkpt lat="-27.008768333333332" lon="-48.61654166666667">
                <ele>5.699999999999999</ele>
            </trkpt>
            <trkpt lat="-27.00878" lon="-48.61652833333333">
                <ele>5.5</ele>
            </trkpt>
            <trkpt lat="-27.008788333333335" lon="-48.61651333333332">
                <ele>5.5</ele>
            </trkpt>
            <trkpt lat="-27.008805" lon="-48.616501666666665">
                <ele>6.300000000000001</ele>
            </trkpt>
            <trkpt lat="-27.008814999999995" lon="-48.616485">
                <ele>6.1</ele>
            </trkpt>
            <trkpt lat="-27.008828333333334" lon="-48.61647166666667">
                <ele>6</ele>
            </trkpt>
            <trkpt lat="-27.008838333333333" lon="-48.616460000000004">
                <ele>5.800000000000001</ele>
            </trkpt>
            <trkpt lat="-27.008843333333335" lon="-48.616460000000004">
                <ele>6.1</ele>
            </trkpt>
            <trkpt lat="-27.008846666666667" lon="-48.616458333333334">
                <ele>5.9</ele>
            </trkpt>
            <trkpt lat="-27.008846666666667" lon="-48.616456666666664">
                <ele>6</ele>
            </trkpt>
            <trkpt lat="-27.008848333333336" lon="-48.616456666666664">
                <ele>6.199999999999999</ele>
            </trkpt>
            <trkpt lat="-27.008846666666667" lon="-48.616454999999995">
                <ele>6.300000000000001</ele>
            </trkpt>
            <trkpt lat="-27.008844999999997" lon="-48.616454999999995">
                <ele>6.5</ele>
            </trkpt>
            <trkpt lat="-27.008844999999997" lon="-48.616454999999995">
                <ele>6.5</ele>
            </trkpt>
            <trkpt lat="-27.008843333333335" lon="-48.616453333333325">
                <ele>6.6</ele>
            </trkpt>
            <trkpt lat="-27.008841666666665" lon="-48.616453333333325">
                <ele>6.800000000000001</ele>
            </trkpt>
            <trkpt lat="-27.008838333333333" lon="-48.616453333333325">
                <ele>6.800000000000001</ele>
            </trkpt>
            <trkpt lat="-27.008834999999998" lon="-48.616453333333325">
                <ele>6.800000000000001</ele>
            </trkpt>
            <trkpt lat="-27.00883666666667" lon="-48.616454999999995">
                <ele>6.699999999999999</ele>
            </trkpt>
            <trkpt lat="-27.00883666666667" lon="-48.616454999999995">
                <ele>6.699999999999999</ele>
            </trkpt>
            <trkpt lat="-27.00883666666667" lon="-48.616454999999995">
                <ele>6.699999999999999</ele>
            </trkpt>
            <trkpt lat="-27.00883666666667" lon="-48.616454999999995">
                <ele>6.699999999999999</ele>
            </trkpt>
            <trkpt lat="-27.008844999999997" lon="-48.61645">
                <ele>6.6</ele>
            </trkpt>
            <trkpt lat="-27.008856666666663" lon="-48.616435">
                <ele>6.4</ele>
            </trkpt>
            <trkpt lat="-27.008873333333334" lon="-48.61642">
                <ele>6.5</ele>
            </trkpt>
            <trkpt lat="-27.008891666666667" lon="-48.616400000000006">
                <ele>6.699999999999999</ele>
            </trkpt>
            <trkpt lat="-27.008908333333338" lon="-48.61637833333332">
                <ele>6.9</ele>
            </trkpt>
            <trkpt lat="-27.008928333333333" lon="-48.61635666666666">
                <ele>6.5</ele>
            </trkpt>
            <trkpt lat="-27.00895166666667" lon="-48.61633">
                <ele>6.5</ele>
            </trkpt>
            <trkpt lat="-27.008976666666666" lon="-48.61630333333333">
                <ele>6.699999999999999</ele>
            </trkpt>
            <trkpt lat="-27.009" lon="-48.616276666666664">
                <ele>6.800000000000001</ele>
            </trkpt>
            <trkpt lat="-27.009023333333335" lon="-48.616245">
                <ele>7.300000000000001</ele>
            </trkpt>
            <trkpt lat="-27.009050000000002" lon="-48.616220000000006">
                <ele>7.5</ele>
            </trkpt>
            <trkpt lat="-27.009065000000003" lon="-48.61620666666666">
                <ele>7.9</ele>
            </trkpt>
            <trkpt lat="-27.009069999999998" lon="-48.61620500000001">
                <ele>8.3</ele>
            </trkpt>
            <trkpt lat="-27.009071666666667" lon="-48.61621">
                <ele>8.3</ele>
            </trkpt>
            <trkpt lat="-27.009071666666667" lon="-48.61621333333333">
                <ele>8</ele>
            </trkpt>
            <trkpt lat="-27.009071666666667" lon="-48.61621333333333">
                <ele>8</ele>
            </trkpt>
            <trkpt lat="-27.009071666666667" lon="-48.61621333333333">
                <ele>7.800000000000001</ele>
            </trkpt>
            <trkpt lat="-27.009071666666667" lon="-48.616215">
                <ele>7.800000000000001</ele>
            </trkpt>
            <trkpt lat="-27.009069999999998" lon="-48.616216666666666">
                <ele>7.4</ele>
            </trkpt>
            <trkpt lat="-27.009068333333335" lon="-48.616220000000006">
                <ele>7.1</ele>
            </trkpt>
            <trkpt lat="-27.009068333333335" lon="-48.616220000000006">
                <ele>7.1</ele>
            </trkpt>
            <trkpt lat="-27.009069999999998" lon="-48.61622166666666">
                <ele>6.6</ele>
            </trkpt>
            <trkpt lat="-27.009073333333337" lon="-48.616220000000006">
                <ele>6.6</ele>
            </trkpt>
            <trkpt lat="-27.00908" lon="-48.616215">
                <ele>7</ele>
            </trkpt>
            <trkpt lat="-27.009093333333333" lon="-48.61620500000001">
                <ele>7.1</ele>
            </trkpt>
            <trkpt lat="-27.00910666666667" lon="-48.616186666666664">
                <ele>7.1</ele>
            </trkpt>
            <trkpt lat="-27.009126666666663" lon="-48.61616333333333">
                <ele>6.699999999999999</ele>
            </trkpt>
            <trkpt lat="-27.009149999999998" lon="-48.616139999999994">
                <ele>6.5</ele>
            </trkpt>
            <trkpt lat="-27.009173333333333" lon="-48.61611500000001">
                <ele>6.1</ele>
            </trkpt>
            <trkpt lat="-27.009203333333335" lon="-48.61609">
                <ele>5.699999999999999</ele>
            </trkpt>
            <trkpt lat="-27.009228333333333" lon="-48.616065">
                <ele>5.5</ele>
            </trkpt>
            <trkpt lat="-27.009249999999998" lon="-48.616040000000005">
                <ele>5.699999999999999</ele>
            </trkpt>
            <trkpt lat="-27.00927166666667" lon="-48.616015">
                <ele>6.1</ele>
            </trkpt>
            <trkpt lat="-27.00928666666667" lon="-48.616">
                <ele>6.4</ele>
            </trkpt>
            <trkpt lat="-27.009294999999998" lon="-48.61599666666666">
                <ele>6.4</ele>
            </trkpt>
            <trkpt lat="-27.009293333333336" lon="-48.61599666666666">
                <ele>6.300000000000001</ele>
            </trkpt>
            <trkpt lat="-27.009290000000004" lon="-48.61600166666667">
                <ele>6.1</ele>
            </trkpt>
            <trkpt lat="-27.009290000000004" lon="-48.61600166666667">
                <ele>6.1</ele>
            </trkpt>
            <trkpt lat="-27.009288333333334" lon="-48.61600333333334">
                <ele>6</ele>
            </trkpt>
            <trkpt lat="-27.00928333333333" lon="-48.61600333333334">
                <ele>5.9</ele>
            </trkpt>
            <trkpt lat="-27.009281666666666" lon="-48.61600333333334">
                <ele>5.9</ele>
            </trkpt>
            <trkpt lat="-27.009281666666666" lon="-48.616006666666664">
                <ele>5.9</ele>
            </trkpt>
            <trkpt lat="-27.00928333333333" lon="-48.61600833333333">
                <ele>5.6</ele>
            </trkpt>
            <trkpt lat="-27.00928333333333" lon="-48.61600833333333">
                <ele>5.6</ele>
            </trkpt>
            <trkpt lat="-27.009281666666666" lon="-48.61601">
                <ele>5.5</ele>
            </trkpt>
            <trkpt lat="-27.009285" lon="-48.616">
                <ele>5.6</ele>
            </trkpt>
            <trkpt lat="-27.0093" lon="-48.61598166666666">
                <ele>5.9</ele>
            </trkpt>
            <trkpt lat="-27.009321666666665" lon="-48.615961666666664">
                <ele>6.1</ele>
            </trkpt>
            <trkpt lat="-27.009345" lon="-48.61594">
                <ele>6.1</ele>
            </trkpt>
            <trkpt lat="-27.009366666666665" lon="-48.615914999999994">
                <ele>6.4</ele>
            </trkpt>
            <trkpt lat="-27.009396666666664" lon="-48.61589333333333">
                <ele>6.199999999999999</ele>
            </trkpt>
            <trkpt lat="-27.009423333333334" lon="-48.61586833333334">
                <ele>6.4</ele>
            </trkpt>
            <trkpt lat="-27.00945166666667" lon="-48.61584333333334">
                <ele>6</ele>
            </trkpt>
            <trkpt lat="-27.009483333333332" lon="-48.61582">
                <ele>5.699999999999999</ele>
            </trkpt>
            <trkpt lat="-27.009515000000004" lon="-48.61579333333334">
                <ele>5.5</ele>
            </trkpt>
            <trkpt lat="-27.009543333333333" lon="-48.61577166666666">
                <ele>5.699999999999999</ele>
            </trkpt>
            <trkpt lat="-27.00957166666667" lon="-48.61575166666667">
                <ele>5.800000000000001</ele>
            </trkpt>
            <trkpt lat="-27.00958666666667" lon="-48.61574">
                <ele>6.4</ele>
            </trkpt>
            <trkpt lat="-27.009594999999997" lon="-48.61573666666666">
                <ele>6.6</ele>
            </trkpt>
            <trkpt lat="-27.009594999999997" lon="-48.61574166666666">
                <ele>7.199999999999999</ele>
            </trkpt>
            <trkpt lat="-27.0096" lon="-48.61574166666666">
                <ele>7.699999999999999</ele>
            </trkpt>
            <trkpt lat="-27.00959833333333" lon="-48.61574166666666">
                <ele>7.6</ele>
            </trkpt>
            <trkpt lat="-27.00959833333333" lon="-48.61574166666666">
                <ele>7.6</ele>
            </trkpt>
            <trkpt lat="-27.00959833333333" lon="-48.61574166666666">
                <ele>7.6</ele>
            </trkpt>
            <trkpt lat="-27.00959833333333" lon="-48.61574166666666">
                <ele>7.6</ele>
            </trkpt>
            <trkpt lat="-27.00959833333333" lon="-48.61574166666666">
                <ele>7.6</ele>
            </trkpt>
            <trkpt lat="-27.00959833333333" lon="-48.61574166666666">
                <ele>7.6</ele>
            </trkpt>
            <trkpt lat="-27.00959833333333" lon="-48.61574166666666">
                <ele>7.6</ele>
            </trkpt>
            <trkpt lat="-27.00959833333333" lon="-48.61574166666666">
                <ele>7.6</ele>
            </trkpt>
            <trkpt lat="-27.00959833333333" lon="-48.61574166666666">
                <ele>7.6</ele>
            </trkpt>
            <trkpt lat="-27.00959833333333" lon="-48.61574166666666">
                <ele>7.6</ele>
            </trkpt>
            <trkpt lat="-27.00959833333333" lon="-48.61574166666666">
                <ele>7.6</ele>
            </trkpt>
            <trkpt lat="-27.00959833333333" lon="-48.61574166666666">
                <ele>7.6</ele>
            </trkpt>
            <trkpt lat="-27.00959833333333" lon="-48.61574166666666">
                <ele>7.6</ele>
            </trkpt>
            <trkpt lat="-27.00959833333333" lon="-48.61574166666666">
                <ele>7.6</ele>
            </trkpt>
            <trkpt lat="-27.00959833333333" lon="-48.61574166666666">
                <ele>7.6</ele>
            </trkpt>
            <trkpt lat="-27.00959833333333" lon="-48.61574166666666">
                <ele>7.6</ele>
            </trkpt>
            <trkpt lat="-27.00959833333333" lon="-48.61574166666666">
                <ele>7.6</ele>
            </trkpt>
            <trkpt lat="-27.00959833333333" lon="-48.61574166666666">
                <ele>7.6</ele>
            </trkpt>
            <trkpt lat="-27.00959833333333" lon="-48.61574166666666">
                <ele>7.6</ele>
            </trkpt>
            <trkpt lat="-27.00959833333333" lon="-48.61574166666666">
                <ele>7.6</ele>
            </trkpt>
            <trkpt lat="-27.00959833333333" lon="-48.61574166666666">
                <ele>7.6</ele>
            </trkpt>
            <trkpt lat="-27.00959833333333" lon="-48.61574166666666">
                <ele>7.6</ele>
            </trkpt>
            <trkpt lat="-27.00959833333333" lon="-48.61574166666666">
                <ele>7.6</ele>
            </trkpt>
            <trkpt lat="-27.00959833333333" lon="-48.61574166666666">
                <ele>7.6</ele>
            </trkpt>
            <trkpt lat="-27.00959833333333" lon="-48.61574166666666">
                <ele>7.6</ele>
            </trkpt>
            <trkpt lat="-27.00959833333333" lon="-48.61574166666666">
                <ele>7.6</ele>
            </trkpt>
            <trkpt lat="-27.00959833333333" lon="-48.61574166666666">
                <ele>7.6</ele>
            </trkpt>
            <trkpt lat="-27.00959833333333" lon="-48.61574166666666">
                <ele>7.6</ele>
            </trkpt>
            <trkpt lat="-27.00959833333333" lon="-48.61574166666666">
                <ele>7.6</ele>
            </trkpt>
            <trkpt lat="-27.00959833333333" lon="-48.61574166666666">
                <ele>7.6</ele>
            </trkpt>
            <trkpt lat="-27.00959833333333" lon="-48.61574166666666">
                <ele>7.6</ele>
            </trkpt>
            <trkpt lat="-27.00959833333333" lon="-48.61574166666666">
                <ele>7.6</ele>
            </trkpt>
            <trkpt lat="-27.00959833333333" lon="-48.61574166666666">
                <ele>7.6</ele>
            </trkpt>
            <trkpt lat="-27.00959833333333" lon="-48.61574166666666">
                <ele>7.6</ele>
            </trkpt>
            <trkpt lat="-27.00959833333333" lon="-48.61574166666666">
                <ele>7.6</ele>
            </trkpt>
            <trkpt lat="-27.00959833333333" lon="-48.61574166666666">
                <ele>7.6</ele>
            </trkpt>
            <trkpt lat="-27.00959833333333" lon="-48.61574166666666">
                <ele>7.6</ele>
            </trkpt>
            <trkpt lat="-27.00959833333333" lon="-48.61574166666666">
                <ele>7.6</ele>
            </trkpt>
            <trkpt lat="-27.00959833333333" lon="-48.61574166666666">
                <ele>7.6</ele>
            </trkpt>
            <trkpt lat="-27.00959833333333" lon="-48.61574166666666">
                <ele>7.6</ele>
            </trkpt>
            <trkpt lat="-27.00959833333333" lon="-48.61574166666666">
                <ele>7.6</ele>
            </trkpt>
            <trkpt lat="-27.00959833333333" lon="-48.61574166666666">
                <ele>7.6</ele>
            </trkpt>
            <trkpt lat="-27.00959833333333" lon="-48.61574166666666">
                <ele>7.6</ele>
            </trkpt>
            <trkpt lat="-27.00959833333333" lon="-48.61574166666666">
                <ele>7.6</ele>
            </trkpt>
            <trkpt lat="-27.00959833333333" lon="-48.61574166666666">
                <ele>7.6</ele>
            </trkpt>
            <trkpt lat="-27.00959833333333" lon="-48.61574166666666">
                <ele>7.6</ele>
            </trkpt>
            <trkpt lat="-27.00959833333333" lon="-48.61574166666666">
                <ele>7.6</ele>
            </trkpt>
            <trkpt lat="-27.00959833333333" lon="-48.61574166666666">
                <ele>7.6</ele>
            </trkpt>
            <trkpt lat="-27.00959833333333" lon="-48.61574166666666">
                <ele>7.6</ele>
            </trkpt>
            <trkpt lat="-27.009585" lon="-48.61572833333333">
                <ele>4.800000000000001</ele>
            </trkpt>
            <trkpt lat="-27.00958166666667" lon="-48.61572666666666">
                <ele>4.4</ele>
            </trkpt>
            <trkpt lat="-27.009585" lon="-48.615723333333335">
                <ele>4.300000000000001</ele>
            </trkpt>
            <trkpt lat="-27.009594999999997" lon="-48.61571666666667">
                <ele>4.4</ele>
            </trkpt>
            <trkpt lat="-27.00961" lon="-48.615705">
                <ele>4.6</ele>
            </trkpt>
            <trkpt lat="-27.00963" lon="-48.615689999999994">
                <ele>4.800000000000001</ele>
            </trkpt>
            <trkpt lat="-27.009653333333336" lon="-48.615676666666666">
                <ele>5.2</ele>
            </trkpt>
            <trkpt lat="-27.009676666666664" lon="-48.61565833333334">
                <ele>5.6</ele>
            </trkpt>
            <trkpt lat="-27.0097" lon="-48.61564166666667">
                <ele>5.4</ele>
            </trkpt>
            <trkpt lat="-27.009718333333332" lon="-48.61562000000001">
                <ele>5</ele>
            </trkpt>
            <trkpt lat="-27.009740000000004" lon="-48.61559999999999">
                <ele>5.2</ele>
            </trkpt>
            <trkpt lat="-27.009758333333334" lon="-48.615584999999996">
                <ele>5.2</ele>
            </trkpt>
            <trkpt lat="-27.00977833333333" lon="-48.61557500000001">
                <ele>5.4</ele>
            </trkpt>
            <trkpt lat="-27.009788333333336" lon="-48.61556166666666">
                <ele>5.5</ele>
            </trkpt>
            <trkpt lat="-27.009798333333332" lon="-48.61555166666667">
                <ele>5.5</ele>
            </trkpt>
            <trkpt lat="-27.009811666666664" lon="-48.615545000000004">
                <ele>5.800000000000001</ele>
            </trkpt>
            <trkpt lat="-27.009819999999998" lon="-48.61553833333334">
                <ele>6.199999999999999</ele>
            </trkpt>
            <trkpt lat="-27.00982666666666" lon="-48.61553000000001">
                <ele>6.5</ele>
            </trkpt>
            <trkpt lat="-27.00982666666666" lon="-48.61553000000001">
                <ele>6.5</ele>
            </trkpt>
            <trkpt lat="-27.009835" lon="-48.61552333333334">
                <ele>7.1</ele>
            </trkpt>
            <trkpt lat="-27.00984" lon="-48.61552166666667">
                <ele>7.300000000000001</ele>
            </trkpt>
            <trkpt lat="-27.00983833333333" lon="-48.61552666666667">
                <ele>7</ele>
            </trkpt>
            <trkpt lat="-27.00983833333333" lon="-48.61553166666666">
                <ele>6.9</ele>
            </trkpt>
            <trkpt lat="-27.00983666666667" lon="-48.61553666666667">
                <ele>6.800000000000001</ele>
            </trkpt>
            <trkpt lat="-27.009833333333336" lon="-48.61553833333334">
                <ele>6.6</ele>
            </trkpt>
            <trkpt lat="-27.009831666666667" lon="-48.61553833333334">
                <ele>6.699999999999999</ele>
            </trkpt>
            <trkpt lat="-27.009830000000004" lon="-48.61553833333334">
                <ele>6.6</ele>
            </trkpt>
            <trkpt lat="-27.009828333333335" lon="-48.61553833333334">
                <ele>6.6</ele>
            </trkpt>
            <trkpt lat="-27.009825" lon="-48.615539999999996">
                <ele>6.4</ele>
            </trkpt>
            <trkpt lat="-27.009825" lon="-48.615539999999996">
                <ele>6.4</ele>
            </trkpt>
            <trkpt lat="-27.00982333333333" lon="-48.615543333333335">
                <ele>6.5</ele>
            </trkpt>
            <trkpt lat="-27.00982333333333" lon="-48.615543333333335">
                <ele>6.5</ele>
            </trkpt>
            <trkpt lat="-27.00982333333333" lon="-48.615543333333335">
                <ele>6.5</ele>
            </trkpt>
            <trkpt lat="-27.00982333333333" lon="-48.615543333333335">
                <ele>6.5</ele>
            </trkpt>
            <trkpt lat="-27.009848333333334" lon="-48.615525">
                <ele>6.199999999999999</ele>
            </trkpt>
            <trkpt lat="-27.009866666666667" lon="-48.61551333333333">
                <ele>6.4</ele>
            </trkpt>
            <trkpt lat="-27.009888333333333" lon="-48.61550166666666">
                <ele>6.699999999999999</ele>
            </trkpt>
            <trkpt lat="-27.009918333333335" lon="-48.61548500000001">
                <ele>6.9</ele>
            </trkpt>
            <trkpt lat="-27.009943333333332" lon="-48.61547">
                <ele>6.800000000000001</ele>
            </trkpt>
            <trkpt lat="-27.009968333333337" lon="-48.615455000000004">
                <ele>6.699999999999999</ele>
            </trkpt>
            <trkpt lat="-27.009991666666664" lon="-48.61544000000001">
                <ele>6.300000000000001</ele>
            </trkpt>
            <trkpt lat="-27.010015" lon="-48.61542166666666">
                <ele>6.199999999999999</ele>
            </trkpt>
            <trkpt lat="-27.010015" lon="-48.61542166666666">
                <ele>6.199999999999999</ele>
            </trkpt>
            <trkpt lat="-27.010015" lon="-48.61542166666666">
                <ele>6.199999999999999</ele>
            </trkpt>
            <trkpt lat="-27.010041666666666" lon="-48.615404999999996">
                <ele>6.4</ele>
            </trkpt>
            <trkpt lat="-27.010066666666663" lon="-48.61538833333334">
                <ele>6.300000000000001</ele>
            </trkpt>
            <trkpt lat="-27.010089999999998" lon="-48.61537166666667">
                <ele>6.300000000000001</ele>
            </trkpt>
            <trkpt lat="-27.010115000000003" lon="-48.61535666666667">
                <ele>6.4</ele>
            </trkpt>
            <trkpt lat="-27.01014" lon="-48.615339999999996">
                <ele>6.4</ele>
            </trkpt>
            <trkpt lat="-27.010163333333335" lon="-48.615320000000004">
                <ele>6.4</ele>
            </trkpt>
            <trkpt lat="-27.010188333333335" lon="-48.61530333333334">
                <ele>6.5</ele>
            </trkpt>
            <trkpt lat="-27.01021166666667" lon="-48.61529166666666">
                <ele>6.699999999999999</ele>
            </trkpt>
            <trkpt lat="-27.010223333333336" lon="-48.61528666666666">
                <ele>7.199999999999999</ele>
            </trkpt>
            <trkpt lat="-27.010221666666666" lon="-48.61529">
                <ele>7.800000000000001</ele>
            </trkpt>
            <trkpt lat="-27.010219999999997" lon="-48.61529">
                <ele>8.2</ele>
            </trkpt>
            <trkpt lat="-27.010216666666665" lon="-48.61528833333333">
                <ele>8.8</ele>
            </trkpt>
            <trkpt lat="-27.010215000000002" lon="-48.61528833333333">
                <ele>9.1</ele>
            </trkpt>
            <trkpt lat="-27.010215000000002" lon="-48.61528666666666">
                <ele>9.3</ele>
            </trkpt>
            <trkpt lat="-27.010213333333333" lon="-48.61528499999999">
                <ele>9.3</ele>
            </trkpt>
            <trkpt lat="-27.01021166666667" lon="-48.61528166666667">
                <ele>9.1</ele>
            </trkpt>
            <trkpt lat="-27.010209999999997" lon="-48.61528">
                <ele>8.8</ele>
            </trkpt>
            <trkpt lat="-27.010209999999997" lon="-48.61528">
                <ele>8.8</ele>
            </trkpt>
            <trkpt lat="-27.010208333333335" lon="-48.61527666666666">
                <ele>8.4</ele>
            </trkpt>
            <trkpt lat="-27.010206666666665" lon="-48.61527666666666">
                <ele>8.3</ele>
            </trkpt>
            <trkpt lat="-27.010206666666665" lon="-48.61527666666666">
                <ele>8.3</ele>
            </trkpt>
            <trkpt lat="-27.010206666666665" lon="-48.61527666666666">
                <ele>8.3</ele>
            </trkpt>
            <trkpt lat="-27.010206666666665" lon="-48.61527666666666">
                <ele>8.3</ele>
            </trkpt>
            <trkpt lat="-27.010206666666665" lon="-48.61527666666666">
                <ele>8.3</ele>
            </trkpt>
            <trkpt lat="-27.010206666666665" lon="-48.61527666666666">
                <ele>8.3</ele>
            </trkpt>
            <trkpt lat="-27.010206666666665" lon="-48.61527666666666">
                <ele>8.3</ele>
            </trkpt>
            <trkpt lat="-27.010206666666665" lon="-48.61527666666666">
                <ele>8.3</ele>
            </trkpt>
            <trkpt lat="-27.010206666666665" lon="-48.61527666666666">
                <ele>8.3</ele>
            </trkpt>
            <trkpt lat="-27.010219999999997" lon="-48.615269999999995">
                <ele>7.5</ele>
            </trkpt>
            <trkpt lat="-27.01023" lon="-48.615265">
                <ele>6.9</ele>
            </trkpt>
            <trkpt lat="-27.01024" lon="-48.61525833333334">
                <ele>6.5</ele>
            </trkpt>
            <trkpt lat="-27.010251666666665" lon="-48.615249999999996">
                <ele>5.9</ele>
            </trkpt>
            <trkpt lat="-27.010263333333334" lon="-48.61524166666666">
                <ele>5.1</ele>
            </trkpt>
            <trkpt lat="-27.010279999999998" lon="-48.61523166666666">
                <ele>4.5</ele>
            </trkpt>
            <trkpt lat="-27.010294999999996" lon="-48.61522166666667">
                <ele>4</ele>
            </trkpt>
            <trkpt lat="-27.010309999999997" lon="-48.615215000000006">
                <ele>4.4</ele>
            </trkpt>
            <trkpt lat="-27.010316666666668" lon="-48.61521">
                <ele>4.5</ele>
            </trkpt>
            <trkpt lat="-27.010316666666668" lon="-48.61521">
                <ele>5</ele>
            </trkpt>
            <trkpt lat="-27.01031833333333" lon="-48.61521166666667">
                <ele>5.300000000000001</ele>
            </trkpt>
            <trkpt lat="-27.01032" lon="-48.61521166666667">
                <ele>5.4</ele>
            </trkpt>
            <trkpt lat="-27.010321666666663" lon="-48.61521">
                <ele>5.6</ele>
            </trkpt>
            <trkpt lat="-27.01032" lon="-48.61520833333334">
                <ele>5.699999999999999</ele>
            </trkpt>
            <trkpt lat="-27.01032" lon="-48.61520666666667">
                <ele>6.1</ele>
            </trkpt>
            <trkpt lat="-27.01031833333333" lon="-48.61520666666667">
                <ele>6.4</ele>
            </trkpt>
            <trkpt lat="-27.010316666666668" lon="-48.615204999999996">
                <ele>6.699999999999999</ele>
            </trkpt>
            <trkpt lat="-27.010316666666668" lon="-48.615204999999996">
                <ele>6.9</ele>
            </trkpt>
            <trkpt lat="-27.010316666666668" lon="-48.615204999999996">
                <ele>6.9</ele>
            </trkpt>
            <trkpt lat="-27.010316666666668" lon="-48.615204999999996">
                <ele>6.9</ele>
            </trkpt>
            <trkpt lat="-27.010316666666668" lon="-48.615204999999996">
                <ele>6.9</ele>
            </trkpt>
            <trkpt lat="-27.010316666666668" lon="-48.615204999999996">
                <ele>6.9</ele>
            </trkpt>
            <trkpt lat="-27.010316666666668" lon="-48.615204999999996">
                <ele>6.9</ele>
            </trkpt>
            <trkpt lat="-27.010316666666668" lon="-48.615204999999996">
                <ele>6.9</ele>
            </trkpt>
            <trkpt lat="-27.010316666666668" lon="-48.615204999999996">
                <ele>6.9</ele>
            </trkpt>
            <trkpt lat="-27.010316666666668" lon="-48.615204999999996">
                <ele>6.9</ele>
            </trkpt>
            <trkpt lat="-27.010316666666668" lon="-48.615204999999996">
                <ele>6.9</ele>
            </trkpt>
            <trkpt lat="-27.010316666666668" lon="-48.615204999999996">
                <ele>6.9</ele>
            </trkpt>
            <trkpt lat="-27.010316666666668" lon="-48.615204999999996">
                <ele>6.9</ele>
            </trkpt>
            <trkpt lat="-27.010316666666668" lon="-48.615204999999996">
                <ele>6.9</ele>
            </trkpt>
            <trkpt lat="-27.010316666666668" lon="-48.615204999999996">
                <ele>6.9</ele>
            </trkpt>
            <trkpt lat="-27.010316666666668" lon="-48.615204999999996">
                <ele>6.9</ele>
            </trkpt>
            <trkpt lat="-27.010316666666668" lon="-48.615204999999996">
                <ele>6.9</ele>
            </trkpt>
            <trkpt lat="-27.010316666666668" lon="-48.615204999999996">
                <ele>6.9</ele>
            </trkpt>
            <trkpt lat="-27.010316666666668" lon="-48.615204999999996">
                <ele>6.9</ele>
            </trkpt>
            <trkpt lat="-27.010316666666668" lon="-48.615204999999996">
                <ele>6.9</ele>
            </trkpt>
            <trkpt lat="-27.010326666666668" lon="-48.61519833333333">
                <ele>5.300000000000001</ele>
            </trkpt>
            <trkpt lat="-27.010339999999996" lon="-48.61519333333334">
                <ele>4.7</ele>
            </trkpt>
            <trkpt lat="-27.010353333333335" lon="-48.61518833333333">
                <ele>4.5</ele>
            </trkpt>
            <trkpt lat="-27.010366666666663" lon="-48.615181666666665">
                <ele>4.2</ele>
            </trkpt>
            <trkpt lat="-27.01038" lon="-48.61517333333333">
                <ele>3.8000000000000003</ele>
            </trkpt>
            <trkpt lat="-27.010395000000003" lon="-48.61516666666667">
                <ele>3.6</ele>
            </trkpt>
            <trkpt lat="-27.01041" lon="-48.61515666666666">
                <ele>3.6</ele>
            </trkpt>
            <trkpt lat="-27.010423333333332" lon="-48.61514666666667">
                <ele>4.1</ele>
            </trkpt>
            <trkpt lat="-27.010434999999998" lon="-48.615138333333334">
                <ele>4.5</ele>
            </trkpt>
            <trkpt lat="-27.010434999999998" lon="-48.615138333333334">
                <ele>4.5</ele>
            </trkpt>
            <trkpt lat="-27.010444999999997" lon="-48.61513">
                <ele>4.800000000000001</ele>
            </trkpt>
            <trkpt lat="-27.01046" lon="-48.61512666666666">
                <ele>5.2</ele>
            </trkpt>
            <trkpt lat="-27.01047" lon="-48.61511666666667">
                <ele>5.699999999999999</ele>
            </trkpt>
            <trkpt lat="-27.010474999999996" lon="-48.61511166666666">
                <ele>5.699999999999999</ele>
            </trkpt>
            <trkpt lat="-27.010478333333335" lon="-48.61511">
                <ele>5.699999999999999</ele>
            </trkpt>
            <trkpt lat="-27.01048166666667" lon="-48.61511166666666">
                <ele>6.199999999999999</ele>
            </trkpt>
            <trkpt lat="-27.010483333333333" lon="-48.615113333333326">
                <ele>6.699999999999999</ele>
            </trkpt>
            <trkpt lat="-27.010486666666665" lon="-48.61511166666666">
                <ele>6.9</ele>
            </trkpt>
            <trkpt lat="-27.010486666666665" lon="-48.61511166666666">
                <ele>6.9</ele>
            </trkpt>
            <trkpt lat="-27.01049666666667" lon="-48.61511">
                <ele>7.300000000000001</ele>
            </trkpt>
            <trkpt lat="-27.010505" lon="-48.61510833333333">
                <ele>7.300000000000001</ele>
            </trkpt>
            <trkpt lat="-27.010508333333338" lon="-48.61510666666666">
                <ele>7</ele>
            </trkpt>
            <trkpt lat="-27.010515" lon="-48.61510499999999">
                <ele>6.9</ele>
            </trkpt>
            <trkpt lat="-27.010515" lon="-48.61510333333334">
                <ele>6.9</ele>
            </trkpt>
            <trkpt lat="-27.010513333333332" lon="-48.61510333333334">
                <ele>7</ele>
            </trkpt>
            <trkpt lat="-27.010516666666664" lon="-48.61510166666667">
                <ele>7.199999999999999</ele>
            </trkpt>
            <trkpt lat="-27.010521666666666" lon="-48.61509833333333">
                <ele>7.4</ele>
            </trkpt>
            <trkpt lat="-27.010524999999998" lon="-48.615093333333334">
                <ele>7.300000000000001</ele>
            </trkpt>
            <trkpt lat="-27.010524999999998" lon="-48.615089999999995">
                <ele>7</ele>
            </trkpt>
            <trkpt lat="-27.010524999999998" lon="-48.615089999999995">
                <ele>7</ele>
            </trkpt>
            <trkpt lat="-27.010524999999998" lon="-48.615089999999995">
                <ele>7</ele>
            </trkpt>
            <trkpt lat="-27.010523333333335" lon="-48.61508833333334">
                <ele>7</ele>
            </trkpt>
            <trkpt lat="-27.010523333333335" lon="-48.61508833333334">
                <ele>7</ele>
            </trkpt>
            <trkpt lat="-27.010523333333335" lon="-48.61508833333334">
                <ele>7</ele>
            </trkpt>
            <trkpt lat="-27.010523333333335" lon="-48.61508833333334">
                <ele>7</ele>
            </trkpt>
            <trkpt lat="-27.010523333333335" lon="-48.61508833333334">
                <ele>7</ele>
            </trkpt>
            <trkpt lat="-27.010523333333335" lon="-48.61508833333334">
                <ele>7</ele>
            </trkpt>
            <trkpt lat="-27.010523333333335" lon="-48.61508833333334">
                <ele>7</ele>
            </trkpt>
            <trkpt lat="-27.010523333333335" lon="-48.61508833333334">
                <ele>7</ele>
            </trkpt>
            <trkpt lat="-27.010523333333335" lon="-48.61508833333334">
                <ele>7</ele>
            </trkpt>
            <trkpt lat="-27.010523333333335" lon="-48.61508833333334">
                <ele>7</ele>
            </trkpt>
            <trkpt lat="-27.010523333333335" lon="-48.61508833333334">
                <ele>7</ele>
            </trkpt>
            <trkpt lat="-27.010523333333335" lon="-48.61508833333334">
                <ele>7</ele>
            </trkpt>
            <trkpt lat="-27.010523333333335" lon="-48.61508833333334">
                <ele>7</ele>
            </trkpt>
            <trkpt lat="-27.010523333333335" lon="-48.61508833333334">
                <ele>7</ele>
            </trkpt>
            <trkpt lat="-27.010533333333335" lon="-48.615081666666676">
                <ele>7.199999999999999</ele>
            </trkpt>
            <trkpt lat="-27.010545" lon="-48.61507666666667">
                <ele>7.1</ele>
            </trkpt>
            <trkpt lat="-27.010558333333332" lon="-48.615068333333326">
                <ele>7.1</ele>
            </trkpt>
            <trkpt lat="-27.010569999999998" lon="-48.61505666666667">
                <ele>6.9</ele>
            </trkpt>
            <trkpt lat="-27.010581666666667" lon="-48.615048333333334">
                <ele>6.199999999999999</ele>
            </trkpt>
            <trkpt lat="-27.010591666666663" lon="-48.615044999999995">
                <ele>5.300000000000001</ele>
            </trkpt>
            <trkpt lat="-27.010596666666668" lon="-48.61503">
                <ele>4.5</ele>
            </trkpt>
            <trkpt lat="-27.010608333333334" lon="-48.615023333333326">
                <ele>3.9</ele>
            </trkpt>
            <trkpt lat="-27.010623333333335" lon="-48.61501333333334">
                <ele>4</ele>
            </trkpt>
            <trkpt lat="-27.01063166666667" lon="-48.61500666666667">
                <ele>4.2</ele>
            </trkpt>
            <trkpt lat="-27.010641666666668" lon="-48.614999999999995">
                <ele>3.9</ele>
            </trkpt>
            <trkpt lat="-27.01064666666667" lon="-48.614995">
                <ele>4.1</ele>
            </trkpt>
            <trkpt lat="-27.010643333333338" lon="-48.614991666666675">
                <ele>3.7</ele>
            </trkpt>
            <trkpt lat="-27.01064666666667" lon="-48.614991666666675">
                <ele>4</ele>
            </trkpt>
            <trkpt lat="-27.01064666666667" lon="-48.614991666666675">
                <ele>4</ele>
            </trkpt>
            <trkpt lat="-27.010650000000002" lon="-48.614991666666675">
                <ele>4.300000000000001</ele>
            </trkpt>
            <trkpt lat="-27.01066166666667" lon="-48.614990000000006">
                <ele>4.300000000000001</ele>
            </trkpt>
            <trkpt lat="-27.01067833333333" lon="-48.614985">
                <ele>4.4</ele>
            </trkpt>
            <trkpt lat="-27.01069" lon="-48.61498166666667">
                <ele>4.2</ele>
            </trkpt>
            <trkpt lat="-27.010699999999996" lon="-48.614979999999996">
                <ele>4.1</ele>
            </trkpt>
            <trkpt lat="-27.01070666666667" lon="-48.614975">
                <ele>4.5</ele>
            </trkpt>
            <trkpt lat="-27.010716666666667" lon="-48.61497166666666">
                <ele>4.7</ele>
            </trkpt>
            <trkpt lat="-27.010726666666663" lon="-48.61496999999999">
                <ele>5</ele>
            </trkpt>
            <trkpt lat="-27.010735" lon="-48.61496833333334">
                <ele>4.9</ele>
            </trkpt>
            <trkpt lat="-27.01073666666667" lon="-48.61496666666667">
                <ele>4.6</ele>
            </trkpt>
            <trkpt lat="-27.010735" lon="-48.614965">
                <ele>4.300000000000001</ele>
            </trkpt>
            <trkpt lat="-27.010735" lon="-48.61496333333333">
                <ele>4.1</ele>
            </trkpt>
            <trkpt lat="-27.010738333333332" lon="-48.61496166666667">
                <ele>4.1</ele>
            </trkpt>
            <trkpt lat="-27.01075166666667" lon="-48.61496166666667">
                <ele>4</ele>
            </trkpt>
            <trkpt lat="-27.01077" lon="-48.614965">
                <ele>3.8000000000000003</ele>
            </trkpt>
            <trkpt lat="-27.010791666666666" lon="-48.61496833333334">
                <ele>3.7</ele>
            </trkpt>
            <trkpt lat="-27.010815" lon="-48.61496999999999">
                <ele>3.8000000000000003</ele>
            </trkpt>
            <trkpt lat="-27.010843333333334" lon="-48.61497166666666">
                <ele>3.9</ele>
            </trkpt>
            <trkpt lat="-27.01086833333333" lon="-48.61496666666667">
                <ele>4.4</ele>
            </trkpt>
            <trkpt lat="-27.01088333333333" lon="-48.614946666666675">
                <ele>4.800000000000001</ele>
            </trkpt>
            <trkpt lat="-27.010890000000003" lon="-48.61492333333334">
                <ele>4.7</ele>
            </trkpt>
            <trkpt lat="-27.01089833333333" lon="-48.61489666666667">
                <ele>4.4</ele>
            </trkpt>
            <trkpt lat="-27.01091166666667" lon="-48.614868333333334">
                <ele>4.2</ele>
            </trkpt>
            <trkpt lat="-27.01093" lon="-48.614856666666675">
                <ele>3.9</ele>
            </trkpt>
            <trkpt lat="-27.010951666666664" lon="-48.61483499999999">
                <ele>4</ele>
            </trkpt>
            <trkpt lat="-27.01097666666667" lon="-48.614808333333336">
                <ele>4.300000000000001</ele>
            </trkpt>
            <trkpt lat="-27.010998333333337" lon="-48.614795">
                <ele>4.5</ele>
            </trkpt>
            <trkpt lat="-27.011013333333334" lon="-48.614778333333334">
                <ele>4.1</ele>
            </trkpt>
            <trkpt lat="-27.011013333333334" lon="-48.614774999999995">
                <ele>4.4</ele>
            </trkpt>
            <trkpt lat="-27.011014999999997" lon="-48.61477333333334">
                <ele>4.4</ele>
            </trkpt>
            <trkpt lat="-27.011016666666666" lon="-48.61477">
                <ele>4.7</ele>
            </trkpt>
            <trkpt lat="-27.011016666666666" lon="-48.614766666666675">
                <ele>4.9</ele>
            </trkpt>
            <trkpt lat="-27.011013333333334" lon="-48.614765000000006">
                <ele>5</ele>
            </trkpt>
            <trkpt lat="-27.011014999999997" lon="-48.614765000000006">
                <ele>5</ele>
            </trkpt>
            <trkpt lat="-27.011016666666666" lon="-48.614765000000006">
                <ele>5.2</ele>
            </trkpt>
            <trkpt lat="-27.011016666666666" lon="-48.614761666666666">
                <ele>5.2</ele>
            </trkpt>
            <trkpt lat="-27.01101833333333" lon="-48.61476">
                <ele>5.300000000000001</ele>
            </trkpt>
            <trkpt lat="-27.011016666666666" lon="-48.61476">
                <ele>5.5</ele>
            </trkpt>
            <trkpt lat="-27.011016666666666" lon="-48.614761666666666">
                <ele>5.6</ele>
            </trkpt>
            <trkpt lat="-27.011016666666666" lon="-48.614761666666666">
                <ele>5.6</ele>
            </trkpt>
            <trkpt lat="-27.011016666666666" lon="-48.614761666666666">
                <ele>5.6</ele>
            </trkpt>
            <trkpt lat="-27.011016666666666" lon="-48.614761666666666">
                <ele>5.6</ele>
            </trkpt>
            <trkpt lat="-27.011016666666666" lon="-48.614761666666666">
                <ele>5.6</ele>
            </trkpt>
            <trkpt lat="-27.011016666666666" lon="-48.614761666666666">
                <ele>5.6</ele>
            </trkpt>
            <trkpt lat="-27.011016666666666" lon="-48.614761666666666">
                <ele>5.6</ele>
            </trkpt>
            <trkpt lat="-27.011016666666666" lon="-48.614761666666666">
                <ele>5.6</ele>
            </trkpt>
            <trkpt lat="-27.011016666666666" lon="-48.614761666666666">
                <ele>5.6</ele>
            </trkpt>
            <trkpt lat="-27.011016666666666" lon="-48.614761666666666">
                <ele>5.6</ele>
            </trkpt>
            <trkpt lat="-27.011016666666666" lon="-48.614761666666666">
                <ele>5.6</ele>
            </trkpt>
            <trkpt lat="-27.011016666666666" lon="-48.614761666666666">
                <ele>5.6</ele>
            </trkpt>
            <trkpt lat="-27.011016666666666" lon="-48.614761666666666">
                <ele>5.6</ele>
            </trkpt>
            <trkpt lat="-27.011016666666666" lon="-48.614761666666666">
                <ele>5.6</ele>
            </trkpt>
            <trkpt lat="-27.011016666666666" lon="-48.614761666666666">
                <ele>5.6</ele>
            </trkpt>
            <trkpt lat="-27.011016666666666" lon="-48.614761666666666">
                <ele>5.6</ele>
            </trkpt>
            <trkpt lat="-27.011016666666666" lon="-48.614761666666666">
                <ele>5.6</ele>
            </trkpt>
            <trkpt lat="-27.011016666666666" lon="-48.614761666666666">
                <ele>5.6</ele>
            </trkpt>
            <trkpt lat="-27.011016666666666" lon="-48.614761666666666">
                <ele>5.6</ele>
            </trkpt>
            <trkpt lat="-27.011016666666666" lon="-48.614761666666666">
                <ele>5.6</ele>
            </trkpt>
            <trkpt lat="-27.011016666666666" lon="-48.614761666666666">
                <ele>5.6</ele>
            </trkpt>
            <trkpt lat="-27.011016666666666" lon="-48.614761666666666">
                <ele>5.6</ele>
            </trkpt>
            <trkpt lat="-27.011016666666666" lon="-48.614761666666666">
                <ele>5.6</ele>
            </trkpt>
            <trkpt lat="-27.011016666666666" lon="-48.614761666666666">
                <ele>5.6</ele>
            </trkpt>
            <trkpt lat="-27.011016666666666" lon="-48.614761666666666">
                <ele>5.6</ele>
            </trkpt>
            <trkpt lat="-27.011016666666666" lon="-48.614761666666666">
                <ele>5.6</ele>
            </trkpt>
            <trkpt lat="-27.011016666666666" lon="-48.614761666666666">
                <ele>5.6</ele>
            </trkpt>
            <trkpt lat="-27.011016666666666" lon="-48.614761666666666">
                <ele>5.6</ele>
            </trkpt>
            <trkpt lat="-27.011016666666666" lon="-48.614761666666666">
                <ele>5.6</ele>
            </trkpt>
            <trkpt lat="-27.011016666666666" lon="-48.614761666666666">
                <ele>5.6</ele>
            </trkpt>
            <trkpt lat="-27.010984999999998" lon="-48.61474666666666">
                <ele>6.1</ele>
            </trkpt>
            <trkpt lat="-27.010983333333336" lon="-48.61474833333333">
                <ele>6.300000000000001</ele>
            </trkpt>
            <trkpt lat="-27.010981666666666" lon="-48.61474833333333">
                <ele>6.199999999999999</ele>
            </trkpt>
            <trkpt lat="-27.010981666666666" lon="-48.61475">
                <ele>6.1</ele>
            </trkpt>
            <trkpt lat="-27.010983333333336" lon="-48.614753333333326">
                <ele>6.300000000000001</ele>
            </trkpt>
            <trkpt lat="-27.010983333333336" lon="-48.614753333333326">
                <ele>6.300000000000001</ele>
            </trkpt>
            <trkpt lat="-27.010983333333336" lon="-48.614753333333326">
                <ele>6.300000000000001</ele>
            </trkpt>
            <trkpt lat="-27.010983333333336" lon="-48.614753333333326">
                <ele>6.300000000000001</ele>
            </trkpt>
            <trkpt lat="-27.010983333333336" lon="-48.614753333333326">
                <ele>6.300000000000001</ele>
            </trkpt>
            <trkpt lat="-27.010983333333336" lon="-48.614753333333326">
                <ele>6.300000000000001</ele>
            </trkpt>
            <trkpt lat="-27.010983333333336" lon="-48.614753333333326">
                <ele>6.300000000000001</ele>
            </trkpt>
            <trkpt lat="-27.010983333333336" lon="-48.614753333333326">
                <ele>6.300000000000001</ele>
            </trkpt>
            <trkpt lat="-27.010983333333336" lon="-48.614753333333326">
                <ele>6.300000000000001</ele>
            </trkpt>
            <trkpt lat="-27.010983333333336" lon="-48.614753333333326">
                <ele>6.300000000000001</ele>
            </trkpt>
            <trkpt lat="-27.010983333333336" lon="-48.614753333333326">
                <ele>6.300000000000001</ele>
            </trkpt>
            <trkpt lat="-27.010983333333336" lon="-48.614753333333326">
                <ele>6.300000000000001</ele>
            </trkpt>
            <trkpt lat="-27.010983333333336" lon="-48.614753333333326">
                <ele>6.300000000000001</ele>
            </trkpt>
            <trkpt lat="-27.010983333333336" lon="-48.614753333333326">
                <ele>6.300000000000001</ele>
            </trkpt>
            <trkpt lat="-27.010983333333336" lon="-48.614753333333326">
                <ele>6.300000000000001</ele>
            </trkpt>
            <trkpt lat="-27.010983333333336" lon="-48.614753333333326">
                <ele>6.300000000000001</ele>
            </trkpt>
            <trkpt lat="-27.010983333333336" lon="-48.614753333333326">
                <ele>6.300000000000001</ele>
            </trkpt>
            <trkpt lat="-27.010983333333336" lon="-48.614753333333326">
                <ele>6.300000000000001</ele>
            </trkpt>
            <trkpt lat="-27.010983333333336" lon="-48.614753333333326">
                <ele>6.300000000000001</ele>
            </trkpt>
            <trkpt lat="-27.010983333333336" lon="-48.614753333333326">
                <ele>6.300000000000001</ele>
            </trkpt>
            <trkpt lat="-27.010983333333336" lon="-48.614753333333326">
                <ele>6.300000000000001</ele>
            </trkpt>
            <trkpt lat="-27.010983333333336" lon="-48.614753333333326">
                <ele>6.300000000000001</ele>
            </trkpt>
            <trkpt lat="-27.010983333333336" lon="-48.614753333333326">
                <ele>6.300000000000001</ele>
            </trkpt>
            <trkpt lat="-27.010983333333336" lon="-48.614753333333326">
                <ele>6.300000000000001</ele>
            </trkpt>
            <trkpt lat="-27.010983333333336" lon="-48.614753333333326">
                <ele>6.300000000000001</ele>
            </trkpt>
        </trkseg>
    </trk>
</gpx>