<?xml version="1.0" encoding="UTF-8"?>
<gpx xmlns="http://www.topografix.com/GPX/1/1" version="1.1" creator="@dwayneparton/geojson-to-gpx">
    <wpt lat="-27.006633" lon="-48.624152">
        <ele>11.3</ele>
        <name>2 faixas cada pista = 4 faixas</name>
    </wpt>
    <wpt lat="-27.006633" lon="-48.624152">
        <ele>11.3</ele>
        <name>4 faixas</name>
    </wpt>
    <wpt lat="-27.006107" lon="-48.627668">
        <ele>2.1</ele>
        <name>50km/h</name>
    </wpt>
    <wpt lat="-27.005913" lon="-48.628622">
        <ele>14</ele>
        <name>50km/h</name>
    </wpt>
    <wpt lat="-27.005678" lon="-48.629992">
        <ele>7.4</ele>
        <name>50km/h</name>
    </wpt>
    <wpt lat="-27.00527" lon="-48.632095">
        <ele>3.8</ele>
        <name>50km/h</name>
    </wpt>
    <wpt lat="-27.005182" lon="-48.632717">
        <ele>3.4</ele>
        <name>50km/h</name>
    </wpt>
    <wpt lat="-27.003795" lon="-48.640365">
        <ele>7.8</ele>
        <name>50km/h</name>
    </wpt>
    <wpt lat="-27.003378" lon="-48.641098">
        <ele>4.7</ele>
        <name>50km/h</name>
    </wpt>
    <wpt lat="-27.003055" lon="-48.641658">
        <ele>5.9</ele>
        <name>50km/h</name>
    </wpt>
    <wpt lat="-27.002312" lon="-48.642943">
        <ele>9.3</ele>
        <name>50km/h</name>
    </wpt>
    <wpt lat="-27.006518" lon="-48.625257">
        <ele>7.9</ele>
        <name>190</name>
    </wpt>
    <wpt lat="-27.005623" lon="-48.630297">
        <ele>5.4</ele>
        <name>190</name>
    </wpt>
    <wpt lat="-27.001338" lon="-48.644595">
        <ele>9.9</ele>
        <name>190</name>
    </wpt>
    <wpt lat="-27.0065" lon="-48.625337">
        <name>1536</name>
    </wpt>
    <wpt lat="-27.000708" lon="-48.645842">
        <ele>4.7</ele>
        <name>A ciclo é completamente reta.</name>
    </wpt>
    <wpt lat="-27.000708" lon="-48.645842">
        <ele>4.7</ele>
        <name>A pintura está boa, COMPLETA e visível</name>
    </wpt>
    <wpt lat="-27.005103" lon="-48.633253">
        <ele>-3.3</ele>
        <name>Acesso sem uma via transversal</name>
    </wpt>
    <wpt lat="-27.00502" lon="-48.633793">
        <ele>3.5</ele>
        <name>Acesso sem uma via transversal</name>
    </wpt>
    <wpt lat="-27.004943" lon="-48.63457">
        <ele>3.3</ele>
        <name>Acesso sem uma via transversal</name>
    </wpt>
    <wpt lat="-27.004897" lon="-48.63511">
        <ele>2.1</ele>
        <name>Acesso sem uma via transversal</name>
    </wpt>
    <wpt lat="-27.006518" lon="-48.625257">
        <ele>7.9</ele>
        <name>altura da guia/mureta 29 cm</name>
    </wpt>
    <wpt lat="-27.006518" lon="-48.625257">
        <ele>7.9</ele>
        <name>altura das duas guias/muretas 29 cm</name>
    </wpt>
    <wpt lat="-27.00709" lon="-48.623292">
        <ele>24.1</ele>
        <name>Apenas faixas vermelhas nas bordas, com travessias pintadas nos cruzamentos</name>
    </wpt>
    <wpt lat="-27.006518" lon="-48.625257">
        <ele>7.9</ele>
        <name>Área transitável da ciclo (cm)</name>
    </wpt>
    <wpt lat="-27.005623" lon="-48.630293">
        <ele>5.2</ele>
        <name>Área transitável da ciclo (cm)</name>
    </wpt>
    <wpt lat="-27.001338" lon="-48.644595">
        <ele>9.9</ele>
        <name>Área transitável da ciclo (cm)</name>
    </wpt>
    <wpt lat="-27.007105" lon="-48.623277">
        <ele>10.1</ele>
        <name>Asfalto</name>
    </wpt>
    <wpt lat="-27.00571" lon="-48.629833">
        <ele>9</ele>
        <name>Asfalto</name>
    </wpt>
    <wpt lat="-27.007137" lon="-48.623282">
        <ele>9</ele>
        <name>Ausência de conexão entre ciclos.</name>
    </wpt>
    <wpt lat="-27.00653" lon="-48.625222">
        <ele>6.5</ele>
        <name>Ausência de conexão entre ciclos.</name>
    </wpt>
    <wpt lat="-27.006528" lon="-48.625227">
        <ele>6.6</ele>
        <name>Ausência de conexão entre ciclos.</name>
    </wpt>
    <wpt lat="-27.00556" lon="-48.63059">
        <ele>4.5</ele>
        <name>Ausência de conexão entre ciclos.</name>
    </wpt>
    <wpt lat="-27.004643" lon="-48.638158">
        <ele>4.4</ele>
        <name>Ausência de conexão entre ciclos.</name>
    </wpt>
    <wpt lat="-27.000832" lon="-48.645728">
        <ele>1.5</ele>
        <name>Ausência de conexão entre ciclos.</name>
    </wpt>
    <wpt lat="-27.007095" lon="-48.623308">
        <ele>24.7</ele>
        <name>Bidirecional</name>
    </wpt>
    <wpt lat="-27.000708" lon="-48.645842">
        <ele>4.7</ele>
        <name>Bom estado</name>
    </wpt>
    <wpt lat="-27.007117" lon="-48.623302">
        <ele>24.3</ele>
        <name>Ciclovia</name>
    </wpt>
    <wpt lat="-27.006393" lon="-48.626404">
        <name>COM Semáforo exclusivo</name>
    </wpt>
    <wpt lat="-27.005988" lon="-48.628228">
        <ele>7.8</ele>
        <name>COM Semáforo exclusivo</name>
    </wpt>
    <wpt lat="-27.00556" lon="-48.63059">
        <ele>4.5</ele>
        <name>COM Semáforo exclusivo</name>
    </wpt>
    <wpt lat="-27.005497" lon="-48.63114">
        <ele>5.5</ele>
        <name>COM Semáforo exclusivo</name>
    </wpt>
    <wpt lat="-27.005155" lon="-48.632817">
        <ele>6.7</ele>
        <name>COM Semáforo exclusivo</name>
    </wpt>
    <wpt lat="-27.004643" lon="-48.638158">
        <ele>4.4</ele>
        <name>COM Semáforo exclusivo</name>
    </wpt>
    <wpt lat="-27.004452" lon="-48.638873">
        <ele>8.8</ele>
        <name>COM Semáforo exclusivo</name>
    </wpt>
    <wpt lat="-27.002355" lon="-48.642852">
        <ele>6.5</ele>
        <name>COM Semáforo exclusivo</name>
    </wpt>
    <wpt lat="-27.00159" lon="-48.644182">
        <ele>5.9</ele>
        <name>COM Semáforo exclusivo</name>
    </wpt>
    <wpt lat="-27.000832" lon="-48.645728">
        <ele>1.5</ele>
        <name>conexão entre ciclos por faixa de pedestres </name>
    </wpt>
    <wpt lat="-27.004643" lon="-48.638158">
        <ele>4.4</ele>
        <name>cruzamento com ciclofaixa sem ligacão </name>
    </wpt>
    <wpt lat="-27.003943" lon="-48.640113">
        <ele>0.5</ele>
        <name>cruzamento importante sem semáforo exclusivo </name>
    </wpt>
    <wpt lat="-27.005627" lon="-48.630283">
        <ele>7.4</ele>
        <name>distância entre postes de iluminação 180 cm</name>
    </wpt>
    <wpt lat="-27.00665" lon="-48.624248">
        <ele>20.1</ele>
        <name>Estacionamento: diversas áreas de estacionamento em recuo, alternando lado direito e esquerdo</name>
    </wpt>
    <wpt lat="-27.005627" lon="-48.630295">
        <ele>6</ele>
        <name>estreitamento nas guiars para os postes de iluminação: 162 cm</name>
    </wpt>
    <wpt lat="-27.006657" lon="-48.624102">
        <name>Foto</name>
    </wpt>
    <wpt lat="-27.006573" lon="-48.624413">
        <ele>6.3</ele>
        <name>Foto</name>
    </wpt>
    <wpt lat="-27.006545" lon="-48.624695">
        <ele>8.8</ele>
        <name>Foto</name>
    </wpt>
    <wpt lat="-27.007135" lon="-48.623298">
        <ele>8.7</ele>
        <name>Foto</name>
    </wpt>
    <wpt lat="-27.007137" lon="-48.623282">
        <ele>9</ele>
        <name>Foto</name>
    </wpt>
    <wpt lat="-27.006452" lon="-48.625457">
        <ele>14.3</ele>
        <name>Foto</name>
    </wpt>
    <wpt lat="-27.006373" lon="-48.626082">
        <ele>3.9</ele>
        <name>Foto</name>
    </wpt>
    <wpt lat="-27.006234" lon="-48.626444">
        <name>Foto</name>
    </wpt>
    <wpt lat="-27.006158" lon="-48.62728">
        <ele>6.1</ele>
        <name>Foto</name>
    </wpt>
    <wpt lat="-27.006093" lon="-48.627677">
        <ele>4.7</ele>
        <name>Foto</name>
    </wpt>
    <wpt lat="-27.006093" lon="-48.627677">
        <ele>4.7</ele>
        <name>Foto</name>
    </wpt>
    <wpt lat="-27.005988" lon="-48.628228">
        <ele>7.8</ele>
        <name>Foto</name>
    </wpt>
    <wpt lat="-27.005913" lon="-48.628623">
        <ele>14.1</ele>
        <name>Foto</name>
    </wpt>
    <wpt lat="-27.005843" lon="-48.629045">
        <ele>7</ele>
        <name>Foto</name>
    </wpt>
    <wpt lat="-27.005743" lon="-48.629512">
        <ele>7</ele>
        <name>Foto</name>
    </wpt>
    <wpt lat="-27.005658" lon="-48.630073">
        <ele>12.9</ele>
        <name>Foto</name>
    </wpt>
    <wpt lat="-27.005697" lon="-48.630007">
        <ele>5.1</ele>
        <name>Foto</name>
    </wpt>
    <wpt lat="-27.005697" lon="-48.630007">
        <ele>5.1</ele>
        <name>Foto</name>
    </wpt>
    <wpt lat="-27.00556" lon="-48.63059">
        <ele>4.5</ele>
        <name>Foto</name>
    </wpt>
    <wpt lat="-27.005497" lon="-48.63114">
        <ele>5.5</ele>
        <name>Foto</name>
    </wpt>
    <wpt lat="-27.005497" lon="-48.63114">
        <ele>5.5</ele>
        <name>Foto</name>
    </wpt>
    <wpt lat="-27.005353" lon="-48.631822">
        <ele>6.1</ele>
        <name>Foto</name>
    </wpt>
    <wpt lat="-27.005287" lon="-48.632095">
        <ele>4.3</ele>
        <name>Foto</name>
    </wpt>
    <wpt lat="-27.005245" lon="-48.632335">
        <ele>4.9</ele>
        <name>Foto</name>
    </wpt>
    <wpt lat="-27.005182" lon="-48.632717">
        <ele>3.4</ele>
        <name>Foto</name>
    </wpt>
    <wpt lat="-27.005158" lon="-48.63281">
        <ele>6.2</ele>
        <name>Foto</name>
    </wpt>
    <wpt lat="-27.00511" lon="-48.633258">
        <ele>-1.9</ele>
        <name>Foto</name>
    </wpt>
    <wpt lat="-27.005028" lon="-48.633787">
        <ele>3.2</ele>
        <name>Foto</name>
    </wpt>
    <wpt lat="-27.004942" lon="-48.63457">
        <ele>4</ele>
        <name>Foto</name>
    </wpt>
    <wpt lat="-27.004897" lon="-48.63512">
        <ele>2.3</ele>
        <name>Foto</name>
    </wpt>
    <wpt lat="-27.004833" lon="-48.636075">
        <ele>7.8</ele>
        <name>Foto</name>
    </wpt>
    <wpt lat="-27.004813" lon="-48.636403">
        <ele>5.8</ele>
        <name>Foto</name>
    </wpt>
    <wpt lat="-27.004837" lon="-48.63666">
        <ele>4.5</ele>
        <name>Foto</name>
    </wpt>
    <wpt lat="-27.004837" lon="-48.63666">
        <ele>4.5</ele>
        <name>Foto</name>
    </wpt>
    <wpt lat="-27.004765" lon="-48.636957">
        <ele>6.9</ele>
        <name>Foto</name>
    </wpt>
    <wpt lat="-27.00471" lon="-48.637542">
        <ele>9.8</ele>
        <name>Foto</name>
    </wpt>
    <wpt lat="-27.004643" lon="-48.638158">
        <ele>4.4</ele>
        <name>Foto</name>
    </wpt>
    <wpt lat="-27.004452" lon="-48.638873">
        <ele>8.8</ele>
        <name>Foto</name>
    </wpt>
    <wpt lat="-27.004263" lon="-48.639403">
        <ele>6.2</ele>
        <name>Foto</name>
    </wpt>
    <wpt lat="-27.003943" lon="-48.640113">
        <ele>0.5</ele>
        <name>Foto</name>
    </wpt>
    <wpt lat="-27.003737" lon="-48.640483">
        <ele>6</ele>
        <name>Foto</name>
    </wpt>
    <wpt lat="-27.003627" lon="-48.640617">
        <ele>4.2</ele>
        <name>Foto</name>
    </wpt>
    <wpt lat="-27.003152" lon="-48.641425">
        <ele>2.3</ele>
        <name>Foto</name>
    </wpt>
    <wpt lat="-27.00306" lon="-48.641653">
        <ele>6.7</ele>
        <name>Foto</name>
    </wpt>
    <wpt lat="-27.002917" lon="-48.641882">
        <ele>8.3</ele>
        <name>Foto</name>
    </wpt>
    <wpt lat="-27.002565" lon="-48.6425">
        <ele>6.8</ele>
        <name>Foto</name>
    </wpt>
    <wpt lat="-27.002353" lon="-48.642852">
        <ele>6.1</ele>
        <name>Foto</name>
    </wpt>
    <wpt lat="-27.002312" lon="-48.642943">
        <ele>9.3</ele>
        <name>Foto</name>
    </wpt>
    <wpt lat="-27.001962" lon="-48.643523">
        <ele>5.8</ele>
        <name>Foto</name>
    </wpt>
    <wpt lat="-27.001797" lon="-48.643798">
        <ele>3.1</ele>
        <name>Foto</name>
    </wpt>
    <wpt lat="-27.00159" lon="-48.644182">
        <ele>5.9</ele>
        <name>Foto</name>
    </wpt>
    <wpt lat="-27.001107" lon="-48.645042">
        <ele>-0.3</ele>
        <name>Foto</name>
    </wpt>
    <wpt lat="-27.000832" lon="-48.645728">
        <ele>1.5</ele>
        <name>Foto</name>
    </wpt>
    <wpt lat="-27.00649" lon="-48.625255">
        <ele>8.5</ele>
        <name>Gravação de voz</name>
    </wpt>
    <wpt lat="-27.00709" lon="-48.623292">
        <ele>24.1</ele>
        <name>Guias</name>
    </wpt>
    <wpt lat="-27.000708" lon="-48.645842">
        <ele>4.7</ele>
        <name>Iluminação dedicada para ciclistas</name>
    </wpt>
    <wpt lat="-27.000708" lon="-48.645842">
        <ele>4.7</ele>
        <name>Iluminação geral dos dois lados da via</name>
    </wpt>
    <wpt lat="-27.006518" lon="-48.625257">
        <ele>7.9</ele>
        <name>largura das duas guias/muretas 15 cm</name>
    </wpt>
    <wpt lat="-27.006513" lon="-48.625412">
        <ele>10.9</ele>
        <name>largura faixa logo ao lado direito 314 cm</name>
    </wpt>
    <wpt lat="-27.001155" lon="-48.64508">
        <ele>5.8</ele>
        <name>largura faixa logo ao lado direito 318</name>
    </wpt>
    <wpt lat="-27.001092" lon="-48.645043">
        <ele>4.6</ele>
        <name>largura faixa logo ao lado esquerdo 308 cm</name>
    </wpt>
    <wpt lat="-27.006475" lon="-48.625278">
        <ele>6.2</ele>
        <name>largura faixa logo ao lado esquerdo 313 cm</name>
    </wpt>
    <wpt lat="-27.001313" lon="-48.644605">
        <ele>8.7</ele>
        <name>largura total pista direita 645 cm</name>
    </wpt>
    <wpt lat="-27.006518" lon="-48.625257">
        <ele>7.9</ele>
        <name>largura total pista direita 664 cm</name>
    </wpt>
    <wpt lat="-27.001082" lon="-48.645004">
        <name>largura total pista direta 640 cm</name>
    </wpt>
    <wpt lat="-27.006538" lon="-48.625273">
        <ele>10.8</ele>
        <name>largura total pista esquerda 652 cm</name>
    </wpt>
    <wpt lat="-27.006622" lon="-48.624155">
        <ele>11.2</ele>
        <name>Mais faixas (especificar)</name>
    </wpt>
    <wpt lat="-27.00709" lon="-48.623292">
        <ele>24.1</ele>
        <name>Mão Dupla</name>
    </wpt>
    <wpt lat="-27.000708" lon="-48.645842">
        <ele>4.7</ele>
        <name>Não há árvores nem mudas</name>
    </wpt>
    <wpt lat="-27.00709" lon="-48.623292">
        <ele>24.1</ele>
        <name>No canteiro central</name>
    </wpt>
    <wpt lat="-27.00665" lon="-48.624248">
        <ele>20.1</ele>
        <name>Em cruzamento BOA condição</name>
    </wpt>
    <wpt lat="-27.006542" lon="-48.624678">
        <ele>8.7</ele>
        <name>Em cruzamento BOA condição</name>
    </wpt>
    <wpt lat="-27.006243" lon="-48.62639">
        <name>Em cruzamento BOA condição</name>
    </wpt>
    <wpt lat="-27.005982" lon="-48.628232">
        <ele>7.9</ele>
        <name>Em cruzamento BOA condição</name>
    </wpt>
    <wpt lat="-27.005988" lon="-48.628228">
        <ele>7.8</ele>
        <name>Em cruzamento BOA condição</name>
    </wpt>
    <wpt lat="-27.00556" lon="-48.63059">
        <ele>4.5</ele>
        <name>Em cruzamento BOA condição</name>
    </wpt>
    <wpt lat="-27.00549" lon="-48.631137">
        <ele>5.9</ele>
        <name>Em cruzamento BOA condição</name>
    </wpt>
    <wpt lat="-27.005153" lon="-48.632815">
        <ele>6.8</ele>
        <name>Em cruzamento BOA condição</name>
    </wpt>
    <wpt lat="-27.004643" lon="-48.638158">
        <ele>4.4</ele>
        <name>Em cruzamento BOA condição</name>
    </wpt>
    <wpt lat="-27.003627" lon="-48.640617">
        <ele>4.2</ele>
        <name>Em cruzamento BOA condição</name>
    </wpt>
    <wpt lat="-27.002355" lon="-48.64284">
        <ele>8.1</ele>
        <name>Em cruzamento BOA condição</name>
    </wpt>
    <wpt lat="-27.00159" lon="-48.644182">
        <ele>4.4</ele>
        <name>Em cruzamento BOA condição</name>
    </wpt>
    <wpt lat="-27.004813" lon="-48.636403">
        <ele>5.8</ele>
        <name>Em cruzamento MÁ condição</name>
    </wpt>
    <wpt lat="-27.004833" lon="-48.636657">
        <ele>3.9</ele>
        <name>Em cruzamento MÁ condição</name>
    </wpt>
    <wpt lat="-27.004438" lon="-48.638868">
        <ele>7.2</ele>
        <name>Em cruzamento MÁ condição</name>
    </wpt>
    <wpt lat="-27.003948" lon="-48.640103">
        <ele>-3.7</ele>
        <name>Em cruzamento MÁ condição</name>
    </wpt>
    <wpt lat="-27.00709" lon="-48.623292">
        <ele>24.1</ele>
        <name>Pista dupla</name>
    </wpt>
    <wpt lat="-27.00565" lon="-48.63006">
        <ele>8</ele>
        <name>Radar/Lombada Eletrônica</name>
    </wpt>
    <wpt lat="-27.003043" lon="-48.641668">
        <ele>5.6</ele>
        <name>Radar/Lombada Eletrônica</name>
    </wpt>
    <wpt lat="-27.004813" lon="-48.636403">
        <ele>5.8</ele>
        <name>rotatória </name>
    </wpt>
    <wpt lat="-27.004837" lon="-48.63666">
        <ele>4.5</ele>
        <name>rotatória </name>
    </wpt>
    <wpt lat="-27.000708" lon="-48.645842">
        <ele>4.7</ele>
        <name>SE CICLOVIA: segregação impede completamente a invasão de automóvel e não há trechos desprotegidos</name>
    </wpt>
    <wpt lat="-27.000708" lon="-48.645842">
        <ele>4.7</ele>
        <name>Segregadores NÃO DIFICULTAM o acesso de ciclistas</name>
    </wpt>
    <wpt lat="-27.007137" lon="-48.623282">
        <ele>9</ele>
        <name>SEM pintura no cruzamento</name>
    </wpt>
    <wpt lat="-27.003943" lon="-48.640113">
        <ele>0.5</ele>
        <name>SEM Semáforo exclusivo</name>
    </wpt>
    <wpt lat="-27.003627" lon="-48.640617">
        <ele>4.2</ele>
        <name>SEM Semáforo exclusivo</name>
    </wpt>
    <wpt lat="-27.006288" lon="-48.626548">
        <name>Semáforo para motorizado</name>
    </wpt>
    <wpt lat="-27.006293" lon="-48.626453">
        <name>Semáforo para motorizado</name>
    </wpt>
    <wpt lat="-27.005988" lon="-48.628228">
        <ele>7.8</ele>
        <name>Semáforo para motorizado</name>
    </wpt>
    <wpt lat="-27.00556" lon="-48.63059">
        <ele>4.5</ele>
        <name>Semáforo para motorizado</name>
    </wpt>
    <wpt lat="-27.005497" lon="-48.63114">
        <ele>5.5</ele>
        <name>Semáforo para motorizado</name>
    </wpt>
    <wpt lat="-27.005155" lon="-48.632817">
        <ele>6.7</ele>
        <name>Semáforo para motorizado</name>
    </wpt>
    <wpt lat="-27.004643" lon="-48.638158">
        <ele>4.4</ele>
        <name>Semáforo para motorizado</name>
    </wpt>
    <wpt lat="-27.004452" lon="-48.638873">
        <ele>8.8</ele>
        <name>Semáforo para motorizado</name>
    </wpt>
    <wpt lat="-27.003943" lon="-48.640113">
        <ele>0.5</ele>
        <name>Semáforo para motorizado</name>
    </wpt>
    <wpt lat="-27.003627" lon="-48.640617">
        <ele>4.2</ele>
        <name>Semáforo para motorizado</name>
    </wpt>
    <wpt lat="-27.002355" lon="-48.64285">
        <ele>7.2</ele>
        <name>Semáforo para motorizado</name>
    </wpt>
    <wpt lat="-27.00159" lon="-48.644182">
        <ele>5.4</ele>
        <name>Semáforo para motorizado</name>
    </wpt>
    <wpt lat="-27.001139" lon="-48.644917">
        <name>Total da via (incluindo a ciclo) (cm) 1502 cm</name>
    </wpt>
    <wpt lat="-27.006502" lon="-48.625313">
        <name>Total da via (incluindo a ciclo) (cm) 1536</name>
    </wpt>
    <wpt lat="-27.005008" lon="-48.6338">
        <ele>3.4</ele>
        <name>Travessia de pedestre em nível (lombofaixa)</name>
    </wpt>
    <wpt lat="-27.006452" lon="-48.625457">
        <ele>14.3</ele>
        <name>Via transversal COM acesso à ciclovia</name>
    </wpt>
    <wpt lat="-27.006368" lon="-48.626073">
        <ele>4.3</ele>
        <name>Via transversal COM acesso à ciclovia</name>
    </wpt>
    <wpt lat="-27.006158" lon="-48.62728">
        <ele>6.1</ele>
        <name>Via transversal COM acesso à ciclovia</name>
    </wpt>
    <wpt lat="-27.006093" lon="-48.627677">
        <ele>4.7</ele>
        <name>Via transversal COM acesso à ciclovia</name>
    </wpt>
    <wpt lat="-27.005843" lon="-48.629045">
        <ele>7</ele>
        <name>Via transversal COM acesso à ciclovia</name>
    </wpt>
    <wpt lat="-27.005752" lon="-48.629495">
        <ele>5.6</ele>
        <name>Via transversal COM acesso à ciclovia</name>
    </wpt>
    <wpt lat="-27.005678" lon="-48.630017">
        <ele>12.5</ele>
        <name>Via transversal COM acesso à ciclovia</name>
    </wpt>
    <wpt lat="-27.005348" lon="-48.63182">
        <ele>5.9</ele>
        <name>Via transversal COM acesso à ciclovia</name>
    </wpt>
    <wpt lat="-27.005252" lon="-48.632338">
        <ele>4.3</ele>
        <name>Via transversal COM acesso à ciclovia</name>
    </wpt>
    <wpt lat="-27.004838" lon="-48.636055">
        <ele>7.2</ele>
        <name>Via transversal COM acesso à ciclovia</name>
    </wpt>
    <wpt lat="-27.004763" lon="-48.636955">
        <ele>6.5</ele>
        <name>Via transversal COM acesso à ciclovia</name>
    </wpt>
    <wpt lat="-27.004718" lon="-48.637455">
        <ele>7.8</ele>
        <name>Via transversal COM acesso à ciclovia</name>
    </wpt>
    <wpt lat="-27.00426" lon="-48.639402">
        <ele>3.8</ele>
        <name>Via transversal COM acesso à ciclovia</name>
    </wpt>
    <wpt lat="-27.003203" lon="-48.64141">
        <ele>4.3</ele>
        <name>Via transversal COM acesso à ciclovia</name>
    </wpt>
    <wpt lat="-27.002917" lon="-48.641882">
        <ele>8.3</ele>
        <name>Via transversal COM acesso à ciclovia</name>
    </wpt>
    <wpt lat="-27.002572" lon="-48.642487">
        <ele>5.2</ele>
        <name>Via transversal COM acesso à ciclovia</name>
    </wpt>
    <wpt lat="-27.001958" lon="-48.643518">
        <ele>7.3</ele>
        <name>Via transversal COM acesso à ciclovia</name>
    </wpt>
    <wpt lat="-27.001802" lon="-48.643797">
        <ele>1.2</ele>
        <name>Via transversal COM acesso à ciclovia</name>
    </wpt>
    <wpt lat="-27.0011" lon="-48.645035">
        <ele>-0.7</ele>
        <name>Via transversal COM acesso à ciclovia</name>
    </wpt>
    <wpt lat="-27.000832" lon="-48.645728">
        <ele>1.5</ele>
        <name>Via transversal COM acesso à ciclovia</name>
    </wpt>
    <trk>
        <name>Ciclovia 5a. Av. - BC</name>
        <trkseg>
            <trkpt lat="-27.00708" lon="-48.623373">
                <ele>26.6</ele>
            </trkpt>
            <trkpt lat="-27.007082" lon="-48.623365">
                <ele>26.4</ele>
            </trkpt>
            <trkpt lat="-27.007087" lon="-48.623332">
                <ele>26.5</ele>
            </trkpt>
            <trkpt lat="-27.007095" lon="-48.623315">
                <ele>26.4</ele>
            </trkpt>
            <trkpt lat="-27.007098" lon="-48.623315">
                <ele>26.1</ele>
            </trkpt>
            <trkpt lat="-27.007127" lon="-48.623232">
                <ele>28.3</ele>
            </trkpt>
            <trkpt lat="-27.007142" lon="-48.623187">
                <ele>26.5</ele>
            </trkpt>
            <trkpt lat="-27.007165" lon="-48.623273">
                <ele>26</ele>
            </trkpt>
            <trkpt lat="-27.00715" lon="-48.623273">
                <ele>25</ele>
            </trkpt>
            <trkpt lat="-27.007135" lon="-48.623285">
                <ele>24.2</ele>
            </trkpt>
            <trkpt lat="-27.007133" lon="-48.62329">
                <ele>23.8</ele>
            </trkpt>
            <trkpt lat="-27.007132" lon="-48.623295">
                <ele>24</ele>
            </trkpt>
            <trkpt lat="-27.007127" lon="-48.623298">
                <ele>24.1</ele>
            </trkpt>
            <trkpt lat="-27.007117" lon="-48.623302">
                <ele>24.3</ele>
            </trkpt>
            <trkpt lat="-27.007117" lon="-48.623302">
                <ele>24.3</ele>
            </trkpt>
            <trkpt lat="-27.007113" lon="-48.623307">
                <ele>24.5</ele>
            </trkpt>
            <trkpt lat="-27.007102" lon="-48.62331">
                <ele>24.5</ele>
            </trkpt>
            <trkpt lat="-27.007095" lon="-48.623308">
                <ele>24.7</ele>
            </trkpt>
            <trkpt lat="-27.007095" lon="-48.623308">
                <ele>24.7</ele>
            </trkpt>
            <trkpt lat="-27.007088" lon="-48.623305">
                <ele>24.8</ele>
            </trkpt>
            <trkpt lat="-27.007085" lon="-48.623295">
                <ele>24.7</ele>
            </trkpt>
            <trkpt lat="-27.007083" lon="-48.623288">
                <ele>24.7</ele>
            </trkpt>
            <trkpt lat="-27.00708" lon="-48.623283">
                <ele>24.8</ele>
            </trkpt>
            <trkpt lat="-27.00708" lon="-48.623283">
                <ele>24.7</ele>
            </trkpt>
            <trkpt lat="-27.00708" lon="-48.623285">
                <ele>24.7</ele>
            </trkpt>
            <trkpt lat="-27.007082" lon="-48.623285">
                <ele>24.6</ele>
            </trkpt>
            <trkpt lat="-27.007083" lon="-48.623283">
                <ele>24.6</ele>
            </trkpt>
            <trkpt lat="-27.007083" lon="-48.623287">
                <ele>24.6</ele>
            </trkpt>
            <trkpt lat="-27.007083" lon="-48.623287">
                <ele>24.5</ele>
            </trkpt>
            <trkpt lat="-27.007083" lon="-48.623287">
                <ele>24.4</ele>
            </trkpt>
            <trkpt lat="-27.007083" lon="-48.623285">
                <ele>24.3</ele>
            </trkpt>
            <trkpt lat="-27.007085" lon="-48.623287">
                <ele>24.3</ele>
            </trkpt>
            <trkpt lat="-27.007087" lon="-48.623287">
                <ele>24.3</ele>
            </trkpt>
            <trkpt lat="-27.00709" lon="-48.62329">
                <ele>24.2</ele>
            </trkpt>
            <trkpt lat="-27.00709" lon="-48.623292">
                <ele>24.3</ele>
            </trkpt>
            <trkpt lat="-27.00709" lon="-48.623293">
                <ele>24.3</ele>
            </trkpt>
            <trkpt lat="-27.00709" lon="-48.623293">
                <ele>24.2</ele>
            </trkpt>
            <trkpt lat="-27.00709" lon="-48.62329">
                <ele>24.2</ele>
            </trkpt>
            <trkpt lat="-27.00709" lon="-48.62329">
                <ele>24.3</ele>
            </trkpt>
            <trkpt lat="-27.00709" lon="-48.62329">
                <ele>24.3</ele>
            </trkpt>
            <trkpt lat="-27.00709" lon="-48.62329">
                <ele>24.2</ele>
            </trkpt>
            <trkpt lat="-27.00709" lon="-48.623292">
                <ele>24.1</ele>
            </trkpt>
            <trkpt lat="-27.00709" lon="-48.623292">
                <ele>24.1</ele>
            </trkpt>
            <trkpt lat="-27.00709" lon="-48.623292">
                <ele>24.1</ele>
            </trkpt>
            <trkpt lat="-27.00709" lon="-48.623292">
                <ele>24.1</ele>
            </trkpt>
            <trkpt lat="-27.00709" lon="-48.623292">
                <ele>24.1</ele>
            </trkpt>
            <trkpt lat="-27.00709" lon="-48.623292">
                <ele>24.1</ele>
            </trkpt>
            <trkpt lat="-27.00709" lon="-48.623292">
                <ele>24.1</ele>
            </trkpt>
            <trkpt lat="-27.00709" lon="-48.623292">
                <ele>24.1</ele>
            </trkpt>
            <trkpt lat="-27.00709" lon="-48.623292">
                <ele>24.1</ele>
            </trkpt>
            <trkpt lat="-27.00709" lon="-48.623292">
                <ele>24.1</ele>
            </trkpt>
            <trkpt lat="-27.00709" lon="-48.623292">
                <ele>24.1</ele>
            </trkpt>
            <trkpt lat="-27.00709" lon="-48.623292">
                <ele>24.1</ele>
            </trkpt>
            <trkpt lat="-27.00709" lon="-48.623292">
                <ele>24.1</ele>
            </trkpt>
            <trkpt lat="-27.00709" lon="-48.623292">
                <ele>24.1</ele>
            </trkpt>
            <trkpt lat="-27.00709" lon="-48.623292">
                <ele>24.1</ele>
            </trkpt>
            <trkpt lat="-27.00709" lon="-48.623292">
                <ele>24.1</ele>
            </trkpt>
            <trkpt lat="-27.00709" lon="-48.623292">
                <ele>24.1</ele>
            </trkpt>
            <trkpt lat="-27.00709" lon="-48.623292">
                <ele>24.1</ele>
            </trkpt>
            <trkpt lat="-27.00709" lon="-48.623292">
                <ele>24.1</ele>
            </trkpt>
            <trkpt lat="-27.00709" lon="-48.623292">
                <ele>24.1</ele>
            </trkpt>
            <trkpt lat="-27.00709" lon="-48.623292">
                <ele>24.1</ele>
            </trkpt>
            <trkpt lat="-27.00709" lon="-48.623292">
                <ele>24.1</ele>
            </trkpt>
            <trkpt lat="-27.00709" lon="-48.623292">
                <ele>24.1</ele>
            </trkpt>
            <trkpt lat="-27.00709" lon="-48.623292">
                <ele>24.1</ele>
            </trkpt>
            <trkpt lat="-27.00709" lon="-48.623292">
                <ele>24.1</ele>
            </trkpt>
            <trkpt lat="-27.00709" lon="-48.623292">
                <ele>24.1</ele>
            </trkpt>
            <trkpt lat="-27.00709" lon="-48.623292">
                <ele>24.1</ele>
            </trkpt>
            <trkpt lat="-27.00709" lon="-48.623292">
                <ele>24.1</ele>
            </trkpt>
            <trkpt lat="-27.00709" lon="-48.623292">
                <ele>24.1</ele>
            </trkpt>
            <trkpt lat="-27.00709" lon="-48.623292">
                <ele>24.1</ele>
            </trkpt>
            <trkpt lat="-27.00709" lon="-48.623292">
                <ele>24.1</ele>
            </trkpt>
            <trkpt lat="-27.00709" lon="-48.623292">
                <ele>24.1</ele>
            </trkpt>
            <trkpt lat="-27.00709" lon="-48.623292">
                <ele>24.1</ele>
            </trkpt>
            <trkpt lat="-27.00709" lon="-48.623292">
                <ele>24.1</ele>
            </trkpt>
            <trkpt lat="-27.00709" lon="-48.623292">
                <ele>24.1</ele>
            </trkpt>
            <trkpt lat="-27.00709" lon="-48.623292">
                <ele>24.1</ele>
            </trkpt>
            <trkpt lat="-27.00709" lon="-48.623292">
                <ele>24.1</ele>
            </trkpt>
            <trkpt lat="-27.00709" lon="-48.623292">
                <ele>24.1</ele>
            </trkpt>
            <trkpt lat="-27.00709" lon="-48.623292">
                <ele>24.1</ele>
            </trkpt>
            <trkpt lat="-27.00709" lon="-48.623292">
                <ele>24.1</ele>
            </trkpt>
            <trkpt lat="-27.00709" lon="-48.623292">
                <ele>24.1</ele>
            </trkpt>
            <trkpt lat="-27.00709" lon="-48.623292">
                <ele>24.1</ele>
            </trkpt>
            <trkpt lat="-27.00709" lon="-48.623292">
                <ele>24.1</ele>
            </trkpt>
            <trkpt lat="-27.00709" lon="-48.623292">
                <ele>24.1</ele>
            </trkpt>
            <trkpt lat="-27.00709" lon="-48.623292">
                <ele>24.1</ele>
            </trkpt>
            <trkpt lat="-27.00709" lon="-48.623292">
                <ele>24.1</ele>
            </trkpt>
            <trkpt lat="-27.00709" lon="-48.623292">
                <ele>24.1</ele>
            </trkpt>
            <trkpt lat="-27.00709" lon="-48.623292">
                <ele>24.1</ele>
            </trkpt>
            <trkpt lat="-27.00709" lon="-48.623292">
                <ele>24.1</ele>
            </trkpt>
            <trkpt lat="-27.00709" lon="-48.623292">
                <ele>24.1</ele>
            </trkpt>
            <trkpt lat="-27.00709" lon="-48.623292">
                <ele>24.1</ele>
            </trkpt>
            <trkpt lat="-27.00709" lon="-48.623292">
                <ele>24.1</ele>
            </trkpt>
            <trkpt lat="-27.00709" lon="-48.623292">
                <ele>24.1</ele>
            </trkpt>
            <trkpt lat="-27.00709" lon="-48.623292">
                <ele>24.1</ele>
            </trkpt>
            <trkpt lat="-27.00709" lon="-48.623292">
                <ele>24.1</ele>
            </trkpt>
            <trkpt lat="-27.00709" lon="-48.623292">
                <ele>24.1</ele>
            </trkpt>
            <trkpt lat="-27.00709" lon="-48.623292">
                <ele>24.1</ele>
            </trkpt>
            <trkpt lat="-27.00709" lon="-48.623292">
                <ele>24.1</ele>
            </trkpt>
            <trkpt lat="-27.00709" lon="-48.623292">
                <ele>24.1</ele>
            </trkpt>
            <trkpt lat="-27.00709" lon="-48.623292">
                <ele>24.1</ele>
            </trkpt>
            <trkpt lat="-27.007103" lon="-48.623288">
                <ele>12</ele>
            </trkpt>
            <trkpt lat="-27.007103" lon="-48.623277">
                <ele>11.5</ele>
            </trkpt>
            <trkpt lat="-27.0071" lon="-48.623277">
                <ele>11.3</ele>
            </trkpt>
            <trkpt lat="-27.007102" lon="-48.623277">
                <ele>10.7</ele>
            </trkpt>
            <trkpt lat="-27.007103" lon="-48.623275">
                <ele>10.2</ele>
            </trkpt>
            <trkpt lat="-27.007105" lon="-48.623277">
                <ele>10.1</ele>
            </trkpt>
            <trkpt lat="-27.007105" lon="-48.623277">
                <ele>10.1</ele>
            </trkpt>
            <trkpt lat="-27.007105" lon="-48.623277">
                <ele>10.1</ele>
            </trkpt>
            <trkpt lat="-27.007105" lon="-48.623277">
                <ele>10.1</ele>
            </trkpt>
            <trkpt lat="-27.007105" lon="-48.623277">
                <ele>10.1</ele>
            </trkpt>
            <trkpt lat="-27.007105" lon="-48.623277">
                <ele>10.1</ele>
            </trkpt>
            <trkpt lat="-27.007105" lon="-48.623277">
                <ele>10.1</ele>
            </trkpt>
            <trkpt lat="-27.007105" lon="-48.623277">
                <ele>10.1</ele>
            </trkpt>
            <trkpt lat="-27.007105" lon="-48.623277">
                <ele>10.1</ele>
            </trkpt>
            <trkpt lat="-27.007105" lon="-48.623277">
                <ele>10.1</ele>
            </trkpt>
            <trkpt lat="-27.007105" lon="-48.623277">
                <ele>10.1</ele>
            </trkpt>
            <trkpt lat="-27.007105" lon="-48.623277">
                <ele>10.1</ele>
            </trkpt>
            <trkpt lat="-27.007105" lon="-48.623277">
                <ele>10.1</ele>
            </trkpt>
            <trkpt lat="-27.007105" lon="-48.623277">
                <ele>10.1</ele>
            </trkpt>
            <trkpt lat="-27.007105" lon="-48.623277">
                <ele>10.1</ele>
            </trkpt>
            <trkpt lat="-27.007105" lon="-48.623277">
                <ele>10.1</ele>
            </trkpt>
            <trkpt lat="-27.007105" lon="-48.623277">
                <ele>10.1</ele>
            </trkpt>
            <trkpt lat="-27.007105" lon="-48.623277">
                <ele>10.1</ele>
            </trkpt>
            <trkpt lat="-27.007105" lon="-48.623277">
                <ele>10.1</ele>
            </trkpt>
            <trkpt lat="-27.007105" lon="-48.623277">
                <ele>10.1</ele>
            </trkpt>
            <trkpt lat="-27.007105" lon="-48.623277">
                <ele>10.1</ele>
            </trkpt>
            <trkpt lat="-27.007105" lon="-48.623277">
                <ele>10.1</ele>
            </trkpt>
            <trkpt lat="-27.007105" lon="-48.623277">
                <ele>10.1</ele>
            </trkpt>
            <trkpt lat="-27.007105" lon="-48.623277">
                <ele>10.1</ele>
            </trkpt>
            <trkpt lat="-27.007105" lon="-48.623277">
                <ele>10.1</ele>
            </trkpt>
            <trkpt lat="-27.007105" lon="-48.623277">
                <ele>10.1</ele>
            </trkpt>
            <trkpt lat="-27.007105" lon="-48.623277">
                <ele>10.1</ele>
            </trkpt>
            <trkpt lat="-27.007105" lon="-48.623277">
                <ele>10.1</ele>
            </trkpt>
            <trkpt lat="-27.007105" lon="-48.623277">
                <ele>10.1</ele>
            </trkpt>
            <trkpt lat="-27.007105" lon="-48.623277">
                <ele>10.1</ele>
            </trkpt>
            <trkpt lat="-27.007105" lon="-48.623277">
                <ele>10.1</ele>
            </trkpt>
            <trkpt lat="-27.007105" lon="-48.623277">
                <ele>10.1</ele>
            </trkpt>
            <trkpt lat="-27.007105" lon="-48.623277">
                <ele>10.1</ele>
            </trkpt>
            <trkpt lat="-27.007105" lon="-48.623277">
                <ele>10.1</ele>
            </trkpt>
            <trkpt lat="-27.007105" lon="-48.623277">
                <ele>10.1</ele>
            </trkpt>
            <trkpt lat="-27.007105" lon="-48.623277">
                <ele>10.1</ele>
            </trkpt>
            <trkpt lat="-27.007105" lon="-48.623277">
                <ele>10.1</ele>
            </trkpt>
            <trkpt lat="-27.007105" lon="-48.623277">
                <ele>10.1</ele>
            </trkpt>
            <trkpt lat="-27.007105" lon="-48.623277">
                <ele>10.1</ele>
            </trkpt>
            <trkpt lat="-27.007105" lon="-48.623277">
                <ele>10.1</ele>
            </trkpt>
            <trkpt lat="-27.007105" lon="-48.623277">
                <ele>10.1</ele>
            </trkpt>
            <trkpt lat="-27.007105" lon="-48.623277">
                <ele>10.1</ele>
            </trkpt>
            <trkpt lat="-27.007105" lon="-48.623277">
                <ele>10.1</ele>
            </trkpt>
            <trkpt lat="-27.007105" lon="-48.623277">
                <ele>10.1</ele>
            </trkpt>
            <trkpt lat="-27.007105" lon="-48.623277">
                <ele>10.1</ele>
            </trkpt>
            <trkpt lat="-27.007105" lon="-48.623277">
                <ele>10.1</ele>
            </trkpt>
            <trkpt lat="-27.007105" lon="-48.623277">
                <ele>10.1</ele>
            </trkpt>
            <trkpt lat="-27.007105" lon="-48.623277">
                <ele>10.1</ele>
            </trkpt>
            <trkpt lat="-27.007105" lon="-48.623277">
                <ele>10.1</ele>
            </trkpt>
            <trkpt lat="-27.007105" lon="-48.623277">
                <ele>10.1</ele>
            </trkpt>
            <trkpt lat="-27.007105" lon="-48.623277">
                <ele>10.1</ele>
            </trkpt>
            <trkpt lat="-27.007105" lon="-48.623277">
                <ele>10.1</ele>
            </trkpt>
            <trkpt lat="-27.007105" lon="-48.623277">
                <ele>10.1</ele>
            </trkpt>
            <trkpt lat="-27.007105" lon="-48.623277">
                <ele>10.1</ele>
            </trkpt>
            <trkpt lat="-27.007105" lon="-48.623277">
                <ele>10.1</ele>
            </trkpt>
            <trkpt lat="-27.007105" lon="-48.623277">
                <ele>10.1</ele>
            </trkpt>
            <trkpt lat="-27.007105" lon="-48.623277">
                <ele>10.1</ele>
            </trkpt>
            <trkpt lat="-27.007105" lon="-48.623277">
                <ele>10.1</ele>
            </trkpt>
            <trkpt lat="-27.007105" lon="-48.623277">
                <ele>10.1</ele>
            </trkpt>
            <trkpt lat="-27.007105" lon="-48.623277">
                <ele>10.1</ele>
            </trkpt>
            <trkpt lat="-27.007105" lon="-48.623277">
                <ele>10.1</ele>
            </trkpt>
            <trkpt lat="-27.007105" lon="-48.623277">
                <ele>10.1</ele>
            </trkpt>
            <trkpt lat="-27.007105" lon="-48.623277">
                <ele>10.1</ele>
            </trkpt>
            <trkpt lat="-27.007105" lon="-48.623277">
                <ele>10.1</ele>
            </trkpt>
            <trkpt lat="-27.007105" lon="-48.623277">
                <ele>10.1</ele>
            </trkpt>
            <trkpt lat="-27.007105" lon="-48.623277">
                <ele>10.1</ele>
            </trkpt>
            <trkpt lat="-27.007105" lon="-48.623277">
                <ele>10.1</ele>
            </trkpt>
            <trkpt lat="-27.007138" lon="-48.623308">
                <ele>6.4</ele>
            </trkpt>
            <trkpt lat="-27.007142" lon="-48.623313">
                <ele>6.4</ele>
            </trkpt>
            <trkpt lat="-27.007145" lon="-48.623318">
                <ele>6.5</ele>
            </trkpt>
            <trkpt lat="-27.00715" lon="-48.62332">
                <ele>6.5</ele>
            </trkpt>
            <trkpt lat="-27.007153" lon="-48.623323">
                <ele>6.4</ele>
            </trkpt>
            <trkpt lat="-27.00715" lon="-48.623332">
                <ele>7.4</ele>
            </trkpt>
            <trkpt lat="-27.007152" lon="-48.623332">
                <ele>7.4</ele>
            </trkpt>
            <trkpt lat="-27.007148" lon="-48.623335">
                <ele>8</ele>
            </trkpt>
            <trkpt lat="-27.007147" lon="-48.623333">
                <ele>7.9</ele>
            </trkpt>
            <trkpt lat="-27.00714" lon="-48.623328">
                <ele>7.8</ele>
            </trkpt>
            <trkpt lat="-27.007137" lon="-48.623325">
                <ele>7.8</ele>
            </trkpt>
            <trkpt lat="-27.007132" lon="-48.623318">
                <ele>7.8</ele>
            </trkpt>
            <trkpt lat="-27.00713" lon="-48.62331">
                <ele>7.8</ele>
            </trkpt>
            <trkpt lat="-27.007127" lon="-48.623305">
                <ele>7.8</ele>
            </trkpt>
            <trkpt lat="-27.007125" lon="-48.623307">
                <ele>7.9</ele>
            </trkpt>
            <trkpt lat="-27.007123" lon="-48.623307">
                <ele>8.1</ele>
            </trkpt>
            <trkpt lat="-27.00712" lon="-48.623307">
                <ele>7.9</ele>
            </trkpt>
            <trkpt lat="-27.00712" lon="-48.623307">
                <ele>7.9</ele>
            </trkpt>
            <trkpt lat="-27.00712" lon="-48.623307">
                <ele>7.9</ele>
            </trkpt>
            <trkpt lat="-27.00712" lon="-48.623307">
                <ele>7.9</ele>
            </trkpt>
            <trkpt lat="-27.00712" lon="-48.623307">
                <ele>7.9</ele>
            </trkpt>
            <trkpt lat="-27.00712" lon="-48.623307">
                <ele>7.9</ele>
            </trkpt>
            <trkpt lat="-27.00712" lon="-48.623307">
                <ele>7.9</ele>
            </trkpt>
            <trkpt lat="-27.00712" lon="-48.623307">
                <ele>7.9</ele>
            </trkpt>
            <trkpt lat="-27.00712" lon="-48.623307">
                <ele>7.9</ele>
            </trkpt>
            <trkpt lat="-27.00712" lon="-48.623307">
                <ele>7.9</ele>
            </trkpt>
            <trkpt lat="-27.00712" lon="-48.623307">
                <ele>7.9</ele>
            </trkpt>
            <trkpt lat="-27.00712" lon="-48.623307">
                <ele>7.9</ele>
            </trkpt>
            <trkpt lat="-27.00712" lon="-48.623307">
                <ele>7.9</ele>
            </trkpt>
            <trkpt lat="-27.00712" lon="-48.623307">
                <ele>7.9</ele>
            </trkpt>
            <trkpt lat="-27.00712" lon="-48.623307">
                <ele>7.9</ele>
            </trkpt>
            <trkpt lat="-27.00712" lon="-48.623307">
                <ele>7.9</ele>
            </trkpt>
            <trkpt lat="-27.00712" lon="-48.623307">
                <ele>7.9</ele>
            </trkpt>
            <trkpt lat="-27.00712" lon="-48.623307">
                <ele>7.9</ele>
            </trkpt>
            <trkpt lat="-27.00712" lon="-48.623307">
                <ele>7.9</ele>
            </trkpt>
            <trkpt lat="-27.00712" lon="-48.623307">
                <ele>7.9</ele>
            </trkpt>
            <trkpt lat="-27.00712" lon="-48.623307">
                <ele>7.9</ele>
            </trkpt>
            <trkpt lat="-27.00712" lon="-48.623307">
                <ele>7.9</ele>
            </trkpt>
            <trkpt lat="-27.00712" lon="-48.623307">
                <ele>7.9</ele>
            </trkpt>
            <trkpt lat="-27.00712" lon="-48.623307">
                <ele>7.9</ele>
            </trkpt>
            <trkpt lat="-27.00712" lon="-48.623307">
                <ele>7.9</ele>
            </trkpt>
            <trkpt lat="-27.00712" lon="-48.623307">
                <ele>7.9</ele>
            </trkpt>
            <trkpt lat="-27.00712" lon="-48.623307">
                <ele>7.9</ele>
            </trkpt>
            <trkpt lat="-27.00712" lon="-48.623307">
                <ele>7.9</ele>
            </trkpt>
            <trkpt lat="-27.007112" lon="-48.623288">
                <ele>6.8</ele>
            </trkpt>
            <trkpt lat="-27.007103" lon="-48.623298">
                <ele>6.8</ele>
            </trkpt>
            <trkpt lat="-27.007095" lon="-48.623313">
                <ele>7.1</ele>
            </trkpt>
            <trkpt lat="-27.007083" lon="-48.623333">
                <ele>7.1</ele>
            </trkpt>
            <trkpt lat="-27.007067" lon="-48.623357">
                <ele>7.1</ele>
            </trkpt>
            <trkpt lat="-27.007053" lon="-48.623382">
                <ele>7.5</ele>
            </trkpt>
            <trkpt lat="-27.007035" lon="-48.623407">
                <ele>7.9</ele>
            </trkpt>
            <trkpt lat="-27.007017" lon="-48.623428">
                <ele>7.9</ele>
            </trkpt>
            <trkpt lat="-27.006998" lon="-48.623452">
                <ele>8.2</ele>
            </trkpt>
            <trkpt lat="-27.006983" lon="-48.623473">
                <ele>8.2</ele>
            </trkpt>
            <trkpt lat="-27.006958" lon="-48.623488">
                <ele>8.8</ele>
            </trkpt>
            <trkpt lat="-27.006943" lon="-48.62351">
                <ele>8.9</ele>
            </trkpt>
            <trkpt lat="-27.006933" lon="-48.62353">
                <ele>9.5</ele>
            </trkpt>
            <trkpt lat="-27.006923" lon="-48.623548">
                <ele>10</ele>
            </trkpt>
            <trkpt lat="-27.006918" lon="-48.623558">
                <ele>10.1</ele>
            </trkpt>
            <trkpt lat="-27.006912" lon="-48.623572">
                <ele>10.2</ele>
            </trkpt>
            <trkpt lat="-27.006895" lon="-48.623582">
                <ele>10.1</ele>
            </trkpt>
            <trkpt lat="-27.006887" lon="-48.623595">
                <ele>10.4</ele>
            </trkpt>
            <trkpt lat="-27.006878" lon="-48.623607">
                <ele>9.9</ele>
            </trkpt>
            <trkpt lat="-27.006862" lon="-48.623625">
                <ele>9.3</ele>
            </trkpt>
            <trkpt lat="-27.006847" lon="-48.62365">
                <ele>9.4</ele>
            </trkpt>
            <trkpt lat="-27.006828" lon="-48.623672">
                <ele>9.2</ele>
            </trkpt>
            <trkpt lat="-27.006817" lon="-48.623705">
                <ele>9.3</ele>
            </trkpt>
            <trkpt lat="-27.0068" lon="-48.623753">
                <ele>9.9</ele>
            </trkpt>
            <trkpt lat="-27.006782" lon="-48.623773">
                <ele>9.9</ele>
            </trkpt>
            <trkpt lat="-27.006772" lon="-48.623795">
                <ele>10</ele>
            </trkpt>
            <trkpt lat="-27.006757" lon="-48.623842">
                <ele>11.7</ele>
            </trkpt>
            <trkpt lat="-27.006747" lon="-48.623868">
                <ele>11.6</ele>
            </trkpt>
            <trkpt lat="-27.006738" lon="-48.62389">
                <ele>11.7</ele>
            </trkpt>
            <trkpt lat="-27.00673" lon="-48.623917">
                <ele>11.4</ele>
            </trkpt>
            <trkpt lat="-27.006718" lon="-48.623937">
                <ele>11.1</ele>
            </trkpt>
            <trkpt lat="-27.006703" lon="-48.623973">
                <ele>9</ele>
            </trkpt>
            <trkpt lat="-27.00669" lon="-48.624007">
                <ele>9.4</ele>
            </trkpt>
            <trkpt lat="-27.006678" lon="-48.62403">
                <ele>9.5</ele>
            </trkpt>
            <trkpt lat="-27.006668" lon="-48.624052">
                <ele>9.5</ele>
            </trkpt>
            <trkpt lat="-27.00666" lon="-48.624072">
                <ele>9.7</ele>
            </trkpt>
            <trkpt lat="-27.006652" lon="-48.62409">
                <ele>9.8</ele>
            </trkpt>
            <trkpt lat="-27.00665" lon="-48.624105">
                <ele>9.9</ele>
            </trkpt>
            <trkpt lat="-27.006648" lon="-48.624118">
                <ele>9.8</ele>
            </trkpt>
            <trkpt lat="-27.006632" lon="-48.624143">
                <ele>11.6</ele>
            </trkpt>
            <trkpt lat="-27.006622" lon="-48.62415">
                <ele>11.2</ele>
            </trkpt>
            <trkpt lat="-27.006622" lon="-48.624155">
                <ele>11.2</ele>
            </trkpt>
            <trkpt lat="-27.006622" lon="-48.624155">
                <ele>11.2</ele>
            </trkpt>
            <trkpt lat="-27.006622" lon="-48.624157">
                <ele>11</ele>
            </trkpt>
            <trkpt lat="-27.006617" lon="-48.624157">
                <ele>10.7</ele>
            </trkpt>
            <trkpt lat="-27.006613" lon="-48.624157">
                <ele>10.7</ele>
            </trkpt>
            <trkpt lat="-27.006615" lon="-48.624157">
                <ele>10.7</ele>
            </trkpt>
            <trkpt lat="-27.006618" lon="-48.624153">
                <ele>10.7</ele>
            </trkpt>
            <trkpt lat="-27.006625" lon="-48.624153">
                <ele>10.8</ele>
            </trkpt>
            <trkpt lat="-27.00663" lon="-48.624153">
                <ele>11</ele>
            </trkpt>
            <trkpt lat="-27.006633" lon="-48.624152">
                <ele>11.3</ele>
            </trkpt>
            <trkpt lat="-27.006633" lon="-48.624152">
                <ele>11.3</ele>
            </trkpt>
            <trkpt lat="-27.006633" lon="-48.624152">
                <ele>11.3</ele>
            </trkpt>
            <trkpt lat="-27.006633" lon="-48.624152">
                <ele>11.3</ele>
            </trkpt>
            <trkpt lat="-27.006633" lon="-48.624152">
                <ele>11.3</ele>
            </trkpt>
            <trkpt lat="-27.006633" lon="-48.624152">
                <ele>11.3</ele>
            </trkpt>
            <trkpt lat="-27.006633" lon="-48.624152">
                <ele>11.3</ele>
            </trkpt>
            <trkpt lat="-27.006633" lon="-48.624152">
                <ele>11.3</ele>
            </trkpt>
            <trkpt lat="-27.006633" lon="-48.624152">
                <ele>11.3</ele>
            </trkpt>
            <trkpt lat="-27.006633" lon="-48.624152">
                <ele>11.3</ele>
            </trkpt>
            <trkpt lat="-27.006633" lon="-48.624152">
                <ele>11.3</ele>
            </trkpt>
            <trkpt lat="-27.006633" lon="-48.624152">
                <ele>11.3</ele>
            </trkpt>
            <trkpt lat="-27.006633" lon="-48.624152">
                <ele>11.3</ele>
            </trkpt>
            <trkpt lat="-27.006633" lon="-48.624152">
                <ele>11.3</ele>
            </trkpt>
            <trkpt lat="-27.006633" lon="-48.624152">
                <ele>11.3</ele>
            </trkpt>
            <trkpt lat="-27.006633" lon="-48.624152">
                <ele>11.3</ele>
            </trkpt>
            <trkpt lat="-27.006633" lon="-48.624152">
                <ele>11.3</ele>
            </trkpt>
            <trkpt lat="-27.006633" lon="-48.624152">
                <ele>11.3</ele>
            </trkpt>
            <trkpt lat="-27.006633" lon="-48.624152">
                <ele>11.3</ele>
            </trkpt>
            <trkpt lat="-27.006633" lon="-48.624152">
                <ele>11.3</ele>
            </trkpt>
            <trkpt lat="-27.006633" lon="-48.624152">
                <ele>11.3</ele>
            </trkpt>
            <trkpt lat="-27.006633" lon="-48.624152">
                <ele>11.3</ele>
            </trkpt>
            <trkpt lat="-27.006633" lon="-48.624152">
                <ele>11.3</ele>
            </trkpt>
            <trkpt lat="-27.006633" lon="-48.624152">
                <ele>11.3</ele>
            </trkpt>
            <trkpt lat="-27.006633" lon="-48.624152">
                <ele>11.3</ele>
            </trkpt>
            <trkpt lat="-27.006633" lon="-48.624152">
                <ele>11.3</ele>
            </trkpt>
            <trkpt lat="-27.006633" lon="-48.624152">
                <ele>11.3</ele>
            </trkpt>
            <trkpt lat="-27.006633" lon="-48.624152">
                <ele>11.3</ele>
            </trkpt>
            <trkpt lat="-27.006633" lon="-48.624152">
                <ele>11.3</ele>
            </trkpt>
            <trkpt lat="-27.006633" lon="-48.624152">
                <ele>11.3</ele>
            </trkpt>
            <trkpt lat="-27.006633" lon="-48.624152">
                <ele>11.3</ele>
            </trkpt>
            <trkpt lat="-27.006633" lon="-48.624152">
                <ele>11.3</ele>
            </trkpt>
            <trkpt lat="-27.006633" lon="-48.624152">
                <ele>11.3</ele>
            </trkpt>
            <trkpt lat="-27.006633" lon="-48.624152">
                <ele>11.3</ele>
            </trkpt>
            <trkpt lat="-27.006633" lon="-48.624152">
                <ele>11.3</ele>
            </trkpt>
            <trkpt lat="-27.006633" lon="-48.624152">
                <ele>11.3</ele>
            </trkpt>
            <trkpt lat="-27.006633" lon="-48.624152">
                <ele>11.3</ele>
            </trkpt>
            <trkpt lat="-27.006633" lon="-48.624152">
                <ele>11.3</ele>
            </trkpt>
            <trkpt lat="-27.006633" lon="-48.624152">
                <ele>11.3</ele>
            </trkpt>
            <trkpt lat="-27.006633" lon="-48.624152">
                <ele>11.3</ele>
            </trkpt>
            <trkpt lat="-27.006633" lon="-48.624152">
                <ele>11.3</ele>
            </trkpt>
            <trkpt lat="-27.006633" lon="-48.624152">
                <ele>11.3</ele>
            </trkpt>
            <trkpt lat="-27.006633" lon="-48.624152">
                <ele>11.3</ele>
            </trkpt>
            <trkpt lat="-27.006633" lon="-48.624152">
                <ele>11.3</ele>
            </trkpt>
            <trkpt lat="-27.006633" lon="-48.624152">
                <ele>11.3</ele>
            </trkpt>
            <trkpt lat="-27.006633" lon="-48.624152">
                <ele>11.3</ele>
            </trkpt>
            <trkpt lat="-27.006633" lon="-48.624152">
                <ele>11.3</ele>
            </trkpt>
            <trkpt lat="-27.006633" lon="-48.624152">
                <ele>11.3</ele>
            </trkpt>
            <trkpt lat="-27.006633" lon="-48.624152">
                <ele>11.3</ele>
            </trkpt>
            <trkpt lat="-27.006633" lon="-48.624152">
                <ele>11.3</ele>
            </trkpt>
            <trkpt lat="-27.006633" lon="-48.624152">
                <ele>11.3</ele>
            </trkpt>
            <trkpt lat="-27.006633" lon="-48.624152">
                <ele>11.3</ele>
            </trkpt>
            <trkpt lat="-27.006633" lon="-48.624152">
                <ele>11.3</ele>
            </trkpt>
            <trkpt lat="-27.006633" lon="-48.624152">
                <ele>11.3</ele>
            </trkpt>
            <trkpt lat="-27.006633" lon="-48.624152">
                <ele>11.3</ele>
            </trkpt>
            <trkpt lat="-27.006633" lon="-48.624152">
                <ele>11.3</ele>
            </trkpt>
            <trkpt lat="-27.006633" lon="-48.624152">
                <ele>11.3</ele>
            </trkpt>
            <trkpt lat="-27.006633" lon="-48.624152">
                <ele>11.3</ele>
            </trkpt>
            <trkpt lat="-27.006633" lon="-48.624152">
                <ele>11.3</ele>
            </trkpt>
            <trkpt lat="-27.006633" lon="-48.624152">
                <ele>11.3</ele>
            </trkpt>
            <trkpt lat="-27.006698" lon="-48.62417">
                <ele>72</ele>
            </trkpt>
            <trkpt lat="-27.006698" lon="-48.624172">
                <ele>72.2</ele>
            </trkpt>
            <trkpt lat="-27.006697" lon="-48.624178">
                <ele>70.8</ele>
            </trkpt>
            <trkpt lat="-27.006687" lon="-48.624183">
                <ele>68.9</ele>
            </trkpt>
            <trkpt lat="-27.006682" lon="-48.624197">
                <ele>66.3</ele>
            </trkpt>
            <trkpt lat="-27.006673" lon="-48.62421">
                <ele>63.1</ele>
            </trkpt>
            <trkpt lat="-27.006667" lon="-48.624222">
                <ele>56.8</ele>
            </trkpt>
            <trkpt lat="-27.00666" lon="-48.62423">
                <ele>51.2</ele>
            </trkpt>
            <trkpt lat="-27.006648" lon="-48.624227">
                <ele>31.5</ele>
            </trkpt>
            <trkpt lat="-27.006645" lon="-48.624232">
                <ele>29.8</ele>
            </trkpt>
            <trkpt lat="-27.006642" lon="-48.624238">
                <ele>24.5</ele>
            </trkpt>
            <trkpt lat="-27.00664" lon="-48.62424">
                <ele>24.1</ele>
            </trkpt>
            <trkpt lat="-27.006642" lon="-48.62424">
                <ele>23.8</ele>
            </trkpt>
            <trkpt lat="-27.006643" lon="-48.624242">
                <ele>23.1</ele>
            </trkpt>
            <trkpt lat="-27.006645" lon="-48.624242">
                <ele>22.5</ele>
            </trkpt>
            <trkpt lat="-27.006648" lon="-48.624242">
                <ele>21.8</ele>
            </trkpt>
            <trkpt lat="-27.006648" lon="-48.624243">
                <ele>21.2</ele>
            </trkpt>
            <trkpt lat="-27.00665" lon="-48.624247">
                <ele>20.7</ele>
            </trkpt>
            <trkpt lat="-27.00665" lon="-48.624248">
                <ele>20.1</ele>
            </trkpt>
            <trkpt lat="-27.00665" lon="-48.624248">
                <ele>20.1</ele>
            </trkpt>
            <trkpt lat="-27.00665" lon="-48.624248">
                <ele>20.1</ele>
            </trkpt>
            <trkpt lat="-27.00665" lon="-48.624248">
                <ele>20.1</ele>
            </trkpt>
            <trkpt lat="-27.00665" lon="-48.624248">
                <ele>20.1</ele>
            </trkpt>
            <trkpt lat="-27.00665" lon="-48.624248">
                <ele>20.1</ele>
            </trkpt>
            <trkpt lat="-27.00665" lon="-48.624248">
                <ele>20.1</ele>
            </trkpt>
            <trkpt lat="-27.00665" lon="-48.624248">
                <ele>20.1</ele>
            </trkpt>
            <trkpt lat="-27.00665" lon="-48.624248">
                <ele>20.1</ele>
            </trkpt>
            <trkpt lat="-27.00665" lon="-48.624248">
                <ele>20.1</ele>
            </trkpt>
            <trkpt lat="-27.00665" lon="-48.624248">
                <ele>20.1</ele>
            </trkpt>
            <trkpt lat="-27.00665" lon="-48.624248">
                <ele>20.1</ele>
            </trkpt>
            <trkpt lat="-27.00665" lon="-48.624248">
                <ele>20.1</ele>
            </trkpt>
            <trkpt lat="-27.00665" lon="-48.624248">
                <ele>20.1</ele>
            </trkpt>
            <trkpt lat="-27.00665" lon="-48.624248">
                <ele>20.1</ele>
            </trkpt>
            <trkpt lat="-27.00665" lon="-48.624248">
                <ele>20.1</ele>
            </trkpt>
            <trkpt lat="-27.00665" lon="-48.624248">
                <ele>20.1</ele>
            </trkpt>
            <trkpt lat="-27.00665" lon="-48.624248">
                <ele>20.1</ele>
            </trkpt>
            <trkpt lat="-27.00665" lon="-48.624248">
                <ele>20.1</ele>
            </trkpt>
            <trkpt lat="-27.00665" lon="-48.624248">
                <ele>20.1</ele>
            </trkpt>
            <trkpt lat="-27.00665" lon="-48.624248">
                <ele>20.1</ele>
            </trkpt>
            <trkpt lat="-27.00665" lon="-48.624248">
                <ele>20.1</ele>
            </trkpt>
            <trkpt lat="-27.00665" lon="-48.624248">
                <ele>20.1</ele>
            </trkpt>
            <trkpt lat="-27.00665" lon="-48.624248">
                <ele>20.1</ele>
            </trkpt>
            <trkpt lat="-27.00665" lon="-48.624248">
                <ele>20.1</ele>
            </trkpt>
            <trkpt lat="-27.00665" lon="-48.624248">
                <ele>20.1</ele>
            </trkpt>
            <trkpt lat="-27.00665" lon="-48.624248">
                <ele>20.1</ele>
            </trkpt>
            <trkpt lat="-27.00665" lon="-48.624248">
                <ele>20.1</ele>
            </trkpt>
            <trkpt lat="-27.00665" lon="-48.624248">
                <ele>20.1</ele>
            </trkpt>
            <trkpt lat="-27.00665" lon="-48.624248">
                <ele>20.1</ele>
            </trkpt>
            <trkpt lat="-27.00665" lon="-48.624248">
                <ele>20.1</ele>
            </trkpt>
            <trkpt lat="-27.00665" lon="-48.624248">
                <ele>20.1</ele>
            </trkpt>
            <trkpt lat="-27.00665" lon="-48.624248">
                <ele>20.1</ele>
            </trkpt>
            <trkpt lat="-27.00665" lon="-48.624248">
                <ele>20.1</ele>
            </trkpt>
            <trkpt lat="-27.00665" lon="-48.624248">
                <ele>20.1</ele>
            </trkpt>
            <trkpt lat="-27.00665" lon="-48.624248">
                <ele>20.1</ele>
            </trkpt>
            <trkpt lat="-27.00665" lon="-48.624248">
                <ele>20.1</ele>
            </trkpt>
            <trkpt lat="-27.00665" lon="-48.624248">
                <ele>20.1</ele>
            </trkpt>
            <trkpt lat="-27.00665" lon="-48.624248">
                <ele>20.1</ele>
            </trkpt>
            <trkpt lat="-27.00665" lon="-48.624248">
                <ele>20.1</ele>
            </trkpt>
            <trkpt lat="-27.00665" lon="-48.624248">
                <ele>20.1</ele>
            </trkpt>
            <trkpt lat="-27.00665" lon="-48.624248">
                <ele>20.1</ele>
            </trkpt>
            <trkpt lat="-27.00665" lon="-48.624248">
                <ele>20.1</ele>
            </trkpt>
            <trkpt lat="-27.00665" lon="-48.624248">
                <ele>20.1</ele>
            </trkpt>
            <trkpt lat="-27.00665" lon="-48.624248">
                <ele>20.1</ele>
            </trkpt>
            <trkpt lat="-27.00665" lon="-48.624248">
                <ele>20.1</ele>
            </trkpt>
            <trkpt lat="-27.00665" lon="-48.624248">
                <ele>20.1</ele>
            </trkpt>
            <trkpt lat="-27.00665" lon="-48.624248">
                <ele>20.1</ele>
            </trkpt>
            <trkpt lat="-27.00665" lon="-48.624248">
                <ele>20.1</ele>
            </trkpt>
            <trkpt lat="-27.00665" lon="-48.624248">
                <ele>20.1</ele>
            </trkpt>
            <trkpt lat="-27.00665" lon="-48.624248">
                <ele>20.1</ele>
            </trkpt>
            <trkpt lat="-27.006643" lon="-48.624285">
                <ele>7.8</ele>
            </trkpt>
            <trkpt lat="-27.006635" lon="-48.624298">
                <ele>7.8</ele>
            </trkpt>
            <trkpt lat="-27.00662" lon="-48.624317">
                <ele>7.9</ele>
            </trkpt>
            <trkpt lat="-27.006598" lon="-48.624343">
                <ele>8.7</ele>
            </trkpt>
            <trkpt lat="-27.006587" lon="-48.624358">
                <ele>9.9</ele>
            </trkpt>
            <trkpt lat="-27.006577" lon="-48.624377">
                <ele>10.5</ele>
            </trkpt>
            <trkpt lat="-27.006575" lon="-48.624397">
                <ele>6.4</ele>
            </trkpt>
            <trkpt lat="-27.006573" lon="-48.624413">
                <ele>6.3</ele>
            </trkpt>
            <trkpt lat="-27.006573" lon="-48.624413">
                <ele>6.3</ele>
            </trkpt>
            <trkpt lat="-27.006573" lon="-48.62443">
                <ele>6.6</ele>
            </trkpt>
            <trkpt lat="-27.006572" lon="-48.62445">
                <ele>6.7</ele>
            </trkpt>
            <trkpt lat="-27.006568" lon="-48.624477">
                <ele>7.6</ele>
            </trkpt>
            <trkpt lat="-27.006565" lon="-48.624508">
                <ele>7.8</ele>
            </trkpt>
            <trkpt lat="-27.006563" lon="-48.624538">
                <ele>7.6</ele>
            </trkpt>
            <trkpt lat="-27.006558" lon="-48.62457">
                <ele>8</ele>
            </trkpt>
            <trkpt lat="-27.00655" lon="-48.624597">
                <ele>7.8</ele>
            </trkpt>
            <trkpt lat="-27.00655" lon="-48.624623">
                <ele>8</ele>
            </trkpt>
            <trkpt lat="-27.006548" lon="-48.624645">
                <ele>8.2</ele>
            </trkpt>
            <trkpt lat="-27.006545" lon="-48.624657">
                <ele>8.4</ele>
            </trkpt>
            <trkpt lat="-27.00654" lon="-48.624668">
                <ele>8.4</ele>
            </trkpt>
            <trkpt lat="-27.006542" lon="-48.624675">
                <ele>8.3</ele>
            </trkpt>
            <trkpt lat="-27.006543" lon="-48.624675">
                <ele>8.6</ele>
            </trkpt>
            <trkpt lat="-27.006542" lon="-48.624677">
                <ele>8.7</ele>
            </trkpt>
            <trkpt lat="-27.006542" lon="-48.624678">
                <ele>8.7</ele>
            </trkpt>
            <trkpt lat="-27.006542" lon="-48.624678">
                <ele>8.7</ele>
            </trkpt>
            <trkpt lat="-27.006545" lon="-48.62468">
                <ele>8.8</ele>
            </trkpt>
            <trkpt lat="-27.006543" lon="-48.624682">
                <ele>8.9</ele>
            </trkpt>
            <trkpt lat="-27.006543" lon="-48.624683">
                <ele>9</ele>
            </trkpt>
            <trkpt lat="-27.006543" lon="-48.62469">
                <ele>8.9</ele>
            </trkpt>
            <trkpt lat="-27.006545" lon="-48.624695">
                <ele>8.8</ele>
            </trkpt>
            <trkpt lat="-27.006545" lon="-48.624695">
                <ele>8.8</ele>
            </trkpt>
            <trkpt lat="-27.006545" lon="-48.624695">
                <ele>8.8</ele>
            </trkpt>
            <trkpt lat="-27.006545" lon="-48.624695">
                <ele>8.8</ele>
            </trkpt>
            <trkpt lat="-27.006545" lon="-48.624695">
                <ele>8.8</ele>
            </trkpt>
            <trkpt lat="-27.006545" lon="-48.624695">
                <ele>8.8</ele>
            </trkpt>
            <trkpt lat="-27.006545" lon="-48.624695">
                <ele>8.8</ele>
            </trkpt>
            <trkpt lat="-27.006545" lon="-48.624695">
                <ele>8.8</ele>
            </trkpt>
            <trkpt lat="-27.006545" lon="-48.624695">
                <ele>8.8</ele>
            </trkpt>
            <trkpt lat="-27.006545" lon="-48.624695">
                <ele>8.8</ele>
            </trkpt>
            <trkpt lat="-27.006545" lon="-48.624695">
                <ele>8.8</ele>
            </trkpt>
            <trkpt lat="-27.006545" lon="-48.624695">
                <ele>8.8</ele>
            </trkpt>
            <trkpt lat="-27.006545" lon="-48.624695">
                <ele>8.8</ele>
            </trkpt>
            <trkpt lat="-27.006545" lon="-48.624695">
                <ele>8.8</ele>
            </trkpt>
            <trkpt lat="-27.006545" lon="-48.624695">
                <ele>8.8</ele>
            </trkpt>
            <trkpt lat="-27.006545" lon="-48.624695">
                <ele>8.8</ele>
            </trkpt>
            <trkpt lat="-27.006545" lon="-48.624695">
                <ele>8.8</ele>
            </trkpt>
            <trkpt lat="-27.006562" lon="-48.624748">
                <ele>7</ele>
            </trkpt>
            <trkpt lat="-27.006585" lon="-48.624747">
                <ele>6.9</ele>
            </trkpt>
            <trkpt lat="-27.006603" lon="-48.624732">
                <ele>7.1</ele>
            </trkpt>
            <trkpt lat="-27.006618" lon="-48.624698">
                <ele>7.2</ele>
            </trkpt>
            <trkpt lat="-27.006628" lon="-48.624672">
                <ele>7.6</ele>
            </trkpt>
            <trkpt lat="-27.006633" lon="-48.624645">
                <ele>8.3</ele>
            </trkpt>
            <trkpt lat="-27.006647" lon="-48.624608">
                <ele>9.3</ele>
            </trkpt>
            <trkpt lat="-27.00666" lon="-48.624568">
                <ele>9.9</ele>
            </trkpt>
            <trkpt lat="-27.006667" lon="-48.624525">
                <ele>11.1</ele>
            </trkpt>
            <trkpt lat="-27.006668" lon="-48.624483">
                <ele>11.5</ele>
            </trkpt>
            <trkpt lat="-27.006668" lon="-48.624445">
                <ele>11.6</ele>
            </trkpt>
            <trkpt lat="-27.006668" lon="-48.624413">
                <ele>11.3</ele>
            </trkpt>
            <trkpt lat="-27.00668" lon="-48.624388">
                <ele>10.7</ele>
            </trkpt>
            <trkpt lat="-27.00669" lon="-48.62436">
                <ele>9.9</ele>
            </trkpt>
            <trkpt lat="-27.006702" lon="-48.624328">
                <ele>9</ele>
            </trkpt>
            <trkpt lat="-27.006717" lon="-48.62429">
                <ele>8.6</ele>
            </trkpt>
            <trkpt lat="-27.006728" lon="-48.62425">
                <ele>8.2</ele>
            </trkpt>
            <trkpt lat="-27.006735" lon="-48.624203">
                <ele>7.7</ele>
            </trkpt>
            <trkpt lat="-27.006738" lon="-48.624158">
                <ele>7.8</ele>
            </trkpt>
            <trkpt lat="-27.006745" lon="-48.624117">
                <ele>7.5</ele>
            </trkpt>
            <trkpt lat="-27.006755" lon="-48.624073">
                <ele>7.2</ele>
            </trkpt>
            <trkpt lat="-27.006767" lon="-48.624032">
                <ele>7.4</ele>
            </trkpt>
            <trkpt lat="-27.006783" lon="-48.62399">
                <ele>7.6</ele>
            </trkpt>
            <trkpt lat="-27.0068" lon="-48.62395">
                <ele>7.9</ele>
            </trkpt>
            <trkpt lat="-27.006818" lon="-48.62391">
                <ele>7.8</ele>
            </trkpt>
            <trkpt lat="-27.00684" lon="-48.623872">
                <ele>7.5</ele>
            </trkpt>
            <trkpt lat="-27.006862" lon="-48.623833">
                <ele>7.5</ele>
            </trkpt>
            <trkpt lat="-27.00688" lon="-48.623797">
                <ele>7.2</ele>
            </trkpt>
            <trkpt lat="-27.0069" lon="-48.623757">
                <ele>7</ele>
            </trkpt>
            <trkpt lat="-27.006918" lon="-48.623718">
                <ele>6.7</ele>
            </trkpt>
            <trkpt lat="-27.006937" lon="-48.623683">
                <ele>6.4</ele>
            </trkpt>
            <trkpt lat="-27.006955" lon="-48.623647">
                <ele>6.3</ele>
            </trkpt>
            <trkpt lat="-27.006975" lon="-48.623612">
                <ele>6.2</ele>
            </trkpt>
            <trkpt lat="-27.006995" lon="-48.623582">
                <ele>6</ele>
            </trkpt>
            <trkpt lat="-27.007012" lon="-48.623552">
                <ele>6.1</ele>
            </trkpt>
            <trkpt lat="-27.007027" lon="-48.623522">
                <ele>5.7</ele>
            </trkpt>
            <trkpt lat="-27.007048" lon="-48.62349">
                <ele>6.5</ele>
            </trkpt>
            <trkpt lat="-27.007067" lon="-48.623458">
                <ele>6.3</ele>
            </trkpt>
            <trkpt lat="-27.007082" lon="-48.623433">
                <ele>6.4</ele>
            </trkpt>
            <trkpt lat="-27.007095" lon="-48.623418">
                <ele>6.9</ele>
            </trkpt>
            <trkpt lat="-27.007102" lon="-48.62342">
                <ele>8.3</ele>
            </trkpt>
            <trkpt lat="-27.0071" lon="-48.623418">
                <ele>8.5</ele>
            </trkpt>
            <trkpt lat="-27.007097" lon="-48.623418">
                <ele>8.7</ele>
            </trkpt>
            <trkpt lat="-27.007098" lon="-48.62342">
                <ele>8.7</ele>
            </trkpt>
            <trkpt lat="-27.007097" lon="-48.623418">
                <ele>8.6</ele>
            </trkpt>
            <trkpt lat="-27.007097" lon="-48.623417">
                <ele>8.5</ele>
            </trkpt>
            <trkpt lat="-27.007097" lon="-48.623413">
                <ele>8.5</ele>
            </trkpt>
            <trkpt lat="-27.007097" lon="-48.623412">
                <ele>8.4</ele>
            </trkpt>
            <trkpt lat="-27.007097" lon="-48.623408">
                <ele>8.2</ele>
            </trkpt>
            <trkpt lat="-27.007098" lon="-48.623405">
                <ele>8.2</ele>
            </trkpt>
            <trkpt lat="-27.0071" lon="-48.623403">
                <ele>8.2</ele>
            </trkpt>
            <trkpt lat="-27.0071" lon="-48.623403">
                <ele>8.2</ele>
            </trkpt>
            <trkpt lat="-27.0071" lon="-48.623403">
                <ele>8.2</ele>
            </trkpt>
            <trkpt lat="-27.0071" lon="-48.623403">
                <ele>8.2</ele>
            </trkpt>
            <trkpt lat="-27.0071" lon="-48.623403">
                <ele>8.2</ele>
            </trkpt>
            <trkpt lat="-27.0071" lon="-48.623403">
                <ele>8.2</ele>
            </trkpt>
            <trkpt lat="-27.0071" lon="-48.623403">
                <ele>8.2</ele>
            </trkpt>
            <trkpt lat="-27.0071" lon="-48.623403">
                <ele>8.2</ele>
            </trkpt>
            <trkpt lat="-27.0071" lon="-48.623403">
                <ele>8.2</ele>
            </trkpt>
            <trkpt lat="-27.0071" lon="-48.623403">
                <ele>8.2</ele>
            </trkpt>
            <trkpt lat="-27.0071" lon="-48.623403">
                <ele>8.2</ele>
            </trkpt>
            <trkpt lat="-27.0071" lon="-48.623403">
                <ele>8.2</ele>
            </trkpt>
            <trkpt lat="-27.0071" lon="-48.623403">
                <ele>8.2</ele>
            </trkpt>
            <trkpt lat="-27.0071" lon="-48.623403">
                <ele>8.2</ele>
            </trkpt>
            <trkpt lat="-27.0071" lon="-48.623403">
                <ele>8.2</ele>
            </trkpt>
            <trkpt lat="-27.0071" lon="-48.623403">
                <ele>8.2</ele>
            </trkpt>
            <trkpt lat="-27.007105" lon="-48.623407">
                <ele>7.5</ele>
            </trkpt>
            <trkpt lat="-27.007108" lon="-48.623407">
                <ele>7.5</ele>
            </trkpt>
            <trkpt lat="-27.007108" lon="-48.623407">
                <ele>7.7</ele>
            </trkpt>
            <trkpt lat="-27.007107" lon="-48.623408">
                <ele>7.8</ele>
            </trkpt>
            <trkpt lat="-27.007107" lon="-48.623408">
                <ele>7.8</ele>
            </trkpt>
            <trkpt lat="-27.007107" lon="-48.623408">
                <ele>7.8</ele>
            </trkpt>
            <trkpt lat="-27.007107" lon="-48.623408">
                <ele>7.8</ele>
            </trkpt>
            <trkpt lat="-27.007107" lon="-48.623408">
                <ele>7.8</ele>
            </trkpt>
            <trkpt lat="-27.007107" lon="-48.623408">
                <ele>7.8</ele>
            </trkpt>
            <trkpt lat="-27.007107" lon="-48.623408">
                <ele>7.8</ele>
            </trkpt>
            <trkpt lat="-27.007107" lon="-48.623408">
                <ele>7.8</ele>
            </trkpt>
            <trkpt lat="-27.007107" lon="-48.623408">
                <ele>7.8</ele>
            </trkpt>
            <trkpt lat="-27.007112" lon="-48.623398">
                <ele>7.6</ele>
            </trkpt>
            <trkpt lat="-27.007117" lon="-48.623382">
                <ele>7.8</ele>
            </trkpt>
            <trkpt lat="-27.007127" lon="-48.623363">
                <ele>7.6</ele>
            </trkpt>
            <trkpt lat="-27.007142" lon="-48.623342">
                <ele>7.6</ele>
            </trkpt>
            <trkpt lat="-27.007157" lon="-48.623323">
                <ele>7.9</ele>
            </trkpt>
            <trkpt lat="-27.007172" lon="-48.62331">
                <ele>7.9</ele>
            </trkpt>
            <trkpt lat="-27.007182" lon="-48.623307">
                <ele>8.5</ele>
            </trkpt>
            <trkpt lat="-27.00719" lon="-48.623312">
                <ele>8.9</ele>
            </trkpt>
            <trkpt lat="-27.007185" lon="-48.623312">
                <ele>9.2</ele>
            </trkpt>
            <trkpt lat="-27.007178" lon="-48.623312">
                <ele>9</ele>
            </trkpt>
            <trkpt lat="-27.007173" lon="-48.623313">
                <ele>8.7</ele>
            </trkpt>
            <trkpt lat="-27.007172" lon="-48.623313">
                <ele>8.5</ele>
            </trkpt>
            <trkpt lat="-27.007168" lon="-48.623315">
                <ele>8.3</ele>
            </trkpt>
            <trkpt lat="-27.007163" lon="-48.623315">
                <ele>8.1</ele>
            </trkpt>
            <trkpt lat="-27.007158" lon="-48.623313">
                <ele>8.3</ele>
            </trkpt>
            <trkpt lat="-27.007152" lon="-48.623312">
                <ele>8.6</ele>
            </trkpt>
            <trkpt lat="-27.007142" lon="-48.62331">
                <ele>8.7</ele>
            </trkpt>
            <trkpt lat="-27.007137" lon="-48.623303">
                <ele>8.8</ele>
            </trkpt>
            <trkpt lat="-27.007135" lon="-48.623303">
                <ele>8.7</ele>
            </trkpt>
            <trkpt lat="-27.007135" lon="-48.623298">
                <ele>8.7</ele>
            </trkpt>
            <trkpt lat="-27.007135" lon="-48.623298">
                <ele>8.7</ele>
            </trkpt>
            <trkpt lat="-27.007135" lon="-48.623298">
                <ele>8.7</ele>
            </trkpt>
            <trkpt lat="-27.007135" lon="-48.623298">
                <ele>8.7</ele>
            </trkpt>
            <trkpt lat="-27.007135" lon="-48.623298">
                <ele>8.7</ele>
            </trkpt>
            <trkpt lat="-27.007135" lon="-48.623298">
                <ele>8.7</ele>
            </trkpt>
            <trkpt lat="-27.007135" lon="-48.623298">
                <ele>8.7</ele>
            </trkpt>
            <trkpt lat="-27.007135" lon="-48.623298">
                <ele>8.7</ele>
            </trkpt>
            <trkpt lat="-27.007135" lon="-48.623298">
                <ele>8.7</ele>
            </trkpt>
            <trkpt lat="-27.007135" lon="-48.623298">
                <ele>8.7</ele>
            </trkpt>
            <trkpt lat="-27.007145" lon="-48.623297">
                <ele>8.5</ele>
            </trkpt>
            <trkpt lat="-27.007143" lon="-48.623295">
                <ele>8.5</ele>
            </trkpt>
            <trkpt lat="-27.00714" lon="-48.623288">
                <ele>8.8</ele>
            </trkpt>
            <trkpt lat="-27.007137" lon="-48.623282">
                <ele>9</ele>
            </trkpt>
            <trkpt lat="-27.007137" lon="-48.623282">
                <ele>9</ele>
            </trkpt>
            <trkpt lat="-27.007137" lon="-48.623282">
                <ele>9</ele>
            </trkpt>
            <trkpt lat="-27.007137" lon="-48.623282">
                <ele>9</ele>
            </trkpt>
            <trkpt lat="-27.007137" lon="-48.623282">
                <ele>9</ele>
            </trkpt>
            <trkpt lat="-27.007137" lon="-48.623282">
                <ele>9</ele>
            </trkpt>
            <trkpt lat="-27.007137" lon="-48.623282">
                <ele>9</ele>
            </trkpt>
            <trkpt lat="-27.007137" lon="-48.623282">
                <ele>9</ele>
            </trkpt>
            <trkpt lat="-27.007137" lon="-48.623282">
                <ele>9</ele>
            </trkpt>
            <trkpt lat="-27.007137" lon="-48.623282">
                <ele>9</ele>
            </trkpt>
            <trkpt lat="-27.007137" lon="-48.623282">
                <ele>9</ele>
            </trkpt>
            <trkpt lat="-27.007137" lon="-48.623282">
                <ele>9</ele>
            </trkpt>
            <trkpt lat="-27.007137" lon="-48.623282">
                <ele>9</ele>
            </trkpt>
            <trkpt lat="-27.007137" lon="-48.623282">
                <ele>9</ele>
            </trkpt>
            <trkpt lat="-27.007137" lon="-48.623282">
                <ele>9</ele>
            </trkpt>
            <trkpt lat="-27.007137" lon="-48.623282">
                <ele>9</ele>
            </trkpt>
            <trkpt lat="-27.007137" lon="-48.623282">
                <ele>9</ele>
            </trkpt>
            <trkpt lat="-27.007137" lon="-48.623282">
                <ele>9</ele>
            </trkpt>
            <trkpt lat="-27.007137" lon="-48.623282">
                <ele>9</ele>
            </trkpt>
            <trkpt lat="-27.007137" lon="-48.623282">
                <ele>9</ele>
            </trkpt>
            <trkpt lat="-27.007137" lon="-48.623282">
                <ele>9</ele>
            </trkpt>
            <trkpt lat="-27.007137" lon="-48.623282">
                <ele>9</ele>
            </trkpt>
            <trkpt lat="-27.007137" lon="-48.623282">
                <ele>9</ele>
            </trkpt>
            <trkpt lat="-27.007137" lon="-48.623282">
                <ele>9</ele>
            </trkpt>
            <trkpt lat="-27.007137" lon="-48.623282">
                <ele>9</ele>
            </trkpt>
            <trkpt lat="-27.007137" lon="-48.623282">
                <ele>9</ele>
            </trkpt>
            <trkpt lat="-27.007137" lon="-48.623282">
                <ele>9</ele>
            </trkpt>
            <trkpt lat="-27.007137" lon="-48.623282">
                <ele>9</ele>
            </trkpt>
            <trkpt lat="-27.007137" lon="-48.623282">
                <ele>9</ele>
            </trkpt>
            <trkpt lat="-27.007137" lon="-48.623282">
                <ele>9</ele>
            </trkpt>
            <trkpt lat="-27.007137" lon="-48.623282">
                <ele>9</ele>
            </trkpt>
            <trkpt lat="-27.007157" lon="-48.62327">
                <ele>5.8</ele>
            </trkpt>
            <trkpt lat="-27.007165" lon="-48.623277">
                <ele>6.1</ele>
            </trkpt>
            <trkpt lat="-27.007172" lon="-48.62328">
                <ele>6.1</ele>
            </trkpt>
            <trkpt lat="-27.007173" lon="-48.623282">
                <ele>6.1</ele>
            </trkpt>
            <trkpt lat="-27.007172" lon="-48.623283">
                <ele>6.3</ele>
            </trkpt>
            <trkpt lat="-27.007172" lon="-48.623283">
                <ele>6.3</ele>
            </trkpt>
            <trkpt lat="-27.007172" lon="-48.623283">
                <ele>6.3</ele>
            </trkpt>
            <trkpt lat="-27.007172" lon="-48.623283">
                <ele>6.3</ele>
            </trkpt>
            <trkpt lat="-27.007172" lon="-48.623283">
                <ele>6.3</ele>
            </trkpt>
            <trkpt lat="-27.007158" lon="-48.623297">
                <ele>7.5</ele>
            </trkpt>
            <trkpt lat="-27.007153" lon="-48.6233">
                <ele>7.7</ele>
            </trkpt>
            <trkpt lat="-27.00715" lon="-48.623303">
                <ele>7.8</ele>
            </trkpt>
            <trkpt lat="-27.007147" lon="-48.623305">
                <ele>7.9</ele>
            </trkpt>
            <trkpt lat="-27.007147" lon="-48.623307">
                <ele>7.8</ele>
            </trkpt>
            <trkpt lat="-27.007143" lon="-48.623308">
                <ele>7.9</ele>
            </trkpt>
            <trkpt lat="-27.007143" lon="-48.623308">
                <ele>7.9</ele>
            </trkpt>
            <trkpt lat="-27.007143" lon="-48.623308">
                <ele>7.9</ele>
            </trkpt>
            <trkpt lat="-27.007143" lon="-48.623308">
                <ele>7.9</ele>
            </trkpt>
            <trkpt lat="-27.007143" lon="-48.623308">
                <ele>7.9</ele>
            </trkpt>
            <trkpt lat="-27.007143" lon="-48.623308">
                <ele>7.9</ele>
            </trkpt>
            <trkpt lat="-27.007143" lon="-48.623308">
                <ele>7.9</ele>
            </trkpt>
            <trkpt lat="-27.007143" lon="-48.623308">
                <ele>7.9</ele>
            </trkpt>
            <trkpt lat="-27.007143" lon="-48.623308">
                <ele>7.9</ele>
            </trkpt>
            <trkpt lat="-27.007143" lon="-48.623308">
                <ele>7.9</ele>
            </trkpt>
            <trkpt lat="-27.007142" lon="-48.623288">
                <ele>7.9</ele>
            </trkpt>
            <trkpt lat="-27.007142" lon="-48.623283">
                <ele>8</ele>
            </trkpt>
            <trkpt lat="-27.007142" lon="-48.623287">
                <ele>8.3</ele>
            </trkpt>
            <trkpt lat="-27.007142" lon="-48.623283">
                <ele>8.4</ele>
            </trkpt>
            <trkpt lat="-27.007138" lon="-48.623283">
                <ele>8.4</ele>
            </trkpt>
            <trkpt lat="-27.007135" lon="-48.623282">
                <ele>8.4</ele>
            </trkpt>
            <trkpt lat="-27.007133" lon="-48.62328">
                <ele>8.7</ele>
            </trkpt>
            <trkpt lat="-27.007132" lon="-48.623278">
                <ele>8.7</ele>
            </trkpt>
            <trkpt lat="-27.007132" lon="-48.623275">
                <ele>8.9</ele>
            </trkpt>
            <trkpt lat="-27.007132" lon="-48.623275">
                <ele>8.9</ele>
            </trkpt>
            <trkpt lat="-27.007132" lon="-48.623275">
                <ele>8.9</ele>
            </trkpt>
            <trkpt lat="-27.007132" lon="-48.623275">
                <ele>8.9</ele>
            </trkpt>
            <trkpt lat="-27.007132" lon="-48.623275">
                <ele>8.9</ele>
            </trkpt>
            <trkpt lat="-27.007132" lon="-48.623275">
                <ele>8.9</ele>
            </trkpt>
            <trkpt lat="-27.007132" lon="-48.623275">
                <ele>8.9</ele>
            </trkpt>
            <trkpt lat="-27.007132" lon="-48.623275">
                <ele>8.9</ele>
            </trkpt>
            <trkpt lat="-27.007132" lon="-48.623275">
                <ele>8.9</ele>
            </trkpt>
            <trkpt lat="-27.007132" lon="-48.623275">
                <ele>8.9</ele>
            </trkpt>
            <trkpt lat="-27.007132" lon="-48.623275">
                <ele>8.9</ele>
            </trkpt>
            <trkpt lat="-27.007132" lon="-48.623275">
                <ele>8.9</ele>
            </trkpt>
            <trkpt lat="-27.007132" lon="-48.623275">
                <ele>8.9</ele>
            </trkpt>
            <trkpt lat="-27.007132" lon="-48.623275">
                <ele>8.9</ele>
            </trkpt>
            <trkpt lat="-27.007132" lon="-48.623275">
                <ele>8.9</ele>
            </trkpt>
            <trkpt lat="-27.007132" lon="-48.623275">
                <ele>8.9</ele>
            </trkpt>
            <trkpt lat="-27.007132" lon="-48.623275">
                <ele>8.9</ele>
            </trkpt>
            <trkpt lat="-27.007132" lon="-48.623275">
                <ele>8.9</ele>
            </trkpt>
            <trkpt lat="-27.007108" lon="-48.623255">
                <ele>7</ele>
            </trkpt>
            <trkpt lat="-27.007093" lon="-48.623267">
                <ele>6.9</ele>
            </trkpt>
            <trkpt lat="-27.007077" lon="-48.623288">
                <ele>7.1</ele>
            </trkpt>
            <trkpt lat="-27.00706" lon="-48.623312">
                <ele>7.2</ele>
            </trkpt>
            <trkpt lat="-27.007035" lon="-48.62334">
                <ele>7.3</ele>
            </trkpt>
            <trkpt lat="-27.00702" lon="-48.623375">
                <ele>6.8</ele>
            </trkpt>
            <trkpt lat="-27.007007" lon="-48.623408">
                <ele>6.4</ele>
            </trkpt>
            <trkpt lat="-27.006997" lon="-48.623438">
                <ele>6.9</ele>
            </trkpt>
            <trkpt lat="-27.006985" lon="-48.623467">
                <ele>7.1</ele>
            </trkpt>
            <trkpt lat="-27.00697" lon="-48.623495">
                <ele>6.9</ele>
            </trkpt>
            <trkpt lat="-27.006955" lon="-48.62353">
                <ele>6.8</ele>
            </trkpt>
            <trkpt lat="-27.006935" lon="-48.62356">
                <ele>6.5</ele>
            </trkpt>
            <trkpt lat="-27.00692" lon="-48.623592">
                <ele>5.6</ele>
            </trkpt>
            <trkpt lat="-27.006902" lon="-48.623623">
                <ele>6.4</ele>
            </trkpt>
            <trkpt lat="-27.006883" lon="-48.623657">
                <ele>6.2</ele>
            </trkpt>
            <trkpt lat="-27.00686" lon="-48.62369">
                <ele>5.7</ele>
            </trkpt>
            <trkpt lat="-27.006842" lon="-48.623715">
                <ele>5.6</ele>
            </trkpt>
            <trkpt lat="-27.006823" lon="-48.623738">
                <ele>5.5</ele>
            </trkpt>
            <trkpt lat="-27.006805" lon="-48.62376">
                <ele>4.8</ele>
            </trkpt>
            <trkpt lat="-27.006785" lon="-48.623785">
                <ele>4.9</ele>
            </trkpt>
            <trkpt lat="-27.006768" lon="-48.623803">
                <ele>5.6</ele>
            </trkpt>
            <trkpt lat="-27.006757" lon="-48.623827">
                <ele>6.1</ele>
            </trkpt>
            <trkpt lat="-27.006745" lon="-48.62385">
                <ele>6.8</ele>
            </trkpt>
            <trkpt lat="-27.006732" lon="-48.623875">
                <ele>7.8</ele>
            </trkpt>
            <trkpt lat="-27.006718" lon="-48.6239">
                <ele>8.7</ele>
            </trkpt>
            <trkpt lat="-27.006707" lon="-48.623927">
                <ele>9.7</ele>
            </trkpt>
            <trkpt lat="-27.006693" lon="-48.623953">
                <ele>9.7</ele>
            </trkpt>
            <trkpt lat="-27.00668" lon="-48.623982">
                <ele>10.5</ele>
            </trkpt>
            <trkpt lat="-27.006672" lon="-48.624013">
                <ele>11</ele>
            </trkpt>
            <trkpt lat="-27.006667" lon="-48.624042">
                <ele>10.9</ele>
            </trkpt>
            <trkpt lat="-27.006657" lon="-48.624073">
                <ele>11</ele>
            </trkpt>
            <trkpt lat="-27.006652" lon="-48.624097">
                <ele>11.1</ele>
            </trkpt>
            <trkpt lat="-27.00665" lon="-48.624122">
                <ele>11.8</ele>
            </trkpt>
            <trkpt lat="-27.006645" lon="-48.624145">
                <ele>12.8</ele>
            </trkpt>
            <trkpt lat="-27.006637" lon="-48.624178">
                <ele>13</ele>
            </trkpt>
            <trkpt lat="-27.006623" lon="-48.624203">
                <ele>12.9</ele>
            </trkpt>
            <trkpt lat="-27.006607" lon="-48.624225">
                <ele>12.4</ele>
            </trkpt>
            <trkpt lat="-27.006587" lon="-48.624248">
                <ele>11.9</ele>
            </trkpt>
            <trkpt lat="-27.006568" lon="-48.624278">
                <ele>11.3</ele>
            </trkpt>
            <trkpt lat="-27.006552" lon="-48.62431">
                <ele>10.8</ele>
            </trkpt>
            <trkpt lat="-27.006545" lon="-48.624347">
                <ele>10.8</ele>
            </trkpt>
            <trkpt lat="-27.006542" lon="-48.624385">
                <ele>10.8</ele>
            </trkpt>
            <trkpt lat="-27.006537" lon="-48.624422">
                <ele>10.8</ele>
            </trkpt>
            <trkpt lat="-27.00653" lon="-48.624457">
                <ele>10.6</ele>
            </trkpt>
            <trkpt lat="-27.006533" lon="-48.624507">
                <ele>9.4</ele>
            </trkpt>
            <trkpt lat="-27.006533" lon="-48.624552">
                <ele>8.6</ele>
            </trkpt>
            <trkpt lat="-27.00653" lon="-48.624595">
                <ele>8</ele>
            </trkpt>
            <trkpt lat="-27.006527" lon="-48.624633">
                <ele>7.6</ele>
            </trkpt>
            <trkpt lat="-27.006528" lon="-48.624672">
                <ele>7.3</ele>
            </trkpt>
            <trkpt lat="-27.006535" lon="-48.624715">
                <ele>6.8</ele>
            </trkpt>
            <trkpt lat="-27.006545" lon="-48.624755">
                <ele>6.7</ele>
            </trkpt>
            <trkpt lat="-27.006552" lon="-48.624795">
                <ele>6.6</ele>
            </trkpt>
            <trkpt lat="-27.00656" lon="-48.624835">
                <ele>6.4</ele>
            </trkpt>
            <trkpt lat="-27.006563" lon="-48.62487">
                <ele>6.7</ele>
            </trkpt>
            <trkpt lat="-27.006562" lon="-48.624907">
                <ele>6.8</ele>
            </trkpt>
            <trkpt lat="-27.006555" lon="-48.62494">
                <ele>7</ele>
            </trkpt>
            <trkpt lat="-27.006547" lon="-48.624973">
                <ele>7.4</ele>
            </trkpt>
            <trkpt lat="-27.006542" lon="-48.625008">
                <ele>7.5</ele>
            </trkpt>
            <trkpt lat="-27.006535" lon="-48.62504">
                <ele>7.3</ele>
            </trkpt>
            <trkpt lat="-27.00653" lon="-48.625072">
                <ele>6.6</ele>
            </trkpt>
            <trkpt lat="-27.006523" lon="-48.625103">
                <ele>6.2</ele>
            </trkpt>
            <trkpt lat="-27.006518" lon="-48.625128">
                <ele>5.9</ele>
            </trkpt>
            <trkpt lat="-27.006515" lon="-48.625152">
                <ele>6.1</ele>
            </trkpt>
            <trkpt lat="-27.006515" lon="-48.625173">
                <ele>6.5</ele>
            </trkpt>
            <trkpt lat="-27.006513" lon="-48.625192">
                <ele>6.5</ele>
            </trkpt>
            <trkpt lat="-27.006518" lon="-48.625203">
                <ele>6.6</ele>
            </trkpt>
            <trkpt lat="-27.00652" lon="-48.625208">
                <ele>6.4</ele>
            </trkpt>
            <trkpt lat="-27.006523" lon="-48.625213">
                <ele>6.1</ele>
            </trkpt>
            <trkpt lat="-27.006525" lon="-48.625217">
                <ele>6.2</ele>
            </trkpt>
            <trkpt lat="-27.006527" lon="-48.625218">
                <ele>6.4</ele>
            </trkpt>
            <trkpt lat="-27.00653" lon="-48.625218">
                <ele>6.3</ele>
            </trkpt>
            <trkpt lat="-27.00653" lon="-48.625222">
                <ele>6.5</ele>
            </trkpt>
            <trkpt lat="-27.00653" lon="-48.625222">
                <ele>6.5</ele>
            </trkpt>
            <trkpt lat="-27.006528" lon="-48.625227">
                <ele>6.6</ele>
            </trkpt>
            <trkpt lat="-27.006528" lon="-48.625227">
                <ele>6.6</ele>
            </trkpt>
            <trkpt lat="-27.006525" lon="-48.625232">
                <ele>7</ele>
            </trkpt>
            <trkpt lat="-27.006522" lon="-48.625237">
                <ele>7.4</ele>
            </trkpt>
            <trkpt lat="-27.006517" lon="-48.62524">
                <ele>7.7</ele>
            </trkpt>
            <trkpt lat="-27.006515" lon="-48.625245">
                <ele>8.1</ele>
            </trkpt>
            <trkpt lat="-27.006515" lon="-48.625245">
                <ele>8.1</ele>
            </trkpt>
            <trkpt lat="-27.006515" lon="-48.625245">
                <ele>8.1</ele>
            </trkpt>
            <trkpt lat="-27.006515" lon="-48.625245">
                <ele>8.1</ele>
            </trkpt>
            <trkpt lat="-27.006515" lon="-48.625245">
                <ele>8.1</ele>
            </trkpt>
            <trkpt lat="-27.006515" lon="-48.625245">
                <ele>8.1</ele>
            </trkpt>
            <trkpt lat="-27.006515" lon="-48.625245">
                <ele>8.1</ele>
            </trkpt>
            <trkpt lat="-27.006515" lon="-48.625245">
                <ele>8.1</ele>
            </trkpt>
            <trkpt lat="-27.006515" lon="-48.625245">
                <ele>8.1</ele>
            </trkpt>
            <trkpt lat="-27.006515" lon="-48.625245">
                <ele>8.1</ele>
            </trkpt>
            <trkpt lat="-27.006515" lon="-48.625245">
                <ele>8.1</ele>
            </trkpt>
            <trkpt lat="-27.006515" lon="-48.625245">
                <ele>8.1</ele>
            </trkpt>
            <trkpt lat="-27.006515" lon="-48.625245">
                <ele>8.1</ele>
            </trkpt>
            <trkpt lat="-27.006515" lon="-48.625245">
                <ele>8.1</ele>
            </trkpt>
            <trkpt lat="-27.006515" lon="-48.625245">
                <ele>8.1</ele>
            </trkpt>
            <trkpt lat="-27.006515" lon="-48.625245">
                <ele>8.1</ele>
            </trkpt>
            <trkpt lat="-27.006515" lon="-48.625245">
                <ele>8.1</ele>
            </trkpt>
            <trkpt lat="-27.006515" lon="-48.625245">
                <ele>8.1</ele>
            </trkpt>
            <trkpt lat="-27.006515" lon="-48.625245">
                <ele>8.1</ele>
            </trkpt>
            <trkpt lat="-27.006515" lon="-48.625245">
                <ele>8.1</ele>
            </trkpt>
            <trkpt lat="-27.006515" lon="-48.625245">
                <ele>8.1</ele>
            </trkpt>
            <trkpt lat="-27.006515" lon="-48.625245">
                <ele>8.1</ele>
            </trkpt>
            <trkpt lat="-27.006515" lon="-48.625245">
                <ele>8.1</ele>
            </trkpt>
            <trkpt lat="-27.006515" lon="-48.625245">
                <ele>8.1</ele>
            </trkpt>
            <trkpt lat="-27.006515" lon="-48.625245">
                <ele>8.1</ele>
            </trkpt>
            <trkpt lat="-27.006515" lon="-48.625245">
                <ele>8.1</ele>
            </trkpt>
            <trkpt lat="-27.006515" lon="-48.625245">
                <ele>8.1</ele>
            </trkpt>
            <trkpt lat="-27.006515" lon="-48.625245">
                <ele>8.1</ele>
            </trkpt>
            <trkpt lat="-27.006515" lon="-48.625245">
                <ele>8.1</ele>
            </trkpt>
            <trkpt lat="-27.006515" lon="-48.625245">
                <ele>8.1</ele>
            </trkpt>
            <trkpt lat="-27.006515" lon="-48.625245">
                <ele>8.1</ele>
            </trkpt>
            <trkpt lat="-27.006515" lon="-48.625245">
                <ele>8.1</ele>
            </trkpt>
            <trkpt lat="-27.006515" lon="-48.625245">
                <ele>8.1</ele>
            </trkpt>
            <trkpt lat="-27.006515" lon="-48.625245">
                <ele>8.1</ele>
            </trkpt>
            <trkpt lat="-27.006537" lon="-48.625238">
                <ele>7.3</ele>
            </trkpt>
            <trkpt lat="-27.00654" lon="-48.625235">
                <ele>7</ele>
            </trkpt>
            <trkpt lat="-27.006538" lon="-48.625232">
                <ele>6.9</ele>
            </trkpt>
            <trkpt lat="-27.00654" lon="-48.625233">
                <ele>7</ele>
            </trkpt>
            <trkpt lat="-27.006538" lon="-48.625237">
                <ele>7.3</ele>
            </trkpt>
            <trkpt lat="-27.006538" lon="-48.625237">
                <ele>7.7</ele>
            </trkpt>
            <trkpt lat="-27.006538" lon="-48.625237">
                <ele>7.7</ele>
            </trkpt>
            <trkpt lat="-27.006538" lon="-48.625237">
                <ele>7.7</ele>
            </trkpt>
            <trkpt lat="-27.006538" lon="-48.625237">
                <ele>7.7</ele>
            </trkpt>
            <trkpt lat="-27.006538" lon="-48.625237">
                <ele>7.7</ele>
            </trkpt>
            <trkpt lat="-27.006525" lon="-48.625248">
                <ele>8.6</ele>
            </trkpt>
            <trkpt lat="-27.00652" lon="-48.625255">
                <ele>9.1</ele>
            </trkpt>
            <trkpt lat="-27.00652" lon="-48.625262">
                <ele>9.5</ele>
            </trkpt>
            <trkpt lat="-27.006522" lon="-48.625258">
                <ele>9.8</ele>
            </trkpt>
            <trkpt lat="-27.006522" lon="-48.625258">
                <ele>9.9</ele>
            </trkpt>
            <trkpt lat="-27.006523" lon="-48.62526">
                <ele>10</ele>
            </trkpt>
            <trkpt lat="-27.006523" lon="-48.62526">
                <ele>10</ele>
            </trkpt>
            <trkpt lat="-27.006523" lon="-48.62526">
                <ele>10</ele>
            </trkpt>
            <trkpt lat="-27.006523" lon="-48.62526">
                <ele>10</ele>
            </trkpt>
            <trkpt lat="-27.006523" lon="-48.62526">
                <ele>10</ele>
            </trkpt>
            <trkpt lat="-27.006523" lon="-48.62526">
                <ele>10</ele>
            </trkpt>
            <trkpt lat="-27.006523" lon="-48.62526">
                <ele>10</ele>
            </trkpt>
            <trkpt lat="-27.006523" lon="-48.62526">
                <ele>10</ele>
            </trkpt>
            <trkpt lat="-27.006523" lon="-48.62526">
                <ele>10</ele>
            </trkpt>
            <trkpt lat="-27.006523" lon="-48.62526">
                <ele>10</ele>
            </trkpt>
            <trkpt lat="-27.006523" lon="-48.62526">
                <ele>10</ele>
            </trkpt>
            <trkpt lat="-27.006523" lon="-48.62526">
                <ele>10</ele>
            </trkpt>
            <trkpt lat="-27.006523" lon="-48.62526">
                <ele>10</ele>
            </trkpt>
            <trkpt lat="-27.006523" lon="-48.62526">
                <ele>10</ele>
            </trkpt>
            <trkpt lat="-27.006523" lon="-48.62526">
                <ele>10</ele>
            </trkpt>
            <trkpt lat="-27.006523" lon="-48.62526">
                <ele>10</ele>
            </trkpt>
            <trkpt lat="-27.006523" lon="-48.62526">
                <ele>10</ele>
            </trkpt>
            <trkpt lat="-27.006523" lon="-48.62526">
                <ele>10</ele>
            </trkpt>
            <trkpt lat="-27.006523" lon="-48.62526">
                <ele>10</ele>
            </trkpt>
            <trkpt lat="-27.006523" lon="-48.62526">
                <ele>10</ele>
            </trkpt>
            <trkpt lat="-27.006523" lon="-48.62526">
                <ele>10</ele>
            </trkpt>
            <trkpt lat="-27.006523" lon="-48.62526">
                <ele>10</ele>
            </trkpt>
            <trkpt lat="-27.006523" lon="-48.62526">
                <ele>10</ele>
            </trkpt>
            <trkpt lat="-27.006523" lon="-48.62526">
                <ele>10</ele>
            </trkpt>
            <trkpt lat="-27.006523" lon="-48.62526">
                <ele>10</ele>
            </trkpt>
            <trkpt lat="-27.006523" lon="-48.62526">
                <ele>10</ele>
            </trkpt>
            <trkpt lat="-27.006535" lon="-48.625242">
                <ele>7.6</ele>
            </trkpt>
            <trkpt lat="-27.006533" lon="-48.625237">
                <ele>7.4</ele>
            </trkpt>
            <trkpt lat="-27.006533" lon="-48.625233">
                <ele>7.6</ele>
            </trkpt>
            <trkpt lat="-27.006535" lon="-48.625232">
                <ele>7.7</ele>
            </trkpt>
            <trkpt lat="-27.006535" lon="-48.625232">
                <ele>7.7</ele>
            </trkpt>
            <trkpt lat="-27.006535" lon="-48.625232">
                <ele>7.7</ele>
            </trkpt>
            <trkpt lat="-27.006535" lon="-48.625232">
                <ele>7.7</ele>
            </trkpt>
            <trkpt lat="-27.006535" lon="-48.625232">
                <ele>7.7</ele>
            </trkpt>
            <trkpt lat="-27.006535" lon="-48.625232">
                <ele>7.7</ele>
            </trkpt>
            <trkpt lat="-27.006522" lon="-48.625242">
                <ele>9.2</ele>
            </trkpt>
            <trkpt lat="-27.006518" lon="-48.625248">
                <ele>9.4</ele>
            </trkpt>
            <trkpt lat="-27.006515" lon="-48.625255">
                <ele>9.1</ele>
            </trkpt>
            <trkpt lat="-27.006512" lon="-48.62526">
                <ele>9</ele>
            </trkpt>
            <trkpt lat="-27.00651" lon="-48.625263">
                <ele>8.7</ele>
            </trkpt>
            <trkpt lat="-27.006507" lon="-48.625267">
                <ele>8.7</ele>
            </trkpt>
            <trkpt lat="-27.006508" lon="-48.625265">
                <ele>8.5</ele>
            </trkpt>
            <trkpt lat="-27.006508" lon="-48.625265">
                <ele>8.5</ele>
            </trkpt>
            <trkpt lat="-27.006508" lon="-48.625265">
                <ele>8.5</ele>
            </trkpt>
            <trkpt lat="-27.006508" lon="-48.625265">
                <ele>8.5</ele>
            </trkpt>
            <trkpt lat="-27.006508" lon="-48.625265">
                <ele>8.5</ele>
            </trkpt>
            <trkpt lat="-27.006508" lon="-48.625265">
                <ele>8.5</ele>
            </trkpt>
            <trkpt lat="-27.006508" lon="-48.625265">
                <ele>8.5</ele>
            </trkpt>
            <trkpt lat="-27.006508" lon="-48.625265">
                <ele>8.5</ele>
            </trkpt>
            <trkpt lat="-27.006508" lon="-48.625265">
                <ele>8.5</ele>
            </trkpt>
            <trkpt lat="-27.006508" lon="-48.625265">
                <ele>8.5</ele>
            </trkpt>
            <trkpt lat="-27.006508" lon="-48.625265">
                <ele>8.5</ele>
            </trkpt>
            <trkpt lat="-27.006508" lon="-48.625265">
                <ele>8.5</ele>
            </trkpt>
            <trkpt lat="-27.006508" lon="-48.625265">
                <ele>8.5</ele>
            </trkpt>
            <trkpt lat="-27.006508" lon="-48.625265">
                <ele>8.5</ele>
            </trkpt>
            <trkpt lat="-27.006508" lon="-48.625265">
                <ele>8.5</ele>
            </trkpt>
            <trkpt lat="-27.006508" lon="-48.625265">
                <ele>8.5</ele>
            </trkpt>
            <trkpt lat="-27.006508" lon="-48.625265">
                <ele>8.5</ele>
            </trkpt>
            <trkpt lat="-27.006508" lon="-48.625265">
                <ele>8.5</ele>
            </trkpt>
            <trkpt lat="-27.006508" lon="-48.625265">
                <ele>8.5</ele>
            </trkpt>
            <trkpt lat="-27.006508" lon="-48.625265">
                <ele>8.5</ele>
            </trkpt>
            <trkpt lat="-27.006508" lon="-48.625265">
                <ele>8.5</ele>
            </trkpt>
            <trkpt lat="-27.006508" lon="-48.625265">
                <ele>8.5</ele>
            </trkpt>
            <trkpt lat="-27.006508" lon="-48.625265">
                <ele>8.5</ele>
            </trkpt>
            <trkpt lat="-27.006508" lon="-48.625265">
                <ele>8.5</ele>
            </trkpt>
            <trkpt lat="-27.006508" lon="-48.625265">
                <ele>8.5</ele>
            </trkpt>
            <trkpt lat="-27.006508" lon="-48.625265">
                <ele>8.5</ele>
            </trkpt>
            <trkpt lat="-27.006508" lon="-48.625265">
                <ele>8.5</ele>
            </trkpt>
            <trkpt lat="-27.006508" lon="-48.625265">
                <ele>8.5</ele>
            </trkpt>
            <trkpt lat="-27.006508" lon="-48.625265">
                <ele>8.5</ele>
            </trkpt>
            <trkpt lat="-27.006508" lon="-48.625265">
                <ele>8.5</ele>
            </trkpt>
            <trkpt lat="-27.006508" lon="-48.625265">
                <ele>8.5</ele>
            </trkpt>
            <trkpt lat="-27.006508" lon="-48.625265">
                <ele>8.5</ele>
            </trkpt>
            <trkpt lat="-27.006508" lon="-48.625265">
                <ele>8.5</ele>
            </trkpt>
            <trkpt lat="-27.006508" lon="-48.625265">
                <ele>8.5</ele>
            </trkpt>
            <trkpt lat="-27.006508" lon="-48.625265">
                <ele>8.5</ele>
            </trkpt>
            <trkpt lat="-27.006508" lon="-48.625265">
                <ele>8.5</ele>
            </trkpt>
            <trkpt lat="-27.006508" lon="-48.625265">
                <ele>8.5</ele>
            </trkpt>
            <trkpt lat="-27.006508" lon="-48.625265">
                <ele>8.5</ele>
            </trkpt>
            <trkpt lat="-27.006508" lon="-48.625265">
                <ele>8.5</ele>
            </trkpt>
            <trkpt lat="-27.006508" lon="-48.625265">
                <ele>8.5</ele>
            </trkpt>
            <trkpt lat="-27.006508" lon="-48.625265">
                <ele>8.5</ele>
            </trkpt>
            <trkpt lat="-27.006508" lon="-48.625265">
                <ele>8.5</ele>
            </trkpt>
            <trkpt lat="-27.006508" lon="-48.625265">
                <ele>8.5</ele>
            </trkpt>
            <trkpt lat="-27.006508" lon="-48.625265">
                <ele>8.5</ele>
            </trkpt>
            <trkpt lat="-27.006525" lon="-48.62526">
                <ele>8.6</ele>
            </trkpt>
            <trkpt lat="-27.006525" lon="-48.62527">
                <ele>8.8</ele>
            </trkpt>
            <trkpt lat="-27.006527" lon="-48.625283">
                <ele>9.2</ele>
            </trkpt>
            <trkpt lat="-27.006528" lon="-48.6253">
                <ele>9.8</ele>
            </trkpt>
            <trkpt lat="-27.006522" lon="-48.625315">
                <ele>10.1</ele>
            </trkpt>
            <trkpt lat="-27.006515" lon="-48.62533">
                <ele>10.3</ele>
            </trkpt>
            <trkpt lat="-27.006507" lon="-48.625347">
                <ele>10.4</ele>
            </trkpt>
            <trkpt lat="-27.006498" lon="-48.625357">
                <ele>9.9</ele>
            </trkpt>
            <trkpt lat="-27.006495" lon="-48.62536">
                <ele>9.6</ele>
            </trkpt>
            <trkpt lat="-27.006495" lon="-48.625368">
                <ele>9.5</ele>
            </trkpt>
            <trkpt lat="-27.006492" lon="-48.62538">
                <ele>9.4</ele>
            </trkpt>
            <trkpt lat="-27.006497" lon="-48.625393">
                <ele>9.2</ele>
            </trkpt>
            <trkpt lat="-27.0065" lon="-48.6254">
                <ele>8.7</ele>
            </trkpt>
            <trkpt lat="-27.0065" lon="-48.625407">
                <ele>8.2</ele>
            </trkpt>
            <trkpt lat="-27.0065" lon="-48.625408">
                <ele>8.1</ele>
            </trkpt>
            <trkpt lat="-27.0065" lon="-48.62541">
                <ele>7.9</ele>
            </trkpt>
            <trkpt lat="-27.0065" lon="-48.62541">
                <ele>7.9</ele>
            </trkpt>
            <trkpt lat="-27.0065" lon="-48.62541">
                <ele>8</ele>
            </trkpt>
            <trkpt lat="-27.006498" lon="-48.62541">
                <ele>8.1</ele>
            </trkpt>
            <trkpt lat="-27.006498" lon="-48.62541">
                <ele>8.1</ele>
            </trkpt>
            <trkpt lat="-27.006498" lon="-48.62541">
                <ele>8.1</ele>
            </trkpt>
            <trkpt lat="-27.006498" lon="-48.62541">
                <ele>8.1</ele>
            </trkpt>
            <trkpt lat="-27.006498" lon="-48.62541">
                <ele>8.1</ele>
            </trkpt>
            <trkpt lat="-27.006498" lon="-48.62541">
                <ele>8.1</ele>
            </trkpt>
            <trkpt lat="-27.006498" lon="-48.62541">
                <ele>8.1</ele>
            </trkpt>
            <trkpt lat="-27.006498" lon="-48.62541">
                <ele>8.1</ele>
            </trkpt>
            <trkpt lat="-27.006498" lon="-48.62541">
                <ele>8.1</ele>
            </trkpt>
            <trkpt lat="-27.006498" lon="-48.62541">
                <ele>8.1</ele>
            </trkpt>
            <trkpt lat="-27.006498" lon="-48.62541">
                <ele>8.1</ele>
            </trkpt>
            <trkpt lat="-27.006498" lon="-48.62541">
                <ele>8.1</ele>
            </trkpt>
            <trkpt lat="-27.006498" lon="-48.62541">
                <ele>8.1</ele>
            </trkpt>
            <trkpt lat="-27.006498" lon="-48.62541">
                <ele>8.1</ele>
            </trkpt>
            <trkpt lat="-27.006498" lon="-48.62541">
                <ele>8.1</ele>
            </trkpt>
            <trkpt lat="-27.006498" lon="-48.62541">
                <ele>8.1</ele>
            </trkpt>
            <trkpt lat="-27.006498" lon="-48.62541">
                <ele>8.1</ele>
            </trkpt>
            <trkpt lat="-27.006498" lon="-48.62541">
                <ele>8.1</ele>
            </trkpt>
            <trkpt lat="-27.006498" lon="-48.62541">
                <ele>8.1</ele>
            </trkpt>
            <trkpt lat="-27.006498" lon="-48.62541">
                <ele>8.1</ele>
            </trkpt>
            <trkpt lat="-27.006498" lon="-48.62541">
                <ele>8.1</ele>
            </trkpt>
            <trkpt lat="-27.006498" lon="-48.62541">
                <ele>8.1</ele>
            </trkpt>
            <trkpt lat="-27.006498" lon="-48.62541">
                <ele>8.1</ele>
            </trkpt>
            <trkpt lat="-27.006498" lon="-48.62541">
                <ele>8.1</ele>
            </trkpt>
            <trkpt lat="-27.006498" lon="-48.62541">
                <ele>8.1</ele>
            </trkpt>
            <trkpt lat="-27.006498" lon="-48.62541">
                <ele>8.1</ele>
            </trkpt>
            <trkpt lat="-27.006498" lon="-48.62541">
                <ele>8.1</ele>
            </trkpt>
            <trkpt lat="-27.006498" lon="-48.62541">
                <ele>8.1</ele>
            </trkpt>
            <trkpt lat="-27.006498" lon="-48.62541">
                <ele>8.1</ele>
            </trkpt>
            <trkpt lat="-27.006498" lon="-48.62541">
                <ele>8.1</ele>
            </trkpt>
            <trkpt lat="-27.006498" lon="-48.62541">
                <ele>8.1</ele>
            </trkpt>
            <trkpt lat="-27.006498" lon="-48.62541">
                <ele>8.1</ele>
            </trkpt>
            <trkpt lat="-27.00649" lon="-48.625372">
                <ele>6.7</ele>
            </trkpt>
            <trkpt lat="-27.00649" lon="-48.62536">
                <ele>6.6</ele>
            </trkpt>
            <trkpt lat="-27.00649" lon="-48.625348">
                <ele>6.4</ele>
            </trkpt>
            <trkpt lat="-27.006493" lon="-48.625338">
                <ele>6.3</ele>
            </trkpt>
            <trkpt lat="-27.006495" lon="-48.625327">
                <ele>6.1</ele>
            </trkpt>
            <trkpt lat="-27.0065" lon="-48.625318">
                <ele>6</ele>
            </trkpt>
            <trkpt lat="-27.006507" lon="-48.625305">
                <ele>6.1</ele>
            </trkpt>
            <trkpt lat="-27.006512" lon="-48.625295">
                <ele>6.1</ele>
            </trkpt>
            <trkpt lat="-27.006518" lon="-48.625283">
                <ele>6.2</ele>
            </trkpt>
            <trkpt lat="-27.00653" lon="-48.625268">
                <ele>6</ele>
            </trkpt>
            <trkpt lat="-27.006537" lon="-48.62526">
                <ele>6</ele>
            </trkpt>
            <trkpt lat="-27.006543" lon="-48.625252">
                <ele>6.4</ele>
            </trkpt>
            <trkpt lat="-27.006548" lon="-48.625247">
                <ele>6.7</ele>
            </trkpt>
            <trkpt lat="-27.00655" lon="-48.625242">
                <ele>6.7</ele>
            </trkpt>
            <trkpt lat="-27.006547" lon="-48.625245">
                <ele>6.9</ele>
            </trkpt>
            <trkpt lat="-27.006543" lon="-48.625243">
                <ele>7.2</ele>
            </trkpt>
            <trkpt lat="-27.006538" lon="-48.625245">
                <ele>7.3</ele>
            </trkpt>
            <trkpt lat="-27.006533" lon="-48.625243">
                <ele>7.3</ele>
            </trkpt>
            <trkpt lat="-27.00653" lon="-48.625243">
                <ele>7.2</ele>
            </trkpt>
            <trkpt lat="-27.00653" lon="-48.625243">
                <ele>7.4</ele>
            </trkpt>
            <trkpt lat="-27.006527" lon="-48.625247">
                <ele>7.5</ele>
            </trkpt>
            <trkpt lat="-27.006523" lon="-48.62525">
                <ele>7.6</ele>
            </trkpt>
            <trkpt lat="-27.00652" lon="-48.625252">
                <ele>7.8</ele>
            </trkpt>
            <trkpt lat="-27.006515" lon="-48.625252">
                <ele>7.8</ele>
            </trkpt>
            <trkpt lat="-27.006515" lon="-48.625253">
                <ele>7.8</ele>
            </trkpt>
            <trkpt lat="-27.006518" lon="-48.625257">
                <ele>7.9</ele>
            </trkpt>
            <trkpt lat="-27.006518" lon="-48.625257">
                <ele>7.9</ele>
            </trkpt>
            <trkpt lat="-27.006518" lon="-48.625257">
                <ele>7.9</ele>
            </trkpt>
            <trkpt lat="-27.006518" lon="-48.625257">
                <ele>7.9</ele>
            </trkpt>
            <trkpt lat="-27.006518" lon="-48.625257">
                <ele>7.9</ele>
            </trkpt>
            <trkpt lat="-27.006518" lon="-48.625257">
                <ele>7.9</ele>
            </trkpt>
            <trkpt lat="-27.006518" lon="-48.625257">
                <ele>7.9</ele>
            </trkpt>
            <trkpt lat="-27.006518" lon="-48.625257">
                <ele>7.9</ele>
            </trkpt>
            <trkpt lat="-27.006518" lon="-48.625257">
                <ele>7.9</ele>
            </trkpt>
            <trkpt lat="-27.006518" lon="-48.625257">
                <ele>7.9</ele>
            </trkpt>
            <trkpt lat="-27.006518" lon="-48.625257">
                <ele>7.9</ele>
            </trkpt>
            <trkpt lat="-27.006518" lon="-48.625257">
                <ele>7.9</ele>
            </trkpt>
            <trkpt lat="-27.006518" lon="-48.625257">
                <ele>7.9</ele>
            </trkpt>
            <trkpt lat="-27.006518" lon="-48.625257">
                <ele>7.9</ele>
            </trkpt>
            <trkpt lat="-27.006518" lon="-48.625257">
                <ele>7.9</ele>
            </trkpt>
            <trkpt lat="-27.006518" lon="-48.625257">
                <ele>7.9</ele>
            </trkpt>
            <trkpt lat="-27.006518" lon="-48.625257">
                <ele>7.9</ele>
            </trkpt>
            <trkpt lat="-27.006518" lon="-48.625257">
                <ele>7.9</ele>
            </trkpt>
            <trkpt lat="-27.006518" lon="-48.625257">
                <ele>7.9</ele>
            </trkpt>
            <trkpt lat="-27.006518" lon="-48.625257">
                <ele>7.9</ele>
            </trkpt>
            <trkpt lat="-27.006518" lon="-48.625257">
                <ele>7.9</ele>
            </trkpt>
            <trkpt lat="-27.006518" lon="-48.625257">
                <ele>7.9</ele>
            </trkpt>
            <trkpt lat="-27.006518" lon="-48.625257">
                <ele>7.9</ele>
            </trkpt>
            <trkpt lat="-27.006518" lon="-48.625257">
                <ele>7.9</ele>
            </trkpt>
            <trkpt lat="-27.006518" lon="-48.625257">
                <ele>7.9</ele>
            </trkpt>
            <trkpt lat="-27.006518" lon="-48.625257">
                <ele>7.9</ele>
            </trkpt>
            <trkpt lat="-27.006518" lon="-48.625257">
                <ele>7.9</ele>
            </trkpt>
            <trkpt lat="-27.006518" lon="-48.625257">
                <ele>7.9</ele>
            </trkpt>
            <trkpt lat="-27.006518" lon="-48.625257">
                <ele>7.9</ele>
            </trkpt>
            <trkpt lat="-27.006518" lon="-48.625257">
                <ele>7.9</ele>
            </trkpt>
            <trkpt lat="-27.006518" lon="-48.625257">
                <ele>7.9</ele>
            </trkpt>
            <trkpt lat="-27.006518" lon="-48.625257">
                <ele>7.9</ele>
            </trkpt>
            <trkpt lat="-27.006518" lon="-48.625257">
                <ele>7.9</ele>
            </trkpt>
            <trkpt lat="-27.006518" lon="-48.625257">
                <ele>7.9</ele>
            </trkpt>
            <trkpt lat="-27.006518" lon="-48.625257">
                <ele>7.9</ele>
            </trkpt>
            <trkpt lat="-27.006518" lon="-48.625257">
                <ele>7.9</ele>
            </trkpt>
            <trkpt lat="-27.006518" lon="-48.625257">
                <ele>7.9</ele>
            </trkpt>
            <trkpt lat="-27.006518" lon="-48.625257">
                <ele>7.9</ele>
            </trkpt>
            <trkpt lat="-27.006518" lon="-48.625257">
                <ele>7.9</ele>
            </trkpt>
            <trkpt lat="-27.006518" lon="-48.625257">
                <ele>7.9</ele>
            </trkpt>
            <trkpt lat="-27.006518" lon="-48.625257">
                <ele>7.9</ele>
            </trkpt>
            <trkpt lat="-27.006518" lon="-48.625257">
                <ele>7.9</ele>
            </trkpt>
            <trkpt lat="-27.006518" lon="-48.625257">
                <ele>7.9</ele>
            </trkpt>
            <trkpt lat="-27.006518" lon="-48.625257">
                <ele>7.9</ele>
            </trkpt>
            <trkpt lat="-27.006518" lon="-48.625257">
                <ele>7.9</ele>
            </trkpt>
            <trkpt lat="-27.006518" lon="-48.625257">
                <ele>7.9</ele>
            </trkpt>
            <trkpt lat="-27.006518" lon="-48.625257">
                <ele>7.9</ele>
            </trkpt>
            <trkpt lat="-27.006518" lon="-48.625257">
                <ele>7.9</ele>
            </trkpt>
            <trkpt lat="-27.006518" lon="-48.625257">
                <ele>7.9</ele>
            </trkpt>
            <trkpt lat="-27.006518" lon="-48.625257">
                <ele>7.9</ele>
            </trkpt>
            <trkpt lat="-27.006518" lon="-48.625257">
                <ele>7.9</ele>
            </trkpt>
            <trkpt lat="-27.006518" lon="-48.625257">
                <ele>7.9</ele>
            </trkpt>
            <trkpt lat="-27.006518" lon="-48.625257">
                <ele>7.9</ele>
            </trkpt>
            <trkpt lat="-27.006518" lon="-48.625257">
                <ele>7.9</ele>
            </trkpt>
            <trkpt lat="-27.006518" lon="-48.625257">
                <ele>7.9</ele>
            </trkpt>
            <trkpt lat="-27.006518" lon="-48.625257">
                <ele>7.9</ele>
            </trkpt>
            <trkpt lat="-27.006518" lon="-48.625257">
                <ele>7.9</ele>
            </trkpt>
            <trkpt lat="-27.006518" lon="-48.625257">
                <ele>7.9</ele>
            </trkpt>
            <trkpt lat="-27.006518" lon="-48.625257">
                <ele>7.9</ele>
            </trkpt>
            <trkpt lat="-27.006518" lon="-48.625257">
                <ele>7.9</ele>
            </trkpt>
            <trkpt lat="-27.006518" lon="-48.625257">
                <ele>7.9</ele>
            </trkpt>
            <trkpt lat="-27.006518" lon="-48.625257">
                <ele>7.9</ele>
            </trkpt>
            <trkpt lat="-27.006518" lon="-48.625257">
                <ele>7.9</ele>
            </trkpt>
            <trkpt lat="-27.006518" lon="-48.625257">
                <ele>7.9</ele>
            </trkpt>
            <trkpt lat="-27.006518" lon="-48.625257">
                <ele>7.9</ele>
            </trkpt>
            <trkpt lat="-27.006518" lon="-48.625257">
                <ele>7.9</ele>
            </trkpt>
            <trkpt lat="-27.006518" lon="-48.625257">
                <ele>7.9</ele>
            </trkpt>
            <trkpt lat="-27.006518" lon="-48.625257">
                <ele>7.9</ele>
            </trkpt>
            <trkpt lat="-27.006518" lon="-48.625257">
                <ele>7.9</ele>
            </trkpt>
            <trkpt lat="-27.006518" lon="-48.625257">
                <ele>7.9</ele>
            </trkpt>
            <trkpt lat="-27.006518" lon="-48.625257">
                <ele>7.9</ele>
            </trkpt>
            <trkpt lat="-27.006518" lon="-48.625257">
                <ele>7.9</ele>
            </trkpt>
            <trkpt lat="-27.006518" lon="-48.625257">
                <ele>7.9</ele>
            </trkpt>
            <trkpt lat="-27.006518" lon="-48.625257">
                <ele>7.9</ele>
            </trkpt>
            <trkpt lat="-27.006518" lon="-48.625257">
                <ele>7.9</ele>
            </trkpt>
            <trkpt lat="-27.006518" lon="-48.625257">
                <ele>7.9</ele>
            </trkpt>
            <trkpt lat="-27.006518" lon="-48.625257">
                <ele>7.9</ele>
            </trkpt>
            <trkpt lat="-27.006518" lon="-48.625257">
                <ele>7.9</ele>
            </trkpt>
            <trkpt lat="-27.006518" lon="-48.625257">
                <ele>7.9</ele>
            </trkpt>
            <trkpt lat="-27.006518" lon="-48.625257">
                <ele>7.9</ele>
            </trkpt>
            <trkpt lat="-27.006518" lon="-48.625257">
                <ele>7.9</ele>
            </trkpt>
            <trkpt lat="-27.006518" lon="-48.625257">
                <ele>7.9</ele>
            </trkpt>
            <trkpt lat="-27.006518" lon="-48.625257">
                <ele>7.9</ele>
            </trkpt>
            <trkpt lat="-27.006518" lon="-48.625257">
                <ele>7.9</ele>
            </trkpt>
            <trkpt lat="-27.006518" lon="-48.625257">
                <ele>7.9</ele>
            </trkpt>
            <trkpt lat="-27.006518" lon="-48.625257">
                <ele>7.9</ele>
            </trkpt>
            <trkpt lat="-27.006518" lon="-48.625257">
                <ele>7.9</ele>
            </trkpt>
            <trkpt lat="-27.006518" lon="-48.625257">
                <ele>7.9</ele>
            </trkpt>
            <trkpt lat="-27.006518" lon="-48.625257">
                <ele>7.9</ele>
            </trkpt>
            <trkpt lat="-27.006518" lon="-48.625257">
                <ele>7.9</ele>
            </trkpt>
            <trkpt lat="-27.006518" lon="-48.625257">
                <ele>7.9</ele>
            </trkpt>
            <trkpt lat="-27.006518" lon="-48.625257">
                <ele>7.9</ele>
            </trkpt>
            <trkpt lat="-27.006518" lon="-48.625257">
                <ele>7.9</ele>
            </trkpt>
            <trkpt lat="-27.006518" lon="-48.625257">
                <ele>7.9</ele>
            </trkpt>
            <trkpt lat="-27.006518" lon="-48.625257">
                <ele>7.9</ele>
            </trkpt>
            <trkpt lat="-27.006518" lon="-48.625257">
                <ele>7.9</ele>
            </trkpt>
            <trkpt lat="-27.006518" lon="-48.625257">
                <ele>7.9</ele>
            </trkpt>
            <trkpt lat="-27.006518" lon="-48.625257">
                <ele>7.9</ele>
            </trkpt>
            <trkpt lat="-27.006518" lon="-48.625257">
                <ele>7.9</ele>
            </trkpt>
            <trkpt lat="-27.006518" lon="-48.625257">
                <ele>7.9</ele>
            </trkpt>
            <trkpt lat="-27.006518" lon="-48.625257">
                <ele>7.9</ele>
            </trkpt>
            <trkpt lat="-27.006518" lon="-48.625257">
                <ele>7.9</ele>
            </trkpt>
            <trkpt lat="-27.006518" lon="-48.625257">
                <ele>7.9</ele>
            </trkpt>
            <trkpt lat="-27.006518" lon="-48.625257">
                <ele>7.9</ele>
            </trkpt>
            <trkpt lat="-27.006518" lon="-48.625257">
                <ele>7.9</ele>
            </trkpt>
            <trkpt lat="-27.006518" lon="-48.625257">
                <ele>7.9</ele>
            </trkpt>
            <trkpt lat="-27.006518" lon="-48.625257">
                <ele>7.9</ele>
            </trkpt>
            <trkpt lat="-27.006518" lon="-48.625257">
                <ele>7.9</ele>
            </trkpt>
            <trkpt lat="-27.006518" lon="-48.625257">
                <ele>7.9</ele>
            </trkpt>
            <trkpt lat="-27.006518" lon="-48.625257">
                <ele>7.9</ele>
            </trkpt>
            <trkpt lat="-27.006518" lon="-48.625257">
                <ele>7.9</ele>
            </trkpt>
            <trkpt lat="-27.006518" lon="-48.625257">
                <ele>7.9</ele>
            </trkpt>
            <trkpt lat="-27.006518" lon="-48.625257">
                <ele>7.9</ele>
            </trkpt>
            <trkpt lat="-27.006518" lon="-48.625257">
                <ele>7.9</ele>
            </trkpt>
            <trkpt lat="-27.006518" lon="-48.625257">
                <ele>7.9</ele>
            </trkpt>
            <trkpt lat="-27.006518" lon="-48.625257">
                <ele>7.9</ele>
            </trkpt>
            <trkpt lat="-27.006518" lon="-48.625257">
                <ele>7.9</ele>
            </trkpt>
            <trkpt lat="-27.006518" lon="-48.625257">
                <ele>7.9</ele>
            </trkpt>
            <trkpt lat="-27.006518" lon="-48.625257">
                <ele>7.9</ele>
            </trkpt>
            <trkpt lat="-27.006518" lon="-48.625257">
                <ele>7.9</ele>
            </trkpt>
            <trkpt lat="-27.006518" lon="-48.625257">
                <ele>7.9</ele>
            </trkpt>
            <trkpt lat="-27.006518" lon="-48.625257">
                <ele>7.9</ele>
            </trkpt>
            <trkpt lat="-27.006518" lon="-48.625257">
                <ele>7.9</ele>
            </trkpt>
            <trkpt lat="-27.006518" lon="-48.625257">
                <ele>7.9</ele>
            </trkpt>
            <trkpt lat="-27.006518" lon="-48.625257">
                <ele>7.9</ele>
            </trkpt>
            <trkpt lat="-27.006518" lon="-48.625257">
                <ele>7.9</ele>
            </trkpt>
            <trkpt lat="-27.006518" lon="-48.625257">
                <ele>7.9</ele>
            </trkpt>
            <trkpt lat="-27.006518" lon="-48.625257">
                <ele>7.9</ele>
            </trkpt>
            <trkpt lat="-27.006518" lon="-48.625257">
                <ele>7.9</ele>
            </trkpt>
            <trkpt lat="-27.006518" lon="-48.625257">
                <ele>7.9</ele>
            </trkpt>
            <trkpt lat="-27.006518" lon="-48.625257">
                <ele>7.9</ele>
            </trkpt>
            <trkpt lat="-27.006518" lon="-48.625257">
                <ele>7.9</ele>
            </trkpt>
            <trkpt lat="-27.006518" lon="-48.625257">
                <ele>7.9</ele>
            </trkpt>
            <trkpt lat="-27.006518" lon="-48.625257">
                <ele>7.9</ele>
            </trkpt>
            <trkpt lat="-27.006518" lon="-48.625257">
                <ele>7.9</ele>
            </trkpt>
            <trkpt lat="-27.006518" lon="-48.625257">
                <ele>7.9</ele>
            </trkpt>
            <trkpt lat="-27.006518" lon="-48.625257">
                <ele>7.9</ele>
            </trkpt>
            <trkpt lat="-27.006518" lon="-48.625257">
                <ele>7.9</ele>
            </trkpt>
            <trkpt lat="-27.006518" lon="-48.625257">
                <ele>7.9</ele>
            </trkpt>
            <trkpt lat="-27.006518" lon="-48.625257">
                <ele>7.9</ele>
            </trkpt>
            <trkpt lat="-27.006518" lon="-48.625257">
                <ele>7.9</ele>
            </trkpt>
            <trkpt lat="-27.006518" lon="-48.625257">
                <ele>7.9</ele>
            </trkpt>
            <trkpt lat="-27.006518" lon="-48.625257">
                <ele>7.9</ele>
            </trkpt>
            <trkpt lat="-27.006518" lon="-48.625257">
                <ele>7.9</ele>
            </trkpt>
            <trkpt lat="-27.006518" lon="-48.625257">
                <ele>7.9</ele>
            </trkpt>
            <trkpt lat="-27.006518" lon="-48.625257">
                <ele>7.9</ele>
            </trkpt>
            <trkpt lat="-27.006518" lon="-48.625257">
                <ele>7.9</ele>
            </trkpt>
            <trkpt lat="-27.006518" lon="-48.625257">
                <ele>7.9</ele>
            </trkpt>
            <trkpt lat="-27.006518" lon="-48.625257">
                <ele>7.9</ele>
            </trkpt>
            <trkpt lat="-27.006518" lon="-48.625257">
                <ele>7.9</ele>
            </trkpt>
            <trkpt lat="-27.006518" lon="-48.625257">
                <ele>7.9</ele>
            </trkpt>
            <trkpt lat="-27.006518" lon="-48.625257">
                <ele>7.9</ele>
            </trkpt>
            <trkpt lat="-27.006518" lon="-48.625257">
                <ele>7.9</ele>
            </trkpt>
            <trkpt lat="-27.006518" lon="-48.625257">
                <ele>7.9</ele>
            </trkpt>
            <trkpt lat="-27.006518" lon="-48.625257">
                <ele>7.9</ele>
            </trkpt>
            <trkpt lat="-27.006518" lon="-48.625257">
                <ele>7.9</ele>
            </trkpt>
            <trkpt lat="-27.006518" lon="-48.625257">
                <ele>7.9</ele>
            </trkpt>
            <trkpt lat="-27.006518" lon="-48.625257">
                <ele>7.9</ele>
            </trkpt>
            <trkpt lat="-27.006518" lon="-48.625257">
                <ele>7.9</ele>
            </trkpt>
            <trkpt lat="-27.006518" lon="-48.625257">
                <ele>7.9</ele>
            </trkpt>
            <trkpt lat="-27.006518" lon="-48.625257">
                <ele>7.9</ele>
            </trkpt>
            <trkpt lat="-27.006518" lon="-48.625257">
                <ele>7.9</ele>
            </trkpt>
            <trkpt lat="-27.006518" lon="-48.625257">
                <ele>7.9</ele>
            </trkpt>
            <trkpt lat="-27.006518" lon="-48.625257">
                <ele>7.9</ele>
            </trkpt>
            <trkpt lat="-27.006518" lon="-48.625257">
                <ele>7.9</ele>
            </trkpt>
            <trkpt lat="-27.006518" lon="-48.625257">
                <ele>7.9</ele>
            </trkpt>
            <trkpt lat="-27.006518" lon="-48.625257">
                <ele>7.9</ele>
            </trkpt>
            <trkpt lat="-27.006518" lon="-48.625257">
                <ele>7.9</ele>
            </trkpt>
            <trkpt lat="-27.006518" lon="-48.625257">
                <ele>7.9</ele>
            </trkpt>
            <trkpt lat="-27.006518" lon="-48.625257">
                <ele>7.9</ele>
            </trkpt>
            <trkpt lat="-27.006518" lon="-48.625257">
                <ele>7.9</ele>
            </trkpt>
            <trkpt lat="-27.006518" lon="-48.625257">
                <ele>7.9</ele>
            </trkpt>
            <trkpt lat="-27.006518" lon="-48.625257">
                <ele>7.9</ele>
            </trkpt>
            <trkpt lat="-27.006518" lon="-48.625257">
                <ele>7.9</ele>
            </trkpt>
            <trkpt lat="-27.006518" lon="-48.625257">
                <ele>7.9</ele>
            </trkpt>
            <trkpt lat="-27.006518" lon="-48.625257">
                <ele>7.9</ele>
            </trkpt>
            <trkpt lat="-27.006518" lon="-48.625257">
                <ele>7.9</ele>
            </trkpt>
            <trkpt lat="-27.006518" lon="-48.625257">
                <ele>7.9</ele>
            </trkpt>
            <trkpt lat="-27.006518" lon="-48.625257">
                <ele>7.9</ele>
            </trkpt>
            <trkpt lat="-27.006518" lon="-48.625257">
                <ele>7.9</ele>
            </trkpt>
            <trkpt lat="-27.006518" lon="-48.625257">
                <ele>7.9</ele>
            </trkpt>
            <trkpt lat="-27.006518" lon="-48.625257">
                <ele>7.9</ele>
            </trkpt>
            <trkpt lat="-27.006518" lon="-48.625257">
                <ele>7.9</ele>
            </trkpt>
            <trkpt lat="-27.006518" lon="-48.625257">
                <ele>7.9</ele>
            </trkpt>
            <trkpt lat="-27.006518" lon="-48.625257">
                <ele>7.9</ele>
            </trkpt>
            <trkpt lat="-27.006518" lon="-48.625257">
                <ele>7.9</ele>
            </trkpt>
            <trkpt lat="-27.006518" lon="-48.625257">
                <ele>7.9</ele>
            </trkpt>
            <trkpt lat="-27.006518" lon="-48.625257">
                <ele>7.9</ele>
            </trkpt>
            <trkpt lat="-27.006518" lon="-48.625257">
                <ele>7.9</ele>
            </trkpt>
            <trkpt lat="-27.006518" lon="-48.625257">
                <ele>7.9</ele>
            </trkpt>
            <trkpt lat="-27.006518" lon="-48.625257">
                <ele>7.9</ele>
            </trkpt>
            <trkpt lat="-27.006518" lon="-48.625257">
                <ele>7.9</ele>
            </trkpt>
            <trkpt lat="-27.006518" lon="-48.625257">
                <ele>7.9</ele>
            </trkpt>
            <trkpt lat="-27.006518" lon="-48.625257">
                <ele>7.9</ele>
            </trkpt>
            <trkpt lat="-27.006518" lon="-48.625257">
                <ele>7.9</ele>
            </trkpt>
            <trkpt lat="-27.006518" lon="-48.625257">
                <ele>7.9</ele>
            </trkpt>
            <trkpt lat="-27.006518" lon="-48.625257">
                <ele>7.9</ele>
            </trkpt>
            <trkpt lat="-27.006518" lon="-48.625257">
                <ele>7.9</ele>
            </trkpt>
            <trkpt lat="-27.006518" lon="-48.625257">
                <ele>7.9</ele>
            </trkpt>
            <trkpt lat="-27.006518" lon="-48.625257">
                <ele>7.9</ele>
            </trkpt>
            <trkpt lat="-27.006518" lon="-48.625257">
                <ele>7.9</ele>
            </trkpt>
            <trkpt lat="-27.006518" lon="-48.625257">
                <ele>7.9</ele>
            </trkpt>
            <trkpt lat="-27.006518" lon="-48.625257">
                <ele>7.9</ele>
            </trkpt>
            <trkpt lat="-27.006518" lon="-48.625257">
                <ele>7.9</ele>
            </trkpt>
            <trkpt lat="-27.006518" lon="-48.625257">
                <ele>7.9</ele>
            </trkpt>
            <trkpt lat="-27.006518" lon="-48.625257">
                <ele>7.9</ele>
            </trkpt>
            <trkpt lat="-27.006518" lon="-48.625257">
                <ele>7.9</ele>
            </trkpt>
            <trkpt lat="-27.006518" lon="-48.625257">
                <ele>7.9</ele>
            </trkpt>
            <trkpt lat="-27.006518" lon="-48.625257">
                <ele>7.9</ele>
            </trkpt>
            <trkpt lat="-27.006518" lon="-48.625257">
                <ele>7.9</ele>
            </trkpt>
            <trkpt lat="-27.006518" lon="-48.625257">
                <ele>7.9</ele>
            </trkpt>
            <trkpt lat="-27.006518" lon="-48.625257">
                <ele>7.9</ele>
            </trkpt>
            <trkpt lat="-27.006518" lon="-48.625257">
                <ele>7.9</ele>
            </trkpt>
            <trkpt lat="-27.006518" lon="-48.625257">
                <ele>7.9</ele>
            </trkpt>
            <trkpt lat="-27.006518" lon="-48.625257">
                <ele>7.9</ele>
            </trkpt>
            <trkpt lat="-27.006518" lon="-48.625257">
                <ele>7.9</ele>
            </trkpt>
            <trkpt lat="-27.006518" lon="-48.625257">
                <ele>7.9</ele>
            </trkpt>
            <trkpt lat="-27.006518" lon="-48.625257">
                <ele>7.9</ele>
            </trkpt>
            <trkpt lat="-27.006518" lon="-48.625257">
                <ele>7.9</ele>
            </trkpt>
            <trkpt lat="-27.006518" lon="-48.625257">
                <ele>7.9</ele>
            </trkpt>
            <trkpt lat="-27.006518" lon="-48.625257">
                <ele>7.9</ele>
            </trkpt>
            <trkpt lat="-27.006518" lon="-48.625257">
                <ele>7.9</ele>
            </trkpt>
            <trkpt lat="-27.006518" lon="-48.625257">
                <ele>7.9</ele>
            </trkpt>
            <trkpt lat="-27.006518" lon="-48.625257">
                <ele>7.9</ele>
            </trkpt>
            <trkpt lat="-27.006518" lon="-48.625257">
                <ele>7.9</ele>
            </trkpt>
            <trkpt lat="-27.006518" lon="-48.625257">
                <ele>7.9</ele>
            </trkpt>
            <trkpt lat="-27.006518" lon="-48.625257">
                <ele>7.9</ele>
            </trkpt>
            <trkpt lat="-27.006518" lon="-48.625257">
                <ele>7.9</ele>
            </trkpt>
            <trkpt lat="-27.006518" lon="-48.625257">
                <ele>7.9</ele>
            </trkpt>
            <trkpt lat="-27.006518" lon="-48.625257">
                <ele>7.9</ele>
            </trkpt>
            <trkpt lat="-27.006518" lon="-48.625257">
                <ele>7.9</ele>
            </trkpt>
            <trkpt lat="-27.006518" lon="-48.625257">
                <ele>7.9</ele>
            </trkpt>
            <trkpt lat="-27.006518" lon="-48.625257">
                <ele>7.9</ele>
            </trkpt>
            <trkpt lat="-27.006518" lon="-48.625257">
                <ele>7.9</ele>
            </trkpt>
            <trkpt lat="-27.006518" lon="-48.625257">
                <ele>7.9</ele>
            </trkpt>
            <trkpt lat="-27.006518" lon="-48.625257">
                <ele>7.9</ele>
            </trkpt>
            <trkpt lat="-27.006518" lon="-48.625257">
                <ele>7.9</ele>
            </trkpt>
            <trkpt lat="-27.006518" lon="-48.625257">
                <ele>7.9</ele>
            </trkpt>
            <trkpt lat="-27.006518" lon="-48.625257">
                <ele>7.9</ele>
            </trkpt>
            <trkpt lat="-27.006518" lon="-48.625257">
                <ele>7.9</ele>
            </trkpt>
            <trkpt lat="-27.006518" lon="-48.625257">
                <ele>7.9</ele>
            </trkpt>
            <trkpt lat="-27.006518" lon="-48.625257">
                <ele>7.9</ele>
            </trkpt>
            <trkpt lat="-27.006518" lon="-48.625257">
                <ele>7.9</ele>
            </trkpt>
            <trkpt lat="-27.006518" lon="-48.625257">
                <ele>7.9</ele>
            </trkpt>
            <trkpt lat="-27.006518" lon="-48.625257">
                <ele>7.9</ele>
            </trkpt>
            <trkpt lat="-27.006518" lon="-48.625257">
                <ele>7.9</ele>
            </trkpt>
            <trkpt lat="-27.006518" lon="-48.625257">
                <ele>7.9</ele>
            </trkpt>
            <trkpt lat="-27.006518" lon="-48.625257">
                <ele>7.9</ele>
            </trkpt>
            <trkpt lat="-27.006518" lon="-48.625257">
                <ele>7.9</ele>
            </trkpt>
            <trkpt lat="-27.006518" lon="-48.625257">
                <ele>7.9</ele>
            </trkpt>
            <trkpt lat="-27.006518" lon="-48.625257">
                <ele>7.9</ele>
            </trkpt>
            <trkpt lat="-27.006518" lon="-48.625257">
                <ele>7.9</ele>
            </trkpt>
            <trkpt lat="-27.006518" lon="-48.625257">
                <ele>7.9</ele>
            </trkpt>
            <trkpt lat="-27.006518" lon="-48.625257">
                <ele>7.9</ele>
            </trkpt>
            <trkpt lat="-27.006518" lon="-48.625257">
                <ele>7.9</ele>
            </trkpt>
            <trkpt lat="-27.006518" lon="-48.625257">
                <ele>7.9</ele>
            </trkpt>
            <trkpt lat="-27.006518" lon="-48.625257">
                <ele>7.9</ele>
            </trkpt>
            <trkpt lat="-27.006518" lon="-48.625257">
                <ele>7.9</ele>
            </trkpt>
            <trkpt lat="-27.006518" lon="-48.625257">
                <ele>7.9</ele>
            </trkpt>
            <trkpt lat="-27.006518" lon="-48.625257">
                <ele>7.9</ele>
            </trkpt>
            <trkpt lat="-27.006518" lon="-48.625257">
                <ele>7.9</ele>
            </trkpt>
            <trkpt lat="-27.006518" lon="-48.625257">
                <ele>7.9</ele>
            </trkpt>
            <trkpt lat="-27.006518" lon="-48.625257">
                <ele>7.9</ele>
            </trkpt>
            <trkpt lat="-27.006518" lon="-48.625257">
                <ele>7.9</ele>
            </trkpt>
            <trkpt lat="-27.006518" lon="-48.625257">
                <ele>7.9</ele>
            </trkpt>
            <trkpt lat="-27.006518" lon="-48.625257">
                <ele>7.9</ele>
            </trkpt>
            <trkpt lat="-27.006518" lon="-48.625257">
                <ele>7.9</ele>
            </trkpt>
            <trkpt lat="-27.006518" lon="-48.625257">
                <ele>7.9</ele>
            </trkpt>
            <trkpt lat="-27.006518" lon="-48.625257">
                <ele>7.9</ele>
            </trkpt>
            <trkpt lat="-27.006518" lon="-48.625257">
                <ele>7.9</ele>
            </trkpt>
            <trkpt lat="-27.006518" lon="-48.625257">
                <ele>7.9</ele>
            </trkpt>
            <trkpt lat="-27.006518" lon="-48.625257">
                <ele>7.9</ele>
            </trkpt>
            <trkpt lat="-27.006518" lon="-48.625257">
                <ele>7.9</ele>
            </trkpt>
            <trkpt lat="-27.006518" lon="-48.625257">
                <ele>7.9</ele>
            </trkpt>
            <trkpt lat="-27.006507" lon="-48.625267">
                <ele>11.4</ele>
            </trkpt>
            <trkpt lat="-27.006498" lon="-48.625267">
                <ele>11</ele>
            </trkpt>
            <trkpt lat="-27.00649" lon="-48.625263">
                <ele>10.7</ele>
            </trkpt>
            <trkpt lat="-27.006485" lon="-48.625262">
                <ele>10.6</ele>
            </trkpt>
            <trkpt lat="-27.006488" lon="-48.62526">
                <ele>10.8</ele>
            </trkpt>
            <trkpt lat="-27.006492" lon="-48.625257">
                <ele>10.8</ele>
            </trkpt>
            <trkpt lat="-27.006492" lon="-48.625257">
                <ele>10.8</ele>
            </trkpt>
            <trkpt lat="-27.006492" lon="-48.625257">
                <ele>10.8</ele>
            </trkpt>
            <trkpt lat="-27.006492" lon="-48.625257">
                <ele>10.8</ele>
            </trkpt>
            <trkpt lat="-27.006492" lon="-48.625257">
                <ele>10.8</ele>
            </trkpt>
            <trkpt lat="-27.006492" lon="-48.625257">
                <ele>10.8</ele>
            </trkpt>
            <trkpt lat="-27.006492" lon="-48.625257">
                <ele>10.8</ele>
            </trkpt>
            <trkpt lat="-27.006492" lon="-48.625257">
                <ele>10.8</ele>
            </trkpt>
            <trkpt lat="-27.006492" lon="-48.625257">
                <ele>10.8</ele>
            </trkpt>
            <trkpt lat="-27.006492" lon="-48.625263">
                <ele>11.1</ele>
            </trkpt>
            <trkpt lat="-27.006488" lon="-48.625267">
                <ele>11.2</ele>
            </trkpt>
            <trkpt lat="-27.006487" lon="-48.625268">
                <ele>11.4</ele>
            </trkpt>
            <trkpt lat="-27.006483" lon="-48.625267">
                <ele>11.5</ele>
            </trkpt>
            <trkpt lat="-27.006483" lon="-48.625267">
                <ele>11.5</ele>
            </trkpt>
            <trkpt lat="-27.006483" lon="-48.625267">
                <ele>11.5</ele>
            </trkpt>
            <trkpt lat="-27.006483" lon="-48.625267">
                <ele>11.5</ele>
            </trkpt>
            <trkpt lat="-27.006483" lon="-48.625267">
                <ele>11.5</ele>
            </trkpt>
            <trkpt lat="-27.006483" lon="-48.625267">
                <ele>11.5</ele>
            </trkpt>
            <trkpt lat="-27.006483" lon="-48.625267">
                <ele>11.5</ele>
            </trkpt>
            <trkpt lat="-27.006483" lon="-48.625267">
                <ele>11.5</ele>
            </trkpt>
            <trkpt lat="-27.006483" lon="-48.625267">
                <ele>11.5</ele>
            </trkpt>
            <trkpt lat="-27.006483" lon="-48.625267">
                <ele>11.5</ele>
            </trkpt>
            <trkpt lat="-27.006483" lon="-48.625267">
                <ele>11.5</ele>
            </trkpt>
            <trkpt lat="-27.006483" lon="-48.625267">
                <ele>11.5</ele>
            </trkpt>
            <trkpt lat="-27.006483" lon="-48.625267">
                <ele>11.5</ele>
            </trkpt>
            <trkpt lat="-27.006483" lon="-48.625267">
                <ele>11.5</ele>
            </trkpt>
            <trkpt lat="-27.006483" lon="-48.625267">
                <ele>11.5</ele>
            </trkpt>
            <trkpt lat="-27.006483" lon="-48.625267">
                <ele>11.5</ele>
            </trkpt>
            <trkpt lat="-27.006483" lon="-48.625267">
                <ele>11.5</ele>
            </trkpt>
            <trkpt lat="-27.006483" lon="-48.625267">
                <ele>11.5</ele>
            </trkpt>
            <trkpt lat="-27.006483" lon="-48.625267">
                <ele>11.5</ele>
            </trkpt>
            <trkpt lat="-27.006483" lon="-48.625267">
                <ele>11.5</ele>
            </trkpt>
            <trkpt lat="-27.006483" lon="-48.625267">
                <ele>11.5</ele>
            </trkpt>
            <trkpt lat="-27.006483" lon="-48.625267">
                <ele>11.5</ele>
            </trkpt>
            <trkpt lat="-27.006483" lon="-48.625267">
                <ele>11.5</ele>
            </trkpt>
            <trkpt lat="-27.006482" lon="-48.625255">
                <ele>8.4</ele>
            </trkpt>
            <trkpt lat="-27.006483" lon="-48.625252">
                <ele>8.4</ele>
            </trkpt>
            <trkpt lat="-27.006487" lon="-48.625253">
                <ele>8.5</ele>
            </trkpt>
            <trkpt lat="-27.00649" lon="-48.625255">
                <ele>8.5</ele>
            </trkpt>
            <trkpt lat="-27.00649" lon="-48.625255">
                <ele>8.5</ele>
            </trkpt>
            <trkpt lat="-27.00649" lon="-48.625255">
                <ele>8.5</ele>
            </trkpt>
            <trkpt lat="-27.00649" lon="-48.625255">
                <ele>8.5</ele>
            </trkpt>
            <trkpt lat="-27.00649" lon="-48.625255">
                <ele>8.5</ele>
            </trkpt>
            <trkpt lat="-27.00649" lon="-48.625255">
                <ele>8.5</ele>
            </trkpt>
            <trkpt lat="-27.00649" lon="-48.625255">
                <ele>8.5</ele>
            </trkpt>
            <trkpt lat="-27.00649" lon="-48.625255">
                <ele>8.5</ele>
            </trkpt>
            <trkpt lat="-27.00649" lon="-48.625255">
                <ele>8.5</ele>
            </trkpt>
            <trkpt lat="-27.00649" lon="-48.625255">
                <ele>8.5</ele>
            </trkpt>
            <trkpt lat="-27.00649" lon="-48.625255">
                <ele>8.5</ele>
            </trkpt>
            <trkpt lat="-27.00649" lon="-48.625255">
                <ele>8.5</ele>
            </trkpt>
            <trkpt lat="-27.00649" lon="-48.625255">
                <ele>8.5</ele>
            </trkpt>
            <trkpt lat="-27.00649" lon="-48.625255">
                <ele>8.5</ele>
            </trkpt>
            <trkpt lat="-27.00649" lon="-48.625255">
                <ele>8.5</ele>
            </trkpt>
            <trkpt lat="-27.00649" lon="-48.625255">
                <ele>8.5</ele>
            </trkpt>
            <trkpt lat="-27.00649" lon="-48.625255">
                <ele>8.5</ele>
            </trkpt>
            <trkpt lat="-27.00649" lon="-48.625255">
                <ele>8.5</ele>
            </trkpt>
            <trkpt lat="-27.00649" lon="-48.625255">
                <ele>8.5</ele>
            </trkpt>
            <trkpt lat="-27.00649" lon="-48.625255">
                <ele>8.5</ele>
            </trkpt>
            <trkpt lat="-27.00649" lon="-48.625255">
                <ele>8.5</ele>
            </trkpt>
            <trkpt lat="-27.00649" lon="-48.625255">
                <ele>8.5</ele>
            </trkpt>
            <trkpt lat="-27.00649" lon="-48.625255">
                <ele>8.5</ele>
            </trkpt>
            <trkpt lat="-27.00649" lon="-48.625255">
                <ele>8.5</ele>
            </trkpt>
            <trkpt lat="-27.00649" lon="-48.625255">
                <ele>8.5</ele>
            </trkpt>
            <trkpt lat="-27.00649" lon="-48.625255">
                <ele>8.5</ele>
            </trkpt>
            <trkpt lat="-27.00649" lon="-48.625255">
                <ele>8.5</ele>
            </trkpt>
            <trkpt lat="-27.00649" lon="-48.625255">
                <ele>8.5</ele>
            </trkpt>
            <trkpt lat="-27.00649" lon="-48.625255">
                <ele>8.5</ele>
            </trkpt>
            <trkpt lat="-27.00649" lon="-48.625255">
                <ele>8.5</ele>
            </trkpt>
            <trkpt lat="-27.00649" lon="-48.625255">
                <ele>8.5</ele>
            </trkpt>
            <trkpt lat="-27.00649" lon="-48.625255">
                <ele>8.5</ele>
            </trkpt>
            <trkpt lat="-27.00649" lon="-48.625255">
                <ele>8.5</ele>
            </trkpt>
            <trkpt lat="-27.00649" lon="-48.625255">
                <ele>8.5</ele>
            </trkpt>
            <trkpt lat="-27.00649" lon="-48.625255">
                <ele>8.5</ele>
            </trkpt>
            <trkpt lat="-27.00649" lon="-48.625255">
                <ele>8.5</ele>
            </trkpt>
            <trkpt lat="-27.00649" lon="-48.625255">
                <ele>8.5</ele>
            </trkpt>
            <trkpt lat="-27.00649" lon="-48.625255">
                <ele>8.5</ele>
            </trkpt>
            <trkpt lat="-27.00649" lon="-48.625255">
                <ele>8.5</ele>
            </trkpt>
            <trkpt lat="-27.00649" lon="-48.625255">
                <ele>8.5</ele>
            </trkpt>
            <trkpt lat="-27.00649" lon="-48.625255">
                <ele>8.5</ele>
            </trkpt>
            <trkpt lat="-27.00649" lon="-48.625255">
                <ele>8.5</ele>
            </trkpt>
            <trkpt lat="-27.00649" lon="-48.625255">
                <ele>8.5</ele>
            </trkpt>
            <trkpt lat="-27.00649" lon="-48.625255">
                <ele>8.5</ele>
            </trkpt>
            <trkpt lat="-27.00649" lon="-48.625255">
                <ele>8.5</ele>
            </trkpt>
            <trkpt lat="-27.00649" lon="-48.625255">
                <ele>8.5</ele>
            </trkpt>
            <trkpt lat="-27.00649" lon="-48.625255">
                <ele>8.5</ele>
            </trkpt>
            <trkpt lat="-27.00649" lon="-48.625255">
                <ele>8.5</ele>
            </trkpt>
            <trkpt lat="-27.00649" lon="-48.625255">
                <ele>8.5</ele>
            </trkpt>
            <trkpt lat="-27.00649" lon="-48.625255">
                <ele>8.5</ele>
            </trkpt>
            <trkpt lat="-27.00649" lon="-48.625255">
                <ele>8.5</ele>
            </trkpt>
            <trkpt lat="-27.00649" lon="-48.625255">
                <ele>8.5</ele>
            </trkpt>
            <trkpt lat="-27.00649" lon="-48.625255">
                <ele>8.5</ele>
            </trkpt>
            <trkpt lat="-27.00649" lon="-48.625255">
                <ele>8.5</ele>
            </trkpt>
            <trkpt lat="-27.00649" lon="-48.625255">
                <ele>8.5</ele>
            </trkpt>
            <trkpt lat="-27.006482" lon="-48.62528">
                <ele>6.2</ele>
            </trkpt>
            <trkpt lat="-27.006477" lon="-48.625278">
                <ele>6.2</ele>
            </trkpt>
            <trkpt lat="-27.006475" lon="-48.62528">
                <ele>6.3</ele>
            </trkpt>
            <trkpt lat="-27.006475" lon="-48.625278">
                <ele>6.3</ele>
            </trkpt>
            <trkpt lat="-27.006475" lon="-48.625278">
                <ele>6.2</ele>
            </trkpt>
            <trkpt lat="-27.006475" lon="-48.625278">
                <ele>6.2</ele>
            </trkpt>
            <trkpt lat="-27.006475" lon="-48.625278">
                <ele>6.2</ele>
            </trkpt>
            <trkpt lat="-27.006475" lon="-48.625278">
                <ele>6.2</ele>
            </trkpt>
            <trkpt lat="-27.006475" lon="-48.625278">
                <ele>6.2</ele>
            </trkpt>
            <trkpt lat="-27.006475" lon="-48.625278">
                <ele>6.2</ele>
            </trkpt>
            <trkpt lat="-27.006475" lon="-48.625278">
                <ele>6.2</ele>
            </trkpt>
            <trkpt lat="-27.006475" lon="-48.625278">
                <ele>6.2</ele>
            </trkpt>
            <trkpt lat="-27.006475" lon="-48.625278">
                <ele>6.2</ele>
            </trkpt>
            <trkpt lat="-27.006475" lon="-48.625278">
                <ele>6.2</ele>
            </trkpt>
            <trkpt lat="-27.006475" lon="-48.625278">
                <ele>6.2</ele>
            </trkpt>
            <trkpt lat="-27.006475" lon="-48.625278">
                <ele>6.2</ele>
            </trkpt>
            <trkpt lat="-27.006475" lon="-48.625278">
                <ele>6.2</ele>
            </trkpt>
            <trkpt lat="-27.006475" lon="-48.625278">
                <ele>6.2</ele>
            </trkpt>
            <trkpt lat="-27.006475" lon="-48.625278">
                <ele>6.2</ele>
            </trkpt>
            <trkpt lat="-27.006475" lon="-48.625278">
                <ele>6.2</ele>
            </trkpt>
            <trkpt lat="-27.006475" lon="-48.625278">
                <ele>6.2</ele>
            </trkpt>
            <trkpt lat="-27.006475" lon="-48.625278">
                <ele>6.2</ele>
            </trkpt>
            <trkpt lat="-27.006475" lon="-48.625278">
                <ele>6.2</ele>
            </trkpt>
            <trkpt lat="-27.006475" lon="-48.625278">
                <ele>6.2</ele>
            </trkpt>
            <trkpt lat="-27.006475" lon="-48.625278">
                <ele>6.2</ele>
            </trkpt>
            <trkpt lat="-27.006475" lon="-48.625278">
                <ele>6.2</ele>
            </trkpt>
            <trkpt lat="-27.006475" lon="-48.625278">
                <ele>6.2</ele>
            </trkpt>
            <trkpt lat="-27.006475" lon="-48.625278">
                <ele>6.2</ele>
            </trkpt>
            <trkpt lat="-27.006475" lon="-48.625278">
                <ele>6.2</ele>
            </trkpt>
            <trkpt lat="-27.006475" lon="-48.625278">
                <ele>6.2</ele>
            </trkpt>
            <trkpt lat="-27.006475" lon="-48.625278">
                <ele>6.2</ele>
            </trkpt>
            <trkpt lat="-27.006475" lon="-48.625278">
                <ele>6.2</ele>
            </trkpt>
            <trkpt lat="-27.006475" lon="-48.625278">
                <ele>6.2</ele>
            </trkpt>
            <trkpt lat="-27.006475" lon="-48.625278">
                <ele>6.2</ele>
            </trkpt>
            <trkpt lat="-27.006475" lon="-48.625278">
                <ele>6.2</ele>
            </trkpt>
            <trkpt lat="-27.006475" lon="-48.625278">
                <ele>6.2</ele>
            </trkpt>
            <trkpt lat="-27.006475" lon="-48.625278">
                <ele>6.2</ele>
            </trkpt>
            <trkpt lat="-27.006475" lon="-48.625278">
                <ele>6.2</ele>
            </trkpt>
            <trkpt lat="-27.006502" lon="-48.62528">
                <ele>6.3</ele>
            </trkpt>
            <trkpt lat="-27.006503" lon="-48.625285">
                <ele>6.4</ele>
            </trkpt>
            <trkpt lat="-27.006512" lon="-48.625287">
                <ele>6.6</ele>
            </trkpt>
            <trkpt lat="-27.006517" lon="-48.625288">
                <ele>6.8</ele>
            </trkpt>
            <trkpt lat="-27.006525" lon="-48.6253">
                <ele>7.1</ele>
            </trkpt>
            <trkpt lat="-27.006525" lon="-48.625312">
                <ele>7.3</ele>
            </trkpt>
            <trkpt lat="-27.00653" lon="-48.625322">
                <ele>7.5</ele>
            </trkpt>
            <trkpt lat="-27.00653" lon="-48.625335">
                <ele>7.6</ele>
            </trkpt>
            <trkpt lat="-27.006537" lon="-48.625347">
                <ele>7.9</ele>
            </trkpt>
            <trkpt lat="-27.006538" lon="-48.62536">
                <ele>8.2</ele>
            </trkpt>
            <trkpt lat="-27.006532" lon="-48.62537">
                <ele>8.6</ele>
            </trkpt>
            <trkpt lat="-27.006527" lon="-48.625378">
                <ele>9.1</ele>
            </trkpt>
            <trkpt lat="-27.006525" lon="-48.625388">
                <ele>9.6</ele>
            </trkpt>
            <trkpt lat="-27.006523" lon="-48.625395">
                <ele>10.3</ele>
            </trkpt>
            <trkpt lat="-27.006522" lon="-48.625397">
                <ele>10.6</ele>
            </trkpt>
            <trkpt lat="-27.006518" lon="-48.625398">
                <ele>10.8</ele>
            </trkpt>
            <trkpt lat="-27.006517" lon="-48.625398">
                <ele>10.6</ele>
            </trkpt>
            <trkpt lat="-27.006518" lon="-48.625398">
                <ele>10.3</ele>
            </trkpt>
            <trkpt lat="-27.006523" lon="-48.625402">
                <ele>9.8</ele>
            </trkpt>
            <trkpt lat="-27.006525" lon="-48.62541">
                <ele>9.6</ele>
            </trkpt>
            <trkpt lat="-27.006523" lon="-48.625418">
                <ele>9.3</ele>
            </trkpt>
            <trkpt lat="-27.006518" lon="-48.625428">
                <ele>8.9</ele>
            </trkpt>
            <trkpt lat="-27.006522" lon="-48.625433">
                <ele>8.7</ele>
            </trkpt>
            <trkpt lat="-27.00653" lon="-48.625437">
                <ele>8.6</ele>
            </trkpt>
            <trkpt lat="-27.006542" lon="-48.625438">
                <ele>9.1</ele>
            </trkpt>
            <trkpt lat="-27.006548" lon="-48.625437">
                <ele>9.2</ele>
            </trkpt>
            <trkpt lat="-27.006553" lon="-48.625435">
                <ele>9.4</ele>
            </trkpt>
            <trkpt lat="-27.006553" lon="-48.625432">
                <ele>9.7</ele>
            </trkpt>
            <trkpt lat="-27.006553" lon="-48.625425">
                <ele>10.1</ele>
            </trkpt>
            <trkpt lat="-27.006545" lon="-48.625423">
                <ele>10.2</ele>
            </trkpt>
            <trkpt lat="-27.006538" lon="-48.625418">
                <ele>10.2</ele>
            </trkpt>
            <trkpt lat="-27.00653" lon="-48.625415">
                <ele>10.1</ele>
            </trkpt>
            <trkpt lat="-27.006527" lon="-48.625412">
                <ele>10.1</ele>
            </trkpt>
            <trkpt lat="-27.006522" lon="-48.62541">
                <ele>10.1</ele>
            </trkpt>
            <trkpt lat="-27.006517" lon="-48.625407">
                <ele>10.4</ele>
            </trkpt>
            <trkpt lat="-27.006515" lon="-48.625408">
                <ele>10.4</ele>
            </trkpt>
            <trkpt lat="-27.006512" lon="-48.625408">
                <ele>10.5</ele>
            </trkpt>
            <trkpt lat="-27.006512" lon="-48.62541">
                <ele>10.7</ele>
            </trkpt>
            <trkpt lat="-27.006512" lon="-48.625413">
                <ele>10.7</ele>
            </trkpt>
            <trkpt lat="-27.006513" lon="-48.625412">
                <ele>10.8</ele>
            </trkpt>
            <trkpt lat="-27.006513" lon="-48.625412">
                <ele>10.9</ele>
            </trkpt>
            <trkpt lat="-27.006513" lon="-48.625412">
                <ele>10.9</ele>
            </trkpt>
            <trkpt lat="-27.006513" lon="-48.625412">
                <ele>10.9</ele>
            </trkpt>
            <trkpt lat="-27.006513" lon="-48.625412">
                <ele>10.9</ele>
            </trkpt>
            <trkpt lat="-27.006513" lon="-48.625412">
                <ele>10.9</ele>
            </trkpt>
            <trkpt lat="-27.006513" lon="-48.625412">
                <ele>10.9</ele>
            </trkpt>
            <trkpt lat="-27.006507" lon="-48.6254">
                <ele>11.3</ele>
            </trkpt>
            <trkpt lat="-27.006505" lon="-48.625393">
                <ele>11.7</ele>
            </trkpt>
            <trkpt lat="-27.006505" lon="-48.625388">
                <ele>11.6</ele>
            </trkpt>
            <trkpt lat="-27.006502" lon="-48.625388">
                <ele>11.6</ele>
            </trkpt>
            <trkpt lat="-27.006498" lon="-48.625388">
                <ele>11.7</ele>
            </trkpt>
            <trkpt lat="-27.006493" lon="-48.625387">
                <ele>11.6</ele>
            </trkpt>
            <trkpt lat="-27.006493" lon="-48.625387">
                <ele>11.6</ele>
            </trkpt>
            <trkpt lat="-27.006493" lon="-48.625387">
                <ele>11.6</ele>
            </trkpt>
            <trkpt lat="-27.006493" lon="-48.625387">
                <ele>11.6</ele>
            </trkpt>
            <trkpt lat="-27.006493" lon="-48.625387">
                <ele>11.6</ele>
            </trkpt>
            <trkpt lat="-27.006493" lon="-48.625387">
                <ele>11.6</ele>
            </trkpt>
            <trkpt lat="-27.006493" lon="-48.625387">
                <ele>11.6</ele>
            </trkpt>
            <trkpt lat="-27.006493" lon="-48.625387">
                <ele>11.6</ele>
            </trkpt>
            <trkpt lat="-27.006493" lon="-48.625387">
                <ele>11.6</ele>
            </trkpt>
            <trkpt lat="-27.006493" lon="-48.625387">
                <ele>11.6</ele>
            </trkpt>
            <trkpt lat="-27.006493" lon="-48.625387">
                <ele>11.6</ele>
            </trkpt>
            <trkpt lat="-27.006493" lon="-48.625387">
                <ele>11.6</ele>
            </trkpt>
            <trkpt lat="-27.006493" lon="-48.625387">
                <ele>11.6</ele>
            </trkpt>
            <trkpt lat="-27.006493" lon="-48.625387">
                <ele>11.6</ele>
            </trkpt>
            <trkpt lat="-27.006493" lon="-48.625387">
                <ele>11.6</ele>
            </trkpt>
            <trkpt lat="-27.006493" lon="-48.625387">
                <ele>11.6</ele>
            </trkpt>
            <trkpt lat="-27.006493" lon="-48.625387">
                <ele>11.6</ele>
            </trkpt>
            <trkpt lat="-27.006493" lon="-48.625387">
                <ele>11.6</ele>
            </trkpt>
            <trkpt lat="-27.006493" lon="-48.625387">
                <ele>11.6</ele>
            </trkpt>
            <trkpt lat="-27.006493" lon="-48.625387">
                <ele>11.6</ele>
            </trkpt>
            <trkpt lat="-27.006493" lon="-48.625387">
                <ele>11.6</ele>
            </trkpt>
            <trkpt lat="-27.006493" lon="-48.625387">
                <ele>11.6</ele>
            </trkpt>
            <trkpt lat="-27.006493" lon="-48.625387">
                <ele>11.6</ele>
            </trkpt>
            <trkpt lat="-27.006493" lon="-48.625387">
                <ele>11.6</ele>
            </trkpt>
            <trkpt lat="-27.00649" lon="-48.625412">
                <ele>10.8</ele>
            </trkpt>
            <trkpt lat="-27.006498" lon="-48.625412">
                <ele>10.7</ele>
            </trkpt>
            <trkpt lat="-27.006508" lon="-48.62541">
                <ele>10.4</ele>
            </trkpt>
            <trkpt lat="-27.006517" lon="-48.625412">
                <ele>9.9</ele>
            </trkpt>
            <trkpt lat="-27.006522" lon="-48.625415">
                <ele>9.1</ele>
            </trkpt>
            <trkpt lat="-27.006522" lon="-48.625415">
                <ele>8.9</ele>
            </trkpt>
            <trkpt lat="-27.006523" lon="-48.625415">
                <ele>8.9</ele>
            </trkpt>
            <trkpt lat="-27.006522" lon="-48.625415">
                <ele>8.6</ele>
            </trkpt>
            <trkpt lat="-27.00652" lon="-48.625417">
                <ele>8.5</ele>
            </trkpt>
            <trkpt lat="-27.00652" lon="-48.62542">
                <ele>8.5</ele>
            </trkpt>
            <trkpt lat="-27.00652" lon="-48.625422">
                <ele>8.4</ele>
            </trkpt>
            <trkpt lat="-27.006518" lon="-48.625423">
                <ele>8.5</ele>
            </trkpt>
            <trkpt lat="-27.006512" lon="-48.625425">
                <ele>8.6</ele>
            </trkpt>
            <trkpt lat="-27.006507" lon="-48.625425">
                <ele>8.8</ele>
            </trkpt>
            <trkpt lat="-27.006502" lon="-48.625425">
                <ele>8.7</ele>
            </trkpt>
            <trkpt lat="-27.006497" lon="-48.625423">
                <ele>8.6</ele>
            </trkpt>
            <trkpt lat="-27.006492" lon="-48.625422">
                <ele>8.7</ele>
            </trkpt>
            <trkpt lat="-27.006492" lon="-48.625425">
                <ele>8.9</ele>
            </trkpt>
            <trkpt lat="-27.006493" lon="-48.625428">
                <ele>8.8</ele>
            </trkpt>
            <trkpt lat="-27.006493" lon="-48.625428">
                <ele>8.8</ele>
            </trkpt>
            <trkpt lat="-27.006493" lon="-48.625428">
                <ele>8.8</ele>
            </trkpt>
            <trkpt lat="-27.006493" lon="-48.625428">
                <ele>8.8</ele>
            </trkpt>
            <trkpt lat="-27.006493" lon="-48.625428">
                <ele>8.8</ele>
            </trkpt>
            <trkpt lat="-27.006493" lon="-48.625428">
                <ele>8.8</ele>
            </trkpt>
            <trkpt lat="-27.006493" lon="-48.625428">
                <ele>8.8</ele>
            </trkpt>
            <trkpt lat="-27.006493" lon="-48.625428">
                <ele>8.8</ele>
            </trkpt>
            <trkpt lat="-27.006493" lon="-48.625428">
                <ele>8.8</ele>
            </trkpt>
            <trkpt lat="-27.006493" lon="-48.625428">
                <ele>8.8</ele>
            </trkpt>
            <trkpt lat="-27.006493" lon="-48.625428">
                <ele>8.8</ele>
            </trkpt>
            <trkpt lat="-27.00651" lon="-48.625433">
                <ele>7.7</ele>
            </trkpt>
            <trkpt lat="-27.00652" lon="-48.625432">
                <ele>7.5</ele>
            </trkpt>
            <trkpt lat="-27.00653" lon="-48.625435">
                <ele>7.3</ele>
            </trkpt>
            <trkpt lat="-27.00654" lon="-48.625437">
                <ele>7</ele>
            </trkpt>
            <trkpt lat="-27.006547" lon="-48.625438">
                <ele>6.9</ele>
            </trkpt>
            <trkpt lat="-27.006552" lon="-48.625435">
                <ele>7</ele>
            </trkpt>
            <trkpt lat="-27.006552" lon="-48.625432">
                <ele>7.1</ele>
            </trkpt>
            <trkpt lat="-27.006545" lon="-48.62543">
                <ele>7.3</ele>
            </trkpt>
            <trkpt lat="-27.00654" lon="-48.62543">
                <ele>7.5</ele>
            </trkpt>
            <trkpt lat="-27.006537" lon="-48.62543">
                <ele>7.5</ele>
            </trkpt>
            <trkpt lat="-27.006533" lon="-48.62543">
                <ele>7.6</ele>
            </trkpt>
            <trkpt lat="-27.00653" lon="-48.625428">
                <ele>7.8</ele>
            </trkpt>
            <trkpt lat="-27.006533" lon="-48.625427">
                <ele>8</ele>
            </trkpt>
            <trkpt lat="-27.00654" lon="-48.625425">
                <ele>8</ele>
            </trkpt>
            <trkpt lat="-27.006545" lon="-48.625427">
                <ele>8</ele>
            </trkpt>
            <trkpt lat="-27.006548" lon="-48.625427">
                <ele>7.8</ele>
            </trkpt>
            <trkpt lat="-27.006548" lon="-48.625427">
                <ele>7.8</ele>
            </trkpt>
            <trkpt lat="-27.006548" lon="-48.625427">
                <ele>7.8</ele>
            </trkpt>
            <trkpt lat="-27.006548" lon="-48.625427">
                <ele>7.8</ele>
            </trkpt>
            <trkpt lat="-27.006543" lon="-48.62542">
                <ele>7</ele>
            </trkpt>
            <trkpt lat="-27.006537" lon="-48.625417">
                <ele>6.7</ele>
            </trkpt>
            <trkpt lat="-27.006528" lon="-48.625413">
                <ele>6.4</ele>
            </trkpt>
            <trkpt lat="-27.006517" lon="-48.625413">
                <ele>6.2</ele>
            </trkpt>
            <trkpt lat="-27.006507" lon="-48.62541">
                <ele>6.2</ele>
            </trkpt>
            <trkpt lat="-27.006498" lon="-48.625402">
                <ele>6.3</ele>
            </trkpt>
            <trkpt lat="-27.006492" lon="-48.625398">
                <ele>6.8</ele>
            </trkpt>
            <trkpt lat="-27.006488" lon="-48.625392">
                <ele>7</ele>
            </trkpt>
            <trkpt lat="-27.006485" lon="-48.625387">
                <ele>7.3</ele>
            </trkpt>
            <trkpt lat="-27.006485" lon="-48.625382">
                <ele>7.4</ele>
            </trkpt>
            <trkpt lat="-27.006485" lon="-48.625375">
                <ele>7.8</ele>
            </trkpt>
            <trkpt lat="-27.006485" lon="-48.625365">
                <ele>8.2</ele>
            </trkpt>
            <trkpt lat="-27.006488" lon="-48.625355">
                <ele>8.2</ele>
            </trkpt>
            <trkpt lat="-27.00649" lon="-48.625347">
                <ele>8.2</ele>
            </trkpt>
            <trkpt lat="-27.006495" lon="-48.625338">
                <ele>8.2</ele>
            </trkpt>
            <trkpt lat="-27.006497" lon="-48.625332">
                <ele>8.3</ele>
            </trkpt>
            <trkpt lat="-27.006498" lon="-48.62533">
                <ele>8.5</ele>
            </trkpt>
            <trkpt lat="-27.0065" lon="-48.625337">
                <ele>8.3</ele>
            </trkpt>
            <trkpt lat="-27.0065" lon="-48.625342">
                <ele>8.1</ele>
            </trkpt>
            <trkpt lat="-27.0065" lon="-48.625343">
                <ele>8</ele>
            </trkpt>
            <trkpt lat="-27.006498" lon="-48.625347">
                <ele>8.1</ele>
            </trkpt>
            <trkpt lat="-27.006497" lon="-48.625352">
                <ele>8.2</ele>
            </trkpt>
            <trkpt lat="-27.006497" lon="-48.625355">
                <ele>8.2</ele>
            </trkpt>
            <trkpt lat="-27.006498" lon="-48.625357">
                <ele>8.3</ele>
            </trkpt>
            <trkpt lat="-27.0065" lon="-48.625357">
                <ele>8.3</ele>
            </trkpt>
            <trkpt lat="-27.006502" lon="-48.625358">
                <ele>8.3</ele>
            </trkpt>
            <trkpt lat="-27.0065" lon="-48.625362">
                <ele>8.2</ele>
            </trkpt>
            <trkpt lat="-27.0065" lon="-48.625365">
                <ele>8.1</ele>
            </trkpt>
            <trkpt lat="-27.0065" lon="-48.625365">
                <ele>8.1</ele>
            </trkpt>
            <trkpt lat="-27.0065" lon="-48.625365">
                <ele>8.1</ele>
            </trkpt>
            <trkpt lat="-27.0065" lon="-48.625365">
                <ele>8.1</ele>
            </trkpt>
            <trkpt lat="-27.0065" lon="-48.625365">
                <ele>8.1</ele>
            </trkpt>
            <trkpt lat="-27.0065" lon="-48.625365">
                <ele>8.1</ele>
            </trkpt>
            <trkpt lat="-27.0065" lon="-48.625365">
                <ele>8.1</ele>
            </trkpt>
            <trkpt lat="-27.0065" lon="-48.625365">
                <ele>8.1</ele>
            </trkpt>
            <trkpt lat="-27.0065" lon="-48.625365">
                <ele>8.1</ele>
            </trkpt>
            <trkpt lat="-27.0065" lon="-48.625365">
                <ele>8.1</ele>
            </trkpt>
            <trkpt lat="-27.006497" lon="-48.625367">
                <ele>6.9</ele>
            </trkpt>
            <trkpt lat="-27.006503" lon="-48.625377">
                <ele>6.7</ele>
            </trkpt>
            <trkpt lat="-27.006508" lon="-48.625388">
                <ele>6.5</ele>
            </trkpt>
            <trkpt lat="-27.006512" lon="-48.625395">
                <ele>6.5</ele>
            </trkpt>
            <trkpt lat="-27.006515" lon="-48.6254">
                <ele>6.3</ele>
            </trkpt>
            <trkpt lat="-27.006518" lon="-48.6254">
                <ele>6.2</ele>
            </trkpt>
            <trkpt lat="-27.00652" lon="-48.6254">
                <ele>6.3</ele>
            </trkpt>
            <trkpt lat="-27.006522" lon="-48.6254">
                <ele>6.4</ele>
            </trkpt>
            <trkpt lat="-27.006528" lon="-48.625403">
                <ele>6.6</ele>
            </trkpt>
            <trkpt lat="-27.006535" lon="-48.62541">
                <ele>6.8</ele>
            </trkpt>
            <trkpt lat="-27.006538" lon="-48.625415">
                <ele>7</ele>
            </trkpt>
            <trkpt lat="-27.00655" lon="-48.625415">
                <ele>7.1</ele>
            </trkpt>
            <trkpt lat="-27.006558" lon="-48.625412">
                <ele>7.3</ele>
            </trkpt>
            <trkpt lat="-27.00656" lon="-48.62541">
                <ele>7.5</ele>
            </trkpt>
            <trkpt lat="-27.006562" lon="-48.625408">
                <ele>7.6</ele>
            </trkpt>
            <trkpt lat="-27.006563" lon="-48.625403">
                <ele>8</ele>
            </trkpt>
            <trkpt lat="-27.006563" lon="-48.625403">
                <ele>8</ele>
            </trkpt>
            <trkpt lat="-27.006563" lon="-48.625403">
                <ele>8</ele>
            </trkpt>
            <trkpt lat="-27.006563" lon="-48.625403">
                <ele>8</ele>
            </trkpt>
            <trkpt lat="-27.006563" lon="-48.625403">
                <ele>8</ele>
            </trkpt>
            <trkpt lat="-27.006563" lon="-48.625403">
                <ele>8</ele>
            </trkpt>
            <trkpt lat="-27.006563" lon="-48.625403">
                <ele>8</ele>
            </trkpt>
            <trkpt lat="-27.006563" lon="-48.625403">
                <ele>8</ele>
            </trkpt>
            <trkpt lat="-27.006563" lon="-48.625403">
                <ele>8</ele>
            </trkpt>
            <trkpt lat="-27.006563" lon="-48.625403">
                <ele>8</ele>
            </trkpt>
            <trkpt lat="-27.006563" lon="-48.625403">
                <ele>8</ele>
            </trkpt>
            <trkpt lat="-27.006563" lon="-48.625403">
                <ele>8</ele>
            </trkpt>
            <trkpt lat="-27.006563" lon="-48.625403">
                <ele>8</ele>
            </trkpt>
            <trkpt lat="-27.006563" lon="-48.625403">
                <ele>8</ele>
            </trkpt>
            <trkpt lat="-27.006563" lon="-48.625403">
                <ele>8</ele>
            </trkpt>
            <trkpt lat="-27.006563" lon="-48.625403">
                <ele>8</ele>
            </trkpt>
            <trkpt lat="-27.006563" lon="-48.625403">
                <ele>8</ele>
            </trkpt>
            <trkpt lat="-27.006563" lon="-48.625403">
                <ele>8</ele>
            </trkpt>
            <trkpt lat="-27.006563" lon="-48.625403">
                <ele>8</ele>
            </trkpt>
            <trkpt lat="-27.006563" lon="-48.625403">
                <ele>8</ele>
            </trkpt>
            <trkpt lat="-27.006563" lon="-48.625403">
                <ele>8</ele>
            </trkpt>
            <trkpt lat="-27.006563" lon="-48.625403">
                <ele>8</ele>
            </trkpt>
            <trkpt lat="-27.006563" lon="-48.625403">
                <ele>8</ele>
            </trkpt>
            <trkpt lat="-27.006563" lon="-48.625403">
                <ele>8</ele>
            </trkpt>
            <trkpt lat="-27.006563" lon="-48.625403">
                <ele>8</ele>
            </trkpt>
            <trkpt lat="-27.006563" lon="-48.625403">
                <ele>8</ele>
            </trkpt>
            <trkpt lat="-27.006563" lon="-48.625403">
                <ele>8</ele>
            </trkpt>
            <trkpt lat="-27.006563" lon="-48.625403">
                <ele>8</ele>
            </trkpt>
            <trkpt lat="-27.006563" lon="-48.625403">
                <ele>8</ele>
            </trkpt>
            <trkpt lat="-27.006563" lon="-48.625403">
                <ele>8</ele>
            </trkpt>
            <trkpt lat="-27.006563" lon="-48.625403">
                <ele>8</ele>
            </trkpt>
            <trkpt lat="-27.006563" lon="-48.625403">
                <ele>8</ele>
            </trkpt>
            <trkpt lat="-27.006563" lon="-48.625403">
                <ele>8</ele>
            </trkpt>
            <trkpt lat="-27.006563" lon="-48.625403">
                <ele>8</ele>
            </trkpt>
            <trkpt lat="-27.006563" lon="-48.625403">
                <ele>8</ele>
            </trkpt>
            <trkpt lat="-27.006563" lon="-48.625403">
                <ele>8</ele>
            </trkpt>
            <trkpt lat="-27.006563" lon="-48.625403">
                <ele>8</ele>
            </trkpt>
            <trkpt lat="-27.006563" lon="-48.625403">
                <ele>8</ele>
            </trkpt>
            <trkpt lat="-27.006563" lon="-48.625403">
                <ele>8</ele>
            </trkpt>
            <trkpt lat="-27.006563" lon="-48.625403">
                <ele>8</ele>
            </trkpt>
            <trkpt lat="-27.006563" lon="-48.625403">
                <ele>8</ele>
            </trkpt>
            <trkpt lat="-27.006563" lon="-48.625403">
                <ele>8</ele>
            </trkpt>
            <trkpt lat="-27.006563" lon="-48.625403">
                <ele>8</ele>
            </trkpt>
            <trkpt lat="-27.006563" lon="-48.625403">
                <ele>8</ele>
            </trkpt>
            <trkpt lat="-27.006563" lon="-48.625403">
                <ele>8</ele>
            </trkpt>
            <trkpt lat="-27.006563" lon="-48.625403">
                <ele>8</ele>
            </trkpt>
            <trkpt lat="-27.006563" lon="-48.625403">
                <ele>8</ele>
            </trkpt>
            <trkpt lat="-27.006563" lon="-48.625403">
                <ele>8</ele>
            </trkpt>
            <trkpt lat="-27.006563" lon="-48.625403">
                <ele>8</ele>
            </trkpt>
            <trkpt lat="-27.006563" lon="-48.625403">
                <ele>8</ele>
            </trkpt>
            <trkpt lat="-27.006563" lon="-48.625403">
                <ele>8</ele>
            </trkpt>
            <trkpt lat="-27.006563" lon="-48.625403">
                <ele>8</ele>
            </trkpt>
            <trkpt lat="-27.006563" lon="-48.625403">
                <ele>8</ele>
            </trkpt>
            <trkpt lat="-27.006563" lon="-48.625403">
                <ele>8</ele>
            </trkpt>
            <trkpt lat="-27.006563" lon="-48.625403">
                <ele>8</ele>
            </trkpt>
            <trkpt lat="-27.006563" lon="-48.625403">
                <ele>8</ele>
            </trkpt>
            <trkpt lat="-27.006563" lon="-48.625403">
                <ele>8</ele>
            </trkpt>
            <trkpt lat="-27.006563" lon="-48.625403">
                <ele>8</ele>
            </trkpt>
            <trkpt lat="-27.006563" lon="-48.625403">
                <ele>8</ele>
            </trkpt>
            <trkpt lat="-27.006563" lon="-48.625403">
                <ele>8</ele>
            </trkpt>
            <trkpt lat="-27.006563" lon="-48.625403">
                <ele>8</ele>
            </trkpt>
            <trkpt lat="-27.006563" lon="-48.625403">
                <ele>8</ele>
            </trkpt>
            <trkpt lat="-27.006563" lon="-48.625403">
                <ele>8</ele>
            </trkpt>
            <trkpt lat="-27.006563" lon="-48.625403">
                <ele>8</ele>
            </trkpt>
            <trkpt lat="-27.006563" lon="-48.625403">
                <ele>8</ele>
            </trkpt>
            <trkpt lat="-27.006563" lon="-48.625403">
                <ele>8</ele>
            </trkpt>
            <trkpt lat="-27.006563" lon="-48.625403">
                <ele>8</ele>
            </trkpt>
            <trkpt lat="-27.006563" lon="-48.625403">
                <ele>8</ele>
            </trkpt>
            <trkpt lat="-27.006563" lon="-48.625403">
                <ele>8</ele>
            </trkpt>
            <trkpt lat="-27.006563" lon="-48.625403">
                <ele>8</ele>
            </trkpt>
            <trkpt lat="-27.006563" lon="-48.625403">
                <ele>8</ele>
            </trkpt>
            <trkpt lat="-27.006563" lon="-48.625403">
                <ele>8</ele>
            </trkpt>
            <trkpt lat="-27.006525" lon="-48.625392">
                <ele>7.8</ele>
            </trkpt>
            <trkpt lat="-27.006517" lon="-48.625388">
                <ele>8.1</ele>
            </trkpt>
            <trkpt lat="-27.006507" lon="-48.625382">
                <ele>8.5</ele>
            </trkpt>
            <trkpt lat="-27.006502" lon="-48.62537">
                <ele>9.2</ele>
            </trkpt>
            <trkpt lat="-27.006502" lon="-48.625365">
                <ele>9.1</ele>
            </trkpt>
            <trkpt lat="-27.006502" lon="-48.625357">
                <ele>9.3</ele>
            </trkpt>
            <trkpt lat="-27.006503" lon="-48.625347">
                <ele>9.5</ele>
            </trkpt>
            <trkpt lat="-27.006507" lon="-48.62533">
                <ele>9.3</ele>
            </trkpt>
            <trkpt lat="-27.006512" lon="-48.625317">
                <ele>9.8</ele>
            </trkpt>
            <trkpt lat="-27.006517" lon="-48.625305">
                <ele>9.9</ele>
            </trkpt>
            <trkpt lat="-27.006523" lon="-48.625293">
                <ele>10.1</ele>
            </trkpt>
            <trkpt lat="-27.006523" lon="-48.625287">
                <ele>9.7</ele>
            </trkpt>
            <trkpt lat="-27.00652" lon="-48.625278">
                <ele>9.6</ele>
            </trkpt>
            <trkpt lat="-27.006518" lon="-48.625275">
                <ele>9.6</ele>
            </trkpt>
            <trkpt lat="-27.006517" lon="-48.62528">
                <ele>9.8</ele>
            </trkpt>
            <trkpt lat="-27.006525" lon="-48.625282">
                <ele>9.9</ele>
            </trkpt>
            <trkpt lat="-27.006528" lon="-48.625278">
                <ele>10.2</ele>
            </trkpt>
            <trkpt lat="-27.006535" lon="-48.625277">
                <ele>10.6</ele>
            </trkpt>
            <trkpt lat="-27.006538" lon="-48.625273">
                <ele>10.8</ele>
            </trkpt>
            <trkpt lat="-27.006538" lon="-48.625273">
                <ele>10.8</ele>
            </trkpt>
            <trkpt lat="-27.00654" lon="-48.625272">
                <ele>11.3</ele>
            </trkpt>
            <trkpt lat="-27.006537" lon="-48.62527">
                <ele>12.2</ele>
            </trkpt>
            <trkpt lat="-27.006538" lon="-48.625272">
                <ele>13.3</ele>
            </trkpt>
            <trkpt lat="-27.006525" lon="-48.625275">
                <ele>16.5</ele>
            </trkpt>
            <trkpt lat="-27.006525" lon="-48.625275">
                <ele>16.5</ele>
            </trkpt>
            <trkpt lat="-27.006525" lon="-48.625275">
                <ele>16.5</ele>
            </trkpt>
            <trkpt lat="-27.006525" lon="-48.625275">
                <ele>16.5</ele>
            </trkpt>
            <trkpt lat="-27.006525" lon="-48.625275">
                <ele>16.5</ele>
            </trkpt>
            <trkpt lat="-27.006525" lon="-48.625275">
                <ele>16.5</ele>
            </trkpt>
            <trkpt lat="-27.006525" lon="-48.625275">
                <ele>16.5</ele>
            </trkpt>
            <trkpt lat="-27.006525" lon="-48.625275">
                <ele>16.5</ele>
            </trkpt>
            <trkpt lat="-27.006525" lon="-48.625275">
                <ele>16.5</ele>
            </trkpt>
            <trkpt lat="-27.006525" lon="-48.625275">
                <ele>16.5</ele>
            </trkpt>
            <trkpt lat="-27.006525" lon="-48.625275">
                <ele>16.5</ele>
            </trkpt>
            <trkpt lat="-27.006525" lon="-48.625275">
                <ele>16.5</ele>
            </trkpt>
            <trkpt lat="-27.006525" lon="-48.625275">
                <ele>16.5</ele>
            </trkpt>
            <trkpt lat="-27.006525" lon="-48.625275">
                <ele>16.5</ele>
            </trkpt>
            <trkpt lat="-27.006525" lon="-48.625275">
                <ele>16.5</ele>
            </trkpt>
            <trkpt lat="-27.006525" lon="-48.625275">
                <ele>16.5</ele>
            </trkpt>
            <trkpt lat="-27.006525" lon="-48.625275">
                <ele>16.5</ele>
            </trkpt>
            <trkpt lat="-27.006525" lon="-48.625275">
                <ele>16.5</ele>
            </trkpt>
            <trkpt lat="-27.006525" lon="-48.625275">
                <ele>16.5</ele>
            </trkpt>
            <trkpt lat="-27.006525" lon="-48.625275">
                <ele>16.5</ele>
            </trkpt>
            <trkpt lat="-27.006525" lon="-48.625275">
                <ele>16.5</ele>
            </trkpt>
            <trkpt lat="-27.006525" lon="-48.625275">
                <ele>16.5</ele>
            </trkpt>
            <trkpt lat="-27.006525" lon="-48.625275">
                <ele>16.5</ele>
            </trkpt>
            <trkpt lat="-27.006525" lon="-48.625275">
                <ele>16.5</ele>
            </trkpt>
            <trkpt lat="-27.006525" lon="-48.625275">
                <ele>16.5</ele>
            </trkpt>
            <trkpt lat="-27.006525" lon="-48.625275">
                <ele>16.5</ele>
            </trkpt>
            <trkpt lat="-27.006525" lon="-48.625275">
                <ele>16.5</ele>
            </trkpt>
            <trkpt lat="-27.006525" lon="-48.625275">
                <ele>16.5</ele>
            </trkpt>
            <trkpt lat="-27.006525" lon="-48.625275">
                <ele>16.5</ele>
            </trkpt>
            <trkpt lat="-27.006525" lon="-48.625275">
                <ele>16.5</ele>
            </trkpt>
            <trkpt lat="-27.006525" lon="-48.625275">
                <ele>16.5</ele>
            </trkpt>
            <trkpt lat="-27.006525" lon="-48.625275">
                <ele>16.5</ele>
            </trkpt>
            <trkpt lat="-27.006525" lon="-48.625275">
                <ele>16.5</ele>
            </trkpt>
            <trkpt lat="-27.006525" lon="-48.625275">
                <ele>16.5</ele>
            </trkpt>
            <trkpt lat="-27.006525" lon="-48.625275">
                <ele>16.5</ele>
            </trkpt>
            <trkpt lat="-27.006525" lon="-48.625275">
                <ele>16.5</ele>
            </trkpt>
            <trkpt lat="-27.006525" lon="-48.625275">
                <ele>16.5</ele>
            </trkpt>
            <trkpt lat="-27.006525" lon="-48.625275">
                <ele>16.5</ele>
            </trkpt>
            <trkpt lat="-27.006525" lon="-48.625275">
                <ele>16.5</ele>
            </trkpt>
            <trkpt lat="-27.006525" lon="-48.625275">
                <ele>16.5</ele>
            </trkpt>
            <trkpt lat="-27.006525" lon="-48.625275">
                <ele>16.5</ele>
            </trkpt>
            <trkpt lat="-27.006525" lon="-48.625275">
                <ele>16.5</ele>
            </trkpt>
            <trkpt lat="-27.006525" lon="-48.625275">
                <ele>16.5</ele>
            </trkpt>
            <trkpt lat="-27.006525" lon="-48.625275">
                <ele>16.5</ele>
            </trkpt>
            <trkpt lat="-27.006525" lon="-48.625275">
                <ele>16.5</ele>
            </trkpt>
            <trkpt lat="-27.006525" lon="-48.625275">
                <ele>16.5</ele>
            </trkpt>
            <trkpt lat="-27.006525" lon="-48.625275">
                <ele>16.5</ele>
            </trkpt>
            <trkpt lat="-27.006525" lon="-48.625275">
                <ele>16.5</ele>
            </trkpt>
            <trkpt lat="-27.006525" lon="-48.625275">
                <ele>16.5</ele>
            </trkpt>
            <trkpt lat="-27.006525" lon="-48.625275">
                <ele>16.5</ele>
            </trkpt>
            <trkpt lat="-27.006525" lon="-48.625275">
                <ele>16.5</ele>
            </trkpt>
            <trkpt lat="-27.006525" lon="-48.625275">
                <ele>16.5</ele>
            </trkpt>
            <trkpt lat="-27.006525" lon="-48.625275">
                <ele>16.5</ele>
            </trkpt>
            <trkpt lat="-27.006525" lon="-48.625275">
                <ele>16.5</ele>
            </trkpt>
            <trkpt lat="-27.006525" lon="-48.625275">
                <ele>16.5</ele>
            </trkpt>
            <trkpt lat="-27.006525" lon="-48.625275">
                <ele>16.5</ele>
            </trkpt>
            <trkpt lat="-27.006525" lon="-48.625275">
                <ele>16.5</ele>
            </trkpt>
            <trkpt lat="-27.006525" lon="-48.625275">
                <ele>16.5</ele>
            </trkpt>
            <trkpt lat="-27.006525" lon="-48.625275">
                <ele>16.5</ele>
            </trkpt>
            <trkpt lat="-27.006525" lon="-48.625275">
                <ele>16.5</ele>
            </trkpt>
            <trkpt lat="-27.006525" lon="-48.625275">
                <ele>16.5</ele>
            </trkpt>
            <trkpt lat="-27.006525" lon="-48.625275">
                <ele>16.5</ele>
            </trkpt>
            <trkpt lat="-27.006525" lon="-48.625275">
                <ele>16.5</ele>
            </trkpt>
            <trkpt lat="-27.006525" lon="-48.625275">
                <ele>16.5</ele>
            </trkpt>
            <trkpt lat="-27.006525" lon="-48.625275">
                <ele>16.5</ele>
            </trkpt>
            <trkpt lat="-27.006525" lon="-48.625275">
                <ele>16.5</ele>
            </trkpt>
            <trkpt lat="-27.006525" lon="-48.625275">
                <ele>16.5</ele>
            </trkpt>
            <trkpt lat="-27.006527" lon="-48.625257">
                <ele>9.7</ele>
            </trkpt>
            <trkpt lat="-27.006532" lon="-48.625247">
                <ele>9.5</ele>
            </trkpt>
            <trkpt lat="-27.006532" lon="-48.62524">
                <ele>9.3</ele>
            </trkpt>
            <trkpt lat="-27.00653" lon="-48.625248">
                <ele>9.3</ele>
            </trkpt>
            <trkpt lat="-27.006535" lon="-48.62525">
                <ele>9.2</ele>
            </trkpt>
            <trkpt lat="-27.006533" lon="-48.625245">
                <ele>8.8</ele>
            </trkpt>
            <trkpt lat="-27.006533" lon="-48.625242">
                <ele>8.6</ele>
            </trkpt>
            <trkpt lat="-27.006533" lon="-48.625242">
                <ele>8.6</ele>
            </trkpt>
            <trkpt lat="-27.006533" lon="-48.625242">
                <ele>8.6</ele>
            </trkpt>
            <trkpt lat="-27.006533" lon="-48.625242">
                <ele>8.6</ele>
            </trkpt>
            <trkpt lat="-27.006533" lon="-48.625242">
                <ele>8.6</ele>
            </trkpt>
            <trkpt lat="-27.006533" lon="-48.625242">
                <ele>8.6</ele>
            </trkpt>
            <trkpt lat="-27.006533" lon="-48.625242">
                <ele>8.6</ele>
            </trkpt>
            <trkpt lat="-27.006533" lon="-48.625242">
                <ele>8.6</ele>
            </trkpt>
            <trkpt lat="-27.006533" lon="-48.625242">
                <ele>8.6</ele>
            </trkpt>
            <trkpt lat="-27.006533" lon="-48.625242">
                <ele>8.6</ele>
            </trkpt>
            <trkpt lat="-27.006533" lon="-48.625242">
                <ele>8.6</ele>
            </trkpt>
            <trkpt lat="-27.006533" lon="-48.625242">
                <ele>8.6</ele>
            </trkpt>
            <trkpt lat="-27.006533" lon="-48.625242">
                <ele>8.6</ele>
            </trkpt>
            <trkpt lat="-27.006533" lon="-48.625242">
                <ele>8.6</ele>
            </trkpt>
            <trkpt lat="-27.006533" lon="-48.625242">
                <ele>8.6</ele>
            </trkpt>
            <trkpt lat="-27.006533" lon="-48.625242">
                <ele>8.6</ele>
            </trkpt>
            <trkpt lat="-27.006533" lon="-48.625242">
                <ele>8.6</ele>
            </trkpt>
            <trkpt lat="-27.006533" lon="-48.625242">
                <ele>8.6</ele>
            </trkpt>
            <trkpt lat="-27.006533" lon="-48.625242">
                <ele>8.6</ele>
            </trkpt>
            <trkpt lat="-27.006533" lon="-48.625242">
                <ele>8.6</ele>
            </trkpt>
            <trkpt lat="-27.006533" lon="-48.625242">
                <ele>8.6</ele>
            </trkpt>
            <trkpt lat="-27.006533" lon="-48.625242">
                <ele>8.6</ele>
            </trkpt>
            <trkpt lat="-27.006533" lon="-48.625242">
                <ele>8.6</ele>
            </trkpt>
            <trkpt lat="-27.006533" lon="-48.625242">
                <ele>8.6</ele>
            </trkpt>
            <trkpt lat="-27.006533" lon="-48.625242">
                <ele>8.6</ele>
            </trkpt>
            <trkpt lat="-27.006533" lon="-48.625242">
                <ele>8.6</ele>
            </trkpt>
            <trkpt lat="-27.006533" lon="-48.625242">
                <ele>8.6</ele>
            </trkpt>
            <trkpt lat="-27.006533" lon="-48.625242">
                <ele>8.6</ele>
            </trkpt>
            <trkpt lat="-27.006533" lon="-48.625242">
                <ele>8.6</ele>
            </trkpt>
            <trkpt lat="-27.006533" lon="-48.625242">
                <ele>8.6</ele>
            </trkpt>
            <trkpt lat="-27.006533" lon="-48.625242">
                <ele>8.6</ele>
            </trkpt>
            <trkpt lat="-27.006533" lon="-48.625242">
                <ele>8.6</ele>
            </trkpt>
            <trkpt lat="-27.006533" lon="-48.625242">
                <ele>8.6</ele>
            </trkpt>
            <trkpt lat="-27.006533" lon="-48.625242">
                <ele>8.6</ele>
            </trkpt>
            <trkpt lat="-27.006533" lon="-48.625242">
                <ele>8.6</ele>
            </trkpt>
            <trkpt lat="-27.006533" lon="-48.625242">
                <ele>8.6</ele>
            </trkpt>
            <trkpt lat="-27.006533" lon="-48.625242">
                <ele>8.6</ele>
            </trkpt>
            <trkpt lat="-27.006533" lon="-48.625242">
                <ele>8.6</ele>
            </trkpt>
            <trkpt lat="-27.006533" lon="-48.625242">
                <ele>8.6</ele>
            </trkpt>
            <trkpt lat="-27.006533" lon="-48.625242">
                <ele>8.6</ele>
            </trkpt>
            <trkpt lat="-27.006533" lon="-48.625242">
                <ele>8.6</ele>
            </trkpt>
            <trkpt lat="-27.006533" lon="-48.625242">
                <ele>8.6</ele>
            </trkpt>
            <trkpt lat="-27.00651" lon="-48.625225">
                <ele>11.5</ele>
            </trkpt>
            <trkpt lat="-27.006505" lon="-48.62524">
                <ele>11.6</ele>
            </trkpt>
            <trkpt lat="-27.006502" lon="-48.625257">
                <ele>11.5</ele>
            </trkpt>
            <trkpt lat="-27.006498" lon="-48.625282">
                <ele>11.4</ele>
            </trkpt>
            <trkpt lat="-27.006493" lon="-48.625308">
                <ele>11.2</ele>
            </trkpt>
            <trkpt lat="-27.006487" lon="-48.625335">
                <ele>11.2</ele>
            </trkpt>
            <trkpt lat="-27.00648" lon="-48.625365">
                <ele>11.3</ele>
            </trkpt>
            <trkpt lat="-27.006475" lon="-48.625395">
                <ele>11.9</ele>
            </trkpt>
            <trkpt lat="-27.006472" lon="-48.625423">
                <ele>12.4</ele>
            </trkpt>
            <trkpt lat="-27.00647" lon="-48.625447">
                <ele>12.7</ele>
            </trkpt>
            <trkpt lat="-27.006467" lon="-48.625455">
                <ele>12.8</ele>
            </trkpt>
            <trkpt lat="-27.006467" lon="-48.62546">
                <ele>12.5</ele>
            </trkpt>
            <trkpt lat="-27.006465" lon="-48.62546">
                <ele>12.5</ele>
            </trkpt>
            <trkpt lat="-27.00646" lon="-48.62546">
                <ele>12.7</ele>
            </trkpt>
            <trkpt lat="-27.006462" lon="-48.625462">
                <ele>12.8</ele>
            </trkpt>
            <trkpt lat="-27.006447" lon="-48.625465">
                <ele>13.2</ele>
            </trkpt>
            <trkpt lat="-27.006437" lon="-48.625467">
                <ele>13.4</ele>
            </trkpt>
            <trkpt lat="-27.006438" lon="-48.625465">
                <ele>13.5</ele>
            </trkpt>
            <trkpt lat="-27.006442" lon="-48.625467">
                <ele>13.5</ele>
            </trkpt>
            <trkpt lat="-27.00645" lon="-48.625458">
                <ele>14.1</ele>
            </trkpt>
            <trkpt lat="-27.006452" lon="-48.625457">
                <ele>14.3</ele>
            </trkpt>
            <trkpt lat="-27.006452" lon="-48.625457">
                <ele>14.3</ele>
            </trkpt>
            <trkpt lat="-27.006452" lon="-48.625457">
                <ele>14.3</ele>
            </trkpt>
            <trkpt lat="-27.006452" lon="-48.625457">
                <ele>14.3</ele>
            </trkpt>
            <trkpt lat="-27.006452" lon="-48.625457">
                <ele>14.3</ele>
            </trkpt>
            <trkpt lat="-27.006452" lon="-48.625457">
                <ele>14.3</ele>
            </trkpt>
            <trkpt lat="-27.006452" lon="-48.625457">
                <ele>14.3</ele>
            </trkpt>
            <trkpt lat="-27.006452" lon="-48.625457">
                <ele>14.3</ele>
            </trkpt>
            <trkpt lat="-27.006452" lon="-48.625457">
                <ele>14.3</ele>
            </trkpt>
            <trkpt lat="-27.006452" lon="-48.625457">
                <ele>14.3</ele>
            </trkpt>
            <trkpt lat="-27.006452" lon="-48.625457">
                <ele>14.3</ele>
            </trkpt>
            <trkpt lat="-27.006452" lon="-48.625457">
                <ele>14.3</ele>
            </trkpt>
            <trkpt lat="-27.006452" lon="-48.625457">
                <ele>14.3</ele>
            </trkpt>
            <trkpt lat="-27.006452" lon="-48.625457">
                <ele>14.3</ele>
            </trkpt>
            <trkpt lat="-27.006452" lon="-48.625457">
                <ele>14.3</ele>
            </trkpt>
            <trkpt lat="-27.006452" lon="-48.625457">
                <ele>14.3</ele>
            </trkpt>
            <trkpt lat="-27.006452" lon="-48.625457">
                <ele>14.3</ele>
            </trkpt>
            <trkpt lat="-27.006452" lon="-48.625457">
                <ele>14.3</ele>
            </trkpt>
            <trkpt lat="-27.006452" lon="-48.625457">
                <ele>14.3</ele>
            </trkpt>
            <trkpt lat="-27.006452" lon="-48.625457">
                <ele>14.3</ele>
            </trkpt>
            <trkpt lat="-27.006452" lon="-48.625457">
                <ele>14.3</ele>
            </trkpt>
            <trkpt lat="-27.006452" lon="-48.625457">
                <ele>14.3</ele>
            </trkpt>
            <trkpt lat="-27.006452" lon="-48.625457">
                <ele>14.3</ele>
            </trkpt>
            <trkpt lat="-27.006452" lon="-48.625457">
                <ele>14.3</ele>
            </trkpt>
            <trkpt lat="-27.006452" lon="-48.625457">
                <ele>14.3</ele>
            </trkpt>
            <trkpt lat="-27.006452" lon="-48.625457">
                <ele>14.3</ele>
            </trkpt>
            <trkpt lat="-27.006452" lon="-48.625457">
                <ele>14.3</ele>
            </trkpt>
            <trkpt lat="-27.006452" lon="-48.625457">
                <ele>14.3</ele>
            </trkpt>
            <trkpt lat="-27.006452" lon="-48.625457">
                <ele>14.3</ele>
            </trkpt>
            <trkpt lat="-27.006452" lon="-48.625457">
                <ele>14.3</ele>
            </trkpt>
            <trkpt lat="-27.006452" lon="-48.625457">
                <ele>14.3</ele>
            </trkpt>
            <trkpt lat="-27.006452" lon="-48.625457">
                <ele>14.3</ele>
            </trkpt>
            <trkpt lat="-27.006452" lon="-48.625457">
                <ele>14.3</ele>
            </trkpt>
            <trkpt lat="-27.006452" lon="-48.625457">
                <ele>14.3</ele>
            </trkpt>
            <trkpt lat="-27.006452" lon="-48.625457">
                <ele>14.3</ele>
            </trkpt>
            <trkpt lat="-27.006463" lon="-48.625488">
                <ele>9.9</ele>
            </trkpt>
            <trkpt lat="-27.006465" lon="-48.6255">
                <ele>9.8</ele>
            </trkpt>
            <trkpt lat="-27.006465" lon="-48.625518">
                <ele>9.7</ele>
            </trkpt>
            <trkpt lat="-27.006463" lon="-48.625535">
                <ele>9.3</ele>
            </trkpt>
            <trkpt lat="-27.006462" lon="-48.625553">
                <ele>9.1</ele>
            </trkpt>
            <trkpt lat="-27.006458" lon="-48.625577">
                <ele>8.5</ele>
            </trkpt>
            <trkpt lat="-27.006458" lon="-48.625603">
                <ele>8.4</ele>
            </trkpt>
            <trkpt lat="-27.006453" lon="-48.62563">
                <ele>8.1</ele>
            </trkpt>
            <trkpt lat="-27.00645" lon="-48.625663">
                <ele>8</ele>
            </trkpt>
            <trkpt lat="-27.00645" lon="-48.62569">
                <ele>7.7</ele>
            </trkpt>
            <trkpt lat="-27.006445" lon="-48.625725">
                <ele>6.3</ele>
            </trkpt>
            <trkpt lat="-27.00644" lon="-48.625758">
                <ele>5</ele>
            </trkpt>
            <trkpt lat="-27.006432" lon="-48.625793">
                <ele>4.6</ele>
            </trkpt>
            <trkpt lat="-27.006428" lon="-48.625827">
                <ele>4.3</ele>
            </trkpt>
            <trkpt lat="-27.006423" lon="-48.62586">
                <ele>3.9</ele>
            </trkpt>
            <trkpt lat="-27.006417" lon="-48.625892">
                <ele>3.2</ele>
            </trkpt>
            <trkpt lat="-27.00641" lon="-48.625923">
                <ele>2.5</ele>
            </trkpt>
            <trkpt lat="-27.006403" lon="-48.625955">
                <ele>2.3</ele>
            </trkpt>
            <trkpt lat="-27.006398" lon="-48.625982">
                <ele>1.6</ele>
            </trkpt>
            <trkpt lat="-27.006393" lon="-48.626007">
                <ele>1.8</ele>
            </trkpt>
            <trkpt lat="-27.006387" lon="-48.626027">
                <ele>2.5</ele>
            </trkpt>
            <trkpt lat="-27.00638" lon="-48.626045">
                <ele>3.4</ele>
            </trkpt>
            <trkpt lat="-27.006373" lon="-48.62606">
                <ele>3.6</ele>
            </trkpt>
            <trkpt lat="-27.006373" lon="-48.626065">
                <ele>3.8</ele>
            </trkpt>
            <trkpt lat="-27.00637" lon="-48.626072">
                <ele>4.1</ele>
            </trkpt>
            <trkpt lat="-27.00637" lon="-48.626075">
                <ele>4.1</ele>
            </trkpt>
            <trkpt lat="-27.006368" lon="-48.626075">
                <ele>4.4</ele>
            </trkpt>
            <trkpt lat="-27.006367" lon="-48.626072">
                <ele>4.3</ele>
            </trkpt>
            <trkpt lat="-27.006367" lon="-48.626072">
                <ele>4.3</ele>
            </trkpt>
            <trkpt lat="-27.006368" lon="-48.626073">
                <ele>4.3</ele>
            </trkpt>
            <trkpt lat="-27.006368" lon="-48.626073">
                <ele>4.3</ele>
            </trkpt>
            <trkpt lat="-27.00637" lon="-48.626073">
                <ele>4.3</ele>
            </trkpt>
            <trkpt lat="-27.006372" lon="-48.626073">
                <ele>4.3</ele>
            </trkpt>
            <trkpt lat="-27.006373" lon="-48.626075">
                <ele>4.3</ele>
            </trkpt>
            <trkpt lat="-27.00637" lon="-48.626077">
                <ele>4.2</ele>
            </trkpt>
            <trkpt lat="-27.00637" lon="-48.626077">
                <ele>4.2</ele>
            </trkpt>
            <trkpt lat="-27.006373" lon="-48.626082">
                <ele>3.9</ele>
            </trkpt>
            <trkpt lat="-27.006373" lon="-48.626082">
                <ele>3.9</ele>
            </trkpt>
            <trkpt lat="-27.006372" lon="-48.626085">
                <ele>3.6</ele>
            </trkpt>
            <trkpt lat="-27.00637" lon="-48.626088">
                <ele>3.3</ele>
            </trkpt>
            <trkpt lat="-27.006367" lon="-48.626093">
                <ele>3.3</ele>
            </trkpt>
            <trkpt lat="-27.006363" lon="-48.626103">
                <ele>3.3</ele>
            </trkpt>
            <trkpt lat="-27.00636" lon="-48.626118">
                <ele>3.3</ele>
            </trkpt>
            <trkpt lat="-27.006357" lon="-48.626138">
                <ele>3.2</ele>
            </trkpt>
            <trkpt lat="-27.006353" lon="-48.62616">
                <ele>3.2</ele>
            </trkpt>
            <trkpt lat="-27.00635" lon="-48.626183">
                <ele>3.3</ele>
            </trkpt>
            <trkpt lat="-27.006347" lon="-48.626208">
                <ele>3.3</ele>
            </trkpt>
            <trkpt lat="-27.006343" lon="-48.626237">
                <ele>3</ele>
            </trkpt>
            <trkpt lat="-27.006338" lon="-48.626263">
                <ele>3.6</ele>
            </trkpt>
            <trkpt lat="-27.00633" lon="-48.626293">
                <ele>4.3</ele>
            </trkpt>
            <trkpt lat="-27.006327" lon="-48.626327">
                <ele>4.8</ele>
            </trkpt>
            <trkpt lat="-27.006317" lon="-48.626365">
                <ele>4.9</ele>
            </trkpt>
            <trkpt lat="-27.006308" lon="-48.6264">
                <ele>5.1</ele>
            </trkpt>
            <trkpt lat="-27.006303" lon="-48.626433">
                <ele>4.8</ele>
            </trkpt>
            <trkpt lat="-27.006298" lon="-48.626455">
                <ele>4.6</ele>
            </trkpt>
            <trkpt lat="-27.006293" lon="-48.62648">
                <ele>4.3</ele>
            </trkpt>
            <trkpt lat="-27.006288" lon="-48.626495">
                <ele>4.7</ele>
            </trkpt>
            <trkpt lat="-27.00629" lon="-48.626498">
                <ele>4.8</ele>
            </trkpt>
            <trkpt lat="-27.00629" lon="-48.626497">
                <ele>5.3</ele>
            </trkpt>
            <trkpt lat="-27.006292" lon="-48.626495">
                <ele>5.9</ele>
            </trkpt>
            <trkpt lat="-27.006293" lon="-48.626497">
                <ele>6.3</ele>
            </trkpt>
            <trkpt lat="-27.006292" lon="-48.626497">
                <ele>6.7</ele>
            </trkpt>
            <trkpt lat="-27.00629" lon="-48.626495">
                <ele>7</ele>
            </trkpt>
            <trkpt lat="-27.00629" lon="-48.626495">
                <ele>7</ele>
            </trkpt>
            <trkpt lat="-27.00629" lon="-48.626495">
                <ele>7.3</ele>
            </trkpt>
            <trkpt lat="-27.006288" lon="-48.626497">
                <ele>7.6</ele>
            </trkpt>
            <trkpt lat="-27.00629" lon="-48.626497">
                <ele>7.8</ele>
            </trkpt>
            <trkpt lat="-27.00629" lon="-48.626497">
                <ele>7.9</ele>
            </trkpt>
            <trkpt lat="-27.006293" lon="-48.626495">
                <ele>8</ele>
            </trkpt>
            <trkpt lat="-27.006293" lon="-48.626495">
                <ele>8</ele>
            </trkpt>
            <trkpt lat="-27.006293" lon="-48.626495">
                <ele>8</ele>
            </trkpt>
            <trkpt lat="-27.006293" lon="-48.626495">
                <ele>8</ele>
            </trkpt>
            <trkpt lat="-27.006293" lon="-48.626495">
                <ele>8</ele>
            </trkpt>
            <trkpt lat="-27.006293" lon="-48.626495">
                <ele>8</ele>
            </trkpt>
            <trkpt lat="-27.006293" lon="-48.626495">
                <ele>8</ele>
            </trkpt>
            <trkpt lat="-27.006293" lon="-48.626495">
                <ele>8</ele>
            </trkpt>
            <trkpt lat="-27.006293" lon="-48.626495">
                <ele>8</ele>
            </trkpt>
            <trkpt lat="-27.006293" lon="-48.626495">
                <ele>8</ele>
            </trkpt>
            <trkpt lat="-27.006293" lon="-48.626495">
                <ele>8</ele>
            </trkpt>
            <trkpt lat="-27.006293" lon="-48.626495">
                <ele>8</ele>
            </trkpt>
            <trkpt lat="-27.006293" lon="-48.626495">
                <ele>8</ele>
            </trkpt>
            <trkpt lat="-27.006293" lon="-48.626495">
                <ele>8</ele>
            </trkpt>
            <trkpt lat="-27.006293" lon="-48.626495">
                <ele>8</ele>
            </trkpt>
            <trkpt lat="-27.006293" lon="-48.626495">
                <ele>8</ele>
            </trkpt>
            <trkpt lat="-27.006293" lon="-48.626495">
                <ele>8</ele>
            </trkpt>
            <trkpt lat="-27.006293" lon="-48.626495">
                <ele>8</ele>
            </trkpt>
            <trkpt lat="-27.006293" lon="-48.626495">
                <ele>8</ele>
            </trkpt>
            <trkpt lat="-27.006293" lon="-48.626495">
                <ele>8</ele>
            </trkpt>
            <trkpt lat="-27.006293" lon="-48.626495">
                <ele>8</ele>
            </trkpt>
            <trkpt lat="-27.006293" lon="-48.626495">
                <ele>8</ele>
            </trkpt>
            <trkpt lat="-27.006293" lon="-48.626495">
                <ele>8</ele>
            </trkpt>
            <trkpt lat="-27.006293" lon="-48.626495">
                <ele>8</ele>
            </trkpt>
            <trkpt lat="-27.006293" lon="-48.626495">
                <ele>8</ele>
            </trkpt>
            <trkpt lat="-27.006293" lon="-48.626495">
                <ele>8</ele>
            </trkpt>
            <trkpt lat="-27.006293" lon="-48.626495">
                <ele>8</ele>
            </trkpt>
            <trkpt lat="-27.006293" lon="-48.626495">
                <ele>8</ele>
            </trkpt>
            <trkpt lat="-27.006293" lon="-48.626495">
                <ele>8</ele>
            </trkpt>
            <trkpt lat="-27.006293" lon="-48.626495">
                <ele>8</ele>
            </trkpt>
            <trkpt lat="-27.006293" lon="-48.626495">
                <ele>8</ele>
            </trkpt>
            <trkpt lat="-27.006293" lon="-48.626495">
                <ele>8</ele>
            </trkpt>
            <trkpt lat="-27.006293" lon="-48.626495">
                <ele>8</ele>
            </trkpt>
            <trkpt lat="-27.006293" lon="-48.626495">
                <ele>8</ele>
            </trkpt>
            <trkpt lat="-27.006293" lon="-48.626495">
                <ele>8</ele>
            </trkpt>
            <trkpt lat="-27.006293" lon="-48.626495">
                <ele>8</ele>
            </trkpt>
            <trkpt lat="-27.006293" lon="-48.626495">
                <ele>8</ele>
            </trkpt>
            <trkpt lat="-27.006293" lon="-48.626495">
                <ele>8</ele>
            </trkpt>
            <trkpt lat="-27.006293" lon="-48.626495">
                <ele>8</ele>
            </trkpt>
            <trkpt lat="-27.006293" lon="-48.626495">
                <ele>8</ele>
            </trkpt>
            <trkpt lat="-27.006293" lon="-48.626495">
                <ele>8</ele>
            </trkpt>
            <trkpt lat="-27.006293" lon="-48.626495">
                <ele>8</ele>
            </trkpt>
            <trkpt lat="-27.006293" lon="-48.626495">
                <ele>8</ele>
            </trkpt>
            <trkpt lat="-27.006293" lon="-48.626495">
                <ele>8</ele>
            </trkpt>
            <trkpt lat="-27.006293" lon="-48.626495">
                <ele>8</ele>
            </trkpt>
            <trkpt lat="-27.006293" lon="-48.626495">
                <ele>8</ele>
            </trkpt>
            <trkpt lat="-27.006293" lon="-48.626495">
                <ele>8</ele>
            </trkpt>
            <trkpt lat="-27.006293" lon="-48.626495">
                <ele>8</ele>
            </trkpt>
            <trkpt lat="-27.006293" lon="-48.626495">
                <ele>8</ele>
            </trkpt>
            <trkpt lat="-27.006293" lon="-48.626495">
                <ele>8</ele>
            </trkpt>
            <trkpt lat="-27.006293" lon="-48.626495">
                <ele>8</ele>
            </trkpt>
            <trkpt lat="-27.006293" lon="-48.626495">
                <ele>8</ele>
            </trkpt>
            <trkpt lat="-27.006293" lon="-48.626495">
                <ele>8</ele>
            </trkpt>
            <trkpt lat="-27.006293" lon="-48.626495">
                <ele>8</ele>
            </trkpt>
            <trkpt lat="-27.006293" lon="-48.626495">
                <ele>8</ele>
            </trkpt>
            <trkpt lat="-27.006293" lon="-48.626495">
                <ele>8</ele>
            </trkpt>
            <trkpt lat="-27.006293" lon="-48.626495">
                <ele>8</ele>
            </trkpt>
            <trkpt lat="-27.006293" lon="-48.626495">
                <ele>8</ele>
            </trkpt>
            <trkpt lat="-27.006293" lon="-48.626495">
                <ele>8</ele>
            </trkpt>
            <trkpt lat="-27.006293" lon="-48.626495">
                <ele>8</ele>
            </trkpt>
            <trkpt lat="-27.006293" lon="-48.626495">
                <ele>8</ele>
            </trkpt>
            <trkpt lat="-27.006293" lon="-48.626495">
                <ele>8</ele>
            </trkpt>
            <trkpt lat="-27.006293" lon="-48.626495">
                <ele>8</ele>
            </trkpt>
            <trkpt lat="-27.006293" lon="-48.626495">
                <ele>8</ele>
            </trkpt>
            <trkpt lat="-27.006293" lon="-48.626495">
                <ele>8</ele>
            </trkpt>
            <trkpt lat="-27.006293" lon="-48.626495">
                <ele>8</ele>
            </trkpt>
            <trkpt lat="-27.006293" lon="-48.626495">
                <ele>8</ele>
            </trkpt>
            <trkpt lat="-27.006285" lon="-48.626552">
                <ele>8.3</ele>
            </trkpt>
            <trkpt lat="-27.006282" lon="-48.626567">
                <ele>8.3</ele>
            </trkpt>
            <trkpt lat="-27.006277" lon="-48.62659">
                <ele>8.1</ele>
            </trkpt>
            <trkpt lat="-27.00627" lon="-48.62662">
                <ele>7.8</ele>
            </trkpt>
            <trkpt lat="-27.006267" lon="-48.62665">
                <ele>7.4</ele>
            </trkpt>
            <trkpt lat="-27.006262" lon="-48.626678">
                <ele>7</ele>
            </trkpt>
            <trkpt lat="-27.006263" lon="-48.62671">
                <ele>6.4</ele>
            </trkpt>
            <trkpt lat="-27.006258" lon="-48.626735">
                <ele>5.9</ele>
            </trkpt>
            <trkpt lat="-27.006252" lon="-48.626765">
                <ele>6</ele>
            </trkpt>
            <trkpt lat="-27.00625" lon="-48.626795">
                <ele>6.2</ele>
            </trkpt>
            <trkpt lat="-27.006248" lon="-48.626827">
                <ele>6.7</ele>
            </trkpt>
            <trkpt lat="-27.006247" lon="-48.626853">
                <ele>6.5</ele>
            </trkpt>
            <trkpt lat="-27.006242" lon="-48.626888">
                <ele>6.6</ele>
            </trkpt>
            <trkpt lat="-27.006235" lon="-48.626923">
                <ele>6.6</ele>
            </trkpt>
            <trkpt lat="-27.006232" lon="-48.626953">
                <ele>6.2</ele>
            </trkpt>
            <trkpt lat="-27.006228" lon="-48.626978">
                <ele>6.1</ele>
            </trkpt>
            <trkpt lat="-27.006223" lon="-48.627015">
                <ele>6.4</ele>
            </trkpt>
            <trkpt lat="-27.006212" lon="-48.627047">
                <ele>6.4</ele>
            </trkpt>
            <trkpt lat="-27.006207" lon="-48.627082">
                <ele>6.5</ele>
            </trkpt>
            <trkpt lat="-27.006198" lon="-48.627125">
                <ele>6</ele>
            </trkpt>
            <trkpt lat="-27.006192" lon="-48.627155">
                <ele>6</ele>
            </trkpt>
            <trkpt lat="-27.006183" lon="-48.627185">
                <ele>5.8</ele>
            </trkpt>
            <trkpt lat="-27.006175" lon="-48.627215">
                <ele>4.4</ele>
            </trkpt>
            <trkpt lat="-27.00617" lon="-48.627243">
                <ele>4</ele>
            </trkpt>
            <trkpt lat="-27.006162" lon="-48.627265">
                <ele>6.3</ele>
            </trkpt>
            <trkpt lat="-27.006158" lon="-48.627277">
                <ele>5.6</ele>
            </trkpt>
            <trkpt lat="-27.006155" lon="-48.627282">
                <ele>5.5</ele>
            </trkpt>
            <trkpt lat="-27.006155" lon="-48.627283">
                <ele>5.6</ele>
            </trkpt>
            <trkpt lat="-27.006155" lon="-48.627283">
                <ele>5.9</ele>
            </trkpt>
            <trkpt lat="-27.00616" lon="-48.62728">
                <ele>6</ele>
            </trkpt>
            <trkpt lat="-27.006162" lon="-48.627277">
                <ele>6.1</ele>
            </trkpt>
            <trkpt lat="-27.00616" lon="-48.627275">
                <ele>6.2</ele>
            </trkpt>
            <trkpt lat="-27.00616" lon="-48.627277">
                <ele>6.2</ele>
            </trkpt>
            <trkpt lat="-27.006157" lon="-48.627278">
                <ele>6.1</ele>
            </trkpt>
            <trkpt lat="-27.006157" lon="-48.627282">
                <ele>6.2</ele>
            </trkpt>
            <trkpt lat="-27.006158" lon="-48.62728">
                <ele>6.1</ele>
            </trkpt>
            <trkpt lat="-27.006158" lon="-48.62728">
                <ele>6.1</ele>
            </trkpt>
            <trkpt lat="-27.006158" lon="-48.62728">
                <ele>6.1</ele>
            </trkpt>
            <trkpt lat="-27.006158" lon="-48.62728">
                <ele>6.1</ele>
            </trkpt>
            <trkpt lat="-27.006158" lon="-48.62728">
                <ele>6.1</ele>
            </trkpt>
            <trkpt lat="-27.006158" lon="-48.62728">
                <ele>6.1</ele>
            </trkpt>
            <trkpt lat="-27.006158" lon="-48.62728">
                <ele>6.1</ele>
            </trkpt>
            <trkpt lat="-27.006158" lon="-48.62728">
                <ele>6.1</ele>
            </trkpt>
            <trkpt lat="-27.006158" lon="-48.62728">
                <ele>6.1</ele>
            </trkpt>
            <trkpt lat="-27.006158" lon="-48.62728">
                <ele>6.1</ele>
            </trkpt>
            <trkpt lat="-27.006158" lon="-48.62728">
                <ele>6.1</ele>
            </trkpt>
            <trkpt lat="-27.006158" lon="-48.62728">
                <ele>6.1</ele>
            </trkpt>
            <trkpt lat="-27.006158" lon="-48.62728">
                <ele>6.1</ele>
            </trkpt>
            <trkpt lat="-27.006158" lon="-48.62728">
                <ele>6.1</ele>
            </trkpt>
            <trkpt lat="-27.006158" lon="-48.62728">
                <ele>6.1</ele>
            </trkpt>
            <trkpt lat="-27.006158" lon="-48.62728">
                <ele>6.1</ele>
            </trkpt>
            <trkpt lat="-27.006158" lon="-48.62728">
                <ele>6.1</ele>
            </trkpt>
            <trkpt lat="-27.006158" lon="-48.62728">
                <ele>6.1</ele>
            </trkpt>
            <trkpt lat="-27.006158" lon="-48.62728">
                <ele>6.1</ele>
            </trkpt>
            <trkpt lat="-27.006158" lon="-48.62728">
                <ele>6.1</ele>
            </trkpt>
            <trkpt lat="-27.00616" lon="-48.627293">
                <ele>5.5</ele>
            </trkpt>
            <trkpt lat="-27.006158" lon="-48.6273">
                <ele>5.6</ele>
            </trkpt>
            <trkpt lat="-27.006157" lon="-48.627312">
                <ele>5.7</ele>
            </trkpt>
            <trkpt lat="-27.006155" lon="-48.62733">
                <ele>5.9</ele>
            </trkpt>
            <trkpt lat="-27.006152" lon="-48.627353">
                <ele>5.9</ele>
            </trkpt>
            <trkpt lat="-27.006152" lon="-48.627377">
                <ele>5.8</ele>
            </trkpt>
            <trkpt lat="-27.00615" lon="-48.627402">
                <ele>4.9</ele>
            </trkpt>
            <trkpt lat="-27.006145" lon="-48.627437">
                <ele>4.2</ele>
            </trkpt>
            <trkpt lat="-27.006142" lon="-48.62747">
                <ele>3.2</ele>
            </trkpt>
            <trkpt lat="-27.006147" lon="-48.627503">
                <ele>2.4</ele>
            </trkpt>
            <trkpt lat="-27.006147" lon="-48.627532">
                <ele>1.7</ele>
            </trkpt>
            <trkpt lat="-27.006147" lon="-48.627565">
                <ele>0.7</ele>
            </trkpt>
            <trkpt lat="-27.006143" lon="-48.627595">
                <ele>0.5</ele>
            </trkpt>
            <trkpt lat="-27.006138" lon="-48.627618">
                <ele>0.5</ele>
            </trkpt>
            <trkpt lat="-27.006128" lon="-48.627635">
                <ele>0.6</ele>
            </trkpt>
            <trkpt lat="-27.006122" lon="-48.62765">
                <ele>0.9</ele>
            </trkpt>
            <trkpt lat="-27.006115" lon="-48.62766">
                <ele>0.9</ele>
            </trkpt>
            <trkpt lat="-27.00611" lon="-48.627665">
                <ele>1.4</ele>
            </trkpt>
            <trkpt lat="-27.006108" lon="-48.627667">
                <ele>1.8</ele>
            </trkpt>
            <trkpt lat="-27.006107" lon="-48.627668">
                <ele>2.1</ele>
            </trkpt>
            <trkpt lat="-27.006107" lon="-48.627668">
                <ele>2.1</ele>
            </trkpt>
            <trkpt lat="-27.006105" lon="-48.627668">
                <ele>2.4</ele>
            </trkpt>
            <trkpt lat="-27.006105" lon="-48.627667">
                <ele>2.6</ele>
            </trkpt>
            <trkpt lat="-27.006103" lon="-48.62767">
                <ele>2.7</ele>
            </trkpt>
            <trkpt lat="-27.006103" lon="-48.627672">
                <ele>3.2</ele>
            </trkpt>
            <trkpt lat="-27.0061" lon="-48.627672">
                <ele>3.7</ele>
            </trkpt>
            <trkpt lat="-27.006095" lon="-48.627675">
                <ele>4.4</ele>
            </trkpt>
            <trkpt lat="-27.006093" lon="-48.627677">
                <ele>4.7</ele>
            </trkpt>
            <trkpt lat="-27.006093" lon="-48.627677">
                <ele>4.7</ele>
            </trkpt>
            <trkpt lat="-27.006093" lon="-48.627677">
                <ele>4.7</ele>
            </trkpt>
            <trkpt lat="-27.006093" lon="-48.627677">
                <ele>4.7</ele>
            </trkpt>
            <trkpt lat="-27.006093" lon="-48.627677">
                <ele>4.7</ele>
            </trkpt>
            <trkpt lat="-27.006093" lon="-48.627677">
                <ele>4.7</ele>
            </trkpt>
            <trkpt lat="-27.006093" lon="-48.627677">
                <ele>4.7</ele>
            </trkpt>
            <trkpt lat="-27.006093" lon="-48.627677">
                <ele>4.7</ele>
            </trkpt>
            <trkpt lat="-27.006093" lon="-48.627677">
                <ele>4.7</ele>
            </trkpt>
            <trkpt lat="-27.006093" lon="-48.627677">
                <ele>4.7</ele>
            </trkpt>
            <trkpt lat="-27.006093" lon="-48.627677">
                <ele>4.7</ele>
            </trkpt>
            <trkpt lat="-27.006093" lon="-48.627677">
                <ele>4.7</ele>
            </trkpt>
            <trkpt lat="-27.006093" lon="-48.627677">
                <ele>4.7</ele>
            </trkpt>
            <trkpt lat="-27.006093" lon="-48.627677">
                <ele>4.7</ele>
            </trkpt>
            <trkpt lat="-27.006093" lon="-48.627677">
                <ele>4.7</ele>
            </trkpt>
            <trkpt lat="-27.006093" lon="-48.627677">
                <ele>4.7</ele>
            </trkpt>
            <trkpt lat="-27.006093" lon="-48.627677">
                <ele>4.7</ele>
            </trkpt>
            <trkpt lat="-27.006093" lon="-48.627677">
                <ele>4.7</ele>
            </trkpt>
            <trkpt lat="-27.006093" lon="-48.627677">
                <ele>4.7</ele>
            </trkpt>
            <trkpt lat="-27.006093" lon="-48.627677">
                <ele>4.7</ele>
            </trkpt>
            <trkpt lat="-27.006093" lon="-48.627677">
                <ele>4.7</ele>
            </trkpt>
            <trkpt lat="-27.006093" lon="-48.627677">
                <ele>4.7</ele>
            </trkpt>
            <trkpt lat="-27.006093" lon="-48.627677">
                <ele>4.7</ele>
            </trkpt>
            <trkpt lat="-27.006093" lon="-48.627677">
                <ele>4.7</ele>
            </trkpt>
            <trkpt lat="-27.006093" lon="-48.627677">
                <ele>4.7</ele>
            </trkpt>
            <trkpt lat="-27.006093" lon="-48.627677">
                <ele>4.7</ele>
            </trkpt>
            <trkpt lat="-27.006073" lon="-48.627688">
                <ele>11.2</ele>
            </trkpt>
            <trkpt lat="-27.006075" lon="-48.6277">
                <ele>11.1</ele>
            </trkpt>
            <trkpt lat="-27.006073" lon="-48.627718">
                <ele>10.8</ele>
            </trkpt>
            <trkpt lat="-27.006063" lon="-48.627743">
                <ele>10.6</ele>
            </trkpt>
            <trkpt lat="-27.006063" lon="-48.627768">
                <ele>10.5</ele>
            </trkpt>
            <trkpt lat="-27.006063" lon="-48.627792">
                <ele>10.7</ele>
            </trkpt>
            <trkpt lat="-27.006063" lon="-48.627818">
                <ele>10.2</ele>
            </trkpt>
            <trkpt lat="-27.006062" lon="-48.627843">
                <ele>10.8</ele>
            </trkpt>
            <trkpt lat="-27.006057" lon="-48.627868">
                <ele>10.5</ele>
            </trkpt>
            <trkpt lat="-27.00605" lon="-48.627895">
                <ele>10.6</ele>
            </trkpt>
            <trkpt lat="-27.006048" lon="-48.627923">
                <ele>10.7</ele>
            </trkpt>
            <trkpt lat="-27.006042" lon="-48.627952">
                <ele>10.2</ele>
            </trkpt>
            <trkpt lat="-27.006033" lon="-48.627983">
                <ele>10.2</ele>
            </trkpt>
            <trkpt lat="-27.006028" lon="-48.628018">
                <ele>10.1</ele>
            </trkpt>
            <trkpt lat="-27.006023" lon="-48.628048">
                <ele>10.4</ele>
            </trkpt>
            <trkpt lat="-27.006018" lon="-48.628075">
                <ele>10.4</ele>
            </trkpt>
            <trkpt lat="-27.006012" lon="-48.628093">
                <ele>10.3</ele>
            </trkpt>
            <trkpt lat="-27.005998" lon="-48.628115">
                <ele>9.1</ele>
            </trkpt>
            <trkpt lat="-27.005992" lon="-48.628137">
                <ele>8.7</ele>
            </trkpt>
            <trkpt lat="-27.005983" lon="-48.628158">
                <ele>9.1</ele>
            </trkpt>
            <trkpt lat="-27.005978" lon="-48.62818">
                <ele>8.3</ele>
            </trkpt>
            <trkpt lat="-27.005977" lon="-48.628195">
                <ele>8.1</ele>
            </trkpt>
            <trkpt lat="-27.005975" lon="-48.628208">
                <ele>7.3</ele>
            </trkpt>
            <trkpt lat="-27.005975" lon="-48.628217">
                <ele>7.3</ele>
            </trkpt>
            <trkpt lat="-27.005977" lon="-48.628222">
                <ele>7.5</ele>
            </trkpt>
            <trkpt lat="-27.005977" lon="-48.628225">
                <ele>7.7</ele>
            </trkpt>
            <trkpt lat="-27.005978" lon="-48.628228">
                <ele>7.9</ele>
            </trkpt>
            <trkpt lat="-27.00598" lon="-48.62823">
                <ele>8</ele>
            </trkpt>
            <trkpt lat="-27.00598" lon="-48.62823">
                <ele>7.9</ele>
            </trkpt>
            <trkpt lat="-27.005982" lon="-48.628232">
                <ele>7.9</ele>
            </trkpt>
            <trkpt lat="-27.005982" lon="-48.628232">
                <ele>7.9</ele>
            </trkpt>
            <trkpt lat="-27.005983" lon="-48.628232">
                <ele>7.7</ele>
            </trkpt>
            <trkpt lat="-27.005983" lon="-48.628228">
                <ele>7.8</ele>
            </trkpt>
            <trkpt lat="-27.005985" lon="-48.628228">
                <ele>7.8</ele>
            </trkpt>
            <trkpt lat="-27.005988" lon="-48.628228">
                <ele>7.8</ele>
            </trkpt>
            <trkpt lat="-27.005988" lon="-48.628228">
                <ele>7.8</ele>
            </trkpt>
            <trkpt lat="-27.005988" lon="-48.628228">
                <ele>7.8</ele>
            </trkpt>
            <trkpt lat="-27.005988" lon="-48.628228">
                <ele>7.8</ele>
            </trkpt>
            <trkpt lat="-27.005988" lon="-48.628228">
                <ele>7.8</ele>
            </trkpt>
            <trkpt lat="-27.005988" lon="-48.628228">
                <ele>7.8</ele>
            </trkpt>
            <trkpt lat="-27.005988" lon="-48.628228">
                <ele>7.8</ele>
            </trkpt>
            <trkpt lat="-27.005988" lon="-48.628228">
                <ele>7.8</ele>
            </trkpt>
            <trkpt lat="-27.005988" lon="-48.628228">
                <ele>7.8</ele>
            </trkpt>
            <trkpt lat="-27.005988" lon="-48.628228">
                <ele>7.8</ele>
            </trkpt>
            <trkpt lat="-27.005988" lon="-48.628228">
                <ele>7.8</ele>
            </trkpt>
            <trkpt lat="-27.005988" lon="-48.628228">
                <ele>7.8</ele>
            </trkpt>
            <trkpt lat="-27.005988" lon="-48.628228">
                <ele>7.8</ele>
            </trkpt>
            <trkpt lat="-27.005988" lon="-48.628228">
                <ele>7.8</ele>
            </trkpt>
            <trkpt lat="-27.005988" lon="-48.628228">
                <ele>7.8</ele>
            </trkpt>
            <trkpt lat="-27.005988" lon="-48.628228">
                <ele>7.8</ele>
            </trkpt>
            <trkpt lat="-27.005988" lon="-48.628228">
                <ele>7.8</ele>
            </trkpt>
            <trkpt lat="-27.005988" lon="-48.628228">
                <ele>7.8</ele>
            </trkpt>
            <trkpt lat="-27.005988" lon="-48.628228">
                <ele>7.8</ele>
            </trkpt>
            <trkpt lat="-27.005988" lon="-48.628228">
                <ele>7.8</ele>
            </trkpt>
            <trkpt lat="-27.005988" lon="-48.628228">
                <ele>7.8</ele>
            </trkpt>
            <trkpt lat="-27.005988" lon="-48.628228">
                <ele>7.8</ele>
            </trkpt>
            <trkpt lat="-27.005988" lon="-48.628228">
                <ele>7.8</ele>
            </trkpt>
            <trkpt lat="-27.005988" lon="-48.628228">
                <ele>7.8</ele>
            </trkpt>
            <trkpt lat="-27.005988" lon="-48.628228">
                <ele>7.8</ele>
            </trkpt>
            <trkpt lat="-27.005988" lon="-48.628228">
                <ele>7.8</ele>
            </trkpt>
            <trkpt lat="-27.005988" lon="-48.628228">
                <ele>7.8</ele>
            </trkpt>
            <trkpt lat="-27.005988" lon="-48.628228">
                <ele>7.8</ele>
            </trkpt>
            <trkpt lat="-27.005988" lon="-48.628228">
                <ele>7.8</ele>
            </trkpt>
            <trkpt lat="-27.005988" lon="-48.628228">
                <ele>7.8</ele>
            </trkpt>
            <trkpt lat="-27.005988" lon="-48.628228">
                <ele>7.8</ele>
            </trkpt>
            <trkpt lat="-27.005988" lon="-48.628228">
                <ele>7.8</ele>
            </trkpt>
            <trkpt lat="-27.005988" lon="-48.628228">
                <ele>7.8</ele>
            </trkpt>
            <trkpt lat="-27.005988" lon="-48.628228">
                <ele>7.8</ele>
            </trkpt>
            <trkpt lat="-27.005988" lon="-48.628228">
                <ele>7.8</ele>
            </trkpt>
            <trkpt lat="-27.005988" lon="-48.628228">
                <ele>7.8</ele>
            </trkpt>
            <trkpt lat="-27.005988" lon="-48.628228">
                <ele>7.8</ele>
            </trkpt>
            <trkpt lat="-27.005988" lon="-48.628228">
                <ele>7.8</ele>
            </trkpt>
            <trkpt lat="-27.00599" lon="-48.628243">
                <ele>7</ele>
            </trkpt>
            <trkpt lat="-27.005987" lon="-48.628253">
                <ele>7.5</ele>
            </trkpt>
            <trkpt lat="-27.005983" lon="-48.628267">
                <ele>7.8</ele>
            </trkpt>
            <trkpt lat="-27.005975" lon="-48.628282">
                <ele>8.7</ele>
            </trkpt>
            <trkpt lat="-27.005967" lon="-48.628303">
                <ele>9.4</ele>
            </trkpt>
            <trkpt lat="-27.005957" lon="-48.628325">
                <ele>10.9</ele>
            </trkpt>
            <trkpt lat="-27.005948" lon="-48.62835">
                <ele>12.3</ele>
            </trkpt>
            <trkpt lat="-27.005945" lon="-48.628373">
                <ele>13.2</ele>
            </trkpt>
            <trkpt lat="-27.00594" lon="-48.628398">
                <ele>14.1</ele>
            </trkpt>
            <trkpt lat="-27.00593" lon="-48.628425">
                <ele>15.3</ele>
            </trkpt>
            <trkpt lat="-27.005927" lon="-48.628452">
                <ele>16.2</ele>
            </trkpt>
            <trkpt lat="-27.005922" lon="-48.628485">
                <ele>16.9</ele>
            </trkpt>
            <trkpt lat="-27.005915" lon="-48.628508">
                <ele>17.8</ele>
            </trkpt>
            <trkpt lat="-27.005903" lon="-48.628542">
                <ele>17.6</ele>
            </trkpt>
            <trkpt lat="-27.005893" lon="-48.628565">
                <ele>17</ele>
            </trkpt>
            <trkpt lat="-27.005888" lon="-48.62858">
                <ele>16</ele>
            </trkpt>
            <trkpt lat="-27.005888" lon="-48.628588">
                <ele>15.5</ele>
            </trkpt>
            <trkpt lat="-27.005888" lon="-48.62859">
                <ele>15.1</ele>
            </trkpt>
            <trkpt lat="-27.00589" lon="-48.6286">
                <ele>14.8</ele>
            </trkpt>
            <trkpt lat="-27.005892" lon="-48.628605">
                <ele>14.3</ele>
            </trkpt>
            <trkpt lat="-27.005897" lon="-48.62861">
                <ele>14</ele>
            </trkpt>
            <trkpt lat="-27.005905" lon="-48.628617">
                <ele>13.9</ele>
            </trkpt>
            <trkpt lat="-27.005913" lon="-48.628622">
                <ele>14</ele>
            </trkpt>
            <trkpt lat="-27.005913" lon="-48.628622">
                <ele>14</ele>
            </trkpt>
            <trkpt lat="-27.005917" lon="-48.628625">
                <ele>14.1</ele>
            </trkpt>
            <trkpt lat="-27.005917" lon="-48.628625">
                <ele>14.1</ele>
            </trkpt>
            <trkpt lat="-27.005915" lon="-48.628625">
                <ele>14.1</ele>
            </trkpt>
            <trkpt lat="-27.005913" lon="-48.628623">
                <ele>14.1</ele>
            </trkpt>
            <trkpt lat="-27.005913" lon="-48.628623">
                <ele>14.1</ele>
            </trkpt>
            <trkpt lat="-27.005913" lon="-48.628623">
                <ele>14.1</ele>
            </trkpt>
            <trkpt lat="-27.005913" lon="-48.628623">
                <ele>14.1</ele>
            </trkpt>
            <trkpt lat="-27.005913" lon="-48.628623">
                <ele>14.1</ele>
            </trkpt>
            <trkpt lat="-27.005913" lon="-48.628623">
                <ele>14.1</ele>
            </trkpt>
            <trkpt lat="-27.005913" lon="-48.628623">
                <ele>14.1</ele>
            </trkpt>
            <trkpt lat="-27.005913" lon="-48.628623">
                <ele>14.1</ele>
            </trkpt>
            <trkpt lat="-27.005913" lon="-48.628623">
                <ele>14.1</ele>
            </trkpt>
            <trkpt lat="-27.005913" lon="-48.628623">
                <ele>14.1</ele>
            </trkpt>
            <trkpt lat="-27.005915" lon="-48.628647">
                <ele>13.2</ele>
            </trkpt>
            <trkpt lat="-27.005912" lon="-48.628673">
                <ele>13.3</ele>
            </trkpt>
            <trkpt lat="-27.00591" lon="-48.628703">
                <ele>13.1</ele>
            </trkpt>
            <trkpt lat="-27.00591" lon="-48.628737">
                <ele>13</ele>
            </trkpt>
            <trkpt lat="-27.005908" lon="-48.628768">
                <ele>13.3</ele>
            </trkpt>
            <trkpt lat="-27.005903" lon="-48.628805">
                <ele>13.4</ele>
            </trkpt>
            <trkpt lat="-27.005903" lon="-48.62883">
                <ele>13.2</ele>
            </trkpt>
            <trkpt lat="-27.005898" lon="-48.62886">
                <ele>13.1</ele>
            </trkpt>
            <trkpt lat="-27.005892" lon="-48.628888">
                <ele>12.1</ele>
            </trkpt>
            <trkpt lat="-27.005887" lon="-48.628918">
                <ele>12.1</ele>
            </trkpt>
            <trkpt lat="-27.005882" lon="-48.628948">
                <ele>12.1</ele>
            </trkpt>
            <trkpt lat="-27.005872" lon="-48.62898">
                <ele>10.6</ele>
            </trkpt>
            <trkpt lat="-27.005865" lon="-48.629005">
                <ele>9.1</ele>
            </trkpt>
            <trkpt lat="-27.005855" lon="-48.62903">
                <ele>8.6</ele>
            </trkpt>
            <trkpt lat="-27.005852" lon="-48.629043">
                <ele>8.4</ele>
            </trkpt>
            <trkpt lat="-27.005848" lon="-48.629047">
                <ele>8.3</ele>
            </trkpt>
            <trkpt lat="-27.005845" lon="-48.629047">
                <ele>8.6</ele>
            </trkpt>
            <trkpt lat="-27.005843" lon="-48.629045">
                <ele>8.5</ele>
            </trkpt>
            <trkpt lat="-27.005842" lon="-48.629045">
                <ele>8.5</ele>
            </trkpt>
            <trkpt lat="-27.00584" lon="-48.629043">
                <ele>8.4</ele>
            </trkpt>
            <trkpt lat="-27.00584" lon="-48.629045">
                <ele>8.2</ele>
            </trkpt>
            <trkpt lat="-27.00584" lon="-48.629045">
                <ele>7.9</ele>
            </trkpt>
            <trkpt lat="-27.00584" lon="-48.629045">
                <ele>7.5</ele>
            </trkpt>
            <trkpt lat="-27.005842" lon="-48.629047">
                <ele>7.3</ele>
            </trkpt>
            <trkpt lat="-27.005842" lon="-48.629047">
                <ele>7.1</ele>
            </trkpt>
            <trkpt lat="-27.005843" lon="-48.629045">
                <ele>7</ele>
            </trkpt>
            <trkpt lat="-27.005843" lon="-48.629045">
                <ele>7</ele>
            </trkpt>
            <trkpt lat="-27.005843" lon="-48.629045">
                <ele>7</ele>
            </trkpt>
            <trkpt lat="-27.005843" lon="-48.629045">
                <ele>7</ele>
            </trkpt>
            <trkpt lat="-27.005843" lon="-48.629045">
                <ele>7</ele>
            </trkpt>
            <trkpt lat="-27.005843" lon="-48.629045">
                <ele>7</ele>
            </trkpt>
            <trkpt lat="-27.005843" lon="-48.629045">
                <ele>7</ele>
            </trkpt>
            <trkpt lat="-27.005843" lon="-48.629045">
                <ele>7</ele>
            </trkpt>
            <trkpt lat="-27.005843" lon="-48.629045">
                <ele>7</ele>
            </trkpt>
            <trkpt lat="-27.005843" lon="-48.629045">
                <ele>7</ele>
            </trkpt>
            <trkpt lat="-27.005843" lon="-48.629045">
                <ele>7</ele>
            </trkpt>
            <trkpt lat="-27.005843" lon="-48.629045">
                <ele>7</ele>
            </trkpt>
            <trkpt lat="-27.005843" lon="-48.629045">
                <ele>7</ele>
            </trkpt>
            <trkpt lat="-27.005845" lon="-48.62905">
                <ele>7</ele>
            </trkpt>
            <trkpt lat="-27.005842" lon="-48.629058">
                <ele>7.1</ele>
            </trkpt>
            <trkpt lat="-27.00584" lon="-48.629067">
                <ele>7.2</ele>
            </trkpt>
            <trkpt lat="-27.005837" lon="-48.629085">
                <ele>7.2</ele>
            </trkpt>
            <trkpt lat="-27.005828" lon="-48.629107">
                <ele>7.3</ele>
            </trkpt>
            <trkpt lat="-27.005825" lon="-48.629128">
                <ele>7.1</ele>
            </trkpt>
            <trkpt lat="-27.005818" lon="-48.629157">
                <ele>7.1</ele>
            </trkpt>
            <trkpt lat="-27.005813" lon="-48.629183">
                <ele>6.6</ele>
            </trkpt>
            <trkpt lat="-27.00581" lon="-48.629208">
                <ele>5.8</ele>
            </trkpt>
            <trkpt lat="-27.005807" lon="-48.62923">
                <ele>5.2</ele>
            </trkpt>
            <trkpt lat="-27.005803" lon="-48.62925">
                <ele>4.9</ele>
            </trkpt>
            <trkpt lat="-27.0058" lon="-48.62927">
                <ele>4.5</ele>
            </trkpt>
            <trkpt lat="-27.005793" lon="-48.62929">
                <ele>4.4</ele>
            </trkpt>
            <trkpt lat="-27.005785" lon="-48.629317">
                <ele>4.4</ele>
            </trkpt>
            <trkpt lat="-27.005778" lon="-48.629347">
                <ele>4.7</ele>
            </trkpt>
            <trkpt lat="-27.005772" lon="-48.629378">
                <ele>4.9</ele>
            </trkpt>
            <trkpt lat="-27.005765" lon="-48.629408">
                <ele>5</ele>
            </trkpt>
            <trkpt lat="-27.005758" lon="-48.629435">
                <ele>5.2</ele>
            </trkpt>
            <trkpt lat="-27.005753" lon="-48.629457">
                <ele>5.4</ele>
            </trkpt>
            <trkpt lat="-27.005752" lon="-48.629473">
                <ele>5.5</ele>
            </trkpt>
            <trkpt lat="-27.005748" lon="-48.629482">
                <ele>5.6</ele>
            </trkpt>
            <trkpt lat="-27.005747" lon="-48.629487">
                <ele>5.8</ele>
            </trkpt>
            <trkpt lat="-27.00575" lon="-48.629492">
                <ele>5.6</ele>
            </trkpt>
            <trkpt lat="-27.005752" lon="-48.629495">
                <ele>5.6</ele>
            </trkpt>
            <trkpt lat="-27.005752" lon="-48.629495">
                <ele>5.6</ele>
            </trkpt>
            <trkpt lat="-27.005753" lon="-48.629498">
                <ele>5.5</ele>
            </trkpt>
            <trkpt lat="-27.005755" lon="-48.6295">
                <ele>5.3</ele>
            </trkpt>
            <trkpt lat="-27.005753" lon="-48.629503">
                <ele>5.9</ele>
            </trkpt>
            <trkpt lat="-27.005752" lon="-48.629505">
                <ele>6.4</ele>
            </trkpt>
            <trkpt lat="-27.005752" lon="-48.629507">
                <ele>6.7</ele>
            </trkpt>
            <trkpt lat="-27.005748" lon="-48.629508">
                <ele>6.8</ele>
            </trkpt>
            <trkpt lat="-27.005743" lon="-48.629512">
                <ele>7</ele>
            </trkpt>
            <trkpt lat="-27.005743" lon="-48.629512">
                <ele>7</ele>
            </trkpt>
            <trkpt lat="-27.005743" lon="-48.629512">
                <ele>7</ele>
            </trkpt>
            <trkpt lat="-27.005743" lon="-48.629512">
                <ele>7</ele>
            </trkpt>
            <trkpt lat="-27.005743" lon="-48.629512">
                <ele>7</ele>
            </trkpt>
            <trkpt lat="-27.005743" lon="-48.629512">
                <ele>7</ele>
            </trkpt>
            <trkpt lat="-27.005743" lon="-48.629512">
                <ele>7</ele>
            </trkpt>
            <trkpt lat="-27.005727" lon="-48.629533">
                <ele>7.3</ele>
            </trkpt>
            <trkpt lat="-27.005727" lon="-48.62955">
                <ele>7.3</ele>
            </trkpt>
            <trkpt lat="-27.00572" lon="-48.629567">
                <ele>7.1</ele>
            </trkpt>
            <trkpt lat="-27.005717" lon="-48.629585">
                <ele>6.9</ele>
            </trkpt>
            <trkpt lat="-27.005713" lon="-48.629605">
                <ele>6.7</ele>
            </trkpt>
            <trkpt lat="-27.00571" lon="-48.629628">
                <ele>6.5</ele>
            </trkpt>
            <trkpt lat="-27.005712" lon="-48.629655">
                <ele>6.9</ele>
            </trkpt>
            <trkpt lat="-27.005712" lon="-48.62968">
                <ele>6.8</ele>
            </trkpt>
            <trkpt lat="-27.00571" lon="-48.629705">
                <ele>6.8</ele>
            </trkpt>
            <trkpt lat="-27.005708" lon="-48.629733">
                <ele>6.9</ele>
            </trkpt>
            <trkpt lat="-27.005708" lon="-48.629758">
                <ele>6.7</ele>
            </trkpt>
            <trkpt lat="-27.005705" lon="-48.629785">
                <ele>6.2</ele>
            </trkpt>
            <trkpt lat="-27.005702" lon="-48.629807">
                <ele>5.8</ele>
            </trkpt>
            <trkpt lat="-27.005702" lon="-48.62982">
                <ele>6.1</ele>
            </trkpt>
            <trkpt lat="-27.005702" lon="-48.629827">
                <ele>6.5</ele>
            </trkpt>
            <trkpt lat="-27.005705" lon="-48.62983">
                <ele>6.8</ele>
            </trkpt>
            <trkpt lat="-27.005705" lon="-48.62983">
                <ele>6.7</ele>
            </trkpt>
            <trkpt lat="-27.005705" lon="-48.62983">
                <ele>6.4</ele>
            </trkpt>
            <trkpt lat="-27.005705" lon="-48.629832">
                <ele>6.6</ele>
            </trkpt>
            <trkpt lat="-27.005707" lon="-48.629833">
                <ele>7</ele>
            </trkpt>
            <trkpt lat="-27.005708" lon="-48.629835">
                <ele>7.5</ele>
            </trkpt>
            <trkpt lat="-27.00571" lon="-48.629835">
                <ele>7.9</ele>
            </trkpt>
            <trkpt lat="-27.00571" lon="-48.629835">
                <ele>8.5</ele>
            </trkpt>
            <trkpt lat="-27.00571" lon="-48.629833">
                <ele>9</ele>
            </trkpt>
            <trkpt lat="-27.00571" lon="-48.629833">
                <ele>9</ele>
            </trkpt>
            <trkpt lat="-27.00571" lon="-48.629833">
                <ele>9</ele>
            </trkpt>
            <trkpt lat="-27.00571" lon="-48.629833">
                <ele>9</ele>
            </trkpt>
            <trkpt lat="-27.00571" lon="-48.629833">
                <ele>9</ele>
            </trkpt>
            <trkpt lat="-27.00571" lon="-48.629833">
                <ele>9</ele>
            </trkpt>
            <trkpt lat="-27.00571" lon="-48.629833">
                <ele>9</ele>
            </trkpt>
            <trkpt lat="-27.00571" lon="-48.629833">
                <ele>9</ele>
            </trkpt>
            <trkpt lat="-27.00571" lon="-48.629833">
                <ele>9</ele>
            </trkpt>
            <trkpt lat="-27.00571" lon="-48.629833">
                <ele>9</ele>
            </trkpt>
            <trkpt lat="-27.00571" lon="-48.629833">
                <ele>9</ele>
            </trkpt>
            <trkpt lat="-27.00571" lon="-48.629833">
                <ele>9</ele>
            </trkpt>
            <trkpt lat="-27.00571" lon="-48.629833">
                <ele>9</ele>
            </trkpt>
            <trkpt lat="-27.005713" lon="-48.629838">
                <ele>12.1</ele>
            </trkpt>
            <trkpt lat="-27.00571" lon="-48.629845">
                <ele>12.4</ele>
            </trkpt>
            <trkpt lat="-27.005707" lon="-48.629848">
                <ele>12.5</ele>
            </trkpt>
            <trkpt lat="-27.005703" lon="-48.629858">
                <ele>12.3</ele>
            </trkpt>
            <trkpt lat="-27.005702" lon="-48.629868">
                <ele>12.2</ele>
            </trkpt>
            <trkpt lat="-27.005697" lon="-48.629888">
                <ele>12</ele>
            </trkpt>
            <trkpt lat="-27.005693" lon="-48.629913">
                <ele>12.2</ele>
            </trkpt>
            <trkpt lat="-27.005688" lon="-48.629938">
                <ele>12.4</ele>
            </trkpt>
            <trkpt lat="-27.005682" lon="-48.629963">
                <ele>12.3</ele>
            </trkpt>
            <trkpt lat="-27.00568" lon="-48.629992">
                <ele>12.4</ele>
            </trkpt>
            <trkpt lat="-27.005678" lon="-48.630017">
                <ele>12.5</ele>
            </trkpt>
            <trkpt lat="-27.005678" lon="-48.630017">
                <ele>12.5</ele>
            </trkpt>
            <trkpt lat="-27.005675" lon="-48.630038">
                <ele>12.6</ele>
            </trkpt>
            <trkpt lat="-27.005672" lon="-48.630053">
                <ele>12.4</ele>
            </trkpt>
            <trkpt lat="-27.005668" lon="-48.630067">
                <ele>12.6</ele>
            </trkpt>
            <trkpt lat="-27.005663" lon="-48.630072">
                <ele>13.1</ele>
            </trkpt>
            <trkpt lat="-27.005667" lon="-48.630068">
                <ele>13.4</ele>
            </trkpt>
            <trkpt lat="-27.005667" lon="-48.630068">
                <ele>13.5</ele>
            </trkpt>
            <trkpt lat="-27.005665" lon="-48.630067">
                <ele>13.3</ele>
            </trkpt>
            <trkpt lat="-27.005663" lon="-48.63007">
                <ele>13.1</ele>
            </trkpt>
            <trkpt lat="-27.005662" lon="-48.63007">
                <ele>12.8</ele>
            </trkpt>
            <trkpt lat="-27.00566" lon="-48.63007">
                <ele>12.7</ele>
            </trkpt>
            <trkpt lat="-27.00566" lon="-48.630072">
                <ele>12.9</ele>
            </trkpt>
            <trkpt lat="-27.005662" lon="-48.630072">
                <ele>12.9</ele>
            </trkpt>
            <trkpt lat="-27.005658" lon="-48.630073">
                <ele>12.9</ele>
            </trkpt>
            <trkpt lat="-27.005658" lon="-48.630073">
                <ele>12.9</ele>
            </trkpt>
            <trkpt lat="-27.005658" lon="-48.630073">
                <ele>12.9</ele>
            </trkpt>
            <trkpt lat="-27.005658" lon="-48.630073">
                <ele>12.9</ele>
            </trkpt>
            <trkpt lat="-27.005658" lon="-48.630073">
                <ele>12.9</ele>
            </trkpt>
            <trkpt lat="-27.005652" lon="-48.630098">
                <ele>12.3</ele>
            </trkpt>
            <trkpt lat="-27.005648" lon="-48.630112">
                <ele>11.9</ele>
            </trkpt>
            <trkpt lat="-27.005643" lon="-48.63013">
                <ele>11.3</ele>
            </trkpt>
            <trkpt lat="-27.00564" lon="-48.630148">
                <ele>10.5</ele>
            </trkpt>
            <trkpt lat="-27.005637" lon="-48.630175">
                <ele>9.6</ele>
            </trkpt>
            <trkpt lat="-27.005633" lon="-48.630198">
                <ele>8.4</ele>
            </trkpt>
            <trkpt lat="-27.005628" lon="-48.630223">
                <ele>7.5</ele>
            </trkpt>
            <trkpt lat="-27.005625" lon="-48.630242">
                <ele>7.1</ele>
            </trkpt>
            <trkpt lat="-27.005623" lon="-48.630253">
                <ele>6.4</ele>
            </trkpt>
            <trkpt lat="-27.005623" lon="-48.630258">
                <ele>6.6</ele>
            </trkpt>
            <trkpt lat="-27.005623" lon="-48.630258">
                <ele>6.7</ele>
            </trkpt>
            <trkpt lat="-27.005622" lon="-48.630262">
                <ele>7.1</ele>
            </trkpt>
            <trkpt lat="-27.005618" lon="-48.630265">
                <ele>7.6</ele>
            </trkpt>
            <trkpt lat="-27.005617" lon="-48.630265">
                <ele>7.4</ele>
            </trkpt>
            <trkpt lat="-27.005615" lon="-48.630267">
                <ele>7.2</ele>
            </trkpt>
            <trkpt lat="-27.005615" lon="-48.630265">
                <ele>7.4</ele>
            </trkpt>
            <trkpt lat="-27.005615" lon="-48.630265">
                <ele>7.1</ele>
            </trkpt>
            <trkpt lat="-27.005617" lon="-48.63027">
                <ele>7.2</ele>
            </trkpt>
            <trkpt lat="-27.005615" lon="-48.630278">
                <ele>7</ele>
            </trkpt>
            <trkpt lat="-27.005617" lon="-48.630285">
                <ele>6.7</ele>
            </trkpt>
            <trkpt lat="-27.005622" lon="-48.630287">
                <ele>6.6</ele>
            </trkpt>
            <trkpt lat="-27.005623" lon="-48.63029">
                <ele>6.7</ele>
            </trkpt>
            <trkpt lat="-27.005625" lon="-48.630293">
                <ele>6.6</ele>
            </trkpt>
            <trkpt lat="-27.005625" lon="-48.630295">
                <ele>6.9</ele>
            </trkpt>
            <trkpt lat="-27.005625" lon="-48.630295">
                <ele>7</ele>
            </trkpt>
            <trkpt lat="-27.005625" lon="-48.630292">
                <ele>6.8</ele>
            </trkpt>
            <trkpt lat="-27.005628" lon="-48.63029">
                <ele>6.7</ele>
            </trkpt>
            <trkpt lat="-27.00563" lon="-48.630288">
                <ele>6.7</ele>
            </trkpt>
            <trkpt lat="-27.00563" lon="-48.630282">
                <ele>6.7</ele>
            </trkpt>
            <trkpt lat="-27.00563" lon="-48.63028">
                <ele>6.7</ele>
            </trkpt>
            <trkpt lat="-27.005628" lon="-48.630277">
                <ele>6.6</ele>
            </trkpt>
            <trkpt lat="-27.005628" lon="-48.630277">
                <ele>6.6</ele>
            </trkpt>
            <trkpt lat="-27.005628" lon="-48.630277">
                <ele>6.6</ele>
            </trkpt>
            <trkpt lat="-27.005628" lon="-48.630277">
                <ele>6.6</ele>
            </trkpt>
            <trkpt lat="-27.005628" lon="-48.630277">
                <ele>6.6</ele>
            </trkpt>
            <trkpt lat="-27.005628" lon="-48.630277">
                <ele>6.6</ele>
            </trkpt>
            <trkpt lat="-27.005628" lon="-48.630277">
                <ele>6.6</ele>
            </trkpt>
            <trkpt lat="-27.005628" lon="-48.630277">
                <ele>6.6</ele>
            </trkpt>
            <trkpt lat="-27.005628" lon="-48.630277">
                <ele>6.6</ele>
            </trkpt>
            <trkpt lat="-27.005628" lon="-48.630277">
                <ele>6.6</ele>
            </trkpt>
            <trkpt lat="-27.005628" lon="-48.630277">
                <ele>6.6</ele>
            </trkpt>
            <trkpt lat="-27.005628" lon="-48.630277">
                <ele>6.6</ele>
            </trkpt>
            <trkpt lat="-27.005628" lon="-48.630277">
                <ele>6.6</ele>
            </trkpt>
            <trkpt lat="-27.005628" lon="-48.630277">
                <ele>6.6</ele>
            </trkpt>
            <trkpt lat="-27.005628" lon="-48.630277">
                <ele>6.6</ele>
            </trkpt>
            <trkpt lat="-27.005628" lon="-48.630277">
                <ele>6.6</ele>
            </trkpt>
            <trkpt lat="-27.005628" lon="-48.630277">
                <ele>6.6</ele>
            </trkpt>
            <trkpt lat="-27.005628" lon="-48.630277">
                <ele>6.6</ele>
            </trkpt>
            <trkpt lat="-27.005623" lon="-48.630285">
                <ele>4.3</ele>
            </trkpt>
            <trkpt lat="-27.005623" lon="-48.630292">
                <ele>3.6</ele>
            </trkpt>
            <trkpt lat="-27.005623" lon="-48.630305">
                <ele>3.5</ele>
            </trkpt>
            <trkpt lat="-27.005618" lon="-48.63031">
                <ele>3.2</ele>
            </trkpt>
            <trkpt lat="-27.005618" lon="-48.630312">
                <ele>2.9</ele>
            </trkpt>
            <trkpt lat="-27.005618" lon="-48.630315">
                <ele>2.8</ele>
            </trkpt>
            <trkpt lat="-27.005618" lon="-48.630317">
                <ele>2.7</ele>
            </trkpt>
            <trkpt lat="-27.005617" lon="-48.630318">
                <ele>2.6</ele>
            </trkpt>
            <trkpt lat="-27.005617" lon="-48.630318">
                <ele>2.6</ele>
            </trkpt>
            <trkpt lat="-27.005617" lon="-48.630318">
                <ele>2.6</ele>
            </trkpt>
            <trkpt lat="-27.005617" lon="-48.630318">
                <ele>2.6</ele>
            </trkpt>
            <trkpt lat="-27.005617" lon="-48.630318">
                <ele>2.6</ele>
            </trkpt>
            <trkpt lat="-27.005617" lon="-48.630318">
                <ele>2.6</ele>
            </trkpt>
            <trkpt lat="-27.005617" lon="-48.630318">
                <ele>2.6</ele>
            </trkpt>
            <trkpt lat="-27.005617" lon="-48.630318">
                <ele>2.6</ele>
            </trkpt>
            <trkpt lat="-27.005617" lon="-48.630318">
                <ele>2.6</ele>
            </trkpt>
            <trkpt lat="-27.005617" lon="-48.630318">
                <ele>2.6</ele>
            </trkpt>
            <trkpt lat="-27.005617" lon="-48.630318">
                <ele>2.6</ele>
            </trkpt>
            <trkpt lat="-27.00561" lon="-48.63031">
                <ele>2.3</ele>
            </trkpt>
            <trkpt lat="-27.005615" lon="-48.630298">
                <ele>2.5</ele>
            </trkpt>
            <trkpt lat="-27.005622" lon="-48.630288">
                <ele>2.8</ele>
            </trkpt>
            <trkpt lat="-27.005623" lon="-48.630277">
                <ele>3</ele>
            </trkpt>
            <trkpt lat="-27.005628" lon="-48.630267">
                <ele>3.6</ele>
            </trkpt>
            <trkpt lat="-27.005628" lon="-48.630263">
                <ele>3.9</ele>
            </trkpt>
            <trkpt lat="-27.00563" lon="-48.630262">
                <ele>3.9</ele>
            </trkpt>
            <trkpt lat="-27.00563" lon="-48.630262">
                <ele>4</ele>
            </trkpt>
            <trkpt lat="-27.005627" lon="-48.630257">
                <ele>4</ele>
            </trkpt>
            <trkpt lat="-27.005623" lon="-48.630255">
                <ele>4</ele>
            </trkpt>
            <trkpt lat="-27.005622" lon="-48.630257">
                <ele>3.9</ele>
            </trkpt>
            <trkpt lat="-27.00562" lon="-48.630257">
                <ele>4</ele>
            </trkpt>
            <trkpt lat="-27.00562" lon="-48.630262">
                <ele>4</ele>
            </trkpt>
            <trkpt lat="-27.005618" lon="-48.63027">
                <ele>4.2</ele>
            </trkpt>
            <trkpt lat="-27.00562" lon="-48.63028">
                <ele>4.5</ele>
            </trkpt>
            <trkpt lat="-27.005622" lon="-48.630288">
                <ele>4.8</ele>
            </trkpt>
            <trkpt lat="-27.005623" lon="-48.630293">
                <ele>5.2</ele>
            </trkpt>
            <trkpt lat="-27.005623" lon="-48.630293">
                <ele>5.2</ele>
            </trkpt>
            <trkpt lat="-27.005623" lon="-48.630297">
                <ele>5.4</ele>
            </trkpt>
            <trkpt lat="-27.005623" lon="-48.630297">
                <ele>5.4</ele>
            </trkpt>
            <trkpt lat="-27.005623" lon="-48.630297">
                <ele>5.7</ele>
            </trkpt>
            <trkpt lat="-27.005625" lon="-48.630295">
                <ele>5.8</ele>
            </trkpt>
            <trkpt lat="-27.005627" lon="-48.630295">
                <ele>6.1</ele>
            </trkpt>
            <trkpt lat="-27.005627" lon="-48.630295">
                <ele>6.1</ele>
            </trkpt>
            <trkpt lat="-27.005627" lon="-48.630295">
                <ele>6</ele>
            </trkpt>
            <trkpt lat="-27.005627" lon="-48.630295">
                <ele>6</ele>
            </trkpt>
            <trkpt lat="-27.005627" lon="-48.630295">
                <ele>6</ele>
            </trkpt>
            <trkpt lat="-27.005627" lon="-48.630295">
                <ele>6</ele>
            </trkpt>
            <trkpt lat="-27.005627" lon="-48.630295">
                <ele>6</ele>
            </trkpt>
            <trkpt lat="-27.005627" lon="-48.630295">
                <ele>6</ele>
            </trkpt>
            <trkpt lat="-27.005627" lon="-48.630295">
                <ele>6</ele>
            </trkpt>
            <trkpt lat="-27.005627" lon="-48.630295">
                <ele>6</ele>
            </trkpt>
            <trkpt lat="-27.005627" lon="-48.630295">
                <ele>6</ele>
            </trkpt>
            <trkpt lat="-27.005627" lon="-48.630295">
                <ele>6</ele>
            </trkpt>
            <trkpt lat="-27.005627" lon="-48.630295">
                <ele>6</ele>
            </trkpt>
            <trkpt lat="-27.005627" lon="-48.630295">
                <ele>6</ele>
            </trkpt>
            <trkpt lat="-27.005627" lon="-48.630295">
                <ele>6</ele>
            </trkpt>
            <trkpt lat="-27.005627" lon="-48.630295">
                <ele>6</ele>
            </trkpt>
            <trkpt lat="-27.005627" lon="-48.630295">
                <ele>6</ele>
            </trkpt>
            <trkpt lat="-27.005627" lon="-48.630295">
                <ele>6</ele>
            </trkpt>
            <trkpt lat="-27.005627" lon="-48.630295">
                <ele>6</ele>
            </trkpt>
            <trkpt lat="-27.005627" lon="-48.630295">
                <ele>6</ele>
            </trkpt>
            <trkpt lat="-27.005627" lon="-48.630295">
                <ele>6</ele>
            </trkpt>
            <trkpt lat="-27.005627" lon="-48.630295">
                <ele>6</ele>
            </trkpt>
            <trkpt lat="-27.005627" lon="-48.630295">
                <ele>6</ele>
            </trkpt>
            <trkpt lat="-27.005627" lon="-48.630295">
                <ele>6</ele>
            </trkpt>
            <trkpt lat="-27.005627" lon="-48.630295">
                <ele>6</ele>
            </trkpt>
            <trkpt lat="-27.005627" lon="-48.630295">
                <ele>6</ele>
            </trkpt>
            <trkpt lat="-27.005627" lon="-48.630295">
                <ele>6</ele>
            </trkpt>
            <trkpt lat="-27.005627" lon="-48.630295">
                <ele>6</ele>
            </trkpt>
            <trkpt lat="-27.005627" lon="-48.630295">
                <ele>6</ele>
            </trkpt>
            <trkpt lat="-27.005627" lon="-48.630295">
                <ele>6</ele>
            </trkpt>
            <trkpt lat="-27.005627" lon="-48.630295">
                <ele>6</ele>
            </trkpt>
            <trkpt lat="-27.005627" lon="-48.630295">
                <ele>6</ele>
            </trkpt>
            <trkpt lat="-27.005627" lon="-48.630295">
                <ele>6</ele>
            </trkpt>
            <trkpt lat="-27.005627" lon="-48.630295">
                <ele>6</ele>
            </trkpt>
            <trkpt lat="-27.005627" lon="-48.630295">
                <ele>6</ele>
            </trkpt>
            <trkpt lat="-27.005627" lon="-48.630295">
                <ele>6</ele>
            </trkpt>
            <trkpt lat="-27.005627" lon="-48.630295">
                <ele>6</ele>
            </trkpt>
            <trkpt lat="-27.005627" lon="-48.630295">
                <ele>6</ele>
            </trkpt>
            <trkpt lat="-27.005627" lon="-48.630295">
                <ele>6</ele>
            </trkpt>
            <trkpt lat="-27.005627" lon="-48.630295">
                <ele>6</ele>
            </trkpt>
            <trkpt lat="-27.005627" lon="-48.630295">
                <ele>6</ele>
            </trkpt>
            <trkpt lat="-27.005627" lon="-48.630295">
                <ele>6</ele>
            </trkpt>
            <trkpt lat="-27.005627" lon="-48.630295">
                <ele>6</ele>
            </trkpt>
            <trkpt lat="-27.005627" lon="-48.630295">
                <ele>6</ele>
            </trkpt>
            <trkpt lat="-27.005627" lon="-48.630295">
                <ele>6</ele>
            </trkpt>
            <trkpt lat="-27.005627" lon="-48.630295">
                <ele>6</ele>
            </trkpt>
            <trkpt lat="-27.005627" lon="-48.630295">
                <ele>6</ele>
            </trkpt>
            <trkpt lat="-27.005627" lon="-48.630295">
                <ele>6</ele>
            </trkpt>
            <trkpt lat="-27.005627" lon="-48.630295">
                <ele>6</ele>
            </trkpt>
            <trkpt lat="-27.005627" lon="-48.630295">
                <ele>6</ele>
            </trkpt>
            <trkpt lat="-27.005627" lon="-48.630295">
                <ele>6</ele>
            </trkpt>
            <trkpt lat="-27.005627" lon="-48.630295">
                <ele>6</ele>
            </trkpt>
            <trkpt lat="-27.005627" lon="-48.630295">
                <ele>6</ele>
            </trkpt>
            <trkpt lat="-27.005615" lon="-48.630287">
                <ele>9.6</ele>
            </trkpt>
            <trkpt lat="-27.005612" lon="-48.630293">
                <ele>9.2</ele>
            </trkpt>
            <trkpt lat="-27.005613" lon="-48.6303">
                <ele>9.1</ele>
            </trkpt>
            <trkpt lat="-27.005615" lon="-48.630303">
                <ele>9.1</ele>
            </trkpt>
            <trkpt lat="-27.005618" lon="-48.630303">
                <ele>8.9</ele>
            </trkpt>
            <trkpt lat="-27.00562" lon="-48.630302">
                <ele>9</ele>
            </trkpt>
            <trkpt lat="-27.005622" lon="-48.630302">
                <ele>9.2</ele>
            </trkpt>
            <trkpt lat="-27.005622" lon="-48.630302">
                <ele>9.2</ele>
            </trkpt>
            <trkpt lat="-27.005622" lon="-48.630302">
                <ele>9.2</ele>
            </trkpt>
            <trkpt lat="-27.005622" lon="-48.630302">
                <ele>9.2</ele>
            </trkpt>
            <trkpt lat="-27.005622" lon="-48.630302">
                <ele>9.2</ele>
            </trkpt>
            <trkpt lat="-27.005622" lon="-48.630302">
                <ele>9.2</ele>
            </trkpt>
            <trkpt lat="-27.005622" lon="-48.630302">
                <ele>9.2</ele>
            </trkpt>
            <trkpt lat="-27.005622" lon="-48.630302">
                <ele>9.2</ele>
            </trkpt>
            <trkpt lat="-27.005628" lon="-48.63029">
                <ele>7.8</ele>
            </trkpt>
            <trkpt lat="-27.005628" lon="-48.630287">
                <ele>7.7</ele>
            </trkpt>
            <trkpt lat="-27.005627" lon="-48.630285">
                <ele>7.7</ele>
            </trkpt>
            <trkpt lat="-27.005627" lon="-48.630285">
                <ele>7.5</ele>
            </trkpt>
            <trkpt lat="-27.005627" lon="-48.630283">
                <ele>7.4</ele>
            </trkpt>
            <trkpt lat="-27.005627" lon="-48.630283">
                <ele>7.4</ele>
            </trkpt>
            <trkpt lat="-27.005627" lon="-48.630283">
                <ele>7.4</ele>
            </trkpt>
            <trkpt lat="-27.005627" lon="-48.630283">
                <ele>7.4</ele>
            </trkpt>
            <trkpt lat="-27.005627" lon="-48.630283">
                <ele>7.4</ele>
            </trkpt>
            <trkpt lat="-27.005627" lon="-48.630283">
                <ele>7.4</ele>
            </trkpt>
            <trkpt lat="-27.005627" lon="-48.630283">
                <ele>7.4</ele>
            </trkpt>
            <trkpt lat="-27.005627" lon="-48.630283">
                <ele>7.4</ele>
            </trkpt>
            <trkpt lat="-27.005627" lon="-48.630283">
                <ele>7.4</ele>
            </trkpt>
            <trkpt lat="-27.005627" lon="-48.630283">
                <ele>7.4</ele>
            </trkpt>
            <trkpt lat="-27.005627" lon="-48.630283">
                <ele>7.4</ele>
            </trkpt>
            <trkpt lat="-27.005627" lon="-48.630283">
                <ele>7.4</ele>
            </trkpt>
            <trkpt lat="-27.005627" lon="-48.630283">
                <ele>7.4</ele>
            </trkpt>
            <trkpt lat="-27.005627" lon="-48.630283">
                <ele>7.4</ele>
            </trkpt>
            <trkpt lat="-27.005627" lon="-48.630283">
                <ele>7.4</ele>
            </trkpt>
            <trkpt lat="-27.005608" lon="-48.630287">
                <ele>7.6</ele>
            </trkpt>
            <trkpt lat="-27.005605" lon="-48.630295">
                <ele>7.8</ele>
            </trkpt>
            <trkpt lat="-27.005605" lon="-48.6303">
                <ele>8.1</ele>
            </trkpt>
            <trkpt lat="-27.005603" lon="-48.630302">
                <ele>8.2</ele>
            </trkpt>
            <trkpt lat="-27.005605" lon="-48.630305">
                <ele>8.1</ele>
            </trkpt>
            <trkpt lat="-27.005605" lon="-48.630305">
                <ele>8.1</ele>
            </trkpt>
            <trkpt lat="-27.005605" lon="-48.630305">
                <ele>8.1</ele>
            </trkpt>
            <trkpt lat="-27.005605" lon="-48.630305">
                <ele>8.1</ele>
            </trkpt>
            <trkpt lat="-27.005605" lon="-48.630305">
                <ele>8.1</ele>
            </trkpt>
            <trkpt lat="-27.005605" lon="-48.630305">
                <ele>8.1</ele>
            </trkpt>
            <trkpt lat="-27.005605" lon="-48.630305">
                <ele>8.1</ele>
            </trkpt>
            <trkpt lat="-27.005605" lon="-48.630305">
                <ele>8.1</ele>
            </trkpt>
            <trkpt lat="-27.005605" lon="-48.630305">
                <ele>8.1</ele>
            </trkpt>
            <trkpt lat="-27.005605" lon="-48.630305">
                <ele>8.1</ele>
            </trkpt>
            <trkpt lat="-27.005605" lon="-48.630305">
                <ele>8.1</ele>
            </trkpt>
            <trkpt lat="-27.005605" lon="-48.630305">
                <ele>8.1</ele>
            </trkpt>
            <trkpt lat="-27.005605" lon="-48.630305">
                <ele>8.1</ele>
            </trkpt>
            <trkpt lat="-27.005612" lon="-48.630298">
                <ele>5.5</ele>
            </trkpt>
            <trkpt lat="-27.005612" lon="-48.63029">
                <ele>5.3</ele>
            </trkpt>
            <trkpt lat="-27.005612" lon="-48.630283">
                <ele>5.2</ele>
            </trkpt>
            <trkpt lat="-27.005613" lon="-48.630273">
                <ele>5.3</ele>
            </trkpt>
            <trkpt lat="-27.005612" lon="-48.630263">
                <ele>5.2</ele>
            </trkpt>
            <trkpt lat="-27.005613" lon="-48.630255">
                <ele>5.3</ele>
            </trkpt>
            <trkpt lat="-27.005618" lon="-48.630248">
                <ele>5.1</ele>
            </trkpt>
            <trkpt lat="-27.005617" lon="-48.630248">
                <ele>5.2</ele>
            </trkpt>
            <trkpt lat="-27.005615" lon="-48.63025">
                <ele>5.5</ele>
            </trkpt>
            <trkpt lat="-27.005613" lon="-48.630252">
                <ele>5.8</ele>
            </trkpt>
            <trkpt lat="-27.005615" lon="-48.630255">
                <ele>5.8</ele>
            </trkpt>
            <trkpt lat="-27.005615" lon="-48.630258">
                <ele>5.9</ele>
            </trkpt>
            <trkpt lat="-27.005615" lon="-48.63026">
                <ele>6</ele>
            </trkpt>
            <trkpt lat="-27.005617" lon="-48.630262">
                <ele>6.2</ele>
            </trkpt>
            <trkpt lat="-27.005617" lon="-48.630263">
                <ele>6.4</ele>
            </trkpt>
            <trkpt lat="-27.005617" lon="-48.630263">
                <ele>6.4</ele>
            </trkpt>
            <trkpt lat="-27.005617" lon="-48.630263">
                <ele>6.4</ele>
            </trkpt>
            <trkpt lat="-27.005617" lon="-48.630263">
                <ele>6.4</ele>
            </trkpt>
            <trkpt lat="-27.005617" lon="-48.630263">
                <ele>6.4</ele>
            </trkpt>
            <trkpt lat="-27.005617" lon="-48.630263">
                <ele>6.4</ele>
            </trkpt>
            <trkpt lat="-27.005617" lon="-48.630263">
                <ele>6.4</ele>
            </trkpt>
            <trkpt lat="-27.005617" lon="-48.630263">
                <ele>6.4</ele>
            </trkpt>
            <trkpt lat="-27.005617" lon="-48.630263">
                <ele>6.4</ele>
            </trkpt>
            <trkpt lat="-27.005617" lon="-48.630263">
                <ele>6.4</ele>
            </trkpt>
            <trkpt lat="-27.005617" lon="-48.630263">
                <ele>6.4</ele>
            </trkpt>
            <trkpt lat="-27.005617" lon="-48.630263">
                <ele>6.4</ele>
            </trkpt>
            <trkpt lat="-27.005625" lon="-48.630263">
                <ele>7.8</ele>
            </trkpt>
            <trkpt lat="-27.005623" lon="-48.630258">
                <ele>7.6</ele>
            </trkpt>
            <trkpt lat="-27.005623" lon="-48.630255">
                <ele>7.3</ele>
            </trkpt>
            <trkpt lat="-27.00562" lon="-48.630255">
                <ele>7.5</ele>
            </trkpt>
            <trkpt lat="-27.005615" lon="-48.630253">
                <ele>7.4</ele>
            </trkpt>
            <trkpt lat="-27.00561" lon="-48.63025">
                <ele>7.5</ele>
            </trkpt>
            <trkpt lat="-27.005608" lon="-48.630247">
                <ele>7.6</ele>
            </trkpt>
            <trkpt lat="-27.005608" lon="-48.630245">
                <ele>7.7</ele>
            </trkpt>
            <trkpt lat="-27.005608" lon="-48.630243">
                <ele>8.1</ele>
            </trkpt>
            <trkpt lat="-27.005608" lon="-48.630245">
                <ele>8.1</ele>
            </trkpt>
            <trkpt lat="-27.005608" lon="-48.630247">
                <ele>8.2</ele>
            </trkpt>
            <trkpt lat="-27.005608" lon="-48.630247">
                <ele>8.2</ele>
            </trkpt>
            <trkpt lat="-27.005608" lon="-48.630237">
                <ele>8.3</ele>
            </trkpt>
            <trkpt lat="-27.00561" lon="-48.63023">
                <ele>8</ele>
            </trkpt>
            <trkpt lat="-27.005615" lon="-48.630222">
                <ele>8</ele>
            </trkpt>
            <trkpt lat="-27.005618" lon="-48.63021">
                <ele>8</ele>
            </trkpt>
            <trkpt lat="-27.00562" lon="-48.630203">
                <ele>7.6</ele>
            </trkpt>
            <trkpt lat="-27.005628" lon="-48.630193">
                <ele>7.6</ele>
            </trkpt>
            <trkpt lat="-27.005633" lon="-48.63018">
                <ele>7.5</ele>
            </trkpt>
            <trkpt lat="-27.005637" lon="-48.630165">
                <ele>7.3</ele>
            </trkpt>
            <trkpt lat="-27.005637" lon="-48.630152">
                <ele>7.4</ele>
            </trkpt>
            <trkpt lat="-27.00564" lon="-48.630138">
                <ele>7.6</ele>
            </trkpt>
            <trkpt lat="-27.005642" lon="-48.630125">
                <ele>7.9</ele>
            </trkpt>
            <trkpt lat="-27.005643" lon="-48.63011">
                <ele>8.1</ele>
            </trkpt>
            <trkpt lat="-27.005647" lon="-48.630098">
                <ele>8.1</ele>
            </trkpt>
            <trkpt lat="-27.005648" lon="-48.630087">
                <ele>8.1</ele>
            </trkpt>
            <trkpt lat="-27.005648" lon="-48.630072">
                <ele>8.2</ele>
            </trkpt>
            <trkpt lat="-27.00565" lon="-48.63006">
                <ele>8</ele>
            </trkpt>
            <trkpt lat="-27.00565" lon="-48.63006">
                <ele>8</ele>
            </trkpt>
            <trkpt lat="-27.005653" lon="-48.630047">
                <ele>7.8</ele>
            </trkpt>
            <trkpt lat="-27.005657" lon="-48.630035">
                <ele>7.6</ele>
            </trkpt>
            <trkpt lat="-27.00566" lon="-48.630023">
                <ele>7.5</ele>
            </trkpt>
            <trkpt lat="-27.005662" lon="-48.630015">
                <ele>7.4</ele>
            </trkpt>
            <trkpt lat="-27.005668" lon="-48.630005">
                <ele>7.4</ele>
            </trkpt>
            <trkpt lat="-27.005675" lon="-48.629997">
                <ele>7.4</ele>
            </trkpt>
            <trkpt lat="-27.005678" lon="-48.629992">
                <ele>7.4</ele>
            </trkpt>
            <trkpt lat="-27.005678" lon="-48.629992">
                <ele>7.4</ele>
            </trkpt>
            <trkpt lat="-27.00568" lon="-48.629987">
                <ele>7.2</ele>
            </trkpt>
            <trkpt lat="-27.005683" lon="-48.629985">
                <ele>6.9</ele>
            </trkpt>
            <trkpt lat="-27.005687" lon="-48.629983">
                <ele>6.7</ele>
            </trkpt>
            <trkpt lat="-27.005687" lon="-48.629982">
                <ele>6.6</ele>
            </trkpt>
            <trkpt lat="-27.005688" lon="-48.629983">
                <ele>6.4</ele>
            </trkpt>
            <trkpt lat="-27.00569" lon="-48.629987">
                <ele>6.3</ele>
            </trkpt>
            <trkpt lat="-27.005692" lon="-48.62999">
                <ele>6.1</ele>
            </trkpt>
            <trkpt lat="-27.005693" lon="-48.629995">
                <ele>5.9</ele>
            </trkpt>
            <trkpt lat="-27.005695" lon="-48.63">
                <ele>5.6</ele>
            </trkpt>
            <trkpt lat="-27.005697" lon="-48.630007">
                <ele>5.1</ele>
            </trkpt>
            <trkpt lat="-27.005697" lon="-48.630007">
                <ele>5.1</ele>
            </trkpt>
            <trkpt lat="-27.005697" lon="-48.630007">
                <ele>5.1</ele>
            </trkpt>
            <trkpt lat="-27.005697" lon="-48.630007">
                <ele>5.1</ele>
            </trkpt>
            <trkpt lat="-27.005697" lon="-48.630007">
                <ele>5.1</ele>
            </trkpt>
            <trkpt lat="-27.005697" lon="-48.630007">
                <ele>5.1</ele>
            </trkpt>
            <trkpt lat="-27.005697" lon="-48.630007">
                <ele>5.1</ele>
            </trkpt>
            <trkpt lat="-27.005697" lon="-48.630007">
                <ele>5.1</ele>
            </trkpt>
            <trkpt lat="-27.005697" lon="-48.630007">
                <ele>5.1</ele>
            </trkpt>
            <trkpt lat="-27.005697" lon="-48.630007">
                <ele>5.1</ele>
            </trkpt>
            <trkpt lat="-27.005697" lon="-48.630007">
                <ele>5.1</ele>
            </trkpt>
            <trkpt lat="-27.005697" lon="-48.630007">
                <ele>5.1</ele>
            </trkpt>
            <trkpt lat="-27.005697" lon="-48.630007">
                <ele>5.1</ele>
            </trkpt>
            <trkpt lat="-27.005698" lon="-48.630003">
                <ele>5.1</ele>
            </trkpt>
            <trkpt lat="-27.00569" lon="-48.630015">
                <ele>5.4</ele>
            </trkpt>
            <trkpt lat="-27.005688" lon="-48.630028">
                <ele>5.8</ele>
            </trkpt>
            <trkpt lat="-27.005683" lon="-48.63004">
                <ele>5.6</ele>
            </trkpt>
            <trkpt lat="-27.005678" lon="-48.630057">
                <ele>5.3</ele>
            </trkpt>
            <trkpt lat="-27.005675" lon="-48.630072">
                <ele>5.3</ele>
            </trkpt>
            <trkpt lat="-27.005673" lon="-48.630083">
                <ele>5.4</ele>
            </trkpt>
            <trkpt lat="-27.005672" lon="-48.630097">
                <ele>5.5</ele>
            </trkpt>
            <trkpt lat="-27.005665" lon="-48.630108">
                <ele>5.6</ele>
            </trkpt>
            <trkpt lat="-27.005662" lon="-48.63012">
                <ele>5.9</ele>
            </trkpt>
            <trkpt lat="-27.00566" lon="-48.63013">
                <ele>6.2</ele>
            </trkpt>
            <trkpt lat="-27.005662" lon="-48.630138">
                <ele>6.6</ele>
            </trkpt>
            <trkpt lat="-27.005658" lon="-48.63014">
                <ele>6.4</ele>
            </trkpt>
            <trkpt lat="-27.005658" lon="-48.630138">
                <ele>6.4</ele>
            </trkpt>
            <trkpt lat="-27.005657" lon="-48.630138">
                <ele>6.4</ele>
            </trkpt>
            <trkpt lat="-27.005657" lon="-48.630138">
                <ele>6.3</ele>
            </trkpt>
            <trkpt lat="-27.005655" lon="-48.630135">
                <ele>6.4</ele>
            </trkpt>
            <trkpt lat="-27.005652" lon="-48.630135">
                <ele>6.6</ele>
            </trkpt>
            <trkpt lat="-27.00565" lon="-48.63015">
                <ele>6.6</ele>
            </trkpt>
            <trkpt lat="-27.005643" lon="-48.630165">
                <ele>6.4</ele>
            </trkpt>
            <trkpt lat="-27.005637" lon="-48.630178">
                <ele>6.1</ele>
            </trkpt>
            <trkpt lat="-27.005632" lon="-48.630193">
                <ele>5.7</ele>
            </trkpt>
            <trkpt lat="-27.00563" lon="-48.630205">
                <ele>5.5</ele>
            </trkpt>
            <trkpt lat="-27.005627" lon="-48.630217">
                <ele>5.8</ele>
            </trkpt>
            <trkpt lat="-27.005623" lon="-48.63023">
                <ele>6.1</ele>
            </trkpt>
            <trkpt lat="-27.005625" lon="-48.630237">
                <ele>6.2</ele>
            </trkpt>
            <trkpt lat="-27.005628" lon="-48.630243">
                <ele>6.6</ele>
            </trkpt>
            <trkpt lat="-27.00563" lon="-48.630248">
                <ele>6.7</ele>
            </trkpt>
            <trkpt lat="-27.005635" lon="-48.630253">
                <ele>6.8</ele>
            </trkpt>
            <trkpt lat="-27.005638" lon="-48.630257">
                <ele>6.8</ele>
            </trkpt>
            <trkpt lat="-27.005642" lon="-48.630258">
                <ele>6.9</ele>
            </trkpt>
            <trkpt lat="-27.005643" lon="-48.630253">
                <ele>7.1</ele>
            </trkpt>
            <trkpt lat="-27.005647" lon="-48.630247">
                <ele>7.1</ele>
            </trkpt>
            <trkpt lat="-27.005648" lon="-48.630242">
                <ele>7.2</ele>
            </trkpt>
            <trkpt lat="-27.005648" lon="-48.630237">
                <ele>7.3</ele>
            </trkpt>
            <trkpt lat="-27.005647" lon="-48.630232">
                <ele>7.4</ele>
            </trkpt>
            <trkpt lat="-27.005647" lon="-48.63023">
                <ele>7.5</ele>
            </trkpt>
            <trkpt lat="-27.005647" lon="-48.63023">
                <ele>7.5</ele>
            </trkpt>
            <trkpt lat="-27.005645" lon="-48.630232">
                <ele>7.5</ele>
            </trkpt>
            <trkpt lat="-27.005635" lon="-48.630233">
                <ele>7.3</ele>
            </trkpt>
            <trkpt lat="-27.005635" lon="-48.630233">
                <ele>7.3</ele>
            </trkpt>
            <trkpt lat="-27.005635" lon="-48.630233">
                <ele>7.3</ele>
            </trkpt>
            <trkpt lat="-27.005637" lon="-48.630212">
                <ele>7.1</ele>
            </trkpt>
            <trkpt lat="-27.00563" lon="-48.630217">
                <ele>6.5</ele>
            </trkpt>
            <trkpt lat="-27.005625" lon="-48.630232">
                <ele>6.1</ele>
            </trkpt>
            <trkpt lat="-27.005615" lon="-48.63023">
                <ele>6.2</ele>
            </trkpt>
            <trkpt lat="-27.005613" lon="-48.63024">
                <ele>5.6</ele>
            </trkpt>
            <trkpt lat="-27.005608" lon="-48.630243">
                <ele>5.3</ele>
            </trkpt>
            <trkpt lat="-27.005608" lon="-48.630243">
                <ele>5.3</ele>
            </trkpt>
            <trkpt lat="-27.005608" lon="-48.63026">
                <ele>6</ele>
            </trkpt>
            <trkpt lat="-27.00561" lon="-48.630272">
                <ele>6</ele>
            </trkpt>
            <trkpt lat="-27.005612" lon="-48.630283">
                <ele>6.2</ele>
            </trkpt>
            <trkpt lat="-27.005608" lon="-48.630302">
                <ele>6.2</ele>
            </trkpt>
            <trkpt lat="-27.005608" lon="-48.630327">
                <ele>6.2</ele>
            </trkpt>
            <trkpt lat="-27.005603" lon="-48.630353">
                <ele>6.1</ele>
            </trkpt>
            <trkpt lat="-27.005598" lon="-48.630383">
                <ele>5.7</ele>
            </trkpt>
            <trkpt lat="-27.005595" lon="-48.630407">
                <ele>5.6</ele>
            </trkpt>
            <trkpt lat="-27.005588" lon="-48.630428">
                <ele>5.6</ele>
            </trkpt>
            <trkpt lat="-27.005588" lon="-48.630448">
                <ele>5.1</ele>
            </trkpt>
            <trkpt lat="-27.005587" lon="-48.630477">
                <ele>4.4</ele>
            </trkpt>
            <trkpt lat="-27.005583" lon="-48.630497">
                <ele>4.4</ele>
            </trkpt>
            <trkpt lat="-27.005582" lon="-48.630515">
                <ele>4</ele>
            </trkpt>
            <trkpt lat="-27.005578" lon="-48.630538">
                <ele>3.5</ele>
            </trkpt>
            <trkpt lat="-27.005578" lon="-48.630552">
                <ele>3.6</ele>
            </trkpt>
            <trkpt lat="-27.005573" lon="-48.630557">
                <ele>3.7</ele>
            </trkpt>
            <trkpt lat="-27.005572" lon="-48.63056">
                <ele>3.8</ele>
            </trkpt>
            <trkpt lat="-27.005572" lon="-48.630562">
                <ele>4.1</ele>
            </trkpt>
            <trkpt lat="-27.005572" lon="-48.630567">
                <ele>4.5</ele>
            </trkpt>
            <trkpt lat="-27.005567" lon="-48.630577">
                <ele>4.9</ele>
            </trkpt>
            <trkpt lat="-27.005565" lon="-48.630583">
                <ele>5</ele>
            </trkpt>
            <trkpt lat="-27.005562" lon="-48.63059">
                <ele>4.8</ele>
            </trkpt>
            <trkpt lat="-27.005562" lon="-48.630592">
                <ele>4.7</ele>
            </trkpt>
            <trkpt lat="-27.00556" lon="-48.63059">
                <ele>4.3</ele>
            </trkpt>
            <trkpt lat="-27.00556" lon="-48.63059">
                <ele>4.5</ele>
            </trkpt>
            <trkpt lat="-27.00556" lon="-48.63059">
                <ele>4.5</ele>
            </trkpt>
            <trkpt lat="-27.00556" lon="-48.63059">
                <ele>4.5</ele>
            </trkpt>
            <trkpt lat="-27.00556" lon="-48.63059">
                <ele>4.5</ele>
            </trkpt>
            <trkpt lat="-27.00556" lon="-48.63059">
                <ele>4.5</ele>
            </trkpt>
            <trkpt lat="-27.00556" lon="-48.63059">
                <ele>4.5</ele>
            </trkpt>
            <trkpt lat="-27.00556" lon="-48.63059">
                <ele>4.5</ele>
            </trkpt>
            <trkpt lat="-27.00556" lon="-48.63059">
                <ele>4.5</ele>
            </trkpt>
            <trkpt lat="-27.00556" lon="-48.63059">
                <ele>4.5</ele>
            </trkpt>
            <trkpt lat="-27.00556" lon="-48.63059">
                <ele>4.5</ele>
            </trkpt>
            <trkpt lat="-27.00556" lon="-48.63059">
                <ele>4.5</ele>
            </trkpt>
            <trkpt lat="-27.00556" lon="-48.63059">
                <ele>4.5</ele>
            </trkpt>
            <trkpt lat="-27.00556" lon="-48.63059">
                <ele>4.5</ele>
            </trkpt>
            <trkpt lat="-27.00556" lon="-48.63059">
                <ele>4.5</ele>
            </trkpt>
            <trkpt lat="-27.00556" lon="-48.63059">
                <ele>4.5</ele>
            </trkpt>
            <trkpt lat="-27.00556" lon="-48.63059">
                <ele>4.5</ele>
            </trkpt>
            <trkpt lat="-27.00556" lon="-48.63059">
                <ele>4.5</ele>
            </trkpt>
            <trkpt lat="-27.00556" lon="-48.63059">
                <ele>4.5</ele>
            </trkpt>
            <trkpt lat="-27.00556" lon="-48.63059">
                <ele>4.5</ele>
            </trkpt>
            <trkpt lat="-27.00556" lon="-48.63059">
                <ele>4.5</ele>
            </trkpt>
            <trkpt lat="-27.00556" lon="-48.63059">
                <ele>4.5</ele>
            </trkpt>
            <trkpt lat="-27.00556" lon="-48.63059">
                <ele>4.5</ele>
            </trkpt>
            <trkpt lat="-27.00556" lon="-48.63059">
                <ele>4.5</ele>
            </trkpt>
            <trkpt lat="-27.00556" lon="-48.63059">
                <ele>4.5</ele>
            </trkpt>
            <trkpt lat="-27.00556" lon="-48.63059">
                <ele>4.5</ele>
            </trkpt>
            <trkpt lat="-27.00556" lon="-48.63059">
                <ele>4.5</ele>
            </trkpt>
            <trkpt lat="-27.00556" lon="-48.63059">
                <ele>4.5</ele>
            </trkpt>
            <trkpt lat="-27.00556" lon="-48.63059">
                <ele>4.5</ele>
            </trkpt>
            <trkpt lat="-27.00556" lon="-48.63059">
                <ele>4.5</ele>
            </trkpt>
            <trkpt lat="-27.00556" lon="-48.63059">
                <ele>4.5</ele>
            </trkpt>
            <trkpt lat="-27.00556" lon="-48.63059">
                <ele>4.5</ele>
            </trkpt>
            <trkpt lat="-27.00556" lon="-48.63059">
                <ele>4.5</ele>
            </trkpt>
            <trkpt lat="-27.00556" lon="-48.63059">
                <ele>4.5</ele>
            </trkpt>
            <trkpt lat="-27.00556" lon="-48.63059">
                <ele>4.5</ele>
            </trkpt>
            <trkpt lat="-27.00556" lon="-48.63059">
                <ele>4.5</ele>
            </trkpt>
            <trkpt lat="-27.00556" lon="-48.63059">
                <ele>4.5</ele>
            </trkpt>
            <trkpt lat="-27.00556" lon="-48.63059">
                <ele>4.5</ele>
            </trkpt>
            <trkpt lat="-27.00556" lon="-48.63059">
                <ele>4.5</ele>
            </trkpt>
            <trkpt lat="-27.00556" lon="-48.63059">
                <ele>4.5</ele>
            </trkpt>
            <trkpt lat="-27.00556" lon="-48.63059">
                <ele>4.5</ele>
            </trkpt>
            <trkpt lat="-27.00556" lon="-48.63059">
                <ele>4.5</ele>
            </trkpt>
            <trkpt lat="-27.00556" lon="-48.63059">
                <ele>4.5</ele>
            </trkpt>
            <trkpt lat="-27.00556" lon="-48.63059">
                <ele>4.5</ele>
            </trkpt>
            <trkpt lat="-27.005565" lon="-48.63061">
                <ele>4.4</ele>
            </trkpt>
            <trkpt lat="-27.005567" lon="-48.630618">
                <ele>4.5</ele>
            </trkpt>
            <trkpt lat="-27.005567" lon="-48.63063">
                <ele>5</ele>
            </trkpt>
            <trkpt lat="-27.005562" lon="-48.630642">
                <ele>5.5</ele>
            </trkpt>
            <trkpt lat="-27.005555" lon="-48.630655">
                <ele>5.9</ele>
            </trkpt>
            <trkpt lat="-27.005553" lon="-48.630663">
                <ele>5.5</ele>
            </trkpt>
            <trkpt lat="-27.005553" lon="-48.63067">
                <ele>5.3</ele>
            </trkpt>
            <trkpt lat="-27.005553" lon="-48.63067">
                <ele>5</ele>
            </trkpt>
            <trkpt lat="-27.005552" lon="-48.630668">
                <ele>5.1</ele>
            </trkpt>
            <trkpt lat="-27.00555" lon="-48.630667">
                <ele>5.3</ele>
            </trkpt>
            <trkpt lat="-27.005548" lon="-48.63067">
                <ele>5.5</ele>
            </trkpt>
            <trkpt lat="-27.00555" lon="-48.630678">
                <ele>5.6</ele>
            </trkpt>
            <trkpt lat="-27.00555" lon="-48.630693">
                <ele>5.7</ele>
            </trkpt>
            <trkpt lat="-27.005548" lon="-48.630713">
                <ele>5.8</ele>
            </trkpt>
            <trkpt lat="-27.005543" lon="-48.630732">
                <ele>5.6</ele>
            </trkpt>
            <trkpt lat="-27.005537" lon="-48.63076">
                <ele>5.5</ele>
            </trkpt>
            <trkpt lat="-27.00553" lon="-48.630787">
                <ele>5.4</ele>
            </trkpt>
            <trkpt lat="-27.005523" lon="-48.630813">
                <ele>5.5</ele>
            </trkpt>
            <trkpt lat="-27.005517" lon="-48.63084">
                <ele>5.6</ele>
            </trkpt>
            <trkpt lat="-27.00551" lon="-48.630867">
                <ele>5.2</ele>
            </trkpt>
            <trkpt lat="-27.005508" lon="-48.630892">
                <ele>4.9</ele>
            </trkpt>
            <trkpt lat="-27.005505" lon="-48.630917">
                <ele>4.6</ele>
            </trkpt>
            <trkpt lat="-27.005507" lon="-48.630943">
                <ele>4.1</ele>
            </trkpt>
            <trkpt lat="-27.005505" lon="-48.63097">
                <ele>3.6</ele>
            </trkpt>
            <trkpt lat="-27.005502" lon="-48.630998">
                <ele>3.2</ele>
            </trkpt>
            <trkpt lat="-27.005498" lon="-48.631027">
                <ele>2.8</ele>
            </trkpt>
            <trkpt lat="-27.005495" lon="-48.631055">
                <ele>2.8</ele>
            </trkpt>
            <trkpt lat="-27.005487" lon="-48.631083">
                <ele>2.5</ele>
            </trkpt>
            <trkpt lat="-27.00548" lon="-48.63111">
                <ele>2.5</ele>
            </trkpt>
            <trkpt lat="-27.005478" lon="-48.631125">
                <ele>2.7</ele>
            </trkpt>
            <trkpt lat="-27.005473" lon="-48.631133">
                <ele>3.2</ele>
            </trkpt>
            <trkpt lat="-27.005473" lon="-48.631138">
                <ele>3.5</ele>
            </trkpt>
            <trkpt lat="-27.005477" lon="-48.631135">
                <ele>4</ele>
            </trkpt>
            <trkpt lat="-27.00548" lon="-48.631135">
                <ele>4.7</ele>
            </trkpt>
            <trkpt lat="-27.005482" lon="-48.631133">
                <ele>5.2</ele>
            </trkpt>
            <trkpt lat="-27.005485" lon="-48.631133">
                <ele>5.6</ele>
            </trkpt>
            <trkpt lat="-27.005487" lon="-48.631135">
                <ele>5.7</ele>
            </trkpt>
            <trkpt lat="-27.00549" lon="-48.631137">
                <ele>5.9</ele>
            </trkpt>
            <trkpt lat="-27.00549" lon="-48.631137">
                <ele>5.9</ele>
            </trkpt>
            <trkpt lat="-27.005492" lon="-48.631138">
                <ele>6</ele>
            </trkpt>
            <trkpt lat="-27.005493" lon="-48.63114">
                <ele>5.8</ele>
            </trkpt>
            <trkpt lat="-27.005497" lon="-48.63114">
                <ele>5.5</ele>
            </trkpt>
            <trkpt lat="-27.005497" lon="-48.63114">
                <ele>5.5</ele>
            </trkpt>
            <trkpt lat="-27.005497" lon="-48.63114">
                <ele>5.5</ele>
            </trkpt>
            <trkpt lat="-27.005497" lon="-48.63114">
                <ele>5.5</ele>
            </trkpt>
            <trkpt lat="-27.005497" lon="-48.63114">
                <ele>5.5</ele>
            </trkpt>
            <trkpt lat="-27.005497" lon="-48.63114">
                <ele>5.5</ele>
            </trkpt>
            <trkpt lat="-27.005497" lon="-48.63114">
                <ele>5.5</ele>
            </trkpt>
            <trkpt lat="-27.005497" lon="-48.63114">
                <ele>5.5</ele>
            </trkpt>
            <trkpt lat="-27.005497" lon="-48.63114">
                <ele>5.5</ele>
            </trkpt>
            <trkpt lat="-27.005497" lon="-48.63114">
                <ele>5.5</ele>
            </trkpt>
            <trkpt lat="-27.005497" lon="-48.63114">
                <ele>5.5</ele>
            </trkpt>
            <trkpt lat="-27.005497" lon="-48.63114">
                <ele>5.5</ele>
            </trkpt>
            <trkpt lat="-27.005497" lon="-48.63114">
                <ele>5.5</ele>
            </trkpt>
            <trkpt lat="-27.005497" lon="-48.63114">
                <ele>5.5</ele>
            </trkpt>
            <trkpt lat="-27.005497" lon="-48.63114">
                <ele>5.5</ele>
            </trkpt>
            <trkpt lat="-27.005497" lon="-48.63114">
                <ele>5.5</ele>
            </trkpt>
            <trkpt lat="-27.005497" lon="-48.63114">
                <ele>5.5</ele>
            </trkpt>
            <trkpt lat="-27.005497" lon="-48.63114">
                <ele>5.5</ele>
            </trkpt>
            <trkpt lat="-27.005497" lon="-48.63114">
                <ele>5.5</ele>
            </trkpt>
            <trkpt lat="-27.005497" lon="-48.63114">
                <ele>5.5</ele>
            </trkpt>
            <trkpt lat="-27.005497" lon="-48.63114">
                <ele>5.5</ele>
            </trkpt>
            <trkpt lat="-27.005497" lon="-48.63114">
                <ele>5.5</ele>
            </trkpt>
            <trkpt lat="-27.005497" lon="-48.63114">
                <ele>5.5</ele>
            </trkpt>
            <trkpt lat="-27.005497" lon="-48.63114">
                <ele>5.5</ele>
            </trkpt>
            <trkpt lat="-27.005457" lon="-48.631155">
                <ele>7</ele>
            </trkpt>
            <trkpt lat="-27.005457" lon="-48.631163">
                <ele>7.3</ele>
            </trkpt>
            <trkpt lat="-27.005462" lon="-48.631173">
                <ele>7.2</ele>
            </trkpt>
            <trkpt lat="-27.005462" lon="-48.631187">
                <ele>7.2</ele>
            </trkpt>
            <trkpt lat="-27.005463" lon="-48.631208">
                <ele>7.1</ele>
            </trkpt>
            <trkpt lat="-27.005458" lon="-48.631233">
                <ele>7.1</ele>
            </trkpt>
            <trkpt lat="-27.005453" lon="-48.631257">
                <ele>6.9</ele>
            </trkpt>
            <trkpt lat="-27.005445" lon="-48.631287">
                <ele>6.5</ele>
            </trkpt>
            <trkpt lat="-27.005437" lon="-48.631317">
                <ele>6.6</ele>
            </trkpt>
            <trkpt lat="-27.005427" lon="-48.631348">
                <ele>6.1</ele>
            </trkpt>
            <trkpt lat="-27.00542" lon="-48.631382">
                <ele>5.5</ele>
            </trkpt>
            <trkpt lat="-27.005413" lon="-48.631415">
                <ele>5.7</ele>
            </trkpt>
            <trkpt lat="-27.005403" lon="-48.63145">
                <ele>5.6</ele>
            </trkpt>
            <trkpt lat="-27.005397" lon="-48.631488">
                <ele>4.9</ele>
            </trkpt>
            <trkpt lat="-27.005385" lon="-48.631523">
                <ele>4.7</ele>
            </trkpt>
            <trkpt lat="-27.005375" lon="-48.631568">
                <ele>4.3</ele>
            </trkpt>
            <trkpt lat="-27.005367" lon="-48.631608">
                <ele>3.8</ele>
            </trkpt>
            <trkpt lat="-27.00536" lon="-48.631652">
                <ele>3.3</ele>
            </trkpt>
            <trkpt lat="-27.005358" lon="-48.631692">
                <ele>2.8</ele>
            </trkpt>
            <trkpt lat="-27.005357" lon="-48.631727">
                <ele>2.3</ele>
            </trkpt>
            <trkpt lat="-27.005357" lon="-48.631757">
                <ele>2</ele>
            </trkpt>
            <trkpt lat="-27.005355" lon="-48.631782">
                <ele>2.1</ele>
            </trkpt>
            <trkpt lat="-27.005352" lon="-48.631803">
                <ele>2.4</ele>
            </trkpt>
            <trkpt lat="-27.005345" lon="-48.631812">
                <ele>2.5</ele>
            </trkpt>
            <trkpt lat="-27.005343" lon="-48.631817">
                <ele>3.3</ele>
            </trkpt>
            <trkpt lat="-27.005343" lon="-48.631818">
                <ele>4.2</ele>
            </trkpt>
            <trkpt lat="-27.005343" lon="-48.631822">
                <ele>4.7</ele>
            </trkpt>
            <trkpt lat="-27.005343" lon="-48.631822">
                <ele>5</ele>
            </trkpt>
            <trkpt lat="-27.005345" lon="-48.631822">
                <ele>5.5</ele>
            </trkpt>
            <trkpt lat="-27.005347" lon="-48.631822">
                <ele>5.7</ele>
            </trkpt>
            <trkpt lat="-27.005348" lon="-48.63182">
                <ele>5.9</ele>
            </trkpt>
            <trkpt lat="-27.005348" lon="-48.63182">
                <ele>5.9</ele>
            </trkpt>
            <trkpt lat="-27.00535" lon="-48.63182">
                <ele>6.2</ele>
            </trkpt>
            <trkpt lat="-27.005353" lon="-48.63182">
                <ele>6.3</ele>
            </trkpt>
            <trkpt lat="-27.005353" lon="-48.631822">
                <ele>6.1</ele>
            </trkpt>
            <trkpt lat="-27.005353" lon="-48.631822">
                <ele>6.1</ele>
            </trkpt>
            <trkpt lat="-27.005353" lon="-48.631822">
                <ele>6.1</ele>
            </trkpt>
            <trkpt lat="-27.005353" lon="-48.631822">
                <ele>6.1</ele>
            </trkpt>
            <trkpt lat="-27.005353" lon="-48.631822">
                <ele>6.1</ele>
            </trkpt>
            <trkpt lat="-27.005353" lon="-48.631822">
                <ele>6.1</ele>
            </trkpt>
            <trkpt lat="-27.005338" lon="-48.631832">
                <ele>5.7</ele>
            </trkpt>
            <trkpt lat="-27.005337" lon="-48.631845">
                <ele>6.6</ele>
            </trkpt>
            <trkpt lat="-27.005333" lon="-48.631858">
                <ele>6.9</ele>
            </trkpt>
            <trkpt lat="-27.005328" lon="-48.631873">
                <ele>7.6</ele>
            </trkpt>
            <trkpt lat="-27.005317" lon="-48.631897">
                <ele>7.8</ele>
            </trkpt>
            <trkpt lat="-27.005308" lon="-48.631922">
                <ele>7.9</ele>
            </trkpt>
            <trkpt lat="-27.005295" lon="-48.63195">
                <ele>8</ele>
            </trkpt>
            <trkpt lat="-27.00529" lon="-48.631977">
                <ele>7.6</ele>
            </trkpt>
            <trkpt lat="-27.00528" lon="-48.632005">
                <ele>6.4</ele>
            </trkpt>
            <trkpt lat="-27.005275" lon="-48.632043">
                <ele>4.8</ele>
            </trkpt>
            <trkpt lat="-27.005268" lon="-48.63207">
                <ele>3.8</ele>
            </trkpt>
            <trkpt lat="-27.005265" lon="-48.632078">
                <ele>3.7</ele>
            </trkpt>
            <trkpt lat="-27.005265" lon="-48.632083">
                <ele>3.8</ele>
            </trkpt>
            <trkpt lat="-27.005263" lon="-48.632085">
                <ele>3.6</ele>
            </trkpt>
            <trkpt lat="-27.005265" lon="-48.632088">
                <ele>3.6</ele>
            </trkpt>
            <trkpt lat="-27.005267" lon="-48.632092">
                <ele>3.8</ele>
            </trkpt>
            <trkpt lat="-27.00527" lon="-48.632095">
                <ele>3.8</ele>
            </trkpt>
            <trkpt lat="-27.00527" lon="-48.632095">
                <ele>3.8</ele>
            </trkpt>
            <trkpt lat="-27.005277" lon="-48.632095">
                <ele>3.9</ele>
            </trkpt>
            <trkpt lat="-27.00528" lon="-48.632097">
                <ele>4</ele>
            </trkpt>
            <trkpt lat="-27.005282" lon="-48.632095">
                <ele>4.1</ele>
            </trkpt>
            <trkpt lat="-27.005283" lon="-48.632095">
                <ele>4.2</ele>
            </trkpt>
            <trkpt lat="-27.005287" lon="-48.632095">
                <ele>4.3</ele>
            </trkpt>
            <trkpt lat="-27.005287" lon="-48.632095">
                <ele>4.3</ele>
            </trkpt>
            <trkpt lat="-27.005287" lon="-48.632095">
                <ele>4.3</ele>
            </trkpt>
            <trkpt lat="-27.005287" lon="-48.632095">
                <ele>4.3</ele>
            </trkpt>
            <trkpt lat="-27.005287" lon="-48.632095">
                <ele>4.3</ele>
            </trkpt>
            <trkpt lat="-27.005287" lon="-48.632095">
                <ele>4.3</ele>
            </trkpt>
            <trkpt lat="-27.005287" lon="-48.632095">
                <ele>4.3</ele>
            </trkpt>
            <trkpt lat="-27.0053" lon="-48.632107">
                <ele>4.6</ele>
            </trkpt>
            <trkpt lat="-27.0053" lon="-48.63212">
                <ele>4.5</ele>
            </trkpt>
            <trkpt lat="-27.005298" lon="-48.632142">
                <ele>4.3</ele>
            </trkpt>
            <trkpt lat="-27.005297" lon="-48.632167">
                <ele>4.2</ele>
            </trkpt>
            <trkpt lat="-27.005292" lon="-48.632195">
                <ele>3.9</ele>
            </trkpt>
            <trkpt lat="-27.005287" lon="-48.632222">
                <ele>3.7</ele>
            </trkpt>
            <trkpt lat="-27.005278" lon="-48.632248">
                <ele>3.4</ele>
            </trkpt>
            <trkpt lat="-27.005272" lon="-48.632273">
                <ele>3.3</ele>
            </trkpt>
            <trkpt lat="-27.005265" lon="-48.632303">
                <ele>3.5</ele>
            </trkpt>
            <trkpt lat="-27.005258" lon="-48.632327">
                <ele>3.6</ele>
            </trkpt>
            <trkpt lat="-27.005252" lon="-48.632338">
                <ele>4.1</ele>
            </trkpt>
            <trkpt lat="-27.005252" lon="-48.632338">
                <ele>4.2</ele>
            </trkpt>
            <trkpt lat="-27.005252" lon="-48.632338">
                <ele>4.3</ele>
            </trkpt>
            <trkpt lat="-27.005252" lon="-48.632338">
                <ele>4.3</ele>
            </trkpt>
            <trkpt lat="-27.005252" lon="-48.632338">
                <ele>4.3</ele>
            </trkpt>
            <trkpt lat="-27.005253" lon="-48.632338">
                <ele>4.5</ele>
            </trkpt>
            <trkpt lat="-27.005255" lon="-48.632337">
                <ele>4.4</ele>
            </trkpt>
            <trkpt lat="-27.005252" lon="-48.632335">
                <ele>4.6</ele>
            </trkpt>
            <trkpt lat="-27.005248" lon="-48.632337">
                <ele>4.7</ele>
            </trkpt>
            <trkpt lat="-27.005245" lon="-48.632335">
                <ele>4.9</ele>
            </trkpt>
            <trkpt lat="-27.005245" lon="-48.632335">
                <ele>4.9</ele>
            </trkpt>
            <trkpt lat="-27.005242" lon="-48.632335">
                <ele>5</ele>
            </trkpt>
            <trkpt lat="-27.005242" lon="-48.632335">
                <ele>5</ele>
            </trkpt>
            <trkpt lat="-27.005242" lon="-48.632345">
                <ele>5.2</ele>
            </trkpt>
            <trkpt lat="-27.005242" lon="-48.63236">
                <ele>5</ele>
            </trkpt>
            <trkpt lat="-27.005238" lon="-48.632385">
                <ele>5.1</ele>
            </trkpt>
            <trkpt lat="-27.005235" lon="-48.632413">
                <ele>4.8</ele>
            </trkpt>
            <trkpt lat="-27.00523" lon="-48.632442">
                <ele>4.4</ele>
            </trkpt>
            <trkpt lat="-27.005228" lon="-48.632472">
                <ele>4.5</ele>
            </trkpt>
            <trkpt lat="-27.005225" lon="-48.632502">
                <ele>4.5</ele>
            </trkpt>
            <trkpt lat="-27.00522" lon="-48.632537">
                <ele>4.6</ele>
            </trkpt>
            <trkpt lat="-27.005215" lon="-48.632568">
                <ele>4.2</ele>
            </trkpt>
            <trkpt lat="-27.00521" lon="-48.632607">
                <ele>4.1</ele>
            </trkpt>
            <trkpt lat="-27.005202" lon="-48.632642">
                <ele>3.9</ele>
            </trkpt>
            <trkpt lat="-27.005193" lon="-48.632668">
                <ele>3.5</ele>
            </trkpt>
            <trkpt lat="-27.005182" lon="-48.632698">
                <ele>4.2</ele>
            </trkpt>
            <trkpt lat="-27.005175" lon="-48.632712">
                <ele>4.9</ele>
            </trkpt>
            <trkpt lat="-27.005172" lon="-48.632717">
                <ele>5</ele>
            </trkpt>
            <trkpt lat="-27.005173" lon="-48.63272">
                <ele>4.3</ele>
            </trkpt>
            <trkpt lat="-27.005175" lon="-48.632722">
                <ele>3.9</ele>
            </trkpt>
            <trkpt lat="-27.005175" lon="-48.632722">
                <ele>3</ele>
            </trkpt>
            <trkpt lat="-27.005177" lon="-48.63272">
                <ele>2.5</ele>
            </trkpt>
            <trkpt lat="-27.005178" lon="-48.632718">
                <ele>2.6</ele>
            </trkpt>
            <trkpt lat="-27.005178" lon="-48.632718">
                <ele>2.9</ele>
            </trkpt>
            <trkpt lat="-27.005178" lon="-48.632717">
                <ele>3.1</ele>
            </trkpt>
            <trkpt lat="-27.00518" lon="-48.632717">
                <ele>3.4</ele>
            </trkpt>
            <trkpt lat="-27.005182" lon="-48.632717">
                <ele>3.4</ele>
            </trkpt>
            <trkpt lat="-27.005182" lon="-48.632717">
                <ele>3.4</ele>
            </trkpt>
            <trkpt lat="-27.005182" lon="-48.632717">
                <ele>3.4</ele>
            </trkpt>
            <trkpt lat="-27.005182" lon="-48.632717">
                <ele>3.4</ele>
            </trkpt>
            <trkpt lat="-27.005182" lon="-48.632717">
                <ele>3.4</ele>
            </trkpt>
            <trkpt lat="-27.005182" lon="-48.632717">
                <ele>3.4</ele>
            </trkpt>
            <trkpt lat="-27.005182" lon="-48.632717">
                <ele>3.4</ele>
            </trkpt>
            <trkpt lat="-27.005182" lon="-48.632717">
                <ele>3.4</ele>
            </trkpt>
            <trkpt lat="-27.005182" lon="-48.632717">
                <ele>3.4</ele>
            </trkpt>
            <trkpt lat="-27.005182" lon="-48.632717">
                <ele>3.4</ele>
            </trkpt>
            <trkpt lat="-27.005182" lon="-48.632717">
                <ele>3.4</ele>
            </trkpt>
            <trkpt lat="-27.005182" lon="-48.632717">
                <ele>3.4</ele>
            </trkpt>
            <trkpt lat="-27.005182" lon="-48.632717">
                <ele>3.4</ele>
            </trkpt>
            <trkpt lat="-27.005182" lon="-48.632717">
                <ele>3.4</ele>
            </trkpt>
            <trkpt lat="-27.005182" lon="-48.632717">
                <ele>3.4</ele>
            </trkpt>
            <trkpt lat="-27.005182" lon="-48.632717">
                <ele>3.4</ele>
            </trkpt>
            <trkpt lat="-27.005182" lon="-48.632717">
                <ele>3.4</ele>
            </trkpt>
            <trkpt lat="-27.005182" lon="-48.632717">
                <ele>3.4</ele>
            </trkpt>
            <trkpt lat="-27.005182" lon="-48.632717">
                <ele>3.4</ele>
            </trkpt>
            <trkpt lat="-27.005172" lon="-48.632732">
                <ele>6</ele>
            </trkpt>
            <trkpt lat="-27.00517" lon="-48.632745">
                <ele>5.7</ele>
            </trkpt>
            <trkpt lat="-27.005167" lon="-48.632762">
                <ele>5.2</ele>
            </trkpt>
            <trkpt lat="-27.005163" lon="-48.63278">
                <ele>5.2</ele>
            </trkpt>
            <trkpt lat="-27.00516" lon="-48.632793">
                <ele>4.8</ele>
            </trkpt>
            <trkpt lat="-27.005157" lon="-48.632807">
                <ele>4.5</ele>
            </trkpt>
            <trkpt lat="-27.005153" lon="-48.632817">
                <ele>4.5</ele>
            </trkpt>
            <trkpt lat="-27.005153" lon="-48.632822">
                <ele>4.9</ele>
            </trkpt>
            <trkpt lat="-27.005155" lon="-48.632822">
                <ele>5.2</ele>
            </trkpt>
            <trkpt lat="-27.005155" lon="-48.63282">
                <ele>5.5</ele>
            </trkpt>
            <trkpt lat="-27.005152" lon="-48.632817">
                <ele>6</ele>
            </trkpt>
            <trkpt lat="-27.00515" lon="-48.632817">
                <ele>6.2</ele>
            </trkpt>
            <trkpt lat="-27.005152" lon="-48.632815">
                <ele>6.6</ele>
            </trkpt>
            <trkpt lat="-27.005152" lon="-48.632813">
                <ele>6.8</ele>
            </trkpt>
            <trkpt lat="-27.005153" lon="-48.632815">
                <ele>6.8</ele>
            </trkpt>
            <trkpt lat="-27.005153" lon="-48.632815">
                <ele>6.8</ele>
            </trkpt>
            <trkpt lat="-27.005155" lon="-48.632817">
                <ele>6.7</ele>
            </trkpt>
            <trkpt lat="-27.005155" lon="-48.632817">
                <ele>6.7</ele>
            </trkpt>
            <trkpt lat="-27.005155" lon="-48.632817">
                <ele>6.7</ele>
            </trkpt>
            <trkpt lat="-27.005155" lon="-48.632817">
                <ele>6.7</ele>
            </trkpt>
            <trkpt lat="-27.005155" lon="-48.632817">
                <ele>6.7</ele>
            </trkpt>
            <trkpt lat="-27.005155" lon="-48.632817">
                <ele>6.7</ele>
            </trkpt>
            <trkpt lat="-27.005155" lon="-48.632817">
                <ele>6.7</ele>
            </trkpt>
            <trkpt lat="-27.005155" lon="-48.632817">
                <ele>6.7</ele>
            </trkpt>
            <trkpt lat="-27.005155" lon="-48.632817">
                <ele>6.7</ele>
            </trkpt>
            <trkpt lat="-27.005155" lon="-48.632817">
                <ele>6.7</ele>
            </trkpt>
            <trkpt lat="-27.005155" lon="-48.632817">
                <ele>6.7</ele>
            </trkpt>
            <trkpt lat="-27.005155" lon="-48.632817">
                <ele>6.7</ele>
            </trkpt>
            <trkpt lat="-27.005163" lon="-48.632818">
                <ele>6</ele>
            </trkpt>
            <trkpt lat="-27.005158" lon="-48.63281">
                <ele>6.2</ele>
            </trkpt>
            <trkpt lat="-27.005158" lon="-48.63281">
                <ele>6.2</ele>
            </trkpt>
            <trkpt lat="-27.005157" lon="-48.632812">
                <ele>6.3</ele>
            </trkpt>
            <trkpt lat="-27.005158" lon="-48.632817">
                <ele>6.4</ele>
            </trkpt>
            <trkpt lat="-27.005158" lon="-48.632817">
                <ele>6.4</ele>
            </trkpt>
            <trkpt lat="-27.005155" lon="-48.632822">
                <ele>6.7</ele>
            </trkpt>
            <trkpt lat="-27.005153" lon="-48.632835">
                <ele>6.8</ele>
            </trkpt>
            <trkpt lat="-27.005153" lon="-48.632848">
                <ele>6.8</ele>
            </trkpt>
            <trkpt lat="-27.005152" lon="-48.632867">
                <ele>6.3</ele>
            </trkpt>
            <trkpt lat="-27.005145" lon="-48.632883">
                <ele>5.9</ele>
            </trkpt>
            <trkpt lat="-27.00514" lon="-48.632893">
                <ele>5.5</ele>
            </trkpt>
            <trkpt lat="-27.005135" lon="-48.632898">
                <ele>4.7</ele>
            </trkpt>
            <trkpt lat="-27.005135" lon="-48.632898">
                <ele>4.2</ele>
            </trkpt>
            <trkpt lat="-27.005133" lon="-48.632897">
                <ele>3.9</ele>
            </trkpt>
            <trkpt lat="-27.005135" lon="-48.632903">
                <ele>4</ele>
            </trkpt>
            <trkpt lat="-27.005133" lon="-48.63291">
                <ele>4.2</ele>
            </trkpt>
            <trkpt lat="-27.005133" lon="-48.63292">
                <ele>4.2</ele>
            </trkpt>
            <trkpt lat="-27.005132" lon="-48.632935">
                <ele>4.1</ele>
            </trkpt>
            <trkpt lat="-27.005125" lon="-48.63296">
                <ele>4</ele>
            </trkpt>
            <trkpt lat="-27.005122" lon="-48.632988">
                <ele>3.6</ele>
            </trkpt>
            <trkpt lat="-27.005117" lon="-48.633017">
                <ele>3</ele>
            </trkpt>
            <trkpt lat="-27.005113" lon="-48.633045">
                <ele>2.3</ele>
            </trkpt>
            <trkpt lat="-27.005113" lon="-48.63308">
                <ele>1.2</ele>
            </trkpt>
            <trkpt lat="-27.00511" lon="-48.633113">
                <ele>0</ele>
            </trkpt>
            <trkpt lat="-27.005107" lon="-48.633143">
                <ele>-1</ele>
            </trkpt>
            <trkpt lat="-27.005103" lon="-48.633173">
                <ele>-2</ele>
            </trkpt>
            <trkpt lat="-27.005102" lon="-48.633198">
                <ele>-2.9</ele>
            </trkpt>
            <trkpt lat="-27.005102" lon="-48.63322">
                <ele>-3.8</ele>
            </trkpt>
            <trkpt lat="-27.005103" lon="-48.633235">
                <ele>-4.6</ele>
            </trkpt>
            <trkpt lat="-27.005103" lon="-48.633243">
                <ele>-4.9</ele>
            </trkpt>
            <trkpt lat="-27.005102" lon="-48.633247">
                <ele>-4.3</ele>
            </trkpt>
            <trkpt lat="-27.0051" lon="-48.63325">
                <ele>-3.9</ele>
            </trkpt>
            <trkpt lat="-27.005102" lon="-48.633252">
                <ele>-3.6</ele>
            </trkpt>
            <trkpt lat="-27.005103" lon="-48.633253">
                <ele>-3.3</ele>
            </trkpt>
            <trkpt lat="-27.005103" lon="-48.633253">
                <ele>-3.3</ele>
            </trkpt>
            <trkpt lat="-27.005107" lon="-48.633255">
                <ele>-2.8</ele>
            </trkpt>
            <trkpt lat="-27.005108" lon="-48.633257">
                <ele>-2.4</ele>
            </trkpt>
            <trkpt lat="-27.00511" lon="-48.633258">
                <ele>-2.1</ele>
            </trkpt>
            <trkpt lat="-27.00511" lon="-48.63326">
                <ele>-2</ele>
            </trkpt>
            <trkpt lat="-27.00511" lon="-48.633258">
                <ele>-1.9</ele>
            </trkpt>
            <trkpt lat="-27.00511" lon="-48.633258">
                <ele>-1.9</ele>
            </trkpt>
            <trkpt lat="-27.00511" lon="-48.633258">
                <ele>-1.9</ele>
            </trkpt>
            <trkpt lat="-27.00511" lon="-48.633258">
                <ele>-1.9</ele>
            </trkpt>
            <trkpt lat="-27.00511" lon="-48.633258">
                <ele>-1.9</ele>
            </trkpt>
            <trkpt lat="-27.00511" lon="-48.633258">
                <ele>-1.9</ele>
            </trkpt>
            <trkpt lat="-27.00511" lon="-48.633258">
                <ele>-1.9</ele>
            </trkpt>
            <trkpt lat="-27.00511" lon="-48.633258">
                <ele>-1.9</ele>
            </trkpt>
            <trkpt lat="-27.00511" lon="-48.633258">
                <ele>-1.9</ele>
            </trkpt>
            <trkpt lat="-27.005093" lon="-48.63328">
                <ele>0.6</ele>
            </trkpt>
            <trkpt lat="-27.005092" lon="-48.633302">
                <ele>1.2</ele>
            </trkpt>
            <trkpt lat="-27.005082" lon="-48.633327">
                <ele>1.7</ele>
            </trkpt>
            <trkpt lat="-27.005072" lon="-48.633357">
                <ele>2.4</ele>
            </trkpt>
            <trkpt lat="-27.00506" lon="-48.633387">
                <ele>3</ele>
            </trkpt>
            <trkpt lat="-27.005053" lon="-48.63342">
                <ele>3.1</ele>
            </trkpt>
            <trkpt lat="-27.00505" lon="-48.633455">
                <ele>3.8</ele>
            </trkpt>
            <trkpt lat="-27.00505" lon="-48.633495">
                <ele>4</ele>
            </trkpt>
            <trkpt lat="-27.005045" lon="-48.633537">
                <ele>4.2</ele>
            </trkpt>
            <trkpt lat="-27.00504" lon="-48.633572">
                <ele>4</ele>
            </trkpt>
            <trkpt lat="-27.005033" lon="-48.63361">
                <ele>4.5</ele>
            </trkpt>
            <trkpt lat="-27.005032" lon="-48.633645">
                <ele>4.5</ele>
            </trkpt>
            <trkpt lat="-27.005028" lon="-48.633677">
                <ele>3.8</ele>
            </trkpt>
            <trkpt lat="-27.005027" lon="-48.633708">
                <ele>3.2</ele>
            </trkpt>
            <trkpt lat="-27.00502" lon="-48.633743">
                <ele>2.7</ele>
            </trkpt>
            <trkpt lat="-27.005017" lon="-48.633773">
                <ele>2.7</ele>
            </trkpt>
            <trkpt lat="-27.005013" lon="-48.633793">
                <ele>3.1</ele>
            </trkpt>
            <trkpt lat="-27.005008" lon="-48.633805">
                <ele>3</ele>
            </trkpt>
            <trkpt lat="-27.005007" lon="-48.633803">
                <ele>3.3</ele>
            </trkpt>
            <trkpt lat="-27.005005" lon="-48.633802">
                <ele>3.4</ele>
            </trkpt>
            <trkpt lat="-27.005008" lon="-48.6338">
                <ele>3.4</ele>
            </trkpt>
            <trkpt lat="-27.005008" lon="-48.6338">
                <ele>3.4</ele>
            </trkpt>
            <trkpt lat="-27.005012" lon="-48.633798">
                <ele>3.5</ele>
            </trkpt>
            <trkpt lat="-27.005013" lon="-48.633797">
                <ele>3.5</ele>
            </trkpt>
            <trkpt lat="-27.005017" lon="-48.633795">
                <ele>3.4</ele>
            </trkpt>
            <trkpt lat="-27.00502" lon="-48.633793">
                <ele>3.5</ele>
            </trkpt>
            <trkpt lat="-27.00502" lon="-48.633793">
                <ele>3.5</ele>
            </trkpt>
            <trkpt lat="-27.005023" lon="-48.633792">
                <ele>3.5</ele>
            </trkpt>
            <trkpt lat="-27.005027" lon="-48.633788">
                <ele>3.3</ele>
            </trkpt>
            <trkpt lat="-27.005028" lon="-48.633787">
                <ele>3.2</ele>
            </trkpt>
            <trkpt lat="-27.005028" lon="-48.633787">
                <ele>3.2</ele>
            </trkpt>
            <trkpt lat="-27.005028" lon="-48.633787">
                <ele>3.2</ele>
            </trkpt>
            <trkpt lat="-27.005028" lon="-48.633787">
                <ele>3.2</ele>
            </trkpt>
            <trkpt lat="-27.005028" lon="-48.633787">
                <ele>3.2</ele>
            </trkpt>
            <trkpt lat="-27.005028" lon="-48.633787">
                <ele>3.2</ele>
            </trkpt>
            <trkpt lat="-27.005028" lon="-48.633787">
                <ele>3.2</ele>
            </trkpt>
            <trkpt lat="-27.005028" lon="-48.633787">
                <ele>3.2</ele>
            </trkpt>
            <trkpt lat="-27.005028" lon="-48.633787">
                <ele>3.2</ele>
            </trkpt>
            <trkpt lat="-27.005028" lon="-48.633787">
                <ele>3.2</ele>
            </trkpt>
            <trkpt lat="-27.005028" lon="-48.633787">
                <ele>3.2</ele>
            </trkpt>
            <trkpt lat="-27.005023" lon="-48.633793">
                <ele>3.5</ele>
            </trkpt>
            <trkpt lat="-27.005017" lon="-48.633812">
                <ele>3.5</ele>
            </trkpt>
            <trkpt lat="-27.005012" lon="-48.63383">
                <ele>3.4</ele>
            </trkpt>
            <trkpt lat="-27.00501" lon="-48.633857">
                <ele>3</ele>
            </trkpt>
            <trkpt lat="-27.005007" lon="-48.633882">
                <ele>2.7</ele>
            </trkpt>
            <trkpt lat="-27.005005" lon="-48.63391">
                <ele>2.7</ele>
            </trkpt>
            <trkpt lat="-27.005002" lon="-48.633945">
                <ele>2.9</ele>
            </trkpt>
            <trkpt lat="-27.004997" lon="-48.633977">
                <ele>2.8</ele>
            </trkpt>
            <trkpt lat="-27.004993" lon="-48.634008">
                <ele>2.5</ele>
            </trkpt>
            <trkpt lat="-27.004992" lon="-48.634045">
                <ele>2.4</ele>
            </trkpt>
            <trkpt lat="-27.004988" lon="-48.634077">
                <ele>2</ele>
            </trkpt>
            <trkpt lat="-27.004985" lon="-48.634113">
                <ele>1.3</ele>
            </trkpt>
            <trkpt lat="-27.004977" lon="-48.63416">
                <ele>1</ele>
            </trkpt>
            <trkpt lat="-27.004972" lon="-48.634203">
                <ele>0.6</ele>
            </trkpt>
            <trkpt lat="-27.004975" lon="-48.634242">
                <ele>0.3</ele>
            </trkpt>
            <trkpt lat="-27.004972" lon="-48.634282">
                <ele>0.3</ele>
            </trkpt>
            <trkpt lat="-27.004963" lon="-48.63432">
                <ele>0.6</ele>
            </trkpt>
            <trkpt lat="-27.004957" lon="-48.634362">
                <ele>0.7</ele>
            </trkpt>
            <trkpt lat="-27.004957" lon="-48.634403">
                <ele>0.6</ele>
            </trkpt>
            <trkpt lat="-27.004958" lon="-48.634442">
                <ele>0.8</ele>
            </trkpt>
            <trkpt lat="-27.004958" lon="-48.634478">
                <ele>0.9</ele>
            </trkpt>
            <trkpt lat="-27.004957" lon="-48.634512">
                <ele>1.5</ele>
            </trkpt>
            <trkpt lat="-27.004953" lon="-48.634542">
                <ele>2.2</ele>
            </trkpt>
            <trkpt lat="-27.004947" lon="-48.634557">
                <ele>2.8</ele>
            </trkpt>
            <trkpt lat="-27.004945" lon="-48.634565">
                <ele>2.9</ele>
            </trkpt>
            <trkpt lat="-27.004943" lon="-48.63457">
                <ele>3.3</ele>
            </trkpt>
            <trkpt lat="-27.004943" lon="-48.63457">
                <ele>3.3</ele>
            </trkpt>
            <trkpt lat="-27.004942" lon="-48.634572">
                <ele>3.6</ele>
            </trkpt>
            <trkpt lat="-27.004942" lon="-48.634568">
                <ele>3.7</ele>
            </trkpt>
            <trkpt lat="-27.004943" lon="-48.634568">
                <ele>3.8</ele>
            </trkpt>
            <trkpt lat="-27.004945" lon="-48.634568">
                <ele>3.9</ele>
            </trkpt>
            <trkpt lat="-27.004945" lon="-48.634568">
                <ele>3.9</ele>
            </trkpt>
            <trkpt lat="-27.004942" lon="-48.63457">
                <ele>4</ele>
            </trkpt>
            <trkpt lat="-27.004942" lon="-48.63457">
                <ele>4</ele>
            </trkpt>
            <trkpt lat="-27.004938" lon="-48.634565">
                <ele>4</ele>
            </trkpt>
            <trkpt lat="-27.004935" lon="-48.63457">
                <ele>3.9</ele>
            </trkpt>
            <trkpt lat="-27.004937" lon="-48.634585">
                <ele>3.8</ele>
            </trkpt>
            <trkpt lat="-27.004938" lon="-48.634608">
                <ele>3.4</ele>
            </trkpt>
            <trkpt lat="-27.004938" lon="-48.634632">
                <ele>3</ele>
            </trkpt>
            <trkpt lat="-27.00494" lon="-48.634655">
                <ele>2.7</ele>
            </trkpt>
            <trkpt lat="-27.004937" lon="-48.634685">
                <ele>2.9</ele>
            </trkpt>
            <trkpt lat="-27.004933" lon="-48.634713">
                <ele>3</ele>
            </trkpt>
            <trkpt lat="-27.004933" lon="-48.634743">
                <ele>2.8</ele>
            </trkpt>
            <trkpt lat="-27.004933" lon="-48.634775">
                <ele>2.1</ele>
            </trkpt>
            <trkpt lat="-27.004933" lon="-48.63481">
                <ele>1.5</ele>
            </trkpt>
            <trkpt lat="-27.004935" lon="-48.634852">
                <ele>2.1</ele>
            </trkpt>
            <trkpt lat="-27.004932" lon="-48.634897">
                <ele>3.2</ele>
            </trkpt>
            <trkpt lat="-27.00493" lon="-48.634927">
                <ele>3.4</ele>
            </trkpt>
            <trkpt lat="-27.004927" lon="-48.634962">
                <ele>3.4</ele>
            </trkpt>
            <trkpt lat="-27.004923" lon="-48.635">
                <ele>2.9</ele>
            </trkpt>
            <trkpt lat="-27.004915" lon="-48.635035">
                <ele>3.4</ele>
            </trkpt>
            <trkpt lat="-27.004913" lon="-48.635058">
                <ele>3.6</ele>
            </trkpt>
            <trkpt lat="-27.00491" lon="-48.635088">
                <ele>3.7</ele>
            </trkpt>
            <trkpt lat="-27.004902" lon="-48.635103">
                <ele>3.6</ele>
            </trkpt>
            <trkpt lat="-27.004897" lon="-48.63511">
                <ele>3.3</ele>
            </trkpt>
            <trkpt lat="-27.004897" lon="-48.63511">
                <ele>2.1</ele>
            </trkpt>
            <trkpt lat="-27.004897" lon="-48.63511">
                <ele>2.1</ele>
            </trkpt>
            <trkpt lat="-27.004893" lon="-48.635113">
                <ele>1.8</ele>
            </trkpt>
            <trkpt lat="-27.004895" lon="-48.635113">
                <ele>1.8</ele>
            </trkpt>
            <trkpt lat="-27.004898" lon="-48.635113">
                <ele>1.9</ele>
            </trkpt>
            <trkpt lat="-27.0049" lon="-48.635115">
                <ele>2</ele>
            </trkpt>
            <trkpt lat="-27.0049" lon="-48.635118">
                <ele>2.2</ele>
            </trkpt>
            <trkpt lat="-27.004897" lon="-48.63512">
                <ele>2.3</ele>
            </trkpt>
            <trkpt lat="-27.004897" lon="-48.63512">
                <ele>2.3</ele>
            </trkpt>
            <trkpt lat="-27.004895" lon="-48.635118">
                <ele>2.5</ele>
            </trkpt>
            <trkpt lat="-27.004893" lon="-48.635125">
                <ele>2.9</ele>
            </trkpt>
            <trkpt lat="-27.004895" lon="-48.635137">
                <ele>3.4</ele>
            </trkpt>
            <trkpt lat="-27.004893" lon="-48.635162">
                <ele>3.6</ele>
            </trkpt>
            <trkpt lat="-27.004893" lon="-48.635188">
                <ele>3.9</ele>
            </trkpt>
            <trkpt lat="-27.004897" lon="-48.635218">
                <ele>4</ele>
            </trkpt>
            <trkpt lat="-27.004897" lon="-48.635245">
                <ele>3.4</ele>
            </trkpt>
            <trkpt lat="-27.004897" lon="-48.63528">
                <ele>2.9</ele>
            </trkpt>
            <trkpt lat="-27.004895" lon="-48.635317">
                <ele>3.5</ele>
            </trkpt>
            <trkpt lat="-27.004897" lon="-48.635352">
                <ele>3.5</ele>
            </trkpt>
            <trkpt lat="-27.004895" lon="-48.635388">
                <ele>3.4</ele>
            </trkpt>
            <trkpt lat="-27.004892" lon="-48.635427">
                <ele>3.4</ele>
            </trkpt>
            <trkpt lat="-27.004888" lon="-48.635465">
                <ele>3.6</ele>
            </trkpt>
            <trkpt lat="-27.004888" lon="-48.6355">
                <ele>3.7</ele>
            </trkpt>
            <trkpt lat="-27.004892" lon="-48.635537">
                <ele>3.6</ele>
            </trkpt>
            <trkpt lat="-27.00489" lon="-48.635573">
                <ele>3.5</ele>
            </trkpt>
            <trkpt lat="-27.00489" lon="-48.63561">
                <ele>3.9</ele>
            </trkpt>
            <trkpt lat="-27.004887" lon="-48.635648">
                <ele>4.4</ele>
            </trkpt>
            <trkpt lat="-27.004882" lon="-48.635685">
                <ele>5</ele>
            </trkpt>
            <trkpt lat="-27.004875" lon="-48.635722">
                <ele>5.4</ele>
            </trkpt>
            <trkpt lat="-27.00487" lon="-48.635762">
                <ele>5.7</ele>
            </trkpt>
            <trkpt lat="-27.004867" lon="-48.635802">
                <ele>6.7</ele>
            </trkpt>
            <trkpt lat="-27.004863" lon="-48.63584">
                <ele>6.8</ele>
            </trkpt>
            <trkpt lat="-27.004862" lon="-48.635878">
                <ele>6.7</ele>
            </trkpt>
            <trkpt lat="-27.004857" lon="-48.635917">
                <ele>6.8</ele>
            </trkpt>
            <trkpt lat="-27.004853" lon="-48.635952">
                <ele>7.1</ele>
            </trkpt>
            <trkpt lat="-27.004848" lon="-48.635985">
                <ele>7.8</ele>
            </trkpt>
            <trkpt lat="-27.004843" lon="-48.636012">
                <ele>8.4</ele>
            </trkpt>
            <trkpt lat="-27.00484" lon="-48.636035">
                <ele>8.4</ele>
            </trkpt>
            <trkpt lat="-27.00484" lon="-48.63605">
                <ele>7.7</ele>
            </trkpt>
            <trkpt lat="-27.004838" lon="-48.636055">
                <ele>7.2</ele>
            </trkpt>
            <trkpt lat="-27.004838" lon="-48.636055">
                <ele>7.2</ele>
            </trkpt>
            <trkpt lat="-27.004838" lon="-48.63606">
                <ele>7.1</ele>
            </trkpt>
            <trkpt lat="-27.004838" lon="-48.636062">
                <ele>6.9</ele>
            </trkpt>
            <trkpt lat="-27.004838" lon="-48.636063">
                <ele>7.1</ele>
            </trkpt>
            <trkpt lat="-27.004838" lon="-48.636067">
                <ele>7.5</ele>
            </trkpt>
            <trkpt lat="-27.004837" lon="-48.636073">
                <ele>7.5</ele>
            </trkpt>
            <trkpt lat="-27.004833" lon="-48.636075">
                <ele>7.8</ele>
            </trkpt>
            <trkpt lat="-27.004833" lon="-48.636075">
                <ele>7.8</ele>
            </trkpt>
            <trkpt lat="-27.004827" lon="-48.636078">
                <ele>7.7</ele>
            </trkpt>
            <trkpt lat="-27.004828" lon="-48.636088">
                <ele>7.9</ele>
            </trkpt>
            <trkpt lat="-27.004828" lon="-48.636112">
                <ele>8</ele>
            </trkpt>
            <trkpt lat="-27.00483" lon="-48.636133">
                <ele>7.5</ele>
            </trkpt>
            <trkpt lat="-27.00483" lon="-48.636152">
                <ele>7.2</ele>
            </trkpt>
            <trkpt lat="-27.004837" lon="-48.636173">
                <ele>7</ele>
            </trkpt>
            <trkpt lat="-27.004838" lon="-48.636197">
                <ele>6.5</ele>
            </trkpt>
            <trkpt lat="-27.004837" lon="-48.636228">
                <ele>6.6</ele>
            </trkpt>
            <trkpt lat="-27.004837" lon="-48.63626">
                <ele>6.3</ele>
            </trkpt>
            <trkpt lat="-27.004835" lon="-48.636282">
                <ele>6</ele>
            </trkpt>
            <trkpt lat="-27.00483" lon="-48.636315">
                <ele>5.6</ele>
            </trkpt>
            <trkpt lat="-27.004825" lon="-48.636345">
                <ele>5.3</ele>
            </trkpt>
            <trkpt lat="-27.004822" lon="-48.636373">
                <ele>5.1</ele>
            </trkpt>
            <trkpt lat="-27.004817" lon="-48.636392">
                <ele>5</ele>
            </trkpt>
            <trkpt lat="-27.004812" lon="-48.636407">
                <ele>5.2</ele>
            </trkpt>
            <trkpt lat="-27.00481" lon="-48.636405">
                <ele>5.5</ele>
            </trkpt>
            <trkpt lat="-27.00481" lon="-48.636403">
                <ele>5.8</ele>
            </trkpt>
            <trkpt lat="-27.004808" lon="-48.636405">
                <ele>5.6</ele>
            </trkpt>
            <trkpt lat="-27.004808" lon="-48.636403">
                <ele>5.5</ele>
            </trkpt>
            <trkpt lat="-27.004807" lon="-48.636402">
                <ele>5</ele>
            </trkpt>
            <trkpt lat="-27.004808" lon="-48.636402">
                <ele>4.8</ele>
            </trkpt>
            <trkpt lat="-27.004808" lon="-48.636403">
                <ele>5.1</ele>
            </trkpt>
            <trkpt lat="-27.00481" lon="-48.636403">
                <ele>5.6</ele>
            </trkpt>
            <trkpt lat="-27.004812" lon="-48.636403">
                <ele>5.8</ele>
            </trkpt>
            <trkpt lat="-27.004813" lon="-48.636403">
                <ele>5.8</ele>
            </trkpt>
            <trkpt lat="-27.004813" lon="-48.636403">
                <ele>5.8</ele>
            </trkpt>
            <trkpt lat="-27.004813" lon="-48.636403">
                <ele>5.8</ele>
            </trkpt>
            <trkpt lat="-27.004813" lon="-48.636403">
                <ele>5.8</ele>
            </trkpt>
            <trkpt lat="-27.004813" lon="-48.636403">
                <ele>5.8</ele>
            </trkpt>
            <trkpt lat="-27.004813" lon="-48.636403">
                <ele>5.8</ele>
            </trkpt>
            <trkpt lat="-27.004813" lon="-48.636403">
                <ele>5.8</ele>
            </trkpt>
            <trkpt lat="-27.004813" lon="-48.636403">
                <ele>5.8</ele>
            </trkpt>
            <trkpt lat="-27.004813" lon="-48.636403">
                <ele>5.8</ele>
            </trkpt>
            <trkpt lat="-27.004813" lon="-48.636403">
                <ele>5.8</ele>
            </trkpt>
            <trkpt lat="-27.004813" lon="-48.636403">
                <ele>5.8</ele>
            </trkpt>
            <trkpt lat="-27.004813" lon="-48.636403">
                <ele>5.8</ele>
            </trkpt>
            <trkpt lat="-27.004813" lon="-48.636403">
                <ele>5.8</ele>
            </trkpt>
            <trkpt lat="-27.004813" lon="-48.636403">
                <ele>5.8</ele>
            </trkpt>
            <trkpt lat="-27.004813" lon="-48.636403">
                <ele>5.8</ele>
            </trkpt>
            <trkpt lat="-27.004813" lon="-48.636403">
                <ele>5.8</ele>
            </trkpt>
            <trkpt lat="-27.004813" lon="-48.636403">
                <ele>5.8</ele>
            </trkpt>
            <trkpt lat="-27.004813" lon="-48.636403">
                <ele>5.8</ele>
            </trkpt>
            <trkpt lat="-27.004813" lon="-48.636403">
                <ele>5.8</ele>
            </trkpt>
            <trkpt lat="-27.004813" lon="-48.636403">
                <ele>5.8</ele>
            </trkpt>
            <trkpt lat="-27.004813" lon="-48.636403">
                <ele>5.8</ele>
            </trkpt>
            <trkpt lat="-27.004813" lon="-48.636403">
                <ele>5.8</ele>
            </trkpt>
            <trkpt lat="-27.004813" lon="-48.636403">
                <ele>5.8</ele>
            </trkpt>
            <trkpt lat="-27.004813" lon="-48.636403">
                <ele>5.8</ele>
            </trkpt>
            <trkpt lat="-27.004813" lon="-48.636403">
                <ele>5.8</ele>
            </trkpt>
            <trkpt lat="-27.004813" lon="-48.636403">
                <ele>5.8</ele>
            </trkpt>
            <trkpt lat="-27.004798" lon="-48.636435">
                <ele>7.4</ele>
            </trkpt>
            <trkpt lat="-27.004797" lon="-48.636445">
                <ele>7.5</ele>
            </trkpt>
            <trkpt lat="-27.004795" lon="-48.636457">
                <ele>7.8</ele>
            </trkpt>
            <trkpt lat="-27.004795" lon="-48.636465">
                <ele>7.4</ele>
            </trkpt>
            <trkpt lat="-27.004793" lon="-48.636477">
                <ele>6.7</ele>
            </trkpt>
            <trkpt lat="-27.004792" lon="-48.636487">
                <ele>5.7</ele>
            </trkpt>
            <trkpt lat="-27.00479" lon="-48.6365">
                <ele>5</ele>
            </trkpt>
            <trkpt lat="-27.004793" lon="-48.636518">
                <ele>3.9</ele>
            </trkpt>
            <trkpt lat="-27.004795" lon="-48.636542">
                <ele>2.4</ele>
            </trkpt>
            <trkpt lat="-27.0048" lon="-48.636567">
                <ele>1.5</ele>
            </trkpt>
            <trkpt lat="-27.004803" lon="-48.6366">
                <ele>1.2</ele>
            </trkpt>
            <trkpt lat="-27.004812" lon="-48.636622">
                <ele>1.2</ele>
            </trkpt>
            <trkpt lat="-27.00482" lon="-48.63664">
                <ele>1.2</ele>
            </trkpt>
            <trkpt lat="-27.004823" lon="-48.636648">
                <ele>1.5</ele>
            </trkpt>
            <trkpt lat="-27.004825" lon="-48.63665">
                <ele>1.6</ele>
            </trkpt>
            <trkpt lat="-27.004827" lon="-48.636653">
                <ele>2.1</ele>
            </trkpt>
            <trkpt lat="-27.004827" lon="-48.636653">
                <ele>2.5</ele>
            </trkpt>
            <trkpt lat="-27.004828" lon="-48.636653">
                <ele>2.8</ele>
            </trkpt>
            <trkpt lat="-27.00483" lon="-48.636655">
                <ele>3.2</ele>
            </trkpt>
            <trkpt lat="-27.004832" lon="-48.636655">
                <ele>3.5</ele>
            </trkpt>
            <trkpt lat="-27.004832" lon="-48.636655">
                <ele>3.6</ele>
            </trkpt>
            <trkpt lat="-27.004833" lon="-48.636657">
                <ele>3.9</ele>
            </trkpt>
            <trkpt lat="-27.004833" lon="-48.636657">
                <ele>3.9</ele>
            </trkpt>
            <trkpt lat="-27.004835" lon="-48.636658">
                <ele>4.3</ele>
            </trkpt>
            <trkpt lat="-27.004837" lon="-48.63666">
                <ele>4.5</ele>
            </trkpt>
            <trkpt lat="-27.004837" lon="-48.63666">
                <ele>4.5</ele>
            </trkpt>
            <trkpt lat="-27.004837" lon="-48.63666">
                <ele>4.5</ele>
            </trkpt>
            <trkpt lat="-27.004837" lon="-48.63666">
                <ele>4.5</ele>
            </trkpt>
            <trkpt lat="-27.004837" lon="-48.63666">
                <ele>4.5</ele>
            </trkpt>
            <trkpt lat="-27.004837" lon="-48.63666">
                <ele>4.5</ele>
            </trkpt>
            <trkpt lat="-27.004837" lon="-48.63666">
                <ele>4.5</ele>
            </trkpt>
            <trkpt lat="-27.004837" lon="-48.63666">
                <ele>4.5</ele>
            </trkpt>
            <trkpt lat="-27.004837" lon="-48.63666">
                <ele>4.5</ele>
            </trkpt>
            <trkpt lat="-27.004837" lon="-48.63666">
                <ele>4.5</ele>
            </trkpt>
            <trkpt lat="-27.004837" lon="-48.63666">
                <ele>4.5</ele>
            </trkpt>
            <trkpt lat="-27.004837" lon="-48.63666">
                <ele>4.5</ele>
            </trkpt>
            <trkpt lat="-27.004837" lon="-48.63666">
                <ele>4.5</ele>
            </trkpt>
            <trkpt lat="-27.004837" lon="-48.63666">
                <ele>4.5</ele>
            </trkpt>
            <trkpt lat="-27.004837" lon="-48.63666">
                <ele>4.5</ele>
            </trkpt>
            <trkpt lat="-27.004837" lon="-48.63666">
                <ele>4.5</ele>
            </trkpt>
            <trkpt lat="-27.004837" lon="-48.63666">
                <ele>4.5</ele>
            </trkpt>
            <trkpt lat="-27.004837" lon="-48.63666">
                <ele>4.5</ele>
            </trkpt>
            <trkpt lat="-27.004837" lon="-48.63666">
                <ele>4.5</ele>
            </trkpt>
            <trkpt lat="-27.004837" lon="-48.63666">
                <ele>4.5</ele>
            </trkpt>
            <trkpt lat="-27.004837" lon="-48.63666">
                <ele>4.5</ele>
            </trkpt>
            <trkpt lat="-27.004837" lon="-48.63666">
                <ele>4.5</ele>
            </trkpt>
            <trkpt lat="-27.004837" lon="-48.63666">
                <ele>4.5</ele>
            </trkpt>
            <trkpt lat="-27.004837" lon="-48.63666">
                <ele>4.5</ele>
            </trkpt>
            <trkpt lat="-27.004837" lon="-48.63666">
                <ele>4.5</ele>
            </trkpt>
            <trkpt lat="-27.004837" lon="-48.63666">
                <ele>4.5</ele>
            </trkpt>
            <trkpt lat="-27.004837" lon="-48.63666">
                <ele>4.5</ele>
            </trkpt>
            <trkpt lat="-27.004837" lon="-48.63666">
                <ele>4.5</ele>
            </trkpt>
            <trkpt lat="-27.004837" lon="-48.63666">
                <ele>4.5</ele>
            </trkpt>
            <trkpt lat="-27.004837" lon="-48.63666">
                <ele>4.5</ele>
            </trkpt>
            <trkpt lat="-27.004837" lon="-48.63666">
                <ele>4.5</ele>
            </trkpt>
            <trkpt lat="-27.004837" lon="-48.63666">
                <ele>4.5</ele>
            </trkpt>
            <trkpt lat="-27.004837" lon="-48.63666">
                <ele>4.5</ele>
            </trkpt>
            <trkpt lat="-27.004837" lon="-48.63666">
                <ele>4.5</ele>
            </trkpt>
            <trkpt lat="-27.004837" lon="-48.63666">
                <ele>4.5</ele>
            </trkpt>
            <trkpt lat="-27.004818" lon="-48.63667">
                <ele>10.8</ele>
            </trkpt>
            <trkpt lat="-27.004818" lon="-48.63668">
                <ele>10.6</ele>
            </trkpt>
            <trkpt lat="-27.004812" lon="-48.636695">
                <ele>10.4</ele>
            </trkpt>
            <trkpt lat="-27.00481" lon="-48.636713">
                <ele>9.9</ele>
            </trkpt>
            <trkpt lat="-27.0048" lon="-48.636742">
                <ele>9.6</ele>
            </trkpt>
            <trkpt lat="-27.004797" lon="-48.636773">
                <ele>9.9</ele>
            </trkpt>
            <trkpt lat="-27.004788" lon="-48.636808">
                <ele>10</ele>
            </trkpt>
            <trkpt lat="-27.004777" lon="-48.636843">
                <ele>9.8</ele>
            </trkpt>
            <trkpt lat="-27.00477" lon="-48.636877">
                <ele>8.8</ele>
            </trkpt>
            <trkpt lat="-27.004765" lon="-48.636907">
                <ele>8.5</ele>
            </trkpt>
            <trkpt lat="-27.004762" lon="-48.636935">
                <ele>8</ele>
            </trkpt>
            <trkpt lat="-27.004758" lon="-48.636952">
                <ele>6.6</ele>
            </trkpt>
            <trkpt lat="-27.004757" lon="-48.636955">
                <ele>6.5</ele>
            </trkpt>
            <trkpt lat="-27.004762" lon="-48.636955">
                <ele>6.7</ele>
            </trkpt>
            <trkpt lat="-27.004763" lon="-48.636955">
                <ele>6.5</ele>
            </trkpt>
            <trkpt lat="-27.004763" lon="-48.636955">
                <ele>6.5</ele>
            </trkpt>
            <trkpt lat="-27.004767" lon="-48.636955">
                <ele>6.5</ele>
            </trkpt>
            <trkpt lat="-27.004767" lon="-48.636955">
                <ele>6.8</ele>
            </trkpt>
            <trkpt lat="-27.004767" lon="-48.636955">
                <ele>6.8</ele>
            </trkpt>
            <trkpt lat="-27.004767" lon="-48.636955">
                <ele>6.8</ele>
            </trkpt>
            <trkpt lat="-27.004765" lon="-48.636957">
                <ele>6.9</ele>
            </trkpt>
            <trkpt lat="-27.004765" lon="-48.636957">
                <ele>6.9</ele>
            </trkpt>
            <trkpt lat="-27.004762" lon="-48.636957">
                <ele>7.1</ele>
            </trkpt>
            <trkpt lat="-27.00476" lon="-48.636962">
                <ele>7.2</ele>
            </trkpt>
            <trkpt lat="-27.004763" lon="-48.636973">
                <ele>7.3</ele>
            </trkpt>
            <trkpt lat="-27.004767" lon="-48.63699">
                <ele>7.1</ele>
            </trkpt>
            <trkpt lat="-27.004767" lon="-48.63701">
                <ele>6.6</ele>
            </trkpt>
            <trkpt lat="-27.004763" lon="-48.637032">
                <ele>6.7</ele>
            </trkpt>
            <trkpt lat="-27.00476" lon="-48.637055">
                <ele>6.9</ele>
            </trkpt>
            <trkpt lat="-27.004753" lon="-48.637087">
                <ele>7.7</ele>
            </trkpt>
            <trkpt lat="-27.004747" lon="-48.637117">
                <ele>7.6</ele>
            </trkpt>
            <trkpt lat="-27.004747" lon="-48.637152">
                <ele>7.4</ele>
            </trkpt>
            <trkpt lat="-27.004743" lon="-48.637187">
                <ele>8.9</ele>
            </trkpt>
            <trkpt lat="-27.00474" lon="-48.637223">
                <ele>8.7</ele>
            </trkpt>
            <trkpt lat="-27.00474" lon="-48.63726">
                <ele>8.5</ele>
            </trkpt>
            <trkpt lat="-27.004737" lon="-48.63729">
                <ele>8.2</ele>
            </trkpt>
            <trkpt lat="-27.004735" lon="-48.637318">
                <ele>8.2</ele>
            </trkpt>
            <trkpt lat="-27.00473" lon="-48.637353">
                <ele>8.7</ele>
            </trkpt>
            <trkpt lat="-27.004723" lon="-48.63739">
                <ele>8.2</ele>
            </trkpt>
            <trkpt lat="-27.00472" lon="-48.637423">
                <ele>7.9</ele>
            </trkpt>
            <trkpt lat="-27.004718" lon="-48.637455">
                <ele>7.8</ele>
            </trkpt>
            <trkpt lat="-27.004718" lon="-48.637455">
                <ele>7.8</ele>
            </trkpt>
            <trkpt lat="-27.004717" lon="-48.637483">
                <ele>7.8</ele>
            </trkpt>
            <trkpt lat="-27.004708" lon="-48.637507">
                <ele>8.1</ele>
            </trkpt>
            <trkpt lat="-27.004708" lon="-48.637522">
                <ele>8.6</ele>
            </trkpt>
            <trkpt lat="-27.004705" lon="-48.637528">
                <ele>8.6</ele>
            </trkpt>
            <trkpt lat="-27.004707" lon="-48.637527">
                <ele>8.7</ele>
            </trkpt>
            <trkpt lat="-27.004708" lon="-48.637528">
                <ele>8.8</ele>
            </trkpt>
            <trkpt lat="-27.004708" lon="-48.63753">
                <ele>9</ele>
            </trkpt>
            <trkpt lat="-27.004708" lon="-48.637535">
                <ele>9</ele>
            </trkpt>
            <trkpt lat="-27.004707" lon="-48.63754">
                <ele>9.4</ele>
            </trkpt>
            <trkpt lat="-27.004708" lon="-48.637542">
                <ele>9.6</ele>
            </trkpt>
            <trkpt lat="-27.00471" lon="-48.637542">
                <ele>9.8</ele>
            </trkpt>
            <trkpt lat="-27.00471" lon="-48.637542">
                <ele>9.8</ele>
            </trkpt>
            <trkpt lat="-27.004708" lon="-48.637545">
                <ele>9.7</ele>
            </trkpt>
            <trkpt lat="-27.004708" lon="-48.637552">
                <ele>9.5</ele>
            </trkpt>
            <trkpt lat="-27.004712" lon="-48.637563">
                <ele>9.1</ele>
            </trkpt>
            <trkpt lat="-27.00471" lon="-48.637578">
                <ele>8.6</ele>
            </trkpt>
            <trkpt lat="-27.004712" lon="-48.637598">
                <ele>7.8</ele>
            </trkpt>
            <trkpt lat="-27.004708" lon="-48.637627">
                <ele>6.7</ele>
            </trkpt>
            <trkpt lat="-27.004705" lon="-48.637655">
                <ele>5.6</ele>
            </trkpt>
            <trkpt lat="-27.004703" lon="-48.637683">
                <ele>4.6</ele>
            </trkpt>
            <trkpt lat="-27.004697" lon="-48.637713">
                <ele>4.3</ele>
            </trkpt>
            <trkpt lat="-27.004695" lon="-48.637745">
                <ele>3.8</ele>
            </trkpt>
            <trkpt lat="-27.004693" lon="-48.637783">
                <ele>3.9</ele>
            </trkpt>
            <trkpt lat="-27.004693" lon="-48.637827">
                <ele>4.1</ele>
            </trkpt>
            <trkpt lat="-27.004688" lon="-48.637862">
                <ele>3.8</ele>
            </trkpt>
            <trkpt lat="-27.004685" lon="-48.637897">
                <ele>3.6</ele>
            </trkpt>
            <trkpt lat="-27.004682" lon="-48.637932">
                <ele>3.2</ele>
            </trkpt>
            <trkpt lat="-27.004677" lon="-48.637963">
                <ele>3.2</ele>
            </trkpt>
            <trkpt lat="-27.004673" lon="-48.637995">
                <ele>3.1</ele>
            </trkpt>
            <trkpt lat="-27.004668" lon="-48.638023">
                <ele>3.1</ele>
            </trkpt>
            <trkpt lat="-27.004662" lon="-48.638047">
                <ele>3</ele>
            </trkpt>
            <trkpt lat="-27.004655" lon="-48.638072">
                <ele>2.9</ele>
            </trkpt>
            <trkpt lat="-27.004653" lon="-48.638095">
                <ele>3.1</ele>
            </trkpt>
            <trkpt lat="-27.00465" lon="-48.638118">
                <ele>2.9</ele>
            </trkpt>
            <trkpt lat="-27.004647" lon="-48.638135">
                <ele>3.1</ele>
            </trkpt>
            <trkpt lat="-27.004645" lon="-48.638147">
                <ele>3.3</ele>
            </trkpt>
            <trkpt lat="-27.004643" lon="-48.638158">
                <ele>3.3</ele>
            </trkpt>
            <trkpt lat="-27.004642" lon="-48.638167">
                <ele>3.2</ele>
            </trkpt>
            <trkpt lat="-27.004638" lon="-48.63817">
                <ele>3.2</ele>
            </trkpt>
            <trkpt lat="-27.00464" lon="-48.638167">
                <ele>3.4</ele>
            </trkpt>
            <trkpt lat="-27.004638" lon="-48.638168">
                <ele>3.6</ele>
            </trkpt>
            <trkpt lat="-27.004638" lon="-48.638167">
                <ele>3.7</ele>
            </trkpt>
            <trkpt lat="-27.00464" lon="-48.638163">
                <ele>3.9</ele>
            </trkpt>
            <trkpt lat="-27.004642" lon="-48.63816">
                <ele>3.9</ele>
            </trkpt>
            <trkpt lat="-27.004643" lon="-48.63816">
                <ele>3.9</ele>
            </trkpt>
            <trkpt lat="-27.004643" lon="-48.638158">
                <ele>4</ele>
            </trkpt>
            <trkpt lat="-27.004643" lon="-48.638158">
                <ele>4.2</ele>
            </trkpt>
            <trkpt lat="-27.004643" lon="-48.638158">
                <ele>4.4</ele>
            </trkpt>
            <trkpt lat="-27.004643" lon="-48.638158">
                <ele>4.4</ele>
            </trkpt>
            <trkpt lat="-27.004643" lon="-48.638158">
                <ele>4.4</ele>
            </trkpt>
            <trkpt lat="-27.004643" lon="-48.638158">
                <ele>4.4</ele>
            </trkpt>
            <trkpt lat="-27.004643" lon="-48.638158">
                <ele>4.4</ele>
            </trkpt>
            <trkpt lat="-27.004643" lon="-48.638158">
                <ele>4.4</ele>
            </trkpt>
            <trkpt lat="-27.004643" lon="-48.638158">
                <ele>4.4</ele>
            </trkpt>
            <trkpt lat="-27.004643" lon="-48.638158">
                <ele>4.4</ele>
            </trkpt>
            <trkpt lat="-27.004643" lon="-48.638158">
                <ele>4.4</ele>
            </trkpt>
            <trkpt lat="-27.004643" lon="-48.638158">
                <ele>4.4</ele>
            </trkpt>
            <trkpt lat="-27.004643" lon="-48.638158">
                <ele>4.4</ele>
            </trkpt>
            <trkpt lat="-27.004643" lon="-48.638158">
                <ele>4.4</ele>
            </trkpt>
            <trkpt lat="-27.004643" lon="-48.638158">
                <ele>4.4</ele>
            </trkpt>
            <trkpt lat="-27.004643" lon="-48.638158">
                <ele>4.4</ele>
            </trkpt>
            <trkpt lat="-27.004643" lon="-48.638158">
                <ele>4.4</ele>
            </trkpt>
            <trkpt lat="-27.004643" lon="-48.638158">
                <ele>4.4</ele>
            </trkpt>
            <trkpt lat="-27.004643" lon="-48.638158">
                <ele>4.4</ele>
            </trkpt>
            <trkpt lat="-27.004643" lon="-48.638158">
                <ele>4.4</ele>
            </trkpt>
            <trkpt lat="-27.004643" lon="-48.638158">
                <ele>4.4</ele>
            </trkpt>
            <trkpt lat="-27.004643" lon="-48.638158">
                <ele>4.4</ele>
            </trkpt>
            <trkpt lat="-27.004643" lon="-48.638158">
                <ele>4.4</ele>
            </trkpt>
            <trkpt lat="-27.004643" lon="-48.638158">
                <ele>4.4</ele>
            </trkpt>
            <trkpt lat="-27.004643" lon="-48.638158">
                <ele>4.4</ele>
            </trkpt>
            <trkpt lat="-27.004643" lon="-48.638158">
                <ele>4.4</ele>
            </trkpt>
            <trkpt lat="-27.004643" lon="-48.638158">
                <ele>4.4</ele>
            </trkpt>
            <trkpt lat="-27.004643" lon="-48.638158">
                <ele>4.4</ele>
            </trkpt>
            <trkpt lat="-27.004643" lon="-48.638158">
                <ele>4.4</ele>
            </trkpt>
            <trkpt lat="-27.004643" lon="-48.638158">
                <ele>4.4</ele>
            </trkpt>
            <trkpt lat="-27.004643" lon="-48.638158">
                <ele>4.4</ele>
            </trkpt>
            <trkpt lat="-27.004643" lon="-48.638158">
                <ele>4.4</ele>
            </trkpt>
            <trkpt lat="-27.004643" lon="-48.638158">
                <ele>4.4</ele>
            </trkpt>
            <trkpt lat="-27.004643" lon="-48.638158">
                <ele>4.4</ele>
            </trkpt>
            <trkpt lat="-27.004643" lon="-48.638158">
                <ele>4.4</ele>
            </trkpt>
            <trkpt lat="-27.004643" lon="-48.638158">
                <ele>4.4</ele>
            </trkpt>
            <trkpt lat="-27.004643" lon="-48.638158">
                <ele>4.4</ele>
            </trkpt>
            <trkpt lat="-27.004643" lon="-48.638158">
                <ele>4.4</ele>
            </trkpt>
            <trkpt lat="-27.004643" lon="-48.638158">
                <ele>4.4</ele>
            </trkpt>
            <trkpt lat="-27.004643" lon="-48.638158">
                <ele>4.4</ele>
            </trkpt>
            <trkpt lat="-27.004643" lon="-48.638158">
                <ele>4.4</ele>
            </trkpt>
            <trkpt lat="-27.004643" lon="-48.638158">
                <ele>4.4</ele>
            </trkpt>
            <trkpt lat="-27.004643" lon="-48.638158">
                <ele>4.4</ele>
            </trkpt>
            <trkpt lat="-27.004643" lon="-48.638158">
                <ele>4.4</ele>
            </trkpt>
            <trkpt lat="-27.004643" lon="-48.638158">
                <ele>4.4</ele>
            </trkpt>
            <trkpt lat="-27.004643" lon="-48.638158">
                <ele>4.4</ele>
            </trkpt>
            <trkpt lat="-27.004643" lon="-48.638158">
                <ele>4.4</ele>
            </trkpt>
            <trkpt lat="-27.004643" lon="-48.638158">
                <ele>4.4</ele>
            </trkpt>
            <trkpt lat="-27.004643" lon="-48.638158">
                <ele>4.4</ele>
            </trkpt>
            <trkpt lat="-27.004643" lon="-48.638158">
                <ele>4.4</ele>
            </trkpt>
            <trkpt lat="-27.004643" lon="-48.638158">
                <ele>4.4</ele>
            </trkpt>
            <trkpt lat="-27.004643" lon="-48.638158">
                <ele>4.4</ele>
            </trkpt>
            <trkpt lat="-27.004643" lon="-48.638158">
                <ele>4.4</ele>
            </trkpt>
            <trkpt lat="-27.004643" lon="-48.638158">
                <ele>4.4</ele>
            </trkpt>
            <trkpt lat="-27.004643" lon="-48.638158">
                <ele>4.4</ele>
            </trkpt>
            <trkpt lat="-27.004643" lon="-48.638158">
                <ele>4.4</ele>
            </trkpt>
            <trkpt lat="-27.004643" lon="-48.638158">
                <ele>4.4</ele>
            </trkpt>
            <trkpt lat="-27.004643" lon="-48.638158">
                <ele>4.4</ele>
            </trkpt>
            <trkpt lat="-27.004643" lon="-48.638158">
                <ele>4.4</ele>
            </trkpt>
            <trkpt lat="-27.004643" lon="-48.638158">
                <ele>4.4</ele>
            </trkpt>
            <trkpt lat="-27.004643" lon="-48.638158">
                <ele>4.4</ele>
            </trkpt>
            <trkpt lat="-27.004643" lon="-48.638158">
                <ele>4.4</ele>
            </trkpt>
            <trkpt lat="-27.004643" lon="-48.638158">
                <ele>4.4</ele>
            </trkpt>
            <trkpt lat="-27.004643" lon="-48.638158">
                <ele>4.4</ele>
            </trkpt>
            <trkpt lat="-27.004643" lon="-48.638158">
                <ele>4.4</ele>
            </trkpt>
            <trkpt lat="-27.004628" lon="-48.638215">
                <ele>7</ele>
            </trkpt>
            <trkpt lat="-27.004627" lon="-48.638227">
                <ele>6.9</ele>
            </trkpt>
            <trkpt lat="-27.004623" lon="-48.638238">
                <ele>7</ele>
            </trkpt>
            <trkpt lat="-27.004622" lon="-48.63825">
                <ele>7.5</ele>
            </trkpt>
            <trkpt lat="-27.004617" lon="-48.638252">
                <ele>8.1</ele>
            </trkpt>
            <trkpt lat="-27.004617" lon="-48.63826">
                <ele>8.5</ele>
            </trkpt>
            <trkpt lat="-27.004615" lon="-48.63827">
                <ele>8.7</ele>
            </trkpt>
            <trkpt lat="-27.004615" lon="-48.638288">
                <ele>7.8</ele>
            </trkpt>
            <trkpt lat="-27.004612" lon="-48.638312">
                <ele>7.2</ele>
            </trkpt>
            <trkpt lat="-27.004605" lon="-48.63834">
                <ele>7.3</ele>
            </trkpt>
            <trkpt lat="-27.004597" lon="-48.638372">
                <ele>7.1</ele>
            </trkpt>
            <trkpt lat="-27.004588" lon="-48.638403">
                <ele>6.9</ele>
            </trkpt>
            <trkpt lat="-27.00458" lon="-48.638435">
                <ele>5.7</ele>
            </trkpt>
            <trkpt lat="-27.004572" lon="-48.638465">
                <ele>5.2</ele>
            </trkpt>
            <trkpt lat="-27.004567" lon="-48.638497">
                <ele>5.1</ele>
            </trkpt>
            <trkpt lat="-27.004563" lon="-48.638528">
                <ele>5.2</ele>
            </trkpt>
            <trkpt lat="-27.004555" lon="-48.638563">
                <ele>5.3</ele>
            </trkpt>
            <trkpt lat="-27.004542" lon="-48.638598">
                <ele>5</ele>
            </trkpt>
            <trkpt lat="-27.00453" lon="-48.63863">
                <ele>4.5</ele>
            </trkpt>
            <trkpt lat="-27.004515" lon="-48.638662">
                <ele>4.5</ele>
            </trkpt>
            <trkpt lat="-27.004498" lon="-48.638692">
                <ele>4.5</ele>
            </trkpt>
            <trkpt lat="-27.004483" lon="-48.638725">
                <ele>4.1</ele>
            </trkpt>
            <trkpt lat="-27.00447" lon="-48.638753">
                <ele>5.7</ele>
            </trkpt>
            <trkpt lat="-27.004457" lon="-48.638782">
                <ele>6.3</ele>
            </trkpt>
            <trkpt lat="-27.004445" lon="-48.638807">
                <ele>6.7</ele>
            </trkpt>
            <trkpt lat="-27.004437" lon="-48.638832">
                <ele>7.5</ele>
            </trkpt>
            <trkpt lat="-27.004428" lon="-48.638852">
                <ele>6.9</ele>
            </trkpt>
            <trkpt lat="-27.004423" lon="-48.638857">
                <ele>7.3</ele>
            </trkpt>
            <trkpt lat="-27.004422" lon="-48.638857">
                <ele>7.3</ele>
            </trkpt>
            <trkpt lat="-27.004422" lon="-48.638857">
                <ele>7.4</ele>
            </trkpt>
            <trkpt lat="-27.00442" lon="-48.63886">
                <ele>7.2</ele>
            </trkpt>
            <trkpt lat="-27.004418" lon="-48.638863">
                <ele>6.8</ele>
            </trkpt>
            <trkpt lat="-27.004423" lon="-48.638867">
                <ele>6.4</ele>
            </trkpt>
            <trkpt lat="-27.00443" lon="-48.638868">
                <ele>6.6</ele>
            </trkpt>
            <trkpt lat="-27.004438" lon="-48.638868">
                <ele>7.2</ele>
            </trkpt>
            <trkpt lat="-27.004438" lon="-48.638868">
                <ele>7.2</ele>
            </trkpt>
            <trkpt lat="-27.004443" lon="-48.63887">
                <ele>7.8</ele>
            </trkpt>
            <trkpt lat="-27.004448" lon="-48.638872">
                <ele>8.4</ele>
            </trkpt>
            <trkpt lat="-27.004452" lon="-48.638873">
                <ele>8.8</ele>
            </trkpt>
            <trkpt lat="-27.004452" lon="-48.638873">
                <ele>8.8</ele>
            </trkpt>
            <trkpt lat="-27.004452" lon="-48.638873">
                <ele>8.8</ele>
            </trkpt>
            <trkpt lat="-27.004452" lon="-48.638873">
                <ele>8.8</ele>
            </trkpt>
            <trkpt lat="-27.004452" lon="-48.638873">
                <ele>8.8</ele>
            </trkpt>
            <trkpt lat="-27.004452" lon="-48.638873">
                <ele>8.8</ele>
            </trkpt>
            <trkpt lat="-27.004452" lon="-48.638873">
                <ele>8.8</ele>
            </trkpt>
            <trkpt lat="-27.004452" lon="-48.638873">
                <ele>8.8</ele>
            </trkpt>
            <trkpt lat="-27.004452" lon="-48.638873">
                <ele>8.8</ele>
            </trkpt>
            <trkpt lat="-27.004452" lon="-48.638873">
                <ele>8.8</ele>
            </trkpt>
            <trkpt lat="-27.004452" lon="-48.638873">
                <ele>8.8</ele>
            </trkpt>
            <trkpt lat="-27.004452" lon="-48.638873">
                <ele>8.8</ele>
            </trkpt>
            <trkpt lat="-27.004452" lon="-48.638873">
                <ele>8.8</ele>
            </trkpt>
            <trkpt lat="-27.004452" lon="-48.638873">
                <ele>8.8</ele>
            </trkpt>
            <trkpt lat="-27.004452" lon="-48.638873">
                <ele>8.8</ele>
            </trkpt>
            <trkpt lat="-27.004452" lon="-48.638873">
                <ele>8.8</ele>
            </trkpt>
            <trkpt lat="-27.004452" lon="-48.638873">
                <ele>8.8</ele>
            </trkpt>
            <trkpt lat="-27.004452" lon="-48.638873">
                <ele>8.8</ele>
            </trkpt>
            <trkpt lat="-27.004452" lon="-48.638873">
                <ele>8.8</ele>
            </trkpt>
            <trkpt lat="-27.004452" lon="-48.638873">
                <ele>8.8</ele>
            </trkpt>
            <trkpt lat="-27.004452" lon="-48.638873">
                <ele>8.8</ele>
            </trkpt>
            <trkpt lat="-27.004452" lon="-48.638873">
                <ele>8.8</ele>
            </trkpt>
            <trkpt lat="-27.004452" lon="-48.638873">
                <ele>8.8</ele>
            </trkpt>
            <trkpt lat="-27.004452" lon="-48.638873">
                <ele>8.8</ele>
            </trkpt>
            <trkpt lat="-27.004433" lon="-48.638878">
                <ele>11.1</ele>
            </trkpt>
            <trkpt lat="-27.004432" lon="-48.638892">
                <ele>10.9</ele>
            </trkpt>
            <trkpt lat="-27.00443" lon="-48.63891">
                <ele>10.5</ele>
            </trkpt>
            <trkpt lat="-27.004425" lon="-48.638932">
                <ele>10.2</ele>
            </trkpt>
            <trkpt lat="-27.004422" lon="-48.638958">
                <ele>9.1</ele>
            </trkpt>
            <trkpt lat="-27.004415" lon="-48.638985">
                <ele>7.9</ele>
            </trkpt>
            <trkpt lat="-27.004402" lon="-48.639015">
                <ele>7.2</ele>
            </trkpt>
            <trkpt lat="-27.004387" lon="-48.639047">
                <ele>6.4</ele>
            </trkpt>
            <trkpt lat="-27.004372" lon="-48.639083">
                <ele>5.4</ele>
            </trkpt>
            <trkpt lat="-27.004358" lon="-48.639113">
                <ele>5.4</ele>
            </trkpt>
            <trkpt lat="-27.004348" lon="-48.639143">
                <ele>5.4</ele>
            </trkpt>
            <trkpt lat="-27.004335" lon="-48.639175">
                <ele>4.9</ele>
            </trkpt>
            <trkpt lat="-27.004325" lon="-48.6392">
                <ele>4.4</ele>
            </trkpt>
            <trkpt lat="-27.004312" lon="-48.63924">
                <ele>3.5</ele>
            </trkpt>
            <trkpt lat="-27.004302" lon="-48.639273">
                <ele>2.8</ele>
            </trkpt>
            <trkpt lat="-27.004293" lon="-48.639305">
                <ele>2</ele>
            </trkpt>
            <trkpt lat="-27.004285" lon="-48.63933">
                <ele>2.3</ele>
            </trkpt>
            <trkpt lat="-27.004278" lon="-48.639348">
                <ele>1.8</ele>
            </trkpt>
            <trkpt lat="-27.004272" lon="-48.639368">
                <ele>1.8</ele>
            </trkpt>
            <trkpt lat="-27.004267" lon="-48.63938">
                <ele>2.1</ele>
            </trkpt>
            <trkpt lat="-27.004263" lon="-48.639387">
                <ele>2</ele>
            </trkpt>
            <trkpt lat="-27.00426" lon="-48.639395">
                <ele>2.2</ele>
            </trkpt>
            <trkpt lat="-27.004257" lon="-48.639397">
                <ele>2.2</ele>
            </trkpt>
            <trkpt lat="-27.004255" lon="-48.6394">
                <ele>2.4</ele>
            </trkpt>
            <trkpt lat="-27.004258" lon="-48.639402">
                <ele>3</ele>
            </trkpt>
            <trkpt lat="-27.00426" lon="-48.639402">
                <ele>3.8</ele>
            </trkpt>
            <trkpt lat="-27.00426" lon="-48.639402">
                <ele>3.8</ele>
            </trkpt>
            <trkpt lat="-27.00426" lon="-48.639403">
                <ele>4.5</ele>
            </trkpt>
            <trkpt lat="-27.004262" lon="-48.639402">
                <ele>5.2</ele>
            </trkpt>
            <trkpt lat="-27.004263" lon="-48.639403">
                <ele>5.9</ele>
            </trkpt>
            <trkpt lat="-27.004263" lon="-48.639403">
                <ele>6.2</ele>
            </trkpt>
            <trkpt lat="-27.004263" lon="-48.639403">
                <ele>6.2</ele>
            </trkpt>
            <trkpt lat="-27.004263" lon="-48.639403">
                <ele>6.2</ele>
            </trkpt>
            <trkpt lat="-27.004263" lon="-48.639403">
                <ele>6.2</ele>
            </trkpt>
            <trkpt lat="-27.004263" lon="-48.639403">
                <ele>6.2</ele>
            </trkpt>
            <trkpt lat="-27.004263" lon="-48.639403">
                <ele>6.2</ele>
            </trkpt>
            <trkpt lat="-27.004263" lon="-48.639403">
                <ele>6.2</ele>
            </trkpt>
            <trkpt lat="-27.004263" lon="-48.639403">
                <ele>6.2</ele>
            </trkpt>
            <trkpt lat="-27.004263" lon="-48.639403">
                <ele>6.2</ele>
            </trkpt>
            <trkpt lat="-27.00424" lon="-48.639427">
                <ele>9.2</ele>
            </trkpt>
            <trkpt lat="-27.004235" lon="-48.639442">
                <ele>9</ele>
            </trkpt>
            <trkpt lat="-27.00423" lon="-48.63946">
                <ele>8.7</ele>
            </trkpt>
            <trkpt lat="-27.004225" lon="-48.63948">
                <ele>8.3</ele>
            </trkpt>
            <trkpt lat="-27.004218" lon="-48.6395">
                <ele>7.8</ele>
            </trkpt>
            <trkpt lat="-27.004212" lon="-48.639523">
                <ele>7.2</ele>
            </trkpt>
            <trkpt lat="-27.004205" lon="-48.639548">
                <ele>6.4</ele>
            </trkpt>
            <trkpt lat="-27.004197" lon="-48.639575">
                <ele>5.5</ele>
            </trkpt>
            <trkpt lat="-27.004187" lon="-48.639603">
                <ele>4.7</ele>
            </trkpt>
            <trkpt lat="-27.004173" lon="-48.639635">
                <ele>3.8</ele>
            </trkpt>
            <trkpt lat="-27.004158" lon="-48.639667">
                <ele>2.4</ele>
            </trkpt>
            <trkpt lat="-27.004142" lon="-48.639697">
                <ele>0.9</ele>
            </trkpt>
            <trkpt lat="-27.004128" lon="-48.639728">
                <ele>-0.4</ele>
            </trkpt>
            <trkpt lat="-27.004115" lon="-48.639757">
                <ele>-1.4</ele>
            </trkpt>
            <trkpt lat="-27.004103" lon="-48.63978">
                <ele>-2.3</ele>
            </trkpt>
            <trkpt lat="-27.004092" lon="-48.639805">
                <ele>-3.1</ele>
            </trkpt>
            <trkpt lat="-27.004078" lon="-48.639835">
                <ele>-3.6</ele>
            </trkpt>
            <trkpt lat="-27.004068" lon="-48.639865">
                <ele>-3.7</ele>
            </trkpt>
            <trkpt lat="-27.004058" lon="-48.639898">
                <ele>-3.8</ele>
            </trkpt>
            <trkpt lat="-27.004047" lon="-48.639933">
                <ele>-4.2</ele>
            </trkpt>
            <trkpt lat="-27.004033" lon="-48.639965">
                <ele>-4.8</ele>
            </trkpt>
            <trkpt lat="-27.004018" lon="-48.639997">
                <ele>-5.4</ele>
            </trkpt>
            <trkpt lat="-27.004" lon="-48.640028">
                <ele>-6</ele>
            </trkpt>
            <trkpt lat="-27.003985" lon="-48.640055">
                <ele>-6.4</ele>
            </trkpt>
            <trkpt lat="-27.00397" lon="-48.640075">
                <ele>-6.5</ele>
            </trkpt>
            <trkpt lat="-27.003962" lon="-48.640088">
                <ele>-6.3</ele>
            </trkpt>
            <trkpt lat="-27.003953" lon="-48.6401">
                <ele>-5.7</ele>
            </trkpt>
            <trkpt lat="-27.003947" lon="-48.640105">
                <ele>-4.7</ele>
            </trkpt>
            <trkpt lat="-27.003948" lon="-48.640102">
                <ele>-4</ele>
            </trkpt>
            <trkpt lat="-27.003948" lon="-48.640103">
                <ele>-3.7</ele>
            </trkpt>
            <trkpt lat="-27.003948" lon="-48.640103">
                <ele>-3.7</ele>
            </trkpt>
            <trkpt lat="-27.003947" lon="-48.640105">
                <ele>-3</ele>
            </trkpt>
            <trkpt lat="-27.003947" lon="-48.640105">
                <ele>-2.5</ele>
            </trkpt>
            <trkpt lat="-27.003947" lon="-48.640105">
                <ele>-2.1</ele>
            </trkpt>
            <trkpt lat="-27.003947" lon="-48.640107">
                <ele>-1.6</ele>
            </trkpt>
            <trkpt lat="-27.003945" lon="-48.640108">
                <ele>-0.9</ele>
            </trkpt>
            <trkpt lat="-27.003943" lon="-48.64011">
                <ele>-0.5</ele>
            </trkpt>
            <trkpt lat="-27.003943" lon="-48.640112">
                <ele>0.1</ele>
            </trkpt>
            <trkpt lat="-27.003943" lon="-48.640113">
                <ele>0.5</ele>
            </trkpt>
            <trkpt lat="-27.003943" lon="-48.640113">
                <ele>0.5</ele>
            </trkpt>
            <trkpt lat="-27.003943" lon="-48.640113">
                <ele>0.5</ele>
            </trkpt>
            <trkpt lat="-27.003943" lon="-48.640113">
                <ele>0.5</ele>
            </trkpt>
            <trkpt lat="-27.003943" lon="-48.640113">
                <ele>0.5</ele>
            </trkpt>
            <trkpt lat="-27.003943" lon="-48.640113">
                <ele>0.5</ele>
            </trkpt>
            <trkpt lat="-27.003943" lon="-48.640113">
                <ele>0.5</ele>
            </trkpt>
            <trkpt lat="-27.003943" lon="-48.640113">
                <ele>0.5</ele>
            </trkpt>
            <trkpt lat="-27.003943" lon="-48.640113">
                <ele>0.5</ele>
            </trkpt>
            <trkpt lat="-27.003943" lon="-48.640113">
                <ele>0.5</ele>
            </trkpt>
            <trkpt lat="-27.003943" lon="-48.640113">
                <ele>0.5</ele>
            </trkpt>
            <trkpt lat="-27.003943" lon="-48.640113">
                <ele>0.5</ele>
            </trkpt>
            <trkpt lat="-27.003943" lon="-48.640113">
                <ele>0.5</ele>
            </trkpt>
            <trkpt lat="-27.003943" lon="-48.640113">
                <ele>0.5</ele>
            </trkpt>
            <trkpt lat="-27.003943" lon="-48.640113">
                <ele>0.5</ele>
            </trkpt>
            <trkpt lat="-27.003943" lon="-48.640113">
                <ele>0.5</ele>
            </trkpt>
            <trkpt lat="-27.003943" lon="-48.640113">
                <ele>0.5</ele>
            </trkpt>
            <trkpt lat="-27.003943" lon="-48.640113">
                <ele>0.5</ele>
            </trkpt>
            <trkpt lat="-27.003943" lon="-48.640113">
                <ele>0.5</ele>
            </trkpt>
            <trkpt lat="-27.003943" lon="-48.640113">
                <ele>0.5</ele>
            </trkpt>
            <trkpt lat="-27.003943" lon="-48.640113">
                <ele>0.5</ele>
            </trkpt>
            <trkpt lat="-27.003943" lon="-48.640113">
                <ele>0.5</ele>
            </trkpt>
            <trkpt lat="-27.003943" lon="-48.640113">
                <ele>0.5</ele>
            </trkpt>
            <trkpt lat="-27.003943" lon="-48.640113">
                <ele>0.5</ele>
            </trkpt>
            <trkpt lat="-27.003943" lon="-48.640113">
                <ele>0.5</ele>
            </trkpt>
            <trkpt lat="-27.003943" lon="-48.640113">
                <ele>0.5</ele>
            </trkpt>
            <trkpt lat="-27.003943" lon="-48.640113">
                <ele>0.5</ele>
            </trkpt>
            <trkpt lat="-27.003943" lon="-48.640113">
                <ele>0.5</ele>
            </trkpt>
            <trkpt lat="-27.003943" lon="-48.640113">
                <ele>0.5</ele>
            </trkpt>
            <trkpt lat="-27.003943" lon="-48.640113">
                <ele>0.5</ele>
            </trkpt>
            <trkpt lat="-27.003943" lon="-48.640113">
                <ele>0.5</ele>
            </trkpt>
            <trkpt lat="-27.003943" lon="-48.640113">
                <ele>0.5</ele>
            </trkpt>
            <trkpt lat="-27.003943" lon="-48.640113">
                <ele>0.5</ele>
            </trkpt>
            <trkpt lat="-27.003943" lon="-48.640113">
                <ele>0.5</ele>
            </trkpt>
            <trkpt lat="-27.003943" lon="-48.640113">
                <ele>0.5</ele>
            </trkpt>
            <trkpt lat="-27.003943" lon="-48.640113">
                <ele>0.5</ele>
            </trkpt>
            <trkpt lat="-27.003943" lon="-48.640113">
                <ele>0.5</ele>
            </trkpt>
            <trkpt lat="-27.003943" lon="-48.640113">
                <ele>0.5</ele>
            </trkpt>
            <trkpt lat="-27.003943" lon="-48.640113">
                <ele>0.5</ele>
            </trkpt>
            <trkpt lat="-27.003943" lon="-48.640113">
                <ele>0.5</ele>
            </trkpt>
            <trkpt lat="-27.003943" lon="-48.640113">
                <ele>0.5</ele>
            </trkpt>
            <trkpt lat="-27.003943" lon="-48.640113">
                <ele>0.5</ele>
            </trkpt>
            <trkpt lat="-27.003943" lon="-48.640113">
                <ele>0.5</ele>
            </trkpt>
            <trkpt lat="-27.003943" lon="-48.640113">
                <ele>0.5</ele>
            </trkpt>
            <trkpt lat="-27.003943" lon="-48.640113">
                <ele>0.5</ele>
            </trkpt>
            <trkpt lat="-27.003943" lon="-48.640113">
                <ele>0.5</ele>
            </trkpt>
            <trkpt lat="-27.003943" lon="-48.640113">
                <ele>0.5</ele>
            </trkpt>
            <trkpt lat="-27.003943" lon="-48.640113">
                <ele>0.5</ele>
            </trkpt>
            <trkpt lat="-27.003943" lon="-48.640113">
                <ele>0.5</ele>
            </trkpt>
            <trkpt lat="-27.003943" lon="-48.640113">
                <ele>0.5</ele>
            </trkpt>
            <trkpt lat="-27.003943" lon="-48.640113">
                <ele>0.5</ele>
            </trkpt>
            <trkpt lat="-27.003922" lon="-48.640142">
                <ele>7.2</ele>
            </trkpt>
            <trkpt lat="-27.003918" lon="-48.640158">
                <ele>7.3</ele>
            </trkpt>
            <trkpt lat="-27.003912" lon="-48.64018">
                <ele>7.4</ele>
            </trkpt>
            <trkpt lat="-27.003905" lon="-48.6402">
                <ele>7.6</ele>
            </trkpt>
            <trkpt lat="-27.003897" lon="-48.640215">
                <ele>8</ele>
            </trkpt>
            <trkpt lat="-27.003883" lon="-48.640233">
                <ele>8.3</ele>
            </trkpt>
            <trkpt lat="-27.003867" lon="-48.640255">
                <ele>8.4</ele>
            </trkpt>
            <trkpt lat="-27.00385" lon="-48.640285">
                <ele>8.6</ele>
            </trkpt>
            <trkpt lat="-27.003833" lon="-48.640312">
                <ele>8.4</ele>
            </trkpt>
            <trkpt lat="-27.00382" lon="-48.640333">
                <ele>8.4</ele>
            </trkpt>
            <trkpt lat="-27.003807" lon="-48.640352">
                <ele>8.2</ele>
            </trkpt>
            <trkpt lat="-27.003795" lon="-48.640365">
                <ele>7.8</ele>
            </trkpt>
            <trkpt lat="-27.003795" lon="-48.640365">
                <ele>7.8</ele>
            </trkpt>
            <trkpt lat="-27.003783" lon="-48.640373">
                <ele>7.8</ele>
            </trkpt>
            <trkpt lat="-27.003778" lon="-48.640382">
                <ele>7.9</ele>
            </trkpt>
            <trkpt lat="-27.003775" lon="-48.640385">
                <ele>8</ele>
            </trkpt>
            <trkpt lat="-27.003772" lon="-48.64039">
                <ele>7.8</ele>
            </trkpt>
            <trkpt lat="-27.00377" lon="-48.640397">
                <ele>7.7</ele>
            </trkpt>
            <trkpt lat="-27.003768" lon="-48.6404">
                <ele>7.4</ele>
            </trkpt>
            <trkpt lat="-27.003767" lon="-48.6404">
                <ele>7.3</ele>
            </trkpt>
            <trkpt lat="-27.003765" lon="-48.640403">
                <ele>7.1</ele>
            </trkpt>
            <trkpt lat="-27.003763" lon="-48.640407">
                <ele>7.1</ele>
            </trkpt>
            <trkpt lat="-27.003758" lon="-48.640415">
                <ele>7.2</ele>
            </trkpt>
            <trkpt lat="-27.003758" lon="-48.640427">
                <ele>7.2</ele>
            </trkpt>
            <trkpt lat="-27.003755" lon="-48.64044">
                <ele>7.2</ele>
            </trkpt>
            <trkpt lat="-27.003753" lon="-48.640452">
                <ele>6.9</ele>
            </trkpt>
            <trkpt lat="-27.00375" lon="-48.640458">
                <ele>6.6</ele>
            </trkpt>
            <trkpt lat="-27.003747" lon="-48.640465">
                <ele>6.5</ele>
            </trkpt>
            <trkpt lat="-27.003742" lon="-48.640473">
                <ele>6.1</ele>
            </trkpt>
            <trkpt lat="-27.003738" lon="-48.640482">
                <ele>6.1</ele>
            </trkpt>
            <trkpt lat="-27.003737" lon="-48.640483">
                <ele>6</ele>
            </trkpt>
            <trkpt lat="-27.003737" lon="-48.640483">
                <ele>6</ele>
            </trkpt>
            <trkpt lat="-27.003735" lon="-48.640487">
                <ele>5.9</ele>
            </trkpt>
            <trkpt lat="-27.003732" lon="-48.640488">
                <ele>6.1</ele>
            </trkpt>
            <trkpt lat="-27.003728" lon="-48.640493">
                <ele>6.1</ele>
            </trkpt>
            <trkpt lat="-27.003723" lon="-48.640503">
                <ele>6.1</ele>
            </trkpt>
            <trkpt lat="-27.003717" lon="-48.640512">
                <ele>6.4</ele>
            </trkpt>
            <trkpt lat="-27.00371" lon="-48.640523">
                <ele>6.6</ele>
            </trkpt>
            <trkpt lat="-27.0037" lon="-48.640537">
                <ele>6.9</ele>
            </trkpt>
            <trkpt lat="-27.003692" lon="-48.64055">
                <ele>6.9</ele>
            </trkpt>
            <trkpt lat="-27.003682" lon="-48.640563">
                <ele>6.7</ele>
            </trkpt>
            <trkpt lat="-27.00367" lon="-48.640577">
                <ele>6.6</ele>
            </trkpt>
            <trkpt lat="-27.003662" lon="-48.640587">
                <ele>6.5</ele>
            </trkpt>
            <trkpt lat="-27.003655" lon="-48.640597">
                <ele>6.3</ele>
            </trkpt>
            <trkpt lat="-27.00365" lon="-48.640603">
                <ele>6.1</ele>
            </trkpt>
            <trkpt lat="-27.003648" lon="-48.640603">
                <ele>5.8</ele>
            </trkpt>
            <trkpt lat="-27.003647" lon="-48.640602">
                <ele>5.6</ele>
            </trkpt>
            <trkpt lat="-27.003645" lon="-48.6406">
                <ele>5.3</ele>
            </trkpt>
            <trkpt lat="-27.003642" lon="-48.640597">
                <ele>5.3</ele>
            </trkpt>
            <trkpt lat="-27.00364" lon="-48.640595">
                <ele>5.1</ele>
            </trkpt>
            <trkpt lat="-27.003638" lon="-48.640593">
                <ele>4.8</ele>
            </trkpt>
            <trkpt lat="-27.003635" lon="-48.6406">
                <ele>4.6</ele>
            </trkpt>
            <trkpt lat="-27.003632" lon="-48.640607">
                <ele>4.6</ele>
            </trkpt>
            <trkpt lat="-27.00363" lon="-48.64061">
                <ele>4.5</ele>
            </trkpt>
            <trkpt lat="-27.003627" lon="-48.640615">
                <ele>4.4</ele>
            </trkpt>
            <trkpt lat="-27.003625" lon="-48.640617">
                <ele>4.3</ele>
            </trkpt>
            <trkpt lat="-27.003627" lon="-48.640617">
                <ele>4.2</ele>
            </trkpt>
            <trkpt lat="-27.003627" lon="-48.640617">
                <ele>4.2</ele>
            </trkpt>
            <trkpt lat="-27.003627" lon="-48.640617">
                <ele>4.2</ele>
            </trkpt>
            <trkpt lat="-27.003627" lon="-48.640617">
                <ele>4.2</ele>
            </trkpt>
            <trkpt lat="-27.003627" lon="-48.640617">
                <ele>4.2</ele>
            </trkpt>
            <trkpt lat="-27.003627" lon="-48.640617">
                <ele>4.2</ele>
            </trkpt>
            <trkpt lat="-27.003627" lon="-48.640617">
                <ele>4.2</ele>
            </trkpt>
            <trkpt lat="-27.003627" lon="-48.640617">
                <ele>4.2</ele>
            </trkpt>
            <trkpt lat="-27.003627" lon="-48.640617">
                <ele>4.2</ele>
            </trkpt>
            <trkpt lat="-27.003627" lon="-48.640617">
                <ele>4.2</ele>
            </trkpt>
            <trkpt lat="-27.003627" lon="-48.640617">
                <ele>4.2</ele>
            </trkpt>
            <trkpt lat="-27.003627" lon="-48.640617">
                <ele>4.2</ele>
            </trkpt>
            <trkpt lat="-27.003627" lon="-48.640617">
                <ele>4.2</ele>
            </trkpt>
            <trkpt lat="-27.003627" lon="-48.640617">
                <ele>4.2</ele>
            </trkpt>
            <trkpt lat="-27.003627" lon="-48.640617">
                <ele>4.2</ele>
            </trkpt>
            <trkpt lat="-27.003627" lon="-48.640617">
                <ele>4.2</ele>
            </trkpt>
            <trkpt lat="-27.003627" lon="-48.640617">
                <ele>4.2</ele>
            </trkpt>
            <trkpt lat="-27.003627" lon="-48.640617">
                <ele>4.2</ele>
            </trkpt>
            <trkpt lat="-27.003627" lon="-48.640617">
                <ele>4.2</ele>
            </trkpt>
            <trkpt lat="-27.003627" lon="-48.640617">
                <ele>4.2</ele>
            </trkpt>
            <trkpt lat="-27.003627" lon="-48.640617">
                <ele>4.2</ele>
            </trkpt>
            <trkpt lat="-27.003627" lon="-48.640617">
                <ele>4.2</ele>
            </trkpt>
            <trkpt lat="-27.003627" lon="-48.640617">
                <ele>4.2</ele>
            </trkpt>
            <trkpt lat="-27.003615" lon="-48.640632">
                <ele>4</ele>
            </trkpt>
            <trkpt lat="-27.003612" lon="-48.640648">
                <ele>4.1</ele>
            </trkpt>
            <trkpt lat="-27.003603" lon="-48.640675">
                <ele>4</ele>
            </trkpt>
            <trkpt lat="-27.003597" lon="-48.6407">
                <ele>3.9</ele>
            </trkpt>
            <trkpt lat="-27.003593" lon="-48.640728">
                <ele>3.6</ele>
            </trkpt>
            <trkpt lat="-27.003583" lon="-48.640755">
                <ele>3.5</ele>
            </trkpt>
            <trkpt lat="-27.003568" lon="-48.640782">
                <ele>3.1</ele>
            </trkpt>
            <trkpt lat="-27.00355" lon="-48.640805">
                <ele>2.5</ele>
            </trkpt>
            <trkpt lat="-27.00353" lon="-48.640833">
                <ele>1.8</ele>
            </trkpt>
            <trkpt lat="-27.00351" lon="-48.640862">
                <ele>0.9</ele>
            </trkpt>
            <trkpt lat="-27.00349" lon="-48.640892">
                <ele>1.1</ele>
            </trkpt>
            <trkpt lat="-27.003475" lon="-48.640917">
                <ele>1.8</ele>
            </trkpt>
            <trkpt lat="-27.003462" lon="-48.640935">
                <ele>2</ele>
            </trkpt>
            <trkpt lat="-27.003453" lon="-48.640953">
                <ele>2.1</ele>
            </trkpt>
            <trkpt lat="-27.00344" lon="-48.640973">
                <ele>1.9</ele>
            </trkpt>
            <trkpt lat="-27.00343" lon="-48.640993">
                <ele>1.8</ele>
            </trkpt>
            <trkpt lat="-27.003417" lon="-48.641017">
                <ele>2.2</ele>
            </trkpt>
            <trkpt lat="-27.003405" lon="-48.641038">
                <ele>2.9</ele>
            </trkpt>
            <trkpt lat="-27.003398" lon="-48.641055">
                <ele>3.6</ele>
            </trkpt>
            <trkpt lat="-27.003388" lon="-48.64107">
                <ele>4.1</ele>
            </trkpt>
            <trkpt lat="-27.003382" lon="-48.641083">
                <ele>4.3</ele>
            </trkpt>
            <trkpt lat="-27.003378" lon="-48.641087">
                <ele>4.4</ele>
            </trkpt>
            <trkpt lat="-27.003378" lon="-48.64109">
                <ele>4.4</ele>
            </trkpt>
            <trkpt lat="-27.003377" lon="-48.641092">
                <ele>4.8</ele>
            </trkpt>
            <trkpt lat="-27.003378" lon="-48.641095">
                <ele>4.8</ele>
            </trkpt>
            <trkpt lat="-27.003378" lon="-48.641098">
                <ele>4.7</ele>
            </trkpt>
            <trkpt lat="-27.003378" lon="-48.641098">
                <ele>4.7</ele>
            </trkpt>
            <trkpt lat="-27.003378" lon="-48.641098">
                <ele>4.6</ele>
            </trkpt>
            <trkpt lat="-27.003378" lon="-48.6411">
                <ele>4.5</ele>
            </trkpt>
            <trkpt lat="-27.003378" lon="-48.6411">
                <ele>4.4</ele>
            </trkpt>
            <trkpt lat="-27.003377" lon="-48.641103">
                <ele>4.9</ele>
            </trkpt>
            <trkpt lat="-27.003375" lon="-48.641105">
                <ele>5.2</ele>
            </trkpt>
            <trkpt lat="-27.003375" lon="-48.641105">
                <ele>5.2</ele>
            </trkpt>
            <trkpt lat="-27.003375" lon="-48.641105">
                <ele>5.2</ele>
            </trkpt>
            <trkpt lat="-27.003375" lon="-48.641105">
                <ele>5.2</ele>
            </trkpt>
            <trkpt lat="-27.003375" lon="-48.641105">
                <ele>5.2</ele>
            </trkpt>
            <trkpt lat="-27.003362" lon="-48.641122">
                <ele>5.4</ele>
            </trkpt>
            <trkpt lat="-27.003352" lon="-48.641133">
                <ele>5</ele>
            </trkpt>
            <trkpt lat="-27.003345" lon="-48.641148">
                <ele>4.8</ele>
            </trkpt>
            <trkpt lat="-27.003335" lon="-48.641168">
                <ele>4.8</ele>
            </trkpt>
            <trkpt lat="-27.003328" lon="-48.641193">
                <ele>5</ele>
            </trkpt>
            <trkpt lat="-27.003315" lon="-48.641218">
                <ele>5.1</ele>
            </trkpt>
            <trkpt lat="-27.003295" lon="-48.641248">
                <ele>5.6</ele>
            </trkpt>
            <trkpt lat="-27.00328" lon="-48.641278">
                <ele>5.7</ele>
            </trkpt>
            <trkpt lat="-27.003265" lon="-48.641305">
                <ele>5.9</ele>
            </trkpt>
            <trkpt lat="-27.003252" lon="-48.64133">
                <ele>6.5</ele>
            </trkpt>
            <trkpt lat="-27.003233" lon="-48.641348">
                <ele>5.8</ele>
            </trkpt>
            <trkpt lat="-27.003225" lon="-48.641367">
                <ele>5.3</ele>
            </trkpt>
            <trkpt lat="-27.003213" lon="-48.641388">
                <ele>4.9</ele>
            </trkpt>
            <trkpt lat="-27.003203" lon="-48.64141">
                <ele>4.3</ele>
            </trkpt>
            <trkpt lat="-27.003203" lon="-48.64141">
                <ele>4.3</ele>
            </trkpt>
            <trkpt lat="-27.003192" lon="-48.641423">
                <ele>3.2</ele>
            </trkpt>
            <trkpt lat="-27.003183" lon="-48.641435">
                <ele>2.9</ele>
            </trkpt>
            <trkpt lat="-27.003177" lon="-48.641435">
                <ele>2.6</ele>
            </trkpt>
            <trkpt lat="-27.003172" lon="-48.641437">
                <ele>2.5</ele>
            </trkpt>
            <trkpt lat="-27.00317" lon="-48.641435">
                <ele>2.3</ele>
            </trkpt>
            <trkpt lat="-27.003168" lon="-48.641433">
                <ele>2.2</ele>
            </trkpt>
            <trkpt lat="-27.00317" lon="-48.641432">
                <ele>2.2</ele>
            </trkpt>
            <trkpt lat="-27.003167" lon="-48.641435">
                <ele>2.1</ele>
            </trkpt>
            <trkpt lat="-27.003163" lon="-48.641435">
                <ele>2.2</ele>
            </trkpt>
            <trkpt lat="-27.00316" lon="-48.641433">
                <ele>2</ele>
            </trkpt>
            <trkpt lat="-27.003155" lon="-48.641428">
                <ele>2.1</ele>
            </trkpt>
            <trkpt lat="-27.003152" lon="-48.641425">
                <ele>2.3</ele>
            </trkpt>
            <trkpt lat="-27.003152" lon="-48.641425">
                <ele>2.3</ele>
            </trkpt>
            <trkpt lat="-27.00315" lon="-48.641423">
                <ele>2.6</ele>
            </trkpt>
            <trkpt lat="-27.00315" lon="-48.641423">
                <ele>2.6</ele>
            </trkpt>
            <trkpt lat="-27.003142" lon="-48.641435">
                <ele>3</ele>
            </trkpt>
            <trkpt lat="-27.003138" lon="-48.641445">
                <ele>2.9</ele>
            </trkpt>
            <trkpt lat="-27.003132" lon="-48.641463">
                <ele>3.1</ele>
            </trkpt>
            <trkpt lat="-27.003127" lon="-48.641482">
                <ele>3.2</ele>
            </trkpt>
            <trkpt lat="-27.003118" lon="-48.641512">
                <ele>3.5</ele>
            </trkpt>
            <trkpt lat="-27.003103" lon="-48.641538">
                <ele>3.5</ele>
            </trkpt>
            <trkpt lat="-27.003088" lon="-48.64157">
                <ele>3.2</ele>
            </trkpt>
            <trkpt lat="-27.003077" lon="-48.641593">
                <ele>3</ele>
            </trkpt>
            <trkpt lat="-27.003063" lon="-48.641618">
                <ele>3.5</ele>
            </trkpt>
            <trkpt lat="-27.003057" lon="-48.641638">
                <ele>3.7</ele>
            </trkpt>
            <trkpt lat="-27.003045" lon="-48.641653">
                <ele>4</ele>
            </trkpt>
            <trkpt lat="-27.003037" lon="-48.641663">
                <ele>4.3</ele>
            </trkpt>
            <trkpt lat="-27.003038" lon="-48.641668">
                <ele>4.5</ele>
            </trkpt>
            <trkpt lat="-27.003038" lon="-48.64167">
                <ele>4.8</ele>
            </trkpt>
            <trkpt lat="-27.00304" lon="-48.64167">
                <ele>5.4</ele>
            </trkpt>
            <trkpt lat="-27.003043" lon="-48.64167">
                <ele>5.5</ele>
            </trkpt>
            <trkpt lat="-27.003043" lon="-48.641668">
                <ele>5.6</ele>
            </trkpt>
            <trkpt lat="-27.003043" lon="-48.641668">
                <ele>5.6</ele>
            </trkpt>
            <trkpt lat="-27.003047" lon="-48.641665">
                <ele>5.7</ele>
            </trkpt>
            <trkpt lat="-27.00305" lon="-48.641662">
                <ele>5.7</ele>
            </trkpt>
            <trkpt lat="-27.003055" lon="-48.641658">
                <ele>5.9</ele>
            </trkpt>
            <trkpt lat="-27.003055" lon="-48.641658">
                <ele>5.9</ele>
            </trkpt>
            <trkpt lat="-27.003057" lon="-48.641655">
                <ele>6.1</ele>
            </trkpt>
            <trkpt lat="-27.00306" lon="-48.641653">
                <ele>6.4</ele>
            </trkpt>
            <trkpt lat="-27.00306" lon="-48.641653">
                <ele>6.7</ele>
            </trkpt>
            <trkpt lat="-27.00306" lon="-48.641653">
                <ele>6.7</ele>
            </trkpt>
            <trkpt lat="-27.00306" lon="-48.641653">
                <ele>6.7</ele>
            </trkpt>
            <trkpt lat="-27.00306" lon="-48.641653">
                <ele>6.7</ele>
            </trkpt>
            <trkpt lat="-27.00306" lon="-48.641653">
                <ele>6.7</ele>
            </trkpt>
            <trkpt lat="-27.00306" lon="-48.641653">
                <ele>6.7</ele>
            </trkpt>
            <trkpt lat="-27.00306" lon="-48.641653">
                <ele>6.7</ele>
            </trkpt>
            <trkpt lat="-27.00306" lon="-48.641653">
                <ele>6.7</ele>
            </trkpt>
            <trkpt lat="-27.00306" lon="-48.641653">
                <ele>6.7</ele>
            </trkpt>
            <trkpt lat="-27.00306" lon="-48.641653">
                <ele>6.7</ele>
            </trkpt>
            <trkpt lat="-27.00306" lon="-48.641653">
                <ele>6.7</ele>
            </trkpt>
            <trkpt lat="-27.00306" lon="-48.641653">
                <ele>6.7</ele>
            </trkpt>
            <trkpt lat="-27.00306" lon="-48.641653">
                <ele>6.7</ele>
            </trkpt>
            <trkpt lat="-27.00306" lon="-48.641653">
                <ele>6.7</ele>
            </trkpt>
            <trkpt lat="-27.003032" lon="-48.641672">
                <ele>8.4</ele>
            </trkpt>
            <trkpt lat="-27.003025" lon="-48.641695">
                <ele>8.5</ele>
            </trkpt>
            <trkpt lat="-27.003018" lon="-48.641722">
                <ele>8.7</ele>
            </trkpt>
            <trkpt lat="-27.003003" lon="-48.641748">
                <ele>8.4</ele>
            </trkpt>
            <trkpt lat="-27.00299" lon="-48.641775">
                <ele>7.8</ele>
            </trkpt>
            <trkpt lat="-27.002975" lon="-48.641797">
                <ele>7.5</ele>
            </trkpt>
            <trkpt lat="-27.002958" lon="-48.641822">
                <ele>7.1</ele>
            </trkpt>
            <trkpt lat="-27.002943" lon="-48.64184">
                <ele>7.4</ele>
            </trkpt>
            <trkpt lat="-27.002932" lon="-48.641857">
                <ele>7.5</ele>
            </trkpt>
            <trkpt lat="-27.002928" lon="-48.641868">
                <ele>7.5</ele>
            </trkpt>
            <trkpt lat="-27.002923" lon="-48.641873">
                <ele>8.1</ele>
            </trkpt>
            <trkpt lat="-27.002918" lon="-48.64188">
                <ele>8.5</ele>
            </trkpt>
            <trkpt lat="-27.002915" lon="-48.641882">
                <ele>8.7</ele>
            </trkpt>
            <trkpt lat="-27.002913" lon="-48.641883">
                <ele>8.5</ele>
            </trkpt>
            <trkpt lat="-27.002912" lon="-48.641882">
                <ele>8.2</ele>
            </trkpt>
            <trkpt lat="-27.00291" lon="-48.641885">
                <ele>8.2</ele>
            </trkpt>
            <trkpt lat="-27.00291" lon="-48.641885">
                <ele>8.2</ele>
            </trkpt>
            <trkpt lat="-27.002913" lon="-48.641883">
                <ele>8.4</ele>
            </trkpt>
            <trkpt lat="-27.002913" lon="-48.641882">
                <ele>8.3</ele>
            </trkpt>
            <trkpt lat="-27.002915" lon="-48.641882">
                <ele>8.2</ele>
            </trkpt>
            <trkpt lat="-27.002917" lon="-48.641882">
                <ele>8.3</ele>
            </trkpt>
            <trkpt lat="-27.002917" lon="-48.641882">
                <ele>8.3</ele>
            </trkpt>
            <trkpt lat="-27.002917" lon="-48.641882">
                <ele>8.3</ele>
            </trkpt>
            <trkpt lat="-27.002917" lon="-48.641882">
                <ele>8.3</ele>
            </trkpt>
            <trkpt lat="-27.002917" lon="-48.641882">
                <ele>8.3</ele>
            </trkpt>
            <trkpt lat="-27.002917" lon="-48.641882">
                <ele>8.3</ele>
            </trkpt>
            <trkpt lat="-27.002917" lon="-48.641882">
                <ele>8.3</ele>
            </trkpt>
            <trkpt lat="-27.002917" lon="-48.641882">
                <ele>8.3</ele>
            </trkpt>
            <trkpt lat="-27.002917" lon="-48.641882">
                <ele>8.3</ele>
            </trkpt>
            <trkpt lat="-27.002917" lon="-48.641882">
                <ele>8.3</ele>
            </trkpt>
            <trkpt lat="-27.002917" lon="-48.641882">
                <ele>8.3</ele>
            </trkpt>
            <trkpt lat="-27.002917" lon="-48.641882">
                <ele>8.3</ele>
            </trkpt>
            <trkpt lat="-27.002917" lon="-48.641882">
                <ele>8.3</ele>
            </trkpt>
            <trkpt lat="-27.002917" lon="-48.641882">
                <ele>8.3</ele>
            </trkpt>
            <trkpt lat="-27.002917" lon="-48.641882">
                <ele>8.3</ele>
            </trkpt>
            <trkpt lat="-27.002917" lon="-48.641882">
                <ele>8.3</ele>
            </trkpt>
            <trkpt lat="-27.002917" lon="-48.641882">
                <ele>8.3</ele>
            </trkpt>
            <trkpt lat="-27.002917" lon="-48.641882">
                <ele>8.3</ele>
            </trkpt>
            <trkpt lat="-27.002917" lon="-48.641882">
                <ele>8.3</ele>
            </trkpt>
            <trkpt lat="-27.002897" lon="-48.641903">
                <ele>10</ele>
            </trkpt>
            <trkpt lat="-27.002887" lon="-48.64192">
                <ele>10.1</ele>
            </trkpt>
            <trkpt lat="-27.002878" lon="-48.641942">
                <ele>9.9</ele>
            </trkpt>
            <trkpt lat="-27.002868" lon="-48.641962">
                <ele>9.7</ele>
            </trkpt>
            <trkpt lat="-27.00286" lon="-48.641982">
                <ele>9.6</ele>
            </trkpt>
            <trkpt lat="-27.002847" lon="-48.642008">
                <ele>9.2</ele>
            </trkpt>
            <trkpt lat="-27.002828" lon="-48.642042">
                <ele>7.7</ele>
            </trkpt>
            <trkpt lat="-27.002813" lon="-48.642072">
                <ele>7</ele>
            </trkpt>
            <trkpt lat="-27.002795" lon="-48.642102">
                <ele>6.6</ele>
            </trkpt>
            <trkpt lat="-27.002782" lon="-48.642132">
                <ele>6.2</ele>
            </trkpt>
            <trkpt lat="-27.002767" lon="-48.642158">
                <ele>5.7</ele>
            </trkpt>
            <trkpt lat="-27.002752" lon="-48.642187">
                <ele>5.4</ele>
            </trkpt>
            <trkpt lat="-27.002735" lon="-48.642213">
                <ele>5.2</ele>
            </trkpt>
            <trkpt lat="-27.00272" lon="-48.642242">
                <ele>5.1</ele>
            </trkpt>
            <trkpt lat="-27.002703" lon="-48.64227">
                <ele>4.8</ele>
            </trkpt>
            <trkpt lat="-27.002687" lon="-48.642298">
                <ele>4.8</ele>
            </trkpt>
            <trkpt lat="-27.002667" lon="-48.642327">
                <ele>4.6</ele>
            </trkpt>
            <trkpt lat="-27.00265" lon="-48.642353">
                <ele>4.9</ele>
            </trkpt>
            <trkpt lat="-27.002637" lon="-48.642375">
                <ele>4.6</ele>
            </trkpt>
            <trkpt lat="-27.002625" lon="-48.6424">
                <ele>4.7</ele>
            </trkpt>
            <trkpt lat="-27.002618" lon="-48.642412">
                <ele>5</ele>
            </trkpt>
            <trkpt lat="-27.002613" lon="-48.642413">
                <ele>5.4</ele>
            </trkpt>
            <trkpt lat="-27.002618" lon="-48.642412">
                <ele>4.8</ele>
            </trkpt>
            <trkpt lat="-27.00262" lon="-48.642415">
                <ele>4.6</ele>
            </trkpt>
            <trkpt lat="-27.002622" lon="-48.642413">
                <ele>4</ele>
            </trkpt>
            <trkpt lat="-27.002618" lon="-48.642415">
                <ele>4.8</ele>
            </trkpt>
            <trkpt lat="-27.002613" lon="-48.642415">
                <ele>5.7</ele>
            </trkpt>
            <trkpt lat="-27.002612" lon="-48.642415">
                <ele>6.3</ele>
            </trkpt>
            <trkpt lat="-27.002608" lon="-48.642415">
                <ele>6.8</ele>
            </trkpt>
            <trkpt lat="-27.002605" lon="-48.642417">
                <ele>7.1</ele>
            </trkpt>
            <trkpt lat="-27.002603" lon="-48.642417">
                <ele>7.3</ele>
            </trkpt>
            <trkpt lat="-27.002602" lon="-48.642417">
                <ele>7.4</ele>
            </trkpt>
            <trkpt lat="-27.002602" lon="-48.642417">
                <ele>7.4</ele>
            </trkpt>
            <trkpt lat="-27.002602" lon="-48.642417">
                <ele>7.4</ele>
            </trkpt>
            <trkpt lat="-27.002602" lon="-48.642417">
                <ele>7.4</ele>
            </trkpt>
            <trkpt lat="-27.002595" lon="-48.642432">
                <ele>7.1</ele>
            </trkpt>
            <trkpt lat="-27.002588" lon="-48.642443">
                <ele>6.6</ele>
            </trkpt>
            <trkpt lat="-27.002582" lon="-48.642458">
                <ele>5.9</ele>
            </trkpt>
            <trkpt lat="-27.002577" lon="-48.642473">
                <ele>5.4</ele>
            </trkpt>
            <trkpt lat="-27.002572" lon="-48.642487">
                <ele>5.2</ele>
            </trkpt>
            <trkpt lat="-27.002572" lon="-48.642487">
                <ele>5.2</ele>
            </trkpt>
            <trkpt lat="-27.002568" lon="-48.642493">
                <ele>5.4</ele>
            </trkpt>
            <trkpt lat="-27.002568" lon="-48.642493">
                <ele>5.5</ele>
            </trkpt>
            <trkpt lat="-27.002567" lon="-48.642495">
                <ele>5.7</ele>
            </trkpt>
            <trkpt lat="-27.002568" lon="-48.642497">
                <ele>5.9</ele>
            </trkpt>
            <trkpt lat="-27.002568" lon="-48.642498">
                <ele>6.1</ele>
            </trkpt>
            <trkpt lat="-27.002567" lon="-48.6425">
                <ele>6.5</ele>
            </trkpt>
            <trkpt lat="-27.002565" lon="-48.6425">
                <ele>6.8</ele>
            </trkpt>
            <trkpt lat="-27.002565" lon="-48.6425">
                <ele>6.8</ele>
            </trkpt>
            <trkpt lat="-27.002563" lon="-48.642498">
                <ele>7.2</ele>
            </trkpt>
            <trkpt lat="-27.002558" lon="-48.642497">
                <ele>7.7</ele>
            </trkpt>
            <trkpt lat="-27.00256" lon="-48.642497">
                <ele>7.6</ele>
            </trkpt>
            <trkpt lat="-27.00256" lon="-48.642497">
                <ele>7.6</ele>
            </trkpt>
            <trkpt lat="-27.00256" lon="-48.642497">
                <ele>7.6</ele>
            </trkpt>
            <trkpt lat="-27.002557" lon="-48.642508">
                <ele>7.9</ele>
            </trkpt>
            <trkpt lat="-27.00255" lon="-48.64252">
                <ele>8.1</ele>
            </trkpt>
            <trkpt lat="-27.00254" lon="-48.642537">
                <ele>8.6</ele>
            </trkpt>
            <trkpt lat="-27.002528" lon="-48.642553">
                <ele>8.8</ele>
            </trkpt>
            <trkpt lat="-27.002515" lon="-48.642573">
                <ele>8.5</ele>
            </trkpt>
            <trkpt lat="-27.0025" lon="-48.642593">
                <ele>8.5</ele>
            </trkpt>
            <trkpt lat="-27.002485" lon="-48.64262">
                <ele>8.8</ele>
            </trkpt>
            <trkpt lat="-27.00247" lon="-48.642643">
                <ele>8.9</ele>
            </trkpt>
            <trkpt lat="-27.002455" lon="-48.642677">
                <ele>8.5</ele>
            </trkpt>
            <trkpt lat="-27.00244" lon="-48.642708">
                <ele>8.2</ele>
            </trkpt>
            <trkpt lat="-27.002425" lon="-48.64274">
                <ele>8.4</ele>
            </trkpt>
            <trkpt lat="-27.00241" lon="-48.642767">
                <ele>8.9</ele>
            </trkpt>
            <trkpt lat="-27.002397" lon="-48.642792">
                <ele>9</ele>
            </trkpt>
            <trkpt lat="-27.002382" lon="-48.642812">
                <ele>9.2</ele>
            </trkpt>
            <trkpt lat="-27.002375" lon="-48.642825">
                <ele>9.2</ele>
            </trkpt>
            <trkpt lat="-27.002365" lon="-48.642832">
                <ele>9.6</ele>
            </trkpt>
            <trkpt lat="-27.002358" lon="-48.642833">
                <ele>9.7</ele>
            </trkpt>
            <trkpt lat="-27.002357" lon="-48.642833">
                <ele>9.3</ele>
            </trkpt>
            <trkpt lat="-27.002353" lon="-48.642837">
                <ele>8.6</ele>
            </trkpt>
            <trkpt lat="-27.002355" lon="-48.64284">
                <ele>8.1</ele>
            </trkpt>
            <trkpt lat="-27.002355" lon="-48.64284">
                <ele>8.1</ele>
            </trkpt>
            <trkpt lat="-27.002355" lon="-48.642843">
                <ele>7.6</ele>
            </trkpt>
            <trkpt lat="-27.002357" lon="-48.642847">
                <ele>7.4</ele>
            </trkpt>
            <trkpt lat="-27.002355" lon="-48.64285">
                <ele>7.2</ele>
            </trkpt>
            <trkpt lat="-27.002355" lon="-48.64285">
                <ele>7.2</ele>
            </trkpt>
            <trkpt lat="-27.002357" lon="-48.642852">
                <ele>6.9</ele>
            </trkpt>
            <trkpt lat="-27.002355" lon="-48.642852">
                <ele>6.5</ele>
            </trkpt>
            <trkpt lat="-27.002355" lon="-48.642852">
                <ele>6.5</ele>
            </trkpt>
            <trkpt lat="-27.002353" lon="-48.642852">
                <ele>6.1</ele>
            </trkpt>
            <trkpt lat="-27.002353" lon="-48.642852">
                <ele>6.1</ele>
            </trkpt>
            <trkpt lat="-27.002353" lon="-48.642852">
                <ele>6.1</ele>
            </trkpt>
            <trkpt lat="-27.002353" lon="-48.642852">
                <ele>6.1</ele>
            </trkpt>
            <trkpt lat="-27.002353" lon="-48.642852">
                <ele>6.1</ele>
            </trkpt>
            <trkpt lat="-27.002353" lon="-48.642852">
                <ele>6.1</ele>
            </trkpt>
            <trkpt lat="-27.002353" lon="-48.642852">
                <ele>6.1</ele>
            </trkpt>
            <trkpt lat="-27.002353" lon="-48.642852">
                <ele>6.1</ele>
            </trkpt>
            <trkpt lat="-27.002353" lon="-48.642852">
                <ele>6.1</ele>
            </trkpt>
            <trkpt lat="-27.002353" lon="-48.642852">
                <ele>6.1</ele>
            </trkpt>
            <trkpt lat="-27.002353" lon="-48.642852">
                <ele>6.1</ele>
            </trkpt>
            <trkpt lat="-27.002353" lon="-48.642852">
                <ele>6.1</ele>
            </trkpt>
            <trkpt lat="-27.002353" lon="-48.642852">
                <ele>6.1</ele>
            </trkpt>
            <trkpt lat="-27.002353" lon="-48.642852">
                <ele>6.1</ele>
            </trkpt>
            <trkpt lat="-27.002353" lon="-48.642852">
                <ele>6.1</ele>
            </trkpt>
            <trkpt lat="-27.002353" lon="-48.642852">
                <ele>6.1</ele>
            </trkpt>
            <trkpt lat="-27.002353" lon="-48.642852">
                <ele>6.1</ele>
            </trkpt>
            <trkpt lat="-27.002353" lon="-48.642852">
                <ele>6.1</ele>
            </trkpt>
            <trkpt lat="-27.002353" lon="-48.642852">
                <ele>6.1</ele>
            </trkpt>
            <trkpt lat="-27.002353" lon="-48.642852">
                <ele>6.1</ele>
            </trkpt>
            <trkpt lat="-27.002332" lon="-48.642892">
                <ele>5.4</ele>
            </trkpt>
            <trkpt lat="-27.002327" lon="-48.642903">
                <ele>5.4</ele>
            </trkpt>
            <trkpt lat="-27.002318" lon="-48.642917">
                <ele>5.5</ele>
            </trkpt>
            <trkpt lat="-27.00231" lon="-48.64293">
                <ele>5.8</ele>
            </trkpt>
            <trkpt lat="-27.002303" lon="-48.642933">
                <ele>6.4</ele>
            </trkpt>
            <trkpt lat="-27.002302" lon="-48.642933">
                <ele>7</ele>
            </trkpt>
            <trkpt lat="-27.002303" lon="-48.642935">
                <ele>8.1</ele>
            </trkpt>
            <trkpt lat="-27.002302" lon="-48.642933">
                <ele>8.6</ele>
            </trkpt>
            <trkpt lat="-27.002302" lon="-48.642932">
                <ele>8.9</ele>
            </trkpt>
            <trkpt lat="-27.002305" lon="-48.642933">
                <ele>9.5</ele>
            </trkpt>
            <trkpt lat="-27.002308" lon="-48.642935">
                <ele>9.4</ele>
            </trkpt>
            <trkpt lat="-27.00231" lon="-48.642937">
                <ele>9.2</ele>
            </trkpt>
            <trkpt lat="-27.002312" lon="-48.64294">
                <ele>9.3</ele>
            </trkpt>
            <trkpt lat="-27.002312" lon="-48.642943">
                <ele>9.3</ele>
            </trkpt>
            <trkpt lat="-27.002312" lon="-48.642943">
                <ele>9.3</ele>
            </trkpt>
            <trkpt lat="-27.002312" lon="-48.642943">
                <ele>9.3</ele>
            </trkpt>
            <trkpt lat="-27.002312" lon="-48.642943">
                <ele>9.3</ele>
            </trkpt>
            <trkpt lat="-27.002312" lon="-48.642943">
                <ele>9.3</ele>
            </trkpt>
            <trkpt lat="-27.002312" lon="-48.642943">
                <ele>9.3</ele>
            </trkpt>
            <trkpt lat="-27.002312" lon="-48.642943">
                <ele>9.3</ele>
            </trkpt>
            <trkpt lat="-27.002312" lon="-48.642943">
                <ele>9.3</ele>
            </trkpt>
            <trkpt lat="-27.002312" lon="-48.642943">
                <ele>9.3</ele>
            </trkpt>
            <trkpt lat="-27.002312" lon="-48.642943">
                <ele>9.3</ele>
            </trkpt>
            <trkpt lat="-27.002312" lon="-48.642943">
                <ele>9.3</ele>
            </trkpt>
            <trkpt lat="-27.002312" lon="-48.642943">
                <ele>9.3</ele>
            </trkpt>
            <trkpt lat="-27.002312" lon="-48.642943">
                <ele>9.3</ele>
            </trkpt>
            <trkpt lat="-27.002312" lon="-48.642943">
                <ele>9.3</ele>
            </trkpt>
            <trkpt lat="-27.002312" lon="-48.642943">
                <ele>9.3</ele>
            </trkpt>
            <trkpt lat="-27.002312" lon="-48.642943">
                <ele>9.3</ele>
            </trkpt>
            <trkpt lat="-27.002312" lon="-48.642943">
                <ele>9.3</ele>
            </trkpt>
            <trkpt lat="-27.002312" lon="-48.642943">
                <ele>9.3</ele>
            </trkpt>
            <trkpt lat="-27.002312" lon="-48.642943">
                <ele>9.3</ele>
            </trkpt>
            <trkpt lat="-27.002312" lon="-48.642943">
                <ele>9.3</ele>
            </trkpt>
            <trkpt lat="-27.002312" lon="-48.642943">
                <ele>9.3</ele>
            </trkpt>
            <trkpt lat="-27.002312" lon="-48.642943">
                <ele>9.3</ele>
            </trkpt>
            <trkpt lat="-27.002312" lon="-48.642943">
                <ele>9.3</ele>
            </trkpt>
            <trkpt lat="-27.002312" lon="-48.642943">
                <ele>9.3</ele>
            </trkpt>
            <trkpt lat="-27.002312" lon="-48.642943">
                <ele>9.3</ele>
            </trkpt>
            <trkpt lat="-27.002312" lon="-48.642943">
                <ele>9.3</ele>
            </trkpt>
            <trkpt lat="-27.002312" lon="-48.642943">
                <ele>9.3</ele>
            </trkpt>
            <trkpt lat="-27.002312" lon="-48.642943">
                <ele>9.3</ele>
            </trkpt>
            <trkpt lat="-27.002312" lon="-48.642943">
                <ele>9.3</ele>
            </trkpt>
            <trkpt lat="-27.002305" lon="-48.642947">
                <ele>9.1</ele>
            </trkpt>
            <trkpt lat="-27.0023" lon="-48.64296">
                <ele>8.8</ele>
            </trkpt>
            <trkpt lat="-27.002293" lon="-48.64298">
                <ele>8.4</ele>
            </trkpt>
            <trkpt lat="-27.002282" lon="-48.643003">
                <ele>8</ele>
            </trkpt>
            <trkpt lat="-27.002267" lon="-48.643027">
                <ele>7.7</ele>
            </trkpt>
            <trkpt lat="-27.002248" lon="-48.643053">
                <ele>7.3</ele>
            </trkpt>
            <trkpt lat="-27.002233" lon="-48.643083">
                <ele>7</ele>
            </trkpt>
            <trkpt lat="-27.00222" lon="-48.643115">
                <ele>6.7</ele>
            </trkpt>
            <trkpt lat="-27.002203" lon="-48.643147">
                <ele>6.2</ele>
            </trkpt>
            <trkpt lat="-27.002188" lon="-48.643172">
                <ele>6.2</ele>
            </trkpt>
            <trkpt lat="-27.00217" lon="-48.643202">
                <ele>6.5</ele>
            </trkpt>
            <trkpt lat="-27.00215" lon="-48.643228">
                <ele>6.8</ele>
            </trkpt>
            <trkpt lat="-27.002133" lon="-48.643253">
                <ele>7.3</ele>
            </trkpt>
            <trkpt lat="-27.002115" lon="-48.64327">
                <ele>7.5</ele>
            </trkpt>
            <trkpt lat="-27.00209" lon="-48.643297">
                <ele>7.5</ele>
            </trkpt>
            <trkpt lat="-27.002075" lon="-48.643318">
                <ele>7.8</ele>
            </trkpt>
            <trkpt lat="-27.002055" lon="-48.643343">
                <ele>8</ele>
            </trkpt>
            <trkpt lat="-27.002035" lon="-48.643368">
                <ele>8</ele>
            </trkpt>
            <trkpt lat="-27.00202" lon="-48.643392">
                <ele>7.6</ele>
            </trkpt>
            <trkpt lat="-27.002005" lon="-48.64341">
                <ele>7.3</ele>
            </trkpt>
            <trkpt lat="-27.001993" lon="-48.643425">
                <ele>7.6</ele>
            </trkpt>
            <trkpt lat="-27.001978" lon="-48.643442">
                <ele>7.5</ele>
            </trkpt>
            <trkpt lat="-27.001968" lon="-48.64346">
                <ele>7.5</ele>
            </trkpt>
            <trkpt lat="-27.001958" lon="-48.643473">
                <ele>8.3</ele>
            </trkpt>
            <trkpt lat="-27.001953" lon="-48.643483">
                <ele>8.3</ele>
            </trkpt>
            <trkpt lat="-27.00195" lon="-48.64349">
                <ele>8.5</ele>
            </trkpt>
            <trkpt lat="-27.001948" lon="-48.6435">
                <ele>7.7</ele>
            </trkpt>
            <trkpt lat="-27.001952" lon="-48.643503">
                <ele>7.6</ele>
            </trkpt>
            <trkpt lat="-27.001953" lon="-48.64351">
                <ele>7.7</ele>
            </trkpt>
            <trkpt lat="-27.001957" lon="-48.643515">
                <ele>7.8</ele>
            </trkpt>
            <trkpt lat="-27.001957" lon="-48.643517">
                <ele>7.5</ele>
            </trkpt>
            <trkpt lat="-27.001958" lon="-48.643518">
                <ele>7.3</ele>
            </trkpt>
            <trkpt lat="-27.001958" lon="-48.643518">
                <ele>7.3</ele>
            </trkpt>
            <trkpt lat="-27.00196" lon="-48.643522">
                <ele>7</ele>
            </trkpt>
            <trkpt lat="-27.001962" lon="-48.643525">
                <ele>6.6</ele>
            </trkpt>
            <trkpt lat="-27.001962" lon="-48.643523">
                <ele>6.1</ele>
            </trkpt>
            <trkpt lat="-27.001962" lon="-48.643523">
                <ele>5.8</ele>
            </trkpt>
            <trkpt lat="-27.001962" lon="-48.643523">
                <ele>5.8</ele>
            </trkpt>
            <trkpt lat="-27.001962" lon="-48.643523">
                <ele>5.8</ele>
            </trkpt>
            <trkpt lat="-27.001962" lon="-48.643523">
                <ele>5.8</ele>
            </trkpt>
            <trkpt lat="-27.001962" lon="-48.643523">
                <ele>5.8</ele>
            </trkpt>
            <trkpt lat="-27.001962" lon="-48.643523">
                <ele>5.8</ele>
            </trkpt>
            <trkpt lat="-27.001962" lon="-48.643523">
                <ele>5.8</ele>
            </trkpt>
            <trkpt lat="-27.001962" lon="-48.643523">
                <ele>5.8</ele>
            </trkpt>
            <trkpt lat="-27.001962" lon="-48.643523">
                <ele>5.8</ele>
            </trkpt>
            <trkpt lat="-27.001962" lon="-48.643523">
                <ele>5.8</ele>
            </trkpt>
            <trkpt lat="-27.001962" lon="-48.643523">
                <ele>5.8</ele>
            </trkpt>
            <trkpt lat="-27.001962" lon="-48.643523">
                <ele>5.8</ele>
            </trkpt>
            <trkpt lat="-27.001965" lon="-48.643532">
                <ele>4.9</ele>
            </trkpt>
            <trkpt lat="-27.00196" lon="-48.643545">
                <ele>4.2</ele>
            </trkpt>
            <trkpt lat="-27.00195" lon="-48.64356">
                <ele>3.7</ele>
            </trkpt>
            <trkpt lat="-27.001938" lon="-48.643582">
                <ele>3.4</ele>
            </trkpt>
            <trkpt lat="-27.001928" lon="-48.6436">
                <ele>3.3</ele>
            </trkpt>
            <trkpt lat="-27.001917" lon="-48.643622">
                <ele>3.2</ele>
            </trkpt>
            <trkpt lat="-27.001903" lon="-48.643643">
                <ele>3</ele>
            </trkpt>
            <trkpt lat="-27.001888" lon="-48.643663">
                <ele>2.4</ele>
            </trkpt>
            <trkpt lat="-27.001877" lon="-48.643687">
                <ele>2.7</ele>
            </trkpt>
            <trkpt lat="-27.001863" lon="-48.643707">
                <ele>2.9</ele>
            </trkpt>
            <trkpt lat="-27.001847" lon="-48.643723">
                <ele>3.2</ele>
            </trkpt>
            <trkpt lat="-27.001837" lon="-48.643742">
                <ele>2.2</ele>
            </trkpt>
            <trkpt lat="-27.001825" lon="-48.643758">
                <ele>1.5</ele>
            </trkpt>
            <trkpt lat="-27.001813" lon="-48.643772">
                <ele>1.5</ele>
            </trkpt>
            <trkpt lat="-27.001807" lon="-48.643782">
                <ele>1.7</ele>
            </trkpt>
            <trkpt lat="-27.001802" lon="-48.643788">
                <ele>1.2</ele>
            </trkpt>
            <trkpt lat="-27.001805" lon="-48.643792">
                <ele>0.8</ele>
            </trkpt>
            <trkpt lat="-27.001803" lon="-48.643793">
                <ele>0.8</ele>
            </trkpt>
            <trkpt lat="-27.001802" lon="-48.643797">
                <ele>1.2</ele>
            </trkpt>
            <trkpt lat="-27.001802" lon="-48.643797">
                <ele>1.2</ele>
            </trkpt>
            <trkpt lat="-27.0018" lon="-48.643797">
                <ele>2.1</ele>
            </trkpt>
            <trkpt lat="-27.0018" lon="-48.643795">
                <ele>2.4</ele>
            </trkpt>
            <trkpt lat="-27.0018" lon="-48.643795">
                <ele>3</ele>
            </trkpt>
            <trkpt lat="-27.0018" lon="-48.643797">
                <ele>3.1</ele>
            </trkpt>
            <trkpt lat="-27.001797" lon="-48.643798">
                <ele>3.1</ele>
            </trkpt>
            <trkpt lat="-27.001797" lon="-48.643798">
                <ele>3.1</ele>
            </trkpt>
            <trkpt lat="-27.001793" lon="-48.643797">
                <ele>3.3</ele>
            </trkpt>
            <trkpt lat="-27.001788" lon="-48.643795">
                <ele>3.5</ele>
            </trkpt>
            <trkpt lat="-27.001783" lon="-48.643802">
                <ele>4</ele>
            </trkpt>
            <trkpt lat="-27.001773" lon="-48.64382">
                <ele>4.4</ele>
            </trkpt>
            <trkpt lat="-27.00176" lon="-48.643842">
                <ele>4.6</ele>
            </trkpt>
            <trkpt lat="-27.00175" lon="-48.643863">
                <ele>4.9</ele>
            </trkpt>
            <trkpt lat="-27.00174" lon="-48.643885">
                <ele>5.2</ele>
            </trkpt>
            <trkpt lat="-27.00173" lon="-48.64391">
                <ele>5.4</ele>
            </trkpt>
            <trkpt lat="-27.001718" lon="-48.643935">
                <ele>5.6</ele>
            </trkpt>
            <trkpt lat="-27.0017" lon="-48.64397">
                <ele>5.3</ele>
            </trkpt>
            <trkpt lat="-27.001683" lon="-48.644">
                <ele>5</ele>
            </trkpt>
            <trkpt lat="-27.001667" lon="-48.644032">
                <ele>4.4</ele>
            </trkpt>
            <trkpt lat="-27.001652" lon="-48.644058">
                <ele>4.1</ele>
            </trkpt>
            <trkpt lat="-27.001638" lon="-48.644085">
                <ele>3</ele>
            </trkpt>
            <trkpt lat="-27.001628" lon="-48.644107">
                <ele>2.2</ele>
            </trkpt>
            <trkpt lat="-27.001613" lon="-48.644128">
                <ele>1.8</ele>
            </trkpt>
            <trkpt lat="-27.001607" lon="-48.64414">
                <ele>2.3</ele>
            </trkpt>
            <trkpt lat="-27.001598" lon="-48.644152">
                <ele>3.2</ele>
            </trkpt>
            <trkpt lat="-27.001593" lon="-48.644165">
                <ele>3.9</ele>
            </trkpt>
            <trkpt lat="-27.001587" lon="-48.644175">
                <ele>4.3</ele>
            </trkpt>
            <trkpt lat="-27.001583" lon="-48.644183">
                <ele>4.1</ele>
            </trkpt>
            <trkpt lat="-27.001588" lon="-48.644185">
                <ele>4.1</ele>
            </trkpt>
            <trkpt lat="-27.00159" lon="-48.644182">
                <ele>4.4</ele>
            </trkpt>
            <trkpt lat="-27.00159" lon="-48.644182">
                <ele>4.4</ele>
            </trkpt>
            <trkpt lat="-27.001592" lon="-48.644182">
                <ele>4.6</ele>
            </trkpt>
            <trkpt lat="-27.001592" lon="-48.64418">
                <ele>4.8</ele>
            </trkpt>
            <trkpt lat="-27.001592" lon="-48.644182">
                <ele>5.1</ele>
            </trkpt>
            <trkpt lat="-27.00159" lon="-48.644182">
                <ele>5.4</ele>
            </trkpt>
            <trkpt lat="-27.00159" lon="-48.644182">
                <ele>5.4</ele>
            </trkpt>
            <trkpt lat="-27.00159" lon="-48.644182">
                <ele>5.7</ele>
            </trkpt>
            <trkpt lat="-27.00159" lon="-48.644182">
                <ele>5.9</ele>
            </trkpt>
            <trkpt lat="-27.00159" lon="-48.644182">
                <ele>5.9</ele>
            </trkpt>
            <trkpt lat="-27.00159" lon="-48.644182">
                <ele>5.9</ele>
            </trkpt>
            <trkpt lat="-27.00159" lon="-48.644182">
                <ele>5.9</ele>
            </trkpt>
            <trkpt lat="-27.00159" lon="-48.644182">
                <ele>5.9</ele>
            </trkpt>
            <trkpt lat="-27.00159" lon="-48.644182">
                <ele>5.9</ele>
            </trkpt>
            <trkpt lat="-27.00159" lon="-48.644182">
                <ele>5.9</ele>
            </trkpt>
            <trkpt lat="-27.00159" lon="-48.644182">
                <ele>5.9</ele>
            </trkpt>
            <trkpt lat="-27.00159" lon="-48.644182">
                <ele>5.9</ele>
            </trkpt>
            <trkpt lat="-27.00159" lon="-48.644182">
                <ele>5.9</ele>
            </trkpt>
            <trkpt lat="-27.00159" lon="-48.644182">
                <ele>5.9</ele>
            </trkpt>
            <trkpt lat="-27.00159" lon="-48.644182">
                <ele>5.9</ele>
            </trkpt>
            <trkpt lat="-27.00159" lon="-48.644182">
                <ele>5.9</ele>
            </trkpt>
            <trkpt lat="-27.00159" lon="-48.644182">
                <ele>5.9</ele>
            </trkpt>
            <trkpt lat="-27.00159" lon="-48.644182">
                <ele>5.9</ele>
            </trkpt>
            <trkpt lat="-27.00159" lon="-48.644182">
                <ele>5.9</ele>
            </trkpt>
            <trkpt lat="-27.00159" lon="-48.644182">
                <ele>5.9</ele>
            </trkpt>
            <trkpt lat="-27.00159" lon="-48.644182">
                <ele>5.9</ele>
            </trkpt>
            <trkpt lat="-27.001558" lon="-48.644165">
                <ele>10.1</ele>
            </trkpt>
            <trkpt lat="-27.001557" lon="-48.644162">
                <ele>10.1</ele>
            </trkpt>
            <trkpt lat="-27.001555" lon="-48.644165">
                <ele>10.3</ele>
            </trkpt>
            <trkpt lat="-27.001557" lon="-48.644172">
                <ele>10.5</ele>
            </trkpt>
            <trkpt lat="-27.001555" lon="-48.64418">
                <ele>10.4</ele>
            </trkpt>
            <trkpt lat="-27.001552" lon="-48.644193">
                <ele>10.3</ele>
            </trkpt>
            <trkpt lat="-27.001547" lon="-48.644208">
                <ele>10.2</ele>
            </trkpt>
            <trkpt lat="-27.00154" lon="-48.644225">
                <ele>10.1</ele>
            </trkpt>
            <trkpt lat="-27.00153" lon="-48.644245">
                <ele>10</ele>
            </trkpt>
            <trkpt lat="-27.00152" lon="-48.644265">
                <ele>9.9</ele>
            </trkpt>
            <trkpt lat="-27.001505" lon="-48.644287">
                <ele>9.6</ele>
            </trkpt>
            <trkpt lat="-27.001488" lon="-48.644315">
                <ele>9.2</ele>
            </trkpt>
            <trkpt lat="-27.001477" lon="-48.644342">
                <ele>9</ele>
            </trkpt>
            <trkpt lat="-27.00146" lon="-48.64437">
                <ele>8.1</ele>
            </trkpt>
            <trkpt lat="-27.001447" lon="-48.644398">
                <ele>7</ele>
            </trkpt>
            <trkpt lat="-27.001433" lon="-48.644423">
                <ele>6.5</ele>
            </trkpt>
            <trkpt lat="-27.00142" lon="-48.644458">
                <ele>6.6</ele>
            </trkpt>
            <trkpt lat="-27.001405" lon="-48.644488">
                <ele>6.3</ele>
            </trkpt>
            <trkpt lat="-27.00139" lon="-48.644518">
                <ele>5.8</ele>
            </trkpt>
            <trkpt lat="-27.001373" lon="-48.644548">
                <ele>5.6</ele>
            </trkpt>
            <trkpt lat="-27.001358" lon="-48.644588">
                <ele>4.8</ele>
            </trkpt>
            <trkpt lat="-27.00134" lon="-48.644623">
                <ele>4.6</ele>
            </trkpt>
            <trkpt lat="-27.001323" lon="-48.644658">
                <ele>4.3</ele>
            </trkpt>
            <trkpt lat="-27.001307" lon="-48.644695">
                <ele>4.1</ele>
            </trkpt>
            <trkpt lat="-27.00129" lon="-48.644728">
                <ele>4</ele>
            </trkpt>
            <trkpt lat="-27.001273" lon="-48.644758">
                <ele>3.3</ele>
            </trkpt>
            <trkpt lat="-27.001257" lon="-48.644793">
                <ele>2.9</ele>
            </trkpt>
            <trkpt lat="-27.001237" lon="-48.64482">
                <ele>2</ele>
            </trkpt>
            <trkpt lat="-27.001218" lon="-48.644847">
                <ele>1.6</ele>
            </trkpt>
            <trkpt lat="-27.001203" lon="-48.644873">
                <ele>1</ele>
            </trkpt>
            <trkpt lat="-27.001187" lon="-48.644897">
                <ele>0.9</ele>
            </trkpt>
            <trkpt lat="-27.00117" lon="-48.644922">
                <ele>0.6</ele>
            </trkpt>
            <trkpt lat="-27.001147" lon="-48.64495">
                <ele>0.3</ele>
            </trkpt>
            <trkpt lat="-27.001133" lon="-48.644975">
                <ele>-0.2</ele>
            </trkpt>
            <trkpt lat="-27.001118" lon="-48.64499">
                <ele>-1</ele>
            </trkpt>
            <trkpt lat="-27.001107" lon="-48.645008">
                <ele>-0.7</ele>
            </trkpt>
            <trkpt lat="-27.0011" lon="-48.645023">
                <ele>-0.5</ele>
            </trkpt>
            <trkpt lat="-27.001097" lon="-48.645028">
                <ele>-0.8</ele>
            </trkpt>
            <trkpt lat="-27.001097" lon="-48.645033">
                <ele>-0.7</ele>
            </trkpt>
            <trkpt lat="-27.0011" lon="-48.645033">
                <ele>-0.5</ele>
            </trkpt>
            <trkpt lat="-27.0011" lon="-48.645035">
                <ele>-0.7</ele>
            </trkpt>
            <trkpt lat="-27.0011" lon="-48.645035">
                <ele>-0.7</ele>
            </trkpt>
            <trkpt lat="-27.001098" lon="-48.645035">
                <ele>-0.6</ele>
            </trkpt>
            <trkpt lat="-27.001102" lon="-48.645037">
                <ele>-0.6</ele>
            </trkpt>
            <trkpt lat="-27.001105" lon="-48.645035">
                <ele>-0.5</ele>
            </trkpt>
            <trkpt lat="-27.001102" lon="-48.645037">
                <ele>-0.4</ele>
            </trkpt>
            <trkpt lat="-27.001103" lon="-48.645038">
                <ele>-0.3</ele>
            </trkpt>
            <trkpt lat="-27.001107" lon="-48.645042">
                <ele>-0.3</ele>
            </trkpt>
            <trkpt lat="-27.001107" lon="-48.645042">
                <ele>-0.3</ele>
            </trkpt>
            <trkpt lat="-27.001102" lon="-48.645043">
                <ele>-0.4</ele>
            </trkpt>
            <trkpt lat="-27.001102" lon="-48.645043">
                <ele>-0.4</ele>
            </trkpt>
            <trkpt lat="-27.001102" lon="-48.645043">
                <ele>-0.4</ele>
            </trkpt>
            <trkpt lat="-27.001102" lon="-48.645043">
                <ele>-0.4</ele>
            </trkpt>
            <trkpt lat="-27.001102" lon="-48.645043">
                <ele>-0.4</ele>
            </trkpt>
            <trkpt lat="-27.001102" lon="-48.645043">
                <ele>-0.4</ele>
            </trkpt>
            <trkpt lat="-27.001102" lon="-48.645043">
                <ele>-0.4</ele>
            </trkpt>
            <trkpt lat="-27.001102" lon="-48.645043">
                <ele>-0.4</ele>
            </trkpt>
            <trkpt lat="-27.001102" lon="-48.645043">
                <ele>-0.4</ele>
            </trkpt>
            <trkpt lat="-27.001102" lon="-48.645043">
                <ele>-0.4</ele>
            </trkpt>
            <trkpt lat="-27.001102" lon="-48.645043">
                <ele>-0.4</ele>
            </trkpt>
            <trkpt lat="-27.001102" lon="-48.645043">
                <ele>-0.4</ele>
            </trkpt>
            <trkpt lat="-27.001102" lon="-48.645043">
                <ele>-0.4</ele>
            </trkpt>
            <trkpt lat="-27.001102" lon="-48.645043">
                <ele>-0.4</ele>
            </trkpt>
            <trkpt lat="-27.001102" lon="-48.645043">
                <ele>-0.4</ele>
            </trkpt>
            <trkpt lat="-27.001102" lon="-48.645043">
                <ele>-0.4</ele>
            </trkpt>
            <trkpt lat="-27.001102" lon="-48.645043">
                <ele>-0.4</ele>
            </trkpt>
            <trkpt lat="-27.001102" lon="-48.645043">
                <ele>-0.4</ele>
            </trkpt>
            <trkpt lat="-27.001102" lon="-48.645043">
                <ele>-0.4</ele>
            </trkpt>
            <trkpt lat="-27.001102" lon="-48.645043">
                <ele>-0.4</ele>
            </trkpt>
            <trkpt lat="-27.001102" lon="-48.645043">
                <ele>-0.4</ele>
            </trkpt>
            <trkpt lat="-27.001102" lon="-48.645043">
                <ele>-0.4</ele>
            </trkpt>
            <trkpt lat="-27.001102" lon="-48.645043">
                <ele>-0.4</ele>
            </trkpt>
            <trkpt lat="-27.001102" lon="-48.645043">
                <ele>-0.4</ele>
            </trkpt>
            <trkpt lat="-27.001102" lon="-48.645043">
                <ele>-0.4</ele>
            </trkpt>
            <trkpt lat="-27.001102" lon="-48.645043">
                <ele>-0.4</ele>
            </trkpt>
            <trkpt lat="-27.001102" lon="-48.645043">
                <ele>-0.4</ele>
            </trkpt>
            <trkpt lat="-27.001102" lon="-48.645043">
                <ele>-0.4</ele>
            </trkpt>
            <trkpt lat="-27.001102" lon="-48.645043">
                <ele>-0.4</ele>
            </trkpt>
            <trkpt lat="-27.001102" lon="-48.645043">
                <ele>-0.4</ele>
            </trkpt>
            <trkpt lat="-27.001102" lon="-48.645043">
                <ele>-0.4</ele>
            </trkpt>
            <trkpt lat="-27.001102" lon="-48.645043">
                <ele>-0.4</ele>
            </trkpt>
            <trkpt lat="-27.001102" lon="-48.645043">
                <ele>-0.4</ele>
            </trkpt>
            <trkpt lat="-27.001102" lon="-48.645043">
                <ele>-0.4</ele>
            </trkpt>
            <trkpt lat="-27.001102" lon="-48.645043">
                <ele>-0.4</ele>
            </trkpt>
            <trkpt lat="-27.001102" lon="-48.645043">
                <ele>-0.4</ele>
            </trkpt>
            <trkpt lat="-27.001102" lon="-48.645043">
                <ele>-0.4</ele>
            </trkpt>
            <trkpt lat="-27.001102" lon="-48.645043">
                <ele>-0.4</ele>
            </trkpt>
            <trkpt lat="-27.001102" lon="-48.645043">
                <ele>-0.4</ele>
            </trkpt>
            <trkpt lat="-27.001102" lon="-48.645043">
                <ele>-0.4</ele>
            </trkpt>
            <trkpt lat="-27.001102" lon="-48.645043">
                <ele>-0.4</ele>
            </trkpt>
            <trkpt lat="-27.001102" lon="-48.645043">
                <ele>-0.4</ele>
            </trkpt>
            <trkpt lat="-27.001102" lon="-48.645043">
                <ele>-0.4</ele>
            </trkpt>
            <trkpt lat="-27.001102" lon="-48.645043">
                <ele>-0.4</ele>
            </trkpt>
            <trkpt lat="-27.001102" lon="-48.645043">
                <ele>-0.4</ele>
            </trkpt>
            <trkpt lat="-27.001102" lon="-48.645043">
                <ele>-0.4</ele>
            </trkpt>
            <trkpt lat="-27.001102" lon="-48.645043">
                <ele>-0.4</ele>
            </trkpt>
            <trkpt lat="-27.001102" lon="-48.645043">
                <ele>-0.4</ele>
            </trkpt>
            <trkpt lat="-27.001102" lon="-48.645043">
                <ele>-0.4</ele>
            </trkpt>
            <trkpt lat="-27.001102" lon="-48.645043">
                <ele>-0.4</ele>
            </trkpt>
            <trkpt lat="-27.001102" lon="-48.645043">
                <ele>-0.4</ele>
            </trkpt>
            <trkpt lat="-27.001102" lon="-48.645043">
                <ele>-0.4</ele>
            </trkpt>
            <trkpt lat="-27.001102" lon="-48.645043">
                <ele>-0.4</ele>
            </trkpt>
            <trkpt lat="-27.001102" lon="-48.645043">
                <ele>-0.4</ele>
            </trkpt>
            <trkpt lat="-27.001102" lon="-48.645043">
                <ele>-0.4</ele>
            </trkpt>
            <trkpt lat="-27.001102" lon="-48.645043">
                <ele>-0.4</ele>
            </trkpt>
            <trkpt lat="-27.001102" lon="-48.645043">
                <ele>-0.4</ele>
            </trkpt>
            <trkpt lat="-27.001102" lon="-48.645043">
                <ele>-0.4</ele>
            </trkpt>
            <trkpt lat="-27.001102" lon="-48.645043">
                <ele>-0.4</ele>
            </trkpt>
            <trkpt lat="-27.001102" lon="-48.645043">
                <ele>-0.4</ele>
            </trkpt>
            <trkpt lat="-27.001102" lon="-48.645043">
                <ele>-0.4</ele>
            </trkpt>
            <trkpt lat="-27.001102" lon="-48.645043">
                <ele>-0.4</ele>
            </trkpt>
            <trkpt lat="-27.001102" lon="-48.645043">
                <ele>-0.4</ele>
            </trkpt>
            <trkpt lat="-27.001102" lon="-48.645043">
                <ele>-0.4</ele>
            </trkpt>
            <trkpt lat="-27.001102" lon="-48.645043">
                <ele>-0.4</ele>
            </trkpt>
            <trkpt lat="-27.001102" lon="-48.645043">
                <ele>-0.4</ele>
            </trkpt>
            <trkpt lat="-27.001102" lon="-48.645043">
                <ele>-0.4</ele>
            </trkpt>
            <trkpt lat="-27.001102" lon="-48.645043">
                <ele>-0.4</ele>
            </trkpt>
            <trkpt lat="-27.001102" lon="-48.645043">
                <ele>-0.4</ele>
            </trkpt>
            <trkpt lat="-27.001102" lon="-48.645043">
                <ele>-0.4</ele>
            </trkpt>
            <trkpt lat="-27.001102" lon="-48.645043">
                <ele>-0.4</ele>
            </trkpt>
            <trkpt lat="-27.001102" lon="-48.645043">
                <ele>-0.4</ele>
            </trkpt>
            <trkpt lat="-27.001102" lon="-48.645043">
                <ele>-0.4</ele>
            </trkpt>
            <trkpt lat="-27.001102" lon="-48.645043">
                <ele>-0.4</ele>
            </trkpt>
            <trkpt lat="-27.001102" lon="-48.645043">
                <ele>-0.4</ele>
            </trkpt>
            <trkpt lat="-27.001102" lon="-48.645043">
                <ele>-0.4</ele>
            </trkpt>
            <trkpt lat="-27.001102" lon="-48.645043">
                <ele>-0.4</ele>
            </trkpt>
            <trkpt lat="-27.001102" lon="-48.645043">
                <ele>-0.4</ele>
            </trkpt>
            <trkpt lat="-27.001102" lon="-48.645043">
                <ele>-0.4</ele>
            </trkpt>
            <trkpt lat="-27.001102" lon="-48.645043">
                <ele>-0.4</ele>
            </trkpt>
            <trkpt lat="-27.001102" lon="-48.645043">
                <ele>-0.4</ele>
            </trkpt>
            <trkpt lat="-27.001102" lon="-48.645043">
                <ele>-0.4</ele>
            </trkpt>
            <trkpt lat="-27.001102" lon="-48.645043">
                <ele>-0.4</ele>
            </trkpt>
            <trkpt lat="-27.001102" lon="-48.645043">
                <ele>-0.4</ele>
            </trkpt>
            <trkpt lat="-27.001102" lon="-48.645043">
                <ele>-0.4</ele>
            </trkpt>
            <trkpt lat="-27.001102" lon="-48.645043">
                <ele>-0.4</ele>
            </trkpt>
            <trkpt lat="-27.001102" lon="-48.645043">
                <ele>-0.4</ele>
            </trkpt>
            <trkpt lat="-27.001102" lon="-48.645043">
                <ele>-0.4</ele>
            </trkpt>
            <trkpt lat="-27.001102" lon="-48.645043">
                <ele>-0.4</ele>
            </trkpt>
            <trkpt lat="-27.001102" lon="-48.645043">
                <ele>-0.4</ele>
            </trkpt>
            <trkpt lat="-27.001102" lon="-48.645043">
                <ele>-0.4</ele>
            </trkpt>
            <trkpt lat="-27.001102" lon="-48.645043">
                <ele>-0.4</ele>
            </trkpt>
            <trkpt lat="-27.001102" lon="-48.645043">
                <ele>-0.4</ele>
            </trkpt>
            <trkpt lat="-27.001102" lon="-48.645043">
                <ele>-0.4</ele>
            </trkpt>
            <trkpt lat="-27.001102" lon="-48.645043">
                <ele>-0.4</ele>
            </trkpt>
            <trkpt lat="-27.001102" lon="-48.645043">
                <ele>-0.4</ele>
            </trkpt>
            <trkpt lat="-27.001102" lon="-48.645043">
                <ele>-0.4</ele>
            </trkpt>
            <trkpt lat="-27.001102" lon="-48.645043">
                <ele>-0.4</ele>
            </trkpt>
            <trkpt lat="-27.001102" lon="-48.645043">
                <ele>-0.4</ele>
            </trkpt>
            <trkpt lat="-27.001102" lon="-48.645043">
                <ele>-0.4</ele>
            </trkpt>
            <trkpt lat="-27.001102" lon="-48.645043">
                <ele>-0.4</ele>
            </trkpt>
            <trkpt lat="-27.001102" lon="-48.645043">
                <ele>-0.4</ele>
            </trkpt>
            <trkpt lat="-27.001102" lon="-48.645043">
                <ele>-0.4</ele>
            </trkpt>
            <trkpt lat="-27.001102" lon="-48.645043">
                <ele>-0.4</ele>
            </trkpt>
            <trkpt lat="-27.001102" lon="-48.645043">
                <ele>-0.4</ele>
            </trkpt>
            <trkpt lat="-27.001102" lon="-48.645043">
                <ele>-0.4</ele>
            </trkpt>
            <trkpt lat="-27.001102" lon="-48.645043">
                <ele>-0.4</ele>
            </trkpt>
            <trkpt lat="-27.001102" lon="-48.645043">
                <ele>-0.4</ele>
            </trkpt>
            <trkpt lat="-27.001102" lon="-48.645043">
                <ele>-0.4</ele>
            </trkpt>
            <trkpt lat="-27.001102" lon="-48.645043">
                <ele>-0.4</ele>
            </trkpt>
            <trkpt lat="-27.001102" lon="-48.645043">
                <ele>-0.4</ele>
            </trkpt>
            <trkpt lat="-27.001102" lon="-48.645043">
                <ele>-0.4</ele>
            </trkpt>
            <trkpt lat="-27.001102" lon="-48.645043">
                <ele>-0.4</ele>
            </trkpt>
            <trkpt lat="-27.001102" lon="-48.645043">
                <ele>-0.4</ele>
            </trkpt>
            <trkpt lat="-27.001102" lon="-48.645043">
                <ele>-0.4</ele>
            </trkpt>
            <trkpt lat="-27.001102" lon="-48.645043">
                <ele>-0.4</ele>
            </trkpt>
            <trkpt lat="-27.001102" lon="-48.645043">
                <ele>-0.4</ele>
            </trkpt>
            <trkpt lat="-27.001102" lon="-48.645043">
                <ele>-0.4</ele>
            </trkpt>
            <trkpt lat="-27.001102" lon="-48.645043">
                <ele>-0.4</ele>
            </trkpt>
            <trkpt lat="-27.001102" lon="-48.645043">
                <ele>-0.4</ele>
            </trkpt>
            <trkpt lat="-27.001102" lon="-48.645043">
                <ele>-0.4</ele>
            </trkpt>
            <trkpt lat="-27.001102" lon="-48.645043">
                <ele>-0.4</ele>
            </trkpt>
            <trkpt lat="-27.001102" lon="-48.645043">
                <ele>-0.4</ele>
            </trkpt>
            <trkpt lat="-27.001102" lon="-48.645043">
                <ele>-0.4</ele>
            </trkpt>
            <trkpt lat="-27.001102" lon="-48.645043">
                <ele>-0.4</ele>
            </trkpt>
            <trkpt lat="-27.001102" lon="-48.645043">
                <ele>-0.4</ele>
            </trkpt>
            <trkpt lat="-27.0011" lon="-48.644992">
                <ele>3.9</ele>
            </trkpt>
            <trkpt lat="-27.0011" lon="-48.645">
                <ele>4</ele>
            </trkpt>
            <trkpt lat="-27.001098" lon="-48.645">
                <ele>4.2</ele>
            </trkpt>
            <trkpt lat="-27.001093" lon="-48.644998">
                <ele>4.4</ele>
            </trkpt>
            <trkpt lat="-27.001093" lon="-48.644998">
                <ele>4.4</ele>
            </trkpt>
            <trkpt lat="-27.001085" lon="-48.645012">
                <ele>4.6</ele>
            </trkpt>
            <trkpt lat="-27.001078" lon="-48.645027">
                <ele>4.9</ele>
            </trkpt>
            <trkpt lat="-27.001073" lon="-48.64505">
                <ele>5.2</ele>
            </trkpt>
            <trkpt lat="-27.00106" lon="-48.645077">
                <ele>5.3</ele>
            </trkpt>
            <trkpt lat="-27.001047" lon="-48.645105">
                <ele>5.5</ele>
            </trkpt>
            <trkpt lat="-27.001035" lon="-48.645135">
                <ele>5.4</ele>
            </trkpt>
            <trkpt lat="-27.001018" lon="-48.645168">
                <ele>5.3</ele>
            </trkpt>
            <trkpt lat="-27.001" lon="-48.6452">
                <ele>5.3</ele>
            </trkpt>
            <trkpt lat="-27.000982" lon="-48.645228">
                <ele>5.1</ele>
            </trkpt>
            <trkpt lat="-27.000965" lon="-48.645262">
                <ele>4.4</ele>
            </trkpt>
            <trkpt lat="-27.000948" lon="-48.64529">
                <ele>4.4</ele>
            </trkpt>
            <trkpt lat="-27.00093" lon="-48.645322">
                <ele>4.4</ele>
            </trkpt>
            <trkpt lat="-27.000913" lon="-48.645352">
                <ele>5.2</ele>
            </trkpt>
            <trkpt lat="-27.0009" lon="-48.645378">
                <ele>5.4</ele>
            </trkpt>
            <trkpt lat="-27.000887" lon="-48.645405">
                <ele>5.5</ele>
            </trkpt>
            <trkpt lat="-27.000877" lon="-48.645428">
                <ele>5.7</ele>
            </trkpt>
            <trkpt lat="-27.000868" lon="-48.645448">
                <ele>4.9</ele>
            </trkpt>
            <trkpt lat="-27.000857" lon="-48.645477">
                <ele>4.3</ele>
            </trkpt>
            <trkpt lat="-27.00085" lon="-48.645507">
                <ele>4.1</ele>
            </trkpt>
            <trkpt lat="-27.000843" lon="-48.645533">
                <ele>4.3</ele>
            </trkpt>
            <trkpt lat="-27.000838" lon="-48.645562">
                <ele>4</ele>
            </trkpt>
            <trkpt lat="-27.000832" lon="-48.645597">
                <ele>2.1</ele>
            </trkpt>
            <trkpt lat="-27.000827" lon="-48.645627">
                <ele>1.9</ele>
            </trkpt>
            <trkpt lat="-27.000823" lon="-48.64565">
                <ele>1.2</ele>
            </trkpt>
            <trkpt lat="-27.000825" lon="-48.645672">
                <ele>1.3</ele>
            </trkpt>
            <trkpt lat="-27.00082" lon="-48.64569">
                <ele>1.6</ele>
            </trkpt>
            <trkpt lat="-27.00082" lon="-48.645707">
                <ele>1.9</ele>
            </trkpt>
            <trkpt lat="-27.000822" lon="-48.645715">
                <ele>0.4</ele>
            </trkpt>
            <trkpt lat="-27.000822" lon="-48.645717">
                <ele>-0.1</ele>
            </trkpt>
            <trkpt lat="-27.00082" lon="-48.645717">
                <ele>-0.2</ele>
            </trkpt>
            <trkpt lat="-27.00082" lon="-48.645718">
                <ele>-0.1</ele>
            </trkpt>
            <trkpt lat="-27.00082" lon="-48.645722">
                <ele>0</ele>
            </trkpt>
            <trkpt lat="-27.000823" lon="-48.645725">
                <ele>0.1</ele>
            </trkpt>
            <trkpt lat="-27.000827" lon="-48.64573">
                <ele>0.4</ele>
            </trkpt>
            <trkpt lat="-27.000828" lon="-48.645727">
                <ele>0.8</ele>
            </trkpt>
            <trkpt lat="-27.00083" lon="-48.645727">
                <ele>1.1</ele>
            </trkpt>
            <trkpt lat="-27.00083" lon="-48.645728">
                <ele>1.3</ele>
            </trkpt>
            <trkpt lat="-27.000832" lon="-48.645728">
                <ele>1.5</ele>
            </trkpt>
            <trkpt lat="-27.000832" lon="-48.645728">
                <ele>1.5</ele>
            </trkpt>
            <trkpt lat="-27.000832" lon="-48.645728">
                <ele>1.5</ele>
            </trkpt>
            <trkpt lat="-27.000832" lon="-48.645728">
                <ele>1.5</ele>
            </trkpt>
            <trkpt lat="-27.000832" lon="-48.645728">
                <ele>1.5</ele>
            </trkpt>
            <trkpt lat="-27.000832" lon="-48.645728">
                <ele>1.5</ele>
            </trkpt>
            <trkpt lat="-27.000832" lon="-48.645728">
                <ele>1.5</ele>
            </trkpt>
            <trkpt lat="-27.000832" lon="-48.645728">
                <ele>1.5</ele>
            </trkpt>
            <trkpt lat="-27.000832" lon="-48.645728">
                <ele>1.5</ele>
            </trkpt>
            <trkpt lat="-27.000832" lon="-48.645728">
                <ele>1.5</ele>
            </trkpt>
            <trkpt lat="-27.000832" lon="-48.645728">
                <ele>1.5</ele>
            </trkpt>
            <trkpt lat="-27.000832" lon="-48.645728">
                <ele>1.5</ele>
            </trkpt>
            <trkpt lat="-27.000832" lon="-48.645728">
                <ele>1.5</ele>
            </trkpt>
            <trkpt lat="-27.000832" lon="-48.645728">
                <ele>1.5</ele>
            </trkpt>
            <trkpt lat="-27.000832" lon="-48.645728">
                <ele>1.5</ele>
            </trkpt>
            <trkpt lat="-27.000832" lon="-48.645728">
                <ele>1.5</ele>
            </trkpt>
            <trkpt lat="-27.000832" lon="-48.645728">
                <ele>1.5</ele>
            </trkpt>
            <trkpt lat="-27.000832" lon="-48.645728">
                <ele>1.5</ele>
            </trkpt>
            <trkpt lat="-27.000832" lon="-48.645728">
                <ele>1.5</ele>
            </trkpt>
            <trkpt lat="-27.000832" lon="-48.645728">
                <ele>1.5</ele>
            </trkpt>
            <trkpt lat="-27.000832" lon="-48.645728">
                <ele>1.5</ele>
            </trkpt>
            <trkpt lat="-27.000832" lon="-48.645728">
                <ele>1.5</ele>
            </trkpt>
            <trkpt lat="-27.000832" lon="-48.645728">
                <ele>1.5</ele>
            </trkpt>
            <trkpt lat="-27.000832" lon="-48.645728">
                <ele>1.5</ele>
            </trkpt>
            <trkpt lat="-27.000832" lon="-48.645728">
                <ele>1.5</ele>
            </trkpt>
            <trkpt lat="-27.000832" lon="-48.645728">
                <ele>1.5</ele>
            </trkpt>
            <trkpt lat="-27.000832" lon="-48.645728">
                <ele>1.5</ele>
            </trkpt>
            <trkpt lat="-27.000832" lon="-48.645728">
                <ele>1.5</ele>
            </trkpt>
            <trkpt lat="-27.000832" lon="-48.645728">
                <ele>1.5</ele>
            </trkpt>
            <trkpt lat="-27.000832" lon="-48.645728">
                <ele>1.5</ele>
            </trkpt>
            <trkpt lat="-27.000832" lon="-48.645728">
                <ele>1.5</ele>
            </trkpt>
            <trkpt lat="-27.000832" lon="-48.645728">
                <ele>1.5</ele>
            </trkpt>
            <trkpt lat="-27.000832" lon="-48.645728">
                <ele>1.5</ele>
            </trkpt>
            <trkpt lat="-27.000832" lon="-48.645728">
                <ele>1.5</ele>
            </trkpt>
            <trkpt lat="-27.000832" lon="-48.645728">
                <ele>1.5</ele>
            </trkpt>
            <trkpt lat="-27.000832" lon="-48.645728">
                <ele>1.5</ele>
            </trkpt>
            <trkpt lat="-27.000832" lon="-48.645728">
                <ele>1.5</ele>
            </trkpt>
            <trkpt lat="-27.000832" lon="-48.645728">
                <ele>1.5</ele>
            </trkpt>
            <trkpt lat="-27.000832" lon="-48.645728">
                <ele>1.5</ele>
            </trkpt>
            <trkpt lat="-27.000832" lon="-48.645728">
                <ele>1.5</ele>
            </trkpt>
            <trkpt lat="-27.000832" lon="-48.645728">
                <ele>1.5</ele>
            </trkpt>
            <trkpt lat="-27.000832" lon="-48.645728">
                <ele>1.5</ele>
            </trkpt>
            <trkpt lat="-27.000832" lon="-48.645728">
                <ele>1.5</ele>
            </trkpt>
            <trkpt lat="-27.000832" lon="-48.645728">
                <ele>1.5</ele>
            </trkpt>
            <trkpt lat="-27.000832" lon="-48.645728">
                <ele>1.5</ele>
            </trkpt>
            <trkpt lat="-27.000832" lon="-48.645728">
                <ele>1.5</ele>
            </trkpt>
            <trkpt lat="-27.000832" lon="-48.645728">
                <ele>1.5</ele>
            </trkpt>
            <trkpt lat="-27.000832" lon="-48.645728">
                <ele>1.5</ele>
            </trkpt>
            <trkpt lat="-27.000832" lon="-48.645728">
                <ele>1.5</ele>
            </trkpt>
            <trkpt lat="-27.000832" lon="-48.645728">
                <ele>1.5</ele>
            </trkpt>
            <trkpt lat="-27.000832" lon="-48.645728">
                <ele>1.5</ele>
            </trkpt>
            <trkpt lat="-27.000832" lon="-48.645728">
                <ele>1.5</ele>
            </trkpt>
            <trkpt lat="-27.000832" lon="-48.645728">
                <ele>1.5</ele>
            </trkpt>
            <trkpt lat="-27.000832" lon="-48.645728">
                <ele>1.5</ele>
            </trkpt>
            <trkpt lat="-27.000832" lon="-48.645728">
                <ele>1.5</ele>
            </trkpt>
            <trkpt lat="-27.000832" lon="-48.645728">
                <ele>1.5</ele>
            </trkpt>
            <trkpt lat="-27.000832" lon="-48.645728">
                <ele>1.5</ele>
            </trkpt>
            <trkpt lat="-27.000832" lon="-48.645728">
                <ele>1.5</ele>
            </trkpt>
            <trkpt lat="-27.000832" lon="-48.645728">
                <ele>1.5</ele>
            </trkpt>
            <trkpt lat="-27.000832" lon="-48.645728">
                <ele>1.5</ele>
            </trkpt>
            <trkpt lat="-27.000832" lon="-48.645728">
                <ele>1.5</ele>
            </trkpt>
            <trkpt lat="-27.000832" lon="-48.645728">
                <ele>1.5</ele>
            </trkpt>
            <trkpt lat="-27.000832" lon="-48.645728">
                <ele>1.5</ele>
            </trkpt>
            <trkpt lat="-27.000832" lon="-48.645728">
                <ele>1.5</ele>
            </trkpt>
            <trkpt lat="-27.000832" lon="-48.645728">
                <ele>1.5</ele>
            </trkpt>
            <trkpt lat="-27.000832" lon="-48.645728">
                <ele>1.5</ele>
            </trkpt>
            <trkpt lat="-27.000832" lon="-48.645728">
                <ele>1.5</ele>
            </trkpt>
            <trkpt lat="-27.000832" lon="-48.645728">
                <ele>1.5</ele>
            </trkpt>
            <trkpt lat="-27.000832" lon="-48.645728">
                <ele>1.5</ele>
            </trkpt>
            <trkpt lat="-27.000832" lon="-48.645728">
                <ele>1.5</ele>
            </trkpt>
            <trkpt lat="-27.000832" lon="-48.645728">
                <ele>1.5</ele>
            </trkpt>
            <trkpt lat="-27.000832" lon="-48.645728">
                <ele>1.5</ele>
            </trkpt>
            <trkpt lat="-27.000832" lon="-48.645728">
                <ele>1.5</ele>
            </trkpt>
            <trkpt lat="-27.000832" lon="-48.645728">
                <ele>1.5</ele>
            </trkpt>
            <trkpt lat="-27.000832" lon="-48.645728">
                <ele>1.5</ele>
            </trkpt>
            <trkpt lat="-27.000832" lon="-48.645728">
                <ele>1.5</ele>
            </trkpt>
            <trkpt lat="-27.000832" lon="-48.645728">
                <ele>1.5</ele>
            </trkpt>
            <trkpt lat="-27.000832" lon="-48.645728">
                <ele>1.5</ele>
            </trkpt>
            <trkpt lat="-27.000832" lon="-48.645728">
                <ele>1.5</ele>
            </trkpt>
            <trkpt lat="-27.000832" lon="-48.645728">
                <ele>1.5</ele>
            </trkpt>
            <trkpt lat="-27.000832" lon="-48.645728">
                <ele>1.5</ele>
            </trkpt>
            <trkpt lat="-27.000832" lon="-48.645728">
                <ele>1.5</ele>
            </trkpt>
            <trkpt lat="-27.000832" lon="-48.645728">
                <ele>1.5</ele>
            </trkpt>
            <trkpt lat="-27.000832" lon="-48.645728">
                <ele>1.5</ele>
            </trkpt>
            <trkpt lat="-27.000832" lon="-48.645728">
                <ele>1.5</ele>
            </trkpt>
            <trkpt lat="-27.000832" lon="-48.645728">
                <ele>1.5</ele>
            </trkpt>
            <trkpt lat="-27.000832" lon="-48.645728">
                <ele>1.5</ele>
            </trkpt>
            <trkpt lat="-27.000832" lon="-48.645728">
                <ele>1.5</ele>
            </trkpt>
            <trkpt lat="-27.000832" lon="-48.645728">
                <ele>1.5</ele>
            </trkpt>
            <trkpt lat="-27.000832" lon="-48.645728">
                <ele>1.5</ele>
            </trkpt>
            <trkpt lat="-27.000832" lon="-48.645728">
                <ele>1.5</ele>
            </trkpt>
            <trkpt lat="-27.000832" lon="-48.645728">
                <ele>1.5</ele>
            </trkpt>
            <trkpt lat="-27.000832" lon="-48.645728">
                <ele>1.5</ele>
            </trkpt>
            <trkpt lat="-27.000832" lon="-48.645728">
                <ele>1.5</ele>
            </trkpt>
            <trkpt lat="-27.000812" lon="-48.645722">
                <ele>6</ele>
            </trkpt>
            <trkpt lat="-27.000812" lon="-48.645738">
                <ele>5.9</ele>
            </trkpt>
            <trkpt lat="-27.00081" lon="-48.645758">
                <ele>5.9</ele>
            </trkpt>
            <trkpt lat="-27.00081" lon="-48.645788">
                <ele>5.8</ele>
            </trkpt>
            <trkpt lat="-27.000808" lon="-48.645813">
                <ele>5.4</ele>
            </trkpt>
            <trkpt lat="-27.000802" lon="-48.64584">
                <ele>5.2</ele>
            </trkpt>
            <trkpt lat="-27.000795" lon="-48.645857">
                <ele>5.2</ele>
            </trkpt>
            <trkpt lat="-27.000795" lon="-48.645875">
                <ele>5.4</ele>
            </trkpt>
            <trkpt lat="-27.000803" lon="-48.64588">
                <ele>5.3</ele>
            </trkpt>
            <trkpt lat="-27.000808" lon="-48.645877">
                <ele>5.3</ele>
            </trkpt>
            <trkpt lat="-27.000813" lon="-48.645862">
                <ele>5.3</ele>
            </trkpt>
            <trkpt lat="-27.000817" lon="-48.645847">
                <ele>5.5</ele>
            </trkpt>
            <trkpt lat="-27.00082" lon="-48.645828">
                <ele>5.6</ele>
            </trkpt>
            <trkpt lat="-27.000825" lon="-48.645797">
                <ele>5.3</ele>
            </trkpt>
            <trkpt lat="-27.000835" lon="-48.645763">
                <ele>5.2</ele>
            </trkpt>
            <trkpt lat="-27.00084" lon="-48.645742">
                <ele>5.7</ele>
            </trkpt>
            <trkpt lat="-27.000838" lon="-48.6457">
                <ele>7.7</ele>
            </trkpt>
            <trkpt lat="-27.00084" lon="-48.645662">
                <ele>8</ele>
            </trkpt>
            <trkpt lat="-27.000847" lon="-48.645623">
                <ele>8.4</ele>
            </trkpt>
            <trkpt lat="-27.000855" lon="-48.645583">
                <ele>8.4</ele>
            </trkpt>
            <trkpt lat="-27.000863" lon="-48.645547">
                <ele>8.3</ele>
            </trkpt>
            <trkpt lat="-27.000875" lon="-48.64551">
                <ele>8.1</ele>
            </trkpt>
            <trkpt lat="-27.000887" lon="-48.645475">
                <ele>7.7</ele>
            </trkpt>
            <trkpt lat="-27.000897" lon="-48.645438">
                <ele>6.8</ele>
            </trkpt>
            <trkpt lat="-27.000912" lon="-48.645403">
                <ele>6.5</ele>
            </trkpt>
            <trkpt lat="-27.000925" lon="-48.645368">
                <ele>5.7</ele>
            </trkpt>
            <trkpt lat="-27.00094" lon="-48.645337">
                <ele>4.7</ele>
            </trkpt>
            <trkpt lat="-27.000955" lon="-48.645303">
                <ele>4.2</ele>
            </trkpt>
            <trkpt lat="-27.000972" lon="-48.645275">
                <ele>3.8</ele>
            </trkpt>
            <trkpt lat="-27.000988" lon="-48.645242">
                <ele>3.7</ele>
            </trkpt>
            <trkpt lat="-27.00101" lon="-48.645208">
                <ele>3.7</ele>
            </trkpt>
            <trkpt lat="-27.00103" lon="-48.64518">
                <ele>3.8</ele>
            </trkpt>
            <trkpt lat="-27.00105" lon="-48.645145">
                <ele>3.8</ele>
            </trkpt>
            <trkpt lat="-27.00107" lon="-48.645113">
                <ele>3.9</ele>
            </trkpt>
            <trkpt lat="-27.001088" lon="-48.645083">
                <ele>4.2</ele>
            </trkpt>
            <trkpt lat="-27.001107" lon="-48.645052">
                <ele>5.4</ele>
            </trkpt>
            <trkpt lat="-27.001123" lon="-48.645023">
                <ele>5.7</ele>
            </trkpt>
            <trkpt lat="-27.00114" lon="-48.644995">
                <ele>5.9</ele>
            </trkpt>
            <trkpt lat="-27.001158" lon="-48.644967">
                <ele>6.4</ele>
            </trkpt>
            <trkpt lat="-27.001173" lon="-48.64494">
                <ele>6.5</ele>
            </trkpt>
            <trkpt lat="-27.001188" lon="-48.644915">
                <ele>6.8</ele>
            </trkpt>
            <trkpt lat="-27.001205" lon="-48.644892">
                <ele>6.8</ele>
            </trkpt>
            <trkpt lat="-27.00122" lon="-48.644865">
                <ele>7.3</ele>
            </trkpt>
            <trkpt lat="-27.001235" lon="-48.644843">
                <ele>8.6</ele>
            </trkpt>
            <trkpt lat="-27.001248" lon="-48.64482">
                <ele>8.9</ele>
            </trkpt>
            <trkpt lat="-27.001262" lon="-48.644795">
                <ele>9.2</ele>
            </trkpt>
            <trkpt lat="-27.001277" lon="-48.644773">
                <ele>10.1</ele>
            </trkpt>
            <trkpt lat="-27.001285" lon="-48.644752">
                <ele>10.7</ele>
            </trkpt>
            <trkpt lat="-27.001293" lon="-48.644735">
                <ele>11.2</ele>
            </trkpt>
            <trkpt lat="-27.001302" lon="-48.644727">
                <ele>11</ele>
            </trkpt>
            <trkpt lat="-27.001307" lon="-48.644718">
                <ele>11.5</ele>
            </trkpt>
            <trkpt lat="-27.001307" lon="-48.644718">
                <ele>11.6</ele>
            </trkpt>
            <trkpt lat="-27.001308" lon="-48.64472">
                <ele>11.8</ele>
            </trkpt>
            <trkpt lat="-27.001307" lon="-48.644717">
                <ele>11.8</ele>
            </trkpt>
            <trkpt lat="-27.001308" lon="-48.644715">
                <ele>11.7</ele>
            </trkpt>
            <trkpt lat="-27.001308" lon="-48.644715">
                <ele>11.5</ele>
            </trkpt>
            <trkpt lat="-27.001308" lon="-48.644715">
                <ele>11.4</ele>
            </trkpt>
            <trkpt lat="-27.001308" lon="-48.64472">
                <ele>11.2</ele>
            </trkpt>
            <trkpt lat="-27.001308" lon="-48.64472">
                <ele>11</ele>
            </trkpt>
            <trkpt lat="-27.00131" lon="-48.644722">
                <ele>10.9</ele>
            </trkpt>
            <trkpt lat="-27.001312" lon="-48.644722">
                <ele>10.7</ele>
            </trkpt>
            <trkpt lat="-27.001312" lon="-48.644722">
                <ele>10.7</ele>
            </trkpt>
            <trkpt lat="-27.001312" lon="-48.644722">
                <ele>10.7</ele>
            </trkpt>
            <trkpt lat="-27.001312" lon="-48.644722">
                <ele>10.7</ele>
            </trkpt>
            <trkpt lat="-27.001312" lon="-48.644722">
                <ele>10.7</ele>
            </trkpt>
            <trkpt lat="-27.001312" lon="-48.644722">
                <ele>10.7</ele>
            </trkpt>
            <trkpt lat="-27.001312" lon="-48.644722">
                <ele>10.7</ele>
            </trkpt>
            <trkpt lat="-27.001312" lon="-48.644722">
                <ele>10.7</ele>
            </trkpt>
            <trkpt lat="-27.001312" lon="-48.644722">
                <ele>10.7</ele>
            </trkpt>
            <trkpt lat="-27.001312" lon="-48.644722">
                <ele>10.7</ele>
            </trkpt>
            <trkpt lat="-27.001312" lon="-48.644722">
                <ele>10.7</ele>
            </trkpt>
            <trkpt lat="-27.001312" lon="-48.644722">
                <ele>10.7</ele>
            </trkpt>
            <trkpt lat="-27.001312" lon="-48.644722">
                <ele>10.7</ele>
            </trkpt>
            <trkpt lat="-27.001312" lon="-48.644722">
                <ele>10.7</ele>
            </trkpt>
            <trkpt lat="-27.001312" lon="-48.644722">
                <ele>10.7</ele>
            </trkpt>
            <trkpt lat="-27.001312" lon="-48.644722">
                <ele>10.7</ele>
            </trkpt>
            <trkpt lat="-27.001312" lon="-48.644722">
                <ele>10.7</ele>
            </trkpt>
            <trkpt lat="-27.001312" lon="-48.644722">
                <ele>10.7</ele>
            </trkpt>
            <trkpt lat="-27.001312" lon="-48.644722">
                <ele>10.7</ele>
            </trkpt>
            <trkpt lat="-27.001312" lon="-48.644722">
                <ele>10.7</ele>
            </trkpt>
            <trkpt lat="-27.001312" lon="-48.644722">
                <ele>10.7</ele>
            </trkpt>
            <trkpt lat="-27.001312" lon="-48.644722">
                <ele>10.7</ele>
            </trkpt>
            <trkpt lat="-27.001312" lon="-48.644722">
                <ele>10.7</ele>
            </trkpt>
            <trkpt lat="-27.001312" lon="-48.644722">
                <ele>10.7</ele>
            </trkpt>
            <trkpt lat="-27.001312" lon="-48.644722">
                <ele>10.7</ele>
            </trkpt>
            <trkpt lat="-27.001312" lon="-48.644722">
                <ele>10.7</ele>
            </trkpt>
            <trkpt lat="-27.001312" lon="-48.644722">
                <ele>10.7</ele>
            </trkpt>
            <trkpt lat="-27.001312" lon="-48.644722">
                <ele>10.7</ele>
            </trkpt>
            <trkpt lat="-27.001312" lon="-48.644722">
                <ele>10.7</ele>
            </trkpt>
            <trkpt lat="-27.001312" lon="-48.644722">
                <ele>10.7</ele>
            </trkpt>
            <trkpt lat="-27.001312" lon="-48.644722">
                <ele>10.7</ele>
            </trkpt>
            <trkpt lat="-27.001312" lon="-48.644722">
                <ele>10.7</ele>
            </trkpt>
            <trkpt lat="-27.001312" lon="-48.644722">
                <ele>10.7</ele>
            </trkpt>
            <trkpt lat="-27.001312" lon="-48.644722">
                <ele>10.7</ele>
            </trkpt>
            <trkpt lat="-27.001312" lon="-48.644722">
                <ele>10.7</ele>
            </trkpt>
            <trkpt lat="-27.001312" lon="-48.644722">
                <ele>10.7</ele>
            </trkpt>
            <trkpt lat="-27.001312" lon="-48.644722">
                <ele>10.7</ele>
            </trkpt>
            <trkpt lat="-27.001312" lon="-48.644722">
                <ele>10.7</ele>
            </trkpt>
            <trkpt lat="-27.001312" lon="-48.644722">
                <ele>10.7</ele>
            </trkpt>
            <trkpt lat="-27.001312" lon="-48.644722">
                <ele>10.7</ele>
            </trkpt>
            <trkpt lat="-27.001312" lon="-48.644722">
                <ele>10.7</ele>
            </trkpt>
            <trkpt lat="-27.001312" lon="-48.644722">
                <ele>10.7</ele>
            </trkpt>
            <trkpt lat="-27.001312" lon="-48.644722">
                <ele>10.7</ele>
            </trkpt>
            <trkpt lat="-27.001312" lon="-48.644722">
                <ele>10.7</ele>
            </trkpt>
            <trkpt lat="-27.001312" lon="-48.644722">
                <ele>10.7</ele>
            </trkpt>
            <trkpt lat="-27.001312" lon="-48.644722">
                <ele>10.7</ele>
            </trkpt>
            <trkpt lat="-27.001312" lon="-48.644722">
                <ele>10.7</ele>
            </trkpt>
            <trkpt lat="-27.001312" lon="-48.644722">
                <ele>10.7</ele>
            </trkpt>
            <trkpt lat="-27.001312" lon="-48.644722">
                <ele>10.7</ele>
            </trkpt>
            <trkpt lat="-27.001312" lon="-48.644722">
                <ele>10.7</ele>
            </trkpt>
            <trkpt lat="-27.001312" lon="-48.644722">
                <ele>10.7</ele>
            </trkpt>
            <trkpt lat="-27.001312" lon="-48.644722">
                <ele>10.7</ele>
            </trkpt>
            <trkpt lat="-27.001312" lon="-48.644722">
                <ele>10.7</ele>
            </trkpt>
            <trkpt lat="-27.001312" lon="-48.644722">
                <ele>10.7</ele>
            </trkpt>
            <trkpt lat="-27.001312" lon="-48.644722">
                <ele>10.7</ele>
            </trkpt>
            <trkpt lat="-27.001312" lon="-48.644722">
                <ele>10.7</ele>
            </trkpt>
            <trkpt lat="-27.001312" lon="-48.644722">
                <ele>10.7</ele>
            </trkpt>
            <trkpt lat="-27.001312" lon="-48.644722">
                <ele>10.7</ele>
            </trkpt>
            <trkpt lat="-27.001312" lon="-48.644722">
                <ele>10.7</ele>
            </trkpt>
            <trkpt lat="-27.001312" lon="-48.644722">
                <ele>10.7</ele>
            </trkpt>
            <trkpt lat="-27.001312" lon="-48.644722">
                <ele>10.7</ele>
            </trkpt>
            <trkpt lat="-27.001312" lon="-48.644722">
                <ele>10.7</ele>
            </trkpt>
            <trkpt lat="-27.001312" lon="-48.644722">
                <ele>10.7</ele>
            </trkpt>
            <trkpt lat="-27.001312" lon="-48.644722">
                <ele>10.7</ele>
            </trkpt>
            <trkpt lat="-27.0013" lon="-48.644683">
                <ele>9</ele>
            </trkpt>
            <trkpt lat="-27.001292" lon="-48.644683">
                <ele>8.9</ele>
            </trkpt>
            <trkpt lat="-27.001285" lon="-48.644683">
                <ele>8.8</ele>
            </trkpt>
            <trkpt lat="-27.001282" lon="-48.644683">
                <ele>8.7</ele>
            </trkpt>
            <trkpt lat="-27.001282" lon="-48.644683">
                <ele>8.8</ele>
            </trkpt>
            <trkpt lat="-27.00128" lon="-48.644683">
                <ele>8.8</ele>
            </trkpt>
            <trkpt lat="-27.001282" lon="-48.644685">
                <ele>8.7</ele>
            </trkpt>
            <trkpt lat="-27.001283" lon="-48.64468">
                <ele>8.5</ele>
            </trkpt>
            <trkpt lat="-27.001288" lon="-48.644678">
                <ele>8.5</ele>
            </trkpt>
            <trkpt lat="-27.001292" lon="-48.64468">
                <ele>8.3</ele>
            </trkpt>
            <trkpt lat="-27.001293" lon="-48.644678">
                <ele>8.3</ele>
            </trkpt>
            <trkpt lat="-27.001298" lon="-48.644672">
                <ele>8.3</ele>
            </trkpt>
            <trkpt lat="-27.001307" lon="-48.644657">
                <ele>8.3</ele>
            </trkpt>
            <trkpt lat="-27.001317" lon="-48.64464">
                <ele>8.2</ele>
            </trkpt>
            <trkpt lat="-27.001327" lon="-48.644632">
                <ele>8.1</ele>
            </trkpt>
            <trkpt lat="-27.001337" lon="-48.644618">
                <ele>7.9</ele>
            </trkpt>
            <trkpt lat="-27.001347" lon="-48.644608">
                <ele>7.8</ele>
            </trkpt>
            <trkpt lat="-27.001358" lon="-48.644603">
                <ele>8.1</ele>
            </trkpt>
            <trkpt lat="-27.001367" lon="-48.644603">
                <ele>8.6</ele>
            </trkpt>
            <trkpt lat="-27.00137" lon="-48.644605">
                <ele>8.7</ele>
            </trkpt>
            <trkpt lat="-27.00137" lon="-48.644602">
                <ele>8.4</ele>
            </trkpt>
            <trkpt lat="-27.001372" lon="-48.644603">
                <ele>8.5</ele>
            </trkpt>
            <trkpt lat="-27.00137" lon="-48.644607">
                <ele>8.4</ele>
            </trkpt>
            <trkpt lat="-27.001365" lon="-48.644607">
                <ele>8.5</ele>
            </trkpt>
            <trkpt lat="-27.001362" lon="-48.64461">
                <ele>8.5</ele>
            </trkpt>
            <trkpt lat="-27.001358" lon="-48.644612">
                <ele>8.9</ele>
            </trkpt>
            <trkpt lat="-27.001357" lon="-48.644618">
                <ele>9</ele>
            </trkpt>
            <trkpt lat="-27.001355" lon="-48.64462">
                <ele>9.2</ele>
            </trkpt>
            <trkpt lat="-27.001353" lon="-48.644622">
                <ele>9.1</ele>
            </trkpt>
            <trkpt lat="-27.001353" lon="-48.644622">
                <ele>9.1</ele>
            </trkpt>
            <trkpt lat="-27.001353" lon="-48.644622">
                <ele>9.1</ele>
            </trkpt>
            <trkpt lat="-27.001353" lon="-48.644622">
                <ele>9.1</ele>
            </trkpt>
            <trkpt lat="-27.001353" lon="-48.644622">
                <ele>9.1</ele>
            </trkpt>
            <trkpt lat="-27.001353" lon="-48.644622">
                <ele>9.1</ele>
            </trkpt>
            <trkpt lat="-27.001353" lon="-48.644622">
                <ele>9.1</ele>
            </trkpt>
            <trkpt lat="-27.001353" lon="-48.644622">
                <ele>9.1</ele>
            </trkpt>
            <trkpt lat="-27.001353" lon="-48.644622">
                <ele>9.1</ele>
            </trkpt>
            <trkpt lat="-27.001353" lon="-48.644622">
                <ele>9.1</ele>
            </trkpt>
            <trkpt lat="-27.001353" lon="-48.644622">
                <ele>9.1</ele>
            </trkpt>
            <trkpt lat="-27.001353" lon="-48.644622">
                <ele>9.1</ele>
            </trkpt>
            <trkpt lat="-27.001353" lon="-48.644622">
                <ele>9.1</ele>
            </trkpt>
            <trkpt lat="-27.001353" lon="-48.644622">
                <ele>9.1</ele>
            </trkpt>
            <trkpt lat="-27.001348" lon="-48.644615">
                <ele>10.2</ele>
            </trkpt>
            <trkpt lat="-27.001343" lon="-48.644608">
                <ele>10.4</ele>
            </trkpt>
            <trkpt lat="-27.001342" lon="-48.644598">
                <ele>10.1</ele>
            </trkpt>
            <trkpt lat="-27.001338" lon="-48.644595">
                <ele>9.9</ele>
            </trkpt>
            <trkpt lat="-27.001338" lon="-48.644595">
                <ele>9.9</ele>
            </trkpt>
            <trkpt lat="-27.001338" lon="-48.644595">
                <ele>9.9</ele>
            </trkpt>
            <trkpt lat="-27.001338" lon="-48.644595">
                <ele>9.9</ele>
            </trkpt>
            <trkpt lat="-27.001338" lon="-48.644595">
                <ele>9.9</ele>
            </trkpt>
            <trkpt lat="-27.001338" lon="-48.644595">
                <ele>9.9</ele>
            </trkpt>
            <trkpt lat="-27.001338" lon="-48.644595">
                <ele>9.9</ele>
            </trkpt>
            <trkpt lat="-27.001338" lon="-48.644595">
                <ele>9.9</ele>
            </trkpt>
            <trkpt lat="-27.001338" lon="-48.644595">
                <ele>9.9</ele>
            </trkpt>
            <trkpt lat="-27.001338" lon="-48.644595">
                <ele>9.9</ele>
            </trkpt>
            <trkpt lat="-27.001338" lon="-48.644595">
                <ele>9.9</ele>
            </trkpt>
            <trkpt lat="-27.001338" lon="-48.644595">
                <ele>9.9</ele>
            </trkpt>
            <trkpt lat="-27.001338" lon="-48.644595">
                <ele>9.9</ele>
            </trkpt>
            <trkpt lat="-27.001338" lon="-48.644595">
                <ele>9.9</ele>
            </trkpt>
            <trkpt lat="-27.001338" lon="-48.644595">
                <ele>9.9</ele>
            </trkpt>
            <trkpt lat="-27.001338" lon="-48.644595">
                <ele>9.9</ele>
            </trkpt>
            <trkpt lat="-27.001338" lon="-48.644595">
                <ele>9.9</ele>
            </trkpt>
            <trkpt lat="-27.001338" lon="-48.644595">
                <ele>9.9</ele>
            </trkpt>
            <trkpt lat="-27.001338" lon="-48.644595">
                <ele>9.9</ele>
            </trkpt>
            <trkpt lat="-27.001338" lon="-48.644595">
                <ele>9.9</ele>
            </trkpt>
            <trkpt lat="-27.001338" lon="-48.644595">
                <ele>9.9</ele>
            </trkpt>
            <trkpt lat="-27.001338" lon="-48.644595">
                <ele>9.9</ele>
            </trkpt>
            <trkpt lat="-27.001338" lon="-48.644595">
                <ele>9.9</ele>
            </trkpt>
            <trkpt lat="-27.001338" lon="-48.644595">
                <ele>9.9</ele>
            </trkpt>
            <trkpt lat="-27.001338" lon="-48.644595">
                <ele>9.9</ele>
            </trkpt>
            <trkpt lat="-27.001338" lon="-48.644595">
                <ele>9.9</ele>
            </trkpt>
            <trkpt lat="-27.001338" lon="-48.644595">
                <ele>9.9</ele>
            </trkpt>
            <trkpt lat="-27.001338" lon="-48.644595">
                <ele>9.9</ele>
            </trkpt>
            <trkpt lat="-27.001338" lon="-48.644595">
                <ele>9.9</ele>
            </trkpt>
            <trkpt lat="-27.001338" lon="-48.644595">
                <ele>9.9</ele>
            </trkpt>
            <trkpt lat="-27.001338" lon="-48.644595">
                <ele>9.9</ele>
            </trkpt>
            <trkpt lat="-27.001338" lon="-48.644595">
                <ele>9.9</ele>
            </trkpt>
            <trkpt lat="-27.001338" lon="-48.644595">
                <ele>9.9</ele>
            </trkpt>
            <trkpt lat="-27.001338" lon="-48.644595">
                <ele>9.9</ele>
            </trkpt>
            <trkpt lat="-27.001338" lon="-48.644595">
                <ele>9.9</ele>
            </trkpt>
            <trkpt lat="-27.001338" lon="-48.644595">
                <ele>9.9</ele>
            </trkpt>
            <trkpt lat="-27.001338" lon="-48.644595">
                <ele>9.9</ele>
            </trkpt>
            <trkpt lat="-27.001338" lon="-48.644595">
                <ele>9.9</ele>
            </trkpt>
            <trkpt lat="-27.001338" lon="-48.644595">
                <ele>9.9</ele>
            </trkpt>
            <trkpt lat="-27.001338" lon="-48.644595">
                <ele>9.9</ele>
            </trkpt>
            <trkpt lat="-27.001338" lon="-48.644595">
                <ele>9.9</ele>
            </trkpt>
            <trkpt lat="-27.001338" lon="-48.644595">
                <ele>9.9</ele>
            </trkpt>
            <trkpt lat="-27.001338" lon="-48.644595">
                <ele>9.9</ele>
            </trkpt>
            <trkpt lat="-27.001338" lon="-48.644595">
                <ele>9.9</ele>
            </trkpt>
            <trkpt lat="-27.001338" lon="-48.644595">
                <ele>9.9</ele>
            </trkpt>
            <trkpt lat="-27.001338" lon="-48.644595">
                <ele>9.9</ele>
            </trkpt>
            <trkpt lat="-27.001338" lon="-48.644595">
                <ele>9.9</ele>
            </trkpt>
            <trkpt lat="-27.001338" lon="-48.644595">
                <ele>9.9</ele>
            </trkpt>
            <trkpt lat="-27.001338" lon="-48.644595">
                <ele>9.9</ele>
            </trkpt>
            <trkpt lat="-27.001338" lon="-48.644595">
                <ele>9.9</ele>
            </trkpt>
            <trkpt lat="-27.001338" lon="-48.644595">
                <ele>9.9</ele>
            </trkpt>
            <trkpt lat="-27.001338" lon="-48.644595">
                <ele>9.9</ele>
            </trkpt>
            <trkpt lat="-27.001338" lon="-48.644595">
                <ele>9.9</ele>
            </trkpt>
            <trkpt lat="-27.001323" lon="-48.644605">
                <ele>9.9</ele>
            </trkpt>
            <trkpt lat="-27.00132" lon="-48.644613">
                <ele>9.9</ele>
            </trkpt>
            <trkpt lat="-27.001315" lon="-48.644618">
                <ele>10</ele>
            </trkpt>
            <trkpt lat="-27.001313" lon="-48.64462">
                <ele>9.9</ele>
            </trkpt>
            <trkpt lat="-27.001308" lon="-48.644622">
                <ele>9.9</ele>
            </trkpt>
            <trkpt lat="-27.001307" lon="-48.64462">
                <ele>9.8</ele>
            </trkpt>
            <trkpt lat="-27.001307" lon="-48.64462">
                <ele>9.8</ele>
            </trkpt>
            <trkpt lat="-27.001307" lon="-48.64462">
                <ele>9.8</ele>
            </trkpt>
            <trkpt lat="-27.001307" lon="-48.64462">
                <ele>9.8</ele>
            </trkpt>
            <trkpt lat="-27.001307" lon="-48.64462">
                <ele>9.8</ele>
            </trkpt>
            <trkpt lat="-27.001307" lon="-48.64462">
                <ele>9.8</ele>
            </trkpt>
            <trkpt lat="-27.001307" lon="-48.64462">
                <ele>9.8</ele>
            </trkpt>
            <trkpt lat="-27.001307" lon="-48.64462">
                <ele>9.8</ele>
            </trkpt>
            <trkpt lat="-27.001307" lon="-48.64462">
                <ele>9.8</ele>
            </trkpt>
            <trkpt lat="-27.001307" lon="-48.64462">
                <ele>9.8</ele>
            </trkpt>
            <trkpt lat="-27.001307" lon="-48.64462">
                <ele>9.8</ele>
            </trkpt>
            <trkpt lat="-27.001307" lon="-48.64462">
                <ele>9.8</ele>
            </trkpt>
            <trkpt lat="-27.001307" lon="-48.64462">
                <ele>9.8</ele>
            </trkpt>
            <trkpt lat="-27.001307" lon="-48.64462">
                <ele>9.8</ele>
            </trkpt>
            <trkpt lat="-27.001307" lon="-48.64462">
                <ele>9.8</ele>
            </trkpt>
            <trkpt lat="-27.001307" lon="-48.64462">
                <ele>9.8</ele>
            </trkpt>
            <trkpt lat="-27.001307" lon="-48.64462">
                <ele>9.8</ele>
            </trkpt>
            <trkpt lat="-27.001307" lon="-48.64462">
                <ele>9.8</ele>
            </trkpt>
            <trkpt lat="-27.001307" lon="-48.64462">
                <ele>9.8</ele>
            </trkpt>
            <trkpt lat="-27.001307" lon="-48.64462">
                <ele>9.8</ele>
            </trkpt>
            <trkpt lat="-27.001307" lon="-48.64462">
                <ele>9.8</ele>
            </trkpt>
            <trkpt lat="-27.001307" lon="-48.64462">
                <ele>9.8</ele>
            </trkpt>
            <trkpt lat="-27.001307" lon="-48.64462">
                <ele>9.8</ele>
            </trkpt>
            <trkpt lat="-27.001307" lon="-48.64462">
                <ele>9.8</ele>
            </trkpt>
            <trkpt lat="-27.001307" lon="-48.64462">
                <ele>9.8</ele>
            </trkpt>
            <trkpt lat="-27.001307" lon="-48.64462">
                <ele>9.8</ele>
            </trkpt>
            <trkpt lat="-27.001307" lon="-48.64462">
                <ele>9.8</ele>
            </trkpt>
            <trkpt lat="-27.001307" lon="-48.64462">
                <ele>9.8</ele>
            </trkpt>
            <trkpt lat="-27.001313" lon="-48.64458">
                <ele>8.7</ele>
            </trkpt>
            <trkpt lat="-27.00132" lon="-48.644577">
                <ele>8.6</ele>
            </trkpt>
            <trkpt lat="-27.00133" lon="-48.644572">
                <ele>8.4</ele>
            </trkpt>
            <trkpt lat="-27.001338" lon="-48.644572">
                <ele>8</ele>
            </trkpt>
            <trkpt lat="-27.001347" lon="-48.644575">
                <ele>7.6</ele>
            </trkpt>
            <trkpt lat="-27.001352" lon="-48.644575">
                <ele>7.8</ele>
            </trkpt>
            <trkpt lat="-27.001357" lon="-48.64457">
                <ele>8.1</ele>
            </trkpt>
            <trkpt lat="-27.00136" lon="-48.644567">
                <ele>8.3</ele>
            </trkpt>
            <trkpt lat="-27.001358" lon="-48.644567">
                <ele>8.1</ele>
            </trkpt>
            <trkpt lat="-27.001355" lon="-48.644565">
                <ele>8.1</ele>
            </trkpt>
            <trkpt lat="-27.001352" lon="-48.644572">
                <ele>7.9</ele>
            </trkpt>
            <trkpt lat="-27.001347" lon="-48.644582">
                <ele>7.9</ele>
            </trkpt>
            <trkpt lat="-27.001342" lon="-48.644593">
                <ele>7.8</ele>
            </trkpt>
            <trkpt lat="-27.001337" lon="-48.644607">
                <ele>7.6</ele>
            </trkpt>
            <trkpt lat="-27.00133" lon="-48.644615">
                <ele>7.5</ele>
            </trkpt>
            <trkpt lat="-27.001322" lon="-48.644627">
                <ele>7.5</ele>
            </trkpt>
            <trkpt lat="-27.001315" lon="-48.64464">
                <ele>7.7</ele>
            </trkpt>
            <trkpt lat="-27.00131" lon="-48.644648">
                <ele>7.9</ele>
            </trkpt>
            <trkpt lat="-27.001305" lon="-48.644662">
                <ele>7.7</ele>
            </trkpt>
            <trkpt lat="-27.001298" lon="-48.644675">
                <ele>7.5</ele>
            </trkpt>
            <trkpt lat="-27.001293" lon="-48.644692">
                <ele>7.5</ele>
            </trkpt>
            <trkpt lat="-27.001285" lon="-48.644703">
                <ele>7.6</ele>
            </trkpt>
            <trkpt lat="-27.001277" lon="-48.644718">
                <ele>8</ele>
            </trkpt>
            <trkpt lat="-27.001273" lon="-48.644723">
                <ele>8.2</ele>
            </trkpt>
            <trkpt lat="-27.001267" lon="-48.644728">
                <ele>8.4</ele>
            </trkpt>
            <trkpt lat="-27.001262" lon="-48.64473">
                <ele>8.7</ele>
            </trkpt>
            <trkpt lat="-27.001257" lon="-48.64473">
                <ele>9.1</ele>
            </trkpt>
            <trkpt lat="-27.001255" lon="-48.644728">
                <ele>9.5</ele>
            </trkpt>
            <trkpt lat="-27.001253" lon="-48.644728">
                <ele>9.8</ele>
            </trkpt>
            <trkpt lat="-27.001252" lon="-48.644727">
                <ele>10.2</ele>
            </trkpt>
            <trkpt lat="-27.001252" lon="-48.644727">
                <ele>10.3</ele>
            </trkpt>
            <trkpt lat="-27.001257" lon="-48.644723">
                <ele>10.3</ele>
            </trkpt>
            <trkpt lat="-27.001268" lon="-48.644718">
                <ele>10.5</ele>
            </trkpt>
            <trkpt lat="-27.001282" lon="-48.644718">
                <ele>10.6</ele>
            </trkpt>
            <trkpt lat="-27.001283" lon="-48.644718">
                <ele>10.7</ele>
            </trkpt>
            <trkpt lat="-27.001287" lon="-48.64472">
                <ele>10.8</ele>
            </trkpt>
            <trkpt lat="-27.001292" lon="-48.644722">
                <ele>10.8</ele>
            </trkpt>
            <trkpt lat="-27.001293" lon="-48.644722">
                <ele>10.8</ele>
            </trkpt>
            <trkpt lat="-27.001293" lon="-48.644722">
                <ele>10.8</ele>
            </trkpt>
            <trkpt lat="-27.001293" lon="-48.644722">
                <ele>10.8</ele>
            </trkpt>
            <trkpt lat="-27.001293" lon="-48.644722">
                <ele>10.9</ele>
            </trkpt>
            <trkpt lat="-27.001295" lon="-48.644722">
                <ele>10.9</ele>
            </trkpt>
            <trkpt lat="-27.001295" lon="-48.644722">
                <ele>10.9</ele>
            </trkpt>
            <trkpt lat="-27.001295" lon="-48.644722">
                <ele>10.9</ele>
            </trkpt>
            <trkpt lat="-27.001295" lon="-48.644722">
                <ele>10.9</ele>
            </trkpt>
            <trkpt lat="-27.001295" lon="-48.644722">
                <ele>10.9</ele>
            </trkpt>
            <trkpt lat="-27.001295" lon="-48.644722">
                <ele>10.9</ele>
            </trkpt>
            <trkpt lat="-27.001295" lon="-48.644722">
                <ele>10.9</ele>
            </trkpt>
            <trkpt lat="-27.001295" lon="-48.644722">
                <ele>10.9</ele>
            </trkpt>
            <trkpt lat="-27.001295" lon="-48.644722">
                <ele>10.9</ele>
            </trkpt>
            <trkpt lat="-27.001295" lon="-48.644722">
                <ele>10.9</ele>
            </trkpt>
            <trkpt lat="-27.001295" lon="-48.644722">
                <ele>10.9</ele>
            </trkpt>
            <trkpt lat="-27.001295" lon="-48.644722">
                <ele>10.9</ele>
            </trkpt>
            <trkpt lat="-27.001295" lon="-48.644722">
                <ele>10.9</ele>
            </trkpt>
            <trkpt lat="-27.001295" lon="-48.644722">
                <ele>10.9</ele>
            </trkpt>
            <trkpt lat="-27.001295" lon="-48.644722">
                <ele>10.9</ele>
            </trkpt>
            <trkpt lat="-27.001295" lon="-48.644722">
                <ele>10.9</ele>
            </trkpt>
            <trkpt lat="-27.001295" lon="-48.644722">
                <ele>10.9</ele>
            </trkpt>
            <trkpt lat="-27.001295" lon="-48.644722">
                <ele>10.9</ele>
            </trkpt>
            <trkpt lat="-27.001295" lon="-48.644722">
                <ele>10.9</ele>
            </trkpt>
            <trkpt lat="-27.001295" lon="-48.644722">
                <ele>10.9</ele>
            </trkpt>
            <trkpt lat="-27.001295" lon="-48.644722">
                <ele>10.9</ele>
            </trkpt>
            <trkpt lat="-27.001295" lon="-48.644722">
                <ele>10.9</ele>
            </trkpt>
            <trkpt lat="-27.001295" lon="-48.644722">
                <ele>10.9</ele>
            </trkpt>
            <trkpt lat="-27.001295" lon="-48.644722">
                <ele>10.9</ele>
            </trkpt>
            <trkpt lat="-27.001295" lon="-48.644722">
                <ele>10.9</ele>
            </trkpt>
            <trkpt lat="-27.001295" lon="-48.644722">
                <ele>10.9</ele>
            </trkpt>
            <trkpt lat="-27.001293" lon="-48.644718">
                <ele>10.9</ele>
            </trkpt>
            <trkpt lat="-27.001293" lon="-48.644713">
                <ele>10.9</ele>
            </trkpt>
            <trkpt lat="-27.001295" lon="-48.644708">
                <ele>10.9</ele>
            </trkpt>
            <trkpt lat="-27.001292" lon="-48.644698">
                <ele>10.9</ele>
            </trkpt>
            <trkpt lat="-27.001288" lon="-48.644688">
                <ele>10.9</ele>
            </trkpt>
            <trkpt lat="-27.001277" lon="-48.644678">
                <ele>11</ele>
            </trkpt>
            <trkpt lat="-27.001277" lon="-48.644667">
                <ele>11</ele>
            </trkpt>
            <trkpt lat="-27.001273" lon="-48.644668">
                <ele>11</ele>
            </trkpt>
            <trkpt lat="-27.001272" lon="-48.644658">
                <ele>11</ele>
            </trkpt>
            <trkpt lat="-27.001267" lon="-48.644653">
                <ele>11</ele>
            </trkpt>
            <trkpt lat="-27.001262" lon="-48.644647">
                <ele>11</ele>
            </trkpt>
            <trkpt lat="-27.001253" lon="-48.64464">
                <ele>11.1</ele>
            </trkpt>
            <trkpt lat="-27.001247" lon="-48.644633">
                <ele>11</ele>
            </trkpt>
            <trkpt lat="-27.001243" lon="-48.644618">
                <ele>11</ele>
            </trkpt>
            <trkpt lat="-27.001238" lon="-48.644605">
                <ele>11</ele>
            </trkpt>
            <trkpt lat="-27.001242" lon="-48.64461">
                <ele>11</ele>
            </trkpt>
            <trkpt lat="-27.001248" lon="-48.644607">
                <ele>10.9</ele>
            </trkpt>
            <trkpt lat="-27.001257" lon="-48.644617">
                <ele>10.8</ele>
            </trkpt>
            <trkpt lat="-27.001267" lon="-48.644613">
                <ele>10.8</ele>
            </trkpt>
            <trkpt lat="-27.001273" lon="-48.644618">
                <ele>10.7</ele>
            </trkpt>
            <trkpt lat="-27.001278" lon="-48.644615">
                <ele>10.8</ele>
            </trkpt>
            <trkpt lat="-27.001283" lon="-48.644612">
                <ele>10.6</ele>
            </trkpt>
            <trkpt lat="-27.001283" lon="-48.644603">
                <ele>10.5</ele>
            </trkpt>
            <trkpt lat="-27.001292" lon="-48.644593">
                <ele>10.4</ele>
            </trkpt>
            <trkpt lat="-27.001302" lon="-48.644585">
                <ele>10.4</ele>
            </trkpt>
            <trkpt lat="-27.00131" lon="-48.64458">
                <ele>10.2</ele>
            </trkpt>
            <trkpt lat="-27.001313" lon="-48.644573">
                <ele>10.1</ele>
            </trkpt>
            <trkpt lat="-27.001313" lon="-48.644568">
                <ele>10.2</ele>
            </trkpt>
            <trkpt lat="-27.001315" lon="-48.644578">
                <ele>10</ele>
            </trkpt>
            <trkpt lat="-27.001315" lon="-48.644587">
                <ele>9.7</ele>
            </trkpt>
            <trkpt lat="-27.001315" lon="-48.644593">
                <ele>9.5</ele>
            </trkpt>
            <trkpt lat="-27.001315" lon="-48.644597">
                <ele>9.1</ele>
            </trkpt>
            <trkpt lat="-27.001313" lon="-48.644605">
                <ele>8.7</ele>
            </trkpt>
            <trkpt lat="-27.001313" lon="-48.644605">
                <ele>8.7</ele>
            </trkpt>
            <trkpt lat="-27.00131" lon="-48.644608">
                <ele>8.3</ele>
            </trkpt>
            <trkpt lat="-27.001308" lon="-48.644612">
                <ele>8.1</ele>
            </trkpt>
            <trkpt lat="-27.001308" lon="-48.644612">
                <ele>8.1</ele>
            </trkpt>
            <trkpt lat="-27.001308" lon="-48.644612">
                <ele>8.1</ele>
            </trkpt>
            <trkpt lat="-27.001308" lon="-48.644612">
                <ele>8.1</ele>
            </trkpt>
            <trkpt lat="-27.001308" lon="-48.644612">
                <ele>8.1</ele>
            </trkpt>
            <trkpt lat="-27.001308" lon="-48.644612">
                <ele>8.1</ele>
            </trkpt>
            <trkpt lat="-27.001308" lon="-48.644612">
                <ele>8.1</ele>
            </trkpt>
            <trkpt lat="-27.001308" lon="-48.644612">
                <ele>8.1</ele>
            </trkpt>
            <trkpt lat="-27.001308" lon="-48.644612">
                <ele>8.1</ele>
            </trkpt>
            <trkpt lat="-27.001308" lon="-48.644612">
                <ele>8.1</ele>
            </trkpt>
            <trkpt lat="-27.001308" lon="-48.644612">
                <ele>8.1</ele>
            </trkpt>
            <trkpt lat="-27.001308" lon="-48.644612">
                <ele>8.1</ele>
            </trkpt>
            <trkpt lat="-27.001308" lon="-48.644612">
                <ele>8.1</ele>
            </trkpt>
            <trkpt lat="-27.001308" lon="-48.644612">
                <ele>8.1</ele>
            </trkpt>
            <trkpt lat="-27.001308" lon="-48.644612">
                <ele>8.1</ele>
            </trkpt>
            <trkpt lat="-27.001308" lon="-48.644612">
                <ele>8.1</ele>
            </trkpt>
            <trkpt lat="-27.001308" lon="-48.644612">
                <ele>8.1</ele>
            </trkpt>
            <trkpt lat="-27.001308" lon="-48.644612">
                <ele>8.1</ele>
            </trkpt>
            <trkpt lat="-27.001308" lon="-48.644612">
                <ele>8.1</ele>
            </trkpt>
            <trkpt lat="-27.001308" lon="-48.644612">
                <ele>8.1</ele>
            </trkpt>
            <trkpt lat="-27.001308" lon="-48.644612">
                <ele>8.1</ele>
            </trkpt>
            <trkpt lat="-27.001308" lon="-48.644612">
                <ele>8.1</ele>
            </trkpt>
            <trkpt lat="-27.001308" lon="-48.644612">
                <ele>8.1</ele>
            </trkpt>
            <trkpt lat="-27.001308" lon="-48.644612">
                <ele>8.1</ele>
            </trkpt>
            <trkpt lat="-27.001308" lon="-48.644612">
                <ele>8.1</ele>
            </trkpt>
            <trkpt lat="-27.001308" lon="-48.644612">
                <ele>8.1</ele>
            </trkpt>
            <trkpt lat="-27.001317" lon="-48.64464">
                <ele>5.8</ele>
            </trkpt>
            <trkpt lat="-27.001313" lon="-48.644648">
                <ele>6</ele>
            </trkpt>
            <trkpt lat="-27.001315" lon="-48.644652">
                <ele>6.2</ele>
            </trkpt>
            <trkpt lat="-27.001312" lon="-48.644653">
                <ele>6.2</ele>
            </trkpt>
            <trkpt lat="-27.00131" lon="-48.644655">
                <ele>6.2</ele>
            </trkpt>
            <trkpt lat="-27.001312" lon="-48.64465">
                <ele>6.2</ele>
            </trkpt>
            <trkpt lat="-27.001318" lon="-48.644645">
                <ele>6</ele>
            </trkpt>
            <trkpt lat="-27.001317" lon="-48.644647">
                <ele>5.9</ele>
            </trkpt>
            <trkpt lat="-27.001312" lon="-48.644647">
                <ele>6</ele>
            </trkpt>
            <trkpt lat="-27.001312" lon="-48.644645">
                <ele>6</ele>
            </trkpt>
            <trkpt lat="-27.001313" lon="-48.644647">
                <ele>5.9</ele>
            </trkpt>
            <trkpt lat="-27.001315" lon="-48.644645">
                <ele>5.8</ele>
            </trkpt>
            <trkpt lat="-27.001317" lon="-48.64464">
                <ele>5.7</ele>
            </trkpt>
            <trkpt lat="-27.001325" lon="-48.644633">
                <ele>5.8</ele>
            </trkpt>
            <trkpt lat="-27.001332" lon="-48.64463">
                <ele>5.7</ele>
            </trkpt>
            <trkpt lat="-27.001338" lon="-48.644623">
                <ele>5.7</ele>
            </trkpt>
            <trkpt lat="-27.00135" lon="-48.644617">
                <ele>5.9</ele>
            </trkpt>
            <trkpt lat="-27.001355" lon="-48.644608">
                <ele>5.9</ele>
            </trkpt>
            <trkpt lat="-27.001355" lon="-48.644603">
                <ele>5.8</ele>
            </trkpt>
            <trkpt lat="-27.00135" lon="-48.644608">
                <ele>5.8</ele>
            </trkpt>
            <trkpt lat="-27.00134" lon="-48.644618">
                <ele>5.6</ele>
            </trkpt>
            <trkpt lat="-27.00133" lon="-48.644628">
                <ele>5.5</ele>
            </trkpt>
            <trkpt lat="-27.001317" lon="-48.64464">
                <ele>5.6</ele>
            </trkpt>
            <trkpt lat="-27.001305" lon="-48.644652">
                <ele>5.3</ele>
            </trkpt>
            <trkpt lat="-27.001297" lon="-48.644663">
                <ele>5.1</ele>
            </trkpt>
            <trkpt lat="-27.001287" lon="-48.644675">
                <ele>4.9</ele>
            </trkpt>
            <trkpt lat="-27.001277" lon="-48.644687">
                <ele>4.5</ele>
            </trkpt>
            <trkpt lat="-27.001267" lon="-48.644698">
                <ele>4.4</ele>
            </trkpt>
            <trkpt lat="-27.001257" lon="-48.644708">
                <ele>4.4</ele>
            </trkpt>
            <trkpt lat="-27.001247" lon="-48.644718">
                <ele>4.2</ele>
            </trkpt>
            <trkpt lat="-27.00124" lon="-48.644732">
                <ele>3.8</ele>
            </trkpt>
            <trkpt lat="-27.001233" lon="-48.644743">
                <ele>3.8</ele>
            </trkpt>
            <trkpt lat="-27.001228" lon="-48.644753">
                <ele>3.7</ele>
            </trkpt>
            <trkpt lat="-27.001222" lon="-48.644762">
                <ele>3.5</ele>
            </trkpt>
            <trkpt lat="-27.001212" lon="-48.644775">
                <ele>3.2</ele>
            </trkpt>
            <trkpt lat="-27.001205" lon="-48.644792">
                <ele>3.1</ele>
            </trkpt>
            <trkpt lat="-27.001198" lon="-48.644805">
                <ele>3.2</ele>
            </trkpt>
            <trkpt lat="-27.00119" lon="-48.644817">
                <ele>3.5</ele>
            </trkpt>
            <trkpt lat="-27.001182" lon="-48.64483">
                <ele>3.7</ele>
            </trkpt>
            <trkpt lat="-27.001172" lon="-48.644843">
                <ele>3.8</ele>
            </trkpt>
            <trkpt lat="-27.001162" lon="-48.644857">
                <ele>3.8</ele>
            </trkpt>
            <trkpt lat="-27.001153" lon="-48.644873">
                <ele>3.5</ele>
            </trkpt>
            <trkpt lat="-27.001145" lon="-48.644887">
                <ele>3.4</ele>
            </trkpt>
            <trkpt lat="-27.001133" lon="-48.6449">
                <ele>3.3</ele>
            </trkpt>
            <trkpt lat="-27.001125" lon="-48.644913">
                <ele>3.6</ele>
            </trkpt>
            <trkpt lat="-27.001118" lon="-48.644927">
                <ele>4.2</ele>
            </trkpt>
            <trkpt lat="-27.001112" lon="-48.64494">
                <ele>4.7</ele>
            </trkpt>
            <trkpt lat="-27.001105" lon="-48.644953">
                <ele>5.3</ele>
            </trkpt>
            <trkpt lat="-27.001098" lon="-48.644965">
                <ele>5.8</ele>
            </trkpt>
            <trkpt lat="-27.00109" lon="-48.644975">
                <ele>6.1</ele>
            </trkpt>
            <trkpt lat="-27.001082" lon="-48.644982">
                <ele>6.3</ele>
            </trkpt>
            <trkpt lat="-27.001078" lon="-48.644985">
                <ele>6.3</ele>
            </trkpt>
            <trkpt lat="-27.001082" lon="-48.644985">
                <ele>6.2</ele>
            </trkpt>
            <trkpt lat="-27.001083" lon="-48.644987">
                <ele>6.2</ele>
            </trkpt>
            <trkpt lat="-27.001085" lon="-48.644987">
                <ele>6.2</ele>
            </trkpt>
            <trkpt lat="-27.001083" lon="-48.644988">
                <ele>6.3</ele>
            </trkpt>
            <trkpt lat="-27.001082" lon="-48.64499">
                <ele>6.5</ele>
            </trkpt>
            <trkpt lat="-27.001083" lon="-48.644995">
                <ele>6.3</ele>
            </trkpt>
            <trkpt lat="-27.001083" lon="-48.645">
                <ele>6.4</ele>
            </trkpt>
            <trkpt lat="-27.001083" lon="-48.645002">
                <ele>6.2</ele>
            </trkpt>
            <trkpt lat="-27.001085" lon="-48.645002">
                <ele>6.1</ele>
            </trkpt>
            <trkpt lat="-27.001087" lon="-48.645005">
                <ele>5.7</ele>
            </trkpt>
            <trkpt lat="-27.001087" lon="-48.645005">
                <ele>5.7</ele>
            </trkpt>
            <trkpt lat="-27.001087" lon="-48.645005">
                <ele>5.7</ele>
            </trkpt>
            <trkpt lat="-27.001087" lon="-48.645005">
                <ele>5.7</ele>
            </trkpt>
            <trkpt lat="-27.001087" lon="-48.645005">
                <ele>5.7</ele>
            </trkpt>
            <trkpt lat="-27.001087" lon="-48.645005">
                <ele>5.7</ele>
            </trkpt>
            <trkpt lat="-27.001087" lon="-48.645005">
                <ele>5.7</ele>
            </trkpt>
            <trkpt lat="-27.001087" lon="-48.645005">
                <ele>5.7</ele>
            </trkpt>
            <trkpt lat="-27.001087" lon="-48.645005">
                <ele>5.7</ele>
            </trkpt>
            <trkpt lat="-27.001087" lon="-48.645005">
                <ele>5.7</ele>
            </trkpt>
            <trkpt lat="-27.00108" lon="-48.644998">
                <ele>4.1</ele>
            </trkpt>
            <trkpt lat="-27.001077" lon="-48.64499">
                <ele>4.3</ele>
            </trkpt>
            <trkpt lat="-27.001072" lon="-48.644983">
                <ele>4.4</ele>
            </trkpt>
            <trkpt lat="-27.001067" lon="-48.644978">
                <ele>4.4</ele>
            </trkpt>
            <trkpt lat="-27.001067" lon="-48.644977">
                <ele>4.4</ele>
            </trkpt>
            <trkpt lat="-27.001067" lon="-48.644972">
                <ele>4.4</ele>
            </trkpt>
            <trkpt lat="-27.001078" lon="-48.644972">
                <ele>4.2</ele>
            </trkpt>
            <trkpt lat="-27.001078" lon="-48.644988">
                <ele>3.8</ele>
            </trkpt>
            <trkpt lat="-27.001083" lon="-48.644997">
                <ele>3.8</ele>
            </trkpt>
            <trkpt lat="-27.001085" lon="-48.645007">
                <ele>3.7</ele>
            </trkpt>
            <trkpt lat="-27.001085" lon="-48.64502">
                <ele>3.6</ele>
            </trkpt>
            <trkpt lat="-27.001087" lon="-48.645032">
                <ele>3.6</ele>
            </trkpt>
            <trkpt lat="-27.001083" lon="-48.645047">
                <ele>3.5</ele>
            </trkpt>
            <trkpt lat="-27.001082" lon="-48.645055">
                <ele>3.6</ele>
            </trkpt>
            <trkpt lat="-27.001082" lon="-48.645058">
                <ele>3.8</ele>
            </trkpt>
            <trkpt lat="-27.001085" lon="-48.645055">
                <ele>3.9</ele>
            </trkpt>
            <trkpt lat="-27.001087" lon="-48.645052">
                <ele>4.1</ele>
            </trkpt>
            <trkpt lat="-27.001088" lon="-48.64505">
                <ele>4.2</ele>
            </trkpt>
            <trkpt lat="-27.00109" lon="-48.645045">
                <ele>4.5</ele>
            </trkpt>
            <trkpt lat="-27.001092" lon="-48.645043">
                <ele>4.6</ele>
            </trkpt>
            <trkpt lat="-27.001092" lon="-48.645043">
                <ele>4.6</ele>
            </trkpt>
            <trkpt lat="-27.001092" lon="-48.645043">
                <ele>4.6</ele>
            </trkpt>
            <trkpt lat="-27.001092" lon="-48.645043">
                <ele>4.6</ele>
            </trkpt>
            <trkpt lat="-27.001092" lon="-48.645043">
                <ele>4.6</ele>
            </trkpt>
            <trkpt lat="-27.001092" lon="-48.645043">
                <ele>4.6</ele>
            </trkpt>
            <trkpt lat="-27.001092" lon="-48.645043">
                <ele>4.6</ele>
            </trkpt>
            <trkpt lat="-27.001092" lon="-48.645043">
                <ele>4.6</ele>
            </trkpt>
            <trkpt lat="-27.001092" lon="-48.645043">
                <ele>4.6</ele>
            </trkpt>
            <trkpt lat="-27.001092" lon="-48.645043">
                <ele>4.6</ele>
            </trkpt>
            <trkpt lat="-27.001092" lon="-48.645043">
                <ele>4.6</ele>
            </trkpt>
            <trkpt lat="-27.001092" lon="-48.645043">
                <ele>4.6</ele>
            </trkpt>
            <trkpt lat="-27.001092" lon="-48.645043">
                <ele>4.6</ele>
            </trkpt>
            <trkpt lat="-27.001092" lon="-48.645043">
                <ele>4.6</ele>
            </trkpt>
            <trkpt lat="-27.001092" lon="-48.645043">
                <ele>4.6</ele>
            </trkpt>
            <trkpt lat="-27.001092" lon="-48.645043">
                <ele>4.6</ele>
            </trkpt>
            <trkpt lat="-27.001092" lon="-48.645043">
                <ele>4.6</ele>
            </trkpt>
            <trkpt lat="-27.001092" lon="-48.645043">
                <ele>4.6</ele>
            </trkpt>
            <trkpt lat="-27.001092" lon="-48.645043">
                <ele>4.6</ele>
            </trkpt>
            <trkpt lat="-27.001092" lon="-48.645043">
                <ele>4.6</ele>
            </trkpt>
            <trkpt lat="-27.001093" lon="-48.64503">
                <ele>8</ele>
            </trkpt>
            <trkpt lat="-27.001095" lon="-48.645035">
                <ele>7.7</ele>
            </trkpt>
            <trkpt lat="-27.001098" lon="-48.64504">
                <ele>7.5</ele>
            </trkpt>
            <trkpt lat="-27.001098" lon="-48.645047">
                <ele>7.4</ele>
            </trkpt>
            <trkpt lat="-27.001097" lon="-48.645052">
                <ele>7.4</ele>
            </trkpt>
            <trkpt lat="-27.001102" lon="-48.645058">
                <ele>7.5</ele>
            </trkpt>
            <trkpt lat="-27.001102" lon="-48.645058">
                <ele>7.5</ele>
            </trkpt>
            <trkpt lat="-27.001105" lon="-48.645055">
                <ele>7.7</ele>
            </trkpt>
            <trkpt lat="-27.001103" lon="-48.645057">
                <ele>7.8</ele>
            </trkpt>
            <trkpt lat="-27.001105" lon="-48.645058">
                <ele>7.8</ele>
            </trkpt>
            <trkpt lat="-27.001107" lon="-48.645058">
                <ele>7.8</ele>
            </trkpt>
            <trkpt lat="-27.001108" lon="-48.64506">
                <ele>7.8</ele>
            </trkpt>
            <trkpt lat="-27.001113" lon="-48.645062">
                <ele>7.8</ele>
            </trkpt>
            <trkpt lat="-27.001118" lon="-48.645072">
                <ele>7.8</ele>
            </trkpt>
            <trkpt lat="-27.00112" lon="-48.645078">
                <ele>8.2</ele>
            </trkpt>
            <trkpt lat="-27.001123" lon="-48.645087">
                <ele>8.5</ele>
            </trkpt>
            <trkpt lat="-27.001128" lon="-48.645095">
                <ele>8.5</ele>
            </trkpt>
            <trkpt lat="-27.001135" lon="-48.645098">
                <ele>8.6</ele>
            </trkpt>
            <trkpt lat="-27.001143" lon="-48.645093">
                <ele>8.7</ele>
            </trkpt>
            <trkpt lat="-27.001147" lon="-48.645088">
                <ele>8.7</ele>
            </trkpt>
            <trkpt lat="-27.001145" lon="-48.645085">
                <ele>9.1</ele>
            </trkpt>
            <trkpt lat="-27.001143" lon="-48.645082">
                <ele>9.1</ele>
            </trkpt>
            <trkpt lat="-27.00114" lon="-48.645077">
                <ele>9.2</ele>
            </trkpt>
            <trkpt lat="-27.001132" lon="-48.64507">
                <ele>9</ele>
            </trkpt>
            <trkpt lat="-27.001127" lon="-48.645065">
                <ele>8.4</ele>
            </trkpt>
            <trkpt lat="-27.001123" lon="-48.645062">
                <ele>7.8</ele>
            </trkpt>
            <trkpt lat="-27.001123" lon="-48.645063">
                <ele>7.6</ele>
            </trkpt>
            <trkpt lat="-27.001123" lon="-48.645067">
                <ele>7.5</ele>
            </trkpt>
            <trkpt lat="-27.001122" lon="-48.645067">
                <ele>7.1</ele>
            </trkpt>
            <trkpt lat="-27.00112" lon="-48.645065">
                <ele>6.7</ele>
            </trkpt>
            <trkpt lat="-27.00112" lon="-48.645067">
                <ele>6.2</ele>
            </trkpt>
            <trkpt lat="-27.001123" lon="-48.645072">
                <ele>6.1</ele>
            </trkpt>
            <trkpt lat="-27.001135" lon="-48.64508">
                <ele>6</ele>
            </trkpt>
            <trkpt lat="-27.001147" lon="-48.645083">
                <ele>5.9</ele>
            </trkpt>
            <trkpt lat="-27.001152" lon="-48.645083">
                <ele>5.7</ele>
            </trkpt>
            <trkpt lat="-27.001155" lon="-48.64508">
                <ele>5.8</ele>
            </trkpt>
            <trkpt lat="-27.001155" lon="-48.64508">
                <ele>5.8</ele>
            </trkpt>
            <trkpt lat="-27.001155" lon="-48.64508">
                <ele>5.8</ele>
            </trkpt>
            <trkpt lat="-27.001155" lon="-48.64508">
                <ele>5.8</ele>
            </trkpt>
            <trkpt lat="-27.001155" lon="-48.64508">
                <ele>5.8</ele>
            </trkpt>
            <trkpt lat="-27.001155" lon="-48.64508">
                <ele>5.8</ele>
            </trkpt>
            <trkpt lat="-27.001155" lon="-48.64508">
                <ele>5.8</ele>
            </trkpt>
            <trkpt lat="-27.001155" lon="-48.64508">
                <ele>5.8</ele>
            </trkpt>
            <trkpt lat="-27.001155" lon="-48.64508">
                <ele>5.8</ele>
            </trkpt>
            <trkpt lat="-27.001155" lon="-48.64508">
                <ele>5.8</ele>
            </trkpt>
            <trkpt lat="-27.001155" lon="-48.64508">
                <ele>5.8</ele>
            </trkpt>
            <trkpt lat="-27.001155" lon="-48.64508">
                <ele>5.8</ele>
            </trkpt>
            <trkpt lat="-27.001155" lon="-48.64508">
                <ele>5.8</ele>
            </trkpt>
            <trkpt lat="-27.001155" lon="-48.64508">
                <ele>5.8</ele>
            </trkpt>
            <trkpt lat="-27.001155" lon="-48.64508">
                <ele>5.8</ele>
            </trkpt>
            <trkpt lat="-27.001155" lon="-48.64508">
                <ele>5.8</ele>
            </trkpt>
            <trkpt lat="-27.001155" lon="-48.64508">
                <ele>5.8</ele>
            </trkpt>
            <trkpt lat="-27.001155" lon="-48.64508">
                <ele>5.8</ele>
            </trkpt>
            <trkpt lat="-27.001155" lon="-48.64508">
                <ele>5.8</ele>
            </trkpt>
            <trkpt lat="-27.001155" lon="-48.64508">
                <ele>5.8</ele>
            </trkpt>
            <trkpt lat="-27.001155" lon="-48.64508">
                <ele>5.8</ele>
            </trkpt>
            <trkpt lat="-27.001155" lon="-48.64508">
                <ele>5.8</ele>
            </trkpt>
            <trkpt lat="-27.001155" lon="-48.64508">
                <ele>5.8</ele>
            </trkpt>
            <trkpt lat="-27.001155" lon="-48.64508">
                <ele>5.8</ele>
            </trkpt>
            <trkpt lat="-27.001155" lon="-48.64508">
                <ele>5.8</ele>
            </trkpt>
            <trkpt lat="-27.001155" lon="-48.64508">
                <ele>5.8</ele>
            </trkpt>
            <trkpt lat="-27.001142" lon="-48.645077">
                <ele>5.6</ele>
            </trkpt>
            <trkpt lat="-27.001138" lon="-48.645068">
                <ele>5.6</ele>
            </trkpt>
            <trkpt lat="-27.001132" lon="-48.645058">
                <ele>5.7</ele>
            </trkpt>
            <trkpt lat="-27.001125" lon="-48.645047">
                <ele>5.7</ele>
            </trkpt>
            <trkpt lat="-27.001125" lon="-48.645043">
                <ele>5.6</ele>
            </trkpt>
            <trkpt lat="-27.001128" lon="-48.645042">
                <ele>5.6</ele>
            </trkpt>
            <trkpt lat="-27.00113" lon="-48.645043">
                <ele>5.6</ele>
            </trkpt>
            <trkpt lat="-27.00113" lon="-48.645043">
                <ele>5.6</ele>
            </trkpt>
            <trkpt lat="-27.00113" lon="-48.645043">
                <ele>5.6</ele>
            </trkpt>
            <trkpt lat="-27.00113" lon="-48.645043">
                <ele>5.6</ele>
            </trkpt>
            <trkpt lat="-27.00113" lon="-48.645043">
                <ele>5.6</ele>
            </trkpt>
            <trkpt lat="-27.001135" lon="-48.645042">
                <ele>5.8</ele>
            </trkpt>
            <trkpt lat="-27.001138" lon="-48.645045">
                <ele>5.8</ele>
            </trkpt>
            <trkpt lat="-27.00114" lon="-48.64505">
                <ele>5.8</ele>
            </trkpt>
            <trkpt lat="-27.001145" lon="-48.645057">
                <ele>5.9</ele>
            </trkpt>
            <trkpt lat="-27.001153" lon="-48.645063">
                <ele>6.2</ele>
            </trkpt>
            <trkpt lat="-27.001152" lon="-48.645063">
                <ele>6.8</ele>
            </trkpt>
            <trkpt lat="-27.001153" lon="-48.645062">
                <ele>6.9</ele>
            </trkpt>
            <trkpt lat="-27.001155" lon="-48.645065">
                <ele>6.4</ele>
            </trkpt>
            <trkpt lat="-27.001155" lon="-48.645065">
                <ele>6.4</ele>
            </trkpt>
            <trkpt lat="-27.001157" lon="-48.645063">
                <ele>6</ele>
            </trkpt>
            <trkpt lat="-27.001155" lon="-48.645067">
                <ele>6</ele>
            </trkpt>
            <trkpt lat="-27.001155" lon="-48.64507">
                <ele>6.2</ele>
            </trkpt>
            <trkpt lat="-27.001155" lon="-48.645073">
                <ele>6.1</ele>
            </trkpt>
            <trkpt lat="-27.001153" lon="-48.645077">
                <ele>6.1</ele>
            </trkpt>
            <trkpt lat="-27.001153" lon="-48.645077">
                <ele>6.1</ele>
            </trkpt>
            <trkpt lat="-27.001153" lon="-48.645077">
                <ele>6.1</ele>
            </trkpt>
            <trkpt lat="-27.001153" lon="-48.645077">
                <ele>6.1</ele>
            </trkpt>
            <trkpt lat="-27.001153" lon="-48.645077">
                <ele>6.1</ele>
            </trkpt>
            <trkpt lat="-27.001153" lon="-48.645077">
                <ele>6.1</ele>
            </trkpt>
            <trkpt lat="-27.001153" lon="-48.645077">
                <ele>6.1</ele>
            </trkpt>
            <trkpt lat="-27.001153" lon="-48.645077">
                <ele>6.1</ele>
            </trkpt>
            <trkpt lat="-27.001153" lon="-48.645077">
                <ele>6.1</ele>
            </trkpt>
            <trkpt lat="-27.001153" lon="-48.645077">
                <ele>6.1</ele>
            </trkpt>
            <trkpt lat="-27.001153" lon="-48.645077">
                <ele>6.1</ele>
            </trkpt>
            <trkpt lat="-27.001153" lon="-48.645077">
                <ele>6.1</ele>
            </trkpt>
            <trkpt lat="-27.001153" lon="-48.645077">
                <ele>6.1</ele>
            </trkpt>
            <trkpt lat="-27.001153" lon="-48.645077">
                <ele>6.1</ele>
            </trkpt>
            <trkpt lat="-27.001153" lon="-48.645077">
                <ele>6.1</ele>
            </trkpt>
            <trkpt lat="-27.001153" lon="-48.645077">
                <ele>6.1</ele>
            </trkpt>
            <trkpt lat="-27.001153" lon="-48.645077">
                <ele>6.1</ele>
            </trkpt>
            <trkpt lat="-27.001153" lon="-48.645077">
                <ele>6.1</ele>
            </trkpt>
            <trkpt lat="-27.001153" lon="-48.645077">
                <ele>6.1</ele>
            </trkpt>
            <trkpt lat="-27.001153" lon="-48.645077">
                <ele>6.1</ele>
            </trkpt>
            <trkpt lat="-27.001153" lon="-48.645077">
                <ele>6.1</ele>
            </trkpt>
            <trkpt lat="-27.001153" lon="-48.645077">
                <ele>6.1</ele>
            </trkpt>
            <trkpt lat="-27.001153" lon="-48.645077">
                <ele>6.1</ele>
            </trkpt>
            <trkpt lat="-27.001153" lon="-48.645077">
                <ele>6.1</ele>
            </trkpt>
            <trkpt lat="-27.001153" lon="-48.645077">
                <ele>6.1</ele>
            </trkpt>
            <trkpt lat="-27.001153" lon="-48.645077">
                <ele>6.1</ele>
            </trkpt>
            <trkpt lat="-27.001153" lon="-48.645077">
                <ele>6.1</ele>
            </trkpt>
            <trkpt lat="-27.001153" lon="-48.645077">
                <ele>6.1</ele>
            </trkpt>
            <trkpt lat="-27.001153" lon="-48.645077">
                <ele>6.1</ele>
            </trkpt>
            <trkpt lat="-27.001153" lon="-48.645077">
                <ele>6.1</ele>
            </trkpt>
            <trkpt lat="-27.001153" lon="-48.645077">
                <ele>6.1</ele>
            </trkpt>
            <trkpt lat="-27.001153" lon="-48.645077">
                <ele>6.1</ele>
            </trkpt>
            <trkpt lat="-27.001153" lon="-48.645077">
                <ele>6.1</ele>
            </trkpt>
            <trkpt lat="-27.001153" lon="-48.645077">
                <ele>6.1</ele>
            </trkpt>
            <trkpt lat="-27.00115" lon="-48.645082">
                <ele>4.9</ele>
            </trkpt>
            <trkpt lat="-27.001135" lon="-48.645068">
                <ele>4.7</ele>
            </trkpt>
            <trkpt lat="-27.00112" lon="-48.64506">
                <ele>4.5</ele>
            </trkpt>
            <trkpt lat="-27.00111" lon="-48.645055">
                <ele>4.4</ele>
            </trkpt>
            <trkpt lat="-27.001103" lon="-48.645057">
                <ele>4.5</ele>
            </trkpt>
            <trkpt lat="-27.0011" lon="-48.645058">
                <ele>4.6</ele>
            </trkpt>
            <trkpt lat="-27.001097" lon="-48.645062">
                <ele>4.6</ele>
            </trkpt>
            <trkpt lat="-27.001097" lon="-48.645062">
                <ele>4.5</ele>
            </trkpt>
            <trkpt lat="-27.001093" lon="-48.64506">
                <ele>4.2</ele>
            </trkpt>
            <trkpt lat="-27.001093" lon="-48.645058">
                <ele>4.2</ele>
            </trkpt>
            <trkpt lat="-27.001088" lon="-48.64506">
                <ele>4.1</ele>
            </trkpt>
            <trkpt lat="-27.001082" lon="-48.645068">
                <ele>4.2</ele>
            </trkpt>
            <trkpt lat="-27.001075" lon="-48.64508">
                <ele>4.3</ele>
            </trkpt>
            <trkpt lat="-27.001065" lon="-48.645095">
                <ele>4.3</ele>
            </trkpt>
            <trkpt lat="-27.00106" lon="-48.645108">
                <ele>4.2</ele>
            </trkpt>
            <trkpt lat="-27.001058" lon="-48.645118">
                <ele>4.1</ele>
            </trkpt>
            <trkpt lat="-27.001052" lon="-48.645118">
                <ele>4.2</ele>
            </trkpt>
            <trkpt lat="-27.001052" lon="-48.645115">
                <ele>4.3</ele>
            </trkpt>
            <trkpt lat="-27.001045" lon="-48.64511">
                <ele>4.7</ele>
            </trkpt>
            <trkpt lat="-27.001035" lon="-48.645103">
                <ele>4.9</ele>
            </trkpt>
            <trkpt lat="-27.001027" lon="-48.645107">
                <ele>5.1</ele>
            </trkpt>
            <trkpt lat="-27.001023" lon="-48.645117">
                <ele>5.5</ele>
            </trkpt>
            <trkpt lat="-27.001025" lon="-48.645128">
                <ele>5.7</ele>
            </trkpt>
            <trkpt lat="-27.001028" lon="-48.645132">
                <ele>5.6</ele>
            </trkpt>
            <trkpt lat="-27.001032" lon="-48.645133">
                <ele>5.7</ele>
            </trkpt>
            <trkpt lat="-27.001035" lon="-48.645132">
                <ele>5.5</ele>
            </trkpt>
            <trkpt lat="-27.001038" lon="-48.645132">
                <ele>5.4</ele>
            </trkpt>
            <trkpt lat="-27.001038" lon="-48.64513">
                <ele>5.1</ele>
            </trkpt>
            <trkpt lat="-27.001038" lon="-48.64513">
                <ele>5</ele>
            </trkpt>
            <trkpt lat="-27.001038" lon="-48.64513">
                <ele>4.9</ele>
            </trkpt>
            <trkpt lat="-27.001038" lon="-48.645128">
                <ele>4.7</ele>
            </trkpt>
            <trkpt lat="-27.001037" lon="-48.645127">
                <ele>4.6</ele>
            </trkpt>
            <trkpt lat="-27.001038" lon="-48.645125">
                <ele>4.5</ele>
            </trkpt>
            <trkpt lat="-27.001038" lon="-48.645125">
                <ele>4.5</ele>
            </trkpt>
            <trkpt lat="-27.001038" lon="-48.645125">
                <ele>4.5</ele>
            </trkpt>
            <trkpt lat="-27.001038" lon="-48.645118">
                <ele>4</ele>
            </trkpt>
            <trkpt lat="-27.001043" lon="-48.645112">
                <ele>3.6</ele>
            </trkpt>
            <trkpt lat="-27.001052" lon="-48.645103">
                <ele>3.2</ele>
            </trkpt>
            <trkpt lat="-27.001055" lon="-48.645097">
                <ele>2.8</ele>
            </trkpt>
            <trkpt lat="-27.001065" lon="-48.645092">
                <ele>2.7</ele>
            </trkpt>
            <trkpt lat="-27.001072" lon="-48.645083">
                <ele>2.8</ele>
            </trkpt>
            <trkpt lat="-27.001078" lon="-48.645072">
                <ele>3.4</ele>
            </trkpt>
            <trkpt lat="-27.001078" lon="-48.645072">
                <ele>3.4</ele>
            </trkpt>
            <trkpt lat="-27.001082" lon="-48.64506">
                <ele>3.7</ele>
            </trkpt>
            <trkpt lat="-27.001087" lon="-48.645053">
                <ele>4.2</ele>
            </trkpt>
            <trkpt lat="-27.00109" lon="-48.645048">
                <ele>4.3</ele>
            </trkpt>
            <trkpt lat="-27.001095" lon="-48.645045">
                <ele>4.5</ele>
            </trkpt>
            <trkpt lat="-27.0011" lon="-48.645037">
                <ele>4.7</ele>
            </trkpt>
            <trkpt lat="-27.001107" lon="-48.64503">
                <ele>5</ele>
            </trkpt>
            <trkpt lat="-27.00111" lon="-48.645028">
                <ele>5</ele>
            </trkpt>
            <trkpt lat="-27.001112" lon="-48.645025">
                <ele>5.2</ele>
            </trkpt>
            <trkpt lat="-27.001112" lon="-48.645022">
                <ele>5.3</ele>
            </trkpt>
            <trkpt lat="-27.001108" lon="-48.64502">
                <ele>5.5</ele>
            </trkpt>
            <trkpt lat="-27.001107" lon="-48.64502">
                <ele>5.4</ele>
            </trkpt>
            <trkpt lat="-27.001107" lon="-48.64502">
                <ele>5.6</ele>
            </trkpt>
            <trkpt lat="-27.001107" lon="-48.64502">
                <ele>5.7</ele>
            </trkpt>
            <trkpt lat="-27.001105" lon="-48.645018">
                <ele>5.6</ele>
            </trkpt>
            <trkpt lat="-27.001107" lon="-48.645018">
                <ele>5.4</ele>
            </trkpt>
            <trkpt lat="-27.001107" lon="-48.645018">
                <ele>5.4</ele>
            </trkpt>
            <trkpt lat="-27.001107" lon="-48.645018">
                <ele>5.4</ele>
            </trkpt>
            <trkpt lat="-27.001107" lon="-48.645018">
                <ele>5.4</ele>
            </trkpt>
            <trkpt lat="-27.001107" lon="-48.645018">
                <ele>5.4</ele>
            </trkpt>
            <trkpt lat="-27.001107" lon="-48.645018">
                <ele>5.4</ele>
            </trkpt>
            <trkpt lat="-27.001107" lon="-48.645018">
                <ele>5.4</ele>
            </trkpt>
            <trkpt lat="-27.001107" lon="-48.645018">
                <ele>5.4</ele>
            </trkpt>
            <trkpt lat="-27.001093" lon="-48.645035">
                <ele>4.9</ele>
            </trkpt>
            <trkpt lat="-27.00109" lon="-48.64504">
                <ele>4.9</ele>
            </trkpt>
            <trkpt lat="-27.001088" lon="-48.645045">
                <ele>4.9</ele>
            </trkpt>
            <trkpt lat="-27.00109" lon="-48.645038">
                <ele>4.6</ele>
            </trkpt>
            <trkpt lat="-27.001097" lon="-48.645027">
                <ele>4.6</ele>
            </trkpt>
            <trkpt lat="-27.001102" lon="-48.645015">
                <ele>4.6</ele>
            </trkpt>
            <trkpt lat="-27.001105" lon="-48.645008">
                <ele>4.4</ele>
            </trkpt>
            <trkpt lat="-27.001103" lon="-48.645003">
                <ele>3.7</ele>
            </trkpt>
            <trkpt lat="-27.0011" lon="-48.645">
                <ele>3.5</ele>
            </trkpt>
            <trkpt lat="-27.001098" lon="-48.645">
                <ele>3.3</ele>
            </trkpt>
            <trkpt lat="-27.0011" lon="-48.645">
                <ele>3.5</ele>
            </trkpt>
            <trkpt lat="-27.001095" lon="-48.645005">
                <ele>3.4</ele>
            </trkpt>
            <trkpt lat="-27.001088" lon="-48.645018">
                <ele>3.7</ele>
            </trkpt>
            <trkpt lat="-27.001078" lon="-48.645035">
                <ele>3.4</ele>
            </trkpt>
            <trkpt lat="-27.001067" lon="-48.645057">
                <ele>3.8</ele>
            </trkpt>
            <trkpt lat="-27.001055" lon="-48.64508">
                <ele>4.1</ele>
            </trkpt>
            <trkpt lat="-27.001038" lon="-48.645107">
                <ele>4.6</ele>
            </trkpt>
            <trkpt lat="-27.001023" lon="-48.645137">
                <ele>4.7</ele>
            </trkpt>
            <trkpt lat="-27.001007" lon="-48.645165">
                <ele>4.7</ele>
            </trkpt>
            <trkpt lat="-27.000992" lon="-48.645195">
                <ele>4.7</ele>
            </trkpt>
            <trkpt lat="-27.000977" lon="-48.645227">
                <ele>4.6</ele>
            </trkpt>
            <trkpt lat="-27.000957" lon="-48.64526">
                <ele>4.8</ele>
            </trkpt>
            <trkpt lat="-27.000938" lon="-48.645293">
                <ele>4.8</ele>
            </trkpt>
            <trkpt lat="-27.00092" lon="-48.645332">
                <ele>4.8</ele>
            </trkpt>
            <trkpt lat="-27.000903" lon="-48.645367">
                <ele>4.8</ele>
            </trkpt>
            <trkpt lat="-27.000888" lon="-48.645398">
                <ele>4.8</ele>
            </trkpt>
            <trkpt lat="-27.000878" lon="-48.645432">
                <ele>5</ele>
            </trkpt>
            <trkpt lat="-27.000867" lon="-48.645467">
                <ele>6</ele>
            </trkpt>
            <trkpt lat="-27.000858" lon="-48.645497">
                <ele>6.4</ele>
            </trkpt>
            <trkpt lat="-27.000853" lon="-48.645523">
                <ele>6.5</ele>
            </trkpt>
            <trkpt lat="-27.000843" lon="-48.64555">
                <ele>5.6</ele>
            </trkpt>
            <trkpt lat="-27.000837" lon="-48.645582">
                <ele>5.7</ele>
            </trkpt>
            <trkpt lat="-27.000832" lon="-48.645613">
                <ele>5.7</ele>
            </trkpt>
            <trkpt lat="-27.000827" lon="-48.645642">
                <ele>5.4</ele>
            </trkpt>
            <trkpt lat="-27.000825" lon="-48.645673">
                <ele>5.2</ele>
            </trkpt>
            <trkpt lat="-27.00082" lon="-48.645702">
                <ele>4.9</ele>
            </trkpt>
            <trkpt lat="-27.000815" lon="-48.645732">
                <ele>5.1</ele>
            </trkpt>
            <trkpt lat="-27.000812" lon="-48.645758">
                <ele>5.4</ele>
            </trkpt>
            <trkpt lat="-27.00081" lon="-48.645787">
                <ele>5.7</ele>
            </trkpt>
            <trkpt lat="-27.000808" lon="-48.645808">
                <ele>6.2</ele>
            </trkpt>
            <trkpt lat="-27.000805" lon="-48.645833">
                <ele>6.3</ele>
            </trkpt>
            <trkpt lat="-27.000802" lon="-48.645847">
                <ele>6</ele>
            </trkpt>
            <trkpt lat="-27.0008" lon="-48.645845">
                <ele>5.9</ele>
            </trkpt>
            <trkpt lat="-27.0008" lon="-48.645845">
                <ele>5.7</ele>
            </trkpt>
            <trkpt lat="-27.000803" lon="-48.645845">
                <ele>5.6</ele>
            </trkpt>
            <trkpt lat="-27.000803" lon="-48.645845">
                <ele>5.5</ele>
            </trkpt>
            <trkpt lat="-27.000802" lon="-48.645847">
                <ele>5.5</ele>
            </trkpt>
            <trkpt lat="-27.000797" lon="-48.645848">
                <ele>5.5</ele>
            </trkpt>
            <trkpt lat="-27.00079" lon="-48.645852">
                <ele>5.7</ele>
            </trkpt>
            <trkpt lat="-27.00078" lon="-48.645853">
                <ele>5.5</ele>
            </trkpt>
            <trkpt lat="-27.000765" lon="-48.64585">
                <ele>5.2</ele>
            </trkpt>
            <trkpt lat="-27.000747" lon="-48.645848">
                <ele>4.8</ele>
            </trkpt>
            <trkpt lat="-27.000725" lon="-48.645845">
                <ele>4.4</ele>
            </trkpt>
            <trkpt lat="-27.00071" lon="-48.645843">
                <ele>4.3</ele>
            </trkpt>
            <trkpt lat="-27.000702" lon="-48.645842">
                <ele>4</ele>
            </trkpt>
            <trkpt lat="-27.0007" lon="-48.645843">
                <ele>4.1</ele>
            </trkpt>
            <trkpt lat="-27.000702" lon="-48.645845">
                <ele>3.8</ele>
            </trkpt>
            <trkpt lat="-27.000702" lon="-48.645847">
                <ele>3.7</ele>
            </trkpt>
            <trkpt lat="-27.000705" lon="-48.645848">
                <ele>3.7</ele>
            </trkpt>
            <trkpt lat="-27.000707" lon="-48.645852">
                <ele>3.6</ele>
            </trkpt>
            <trkpt lat="-27.000708" lon="-48.645855">
                <ele>3.7</ele>
            </trkpt>
            <trkpt lat="-27.00071" lon="-48.645855">
                <ele>3.5</ele>
            </trkpt>
            <trkpt lat="-27.000712" lon="-48.645857">
                <ele>3.5</ele>
            </trkpt>
            <trkpt lat="-27.00071" lon="-48.645855">
                <ele>3.5</ele>
            </trkpt>
            <trkpt lat="-27.00071" lon="-48.645855">
                <ele>3.5</ele>
            </trkpt>
            <trkpt lat="-27.000707" lon="-48.645848">
                <ele>3.9</ele>
            </trkpt>
            <trkpt lat="-27.000707" lon="-48.645843">
                <ele>4.3</ele>
            </trkpt>
            <trkpt lat="-27.000708" lon="-48.645842">
                <ele>4.5</ele>
            </trkpt>
            <trkpt lat="-27.000708" lon="-48.645842">
                <ele>4.7</ele>
            </trkpt>
            <trkpt lat="-27.000708" lon="-48.645842">
                <ele>4.7</ele>
            </trkpt>
            <trkpt lat="-27.000708" lon="-48.645842">
                <ele>4.7</ele>
            </trkpt>
            <trkpt lat="-27.000708" lon="-48.645842">
                <ele>4.7</ele>
            </trkpt>
            <trkpt lat="-27.000708" lon="-48.645842">
                <ele>4.7</ele>
            </trkpt>
            <trkpt lat="-27.000708" lon="-48.645842">
                <ele>4.7</ele>
            </trkpt>
            <trkpt lat="-27.000708" lon="-48.645842">
                <ele>4.7</ele>
            </trkpt>
            <trkpt lat="-27.000708" lon="-48.645842">
                <ele>4.7</ele>
            </trkpt>
            <trkpt lat="-27.000708" lon="-48.645842">
                <ele>4.7</ele>
            </trkpt>
            <trkpt lat="-27.000708" lon="-48.645842">
                <ele>4.7</ele>
            </trkpt>
            <trkpt lat="-27.000708" lon="-48.645842">
                <ele>4.7</ele>
            </trkpt>
            <trkpt lat="-27.000708" lon="-48.645842">
                <ele>4.7</ele>
            </trkpt>
            <trkpt lat="-27.000708" lon="-48.645842">
                <ele>4.7</ele>
            </trkpt>
            <trkpt lat="-27.000708" lon="-48.645842">
                <ele>4.7</ele>
            </trkpt>
            <trkpt lat="-27.000708" lon="-48.645842">
                <ele>4.7</ele>
            </trkpt>
            <trkpt lat="-27.000708" lon="-48.645842">
                <ele>4.7</ele>
            </trkpt>
            <trkpt lat="-27.000708" lon="-48.645842">
                <ele>4.7</ele>
            </trkpt>
            <trkpt lat="-27.000708" lon="-48.645842">
                <ele>4.7</ele>
            </trkpt>
            <trkpt lat="-27.000708" lon="-48.645842">
                <ele>4.7</ele>
            </trkpt>
            <trkpt lat="-27.000708" lon="-48.645842">
                <ele>4.7</ele>
            </trkpt>
            <trkpt lat="-27.000708" lon="-48.645842">
                <ele>4.7</ele>
            </trkpt>
            <trkpt lat="-27.000708" lon="-48.645842">
                <ele>4.7</ele>
            </trkpt>
            <trkpt lat="-27.000708" lon="-48.645842">
                <ele>4.7</ele>
            </trkpt>
            <trkpt lat="-27.000708" lon="-48.645842">
                <ele>4.7</ele>
            </trkpt>
            <trkpt lat="-27.000708" lon="-48.645842">
                <ele>4.7</ele>
            </trkpt>
            <trkpt lat="-27.000708" lon="-48.645842">
                <ele>4.7</ele>
            </trkpt>
            <trkpt lat="-27.000708" lon="-48.645842">
                <ele>4.7</ele>
            </trkpt>
            <trkpt lat="-27.000708" lon="-48.645842">
                <ele>4.7</ele>
            </trkpt>
            <trkpt lat="-27.000708" lon="-48.645842">
                <ele>4.7</ele>
            </trkpt>
            <trkpt lat="-27.000708" lon="-48.645842">
                <ele>4.7</ele>
            </trkpt>
            <trkpt lat="-27.000708" lon="-48.645842">
                <ele>4.7</ele>
            </trkpt>
            <trkpt lat="-27.000708" lon="-48.645842">
                <ele>4.7</ele>
            </trkpt>
            <trkpt lat="-27.000708" lon="-48.645842">
                <ele>4.7</ele>
            </trkpt>
            <trkpt lat="-27.000708" lon="-48.645842">
                <ele>4.7</ele>
            </trkpt>
            <trkpt lat="-27.000708" lon="-48.645842">
                <ele>4.7</ele>
            </trkpt>
            <trkpt lat="-27.000708" lon="-48.645842">
                <ele>4.7</ele>
            </trkpt>
            <trkpt lat="-27.000708" lon="-48.645842">
                <ele>4.7</ele>
            </trkpt>
            <trkpt lat="-27.000708" lon="-48.645842">
                <ele>4.7</ele>
            </trkpt>
            <trkpt lat="-27.000708" lon="-48.645842">
                <ele>4.7</ele>
            </trkpt>
            <trkpt lat="-27.000708" lon="-48.645842">
                <ele>4.7</ele>
            </trkpt>
            <trkpt lat="-27.000708" lon="-48.645842">
                <ele>4.7</ele>
            </trkpt>
            <trkpt lat="-27.000708" lon="-48.645842">
                <ele>4.7</ele>
            </trkpt>
            <trkpt lat="-27.000708" lon="-48.645842">
                <ele>4.7</ele>
            </trkpt>
            <trkpt lat="-27.000708" lon="-48.645842">
                <ele>4.7</ele>
            </trkpt>
            <trkpt lat="-27.000708" lon="-48.645842">
                <ele>4.7</ele>
            </trkpt>
            <trkpt lat="-27.000708" lon="-48.645842">
                <ele>4.7</ele>
            </trkpt>
            <trkpt lat="-27.000708" lon="-48.645842">
                <ele>4.7</ele>
            </trkpt>
            <trkpt lat="-27.000708" lon="-48.645842">
                <ele>4.7</ele>
            </trkpt>
            <trkpt lat="-27.000708" lon="-48.645842">
                <ele>4.7</ele>
            </trkpt>
            <trkpt lat="-27.000708" lon="-48.645842">
                <ele>4.7</ele>
            </trkpt>
            <trkpt lat="-27.000708" lon="-48.645842">
                <ele>4.7</ele>
            </trkpt>
            <trkpt lat="-27.000708" lon="-48.645842">
                <ele>4.7</ele>
            </trkpt>
            <trkpt lat="-27.000708" lon="-48.645842">
                <ele>4.7</ele>
            </trkpt>
            <trkpt lat="-27.000708" lon="-48.645842">
                <ele>4.7</ele>
            </trkpt>
            <trkpt lat="-27.000708" lon="-48.645842">
                <ele>4.7</ele>
            </trkpt>
            <trkpt lat="-27.000708" lon="-48.645842">
                <ele>4.7</ele>
            </trkpt>
            <trkpt lat="-27.000708" lon="-48.645842">
                <ele>4.7</ele>
            </trkpt>
            <trkpt lat="-27.000708" lon="-48.645842">
                <ele>4.7</ele>
            </trkpt>
            <trkpt lat="-27.000708" lon="-48.645842">
                <ele>4.7</ele>
            </trkpt>
            <trkpt lat="-27.000708" lon="-48.645842">
                <ele>4.7</ele>
            </trkpt>
            <trkpt lat="-27.000708" lon="-48.645842">
                <ele>4.7</ele>
            </trkpt>
            <trkpt lat="-27.000708" lon="-48.645842">
                <ele>4.7</ele>
            </trkpt>
            <trkpt lat="-27.000708" lon="-48.645842">
                <ele>4.7</ele>
            </trkpt>
            <trkpt lat="-27.000708" lon="-48.645842">
                <ele>4.7</ele>
            </trkpt>
            <trkpt lat="-27.000708" lon="-48.645842">
                <ele>4.7</ele>
            </trkpt>
            <trkpt lat="-27.000708" lon="-48.645842">
                <ele>4.7</ele>
            </trkpt>
            <trkpt lat="-27.000708" lon="-48.645842">
                <ele>4.7</ele>
            </trkpt>
            <trkpt lat="-27.000708" lon="-48.645842">
                <ele>4.7</ele>
            </trkpt>
            <trkpt lat="-27.000708" lon="-48.645842">
                <ele>4.7</ele>
            </trkpt>
            <trkpt lat="-27.000708" lon="-48.645842">
                <ele>4.7</ele>
            </trkpt>
            <trkpt lat="-27.000708" lon="-48.645842">
                <ele>4.7</ele>
            </trkpt>
            <trkpt lat="-27.000708" lon="-48.645842">
                <ele>4.7</ele>
            </trkpt>
            <trkpt lat="-27.000708" lon="-48.645842">
                <ele>4.7</ele>
            </trkpt>
        </trkseg>
    </trk>
</gpx>