<?xml version="1.0" encoding="UTF-8"?>
<gpx xmlns="http://www.topografix.com/GPX/1/1" version="1.1" creator="@dwayneparton/geojson-to-gpx"><wpt lat="-27.028808333333338" lon="-48.61118666666666"><ele>11.9</ele><name>1 faixa</name></wpt><wpt lat="-27.031613333333333" lon="-48.607048333333324"><ele>14.7</ele><name>24</name></wpt><wpt lat="-27.031613333333333" lon="-48.607048333333324"><ele>14.7</ele><name>198</name></wpt><wpt lat="-27.029228333333336" lon="-48.61108333333333"><ele>6.5</ele><name>200</name></wpt><wpt lat="-27.031573333333334" lon="-48.60702333333334"><ele>13.4</ele><name>370</name></wpt><wpt lat="-27.02921666666667" lon="-48.611085"><ele>5.699999999999999</ele><name>600</name></wpt><wpt lat="-27.029228333333336" lon="-48.61108333333333"><ele>6.5</ele><name>815</name></wpt><wpt lat="-27.031613333333333" lon="-48.607048333333324"><ele>14.7</ele><name>828</name></wpt><wpt lat="-27.031671666666664" lon="-48.605819999999994"><ele>4.9</ele><name>A ciclo é completamente reta.</name></wpt><wpt lat="-27.031671666666664" lon="-48.605819999999994"><ele>4.9</ele><name>A pintura está boa, COMPLETA e visível</name></wpt><wpt lat="-27.028808333333338" lon="-48.61118666666666"><ele>11.9</ele><name>Apenas faixas vermelhas nas bordas</name></wpt><wpt lat="-27.028808333333338" lon="-48.61118833333333"><ele>12.299999999999999</ele><name>Apenas faixas vermelhas nas bordas, com travessias pintadas nos cruzamentos</name></wpt><wpt lat="-27.031613333333333" lon="-48.607048333333324"><ele>14.7</ele><name>Área de amortecimento da ciclo (cm)</name></wpt><wpt lat="-27.029228333333336" lon="-48.61108333333333"><ele>6.5</ele><name>Área transitável da ciclo (cm)</name></wpt><wpt lat="-27.031595" lon="-48.60702500000001"><ele>13.4</ele><name>Área transitável da ciclo (cm)</name></wpt><wpt lat="-27.028808333333338" lon="-48.61118666666666"><ele>11.9</ele><name>Asfalto</name></wpt><wpt lat="-27.02876666666667" lon="-48.61121833333333"><ele>4.800000000000001</ele><name>Ausência de conexão entre ciclos.</name></wpt><wpt lat="-27.028820000000003" lon="-48.61119999999999"><ele>12.4</ele><name>Bidirecional</name></wpt><wpt lat="-27.031671666666664" lon="-48.605819999999994"><ele>4.9</ele><name>Bom estado</name></wpt><wpt lat="-27.02986166666667" lon="-48.61088500000001"><ele>9.2</ele><name>Bueiro</name></wpt><wpt lat="-27.031135000000003" lon="-48.60974833333333"><ele>16.400000000000002</ele><name>Bueiro</name></wpt><wpt lat="-27.029986666666666" lon="-48.610708333333335"><ele>10.5</ele><name>Buraco</name></wpt><wpt lat="-27.031025" lon="-48.60997833333332"><ele>11.799999999999999</ele><name>Buraco</name></wpt><wpt lat="-27.028818333333334" lon="-48.611196666666665"><ele>12.5</ele><name>Ciclofaixa</name></wpt><wpt lat="-27.031633333333335" lon="-48.60641666666667"><ele>6</ele><name>Cruzamento perigoso. EXPLIQUE.</name></wpt><wpt lat="-27.031634317504288" lon="-48.60641643404961"><name>Cruzamento sobre semirótula, sem sinalização</name></wpt><wpt lat="-27.031566" lon="-48.607288"><name>Estacionamento dedicado de um lado, segregado da circulação</name></wpt><wpt lat="-27.031547" lon="-48.607343"><name>Estacionamento dedicado de um lado, segregado da circulação (DESTE TRECHO EM DIANTE)</name></wpt><wpt lat="-27.028808333333338" lon="-48.61118666666666"><ele>11.9</ele><name>Estacionamento proibido na via</name></wpt><wpt lat="-27.02891" lon="-48.611117"><name>Estacionamento proibido na via (NESTE TRECHO)</name></wpt><wpt lat="-27.02921666666667" lon="-48.611085"><ele>5.699999999999999</ele><name>Faixa de carros logo ao lado da ciclo (cm)</name></wpt><wpt lat="-27.031574999999997" lon="-48.60702666666666"><ele>13.4</ele><name>Faixa de carros logo ao lado da ciclo (cm)</name></wpt><wpt lat="-27.02876666666667" lon="-48.61121"><ele>5.300000000000001</ele><name>Foto</name></wpt><wpt lat="-27.028836666666667" lon="-48.611124999999994"><ele>5.2</ele><name>Foto</name></wpt><wpt lat="-27.028895000000002" lon="-48.61110833333334"><ele>6.300000000000001</ele><name>Foto</name></wpt><wpt lat="-27.029478333333333" lon="-48.61113"><ele>12.2</ele><name>Foto</name></wpt><wpt lat="-27.029228333333336" lon="-48.61108333333333"><ele>6.5</ele><name>Foto</name></wpt><wpt lat="-27.029865000000004" lon="-48.610890000000005"><ele>9.4</ele><name>Foto</name></wpt><wpt lat="-27.029986666666666" lon="-48.610708333333335"><ele>10.5</ele><name>Foto</name></wpt><wpt lat="-27.030079999999998" lon="-48.610609999999994"><ele>6</ele><name>Foto</name></wpt><wpt lat="-27.03101333333333" lon="-48.609975"><ele>11.9</ele><name>Foto</name></wpt><wpt lat="-27.030988333333333" lon="-48.609986666666664"><ele>12.5</ele><name>Foto</name></wpt><wpt lat="-27.03110333333333" lon="-48.60977"><ele>13.5</ele><name>Foto</name></wpt><wpt lat="-27.031183333333335" lon="-48.609608333333334"><ele>16.400000000000002</ele><name>Foto</name></wpt><wpt lat="-27.031448333333334" lon="-48.608935"><ele>6.800000000000001</ele><name>Foto</name></wpt><wpt lat="-27.031436666666664" lon="-48.60886666666667"><ele>4.7</ele><name>Foto</name></wpt><wpt lat="-27.03149166666667" lon="-48.608305"><ele>8.1</ele><name>Foto</name></wpt><wpt lat="-27.031538333333334" lon="-48.607695"><ele>6.4</ele><name>Foto</name></wpt><wpt lat="-27.031536666666664" lon="-48.607458333333334"><ele>6.6</ele><name>Foto</name></wpt><wpt lat="-27.03155166666666" lon="-48.60705500000001"><ele>10.4</ele><name>Foto</name></wpt><wpt lat="-27.031660000000002" lon="-48.60643166666667"><ele>6.300000000000001</ele><name>Foto</name></wpt><wpt lat="-27.031630000000003" lon="-48.606185"><ele>9.2</ele><name>Foto</name></wpt><wpt lat="-27.031671666666664" lon="-48.605819999999994"><ele>4.9</ele><name>Iluminação geral na via do mesmo lado da estrutura</name></wpt><wpt lat="-27.028868333333335" lon="-48.611113333333336"><ele>5.800000000000001</ele><name>Lombadas físicas</name></wpt><wpt lat="-27.030079999999998" lon="-48.610609999999994"><ele>6</ele><name>Lombadas físicas</name></wpt><wpt lat="-27.03143" lon="-48.608918333333335"><ele>4.4</ele><name>Lombadas físicas</name></wpt><wpt lat="-27.031528333333334" lon="-48.60742833333334"><ele>3.5</ele><name>Lombadas físicas</name></wpt><wpt lat="-27.028816666666664" lon="-48.611194999999995"><ele>12</ele><name>Mão Única</name></wpt><wpt lat="-27.031671666666664" lon="-48.605819999999994"><ele>4.9</ele><name>Não há árvores nem mudas</name></wpt><wpt lat="-27.028815" lon="-48.61119833333334"><ele>12.2</ele><name>No bordo esquerdo de Via de Mão Única</name></wpt><wpt lat="-27.03120666666667" lon="-48.60960166666667"><ele>13</ele><name>Em cruzamento BOA condição</name></wpt><wpt lat="-27.031435000000002" lon="-48.60886333333333"><ele>4.6</ele><name>Em cruzamento BOA condição</name></wpt><wpt lat="-27.031495000000003" lon="-48.608305"><ele>7.800000000000001</ele><name>Em cruzamento BOA condição</name></wpt><wpt lat="-27.03156" lon="-48.607690000000005"><ele>6</ele><name>Em cruzamento BOA condição</name></wpt><wpt lat="-27.031571666666665" lon="-48.607079999999996"><ele>8.9</ele><name>Em cruzamento MÁ condição</name></wpt><wpt lat="-27.031611666666663" lon="-48.60703166666667"><ele>18.1</ele><name>R3m0v3r Largura 🗑️</name></wpt><wpt lat="-27.031671666666664" lon="-48.605819999999994"><ele>4.9</ele><name>SE CICLOFAIXA: para invadir a ciclo parte do automóvel passa obrigatoriamente por cima de segregadores</name></wpt><wpt lat="-27.031646666666667" lon="-48.606435"><ele>6.300000000000001</ele><name>SEM pintura no cruzamento</name></wpt><wpt lat="-27.028808333333338" lon="-48.61118666666666"><ele>11.9</ele><name>Tachões</name></wpt><wpt lat="-27.029228333333336" lon="-48.61108333333333"><ele>6.5</ele><name>Total da via (incluindo a ciclo) (cm)</name></wpt><wpt lat="-27.031613333333333" lon="-48.607048333333324"><ele>14.7</ele><name>Total da via (incluindo a ciclo) (cm)</name></wpt><wpt lat="-27.031714314625553" lon="-48.60601946711541"><name>Últimos 50 m: muda o sentido da via (fluxo contrário)</name></wpt><trk><name>Ciclofaixa R. José Honorato da Silva - BC</name><trkseg><trkpt lat="-27.02693" lon="-48.611556666666665"><ele>49.9</ele></trkpt><trkpt lat="-27.027255" lon="-48.61145666666666"><ele>39.800000000000004</ele></trkpt><trkpt lat="-27.027341666666665" lon="-48.611756666666665"><ele>15.2</ele></trkpt><trkpt lat="-27.028626666666664" lon="-48.611709999999995"><ele>15.6</ele></trkpt><trkpt lat="-27.028688333333335" lon="-48.61169333333334"><ele>15.299999999999999</ele></trkpt><trkpt lat="-27.028781666666667" lon="-48.61142666666667"><ele>15.799999999999999</ele></trkpt><trkpt lat="-27.02879666666667" lon="-48.611329999999995"><ele>15.4</ele></trkpt><trkpt lat="-27.028793333333336" lon="-48.611296666666675"><ele>14.9</ele></trkpt><trkpt lat="-27.028815" lon="-48.61122333333333"><ele>14.299999999999999</ele></trkpt><trkpt lat="-27.02881166666667" lon="-48.61121"><ele>13.4</ele></trkpt><trkpt lat="-27.02881166666667" lon="-48.611214999999994"><ele>13</ele></trkpt><trkpt lat="-27.028818333333334" lon="-48.611196666666665"><ele>12.5</ele></trkpt><trkpt lat="-27.028818333333334" lon="-48.611196666666665"><ele>12.5</ele></trkpt><trkpt lat="-27.028820000000003" lon="-48.61119999999999"><ele>12.4</ele></trkpt><trkpt lat="-27.028820000000003" lon="-48.61119999999999"><ele>12.4</ele></trkpt><trkpt lat="-27.028818333333334" lon="-48.61119833333334"><ele>12.4</ele></trkpt><trkpt lat="-27.028818333333334" lon="-48.61119833333334"><ele>12.299999999999999</ele></trkpt><trkpt lat="-27.028816666666664" lon="-48.61119833333334"><ele>12.299999999999999</ele></trkpt><trkpt lat="-27.028816666666664" lon="-48.61119833333334"><ele>12.299999999999999</ele></trkpt><trkpt lat="-27.028816666666664" lon="-48.611196666666665"><ele>12.299999999999999</ele></trkpt><trkpt lat="-27.028815" lon="-48.61119833333334"><ele>12.2</ele></trkpt><trkpt lat="-27.028815" lon="-48.61119833333334"><ele>12.2</ele></trkpt><trkpt lat="-27.028815" lon="-48.61119833333334"><ele>12.2</ele></trkpt><trkpt lat="-27.028816666666664" lon="-48.611196666666665"><ele>12.1</ele></trkpt><trkpt lat="-27.028816666666664" lon="-48.611194999999995"><ele>12</ele></trkpt><trkpt lat="-27.028816666666664" lon="-48.611194999999995"><ele>12</ele></trkpt><trkpt lat="-27.028816666666664" lon="-48.611194999999995"><ele>12</ele></trkpt><trkpt lat="-27.028816666666664" lon="-48.611193333333325"><ele>12</ele></trkpt><trkpt lat="-27.028815" lon="-48.611193333333325"><ele>12.1</ele></trkpt><trkpt lat="-27.028816666666664" lon="-48.61119166666667"><ele>12.1</ele></trkpt><trkpt lat="-27.028815" lon="-48.61119166666667"><ele>12.2</ele></trkpt><trkpt lat="-27.028813333333332" lon="-48.61119166666667"><ele>12.2</ele></trkpt><trkpt lat="-27.028813333333332" lon="-48.61119166666667"><ele>12.2</ele></trkpt><trkpt lat="-27.02881166666667" lon="-48.61119166666667"><ele>12.299999999999999</ele></trkpt><trkpt lat="-27.02881" lon="-48.61119166666667"><ele>12.299999999999999</ele></trkpt><trkpt lat="-27.028808333333338" lon="-48.61119"><ele>12.299999999999999</ele></trkpt><trkpt lat="-27.028808333333338" lon="-48.61118833333333"><ele>12.299999999999999</ele></trkpt><trkpt lat="-27.028808333333338" lon="-48.61118833333333"><ele>12.299999999999999</ele></trkpt><trkpt lat="-27.028808333333338" lon="-48.61118666666666"><ele>12.1</ele></trkpt><trkpt lat="-27.028808333333338" lon="-48.61118666666666"><ele>11.9</ele></trkpt><trkpt lat="-27.028808333333338" lon="-48.61118666666666"><ele>11.9</ele></trkpt><trkpt lat="-27.028808333333338" lon="-48.61118666666666"><ele>11.9</ele></trkpt><trkpt lat="-27.028808333333338" lon="-48.61118666666666"><ele>11.9</ele></trkpt><trkpt lat="-27.028808333333338" lon="-48.61118666666666"><ele>11.9</ele></trkpt><trkpt lat="-27.028808333333338" lon="-48.61118666666666"><ele>11.9</ele></trkpt><trkpt lat="-27.028808333333338" lon="-48.61118666666666"><ele>11.9</ele></trkpt><trkpt lat="-27.028808333333338" lon="-48.61118666666666"><ele>11.9</ele></trkpt><trkpt lat="-27.028808333333338" lon="-48.61118666666666"><ele>11.9</ele></trkpt><trkpt lat="-27.028808333333338" lon="-48.61118666666666"><ele>11.9</ele></trkpt><trkpt lat="-27.028808333333338" lon="-48.61118666666666"><ele>11.9</ele></trkpt><trkpt lat="-27.028808333333338" lon="-48.61118666666666"><ele>11.9</ele></trkpt><trkpt lat="-27.028808333333338" lon="-48.61118666666666"><ele>11.9</ele></trkpt><trkpt lat="-27.028808333333338" lon="-48.61118666666666"><ele>11.9</ele></trkpt><trkpt lat="-27.028808333333338" lon="-48.61118666666666"><ele>11.9</ele></trkpt><trkpt lat="-27.028808333333338" lon="-48.61118666666666"><ele>11.9</ele></trkpt><trkpt lat="-27.028808333333338" lon="-48.61118666666666"><ele>11.9</ele></trkpt><trkpt lat="-27.028808333333338" lon="-48.61118666666666"><ele>11.9</ele></trkpt><trkpt lat="-27.028808333333338" lon="-48.61118666666666"><ele>11.9</ele></trkpt><trkpt lat="-27.028808333333338" lon="-48.61118666666666"><ele>11.9</ele></trkpt><trkpt lat="-27.028808333333338" lon="-48.61118666666666"><ele>11.9</ele></trkpt><trkpt lat="-27.028808333333338" lon="-48.61118666666666"><ele>11.9</ele></trkpt><trkpt lat="-27.028808333333338" lon="-48.61118666666666"><ele>11.9</ele></trkpt><trkpt lat="-27.028808333333338" lon="-48.61118666666666"><ele>11.9</ele></trkpt><trkpt lat="-27.028808333333338" lon="-48.61118666666666"><ele>11.9</ele></trkpt><trkpt lat="-27.028808333333338" lon="-48.61118666666666"><ele>11.9</ele></trkpt><trkpt lat="-27.028808333333338" lon="-48.61118666666666"><ele>11.9</ele></trkpt><trkpt lat="-27.028808333333338" lon="-48.61118666666666"><ele>11.9</ele></trkpt><trkpt lat="-27.028808333333338" lon="-48.61118666666666"><ele>11.9</ele></trkpt><trkpt lat="-27.028808333333338" lon="-48.61118666666666"><ele>11.9</ele></trkpt><trkpt lat="-27.028808333333338" lon="-48.61118666666666"><ele>11.9</ele></trkpt><trkpt lat="-27.028808333333338" lon="-48.61118666666666"><ele>11.9</ele></trkpt><trkpt lat="-27.028808333333338" lon="-48.61118666666666"><ele>11.9</ele></trkpt><trkpt lat="-27.028808333333338" lon="-48.61118666666666"><ele>11.9</ele></trkpt><trkpt lat="-27.028808333333338" lon="-48.61118666666666"><ele>11.9</ele></trkpt><trkpt lat="-27.028808333333338" lon="-48.61118666666666"><ele>11.9</ele></trkpt><trkpt lat="-27.028808333333338" lon="-48.61118666666666"><ele>11.9</ele></trkpt><trkpt lat="-27.028808333333338" lon="-48.61118666666666"><ele>11.9</ele></trkpt><trkpt lat="-27.028808333333338" lon="-48.61118666666666"><ele>11.9</ele></trkpt><trkpt lat="-27.028808333333338" lon="-48.61118666666666"><ele>11.9</ele></trkpt><trkpt lat="-27.028808333333338" lon="-48.61118666666666"><ele>11.9</ele></trkpt><trkpt lat="-27.028808333333338" lon="-48.61118666666666"><ele>11.9</ele></trkpt><trkpt lat="-27.028808333333338" lon="-48.61118666666666"><ele>11.9</ele></trkpt><trkpt lat="-27.028808333333338" lon="-48.61118666666666"><ele>11.9</ele></trkpt><trkpt lat="-27.028801666666663" lon="-48.61118833333333"><ele>7.300000000000001</ele></trkpt><trkpt lat="-27.0288" lon="-48.61118833333333"><ele>7.300000000000001</ele></trkpt><trkpt lat="-27.0288" lon="-48.61118166666667"><ele>7.199999999999999</ele></trkpt><trkpt lat="-27.028793333333336" lon="-48.61116666666667"><ele>7.300000000000001</ele></trkpt><trkpt lat="-27.02879666666667" lon="-48.611165"><ele>6.6</ele></trkpt><trkpt lat="-27.02879833333333" lon="-48.61117333333333"><ele>6.6</ele></trkpt><trkpt lat="-27.0288" lon="-48.61118833333333"><ele>6.1</ele></trkpt><trkpt lat="-27.028793333333336" lon="-48.611203333333336"><ele>5.5</ele></trkpt><trkpt lat="-27.028790000000004" lon="-48.61121166666667"><ele>5</ele></trkpt><trkpt lat="-27.028788333333335" lon="-48.611216666666664"><ele>4.5</ele></trkpt><trkpt lat="-27.028790000000004" lon="-48.611216666666664"><ele>4.4</ele></trkpt><trkpt lat="-27.028793333333336" lon="-48.611214999999994"><ele>4.5</ele></trkpt><trkpt lat="-27.028795" lon="-48.61121333333334"><ele>4.5</ele></trkpt><trkpt lat="-27.028795" lon="-48.61121"><ele>4.300000000000001</ele></trkpt><trkpt lat="-27.028795" lon="-48.61120833333333"><ele>4.4</ele></trkpt><trkpt lat="-27.028790000000004" lon="-48.611205000000005"><ele>4.6</ele></trkpt><trkpt lat="-27.028779999999998" lon="-48.611201666666666"><ele>4.6</ele></trkpt><trkpt lat="-27.028773333333334" lon="-48.61119999999999"><ele>4.800000000000001</ele></trkpt><trkpt lat="-27.02876666666667" lon="-48.61119999999999"><ele>4.9</ele></trkpt><trkpt lat="-27.02876666666667" lon="-48.611206666666675"><ele>5</ele></trkpt><trkpt lat="-27.02876666666667" lon="-48.61121"><ele>5.300000000000001</ele></trkpt><trkpt lat="-27.02876666666667" lon="-48.61121"><ele>5.300000000000001</ele></trkpt><trkpt lat="-27.02876666666667" lon="-48.61121"><ele>5.300000000000001</ele></trkpt><trkpt lat="-27.02876666666667" lon="-48.61121"><ele>5.300000000000001</ele></trkpt><trkpt lat="-27.02876666666667" lon="-48.61121"><ele>5.300000000000001</ele></trkpt><trkpt lat="-27.02876666666667" lon="-48.61121"><ele>5.300000000000001</ele></trkpt><trkpt lat="-27.02876666666667" lon="-48.61121"><ele>5.300000000000001</ele></trkpt><trkpt lat="-27.02876666666667" lon="-48.61121"><ele>5.300000000000001</ele></trkpt><trkpt lat="-27.02876666666667" lon="-48.61121"><ele>5.300000000000001</ele></trkpt><trkpt lat="-27.02876666666667" lon="-48.61121"><ele>5.300000000000001</ele></trkpt><trkpt lat="-27.02876666666667" lon="-48.61121"><ele>5.300000000000001</ele></trkpt><trkpt lat="-27.02876666666667" lon="-48.61121"><ele>5.300000000000001</ele></trkpt><trkpt lat="-27.02876666666667" lon="-48.61121"><ele>5.300000000000001</ele></trkpt><trkpt lat="-27.02876666666667" lon="-48.61121"><ele>5.300000000000001</ele></trkpt><trkpt lat="-27.02876666666667" lon="-48.61121"><ele>5.300000000000001</ele></trkpt><trkpt lat="-27.02876666666667" lon="-48.61121"><ele>5.300000000000001</ele></trkpt><trkpt lat="-27.02876666666667" lon="-48.61121"><ele>5.300000000000001</ele></trkpt><trkpt lat="-27.02876666666667" lon="-48.61121"><ele>5.300000000000001</ele></trkpt><trkpt lat="-27.02876666666667" lon="-48.61121"><ele>5.300000000000001</ele></trkpt><trkpt lat="-27.02876666666667" lon="-48.61121"><ele>5.300000000000001</ele></trkpt><trkpt lat="-27.02876666666667" lon="-48.61121"><ele>5.300000000000001</ele></trkpt><trkpt lat="-27.02876666666667" lon="-48.61121"><ele>5.300000000000001</ele></trkpt><trkpt lat="-27.02876666666667" lon="-48.61121"><ele>5.300000000000001</ele></trkpt><trkpt lat="-27.02876666666667" lon="-48.61121"><ele>5.300000000000001</ele></trkpt><trkpt lat="-27.02876666666667" lon="-48.61121"><ele>5.300000000000001</ele></trkpt><trkpt lat="-27.02876666666667" lon="-48.61121"><ele>5.300000000000001</ele></trkpt><trkpt lat="-27.028743333333335" lon="-48.611206666666675"><ele>5.9</ele></trkpt><trkpt lat="-27.028746666666667" lon="-48.611206666666675"><ele>6</ele></trkpt><trkpt lat="-27.02875166666667" lon="-48.61121333333334"><ele>6.199999999999999</ele></trkpt><trkpt lat="-27.02876666666667" lon="-48.61121833333333"><ele>4.800000000000001</ele></trkpt><trkpt lat="-27.02876666666667" lon="-48.61121833333333"><ele>4.800000000000001</ele></trkpt><trkpt lat="-27.02876666666667" lon="-48.61121833333333"><ele>4.800000000000001</ele></trkpt><trkpt lat="-27.02876666666667" lon="-48.61121833333333"><ele>4.800000000000001</ele></trkpt><trkpt lat="-27.02876666666667" lon="-48.61121833333333"><ele>4.800000000000001</ele></trkpt><trkpt lat="-27.02876666666667" lon="-48.61121833333333"><ele>4.800000000000001</ele></trkpt><trkpt lat="-27.02876666666667" lon="-48.61121833333333"><ele>4.800000000000001</ele></trkpt><trkpt lat="-27.02876666666667" lon="-48.61121833333333"><ele>4.800000000000001</ele></trkpt><trkpt lat="-27.02876666666667" lon="-48.61121833333333"><ele>4.800000000000001</ele></trkpt><trkpt lat="-27.02876666666667" lon="-48.61121833333333"><ele>4.800000000000001</ele></trkpt><trkpt lat="-27.02876666666667" lon="-48.61121833333333"><ele>4.800000000000001</ele></trkpt><trkpt lat="-27.02876666666667" lon="-48.61121833333333"><ele>4.800000000000001</ele></trkpt><trkpt lat="-27.02876666666667" lon="-48.61121833333333"><ele>4.800000000000001</ele></trkpt><trkpt lat="-27.02876666666667" lon="-48.61121833333333"><ele>4.800000000000001</ele></trkpt><trkpt lat="-27.02876666666667" lon="-48.61121833333333"><ele>4.800000000000001</ele></trkpt><trkpt lat="-27.02876666666667" lon="-48.61121833333333"><ele>4.800000000000001</ele></trkpt><trkpt lat="-27.02876666666667" lon="-48.61121833333333"><ele>4.800000000000001</ele></trkpt><trkpt lat="-27.02876666666667" lon="-48.61121833333333"><ele>4.800000000000001</ele></trkpt><trkpt lat="-27.02876666666667" lon="-48.61121833333333"><ele>4.800000000000001</ele></trkpt><trkpt lat="-27.02876666666667" lon="-48.61121833333333"><ele>4.800000000000001</ele></trkpt><trkpt lat="-27.02876666666667" lon="-48.61121833333333"><ele>4.800000000000001</ele></trkpt><trkpt lat="-27.02876666666667" lon="-48.61121833333333"><ele>4.800000000000001</ele></trkpt><trkpt lat="-27.028808333333338" lon="-48.611158333333336"><ele>5.1</ele></trkpt><trkpt lat="-27.02881" lon="-48.61114666666667"><ele>4.7</ele></trkpt><trkpt lat="-27.028815" lon="-48.61113333333333"><ele>4.6</ele></trkpt><trkpt lat="-27.028823333333335" lon="-48.61112"><ele>4.5</ele></trkpt><trkpt lat="-27.028833333333335" lon="-48.61110999999999"><ele>5.4</ele></trkpt><trkpt lat="-27.02884166666667" lon="-48.61110999999999"><ele>5.4</ele></trkpt><trkpt lat="-27.028845" lon="-48.611113333333336"><ele>5</ele></trkpt><trkpt lat="-27.028851666666664" lon="-48.61111833333333"><ele>5.1</ele></trkpt><trkpt lat="-27.028845" lon="-48.61111833333333"><ele>5.2</ele></trkpt><trkpt lat="-27.02884333333333" lon="-48.61112"><ele>5.300000000000001</ele></trkpt><trkpt lat="-27.028838333333336" lon="-48.61112333333334"><ele>5.300000000000001</ele></trkpt><trkpt lat="-27.028836666666667" lon="-48.611124999999994"><ele>5.2</ele></trkpt><trkpt lat="-27.028836666666667" lon="-48.611124999999994"><ele>5.2</ele></trkpt><trkpt lat="-27.028838333333336" lon="-48.61112833333333"><ele>5.300000000000001</ele></trkpt><trkpt lat="-27.028838333333336" lon="-48.61112833333333"><ele>5.4</ele></trkpt><trkpt lat="-27.028845" lon="-48.611124999999994"><ele>5.699999999999999</ele></trkpt><trkpt lat="-27.028853333333338" lon="-48.61112"><ele>5.800000000000001</ele></trkpt><trkpt lat="-27.028868333333335" lon="-48.611113333333336"><ele>5.800000000000001</ele></trkpt><trkpt lat="-27.028868333333335" lon="-48.611113333333336"><ele>5.800000000000001</ele></trkpt><trkpt lat="-27.028881666666667" lon="-48.61110833333334"><ele>5.800000000000001</ele></trkpt><trkpt lat="-27.028891666666663" lon="-48.611103333333325"><ele>6</ele></trkpt><trkpt lat="-27.0289" lon="-48.61110166666667"><ele>6.199999999999999</ele></trkpt><trkpt lat="-27.028903333333332" lon="-48.61109666666666"><ele>6.1</ele></trkpt><trkpt lat="-27.028903333333332" lon="-48.61109499999999"><ele>6.1</ele></trkpt><trkpt lat="-27.0289" lon="-48.61109666666666"><ele>6</ele></trkpt><trkpt lat="-27.028898333333338" lon="-48.61109833333333"><ele>6.1</ele></trkpt><trkpt lat="-27.028896666666665" lon="-48.6111"><ele>6.1</ele></trkpt><trkpt lat="-27.028895000000002" lon="-48.61110166666667"><ele>6</ele></trkpt><trkpt lat="-27.028895000000002" lon="-48.611104999999995"><ele>6.199999999999999</ele></trkpt><trkpt lat="-27.028895000000002" lon="-48.61110833333334"><ele>6.300000000000001</ele></trkpt><trkpt lat="-27.028895000000002" lon="-48.61110833333334"><ele>6.300000000000001</ele></trkpt><trkpt lat="-27.028896666666665" lon="-48.61110999999999"><ele>6.1</ele></trkpt><trkpt lat="-27.028896666666665" lon="-48.61110999999999"><ele>6.1</ele></trkpt><trkpt lat="-27.028896666666665" lon="-48.61110999999999"><ele>6.1</ele></trkpt><trkpt lat="-27.028926666666667" lon="-48.61110999999999"><ele>6.1</ele></trkpt><trkpt lat="-27.028948333333332" lon="-48.611113333333336"><ele>5.9</ele></trkpt><trkpt lat="-27.028968333333335" lon="-48.611116666666675"><ele>6</ele></trkpt><trkpt lat="-27.028988333333338" lon="-48.611116666666675"><ele>6.199999999999999</ele></trkpt><trkpt lat="-27.029013333333335" lon="-48.611116666666675"><ele>5.800000000000001</ele></trkpt><trkpt lat="-27.029040000000002" lon="-48.61112"><ele>5.6</ele></trkpt><trkpt lat="-27.02906833333333" lon="-48.611116666666675"><ele>6</ele></trkpt><trkpt lat="-27.029094999999998" lon="-48.611111666666666"><ele>6.300000000000001</ele></trkpt><trkpt lat="-27.029118333333333" lon="-48.61110999999999"><ele>6.5</ele></trkpt><trkpt lat="-27.029146666666666" lon="-48.611104999999995"><ele>6.699999999999999</ele></trkpt><trkpt lat="-27.02917166666667" lon="-48.61110833333334"><ele>7</ele></trkpt><trkpt lat="-27.029196666666667" lon="-48.611113333333336"><ele>7.300000000000001</ele></trkpt><trkpt lat="-27.029221666666665" lon="-48.611113333333336"><ele>7.6</ele></trkpt><trkpt lat="-27.02924833333333" lon="-48.61110833333334"><ele>7.9</ele></trkpt><trkpt lat="-27.029269999999997" lon="-48.611104999999995"><ele>9.1</ele></trkpt><trkpt lat="-27.029286666666668" lon="-48.6111"><ele>9.799999999999999</ele></trkpt><trkpt lat="-27.02930333333334" lon="-48.61109666666666"><ele>10.6</ele></trkpt><trkpt lat="-27.029325000000004" lon="-48.61109166666667"><ele>10.5</ele></trkpt><trkpt lat="-27.029343333333333" lon="-48.61109666666666"><ele>10.799999999999999</ele></trkpt><trkpt lat="-27.029365" lon="-48.61110166666667"><ele>11.2</ele></trkpt><trkpt lat="-27.029385" lon="-48.61110999999999"><ele>11.4</ele></trkpt><trkpt lat="-27.029400000000003" lon="-48.611115000000005"><ele>11.5</ele></trkpt><trkpt lat="-27.029415000000004" lon="-48.61112"><ele>11.5</ele></trkpt><trkpt lat="-27.029433333333333" lon="-48.61112333333334"><ele>11.299999999999999</ele></trkpt><trkpt lat="-27.029448333333335" lon="-48.611124999999994"><ele>11.9</ele></trkpt><trkpt lat="-27.029466666666668" lon="-48.61113"><ele>11.799999999999999</ele></trkpt><trkpt lat="-27.029478333333333" lon="-48.61113"><ele>12.2</ele></trkpt><trkpt lat="-27.029478333333333" lon="-48.61113"><ele>12.2</ele></trkpt><trkpt lat="-27.029493333333335" lon="-48.61113"><ele>12.1</ele></trkpt><trkpt lat="-27.029511666666668" lon="-48.61113333333333"><ele>12.2</ele></trkpt><trkpt lat="-27.029526666666666" lon="-48.61113333333333"><ele>12.2</ele></trkpt><trkpt lat="-27.029550000000004" lon="-48.61113333333333"><ele>12</ele></trkpt><trkpt lat="-27.029571666666666" lon="-48.61113333333333"><ele>12.2</ele></trkpt><trkpt lat="-27.02959333333333" lon="-48.61113166666667"><ele>12</ele></trkpt><trkpt lat="-27.029618333333328" lon="-48.611126666666664"><ele>11.7</ele></trkpt><trkpt lat="-27.029641666666667" lon="-48.61112333333334"><ele>12</ele></trkpt><trkpt lat="-27.029659999999996" lon="-48.611115000000005"><ele>11.4</ele></trkpt><trkpt lat="-27.02967833333333" lon="-48.61110833333334"><ele>10.4</ele></trkpt><trkpt lat="-27.02969333333333" lon="-48.61110166666667"><ele>10.1</ele></trkpt><trkpt lat="-27.029715000000003" lon="-48.61109499999999"><ele>10.7</ele></trkpt><trkpt lat="-27.02974" lon="-48.61108333333333"><ele>10.799999999999999</ele></trkpt><trkpt lat="-27.029760000000003" lon="-48.61107333333333"><ele>10</ele></trkpt><trkpt lat="-27.029778333333336" lon="-48.611059999999995"><ele>10</ele></trkpt><trkpt lat="-27.029791666666664" lon="-48.61104166666667"><ele>9.5</ele></trkpt><trkpt lat="-27.029806666666666" lon="-48.611021666666666"><ele>9.4</ele></trkpt><trkpt lat="-27.02981666666667" lon="-48.61100499999999"><ele>9</ele></trkpt><trkpt lat="-27.02982666666667" lon="-48.610981666666675"><ele>8.9</ele></trkpt><trkpt lat="-27.029836666666665" lon="-48.61096666666667"><ele>9</ele></trkpt><trkpt lat="-27.029854999999998" lon="-48.610969999999995"><ele>9.3</ele></trkpt><trkpt lat="-27.029868333333336" lon="-48.610981666666675"><ele>8.8</ele></trkpt><trkpt lat="-27.02986166666667" lon="-48.611"><ele>9.4</ele></trkpt><trkpt lat="-27.029841666666666" lon="-48.61101999999999"><ele>9.6</ele></trkpt><trkpt lat="-27.02981333333333" lon="-48.611026666666675"><ele>10.1</ele></trkpt><trkpt lat="-27.029788333333332" lon="-48.611034999999994"><ele>10.1</ele></trkpt><trkpt lat="-27.029749999999996" lon="-48.611045"><ele>10.1</ele></trkpt><trkpt lat="-27.029715000000003" lon="-48.61105166666666"><ele>10.5</ele></trkpt><trkpt lat="-27.029685000000004" lon="-48.61105666666667"><ele>10.9</ele></trkpt><trkpt lat="-27.02964833333333" lon="-48.61106333333334"><ele>10.299999999999999</ele></trkpt><trkpt lat="-27.029618333333328" lon="-48.611068333333336"><ele>10.1</ele></trkpt><trkpt lat="-27.02959" lon="-48.611075"><ele>9.799999999999999</ele></trkpt><trkpt lat="-27.029563333333332" lon="-48.61108333333333"><ele>9.9</ele></trkpt><trkpt lat="-27.029536666666665" lon="-48.61109"><ele>8.9</ele></trkpt><trkpt lat="-27.029508333333336" lon="-48.61108833333333"><ele>8.5</ele></trkpt><trkpt lat="-27.029478333333333" lon="-48.61108666666667"><ele>8.1</ele></trkpt><trkpt lat="-27.02944" lon="-48.61108333333333"><ele>7.6</ele></trkpt><trkpt lat="-27.029400000000003" lon="-48.61108333333333"><ele>7.5</ele></trkpt><trkpt lat="-27.029359999999997" lon="-48.611085"><ele>7.199999999999999</ele></trkpt><trkpt lat="-27.029313333333334" lon="-48.611081666666664"><ele>6.9</ele></trkpt><trkpt lat="-27.02927833333333" lon="-48.61107833333334"><ele>6.4</ele></trkpt><trkpt lat="-27.029266666666665" lon="-48.61107833333334"><ele>5.9</ele></trkpt><trkpt lat="-27.029265000000002" lon="-48.611081666666664"><ele>5.300000000000001</ele></trkpt><trkpt lat="-27.02925833333334" lon="-48.61108333333333"><ele>5.800000000000001</ele></trkpt><trkpt lat="-27.029253333333333" lon="-48.611085"><ele>6.1</ele></trkpt><trkpt lat="-27.029241666666667" lon="-48.61108666666667"><ele>6.199999999999999</ele></trkpt><trkpt lat="-27.029235000000003" lon="-48.61108666666667"><ele>6.300000000000001</ele></trkpt><trkpt lat="-27.02923" lon="-48.611085"><ele>6.4</ele></trkpt><trkpt lat="-27.029228333333336" lon="-48.61108333333333"><ele>6.5</ele></trkpt><trkpt lat="-27.029228333333336" lon="-48.61108333333333"><ele>6.5</ele></trkpt><trkpt lat="-27.029228333333336" lon="-48.61108333333333"><ele>6.5</ele></trkpt><trkpt lat="-27.029228333333336" lon="-48.61108333333333"><ele>6.5</ele></trkpt><trkpt lat="-27.029228333333336" lon="-48.61108333333333"><ele>6.5</ele></trkpt><trkpt lat="-27.029228333333336" lon="-48.61108333333333"><ele>6.5</ele></trkpt><trkpt lat="-27.029228333333336" lon="-48.61108333333333"><ele>6.5</ele></trkpt><trkpt lat="-27.029228333333336" lon="-48.61108333333333"><ele>6.5</ele></trkpt><trkpt lat="-27.029228333333336" lon="-48.61108333333333"><ele>6.5</ele></trkpt><trkpt lat="-27.029228333333336" lon="-48.61108333333333"><ele>6.5</ele></trkpt><trkpt lat="-27.029228333333336" lon="-48.61108333333333"><ele>6.5</ele></trkpt><trkpt lat="-27.029228333333336" lon="-48.61108333333333"><ele>6.5</ele></trkpt><trkpt lat="-27.029228333333336" lon="-48.61108333333333"><ele>6.5</ele></trkpt><trkpt lat="-27.029228333333336" lon="-48.61108333333333"><ele>6.5</ele></trkpt><trkpt lat="-27.029228333333336" lon="-48.61108333333333"><ele>6.5</ele></trkpt><trkpt lat="-27.029228333333336" lon="-48.61108333333333"><ele>6.5</ele></trkpt><trkpt lat="-27.029228333333336" lon="-48.61108333333333"><ele>6.5</ele></trkpt><trkpt lat="-27.029228333333336" lon="-48.61108333333333"><ele>6.5</ele></trkpt><trkpt lat="-27.029228333333336" lon="-48.61108333333333"><ele>6.5</ele></trkpt><trkpt lat="-27.029228333333336" lon="-48.61108333333333"><ele>6.5</ele></trkpt><trkpt lat="-27.029228333333336" lon="-48.61108333333333"><ele>6.5</ele></trkpt><trkpt lat="-27.029228333333336" lon="-48.61108333333333"><ele>6.5</ele></trkpt><trkpt lat="-27.029228333333336" lon="-48.61108333333333"><ele>6.5</ele></trkpt><trkpt lat="-27.029228333333336" lon="-48.61108333333333"><ele>6.5</ele></trkpt><trkpt lat="-27.029228333333336" lon="-48.61108333333333"><ele>6.5</ele></trkpt><trkpt lat="-27.029228333333336" lon="-48.61108333333333"><ele>6.5</ele></trkpt><trkpt lat="-27.029228333333336" lon="-48.61108333333333"><ele>6.5</ele></trkpt><trkpt lat="-27.029228333333336" lon="-48.61108333333333"><ele>6.5</ele></trkpt><trkpt lat="-27.029228333333336" lon="-48.61108333333333"><ele>6.5</ele></trkpt><trkpt lat="-27.029228333333336" lon="-48.61108333333333"><ele>6.5</ele></trkpt><trkpt lat="-27.029228333333336" lon="-48.61108333333333"><ele>6.5</ele></trkpt><trkpt lat="-27.029228333333336" lon="-48.61108333333333"><ele>6.5</ele></trkpt><trkpt lat="-27.029228333333336" lon="-48.61108333333333"><ele>6.5</ele></trkpt><trkpt lat="-27.029228333333336" lon="-48.61108333333333"><ele>6.5</ele></trkpt><trkpt lat="-27.029228333333336" lon="-48.61108333333333"><ele>6.5</ele></trkpt><trkpt lat="-27.029228333333336" lon="-48.61108333333333"><ele>6.5</ele></trkpt><trkpt lat="-27.029228333333336" lon="-48.61108333333333"><ele>6.5</ele></trkpt><trkpt lat="-27.029228333333336" lon="-48.61108333333333"><ele>6.5</ele></trkpt><trkpt lat="-27.029228333333336" lon="-48.61108333333333"><ele>6.5</ele></trkpt><trkpt lat="-27.029228333333336" lon="-48.61108333333333"><ele>6.5</ele></trkpt><trkpt lat="-27.029228333333336" lon="-48.61108333333333"><ele>6.5</ele></trkpt><trkpt lat="-27.029228333333336" lon="-48.61108333333333"><ele>6.5</ele></trkpt><trkpt lat="-27.029228333333336" lon="-48.61108333333333"><ele>6.5</ele></trkpt><trkpt lat="-27.029228333333336" lon="-48.61108333333333"><ele>6.5</ele></trkpt><trkpt lat="-27.029228333333336" lon="-48.61108333333333"><ele>6.5</ele></trkpt><trkpt lat="-27.029228333333336" lon="-48.61108333333333"><ele>6.5</ele></trkpt><trkpt lat="-27.029228333333336" lon="-48.61108333333333"><ele>6.5</ele></trkpt><trkpt lat="-27.029228333333336" lon="-48.61108333333333"><ele>6.5</ele></trkpt><trkpt lat="-27.029228333333336" lon="-48.61108333333333"><ele>6.5</ele></trkpt><trkpt lat="-27.029228333333336" lon="-48.61108333333333"><ele>6.5</ele></trkpt><trkpt lat="-27.029228333333336" lon="-48.61108333333333"><ele>6.5</ele></trkpt><trkpt lat="-27.029228333333336" lon="-48.61108333333333"><ele>6.5</ele></trkpt><trkpt lat="-27.029228333333336" lon="-48.61108333333333"><ele>6.5</ele></trkpt><trkpt lat="-27.029228333333336" lon="-48.61108333333333"><ele>6.5</ele></trkpt><trkpt lat="-27.029228333333336" lon="-48.61108333333333"><ele>6.5</ele></trkpt><trkpt lat="-27.029228333333336" lon="-48.61108333333333"><ele>6.5</ele></trkpt><trkpt lat="-27.029228333333336" lon="-48.61108333333333"><ele>6.5</ele></trkpt><trkpt lat="-27.029228333333336" lon="-48.61108333333333"><ele>6.5</ele></trkpt><trkpt lat="-27.029228333333336" lon="-48.61108333333333"><ele>6.5</ele></trkpt><trkpt lat="-27.029228333333336" lon="-48.61108333333333"><ele>6.5</ele></trkpt><trkpt lat="-27.029228333333336" lon="-48.61108333333333"><ele>6.5</ele></trkpt><trkpt lat="-27.029228333333336" lon="-48.61108333333333"><ele>6.5</ele></trkpt><trkpt lat="-27.029228333333336" lon="-48.61108333333333"><ele>6.5</ele></trkpt><trkpt lat="-27.029228333333336" lon="-48.61108333333333"><ele>6.5</ele></trkpt><trkpt lat="-27.029228333333336" lon="-48.61108333333333"><ele>6.5</ele></trkpt><trkpt lat="-27.029228333333336" lon="-48.61108333333333"><ele>6.5</ele></trkpt><trkpt lat="-27.029228333333336" lon="-48.61108333333333"><ele>6.5</ele></trkpt><trkpt lat="-27.029228333333336" lon="-48.61108333333333"><ele>6.5</ele></trkpt><trkpt lat="-27.029228333333336" lon="-48.61108333333333"><ele>6.5</ele></trkpt><trkpt lat="-27.029228333333336" lon="-48.61108333333333"><ele>6.5</ele></trkpt><trkpt lat="-27.029228333333336" lon="-48.61108333333333"><ele>6.5</ele></trkpt><trkpt lat="-27.029228333333336" lon="-48.61108333333333"><ele>6.5</ele></trkpt><trkpt lat="-27.029228333333336" lon="-48.61108333333333"><ele>6.5</ele></trkpt><trkpt lat="-27.029228333333336" lon="-48.61108333333333"><ele>6.5</ele></trkpt><trkpt lat="-27.029228333333336" lon="-48.61108333333333"><ele>6.5</ele></trkpt><trkpt lat="-27.029226666666666" lon="-48.61113"><ele>7.9</ele></trkpt><trkpt lat="-27.029231666666668" lon="-48.61113"><ele>7.699999999999999</ele></trkpt><trkpt lat="-27.029235000000003" lon="-48.61113"><ele>7.5</ele></trkpt><trkpt lat="-27.029238333333335" lon="-48.61113"><ele>7.699999999999999</ele></trkpt><trkpt lat="-27.029241666666667" lon="-48.611126666666664"><ele>7.6</ele></trkpt><trkpt lat="-27.029241666666667" lon="-48.611126666666664"><ele>7.6</ele></trkpt><trkpt lat="-27.029241666666667" lon="-48.611126666666664"><ele>7.6</ele></trkpt><trkpt lat="-27.029241666666667" lon="-48.611126666666664"><ele>7.6</ele></trkpt><trkpt lat="-27.029241666666667" lon="-48.611126666666664"><ele>7.6</ele></trkpt><trkpt lat="-27.029241666666667" lon="-48.611126666666664"><ele>7.6</ele></trkpt><trkpt lat="-27.029241666666667" lon="-48.611126666666664"><ele>7.6</ele></trkpt><trkpt lat="-27.029241666666667" lon="-48.611126666666664"><ele>7.6</ele></trkpt><trkpt lat="-27.029241666666667" lon="-48.611126666666664"><ele>7.6</ele></trkpt><trkpt lat="-27.029241666666667" lon="-48.611126666666664"><ele>7.6</ele></trkpt><trkpt lat="-27.029241666666667" lon="-48.611126666666664"><ele>7.6</ele></trkpt><trkpt lat="-27.029241666666667" lon="-48.611126666666664"><ele>7.6</ele></trkpt><trkpt lat="-27.029241666666667" lon="-48.611126666666664"><ele>7.6</ele></trkpt><trkpt lat="-27.029241666666667" lon="-48.611126666666664"><ele>7.6</ele></trkpt><trkpt lat="-27.029241666666667" lon="-48.611126666666664"><ele>7.6</ele></trkpt><trkpt lat="-27.029241666666667" lon="-48.611126666666664"><ele>7.6</ele></trkpt><trkpt lat="-27.029241666666667" lon="-48.611126666666664"><ele>7.6</ele></trkpt><trkpt lat="-27.029220000000002" lon="-48.61108833333333"><ele>5.5</ele></trkpt><trkpt lat="-27.029218333333333" lon="-48.611085"><ele>5.699999999999999</ele></trkpt><trkpt lat="-27.029218333333333" lon="-48.61108666666667"><ele>5.699999999999999</ele></trkpt><trkpt lat="-27.02921666666667" lon="-48.611085"><ele>5.699999999999999</ele></trkpt><trkpt lat="-27.02921666666667" lon="-48.611085"><ele>5.699999999999999</ele></trkpt><trkpt lat="-27.02921666666667" lon="-48.611085"><ele>5.699999999999999</ele></trkpt><trkpt lat="-27.02921666666667" lon="-48.611085"><ele>5.6</ele></trkpt><trkpt lat="-27.02921666666667" lon="-48.611085"><ele>5.6</ele></trkpt><trkpt lat="-27.02921666666667" lon="-48.611085"><ele>5.6</ele></trkpt><trkpt lat="-27.02921666666667" lon="-48.611085"><ele>5.6</ele></trkpt><trkpt lat="-27.02921666666667" lon="-48.611085"><ele>5.6</ele></trkpt><trkpt lat="-27.02921666666667" lon="-48.611085"><ele>5.6</ele></trkpt><trkpt lat="-27.02921666666667" lon="-48.611085"><ele>5.6</ele></trkpt><trkpt lat="-27.02921666666667" lon="-48.611085"><ele>5.6</ele></trkpt><trkpt lat="-27.02921666666667" lon="-48.611085"><ele>5.6</ele></trkpt><trkpt lat="-27.02921666666667" lon="-48.611085"><ele>5.6</ele></trkpt><trkpt lat="-27.02921666666667" lon="-48.611085"><ele>5.6</ele></trkpt><trkpt lat="-27.02921666666667" lon="-48.611085"><ele>5.6</ele></trkpt><trkpt lat="-27.02921666666667" lon="-48.611085"><ele>5.6</ele></trkpt><trkpt lat="-27.029256666666665" lon="-48.61110166666667"><ele>6.1</ele></trkpt><trkpt lat="-27.029268333333334" lon="-48.611103333333325"><ele>6.300000000000001</ele></trkpt><trkpt lat="-27.029281666666666" lon="-48.61109833333333"><ele>6.199999999999999</ele></trkpt><trkpt lat="-27.029301666666665" lon="-48.61109499999999"><ele>6.5</ele></trkpt><trkpt lat="-27.029329999999998" lon="-48.611103333333325"><ele>7.199999999999999</ele></trkpt><trkpt lat="-27.02935166666667" lon="-48.611104999999995"><ele>7.5</ele></trkpt><trkpt lat="-27.029373333333336" lon="-48.611104999999995"><ele>8</ele></trkpt><trkpt lat="-27.02939333333334" lon="-48.611104999999995"><ele>8.4</ele></trkpt><trkpt lat="-27.02939333333334" lon="-48.611104999999995"><ele>8.4</ele></trkpt><trkpt lat="-27.029423333333337" lon="-48.61110166666667"><ele>8.6</ele></trkpt><trkpt lat="-27.029449999999997" lon="-48.611104999999995"><ele>9.3</ele></trkpt><trkpt lat="-27.029478333333333" lon="-48.611103333333325"><ele>9.7</ele></trkpt><trkpt lat="-27.02950333333333" lon="-48.61109833333333"><ele>10.299999999999999</ele></trkpt><trkpt lat="-27.02953" lon="-48.61109499999999"><ele>10.7</ele></trkpt><trkpt lat="-27.02955833333333" lon="-48.61109"><ele>10.7</ele></trkpt><trkpt lat="-27.02958833333333" lon="-48.61108333333333"><ele>10.299999999999999</ele></trkpt><trkpt lat="-27.029618333333328" lon="-48.61107666666667"><ele>10.1</ele></trkpt><trkpt lat="-27.02965" lon="-48.61107333333333"><ele>10.2</ele></trkpt><trkpt lat="-27.02968333333333" lon="-48.61106499999999"><ele>9.799999999999999</ele></trkpt><trkpt lat="-27.029715000000003" lon="-48.61105333333333"><ele>9.3</ele></trkpt><trkpt lat="-27.02974166666667" lon="-48.61104166666667"><ele>9</ele></trkpt><trkpt lat="-27.029766666666667" lon="-48.611026666666675"><ele>8.7</ele></trkpt><trkpt lat="-27.029793333333334" lon="-48.611"><ele>8.5</ele></trkpt><trkpt lat="-27.02981333333333" lon="-48.61097333333334"><ele>8.5</ele></trkpt><trkpt lat="-27.029833333333332" lon="-48.61094333333334"><ele>8.2</ele></trkpt><trkpt lat="-27.02984666666667" lon="-48.61091666666666"><ele>8.1</ele></trkpt><trkpt lat="-27.029854999999998" lon="-48.61089666666667"><ele>8.3</ele></trkpt><trkpt lat="-27.029854999999998" lon="-48.61088500000001"><ele>8.7</ele></trkpt><trkpt lat="-27.029856666666667" lon="-48.61088333333334"><ele>8.9</ele></trkpt><trkpt lat="-27.02986" lon="-48.61088500000001"><ele>9</ele></trkpt><trkpt lat="-27.02986" lon="-48.610886666666666"><ele>9</ele></trkpt><trkpt lat="-27.02986166666667" lon="-48.610886666666666"><ele>9.2</ele></trkpt><trkpt lat="-27.02986166666667" lon="-48.61088500000001"><ele>9.2</ele></trkpt><trkpt lat="-27.02986166666667" lon="-48.61088500000001"><ele>9.2</ele></trkpt><trkpt lat="-27.02986166666667" lon="-48.61088333333334"><ele>9.3</ele></trkpt><trkpt lat="-27.02986" lon="-48.610886666666666"><ele>9.3</ele></trkpt><trkpt lat="-27.02986333333333" lon="-48.610890000000005"><ele>9.3</ele></trkpt><trkpt lat="-27.02986333333333" lon="-48.610890000000005"><ele>9.4</ele></trkpt><trkpt lat="-27.029865000000004" lon="-48.610890000000005"><ele>9.4</ele></trkpt><trkpt lat="-27.029865000000004" lon="-48.610890000000005"><ele>9.4</ele></trkpt><trkpt lat="-27.029865000000004" lon="-48.610890000000005"><ele>9.4</ele></trkpt><trkpt lat="-27.029865000000004" lon="-48.610890000000005"><ele>9.4</ele></trkpt><trkpt lat="-27.029865000000004" lon="-48.610890000000005"><ele>9.4</ele></trkpt><trkpt lat="-27.029865000000004" lon="-48.610890000000005"><ele>9.4</ele></trkpt><trkpt lat="-27.02987666666667" lon="-48.61087666666667"><ele>9.2</ele></trkpt><trkpt lat="-27.029884999999997" lon="-48.610866666666666"><ele>9.1</ele></trkpt><trkpt lat="-27.029893333333334" lon="-48.61085"><ele>8.8</ele></trkpt><trkpt lat="-27.02990333333333" lon="-48.61082833333333"><ele>8.3</ele></trkpt><trkpt lat="-27.02992" lon="-48.610805"><ele>8.5</ele></trkpt><trkpt lat="-27.029943333333335" lon="-48.61079500000001"><ele>9.2</ele></trkpt><trkpt lat="-27.02996333333333" lon="-48.61076833333333"><ele>9.1</ele></trkpt><trkpt lat="-27.02997833333333" lon="-48.610744999999994"><ele>9.1</ele></trkpt><trkpt lat="-27.030000000000005" lon="-48.610735000000005"><ele>8.6</ele></trkpt><trkpt lat="-27.030003333333337" lon="-48.61072333333333"><ele>8.8</ele></trkpt><trkpt lat="-27.03000833333333" lon="-48.61072166666666"><ele>9</ele></trkpt><trkpt lat="-27.030003333333337" lon="-48.61071666666667"><ele>9.2</ele></trkpt><trkpt lat="-27.030000000000005" lon="-48.61071333333333"><ele>9.5</ele></trkpt><trkpt lat="-27.029995" lon="-48.610711666666674"><ele>9.799999999999999</ele></trkpt><trkpt lat="-27.02999333333333" lon="-48.610711666666674"><ele>9.799999999999999</ele></trkpt><trkpt lat="-27.029989999999998" lon="-48.610710000000005"><ele>10</ele></trkpt><trkpt lat="-27.029989999999998" lon="-48.610711666666674"><ele>10.299999999999999</ele></trkpt><trkpt lat="-27.029989999999998" lon="-48.610711666666674"><ele>10.299999999999999</ele></trkpt><trkpt lat="-27.029988333333336" lon="-48.610710000000005"><ele>10.299999999999999</ele></trkpt><trkpt lat="-27.029986666666666" lon="-48.610708333333335"><ele>10.5</ele></trkpt><trkpt lat="-27.029986666666666" lon="-48.610708333333335"><ele>10.5</ele></trkpt><trkpt lat="-27.029986666666666" lon="-48.610708333333335"><ele>10.5</ele></trkpt><trkpt lat="-27.029986666666666" lon="-48.610708333333335"><ele>10.5</ele></trkpt><trkpt lat="-27.029986666666666" lon="-48.610708333333335"><ele>10.5</ele></trkpt><trkpt lat="-27.029986666666666" lon="-48.610708333333335"><ele>10.5</ele></trkpt><trkpt lat="-27.029986666666666" lon="-48.610708333333335"><ele>10.5</ele></trkpt><trkpt lat="-27.029986666666666" lon="-48.610708333333335"><ele>10.5</ele></trkpt><trkpt lat="-27.029986666666666" lon="-48.610708333333335"><ele>10.5</ele></trkpt><trkpt lat="-27.029986666666666" lon="-48.610708333333335"><ele>10.5</ele></trkpt><trkpt lat="-27.029986666666666" lon="-48.610708333333335"><ele>10.5</ele></trkpt><trkpt lat="-27.029986666666666" lon="-48.610708333333335"><ele>10.5</ele></trkpt><trkpt lat="-27.029986666666666" lon="-48.610708333333335"><ele>10.5</ele></trkpt><trkpt lat="-27.029986666666666" lon="-48.610708333333335"><ele>10.5</ele></trkpt><trkpt lat="-27.029986666666666" lon="-48.610708333333335"><ele>10.5</ele></trkpt><trkpt lat="-27.029986666666666" lon="-48.610708333333335"><ele>10.5</ele></trkpt><trkpt lat="-27.029986666666666" lon="-48.610708333333335"><ele>10.5</ele></trkpt><trkpt lat="-27.029986666666666" lon="-48.610708333333335"><ele>10.5</ele></trkpt><trkpt lat="-27.029986666666666" lon="-48.610708333333335"><ele>10.5</ele></trkpt><trkpt lat="-27.029986666666666" lon="-48.610708333333335"><ele>10.5</ele></trkpt><trkpt lat="-27.029986666666666" lon="-48.610708333333335"><ele>10.5</ele></trkpt><trkpt lat="-27.029986666666666" lon="-48.610708333333335"><ele>10.5</ele></trkpt><trkpt lat="-27.029986666666666" lon="-48.610708333333335"><ele>10.5</ele></trkpt><trkpt lat="-27.029986666666666" lon="-48.610708333333335"><ele>10.5</ele></trkpt><trkpt lat="-27.029986666666666" lon="-48.610708333333335"><ele>10.5</ele></trkpt><trkpt lat="-27.029986666666666" lon="-48.610708333333335"><ele>10.5</ele></trkpt><trkpt lat="-27.029986666666666" lon="-48.610708333333335"><ele>10.5</ele></trkpt><trkpt lat="-27.029986666666666" lon="-48.610708333333335"><ele>10.5</ele></trkpt><trkpt lat="-27.029986666666666" lon="-48.610708333333335"><ele>10.5</ele></trkpt><trkpt lat="-27.029986666666666" lon="-48.610708333333335"><ele>10.5</ele></trkpt><trkpt lat="-27.029986666666666" lon="-48.610708333333335"><ele>10.5</ele></trkpt><trkpt lat="-27.029986666666666" lon="-48.610708333333335"><ele>10.5</ele></trkpt><trkpt lat="-27.030021666666666" lon="-48.61068166666667"><ele>6.199999999999999</ele></trkpt><trkpt lat="-27.030030000000004" lon="-48.61067666666666"><ele>6.300000000000001</ele></trkpt><trkpt lat="-27.030046666666667" lon="-48.61065833333334"><ele>6.300000000000001</ele></trkpt><trkpt lat="-27.030060000000002" lon="-48.610641666666666"><ele>6.199999999999999</ele></trkpt><trkpt lat="-27.030071666666664" lon="-48.610621666666674"><ele>6.5</ele></trkpt><trkpt lat="-27.030075000000004" lon="-48.610620000000004"><ele>6.800000000000001</ele></trkpt><trkpt lat="-27.030081666666668" lon="-48.610618333333335"><ele>7.199999999999999</ele></trkpt><trkpt lat="-27.030086666666662" lon="-48.610625"><ele>7.5</ele></trkpt><trkpt lat="-27.03008333333333" lon="-48.61062833333334"><ele>7.5</ele></trkpt><trkpt lat="-27.030078333333336" lon="-48.610625"><ele>7.5</ele></trkpt><trkpt lat="-27.030076666666666" lon="-48.61062333333333"><ele>7.300000000000001</ele></trkpt><trkpt lat="-27.030078333333336" lon="-48.610621666666674"><ele>7.1</ele></trkpt><trkpt lat="-27.030079999999998" lon="-48.610620000000004"><ele>7.199999999999999</ele></trkpt><trkpt lat="-27.030078333333336" lon="-48.610616666666665"><ele>6.699999999999999</ele></trkpt><trkpt lat="-27.030078333333336" lon="-48.61061333333334"><ele>6.4</ele></trkpt><trkpt lat="-27.030079999999998" lon="-48.610609999999994"><ele>6</ele></trkpt><trkpt lat="-27.030079999999998" lon="-48.610609999999994"><ele>6</ele></trkpt><trkpt lat="-27.030079999999998" lon="-48.610609999999994"><ele>6</ele></trkpt><trkpt lat="-27.030079999999998" lon="-48.610609999999994"><ele>6</ele></trkpt><trkpt lat="-27.030079999999998" lon="-48.610609999999994"><ele>6</ele></trkpt><trkpt lat="-27.030079999999998" lon="-48.610609999999994"><ele>6</ele></trkpt><trkpt lat="-27.030079999999998" lon="-48.610609999999994"><ele>6</ele></trkpt><trkpt lat="-27.030079999999998" lon="-48.610609999999994"><ele>6</ele></trkpt><trkpt lat="-27.030079999999998" lon="-48.610609999999994"><ele>6</ele></trkpt><trkpt lat="-27.030079999999998" lon="-48.610609999999994"><ele>6</ele></trkpt><trkpt lat="-27.030079999999998" lon="-48.610609999999994"><ele>6</ele></trkpt><trkpt lat="-27.030079999999998" lon="-48.610609999999994"><ele>6</ele></trkpt><trkpt lat="-27.030079999999998" lon="-48.610609999999994"><ele>6</ele></trkpt><trkpt lat="-27.030079999999998" lon="-48.610609999999994"><ele>6</ele></trkpt><trkpt lat="-27.030079999999998" lon="-48.610609999999994"><ele>6</ele></trkpt><trkpt lat="-27.030079999999998" lon="-48.610609999999994"><ele>6</ele></trkpt><trkpt lat="-27.030079999999998" lon="-48.610609999999994"><ele>6</ele></trkpt><trkpt lat="-27.03009666666667" lon="-48.61064"><ele>4.9</ele></trkpt><trkpt lat="-27.030105000000002" lon="-48.61063000000001"><ele>5.2</ele></trkpt><trkpt lat="-27.030116666666665" lon="-48.61062333333333"><ele>5.300000000000001</ele></trkpt><trkpt lat="-27.030138333333337" lon="-48.610609999999994"><ele>5.9</ele></trkpt><trkpt lat="-27.030146666666663" lon="-48.610594999999996"><ele>6.1</ele></trkpt><trkpt lat="-27.030153333333335" lon="-48.61057833333333"><ele>6.199999999999999</ele></trkpt><trkpt lat="-27.030168333333336" lon="-48.610563333333324"><ele>6</ele></trkpt><trkpt lat="-27.03019" lon="-48.610551666666666"><ele>6.4</ele></trkpt><trkpt lat="-27.030211666666666" lon="-48.61054333333333"><ele>7.1</ele></trkpt><trkpt lat="-27.03023333333333" lon="-48.61052333333334"><ele>7.699999999999999</ele></trkpt><trkpt lat="-27.030253333333334" lon="-48.610504999999996"><ele>8.2</ele></trkpt><trkpt lat="-27.030281666666664" lon="-48.61049833333333"><ele>9</ele></trkpt><trkpt lat="-27.030306666666668" lon="-48.610485000000004"><ele>9.4</ele></trkpt><trkpt lat="-27.030328333333333" lon="-48.61047833333334"><ele>10.4</ele></trkpt><trkpt lat="-27.030348333333336" lon="-48.61046666666666"><ele>11.1</ele></trkpt><trkpt lat="-27.030373333333333" lon="-48.61046666666666"><ele>12</ele></trkpt><trkpt lat="-27.0304" lon="-48.61045833333333"><ele>12.7</ele></trkpt><trkpt lat="-27.03042833333333" lon="-48.61045000000001"><ele>13</ele></trkpt><trkpt lat="-27.030451666666668" lon="-48.61044333333333"><ele>13.5</ele></trkpt><trkpt lat="-27.030471666666667" lon="-48.61043333333334"><ele>14.6</ele></trkpt><trkpt lat="-27.030493333333332" lon="-48.61042666666667"><ele>15.2</ele></trkpt><trkpt lat="-27.030514999999998" lon="-48.610416666666666"><ele>16.3</ele></trkpt><trkpt lat="-27.030541666666668" lon="-48.61040666666666"><ele>17</ele></trkpt><trkpt lat="-27.030568333333335" lon="-48.6104"><ele>16.7</ele></trkpt><trkpt lat="-27.03059" lon="-48.61038833333334"><ele>16.6</ele></trkpt><trkpt lat="-27.030613333333335" lon="-48.61036666666667"><ele>17.5</ele></trkpt><trkpt lat="-27.030633333333338" lon="-48.610338333333324"><ele>18.700000000000003</ele></trkpt><trkpt lat="-27.03065333333333" lon="-48.61031666666666"><ele>18.200000000000003</ele></trkpt><trkpt lat="-27.030689999999996" lon="-48.610281666666666"><ele>16.8</ele></trkpt><trkpt lat="-27.030716666666663" lon="-48.610260000000004"><ele>16.2</ele></trkpt><trkpt lat="-27.03074333333333" lon="-48.61024333333333"><ele>15.9</ele></trkpt><trkpt lat="-27.030768333333338" lon="-48.61023"><ele>15.9</ele></trkpt><trkpt lat="-27.030794999999998" lon="-48.610213333333334"><ele>14.4</ele></trkpt><trkpt lat="-27.030813333333338" lon="-48.6102"><ele>14.4</ele></trkpt><trkpt lat="-27.030835000000003" lon="-48.61018666666667"><ele>14.2</ele></trkpt><trkpt lat="-27.03085666666667" lon="-48.610168333333334"><ele>13.299999999999999</ele></trkpt><trkpt lat="-27.030874999999998" lon="-48.610148333333335"><ele>12.799999999999999</ele></trkpt><trkpt lat="-27.030898333333333" lon="-48.61012666666667"><ele>11.9</ele></trkpt><trkpt lat="-27.030916666666666" lon="-48.610105000000004"><ele>10.9</ele></trkpt><trkpt lat="-27.030928333333335" lon="-48.61008"><ele>10.1</ele></trkpt><trkpt lat="-27.030944999999996" lon="-48.610056666666665"><ele>9.1</ele></trkpt><trkpt lat="-27.030956666666665" lon="-48.61003000000001"><ele>9.2</ele></trkpt><trkpt lat="-27.03096833333333" lon="-48.610009999999996"><ele>9</ele></trkpt><trkpt lat="-27.03098333333333" lon="-48.60999166666667"><ele>8.9</ele></trkpt><trkpt lat="-27.030998333333333" lon="-48.609975"><ele>9.5</ele></trkpt><trkpt lat="-27.031011666666668" lon="-48.60997333333333"><ele>10</ele></trkpt><trkpt lat="-27.03101" lon="-48.60997166666666"><ele>10.7</ele></trkpt><trkpt lat="-27.03100833333333" lon="-48.60997166666666"><ele>11.1</ele></trkpt><trkpt lat="-27.03100833333333" lon="-48.60997166666666"><ele>11.5</ele></trkpt><trkpt lat="-27.03101333333333" lon="-48.609975"><ele>11.9</ele></trkpt><trkpt lat="-27.03101333333333" lon="-48.609975"><ele>11.9</ele></trkpt><trkpt lat="-27.031011666666668" lon="-48.609975"><ele>11.7</ele></trkpt><trkpt lat="-27.031016666666666" lon="-48.60998333333334"><ele>11.7</ele></trkpt><trkpt lat="-27.031021666666668" lon="-48.60998166666666"><ele>11.7</ele></trkpt><trkpt lat="-27.031025" lon="-48.60997833333332"><ele>11.799999999999999</ele></trkpt><trkpt lat="-27.031025" lon="-48.60997833333332"><ele>11.799999999999999</ele></trkpt><trkpt lat="-27.031016666666666" lon="-48.60998166666666"><ele>11.799999999999999</ele></trkpt><trkpt lat="-27.03100833333333" lon="-48.60998333333334"><ele>12</ele></trkpt><trkpt lat="-27.031003333333334" lon="-48.609986666666664"><ele>12.2</ele></trkpt><trkpt lat="-27.03099666666667" lon="-48.609986666666664"><ele>12.1</ele></trkpt><trkpt lat="-27.03099166666667" lon="-48.60998500000001"><ele>12.2</ele></trkpt><trkpt lat="-27.030989999999996" lon="-48.609988333333334"><ele>12.5</ele></trkpt><trkpt lat="-27.030988333333333" lon="-48.609986666666664"><ele>12.5</ele></trkpt><trkpt lat="-27.030988333333333" lon="-48.609986666666664"><ele>12.5</ele></trkpt><trkpt lat="-27.030988333333333" lon="-48.609986666666664"><ele>12.5</ele></trkpt><trkpt lat="-27.030988333333333" lon="-48.609986666666664"><ele>12.5</ele></trkpt><trkpt lat="-27.031000000000002" lon="-48.60994666666667"><ele>13.4</ele></trkpt><trkpt lat="-27.031015000000004" lon="-48.60992666666666"><ele>15.299999999999999</ele></trkpt><trkpt lat="-27.031025" lon="-48.60991166666666"><ele>15.5</ele></trkpt><trkpt lat="-27.03103833333333" lon="-48.60989333333334"><ele>15.7</ele></trkpt><trkpt lat="-27.031055" lon="-48.609874999999995"><ele>16.1</ele></trkpt><trkpt lat="-27.03108166666667" lon="-48.609855"><ele>16.5</ele></trkpt><trkpt lat="-27.0311" lon="-48.609825"><ele>16.400000000000002</ele></trkpt><trkpt lat="-27.031111666666668" lon="-48.609795"><ele>16.3</ele></trkpt><trkpt lat="-27.031121666666664" lon="-48.60977166666667"><ele>16.1</ele></trkpt><trkpt lat="-27.031136666666665" lon="-48.60975"><ele>16</ele></trkpt><trkpt lat="-27.03114833333333" lon="-48.60974666666666"><ele>16.1</ele></trkpt><trkpt lat="-27.031146666666668" lon="-48.60975166666667"><ele>16.400000000000002</ele></trkpt><trkpt lat="-27.031135000000003" lon="-48.60974833333333"><ele>16.400000000000002</ele></trkpt><trkpt lat="-27.031135000000003" lon="-48.60974833333333"><ele>16.400000000000002</ele></trkpt><trkpt lat="-27.03112833333333" lon="-48.60975"><ele>15.9</ele></trkpt><trkpt lat="-27.031123333333333" lon="-48.60975166666667"><ele>15</ele></trkpt><trkpt lat="-27.03111666666667" lon="-48.60975666666666"><ele>14.1</ele></trkpt><trkpt lat="-27.03111333333333" lon="-48.609761666666664"><ele>13.5</ele></trkpt><trkpt lat="-27.031109999999998" lon="-48.609761666666664"><ele>13.5</ele></trkpt><trkpt lat="-27.031108333333336" lon="-48.60976666666667"><ele>13.4</ele></trkpt><trkpt lat="-27.03110333333333" lon="-48.60977"><ele>13.5</ele></trkpt><trkpt lat="-27.03110333333333" lon="-48.60977"><ele>13.5</ele></trkpt><trkpt lat="-27.031101666666668" lon="-48.60977166666667"><ele>13.299999999999999</ele></trkpt><trkpt lat="-27.031101666666668" lon="-48.60977166666667"><ele>13.299999999999999</ele></trkpt><trkpt lat="-27.031101666666668" lon="-48.60977166666667"><ele>13.299999999999999</ele></trkpt><trkpt lat="-27.031106666666666" lon="-48.60975166666667"><ele>13</ele></trkpt><trkpt lat="-27.031118333333332" lon="-48.609730000000006"><ele>12.7</ele></trkpt><trkpt lat="-27.03113166666667" lon="-48.60970333333333"><ele>12.4</ele></trkpt><trkpt lat="-27.031145" lon="-48.609685000000006"><ele>12.2</ele></trkpt><trkpt lat="-27.031155" lon="-48.60967000000001"><ele>12.1</ele></trkpt><trkpt lat="-27.03117333333333" lon="-48.609651666666664"><ele>12</ele></trkpt><trkpt lat="-27.031186666666667" lon="-48.609635"><ele>12.2</ele></trkpt><trkpt lat="-27.031201666666668" lon="-48.60961833333334"><ele>12.299999999999999</ele></trkpt><trkpt lat="-27.031208333333332" lon="-48.609606666666664"><ele>12.5</ele></trkpt><trkpt lat="-27.03120666666667" lon="-48.60960333333334"><ele>12.6</ele></trkpt><trkpt lat="-27.03120666666667" lon="-48.60960166666667"><ele>13</ele></trkpt><trkpt lat="-27.03120666666667" lon="-48.60960166666667"><ele>13</ele></trkpt><trkpt lat="-27.0312" lon="-48.60959"><ele>13.299999999999999</ele></trkpt><trkpt lat="-27.031195000000004" lon="-48.60958666666667"><ele>13.6</ele></trkpt><trkpt lat="-27.031184999999997" lon="-48.60958833333334"><ele>13.7</ele></trkpt><trkpt lat="-27.031181666666665" lon="-48.609585"><ele>14.299999999999999</ele></trkpt><trkpt lat="-27.031180000000003" lon="-48.60958833333334"><ele>14.9</ele></trkpt><trkpt lat="-27.031180000000003" lon="-48.60961"><ele>16</ele></trkpt><trkpt lat="-27.031184999999997" lon="-48.60961333333333"><ele>16.3</ele></trkpt><trkpt lat="-27.031183333333335" lon="-48.609608333333334"><ele>16.400000000000002</ele></trkpt><trkpt lat="-27.031183333333335" lon="-48.609608333333334"><ele>16.400000000000002</ele></trkpt><trkpt lat="-27.031183333333335" lon="-48.609608333333334"><ele>16.400000000000002</ele></trkpt><trkpt lat="-27.031183333333335" lon="-48.609608333333334"><ele>16.400000000000002</ele></trkpt><trkpt lat="-27.031183333333335" lon="-48.609608333333334"><ele>16.400000000000002</ele></trkpt><trkpt lat="-27.031183333333335" lon="-48.609608333333334"><ele>16.400000000000002</ele></trkpt><trkpt lat="-27.031183333333335" lon="-48.609608333333334"><ele>16.400000000000002</ele></trkpt><trkpt lat="-27.031183333333335" lon="-48.609608333333334"><ele>16.400000000000002</ele></trkpt><trkpt lat="-27.031198333333336" lon="-48.60962166666666"><ele>18</ele></trkpt><trkpt lat="-27.03120333333333" lon="-48.60961"><ele>18</ele></trkpt><trkpt lat="-27.031211666666664" lon="-48.60959833333333"><ele>18</ele></trkpt><trkpt lat="-27.031228333333335" lon="-48.60957833333334"><ele>17.6</ele></trkpt><trkpt lat="-27.031246666666668" lon="-48.609555"><ele>17.400000000000002</ele></trkpt><trkpt lat="-27.03126166666667" lon="-48.60953500000001"><ele>17.3</ele></trkpt><trkpt lat="-27.031271666666665" lon="-48.60951"><ele>16.900000000000002</ele></trkpt><trkpt lat="-27.03128333333333" lon="-48.60948499999999"><ele>16.1</ele></trkpt><trkpt lat="-27.031288333333336" lon="-48.609458333333336"><ele>15</ele></trkpt><trkpt lat="-27.03129666666667" lon="-48.609426666666664"><ele>14.299999999999999</ele></trkpt><trkpt lat="-27.03131" lon="-48.60939333333334"><ele>13.6</ele></trkpt><trkpt lat="-27.031330000000004" lon="-48.609370000000006"><ele>13</ele></trkpt><trkpt lat="-27.031336666666668" lon="-48.60934166666666"><ele>13.1</ele></trkpt><trkpt lat="-27.031333333333336" lon="-48.60931166666666"><ele>13.5</ele></trkpt><trkpt lat="-27.031330000000004" lon="-48.609280000000005"><ele>13.2</ele></trkpt><trkpt lat="-27.031331666666667" lon="-48.609235000000005"><ele>13.1</ele></trkpt><trkpt lat="-27.031336666666668" lon="-48.60920333333333"><ele>13.1</ele></trkpt><trkpt lat="-27.031343333333332" lon="-48.609168333333336"><ele>12.9</ele></trkpt><trkpt lat="-27.031348333333334" lon="-48.60913000000001"><ele>12.4</ele></trkpt><trkpt lat="-27.03135666666667" lon="-48.60908166666666"><ele>10.799999999999999</ele></trkpt><trkpt lat="-27.03137333333333" lon="-48.60903833333334"><ele>9.6</ele></trkpt><trkpt lat="-27.03138666666667" lon="-48.609006666666666"><ele>9</ele></trkpt><trkpt lat="-27.031408333333335" lon="-48.60898333333333"><ele>8.3</ele></trkpt><trkpt lat="-27.031408333333335" lon="-48.60897"><ele>8.3</ele></trkpt><trkpt lat="-27.03141666666667" lon="-48.608959999999996"><ele>8.4</ele></trkpt><trkpt lat="-27.031425" lon="-48.60895166666666"><ele>8.4</ele></trkpt><trkpt lat="-27.031439999999996" lon="-48.60894"><ele>7.199999999999999</ele></trkpt><trkpt lat="-27.031448333333334" lon="-48.608935"><ele>6.800000000000001</ele></trkpt><trkpt lat="-27.031448333333334" lon="-48.608935"><ele>6.800000000000001</ele></trkpt><trkpt lat="-27.031451666666666" lon="-48.60893666666666"><ele>6.6</ele></trkpt><trkpt lat="-27.03143166666667" lon="-48.60892333333333"><ele>5.1</ele></trkpt><trkpt lat="-27.03143166666667" lon="-48.60892333333333"><ele>5</ele></trkpt><trkpt lat="-27.03143" lon="-48.608918333333335"><ele>4.4</ele></trkpt><trkpt lat="-27.03143" lon="-48.608918333333335"><ele>4.4</ele></trkpt><trkpt lat="-27.03142666666667" lon="-48.608914999999996"><ele>4</ele></trkpt><trkpt lat="-27.031423333333336" lon="-48.608914999999996"><ele>3.8000000000000003</ele></trkpt><trkpt lat="-27.031423333333336" lon="-48.60891"><ele>3.5</ele></trkpt><trkpt lat="-27.031423333333336" lon="-48.60889999999999"><ele>3.6</ele></trkpt><trkpt lat="-27.03142833333333" lon="-48.60889"><ele>3.2</ele></trkpt><trkpt lat="-27.031435000000002" lon="-48.608875000000005"><ele>3.2</ele></trkpt><trkpt lat="-27.03143166666667" lon="-48.60886166666666"><ele>3.1</ele></trkpt><trkpt lat="-27.031423333333336" lon="-48.60885499999999"><ele>3.1</ele></trkpt><trkpt lat="-27.031420000000004" lon="-48.608853333333336"><ele>3</ele></trkpt><trkpt lat="-27.03141833333333" lon="-48.608853333333336"><ele>3.2</ele></trkpt><trkpt lat="-27.031423333333336" lon="-48.60885666666666"><ele>3.5</ele></trkpt><trkpt lat="-27.031420000000004" lon="-48.60885833333334"><ele>3.8000000000000003</ele></trkpt><trkpt lat="-27.031425" lon="-48.60885833333334"><ele>3.8000000000000003</ele></trkpt><trkpt lat="-27.03143166666667" lon="-48.60886000000001"><ele>4.1</ele></trkpt><trkpt lat="-27.031433333333332" lon="-48.60886166666666"><ele>4.300000000000001</ele></trkpt><trkpt lat="-27.031435000000002" lon="-48.60886333333333"><ele>4.6</ele></trkpt><trkpt lat="-27.031435000000002" lon="-48.60886333333333"><ele>4.6</ele></trkpt><trkpt lat="-27.031436666666664" lon="-48.60886666666667"><ele>4.7</ele></trkpt><trkpt lat="-27.031436666666664" lon="-48.60886666666667"><ele>4.7</ele></trkpt><trkpt lat="-27.031436666666664" lon="-48.60886666666667"><ele>4.7</ele></trkpt><trkpt lat="-27.031436666666664" lon="-48.60886666666667"><ele>4.7</ele></trkpt><trkpt lat="-27.031436666666664" lon="-48.60886666666667"><ele>4.7</ele></trkpt><trkpt lat="-27.031436666666664" lon="-48.60886666666667"><ele>4.7</ele></trkpt><trkpt lat="-27.031436666666664" lon="-48.60886666666667"><ele>4.7</ele></trkpt><trkpt lat="-27.031436666666664" lon="-48.60886666666667"><ele>4.7</ele></trkpt><trkpt lat="-27.031436666666664" lon="-48.60886666666667"><ele>4.7</ele></trkpt><trkpt lat="-27.03143166666667" lon="-48.60888666666666"><ele>4.9</ele></trkpt><trkpt lat="-27.03143166666667" lon="-48.60888333333334"><ele>5.2</ele></trkpt><trkpt lat="-27.03142666666667" lon="-48.60888166666667"><ele>5.800000000000001</ele></trkpt><trkpt lat="-27.03142833333333" lon="-48.608871666666666"><ele>6</ele></trkpt><trkpt lat="-27.03144166666667" lon="-48.608853333333336"><ele>6.199999999999999</ele></trkpt><trkpt lat="-27.031454999999998" lon="-48.60883333333333"><ele>6.4</ele></trkpt><trkpt lat="-27.03146333333333" lon="-48.608805"><ele>6.6</ele></trkpt><trkpt lat="-27.03147333333333" lon="-48.60876666666666"><ele>6.6</ele></trkpt><trkpt lat="-27.031480000000002" lon="-48.60873166666667"><ele>6.5</ele></trkpt><trkpt lat="-27.031484999999996" lon="-48.608696666666674"><ele>6.4</ele></trkpt><trkpt lat="-27.03149" lon="-48.60865999999999"><ele>6.6</ele></trkpt><trkpt lat="-27.03149166666667" lon="-48.60862166666667"><ele>6.5</ele></trkpt><trkpt lat="-27.031496666666666" lon="-48.608583333333335"><ele>6.6</ele></trkpt><trkpt lat="-27.031501666666667" lon="-48.608546666666676"><ele>6.800000000000001</ele></trkpt><trkpt lat="-27.031505" lon="-48.608511666666665"><ele>6.699999999999999</ele></trkpt><trkpt lat="-27.03150666666667" lon="-48.60847999999999"><ele>6.5</ele></trkpt><trkpt lat="-27.03150833333333" lon="-48.608448333333335"><ele>6.4</ele></trkpt><trkpt lat="-27.03151666666667" lon="-48.608426666666674"><ele>6.199999999999999</ele></trkpt><trkpt lat="-27.031523333333332" lon="-48.608395"><ele>4.9</ele></trkpt><trkpt lat="-27.03152" lon="-48.60837"><ele>5.1</ele></trkpt><trkpt lat="-27.03151666666667" lon="-48.60835166666667"><ele>5.1</ele></trkpt><trkpt lat="-27.03151666666667" lon="-48.60834"><ele>5.5</ele></trkpt><trkpt lat="-27.031525000000002" lon="-48.60831499999999"><ele>6.300000000000001</ele></trkpt><trkpt lat="-27.03150666666667" lon="-48.608320000000006"><ele>6.9</ele></trkpt><trkpt lat="-27.031501666666667" lon="-48.60831499999999"><ele>7.9</ele></trkpt><trkpt lat="-27.031501666666667" lon="-48.608308333333326"><ele>8.5</ele></trkpt><trkpt lat="-27.031498333333335" lon="-48.60830666666667"><ele>8.4</ele></trkpt><trkpt lat="-27.031496666666666" lon="-48.60830666666667"><ele>8.2</ele></trkpt><trkpt lat="-27.031496666666666" lon="-48.60830666666667"><ele>7.9</ele></trkpt><trkpt lat="-27.031496666666666" lon="-48.608305"><ele>8</ele></trkpt><trkpt lat="-27.031495000000003" lon="-48.608305"><ele>7.800000000000001</ele></trkpt><trkpt lat="-27.031495000000003" lon="-48.608305"><ele>7.800000000000001</ele></trkpt><trkpt lat="-27.031495000000003" lon="-48.608305"><ele>8</ele></trkpt><trkpt lat="-27.031495000000003" lon="-48.608305"><ele>8</ele></trkpt><trkpt lat="-27.031495000000003" lon="-48.608305"><ele>8.1</ele></trkpt><trkpt lat="-27.03149166666667" lon="-48.608305"><ele>8.1</ele></trkpt><trkpt lat="-27.03149166666667" lon="-48.608305"><ele>8.1</ele></trkpt><trkpt lat="-27.03149166666667" lon="-48.608305"><ele>8.1</ele></trkpt><trkpt lat="-27.03149166666667" lon="-48.608305"><ele>8.1</ele></trkpt><trkpt lat="-27.03149166666667" lon="-48.608305"><ele>8.1</ele></trkpt><trkpt lat="-27.03149166666667" lon="-48.608305"><ele>8.1</ele></trkpt><trkpt lat="-27.03149166666667" lon="-48.608305"><ele>8.1</ele></trkpt><trkpt lat="-27.03149166666667" lon="-48.608305"><ele>8.1</ele></trkpt><trkpt lat="-27.03149166666667" lon="-48.608305"><ele>8.1</ele></trkpt><trkpt lat="-27.03149166666667" lon="-48.608305"><ele>8.1</ele></trkpt><trkpt lat="-27.03150666666667" lon="-48.608295"><ele>8.2</ele></trkpt><trkpt lat="-27.03150666666667" lon="-48.60828333333334"><ele>8</ele></trkpt><trkpt lat="-27.03148666666667" lon="-48.60825166666667"><ele>7</ele></trkpt><trkpt lat="-27.031478333333332" lon="-48.608219999999996"><ele>5.9</ele></trkpt><trkpt lat="-27.03147333333333" lon="-48.60819333333334"><ele>5.300000000000001</ele></trkpt><trkpt lat="-27.03147333333333" lon="-48.60816833333333"><ele>4.4</ele></trkpt><trkpt lat="-27.031475" lon="-48.608141666666675"><ele>4.300000000000001</ele></trkpt><trkpt lat="-27.031483333333334" lon="-48.608115"><ele>4.2</ele></trkpt><trkpt lat="-27.031488333333332" lon="-48.608096666666675"><ele>3.7</ele></trkpt><trkpt lat="-27.031498333333335" lon="-48.60807166666667"><ele>3.3</ele></trkpt><trkpt lat="-27.031495000000003" lon="-48.60803333333333"><ele>3.3</ele></trkpt><trkpt lat="-27.031495000000003" lon="-48.607996666666665"><ele>3.3</ele></trkpt><trkpt lat="-27.031495000000003" lon="-48.607961666666675"><ele>3.4000000000000004</ele></trkpt><trkpt lat="-27.031495000000003" lon="-48.60793"><ele>3.4000000000000004</ele></trkpt><trkpt lat="-27.031498333333335" lon="-48.60789333333334"><ele>3.7</ele></trkpt><trkpt lat="-27.031498333333335" lon="-48.607863333333334"><ele>3.4000000000000004</ele></trkpt><trkpt lat="-27.03150666666667" lon="-48.60783833333333"><ele>3.7</ele></trkpt><trkpt lat="-27.031505" lon="-48.607813333333326"><ele>3.7</ele></trkpt><trkpt lat="-27.031498333333335" lon="-48.60779333333333"><ele>3.7</ele></trkpt><trkpt lat="-27.03150666666667" lon="-48.60777666666666"><ele>4</ele></trkpt><trkpt lat="-27.031515" lon="-48.60775666666667"><ele>4.1</ele></trkpt><trkpt lat="-27.031526666666664" lon="-48.607736666666675"><ele>4.300000000000001</ele></trkpt><trkpt lat="-27.031528333333334" lon="-48.60771833333333"><ele>4.300000000000001</ele></trkpt><trkpt lat="-27.031541666666666" lon="-48.60770000000001"><ele>5</ele></trkpt><trkpt lat="-27.031546666666667" lon="-48.60769333333333"><ele>5</ele></trkpt><trkpt lat="-27.031556666666667" lon="-48.607690000000005"><ele>5.6</ele></trkpt><trkpt lat="-27.031558333333336" lon="-48.607691666666675"><ele>5.9</ele></trkpt><trkpt lat="-27.03156" lon="-48.607690000000005"><ele>6</ele></trkpt><trkpt lat="-27.03156" lon="-48.607690000000005"><ele>6</ele></trkpt><trkpt lat="-27.031558333333336" lon="-48.607690000000005"><ele>5.5</ele></trkpt><trkpt lat="-27.031555000000004" lon="-48.607690000000005"><ele>5.9</ele></trkpt><trkpt lat="-27.03154833333333" lon="-48.607688333333336"><ele>6</ele></trkpt><trkpt lat="-27.031544999999998" lon="-48.607691666666675"><ele>6.199999999999999</ele></trkpt><trkpt lat="-27.031541666666666" lon="-48.60769666666667"><ele>6.5</ele></trkpt><trkpt lat="-27.031540000000003" lon="-48.60769666666667"><ele>6.5</ele></trkpt><trkpt lat="-27.031538333333334" lon="-48.607695"><ele>6.4</ele></trkpt><trkpt lat="-27.031538333333334" lon="-48.607695"><ele>6.4</ele></trkpt><trkpt lat="-27.031538333333334" lon="-48.607695"><ele>6.4</ele></trkpt><trkpt lat="-27.031533333333332" lon="-48.607688333333336"><ele>6.300000000000001</ele></trkpt><trkpt lat="-27.031535" lon="-48.607675"><ele>6.199999999999999</ele></trkpt><trkpt lat="-27.031538333333334" lon="-48.60765500000001"><ele>6.4</ele></trkpt><trkpt lat="-27.031529999999997" lon="-48.60763"><ele>5.9</ele></trkpt><trkpt lat="-27.031528333333334" lon="-48.607601666666675"><ele>5.5</ele></trkpt><trkpt lat="-27.031525000000002" lon="-48.607575"><ele>5</ele></trkpt><trkpt lat="-27.03152" lon="-48.60755000000001"><ele>4.4</ele></trkpt><trkpt lat="-27.03151833333333" lon="-48.60752333333333"><ele>4</ele></trkpt><trkpt lat="-27.031515" lon="-48.607498333333325"><ele>3.8000000000000003</ele></trkpt><trkpt lat="-27.03152" lon="-48.60747500000001"><ele>3.3</ele></trkpt><trkpt lat="-27.031521666666663" lon="-48.607453333333325"><ele>3.6</ele></trkpt><trkpt lat="-27.031525000000002" lon="-48.607445000000006"><ele>3.8000000000000003</ele></trkpt><trkpt lat="-27.031526666666664" lon="-48.607445000000006"><ele>3.9</ele></trkpt><trkpt lat="-27.031528333333334" lon="-48.60743666666667"><ele>3.6</ele></trkpt><trkpt lat="-27.031528333333334" lon="-48.60743000000001"><ele>3.5</ele></trkpt><trkpt lat="-27.031528333333334" lon="-48.60742833333334"><ele>3.5</ele></trkpt><trkpt lat="-27.031528333333334" lon="-48.60742833333334"><ele>3.5</ele></trkpt><trkpt lat="-27.031528333333334" lon="-48.60743166666666"><ele>3.7</ele></trkpt><trkpt lat="-27.031528333333334" lon="-48.607435"><ele>3.9</ele></trkpt><trkpt lat="-27.031528333333334" lon="-48.607443333333336"><ele>4.800000000000001</ele></trkpt><trkpt lat="-27.031528333333334" lon="-48.60745"><ele>5.6</ele></trkpt><trkpt lat="-27.03153166666667" lon="-48.60745166666667"><ele>6.4</ele></trkpt><trkpt lat="-27.031533333333332" lon="-48.607454999999995"><ele>6.6</ele></trkpt><trkpt lat="-27.031535" lon="-48.607456666666664"><ele>6.6</ele></trkpt><trkpt lat="-27.031536666666664" lon="-48.607458333333334"><ele>6.6</ele></trkpt><trkpt lat="-27.031536666666664" lon="-48.607458333333334"><ele>6.6</ele></trkpt><trkpt lat="-27.031536666666664" lon="-48.607458333333334"><ele>6.6</ele></trkpt><trkpt lat="-27.031536666666664" lon="-48.607458333333334"><ele>6.6</ele></trkpt><trkpt lat="-27.031536666666664" lon="-48.607458333333334"><ele>6.6</ele></trkpt><trkpt lat="-27.031536666666664" lon="-48.607458333333334"><ele>6.6</ele></trkpt><trkpt lat="-27.031573333333334" lon="-48.60746833333333"><ele>6.5</ele></trkpt><trkpt lat="-27.031574999999997" lon="-48.60746000000001"><ele>6.699999999999999</ele></trkpt><trkpt lat="-27.031574999999997" lon="-48.60743833333333"><ele>6.5</ele></trkpt><trkpt lat="-27.031578333333332" lon="-48.607413333333334"><ele>6</ele></trkpt><trkpt lat="-27.031578333333332" lon="-48.60739166666667"><ele>5.800000000000001</ele></trkpt><trkpt lat="-27.031574999999997" lon="-48.60736833333333"><ele>5.5</ele></trkpt><trkpt lat="-27.031578333333332" lon="-48.60733666666667"><ele>5.4</ele></trkpt><trkpt lat="-27.031578333333332" lon="-48.607308333333336"><ele>5.4</ele></trkpt><trkpt lat="-27.031573333333334" lon="-48.60727166666667"><ele>4.9</ele></trkpt><trkpt lat="-27.031573333333334" lon="-48.607238333333335"><ele>4.7</ele></trkpt><trkpt lat="-27.03157666666667" lon="-48.60720333333334"><ele>3.6</ele></trkpt><trkpt lat="-27.031589999999998" lon="-48.607171666666666"><ele>3.7</ele></trkpt><trkpt lat="-27.031600000000005" lon="-48.60714500000001"><ele>3.6</ele></trkpt><trkpt lat="-27.03159833333333" lon="-48.607126666666666"><ele>3.8000000000000003</ele></trkpt><trkpt lat="-27.031600000000005" lon="-48.607105000000004"><ele>4.4</ele></trkpt><trkpt lat="-27.031595" lon="-48.60708833333333"><ele>5.300000000000001</ele></trkpt><trkpt lat="-27.031589999999998" lon="-48.607079999999996"><ele>6</ele></trkpt><trkpt lat="-27.031586666666666" lon="-48.607079999999996"><ele>7.199999999999999</ele></trkpt><trkpt lat="-27.031583333333334" lon="-48.60707833333333"><ele>7.5</ele></trkpt><trkpt lat="-27.031578333333332" lon="-48.607079999999996"><ele>8</ele></trkpt><trkpt lat="-27.031571666666665" lon="-48.607079999999996"><ele>8.9</ele></trkpt><trkpt lat="-27.031571666666665" lon="-48.607079999999996"><ele>8.9</ele></trkpt><trkpt lat="-27.031570000000002" lon="-48.607079999999996"><ele>9.5</ele></trkpt><trkpt lat="-27.031570000000002" lon="-48.60707666666667"><ele>10.2</ele></trkpt><trkpt lat="-27.031565" lon="-48.60707333333333"><ele>10.799999999999999</ele></trkpt><trkpt lat="-27.031558333333336" lon="-48.60707333333333"><ele>10.7</ele></trkpt><trkpt lat="-27.031555000000004" lon="-48.60707166666666"><ele>10.7</ele></trkpt><trkpt lat="-27.031556666666667" lon="-48.60707000000001"><ele>10.7</ele></trkpt><trkpt lat="-27.03156" lon="-48.607061666666674"><ele>10.5</ele></trkpt><trkpt lat="-27.031555000000004" lon="-48.607060000000004"><ele>10.4</ele></trkpt><trkpt lat="-27.031555000000004" lon="-48.60705666666666"><ele>10.4</ele></trkpt><trkpt lat="-27.03155166666666" lon="-48.60705500000001"><ele>10.4</ele></trkpt><trkpt lat="-27.03155166666666" lon="-48.60705500000001"><ele>10.4</ele></trkpt><trkpt lat="-27.03155166666666" lon="-48.60705500000001"><ele>10.4</ele></trkpt><trkpt lat="-27.03155166666666" lon="-48.60705500000001"><ele>10.4</ele></trkpt><trkpt lat="-27.03155166666666" lon="-48.60705500000001"><ele>10.4</ele></trkpt><trkpt lat="-27.03155166666666" lon="-48.60705500000001"><ele>10.4</ele></trkpt><trkpt lat="-27.03155166666666" lon="-48.60705500000001"><ele>10.4</ele></trkpt><trkpt lat="-27.03155166666666" lon="-48.60705500000001"><ele>10.4</ele></trkpt><trkpt lat="-27.03155166666666" lon="-48.60705500000001"><ele>10.4</ele></trkpt><trkpt lat="-27.03155166666666" lon="-48.60705500000001"><ele>10.4</ele></trkpt><trkpt lat="-27.03155166666666" lon="-48.60705500000001"><ele>10.4</ele></trkpt><trkpt lat="-27.03155166666666" lon="-48.60705500000001"><ele>10.4</ele></trkpt><trkpt lat="-27.03155166666666" lon="-48.60705500000001"><ele>10.4</ele></trkpt><trkpt lat="-27.03152" lon="-48.607060000000004"><ele>13.2</ele></trkpt><trkpt lat="-27.031528333333334" lon="-48.60705666666666"><ele>13.2</ele></trkpt><trkpt lat="-27.031558333333336" lon="-48.607060000000004"><ele>12.5</ele></trkpt><trkpt lat="-27.03156333333333" lon="-48.607060000000004"><ele>12.6</ele></trkpt><trkpt lat="-27.03156333333333" lon="-48.607060000000004"><ele>12.6</ele></trkpt><trkpt lat="-27.03156333333333" lon="-48.607060000000004"><ele>12.6</ele></trkpt><trkpt lat="-27.03156333333333" lon="-48.607060000000004"><ele>12.6</ele></trkpt><trkpt lat="-27.031574999999997" lon="-48.60707000000001"><ele>13.799999999999999</ele></trkpt><trkpt lat="-27.03158" lon="-48.607061666666674"><ele>14</ele></trkpt><trkpt lat="-27.031581666666664" lon="-48.60705333333333"><ele>14.1</ele></trkpt><trkpt lat="-27.031578333333332" lon="-48.60704666666667"><ele>14.2</ele></trkpt><trkpt lat="-27.03158" lon="-48.607045"><ele>14.5</ele></trkpt><trkpt lat="-27.03158" lon="-48.607048333333324"><ele>14.7</ele></trkpt><trkpt lat="-27.03158" lon="-48.607048333333324"><ele>14.7</ele></trkpt><trkpt lat="-27.031573333333334" lon="-48.607048333333324"><ele>14.7</ele></trkpt><trkpt lat="-27.03158" lon="-48.60704666666667"><ele>14.9</ele></trkpt><trkpt lat="-27.031581666666664" lon="-48.607048333333324"><ele>14.9</ele></trkpt><trkpt lat="-27.031581666666664" lon="-48.60704666666667"><ele>15</ele></trkpt><trkpt lat="-27.031583333333334" lon="-48.607049999999994"><ele>15.1</ele></trkpt><trkpt lat="-27.031585000000003" lon="-48.60705166666666"><ele>15.1</ele></trkpt><trkpt lat="-27.031585000000003" lon="-48.60705166666666"><ele>15.1</ele></trkpt><trkpt lat="-27.031585000000003" lon="-48.60705166666666"><ele>15.1</ele></trkpt><trkpt lat="-27.031585000000003" lon="-48.60705166666666"><ele>15.1</ele></trkpt><trkpt lat="-27.031585000000003" lon="-48.60705166666666"><ele>15.1</ele></trkpt><trkpt lat="-27.031585000000003" lon="-48.60705166666666"><ele>15.1</ele></trkpt><trkpt lat="-27.031585000000003" lon="-48.60705166666666"><ele>15.1</ele></trkpt><trkpt lat="-27.031585000000003" lon="-48.60705166666666"><ele>15.1</ele></trkpt><trkpt lat="-27.031585000000003" lon="-48.60705166666666"><ele>15.1</ele></trkpt><trkpt lat="-27.031585000000003" lon="-48.60705166666666"><ele>15.1</ele></trkpt><trkpt lat="-27.031616666666665" lon="-48.607048333333324"><ele>15.299999999999999</ele></trkpt><trkpt lat="-27.031613333333333" lon="-48.60704666666667"><ele>15.2</ele></trkpt><trkpt lat="-27.031615000000002" lon="-48.60704666666667"><ele>14.9</ele></trkpt><trkpt lat="-27.031613333333333" lon="-48.607048333333324"><ele>14.7</ele></trkpt><trkpt lat="-27.031613333333333" lon="-48.607048333333324"><ele>14.7</ele></trkpt><trkpt lat="-27.031613333333333" lon="-48.607048333333324"><ele>14.7</ele></trkpt><trkpt lat="-27.031613333333333" lon="-48.607048333333324"><ele>14.7</ele></trkpt><trkpt lat="-27.031613333333333" lon="-48.607048333333324"><ele>14.7</ele></trkpt><trkpt lat="-27.031613333333333" lon="-48.607048333333324"><ele>14.7</ele></trkpt><trkpt lat="-27.031613333333333" lon="-48.607048333333324"><ele>14.7</ele></trkpt><trkpt lat="-27.031613333333333" lon="-48.607048333333324"><ele>14.7</ele></trkpt><trkpt lat="-27.031613333333333" lon="-48.607048333333324"><ele>14.7</ele></trkpt><trkpt lat="-27.031613333333333" lon="-48.607048333333324"><ele>14.7</ele></trkpt><trkpt lat="-27.031613333333333" lon="-48.607048333333324"><ele>14.7</ele></trkpt><trkpt lat="-27.031613333333333" lon="-48.607048333333324"><ele>14.7</ele></trkpt><trkpt lat="-27.031613333333333" lon="-48.607048333333324"><ele>14.7</ele></trkpt><trkpt lat="-27.031613333333333" lon="-48.607048333333324"><ele>14.7</ele></trkpt><trkpt lat="-27.031613333333333" lon="-48.607048333333324"><ele>14.7</ele></trkpt><trkpt lat="-27.031613333333333" lon="-48.607048333333324"><ele>14.7</ele></trkpt><trkpt lat="-27.031613333333333" lon="-48.607048333333324"><ele>14.7</ele></trkpt><trkpt lat="-27.031613333333333" lon="-48.607048333333324"><ele>14.7</ele></trkpt><trkpt lat="-27.031613333333333" lon="-48.607048333333324"><ele>14.7</ele></trkpt><trkpt lat="-27.031613333333333" lon="-48.607048333333324"><ele>14.7</ele></trkpt><trkpt lat="-27.031613333333333" lon="-48.607048333333324"><ele>14.7</ele></trkpt><trkpt lat="-27.031613333333333" lon="-48.607048333333324"><ele>14.7</ele></trkpt><trkpt lat="-27.031613333333333" lon="-48.607048333333324"><ele>14.7</ele></trkpt><trkpt lat="-27.031613333333333" lon="-48.607048333333324"><ele>14.7</ele></trkpt><trkpt lat="-27.031613333333333" lon="-48.607048333333324"><ele>14.7</ele></trkpt><trkpt lat="-27.031613333333333" lon="-48.607048333333324"><ele>14.7</ele></trkpt><trkpt lat="-27.031613333333333" lon="-48.607048333333324"><ele>14.7</ele></trkpt><trkpt lat="-27.031613333333333" lon="-48.607048333333324"><ele>14.7</ele></trkpt><trkpt lat="-27.031613333333333" lon="-48.607048333333324"><ele>14.7</ele></trkpt><trkpt lat="-27.031613333333333" lon="-48.607048333333324"><ele>14.7</ele></trkpt><trkpt lat="-27.031613333333333" lon="-48.607048333333324"><ele>14.7</ele></trkpt><trkpt lat="-27.031613333333333" lon="-48.607048333333324"><ele>14.7</ele></trkpt><trkpt lat="-27.031613333333333" lon="-48.607048333333324"><ele>14.7</ele></trkpt><trkpt lat="-27.031613333333333" lon="-48.607048333333324"><ele>14.7</ele></trkpt><trkpt lat="-27.031613333333333" lon="-48.607048333333324"><ele>14.7</ele></trkpt><trkpt lat="-27.031613333333333" lon="-48.607048333333324"><ele>14.7</ele></trkpt><trkpt lat="-27.031613333333333" lon="-48.607048333333324"><ele>14.7</ele></trkpt><trkpt lat="-27.031613333333333" lon="-48.607048333333324"><ele>14.7</ele></trkpt><trkpt lat="-27.031613333333333" lon="-48.607048333333324"><ele>14.7</ele></trkpt><trkpt lat="-27.031628333333334" lon="-48.60702500000001"><ele>19</ele></trkpt><trkpt lat="-27.03162166666667" lon="-48.60703"><ele>19</ele></trkpt><trkpt lat="-27.031616666666665" lon="-48.60703166666667"><ele>18.6</ele></trkpt><trkpt lat="-27.031611666666663" lon="-48.60703166666667"><ele>18.1</ele></trkpt><trkpt lat="-27.031611666666663" lon="-48.60703166666667"><ele>18.1</ele></trkpt><trkpt lat="-27.031611666666663" lon="-48.60703166666667"><ele>18.1</ele></trkpt><trkpt lat="-27.031611666666663" lon="-48.60703166666667"><ele>18.1</ele></trkpt><trkpt lat="-27.031611666666663" lon="-48.60703166666667"><ele>18.1</ele></trkpt><trkpt lat="-27.031611666666663" lon="-48.60703166666667"><ele>18.1</ele></trkpt><trkpt lat="-27.031611666666663" lon="-48.60703166666667"><ele>18.1</ele></trkpt><trkpt lat="-27.031611666666663" lon="-48.60703166666667"><ele>18.1</ele></trkpt><trkpt lat="-27.031611666666663" lon="-48.60703166666667"><ele>18.1</ele></trkpt><trkpt lat="-27.031611666666663" lon="-48.60703166666667"><ele>18.1</ele></trkpt><trkpt lat="-27.031611666666663" lon="-48.60703166666667"><ele>18.1</ele></trkpt><trkpt lat="-27.031611666666663" lon="-48.60703166666667"><ele>18.1</ele></trkpt><trkpt lat="-27.031611666666663" lon="-48.60703166666667"><ele>18.1</ele></trkpt><trkpt lat="-27.031611666666663" lon="-48.60703166666667"><ele>18.1</ele></trkpt><trkpt lat="-27.031611666666663" lon="-48.60703166666667"><ele>18.1</ele></trkpt><trkpt lat="-27.031611666666663" lon="-48.60703166666667"><ele>18.1</ele></trkpt><trkpt lat="-27.031611666666663" lon="-48.60703166666667"><ele>18.1</ele></trkpt><trkpt lat="-27.031611666666663" lon="-48.60703166666667"><ele>18.1</ele></trkpt><trkpt lat="-27.031611666666663" lon="-48.60703166666667"><ele>18.1</ele></trkpt><trkpt lat="-27.031611666666663" lon="-48.60703166666667"><ele>18.1</ele></trkpt><trkpt lat="-27.031611666666663" lon="-48.60703166666667"><ele>18.1</ele></trkpt><trkpt lat="-27.031611666666663" lon="-48.60703166666667"><ele>18.1</ele></trkpt><trkpt lat="-27.031611666666663" lon="-48.60703166666667"><ele>18.1</ele></trkpt><trkpt lat="-27.031611666666663" lon="-48.60703166666667"><ele>18.1</ele></trkpt><trkpt lat="-27.031611666666663" lon="-48.60703166666667"><ele>18.1</ele></trkpt><trkpt lat="-27.031611666666663" lon="-48.60703166666667"><ele>18.1</ele></trkpt><trkpt lat="-27.031611666666663" lon="-48.60703166666667"><ele>18.1</ele></trkpt><trkpt lat="-27.031611666666663" lon="-48.60703166666667"><ele>18.1</ele></trkpt><trkpt lat="-27.031611666666663" lon="-48.60703166666667"><ele>18.1</ele></trkpt><trkpt lat="-27.031611666666663" lon="-48.60703166666667"><ele>18.1</ele></trkpt><trkpt lat="-27.031611666666663" lon="-48.60703166666667"><ele>18.1</ele></trkpt><trkpt lat="-27.031611666666663" lon="-48.60703166666667"><ele>18.1</ele></trkpt><trkpt lat="-27.031611666666663" lon="-48.60703166666667"><ele>18.1</ele></trkpt><trkpt lat="-27.031631666666666" lon="-48.60703"><ele>14</ele></trkpt><trkpt lat="-27.031623333333332" lon="-48.60703166666667"><ele>13.799999999999999</ele></trkpt><trkpt lat="-27.031615000000002" lon="-48.60702833333333"><ele>13.7</ele></trkpt><trkpt lat="-27.031603333333337" lon="-48.60702666666666"><ele>13.5</ele></trkpt><trkpt lat="-27.031603333333337" lon="-48.60702666666666"><ele>13.5</ele></trkpt><trkpt lat="-27.031595" lon="-48.60702500000001"><ele>13.4</ele></trkpt><trkpt lat="-27.031595" lon="-48.60702500000001"><ele>13.4</ele></trkpt><trkpt lat="-27.031595" lon="-48.60702500000001"><ele>13.4</ele></trkpt><trkpt lat="-27.031595" lon="-48.60702500000001"><ele>13.4</ele></trkpt><trkpt lat="-27.03158" lon="-48.60702500000001"><ele>13.299999999999999</ele></trkpt><trkpt lat="-27.031574999999997" lon="-48.60702333333334"><ele>13.4</ele></trkpt><trkpt lat="-27.031574999999997" lon="-48.60702666666666"><ele>13.1</ele></trkpt><trkpt lat="-27.031574999999997" lon="-48.60702666666666"><ele>13.4</ele></trkpt><trkpt lat="-27.031574999999997" lon="-48.60702666666666"><ele>13.4</ele></trkpt><trkpt lat="-27.031573333333334" lon="-48.60702333333334"><ele>13.4</ele></trkpt><trkpt lat="-27.031573333333334" lon="-48.60702333333334"><ele>13.4</ele></trkpt><trkpt lat="-27.031573333333334" lon="-48.60702333333334"><ele>13.5</ele></trkpt><trkpt lat="-27.031574999999997" lon="-48.60702333333334"><ele>13.6</ele></trkpt><trkpt lat="-27.031574999999997" lon="-48.60702333333334"><ele>13.6</ele></trkpt><trkpt lat="-27.031574999999997" lon="-48.60702333333334"><ele>13.6</ele></trkpt><trkpt lat="-27.031574999999997" lon="-48.60702333333334"><ele>13.6</ele></trkpt><trkpt lat="-27.031574999999997" lon="-48.60702333333334"><ele>13.6</ele></trkpt><trkpt lat="-27.031574999999997" lon="-48.60702333333334"><ele>13.6</ele></trkpt><trkpt lat="-27.031574999999997" lon="-48.60702333333334"><ele>13.6</ele></trkpt><trkpt lat="-27.031574999999997" lon="-48.60702333333334"><ele>13.6</ele></trkpt><trkpt lat="-27.031574999999997" lon="-48.60702333333334"><ele>13.6</ele></trkpt><trkpt lat="-27.031574999999997" lon="-48.60702333333334"><ele>13.6</ele></trkpt><trkpt lat="-27.031574999999997" lon="-48.60702333333334"><ele>13.6</ele></trkpt><trkpt lat="-27.031574999999997" lon="-48.60702333333334"><ele>13.6</ele></trkpt><trkpt lat="-27.031574999999997" lon="-48.60702333333334"><ele>13.6</ele></trkpt><trkpt lat="-27.031574999999997" lon="-48.60702333333334"><ele>13.6</ele></trkpt><trkpt lat="-27.031574999999997" lon="-48.60702333333334"><ele>13.6</ele></trkpt><trkpt lat="-27.031583333333334" lon="-48.607040000000005"><ele>14.1</ele></trkpt><trkpt lat="-27.03157666666667" lon="-48.607045"><ele>13.7</ele></trkpt><trkpt lat="-27.031574999999997" lon="-48.607045"><ele>13.2</ele></trkpt><trkpt lat="-27.031570000000002" lon="-48.607045"><ele>13.1</ele></trkpt><trkpt lat="-27.031566666666663" lon="-48.607049999999994"><ele>13.2</ele></trkpt><trkpt lat="-27.031566666666663" lon="-48.607049999999994"><ele>13.2</ele></trkpt><trkpt lat="-27.031566666666663" lon="-48.607049999999994"><ele>13.2</ele></trkpt><trkpt lat="-27.031566666666663" lon="-48.607049999999994"><ele>13.2</ele></trkpt><trkpt lat="-27.031566666666663" lon="-48.607049999999994"><ele>13.2</ele></trkpt><trkpt lat="-27.031566666666663" lon="-48.607049999999994"><ele>13.2</ele></trkpt><trkpt lat="-27.031566666666663" lon="-48.607049999999994"><ele>13.2</ele></trkpt><trkpt lat="-27.031566666666663" lon="-48.60705666666666"><ele>11.4</ele></trkpt><trkpt lat="-27.031571666666665" lon="-48.60704166666666"><ele>11.299999999999999</ele></trkpt><trkpt lat="-27.031581666666664" lon="-48.60701833333333"><ele>11.299999999999999</ele></trkpt><trkpt lat="-27.031585000000003" lon="-48.606989999999996"><ele>10.799999999999999</ele></trkpt><trkpt lat="-27.031581666666664" lon="-48.60696666666666"><ele>11.1</ele></trkpt><trkpt lat="-27.031586666666666" lon="-48.60694"><ele>11.4</ele></trkpt><trkpt lat="-27.031589999999998" lon="-48.60691166666667"><ele>11.5</ele></trkpt><trkpt lat="-27.03159333333333" lon="-48.606880000000004"><ele>11.5</ele></trkpt><trkpt lat="-27.03159833333333" lon="-48.60684166666667"><ele>11.4</ele></trkpt><trkpt lat="-27.031596666666662" lon="-48.60680666666667"><ele>11.2</ele></trkpt><trkpt lat="-27.031596666666662" lon="-48.606775"><ele>11</ele></trkpt><trkpt lat="-27.031600000000005" lon="-48.606745000000004"><ele>10.9</ele></trkpt><trkpt lat="-27.031603333333337" lon="-48.60671166666666"><ele>10.7</ele></trkpt><trkpt lat="-27.03160833333333" lon="-48.606674999999996"><ele>10.5</ele></trkpt><trkpt lat="-27.031616666666665" lon="-48.60664166666667"><ele>10.299999999999999</ele></trkpt><trkpt lat="-27.031623333333332" lon="-48.606615"><ele>10</ele></trkpt><trkpt lat="-27.031628333333334" lon="-48.606588333333335"><ele>9.9</ele></trkpt><trkpt lat="-27.031628333333334" lon="-48.60655499999999"><ele>10</ele></trkpt><trkpt lat="-27.031631666666666" lon="-48.60653000000001"><ele>9.6</ele></trkpt><trkpt lat="-27.031634999999998" lon="-48.60650999999999"><ele>9</ele></trkpt><trkpt lat="-27.03164" lon="-48.60649"><ele>8.8</ele></trkpt><trkpt lat="-27.031634999999998" lon="-48.606473333333334"><ele>8.4</ele></trkpt><trkpt lat="-27.031633333333335" lon="-48.60646"><ele>8.1</ele></trkpt><trkpt lat="-27.031633333333335" lon="-48.606453333333334"><ele>7.6</ele></trkpt><trkpt lat="-27.031641666666662" lon="-48.606445"><ele>7.800000000000001</ele></trkpt><trkpt lat="-27.031646666666667" lon="-48.60644166666666"><ele>7.800000000000001</ele></trkpt><trkpt lat="-27.03165166666667" lon="-48.60643666666667"><ele>7.1</ele></trkpt><trkpt lat="-27.03165333333333" lon="-48.60643166666667"><ele>6.4</ele></trkpt><trkpt lat="-27.031656666666663" lon="-48.60642500000001"><ele>6.300000000000001</ele></trkpt><trkpt lat="-27.031658333333333" lon="-48.606428333333334"><ele>6.199999999999999</ele></trkpt><trkpt lat="-27.031661666666665" lon="-48.60642333333333"><ele>6.199999999999999</ele></trkpt><trkpt lat="-27.031661666666665" lon="-48.60643"><ele>6.5</ele></trkpt><trkpt lat="-27.031660000000002" lon="-48.606428333333334"><ele>6.4</ele></trkpt><trkpt lat="-27.031658333333333" lon="-48.60643"><ele>6.300000000000001</ele></trkpt><trkpt lat="-27.031660000000002" lon="-48.60643166666667"><ele>6.300000000000001</ele></trkpt><trkpt lat="-27.031660000000002" lon="-48.60643166666667"><ele>6.300000000000001</ele></trkpt><trkpt lat="-27.031660000000002" lon="-48.60643166666667"><ele>6.300000000000001</ele></trkpt><trkpt lat="-27.031660000000002" lon="-48.60643166666667"><ele>6.300000000000001</ele></trkpt><trkpt lat="-27.031660000000002" lon="-48.60643166666667"><ele>6.300000000000001</ele></trkpt><trkpt lat="-27.031660000000002" lon="-48.60643166666667"><ele>6.300000000000001</ele></trkpt><trkpt lat="-27.031660000000002" lon="-48.60643166666667"><ele>6.300000000000001</ele></trkpt><trkpt lat="-27.031656666666663" lon="-48.60643333333334"><ele>6.5</ele></trkpt><trkpt lat="-27.03165" lon="-48.60643666666667"><ele>6.6</ele></trkpt><trkpt lat="-27.031646666666667" lon="-48.606435"><ele>6.300000000000001</ele></trkpt><trkpt lat="-27.031646666666667" lon="-48.606435"><ele>6.300000000000001</ele></trkpt><trkpt lat="-27.031636666666667" lon="-48.60642666666666"><ele>6.300000000000001</ele></trkpt><trkpt lat="-27.031633333333335" lon="-48.60641666666667"><ele>6</ele></trkpt><trkpt lat="-27.031633333333335" lon="-48.60641666666667"><ele>6</ele></trkpt><trkpt lat="-27.031633333333335" lon="-48.60641666666667"><ele>6</ele></trkpt><trkpt lat="-27.031633333333335" lon="-48.60641666666667"><ele>6</ele></trkpt><trkpt lat="-27.031633333333335" lon="-48.60641666666667"><ele>6</ele></trkpt><trkpt lat="-27.031633333333335" lon="-48.60641666666667"><ele>6</ele></trkpt><trkpt lat="-27.031633333333335" lon="-48.60641666666667"><ele>6</ele></trkpt><trkpt lat="-27.031633333333335" lon="-48.60641666666667"><ele>6</ele></trkpt><trkpt lat="-27.031633333333335" lon="-48.60641666666667"><ele>6</ele></trkpt><trkpt lat="-27.031633333333335" lon="-48.60641666666667"><ele>6</ele></trkpt><trkpt lat="-27.031633333333335" lon="-48.60641666666667"><ele>6</ele></trkpt><trkpt lat="-27.031633333333335" lon="-48.60641666666667"><ele>6</ele></trkpt><trkpt lat="-27.031633333333335" lon="-48.60641666666667"><ele>6</ele></trkpt><trkpt lat="-27.031633333333335" lon="-48.60641666666667"><ele>6</ele></trkpt><trkpt lat="-27.031633333333335" lon="-48.60641666666667"><ele>6</ele></trkpt><trkpt lat="-27.031633333333335" lon="-48.60641666666667"><ele>6</ele></trkpt><trkpt lat="-27.031595" lon="-48.60641333333333"><ele>7.800000000000001</ele></trkpt><trkpt lat="-27.031605" lon="-48.60640166666667"><ele>8.5</ele></trkpt><trkpt lat="-27.031611666666663" lon="-48.60639"><ele>9.2</ele></trkpt><trkpt lat="-27.031623333333332" lon="-48.60636833333333"><ele>9.2</ele></trkpt><trkpt lat="-27.031625000000002" lon="-48.60634833333334"><ele>10</ele></trkpt><trkpt lat="-27.031625000000002" lon="-48.60633500000001"><ele>11</ele></trkpt><trkpt lat="-27.031628333333334" lon="-48.606320000000004"><ele>11</ele></trkpt><trkpt lat="-27.031626666666664" lon="-48.606318333333334"><ele>11.5</ele></trkpt><trkpt lat="-27.03162166666667" lon="-48.606318333333334"><ele>11.7</ele></trkpt><trkpt lat="-27.031615000000002" lon="-48.606320000000004"><ele>12.2</ele></trkpt><trkpt lat="-27.03160833333333" lon="-48.60632333333333"><ele>12.5</ele></trkpt><trkpt lat="-27.031603333333337" lon="-48.60632666666667"><ele>12.6</ele></trkpt><trkpt lat="-27.03160666666667" lon="-48.60632333333333"><ele>12.4</ele></trkpt><trkpt lat="-27.03160666666667" lon="-48.606316666666665"><ele>11.9</ele></trkpt><trkpt lat="-27.03160666666667" lon="-48.60630166666667"><ele>11.299999999999999</ele></trkpt><trkpt lat="-27.031611666666663" lon="-48.60628666666666"><ele>11.1</ele></trkpt><trkpt lat="-27.031618333333334" lon="-48.60626833333334"><ele>10.799999999999999</ele></trkpt><trkpt lat="-27.031623333333332" lon="-48.60624500000001"><ele>10.2</ele></trkpt><trkpt lat="-27.031628333333334" lon="-48.60622166666667"><ele>9.5</ele></trkpt><trkpt lat="-27.031631666666666" lon="-48.60620333333333"><ele>9.1</ele></trkpt><trkpt lat="-27.031631666666666" lon="-48.60618666666666"><ele>8.8</ele></trkpt><trkpt lat="-27.031634999999998" lon="-48.60617666666667"><ele>8.6</ele></trkpt><trkpt lat="-27.03163833333333" lon="-48.60617666666667"><ele>7.9</ele></trkpt><trkpt lat="-27.031634999999998" lon="-48.606181666666664"><ele>7.699999999999999</ele></trkpt><trkpt lat="-27.031631666666666" lon="-48.606181666666664"><ele>7.699999999999999</ele></trkpt><trkpt lat="-27.031630000000003" lon="-48.606183333333334"><ele>8</ele></trkpt><trkpt lat="-27.031630000000003" lon="-48.60618666666666"><ele>8.2</ele></trkpt><trkpt lat="-27.031630000000003" lon="-48.60618833333333"><ele>8.4</ele></trkpt><trkpt lat="-27.031630000000003" lon="-48.60619"><ele>8.7</ele></trkpt><trkpt lat="-27.031630000000003" lon="-48.606185"><ele>9.2</ele></trkpt><trkpt lat="-27.031630000000003" lon="-48.606185"><ele>9.2</ele></trkpt><trkpt lat="-27.031628333333334" lon="-48.60617166666666"><ele>9.4</ele></trkpt><trkpt lat="-27.031630000000003" lon="-48.60615666666666"><ele>9.6</ele></trkpt><trkpt lat="-27.031631666666666" lon="-48.60614833333334"><ele>9.799999999999999</ele></trkpt><trkpt lat="-27.031634999999998" lon="-48.60614166666666"><ele>10.2</ele></trkpt><trkpt lat="-27.031634999999998" lon="-48.60613166666667"><ele>10.5</ele></trkpt><trkpt lat="-27.031634999999998" lon="-48.60613166666667"><ele>10.5</ele></trkpt><trkpt lat="-27.031633333333335" lon="-48.60613"><ele>9.9</ele></trkpt><trkpt lat="-27.031636666666667" lon="-48.606115"><ele>9.4</ele></trkpt><trkpt lat="-27.03164" lon="-48.60610166666667"><ele>9.2</ele></trkpt><trkpt lat="-27.031641666666662" lon="-48.60608666666667"><ele>8.9</ele></trkpt><trkpt lat="-27.03164" lon="-48.60607333333334"><ele>8.7</ele></trkpt><trkpt lat="-27.031646666666667" lon="-48.60605166666666"><ele>8.5</ele></trkpt><trkpt lat="-27.03165333333333" lon="-48.60603"><ele>7.199999999999999</ele></trkpt><trkpt lat="-27.031658333333333" lon="-48.60601833333333"><ele>6.699999999999999</ele></trkpt><trkpt lat="-27.031656666666663" lon="-48.606003333333334"><ele>7</ele></trkpt><trkpt lat="-27.031658333333333" lon="-48.60599666666667"><ele>7.800000000000001</ele></trkpt><trkpt lat="-27.031663333333334" lon="-48.60598333333334"><ele>7.6</ele></trkpt><trkpt lat="-27.031664999999997" lon="-48.60596333333333"><ele>7.5</ele></trkpt><trkpt lat="-27.031664999999997" lon="-48.60593666666667"><ele>7.300000000000001</ele></trkpt><trkpt lat="-27.031663333333334" lon="-48.605909999999994"><ele>7.1</ele></trkpt><trkpt lat="-27.031668333333332" lon="-48.60589166666667"><ele>7.199999999999999</ele></trkpt><trkpt lat="-27.031661666666665" lon="-48.605866666666664"><ele>6.6</ele></trkpt><trkpt lat="-27.031663333333334" lon="-48.60584666666667"><ele>6.300000000000001</ele></trkpt><trkpt lat="-27.031670000000002" lon="-48.60582333333333"><ele>5.699999999999999</ele></trkpt><trkpt lat="-27.031673333333334" lon="-48.60580166666667"><ele>5.6</ele></trkpt><trkpt lat="-27.031678333333335" lon="-48.60578166666666"><ele>5.300000000000001</ele></trkpt><trkpt lat="-27.031676666666666" lon="-48.605765000000005"><ele>5.1</ele></trkpt><trkpt lat="-27.031676666666666" lon="-48.60574833333333"><ele>5</ele></trkpt><trkpt lat="-27.031670000000002" lon="-48.60573833333333"><ele>5</ele></trkpt><trkpt lat="-27.031658333333333" lon="-48.605729999999994"><ele>5.5</ele></trkpt><trkpt lat="-27.031655" lon="-48.60573666666666"><ele>6.1</ele></trkpt><trkpt lat="-27.031663333333334" lon="-48.60574499999999"><ele>6.199999999999999</ele></trkpt><trkpt lat="-27.031668333333332" lon="-48.60576"><ele>6.199999999999999</ele></trkpt><trkpt lat="-27.031670000000002" lon="-48.60577"><ele>6.5</ele></trkpt><trkpt lat="-27.031663333333334" lon="-48.60578333333333"><ele>6.300000000000001</ele></trkpt><trkpt lat="-27.031655" lon="-48.60580333333334"><ele>6.300000000000001</ele></trkpt><trkpt lat="-27.031655" lon="-48.605808333333336"><ele>6.4</ele></trkpt><trkpt lat="-27.031658333333333" lon="-48.605808333333336"><ele>6.4</ele></trkpt><trkpt lat="-27.031660000000002" lon="-48.605808333333336"><ele>6.4</ele></trkpt><trkpt lat="-27.031663333333334" lon="-48.60581166666666"><ele>6</ele></trkpt><trkpt lat="-27.031664999999997" lon="-48.60581166666666"><ele>5.800000000000001</ele></trkpt><trkpt lat="-27.031670000000002" lon="-48.60581333333333"><ele>5.6</ele></trkpt><trkpt lat="-27.031671666666664" lon="-48.60581333333333"><ele>5.4</ele></trkpt><trkpt lat="-27.031671666666664" lon="-48.605815"><ele>5.2</ele></trkpt><trkpt lat="-27.031673333333334" lon="-48.60581666666667"><ele>4.9</ele></trkpt><trkpt lat="-27.031670000000002" lon="-48.605819999999994"><ele>4.6</ele></trkpt><trkpt lat="-27.031671666666664" lon="-48.605819999999994"><ele>4.9</ele></trkpt><trkpt lat="-27.031671666666664" lon="-48.605819999999994"><ele>4.9</ele></trkpt><trkpt lat="-27.031671666666664" lon="-48.605819999999994"><ele>4.9</ele></trkpt><trkpt lat="-27.031671666666664" lon="-48.605819999999994"><ele>4.9</ele></trkpt><trkpt lat="-27.031671666666664" lon="-48.605819999999994"><ele>4.9</ele></trkpt><trkpt lat="-27.031671666666664" lon="-48.605819999999994"><ele>4.9</ele></trkpt><trkpt lat="-27.031671666666664" lon="-48.605819999999994"><ele>4.9</ele></trkpt><trkpt lat="-27.031671666666664" lon="-48.605819999999994"><ele>4.9</ele></trkpt><trkpt lat="-27.031671666666664" lon="-48.605819999999994"><ele>4.9</ele></trkpt><trkpt lat="-27.031671666666664" lon="-48.605819999999994"><ele>4.9</ele></trkpt><trkpt lat="-27.031671666666664" lon="-48.605819999999994"><ele>4.9</ele></trkpt><trkpt lat="-27.031671666666664" lon="-48.605819999999994"><ele>4.9</ele></trkpt><trkpt lat="-27.031671666666664" lon="-48.605819999999994"><ele>4.9</ele></trkpt><trkpt lat="-27.031671666666664" lon="-48.605819999999994"><ele>4.9</ele></trkpt><trkpt lat="-27.031671666666664" lon="-48.605819999999994"><ele>4.9</ele></trkpt><trkpt lat="-27.031671666666664" lon="-48.605819999999994"><ele>4.9</ele></trkpt><trkpt lat="-27.031671666666664" lon="-48.605819999999994"><ele>4.9</ele></trkpt><trkpt lat="-27.031671666666664" lon="-48.605819999999994"><ele>4.9</ele></trkpt><trkpt lat="-27.031671666666664" lon="-48.605819999999994"><ele>4.9</ele></trkpt><trkpt lat="-27.031671666666664" lon="-48.605819999999994"><ele>4.9</ele></trkpt><trkpt lat="-27.031671666666664" lon="-48.605819999999994"><ele>4.9</ele></trkpt><trkpt lat="-27.031671666666664" lon="-48.605819999999994"><ele>4.9</ele></trkpt><trkpt lat="-27.031671666666664" lon="-48.605819999999994"><ele>4.9</ele></trkpt><trkpt lat="-27.031671666666664" lon="-48.605819999999994"><ele>4.9</ele></trkpt><trkpt lat="-27.031671666666664" lon="-48.605819999999994"><ele>4.9</ele></trkpt><trkpt lat="-27.031671666666664" lon="-48.605819999999994"><ele>4.9</ele></trkpt><trkpt lat="-27.031671666666664" lon="-48.605819999999994"><ele>4.9</ele></trkpt><trkpt lat="-27.031671666666664" lon="-48.605819999999994"><ele>4.9</ele></trkpt><trkpt lat="-27.031671666666664" lon="-48.605819999999994"><ele>4.9</ele></trkpt><trkpt lat="-27.031671666666664" lon="-48.605819999999994"><ele>4.9</ele></trkpt><trkpt lat="-27.031671666666664" lon="-48.605819999999994"><ele>4.9</ele></trkpt><trkpt lat="-27.031671666666664" lon="-48.605819999999994"><ele>4.9</ele></trkpt><trkpt lat="-27.031671666666664" lon="-48.605819999999994"><ele>4.9</ele></trkpt><trkpt lat="-27.031671666666664" lon="-48.605819999999994"><ele>4.9</ele></trkpt><trkpt lat="-27.031671666666664" lon="-48.605819999999994"><ele>4.9</ele></trkpt><trkpt lat="-27.031671666666664" lon="-48.605819999999994"><ele>4.9</ele></trkpt><trkpt lat="-27.031671666666664" lon="-48.605819999999994"><ele>4.9</ele></trkpt><trkpt lat="-27.031671666666664" lon="-48.605819999999994"><ele>4.9</ele></trkpt><trkpt lat="-27.031671666666664" lon="-48.605819999999994"><ele>4.9</ele></trkpt><trkpt lat="-27.031671666666664" lon="-48.605819999999994"><ele>4.9</ele></trkpt><trkpt lat="-27.031671666666664" lon="-48.605819999999994"><ele>4.9</ele></trkpt><trkpt lat="-27.031671666666664" lon="-48.605819999999994"><ele>4.9</ele></trkpt><trkpt lat="-27.031671666666664" lon="-48.605819999999994"><ele>4.9</ele></trkpt><trkpt lat="-27.031671666666664" lon="-48.605819999999994"><ele>4.9</ele></trkpt><trkpt lat="-27.031671666666664" lon="-48.605819999999994"><ele>4.9</ele></trkpt><trkpt lat="-27.031671666666664" lon="-48.605819999999994"><ele>4.9</ele></trkpt><trkpt lat="-27.031671666666664" lon="-48.605819999999994"><ele>4.9</ele></trkpt><trkpt lat="-27.031671666666664" lon="-48.605819999999994"><ele>4.9</ele></trkpt><trkpt lat="-27.031671666666664" lon="-48.605819999999994"><ele>4.9</ele></trkpt><trkpt lat="-27.031671666666664" lon="-48.605819999999994"><ele>4.9</ele></trkpt><trkpt lat="-27.031671666666664" lon="-48.605819999999994"><ele>4.9</ele></trkpt><trkpt lat="-27.031671666666664" lon="-48.605819999999994"><ele>4.9</ele></trkpt><trkpt lat="-27.031671666666664" lon="-48.605819999999994"><ele>4.9</ele></trkpt><trkpt lat="-27.031671666666664" lon="-48.605819999999994"><ele>4.9</ele></trkpt><trkpt lat="-27.031671666666664" lon="-48.605819999999994"><ele>4.9</ele></trkpt><trkpt lat="-27.031671666666664" lon="-48.605819999999994"><ele>4.9</ele></trkpt></trkseg></trk></gpx>