<?xml version="1.0" encoding="UTF-8"?>
<gpx xmlns="http://www.topografix.com/GPX/1/1" version="1.1" creator="@dwayneparton/geojson-to-gpx"><wpt lat="-27.031558333333336" lon="-48.59300499999999"><ele>22.3</ele><name>Final da ciclofaixa</name></wpt><wpt lat="-27.03266833333333" lon="-48.58425166666666"><ele>6.6</ele><name>2 faixas</name></wpt><wpt lat="-27.032078333333335" lon="-48.587118333333336"><ele>6.5</ele><name>24</name></wpt><wpt lat="-27.03128333333333" lon="-48.591105"><ele>10.7</ele><name>24</name></wpt><wpt lat="-27.031911666666662" lon="-48.588166666666666"><ele>12.299999999999999</ele><name>30km/h</name></wpt><wpt lat="-27.031421666666667" lon="-48.59272333333333"><ele>17.8</ele><name>30km/h</name></wpt><wpt lat="-27.031903333333336" lon="-48.58837333333333"><ele>7.199999999999999</ele><name>40km/h</name></wpt><wpt lat="-27.032066666666665" lon="-48.58711333333334"><ele>6.699999999999999</ele><name>165</name></wpt><wpt lat="-27.03122166666667" lon="-48.59113333333333"><ele>13</ele><name>180</name></wpt><wpt lat="-27.03126666666667" lon="-48.59111166666666"><ele>10.5</ele><name>285</name></wpt><wpt lat="-27.032141666666668" lon="-48.58713666666666"><ele>7.800000000000001</ele><name>365</name></wpt><wpt lat="-27.03125" lon="-48.59111333333333"><ele>13.799999999999999</ele><name>870</name></wpt><wpt lat="-27.032086666666668" lon="-48.58714"><ele>0.9000000000000001</ele><name>1000</name></wpt><wpt lat="-27.031571666666665" lon="-48.59313"><ele>13.299999999999999</ele><name>A ciclo é completamente reta.</name></wpt><wpt lat="-27.03158" lon="-48.59302833333333"><ele>27.6</ele><name>A pintura está boa, COMPLETA e visível</name></wpt><wpt lat="-27.031425" lon="-48.592774999999996"><ele>14.6</ele><name>Acesso sem uma via transversal</name></wpt><wpt lat="-27.03266833333333" lon="-48.58425166666666"><ele>6.6</ele><name>Apenas faixas vermelhas nas bordas</name></wpt><wpt lat="-27.032079999999997" lon="-48.58712166666666"><ele>6.699999999999999</ele><name>Área de amortecimento da ciclo (cm)</name></wpt><wpt lat="-27.03128333333333" lon="-48.591105"><ele>10.7</ele><name>Área de amortecimento da ciclo (cm)</name></wpt><wpt lat="-27.032066666666665" lon="-48.58711333333334"><ele>6.699999999999999</ele><name>Área transitável da ciclo (cm)</name></wpt><wpt lat="-27.031285000000004" lon="-48.59108166666667"><ele>11.7</ele><name>Área transitável da ciclo (cm)</name></wpt><wpt lat="-27.03266833333333" lon="-48.58425166666666"><ele>6.6</ele><name>Asfalto</name></wpt><wpt lat="-27.032645000000002" lon="-48.584246666666665"><ele>8</ele><name>Bidirecional</name></wpt><wpt lat="-27.031570000000002" lon="-48.59300833333334"><ele>28.6</ele><name>Bom estado</name></wpt><wpt lat="-27.031573333333334" lon="-48.59296833333333"><ele>28.6</ele><name>Bom estado</name></wpt><wpt lat="-27.032645000000002" lon="-48.584246666666665"><ele>8</ele><name>Ciclofaixa</name></wpt><wpt lat="-27.03266833333333" lon="-48.58425166666666"><ele>6.6</ele><name>Em bordo de Via de Mão Dupla</name></wpt><wpt lat="-27.03266833333333" lon="-48.58425166666666"><ele>6.6</ele><name>Estacionamento proibido na via</name></wpt><wpt lat="-27.032188333333337" lon="-48.587155"><ele>9.3</ele><name>Faixa de carros logo ao lado da ciclo (cm)</name></wpt><wpt lat="-27.031285000000004" lon="-48.59108166666667"><ele>11.7</ele><name>Faixa de carros logo ao lado da ciclo (cm)</name></wpt><wpt lat="-27.032721666666664" lon="-48.58411833333333"><ele>11</ele><name>Foto</name></wpt><wpt lat="-27.03270166666667" lon="-48.58423"><ele>10.299999999999999</ele><name>Foto</name></wpt><wpt lat="-27.032619999999998" lon="-48.584675"><ele>10.6</ele><name>Foto</name></wpt><wpt lat="-27.032526666666666" lon="-48.58494166666666"><ele>9.1</ele><name>Foto</name></wpt><wpt lat="-27.032481666666666" lon="-48.585113333333325"><ele>6.6</ele><name>Foto</name></wpt><wpt lat="-27.03244833333333" lon="-48.58553833333334"><ele>3.3</ele><name>Foto</name></wpt><wpt lat="-27.032339999999998" lon="-48.585955"><ele>7</ele><name>Foto</name></wpt><wpt lat="-27.032300000000003" lon="-48.58612"><ele>9.3</ele><name>Foto</name></wpt><wpt lat="-27.032096666666668" lon="-48.58705333333334"><ele>3.5</ele><name>Foto</name></wpt><wpt lat="-27.031956666666662" lon="-48.58776666666666"><ele>5.699999999999999</ele><name>Foto</name></wpt><wpt lat="-27.031925" lon="-48.588088333333324"><ele>11.7</ele><name>Foto</name></wpt><wpt lat="-27.031893333333333" lon="-48.58821"><ele>10.5</ele><name>Foto</name></wpt><wpt lat="-27.031783333333337" lon="-48.588573333333336"><ele>6.4</ele><name>Foto</name></wpt><wpt lat="-27.031791666666663" lon="-48.588584999999995"><ele>10.2</ele><name>Foto</name></wpt><wpt lat="-27.03177333333333" lon="-48.58876"><ele>8</ele><name>Foto</name></wpt><wpt lat="-27.031660000000002" lon="-48.589236666666665"><ele>3.1</ele><name>Foto</name></wpt><wpt lat="-27.031641666666662" lon="-48.589335"><ele>5.5</ele><name>Foto</name></wpt><wpt lat="-27.03164333333333" lon="-48.58933666666667"><ele>5.5</ele><name>Foto</name></wpt><wpt lat="-27.031525000000002" lon="-48.589885"><ele>8.5</ele><name>Foto</name></wpt><wpt lat="-27.03150333333333" lon="-48.589913333333335"><ele>6.5</ele><name>Foto</name></wpt><wpt lat="-27.031976666666665" lon="-48.58828833333334"><ele>4.4</ele><name>Foto</name></wpt><wpt lat="-27.031406666666665" lon="-48.59049"><ele>8.6</ele><name>Foto</name></wpt><wpt lat="-27.031316666666665" lon="-48.590955"><ele>11.4</ele><name>Foto</name></wpt><wpt lat="-27.031229999999997" lon="-48.591233333333335"><ele>11.6</ele><name>Foto</name></wpt><wpt lat="-27.031243333333336" lon="-48.59131166666666"><ele>13.4</ele><name>Foto</name></wpt><wpt lat="-27.031168333333333" lon="-48.59184666666667"><ele>18.3</ele><name>Foto</name></wpt><wpt lat="-27.031180000000003" lon="-48.591923333333334"><ele>11.799999999999999</ele><name>Foto</name></wpt><wpt lat="-27.031240000000004" lon="-48.59219499999999"><ele>13.9</ele><name>Foto</name></wpt><wpt lat="-27.031406666666665" lon="-48.592706666666665"><ele>27.3</ele><name>Foto</name></wpt><wpt lat="-27.031421666666667" lon="-48.59272333333333"><ele>17.8</ele><name>Foto</name></wpt><wpt lat="-27.031571666666665" lon="-48.59313"><ele>13.299999999999999</ele><name>Foto</name></wpt><wpt lat="-27.03150833333333" lon="-48.59286"><ele>26.700000000000003</ele><name>Foto</name></wpt><wpt lat="-27.031573333333334" lon="-48.59295"><ele>28.700000000000003</ele><name>Iluminação geral na via do outro lado da infraestrutura</name></wpt><wpt lat="-27.03235833333333" lon="-48.58590833333333"><ele>0.9000000000000001</ele><name>Lombadas físicas</name></wpt><wpt lat="-27.031816666666668" lon="-48.588545"><ele>9.3</ele><name>Lombadas físicas</name></wpt><wpt lat="-27.031811666666666" lon="-48.588583333333325"><ele>7.9</ele><name>Lombadas físicas</name></wpt><wpt lat="-27.031315000000003" lon="-48.59088499999999"><ele>8.7</ele><name>Lombadas físicas</name></wpt><wpt lat="-27.03121666666667" lon="-48.59210500000001"><ele>13.299999999999999</ele><name>Lombadas físicas</name></wpt><wpt lat="-27.03266833333333" lon="-48.58425166666666"><ele>6.6</ele><name>Mão Dupla</name></wpt><wpt lat="-27.031783333333337" lon="-48.588573333333336"><ele>6.4</ele><name>Outro obstáculo</name></wpt><wpt lat="-27.031634999999998" lon="-48.58936833333334"><ele>6.1</ele><name>Outro obstáculo</name></wpt><wpt lat="-27.031243333333336" lon="-48.59131166666666"><ele>13.4</ele><name>Outro obstáculo</name></wpt><wpt lat="-27.031180000000003" lon="-48.59194166666666"><ele>11.2</ele><name>Outro obstáculo</name></wpt><wpt lat="-27.031956666666662" lon="-48.58775833333334"><ele>5.2</ele><name>Em cruzamento MÁ condição</name></wpt><wpt lat="-27.03250166666667" lon="-48.58505166666667"><ele>8.8</ele><name>R-34</name></wpt><wpt lat="-27.032486666666667" lon="-48.58509333333333"><ele>7</ele><name>R-34</name></wpt><wpt lat="-27.032316666666663" lon="-48.58611166666666"><ele>8.7</ele><name>R-34</name></wpt><wpt lat="-27.032094999999995" lon="-48.58701333333333"><ele>5</ele><name>R-34</name></wpt><wpt lat="-27.031925" lon="-48.588088333333324"><ele>11.7</ele><name>R-34</name></wpt><wpt lat="-27.031769999999998" lon="-48.58874833333333"><ele>7.9</ele><name>R-34</name></wpt><wpt lat="-27.03164333333333" lon="-48.58933666666667"><ele>5.5</ele><name>R-34</name></wpt><wpt lat="-27.03154833333333" lon="-48.58981333333333"><ele>8.8</ele><name>R-34</name></wpt><wpt lat="-27.03141666666667" lon="-48.59048500000001"><ele>9.799999999999999</ele><name>R-34</name></wpt><wpt lat="-27.03125" lon="-48.59121333333333"><ele>11.9</ele><name>R-34</name></wpt><wpt lat="-27.031240000000004" lon="-48.591229999999996"><ele>11.9</ele><name>R-34</name></wpt><wpt lat="-27.03118833333333" lon="-48.59185166666666"><ele>20.8</ele><name>R-34</name></wpt><wpt lat="-27.031376666666667" lon="-48.59265666666667"><ele>25.900000000000002</ele><name>R-34</name></wpt><wpt lat="-27.03137333333333" lon="-48.59268999999999"><ele>23.6</ele><name>R-34</name></wpt><wpt lat="-27.031571666666665" lon="-48.59313"><ele>13.299999999999999</ele><name>SE CICLOFAIXA: para invadir a ciclo parte do automóvel passa obrigatoriamente por cima de segregadores</name></wpt><wpt lat="-27.031505" lon="-48.58992"><ele>5.1</ele><name>SEM pintura no cruzamento</name></wpt><wpt lat="-27.031571666666665" lon="-48.59313"><ele>13.299999999999999</ele><name>Sombras em alguns trechos, SEM mudas novas</name></wpt><wpt lat="-27.03266833333333" lon="-48.58425166666666"><ele>6.6</ele><name>Tachões</name></wpt><wpt lat="-27.03164" lon="-48.589371666666665"><ele>6.5</ele><name>tampa de inspeção elevada</name></wpt><wpt lat="-27.031783333333337" lon="-48.588573333333336"><ele>6.4</ele><name>tampa de inspeção rebaixada</name></wpt><wpt lat="-27.031243333333336" lon="-48.59131166666666"><ele>13.4</ele><name>tampa de inspeção rebaixada</name></wpt><wpt lat="-27.03117666666667" lon="-48.59193833333334"><ele>11.299999999999999</ele><name>tampa de inspeção rebaixada</name></wpt><wpt lat="-27.032086666666668" lon="-48.58714"><ele>0.9000000000000001</ele><name>Total da via (incluindo a ciclo) (cm)</name></wpt><wpt lat="-27.03125" lon="-48.59111333333333"><ele>13.799999999999999</ele><name>Total da via (incluindo a ciclo) (cm)</name></wpt><trk><name>Ciclofaixa R. Ver. Domingos Fonseca - BC</name><trkseg><trkpt lat="-27.032675" lon="-48.584246666666665"><ele>8.2</ele></trkpt><trkpt lat="-27.032675" lon="-48.584246666666665"><ele>8.2</ele></trkpt><trkpt lat="-27.032645000000002" lon="-48.584246666666665"><ele>8</ele></trkpt><trkpt lat="-27.032645000000002" lon="-48.584246666666665"><ele>8</ele></trkpt><trkpt lat="-27.032645000000002" lon="-48.584246666666665"><ele>8</ele></trkpt><trkpt lat="-27.032645000000002" lon="-48.584246666666665"><ele>8</ele></trkpt><trkpt lat="-27.032645000000002" lon="-48.584246666666665"><ele>8</ele></trkpt><trkpt lat="-27.032645000000002" lon="-48.584246666666665"><ele>8</ele></trkpt><trkpt lat="-27.032645000000002" lon="-48.584246666666665"><ele>8</ele></trkpt><trkpt lat="-27.032645000000002" lon="-48.584246666666665"><ele>8</ele></trkpt><trkpt lat="-27.032645000000002" lon="-48.584246666666665"><ele>8</ele></trkpt><trkpt lat="-27.032645000000002" lon="-48.584246666666665"><ele>8</ele></trkpt><trkpt lat="-27.032645000000002" lon="-48.584246666666665"><ele>8</ele></trkpt><trkpt lat="-27.032645000000002" lon="-48.584246666666665"><ele>8</ele></trkpt><trkpt lat="-27.032645000000002" lon="-48.584246666666665"><ele>8</ele></trkpt><trkpt lat="-27.032645000000002" lon="-48.584246666666665"><ele>8</ele></trkpt><trkpt lat="-27.032666666666668" lon="-48.584246666666665"><ele>6.800000000000001</ele></trkpt><trkpt lat="-27.032664999999998" lon="-48.584246666666665"><ele>6.699999999999999</ele></trkpt><trkpt lat="-27.032663333333335" lon="-48.584248333333335"><ele>6.6</ele></trkpt><trkpt lat="-27.03266833333333" lon="-48.58425166666666"><ele>6.6</ele></trkpt><trkpt lat="-27.03266833333333" lon="-48.58425166666666"><ele>6.6</ele></trkpt><trkpt lat="-27.03266833333333" lon="-48.58425166666666"><ele>6.6</ele></trkpt><trkpt lat="-27.03266833333333" lon="-48.58425166666666"><ele>6.6</ele></trkpt><trkpt lat="-27.03266833333333" lon="-48.58425166666666"><ele>6.6</ele></trkpt><trkpt lat="-27.03266833333333" lon="-48.58425166666666"><ele>6.6</ele></trkpt><trkpt lat="-27.03266833333333" lon="-48.58425166666666"><ele>6.6</ele></trkpt><trkpt lat="-27.03266833333333" lon="-48.58425166666666"><ele>6.6</ele></trkpt><trkpt lat="-27.03266833333333" lon="-48.58425166666666"><ele>6.6</ele></trkpt><trkpt lat="-27.03266833333333" lon="-48.58425166666666"><ele>6.6</ele></trkpt><trkpt lat="-27.03266833333333" lon="-48.58425166666666"><ele>6.6</ele></trkpt><trkpt lat="-27.03266833333333" lon="-48.58425166666666"><ele>6.6</ele></trkpt><trkpt lat="-27.03266833333333" lon="-48.58425166666666"><ele>6.6</ele></trkpt><trkpt lat="-27.03266833333333" lon="-48.58425166666666"><ele>6.6</ele></trkpt><trkpt lat="-27.03266833333333" lon="-48.58425166666666"><ele>6.6</ele></trkpt><trkpt lat="-27.03266833333333" lon="-48.58425166666666"><ele>6.6</ele></trkpt><trkpt lat="-27.03266833333333" lon="-48.58425166666666"><ele>6.6</ele></trkpt><trkpt lat="-27.03266833333333" lon="-48.58425166666666"><ele>6.6</ele></trkpt><trkpt lat="-27.03266833333333" lon="-48.58425166666666"><ele>6.6</ele></trkpt><trkpt lat="-27.03266833333333" lon="-48.58425166666666"><ele>6.6</ele></trkpt><trkpt lat="-27.03266833333333" lon="-48.58425166666666"><ele>6.6</ele></trkpt><trkpt lat="-27.03266833333333" lon="-48.58425166666666"><ele>6.6</ele></trkpt><trkpt lat="-27.03266833333333" lon="-48.58425166666666"><ele>6.6</ele></trkpt><trkpt lat="-27.03266833333333" lon="-48.58425166666666"><ele>6.6</ele></trkpt><trkpt lat="-27.03266833333333" lon="-48.58425166666666"><ele>6.6</ele></trkpt><trkpt lat="-27.03266833333333" lon="-48.58425166666666"><ele>6.6</ele></trkpt><trkpt lat="-27.03266833333333" lon="-48.58425166666666"><ele>6.6</ele></trkpt><trkpt lat="-27.03266833333333" lon="-48.58425166666666"><ele>6.6</ele></trkpt><trkpt lat="-27.03266833333333" lon="-48.58425166666666"><ele>6.6</ele></trkpt><trkpt lat="-27.03266833333333" lon="-48.58425166666666"><ele>6.6</ele></trkpt><trkpt lat="-27.03266833333333" lon="-48.58425166666666"><ele>6.6</ele></trkpt><trkpt lat="-27.03266833333333" lon="-48.58425166666666"><ele>6.6</ele></trkpt><trkpt lat="-27.03266833333333" lon="-48.58425166666666"><ele>6.6</ele></trkpt><trkpt lat="-27.03266833333333" lon="-48.58425166666666"><ele>6.6</ele></trkpt><trkpt lat="-27.03266833333333" lon="-48.58425166666666"><ele>6.6</ele></trkpt><trkpt lat="-27.03266833333333" lon="-48.58425166666666"><ele>6.6</ele></trkpt><trkpt lat="-27.03266833333333" lon="-48.58425166666666"><ele>6.6</ele></trkpt><trkpt lat="-27.03266833333333" lon="-48.58425166666666"><ele>6.6</ele></trkpt><trkpt lat="-27.03266833333333" lon="-48.58425166666666"><ele>6.6</ele></trkpt><trkpt lat="-27.03266833333333" lon="-48.58425166666666"><ele>6.6</ele></trkpt><trkpt lat="-27.03266833333333" lon="-48.58425166666666"><ele>6.6</ele></trkpt><trkpt lat="-27.03266833333333" lon="-48.58425166666666"><ele>6.6</ele></trkpt><trkpt lat="-27.03266833333333" lon="-48.58425166666666"><ele>6.6</ele></trkpt><trkpt lat="-27.03266833333333" lon="-48.58425166666666"><ele>6.6</ele></trkpt><trkpt lat="-27.03266833333333" lon="-48.58425166666666"><ele>6.6</ele></trkpt><trkpt lat="-27.03266833333333" lon="-48.58425166666666"><ele>6.6</ele></trkpt><trkpt lat="-27.03266833333333" lon="-48.58425166666666"><ele>6.6</ele></trkpt><trkpt lat="-27.03266833333333" lon="-48.58425166666666"><ele>6.6</ele></trkpt><trkpt lat="-27.03266833333333" lon="-48.58425166666666"><ele>6.6</ele></trkpt><trkpt lat="-27.03266833333333" lon="-48.58425166666666"><ele>6.6</ele></trkpt><trkpt lat="-27.03266833333333" lon="-48.58425166666666"><ele>6.6</ele></trkpt><trkpt lat="-27.03266833333333" lon="-48.58425166666666"><ele>6.6</ele></trkpt><trkpt lat="-27.03266833333333" lon="-48.58425166666666"><ele>6.6</ele></trkpt><trkpt lat="-27.03266833333333" lon="-48.58425166666666"><ele>6.6</ele></trkpt><trkpt lat="-27.03266833333333" lon="-48.58425166666666"><ele>6.6</ele></trkpt><trkpt lat="-27.03266833333333" lon="-48.58425166666666"><ele>6.6</ele></trkpt><trkpt lat="-27.03266833333333" lon="-48.58425166666666"><ele>6.6</ele></trkpt><trkpt lat="-27.03266833333333" lon="-48.58425166666666"><ele>6.6</ele></trkpt><trkpt lat="-27.03266833333333" lon="-48.58425166666666"><ele>6.6</ele></trkpt><trkpt lat="-27.03266833333333" lon="-48.58425166666666"><ele>6.6</ele></trkpt><trkpt lat="-27.03266833333333" lon="-48.58425166666666"><ele>6.6</ele></trkpt><trkpt lat="-27.03266833333333" lon="-48.58425166666666"><ele>6.6</ele></trkpt><trkpt lat="-27.03266833333333" lon="-48.58425166666666"><ele>6.6</ele></trkpt><trkpt lat="-27.03266833333333" lon="-48.58425166666666"><ele>6.6</ele></trkpt><trkpt lat="-27.03266833333333" lon="-48.58425166666666"><ele>6.6</ele></trkpt><trkpt lat="-27.03267166666667" lon="-48.58423333333334"><ele>12.4</ele></trkpt><trkpt lat="-27.032676666666664" lon="-48.58423333333334"><ele>12.2</ele></trkpt><trkpt lat="-27.032685" lon="-48.58422833333334"><ele>11.9</ele></trkpt><trkpt lat="-27.032693333333334" lon="-48.58421"><ele>11.7</ele></trkpt><trkpt lat="-27.032696666666666" lon="-48.58419833333334"><ele>11.6</ele></trkpt><trkpt lat="-27.03270166666667" lon="-48.58418166666667"><ele>11.299999999999999</ele></trkpt><trkpt lat="-27.0327" lon="-48.58416666666667"><ele>11.2</ele></trkpt><trkpt lat="-27.03270166666667" lon="-48.58415333333334"><ele>11.1</ele></trkpt><trkpt lat="-27.032705000000004" lon="-48.58414"><ele>10.9</ele></trkpt><trkpt lat="-27.032703333333334" lon="-48.58413166666666"><ele>10.799999999999999</ele></trkpt><trkpt lat="-27.032705000000004" lon="-48.58412333333334"><ele>10.5</ele></trkpt><trkpt lat="-27.03271333333333" lon="-48.58411666666666"><ele>10.5</ele></trkpt><trkpt lat="-27.03271666666667" lon="-48.58410833333334"><ele>10.799999999999999</ele></trkpt><trkpt lat="-27.032723333333333" lon="-48.58410666666667"><ele>11</ele></trkpt><trkpt lat="-27.032723333333333" lon="-48.58410833333334"><ele>11</ele></trkpt><trkpt lat="-27.032721666666664" lon="-48.584111666666665"><ele>11</ele></trkpt><trkpt lat="-27.03272" lon="-48.584115000000004"><ele>10.9</ele></trkpt><trkpt lat="-27.032721666666664" lon="-48.58411833333333"><ele>11</ele></trkpt><trkpt lat="-27.032721666666664" lon="-48.58411833333333"><ele>11</ele></trkpt><trkpt lat="-27.03272" lon="-48.58412333333334"><ele>11</ele></trkpt><trkpt lat="-27.03271666666667" lon="-48.58413166666666"><ele>11.2</ele></trkpt><trkpt lat="-27.032705000000004" lon="-48.58413666666667"><ele>11</ele></trkpt><trkpt lat="-27.03269833333333" lon="-48.58414166666667"><ele>11</ele></trkpt><trkpt lat="-27.032693333333334" lon="-48.58415"><ele>11</ele></trkpt><trkpt lat="-27.032694999999997" lon="-48.584158333333335"><ele>11</ele></trkpt><trkpt lat="-27.032691666666665" lon="-48.58416666666667"><ele>10.799999999999999</ele></trkpt><trkpt lat="-27.032696666666666" lon="-48.58417666666666"><ele>10.5</ele></trkpt><trkpt lat="-27.032693333333334" lon="-48.58418666666667"><ele>10.5</ele></trkpt><trkpt lat="-27.032691666666665" lon="-48.584195"><ele>10.6</ele></trkpt><trkpt lat="-27.032696666666666" lon="-48.584199999999996"><ele>10.4</ele></trkpt><trkpt lat="-27.032703333333334" lon="-48.58421166666667"><ele>10</ele></trkpt><trkpt lat="-27.03270166666667" lon="-48.58423"><ele>10.299999999999999</ele></trkpt><trkpt lat="-27.03270166666667" lon="-48.58423"><ele>10.299999999999999</ele></trkpt><trkpt lat="-27.0327" lon="-48.584248333333335"><ele>10.2</ele></trkpt><trkpt lat="-27.032685" lon="-48.58425833333334"><ele>10.299999999999999</ele></trkpt><trkpt lat="-27.032675" lon="-48.584265"><ele>10.1</ele></trkpt><trkpt lat="-27.03266833333333" lon="-48.58427333333334"><ele>10.2</ele></trkpt><trkpt lat="-27.03266833333333" lon="-48.58427"><ele>10.1</ele></trkpt><trkpt lat="-27.03267333333333" lon="-48.58427"><ele>10.299999999999999</ele></trkpt><trkpt lat="-27.03267166666667" lon="-48.584275"><ele>10.1</ele></trkpt><trkpt lat="-27.03267" lon="-48.58428166666666"><ele>9.799999999999999</ele></trkpt><trkpt lat="-27.03267" lon="-48.584293333333335"><ele>10.4</ele></trkpt><trkpt lat="-27.03266833333333" lon="-48.58431166666666"><ele>11.1</ele></trkpt><trkpt lat="-27.032664999999998" lon="-48.58432166666667"><ele>12.2</ele></trkpt><trkpt lat="-27.032666666666668" lon="-48.584336666666665"><ele>12.5</ele></trkpt><trkpt lat="-27.032663333333335" lon="-48.58436"><ele>12.4</ele></trkpt><trkpt lat="-27.032661666666666" lon="-48.58438666666666"><ele>12.2</ele></trkpt><trkpt lat="-27.032658333333334" lon="-48.58441833333333"><ele>12.299999999999999</ele></trkpt><trkpt lat="-27.032649999999997" lon="-48.58445333333334"><ele>11.7</ele></trkpt><trkpt lat="-27.032648333333334" lon="-48.58447666666666"><ele>11</ele></trkpt><trkpt lat="-27.03264166666667" lon="-48.58451"><ele>10.299999999999999</ele></trkpt><trkpt lat="-27.03263666666667" lon="-48.58453666666666"><ele>10.299999999999999</ele></trkpt><trkpt lat="-27.032633333333333" lon="-48.58455833333334"><ele>10.5</ele></trkpt><trkpt lat="-27.032631666666664" lon="-48.58458166666666"><ele>10.6</ele></trkpt><trkpt lat="-27.032625" lon="-48.58461166666666"><ele>10.799999999999999</ele></trkpt><trkpt lat="-27.032619999999998" lon="-48.58464166666666"><ele>10.5</ele></trkpt><trkpt lat="-27.032619999999998" lon="-48.584675"><ele>10.6</ele></trkpt><trkpt lat="-27.032619999999998" lon="-48.584675"><ele>10.6</ele></trkpt><trkpt lat="-27.032619999999998" lon="-48.584705"><ele>10.9</ele></trkpt><trkpt lat="-27.032606666666666" lon="-48.58473333333333"><ele>11</ele></trkpt><trkpt lat="-27.032601666666665" lon="-48.58477166666667"><ele>10.5</ele></trkpt><trkpt lat="-27.03259166666667" lon="-48.584799999999994"><ele>10.5</ele></trkpt><trkpt lat="-27.032586666666663" lon="-48.58482666666667"><ele>10.2</ele></trkpt><trkpt lat="-27.03258" lon="-48.58485333333333"><ele>10.2</ele></trkpt><trkpt lat="-27.032561666666666" lon="-48.584876666666666"><ele>10.1</ele></trkpt><trkpt lat="-27.032541666666663" lon="-48.58489666666666"><ele>9.799999999999999</ele></trkpt><trkpt lat="-27.032518333333336" lon="-48.58491333333333"><ele>10.1</ele></trkpt><trkpt lat="-27.032525000000003" lon="-48.58492833333333"><ele>9.3</ele></trkpt><trkpt lat="-27.032526666666666" lon="-48.58494166666666"><ele>9.1</ele></trkpt><trkpt lat="-27.032526666666666" lon="-48.58494166666666"><ele>9.1</ele></trkpt><trkpt lat="-27.032523333333334" lon="-48.58495500000001"><ele>8.9</ele></trkpt><trkpt lat="-27.032516666666666" lon="-48.584968333333336"><ele>9</ele></trkpt><trkpt lat="-27.032511666666664" lon="-48.58498666666666"><ele>8.8</ele></trkpt><trkpt lat="-27.032511666666664" lon="-48.58500666666667"><ele>9.4</ele></trkpt><trkpt lat="-27.032505" lon="-48.58503"><ele>9.2</ele></trkpt><trkpt lat="-27.03250166666667" lon="-48.58505166666667"><ele>8.8</ele></trkpt><trkpt lat="-27.03250166666667" lon="-48.58505166666667"><ele>8.8</ele></trkpt><trkpt lat="-27.03249" lon="-48.585065"><ele>8.2</ele></trkpt><trkpt lat="-27.032488333333337" lon="-48.58507833333333"><ele>7.800000000000001</ele></trkpt><trkpt lat="-27.032483333333335" lon="-48.58508833333334"><ele>7.199999999999999</ele></trkpt><trkpt lat="-27.032486666666667" lon="-48.58509333333333"><ele>7</ele></trkpt><trkpt lat="-27.032486666666667" lon="-48.58509333333333"><ele>7</ele></trkpt><trkpt lat="-27.032486666666667" lon="-48.58510166666667"><ele>6.5</ele></trkpt><trkpt lat="-27.032484999999998" lon="-48.58510166666667"><ele>6.800000000000001</ele></trkpt><trkpt lat="-27.032483333333335" lon="-48.585105000000006"><ele>6.800000000000001</ele></trkpt><trkpt lat="-27.032481666666666" lon="-48.585105000000006"><ele>6.9</ele></trkpt><trkpt lat="-27.032481666666666" lon="-48.585113333333325"><ele>6.6</ele></trkpt><trkpt lat="-27.032481666666666" lon="-48.585113333333325"><ele>6.6</ele></trkpt><trkpt lat="-27.03249" lon="-48.58512333333333"><ele>6.199999999999999</ele></trkpt><trkpt lat="-27.03249" lon="-48.58512833333332"><ele>5.800000000000001</ele></trkpt><trkpt lat="-27.032495" lon="-48.58513166666667"><ele>5.6</ele></trkpt><trkpt lat="-27.03249333333333" lon="-48.58513166666667"><ele>6.300000000000001</ele></trkpt><trkpt lat="-27.03249166666667" lon="-48.58513"><ele>6.4</ele></trkpt><trkpt lat="-27.03249166666667" lon="-48.58513"><ele>6.800000000000001</ele></trkpt><trkpt lat="-27.03249333333333" lon="-48.585126666666675"><ele>6.5</ele></trkpt><trkpt lat="-27.032488333333337" lon="-48.58513500000001"><ele>6.5</ele></trkpt><trkpt lat="-27.03249166666667" lon="-48.58513833333333"><ele>6.4</ele></trkpt><trkpt lat="-27.032496666666663" lon="-48.585155"><ele>6.4</ele></trkpt><trkpt lat="-27.032498333333333" lon="-48.58518666666667"><ele>6.4</ele></trkpt><trkpt lat="-27.032496666666663" lon="-48.585210000000004"><ele>6.300000000000001</ele></trkpt><trkpt lat="-27.03249333333333" lon="-48.585240000000006"><ele>6.199999999999999</ele></trkpt><trkpt lat="-27.032488333333337" lon="-48.58526333333332"><ele>5.699999999999999</ele></trkpt><trkpt lat="-27.032484999999998" lon="-48.58528166666667"><ele>4.9</ele></trkpt><trkpt lat="-27.032483333333335" lon="-48.58530833333332"><ele>4.2</ele></trkpt><trkpt lat="-27.032480000000003" lon="-48.585325"><ele>3.8000000000000003</ele></trkpt><trkpt lat="-27.032471666666666" lon="-48.585351666666675"><ele>3.6</ele></trkpt><trkpt lat="-27.032469999999996" lon="-48.58537666666666"><ele>2.7</ele></trkpt><trkpt lat="-27.03245666666667" lon="-48.58541333333333"><ele>3.1</ele></trkpt><trkpt lat="-27.03244833333333" lon="-48.585455"><ele>3.1</ele></trkpt><trkpt lat="-27.03244833333333" lon="-48.58550333333333"><ele>3.3</ele></trkpt><trkpt lat="-27.03244833333333" lon="-48.58553833333334"><ele>3.3</ele></trkpt><trkpt lat="-27.03244833333333" lon="-48.58553833333334"><ele>3.3</ele></trkpt><trkpt lat="-27.03244833333333" lon="-48.585575"><ele>3.1</ele></trkpt><trkpt lat="-27.032445" lon="-48.58560333333333"><ele>3.1</ele></trkpt><trkpt lat="-27.032429999999998" lon="-48.58564"><ele>2.1</ele></trkpt><trkpt lat="-27.032421666666664" lon="-48.58567"><ele>1.9000000000000001</ele></trkpt><trkpt lat="-27.032409999999995" lon="-48.585698333333326"><ele>1.7000000000000002</ele></trkpt><trkpt lat="-27.03240166666667" lon="-48.58573166666667"><ele>1.3</ele></trkpt><trkpt lat="-27.03238666666667" lon="-48.585766666666665"><ele>1.1</ele></trkpt><trkpt lat="-27.032378333333334" lon="-48.58579666666666"><ele>1.1</ele></trkpt><trkpt lat="-27.032368333333338" lon="-48.58582500000001"><ele>1.2000000000000002</ele></trkpt><trkpt lat="-27.032368333333338" lon="-48.58585500000001"><ele>0.8</ele></trkpt><trkpt lat="-27.032361666666663" lon="-48.585881666666666"><ele>0.9000000000000001</ele></trkpt><trkpt lat="-27.03235833333333" lon="-48.58590833333333"><ele>0.9000000000000001</ele></trkpt><trkpt lat="-27.03235833333333" lon="-48.58590833333333"><ele>0.9000000000000001</ele></trkpt><trkpt lat="-27.032355" lon="-48.585926666666666"><ele>2</ele></trkpt><trkpt lat="-27.032348333333335" lon="-48.58594166666667"><ele>2.8</ele></trkpt><trkpt lat="-27.03234166666667" lon="-48.58595166666667"><ele>3.7</ele></trkpt><trkpt lat="-27.03234166666667" lon="-48.58595166666667"><ele>4.5</ele></trkpt><trkpt lat="-27.03234166666667" lon="-48.58595166666667"><ele>5</ele></trkpt><trkpt lat="-27.032339999999998" lon="-48.58595166666667"><ele>5.4</ele></trkpt><trkpt lat="-27.032338333333335" lon="-48.58595333333333"><ele>5.6</ele></trkpt><trkpt lat="-27.032343333333333" lon="-48.58595333333333"><ele>6.300000000000001</ele></trkpt><trkpt lat="-27.032339999999998" lon="-48.585955"><ele>7</ele></trkpt><trkpt lat="-27.032339999999998" lon="-48.585955"><ele>7</ele></trkpt><trkpt lat="-27.032339999999998" lon="-48.58596666666667"><ele>7.5</ele></trkpt><trkpt lat="-27.032338333333335" lon="-48.585981666666676"><ele>7.800000000000001</ele></trkpt><trkpt lat="-27.032336666666666" lon="-48.585996666666674"><ele>8.2</ele></trkpt><trkpt lat="-27.032333333333334" lon="-48.586016666666666"><ele>8.5</ele></trkpt><trkpt lat="-27.032331666666664" lon="-48.586034999999995"><ele>8.6</ele></trkpt><trkpt lat="-27.032325" lon="-48.586059999999996"><ele>8.6</ele></trkpt><trkpt lat="-27.032321666666668" lon="-48.586085000000004"><ele>8.4</ele></trkpt><trkpt lat="-27.032321666666668" lon="-48.5861"><ele>8.5</ele></trkpt><trkpt lat="-27.032316666666663" lon="-48.58611166666666"><ele>8.7</ele></trkpt><trkpt lat="-27.032316666666663" lon="-48.58611166666666"><ele>8.7</ele></trkpt><trkpt lat="-27.03231166666667" lon="-48.586116666666676"><ele>8.9</ele></trkpt><trkpt lat="-27.03231166666667" lon="-48.586118333333324"><ele>8.8</ele></trkpt><trkpt lat="-27.03231333333333" lon="-48.586118333333324"><ele>8.8</ele></trkpt><trkpt lat="-27.03231333333333" lon="-48.58612"><ele>8.8</ele></trkpt><trkpt lat="-27.032316666666663" lon="-48.58612166666667"><ele>8.6</ele></trkpt><trkpt lat="-27.03231166666667" lon="-48.58612166666667"><ele>8.8</ele></trkpt><trkpt lat="-27.032308333333336" lon="-48.58612"><ele>9.1</ele></trkpt><trkpt lat="-27.032300000000003" lon="-48.58612"><ele>9.3</ele></trkpt><trkpt lat="-27.032300000000003" lon="-48.58612"><ele>9.3</ele></trkpt><trkpt lat="-27.032291666666666" lon="-48.58612"><ele>9.4</ele></trkpt><trkpt lat="-27.032285" lon="-48.58612"><ele>9.6</ele></trkpt><trkpt lat="-27.032289999999996" lon="-48.586118333333324"><ele>10.2</ele></trkpt><trkpt lat="-27.032289999999996" lon="-48.586118333333324"><ele>10.2</ele></trkpt><trkpt lat="-27.032289999999996" lon="-48.586118333333324"><ele>10.2</ele></trkpt><trkpt lat="-27.032289999999996" lon="-48.586118333333324"><ele>10.2</ele></trkpt><trkpt lat="-27.032274999999995" lon="-48.58615833333333"><ele>11.4</ele></trkpt><trkpt lat="-27.03227" lon="-48.58617833333333"><ele>11.4</ele></trkpt><trkpt lat="-27.032261666666667" lon="-48.58620333333333"><ele>11.299999999999999</ele></trkpt><trkpt lat="-27.032255000000003" lon="-48.58623166666666"><ele>11.299999999999999</ele></trkpt><trkpt lat="-27.032255000000003" lon="-48.586261666666665"><ele>11</ele></trkpt><trkpt lat="-27.032253333333333" lon="-48.586285"><ele>10.5</ele></trkpt><trkpt lat="-27.032249999999998" lon="-48.586315"><ele>9.9</ele></trkpt><trkpt lat="-27.032244999999996" lon="-48.586345"><ele>9.5</ele></trkpt><trkpt lat="-27.032243333333334" lon="-48.586375"><ele>9.6</ele></trkpt><trkpt lat="-27.03224" lon="-48.586400000000005"><ele>9.3</ele></trkpt><trkpt lat="-27.032235" lon="-48.58642499999999"><ele>9.2</ele></trkpt><trkpt lat="-27.032231666666668" lon="-48.58645166666667"><ele>9</ele></trkpt><trkpt lat="-27.032225" lon="-48.586475"><ele>8.9</ele></trkpt><trkpt lat="-27.032218333333336" lon="-48.58650166666666"><ele>8.6</ele></trkpt><trkpt lat="-27.032204999999998" lon="-48.586529999999996"><ele>8.3</ele></trkpt><trkpt lat="-27.032196666666664" lon="-48.58655166666667"><ele>7.9</ele></trkpt><trkpt lat="-27.032193333333332" lon="-48.58657333333334"><ele>7.300000000000001</ele></trkpt><trkpt lat="-27.032186666666668" lon="-48.58659833333333"><ele>6.699999999999999</ele></trkpt><trkpt lat="-27.032186666666668" lon="-48.586613333333325"><ele>6.4</ele></trkpt><trkpt lat="-27.032184999999995" lon="-48.586623333333335"><ele>6.5</ele></trkpt><trkpt lat="-27.032186666666668" lon="-48.58663333333334"><ele>6.4</ele></trkpt><trkpt lat="-27.032188333333337" lon="-48.58664333333333"><ele>6.6</ele></trkpt><trkpt lat="-27.032188333333337" lon="-48.58665333333333"><ele>6.4</ele></trkpt><trkpt lat="-27.032181666666663" lon="-48.586666666666666"><ele>6.4</ele></trkpt><trkpt lat="-27.03217666666667" lon="-48.58667833333334"><ele>6.1</ele></trkpt><trkpt lat="-27.032171666666667" lon="-48.58669"><ele>5.800000000000001</ele></trkpt><trkpt lat="-27.032169999999997" lon="-48.586705"><ele>5.5</ele></trkpt><trkpt lat="-27.032163333333333" lon="-48.58672"><ele>5.5</ele></trkpt><trkpt lat="-27.032156666666666" lon="-48.58673666666667"><ele>5.5</ele></trkpt><trkpt lat="-27.032154999999996" lon="-48.58675"><ele>5.2</ele></trkpt><trkpt lat="-27.032154999999996" lon="-48.586761666666675"><ele>5.2</ele></trkpt><trkpt lat="-27.032151666666664" lon="-48.58677333333333"><ele>4.9</ele></trkpt><trkpt lat="-27.03215" lon="-48.58679"><ele>4.300000000000001</ele></trkpt><trkpt lat="-27.032145" lon="-48.586803333333336"><ele>4.300000000000001</ele></trkpt><trkpt lat="-27.032135" lon="-48.586814999999994"><ele>4.5</ele></trkpt><trkpt lat="-27.03213" lon="-48.58682833333334"><ele>4.7</ele></trkpt><trkpt lat="-27.032128333333336" lon="-48.58684166666667"><ele>5.1</ele></trkpt><trkpt lat="-27.032126666666667" lon="-48.58685666666667"><ele>5.2</ele></trkpt><trkpt lat="-27.03213166666667" lon="-48.58687"><ele>4.7</ele></trkpt><trkpt lat="-27.03213" lon="-48.58688166666668"><ele>4.6</ele></trkpt><trkpt lat="-27.032126666666667" lon="-48.586895000000005"><ele>4.6</ele></trkpt><trkpt lat="-27.03211666666667" lon="-48.586906666666664"><ele>4.7</ele></trkpt><trkpt lat="-27.032109999999996" lon="-48.58691999999999"><ele>5.1</ele></trkpt><trkpt lat="-27.0321" lon="-48.586936666666666"><ele>5.2</ele></trkpt><trkpt lat="-27.032096666666668" lon="-48.586949999999995"><ele>5.2</ele></trkpt><trkpt lat="-27.032093333333332" lon="-48.58696666666666"><ele>5.1</ele></trkpt><trkpt lat="-27.032096666666668" lon="-48.586983333333336"><ele>4.800000000000001</ele></trkpt><trkpt lat="-27.032096666666668" lon="-48.58700166666666"><ele>4.9</ele></trkpt><trkpt lat="-27.032094999999995" lon="-48.58701333333333"><ele>5</ele></trkpt><trkpt lat="-27.032094999999995" lon="-48.58701333333333"><ele>5</ele></trkpt><trkpt lat="-27.032091666666663" lon="-48.587025"><ele>4.800000000000001</ele></trkpt><trkpt lat="-27.032093333333332" lon="-48.58703666666667"><ele>4.800000000000001</ele></trkpt><trkpt lat="-27.032094999999995" lon="-48.587043333333334"><ele>4.9</ele></trkpt><trkpt lat="-27.032094999999995" lon="-48.58705166666667"><ele>4.5</ele></trkpt><trkpt lat="-27.032094999999995" lon="-48.58705333333334"><ele>4.2</ele></trkpt><trkpt lat="-27.032094999999995" lon="-48.58705499999999"><ele>4</ele></trkpt><trkpt lat="-27.032096666666668" lon="-48.58705333333334"><ele>3.7</ele></trkpt><trkpt lat="-27.032096666666668" lon="-48.58705166666667"><ele>3.6</ele></trkpt><trkpt lat="-27.032096666666668" lon="-48.58705333333334"><ele>3.5</ele></trkpt><trkpt lat="-27.032096666666668" lon="-48.58705333333334"><ele>3.5</ele></trkpt><trkpt lat="-27.032096666666668" lon="-48.58706"><ele>3.4000000000000004</ele></trkpt><trkpt lat="-27.0321" lon="-48.58707166666667"><ele>3.7</ele></trkpt><trkpt lat="-27.032094999999995" lon="-48.58708333333334"><ele>3.9</ele></trkpt><trkpt lat="-27.032094999999995" lon="-48.58709"><ele>4.300000000000001</ele></trkpt><trkpt lat="-27.03209" lon="-48.58710166666666"><ele>4.800000000000001</ele></trkpt><trkpt lat="-27.032078333333335" lon="-48.58711166666667"><ele>5.300000000000001</ele></trkpt><trkpt lat="-27.032068333333335" lon="-48.58712166666666"><ele>5.699999999999999</ele></trkpt><trkpt lat="-27.032068333333335" lon="-48.587131666666664"><ele>6.1</ele></trkpt><trkpt lat="-27.032069999999997" lon="-48.58714166666667"><ele>6.199999999999999</ele></trkpt><trkpt lat="-27.032063333333333" lon="-48.58714833333333"><ele>6.199999999999999</ele></trkpt><trkpt lat="-27.032063333333333" lon="-48.58715"><ele>6.199999999999999</ele></trkpt><trkpt lat="-27.032064999999996" lon="-48.58715"><ele>6</ele></trkpt><trkpt lat="-27.032064999999996" lon="-48.58714333333334"><ele>5.9</ele></trkpt><trkpt lat="-27.032066666666665" lon="-48.587135"><ele>6</ele></trkpt><trkpt lat="-27.032064999999996" lon="-48.587129999999995"><ele>6.199999999999999</ele></trkpt><trkpt lat="-27.032066666666665" lon="-48.587125"><ele>6.5</ele></trkpt><trkpt lat="-27.032069999999997" lon="-48.58712333333333"><ele>6.6</ele></trkpt><trkpt lat="-27.03207166666667" lon="-48.58712333333333"><ele>6.6</ele></trkpt><trkpt lat="-27.032073333333333" lon="-48.58712666666667"><ele>6.800000000000001</ele></trkpt><trkpt lat="-27.032078333333335" lon="-48.587131666666664"><ele>7</ele></trkpt><trkpt lat="-27.032078333333335" lon="-48.587135"><ele>7</ele></trkpt><trkpt lat="-27.032078333333335" lon="-48.58713666666666"><ele>6.800000000000001</ele></trkpt><trkpt lat="-27.032076666666665" lon="-48.587129999999995"><ele>6.6</ele></trkpt><trkpt lat="-27.032078333333335" lon="-48.58712333333333"><ele>6.5</ele></trkpt><trkpt lat="-27.032079999999997" lon="-48.58712166666666"><ele>6.699999999999999</ele></trkpt><trkpt lat="-27.032079999999997" lon="-48.58712166666666"><ele>6.699999999999999</ele></trkpt><trkpt lat="-27.032078333333335" lon="-48.587118333333336"><ele>6.5</ele></trkpt><trkpt lat="-27.032078333333335" lon="-48.587118333333336"><ele>6.5</ele></trkpt><trkpt lat="-27.032076666666665" lon="-48.58711666666667"><ele>6.300000000000001</ele></trkpt><trkpt lat="-27.032081666666667" lon="-48.587115"><ele>6.1</ele></trkpt><trkpt lat="-27.032081666666667" lon="-48.587115"><ele>6.1</ele></trkpt><trkpt lat="-27.032081666666667" lon="-48.587115"><ele>6.1</ele></trkpt><trkpt lat="-27.032081666666667" lon="-48.587115"><ele>6.1</ele></trkpt><trkpt lat="-27.032081666666667" lon="-48.587115"><ele>6.1</ele></trkpt><trkpt lat="-27.032081666666667" lon="-48.587115"><ele>6.1</ele></trkpt><trkpt lat="-27.032081666666667" lon="-48.587115"><ele>6.1</ele></trkpt><trkpt lat="-27.032081666666667" lon="-48.587115"><ele>6.1</ele></trkpt><trkpt lat="-27.032081666666667" lon="-48.587115"><ele>6.1</ele></trkpt><trkpt lat="-27.032081666666667" lon="-48.587115"><ele>6.1</ele></trkpt><trkpt lat="-27.032081666666667" lon="-48.587115"><ele>6.1</ele></trkpt><trkpt lat="-27.032081666666667" lon="-48.587115"><ele>6.1</ele></trkpt><trkpt lat="-27.032081666666667" lon="-48.587115"><ele>6.1</ele></trkpt><trkpt lat="-27.032081666666667" lon="-48.587115"><ele>6.1</ele></trkpt><trkpt lat="-27.032098333333337" lon="-48.58712666666667"><ele>5.6</ele></trkpt><trkpt lat="-27.032094999999995" lon="-48.58712833333334"><ele>5.6</ele></trkpt><trkpt lat="-27.032094999999995" lon="-48.587131666666664"><ele>5.6</ele></trkpt><trkpt lat="-27.032094999999995" lon="-48.587133333333334"><ele>5.699999999999999</ele></trkpt><trkpt lat="-27.032093333333332" lon="-48.587131666666664"><ele>5.800000000000001</ele></trkpt><trkpt lat="-27.032093333333332" lon="-48.587131666666664"><ele>5.800000000000001</ele></trkpt><trkpt lat="-27.032093333333332" lon="-48.587131666666664"><ele>5.800000000000001</ele></trkpt><trkpt lat="-27.032093333333332" lon="-48.587131666666664"><ele>5.800000000000001</ele></trkpt><trkpt lat="-27.032093333333332" lon="-48.587131666666664"><ele>5.800000000000001</ele></trkpt><trkpt lat="-27.032066666666665" lon="-48.58711333333334"><ele>6.699999999999999</ele></trkpt><trkpt lat="-27.032066666666665" lon="-48.58711333333334"><ele>6.699999999999999</ele></trkpt><trkpt lat="-27.032066666666665" lon="-48.58711333333334"><ele>6.699999999999999</ele></trkpt><trkpt lat="-27.032064999999996" lon="-48.58712333333333"><ele>6.5</ele></trkpt><trkpt lat="-27.032064999999996" lon="-48.58714"><ele>6.5</ele></trkpt><trkpt lat="-27.032068333333335" lon="-48.58714666666666"><ele>6.6</ele></trkpt><trkpt lat="-27.032073333333333" lon="-48.58715666666667"><ele>6.699999999999999</ele></trkpt><trkpt lat="-27.032076666666665" lon="-48.58716666666666"><ele>6.9</ele></trkpt><trkpt lat="-27.032079999999997" lon="-48.587178333333334"><ele>7</ele></trkpt><trkpt lat="-27.032086666666668" lon="-48.58718999999999"><ele>7</ele></trkpt><trkpt lat="-27.032085" lon="-48.58720166666667"><ele>7</ele></trkpt><trkpt lat="-27.032081666666667" lon="-48.58721333333333"><ele>7</ele></trkpt><trkpt lat="-27.032078333333335" lon="-48.58722666666666"><ele>7.199999999999999</ele></trkpt><trkpt lat="-27.032075000000003" lon="-48.58723666666666"><ele>7.1</ele></trkpt><trkpt lat="-27.032069999999997" lon="-48.58725333333334"><ele>7</ele></trkpt><trkpt lat="-27.032064999999996" lon="-48.587264999999995"><ele>6.9</ele></trkpt><trkpt lat="-27.032064999999996" lon="-48.58727833333334"><ele>6.6</ele></trkpt><trkpt lat="-27.03206" lon="-48.58729166666667"><ele>6.199999999999999</ele></trkpt><trkpt lat="-27.03205666666667" lon="-48.58729833333334"><ele>6.1</ele></trkpt><trkpt lat="-27.032051666666668" lon="-48.587315000000004"><ele>5.9</ele></trkpt><trkpt lat="-27.032048333333332" lon="-48.58732833333333"><ele>5.4</ele></trkpt><trkpt lat="-27.03204333333333" lon="-48.58734166666667"><ele>5</ele></trkpt><trkpt lat="-27.032028333333333" lon="-48.587358333333334"><ele>5</ele></trkpt><trkpt lat="-27.032018333333333" lon="-48.58737333333333"><ele>5</ele></trkpt><trkpt lat="-27.03201" lon="-48.587385"><ele>5</ele></trkpt><trkpt lat="-27.032001666666662" lon="-48.587390000000006"><ele>4.7</ele></trkpt><trkpt lat="-27.031995" lon="-48.587390000000006"><ele>4.7</ele></trkpt><trkpt lat="-27.031991666666666" lon="-48.58738666666667"><ele>4.5</ele></trkpt><trkpt lat="-27.031993333333336" lon="-48.58738666666667"><ele>4.300000000000001</ele></trkpt><trkpt lat="-27.031990000000004" lon="-48.58738166666667"><ele>3.9</ele></trkpt><trkpt lat="-27.031991666666666" lon="-48.58736833333334"><ele>3.5</ele></trkpt><trkpt lat="-27.031993333333336" lon="-48.587360000000004"><ele>3.2</ele></trkpt><trkpt lat="-27.031993333333336" lon="-48.58735166666667"><ele>3.8000000000000003</ele></trkpt><trkpt lat="-27.032001666666662" lon="-48.587345000000006"><ele>3.8000000000000003</ele></trkpt><trkpt lat="-27.032001666666662" lon="-48.58733666666667"><ele>4.1</ele></trkpt><trkpt lat="-27.03201" lon="-48.58732333333334"><ele>4.300000000000001</ele></trkpt><trkpt lat="-27.032021666666665" lon="-48.587309999999995"><ele>4.6</ele></trkpt><trkpt lat="-27.032036666666666" lon="-48.58729833333334"><ele>4.9</ele></trkpt><trkpt lat="-27.032046666666663" lon="-48.58729166666667"><ele>5.2</ele></trkpt><trkpt lat="-27.03206" lon="-48.587288333333326"><ele>5.699999999999999</ele></trkpt><trkpt lat="-27.032066666666665" lon="-48.58727833333334"><ele>6.300000000000001</ele></trkpt><trkpt lat="-27.032075000000003" lon="-48.58726333333334"><ele>6.9</ele></trkpt><trkpt lat="-27.032083333333336" lon="-48.58724666666667"><ele>7.300000000000001</ele></trkpt><trkpt lat="-27.032093333333332" lon="-48.58723166666667"><ele>7.5</ele></trkpt><trkpt lat="-27.03210166666667" lon="-48.58721166666666"><ele>7.699999999999999</ele></trkpt><trkpt lat="-27.032108333333333" lon="-48.58718833333334"><ele>7.9</ele></trkpt><trkpt lat="-27.032120000000003" lon="-48.58717"><ele>7.800000000000001</ele></trkpt><trkpt lat="-27.03213166666667" lon="-48.58716166666667"><ele>8</ele></trkpt><trkpt lat="-27.032143333333337" lon="-48.58716166666667"><ele>8.2</ele></trkpt><trkpt lat="-27.032151666666664" lon="-48.587155"><ele>8.1</ele></trkpt><trkpt lat="-27.032158333333335" lon="-48.58714833333333"><ele>8.5</ele></trkpt><trkpt lat="-27.032168333333335" lon="-48.587153333333326"><ele>8.8</ele></trkpt><trkpt lat="-27.03217833333333" lon="-48.587155"><ele>9.1</ele></trkpt><trkpt lat="-27.032188333333337" lon="-48.587155"><ele>9.3</ele></trkpt><trkpt lat="-27.032188333333337" lon="-48.587155"><ele>9.3</ele></trkpt><trkpt lat="-27.032188333333337" lon="-48.587155"><ele>9.3</ele></trkpt><trkpt lat="-27.03219166666667" lon="-48.58715166666666"><ele>9.4</ele></trkpt><trkpt lat="-27.032186666666668" lon="-48.58714499999999"><ele>9.5</ele></trkpt><trkpt lat="-27.032181666666663" lon="-48.58715"><ele>9.3</ele></trkpt><trkpt lat="-27.03218" lon="-48.58715166666666"><ele>9.3</ele></trkpt><trkpt lat="-27.032171666666667" lon="-48.587153333333326"><ele>9</ele></trkpt><trkpt lat="-27.032166666666665" lon="-48.58714666666666"><ele>9.1</ele></trkpt><trkpt lat="-27.032158333333335" lon="-48.58714"><ele>8.9</ele></trkpt><trkpt lat="-27.032153333333333" lon="-48.58713666666666"><ele>8.5</ele></trkpt><trkpt lat="-27.03214666666667" lon="-48.58713666666666"><ele>8.2</ele></trkpt><trkpt lat="-27.032145" lon="-48.587135"><ele>8.1</ele></trkpt><trkpt lat="-27.032141666666668" lon="-48.58713666666666"><ele>7.800000000000001</ele></trkpt><trkpt lat="-27.032141666666668" lon="-48.58713666666666"><ele>7.800000000000001</ele></trkpt><trkpt lat="-27.032141666666668" lon="-48.58713666666666"><ele>7.800000000000001</ele></trkpt><trkpt lat="-27.032141666666668" lon="-48.58713666666666"><ele>7.800000000000001</ele></trkpt><trkpt lat="-27.032141666666668" lon="-48.58713666666666"><ele>7.800000000000001</ele></trkpt><trkpt lat="-27.032141666666668" lon="-48.58713666666666"><ele>7.800000000000001</ele></trkpt><trkpt lat="-27.032141666666668" lon="-48.58713666666666"><ele>7.800000000000001</ele></trkpt><trkpt lat="-27.032141666666668" lon="-48.58713666666666"><ele>7.800000000000001</ele></trkpt><trkpt lat="-27.032141666666668" lon="-48.58713666666666"><ele>7.800000000000001</ele></trkpt><trkpt lat="-27.032141666666668" lon="-48.58713666666666"><ele>7.800000000000001</ele></trkpt><trkpt lat="-27.032141666666668" lon="-48.58713666666666"><ele>7.800000000000001</ele></trkpt><trkpt lat="-27.032141666666668" lon="-48.58713666666666"><ele>7.800000000000001</ele></trkpt><trkpt lat="-27.032141666666668" lon="-48.58713666666666"><ele>7.800000000000001</ele></trkpt><trkpt lat="-27.032141666666668" lon="-48.58713666666666"><ele>7.800000000000001</ele></trkpt><trkpt lat="-27.032141666666668" lon="-48.58713666666666"><ele>7.800000000000001</ele></trkpt><trkpt lat="-27.032141666666668" lon="-48.58713666666666"><ele>7.800000000000001</ele></trkpt><trkpt lat="-27.032141666666668" lon="-48.58713666666666"><ele>7.800000000000001</ele></trkpt><trkpt lat="-27.032141666666668" lon="-48.58713666666666"><ele>7.800000000000001</ele></trkpt><trkpt lat="-27.032141666666668" lon="-48.58713666666666"><ele>7.800000000000001</ele></trkpt><trkpt lat="-27.032138333333332" lon="-48.587115"><ele>5.800000000000001</ele></trkpt><trkpt lat="-27.032143333333337" lon="-48.587125"><ele>5.9</ele></trkpt><trkpt lat="-27.03215" lon="-48.587131666666664"><ele>5.9</ele></trkpt><trkpt lat="-27.032153333333333" lon="-48.58714166666667"><ele>5.800000000000001</ele></trkpt><trkpt lat="-27.032154999999996" lon="-48.58714666666666"><ele>5.6</ele></trkpt><trkpt lat="-27.032154999999996" lon="-48.58715166666666"><ele>5.5</ele></trkpt><trkpt lat="-27.032156666666666" lon="-48.58715666666667"><ele>5.300000000000001</ele></trkpt><trkpt lat="-27.032154999999996" lon="-48.58716"><ele>5.2</ele></trkpt><trkpt lat="-27.032153333333333" lon="-48.587163333333336"><ele>5.1</ele></trkpt><trkpt lat="-27.032156666666666" lon="-48.58716833333333"><ele>4.9</ele></trkpt><trkpt lat="-27.03214666666667" lon="-48.587178333333334"><ele>5</ele></trkpt><trkpt lat="-27.032145" lon="-48.58718333333333"><ele>4.9</ele></trkpt><trkpt lat="-27.032141666666668" lon="-48.58718666666667"><ele>4.7</ele></trkpt><trkpt lat="-27.032138333333332" lon="-48.58719166666666"><ele>3.8000000000000003</ele></trkpt><trkpt lat="-27.032139999999995" lon="-48.58716833333333"><ele>3.3</ele></trkpt><trkpt lat="-27.032143333333337" lon="-48.58716833333333"><ele>2.9000000000000004</ele></trkpt><trkpt lat="-27.032148333333332" lon="-48.587174999999995"><ele>2.7</ele></trkpt><trkpt lat="-27.03215" lon="-48.58718166666666"><ele>2.5</ele></trkpt><trkpt lat="-27.032153333333333" lon="-48.58718666666667"><ele>2.4000000000000004</ele></trkpt><trkpt lat="-27.032151666666664" lon="-48.58718333333333"><ele>2.3</ele></trkpt><trkpt lat="-27.032148333333332" lon="-48.58718333333333"><ele>2.3</ele></trkpt><trkpt lat="-27.032145" lon="-48.587178333333334"><ele>2.3</ele></trkpt><trkpt lat="-27.032143333333337" lon="-48.587174999999995"><ele>2.2</ele></trkpt><trkpt lat="-27.03215" lon="-48.587176666666664"><ele>2.2</ele></trkpt><trkpt lat="-27.032148333333332" lon="-48.58717"><ele>2</ele></trkpt><trkpt lat="-27.03213333333333" lon="-48.587165000000006"><ele>2</ele></trkpt><trkpt lat="-27.032128333333336" lon="-48.58716666666666"><ele>1.8</ele></trkpt><trkpt lat="-27.032124999999997" lon="-48.587165000000006"><ele>1.5</ele></trkpt><trkpt lat="-27.032121666666665" lon="-48.58715833333334"><ele>1.3</ele></trkpt><trkpt lat="-27.03211666666667" lon="-48.587153333333326"><ele>1</ele></trkpt><trkpt lat="-27.032114999999997" lon="-48.58715166666666"><ele>1</ele></trkpt><trkpt lat="-27.03211666666667" lon="-48.58714666666666"><ele>0.9000000000000001</ele></trkpt><trkpt lat="-27.032108333333333" lon="-48.58715"><ele>0.6000000000000001</ele></trkpt><trkpt lat="-27.032098333333337" lon="-48.58714666666666"><ele>0.20000000000000018</ele></trkpt><trkpt lat="-27.032086666666668" lon="-48.58714"><ele>0.9000000000000001</ele></trkpt><trkpt lat="-27.032086666666668" lon="-48.58714"><ele>0.9000000000000001</ele></trkpt><trkpt lat="-27.032086666666668" lon="-48.58714"><ele>0.9000000000000001</ele></trkpt><trkpt lat="-27.032085" lon="-48.58713666666666"><ele>1.1</ele></trkpt><trkpt lat="-27.032086666666668" lon="-48.587133333333334"><ele>1.1</ele></trkpt><trkpt lat="-27.032086666666668" lon="-48.587131666666664"><ele>0.8</ele></trkpt><trkpt lat="-27.03208833333333" lon="-48.58712833333334"><ele>1.6</ele></trkpt><trkpt lat="-27.03208833333333" lon="-48.587133333333334"><ele>1.8</ele></trkpt><trkpt lat="-27.032093333333332" lon="-48.58713666666666"><ele>1.8</ele></trkpt><trkpt lat="-27.03210166666667" lon="-48.587133333333334"><ele>1.9000000000000001</ele></trkpt><trkpt lat="-27.03210166666667" lon="-48.587133333333334"><ele>2.1</ele></trkpt><trkpt lat="-27.03210166666667" lon="-48.587131666666664"><ele>2.4000000000000004</ele></trkpt><trkpt lat="-27.0321" lon="-48.587135"><ele>2.4000000000000004</ele></trkpt><trkpt lat="-27.0321" lon="-48.58713833333333"><ele>2.8</ele></trkpt><trkpt lat="-27.032098333333337" lon="-48.58714166666667"><ele>3</ele></trkpt><trkpt lat="-27.032096666666668" lon="-48.58714666666666"><ele>3.3</ele></trkpt><trkpt lat="-27.032096666666668" lon="-48.58714833333333"><ele>3.4000000000000004</ele></trkpt><trkpt lat="-27.032093333333332" lon="-48.58715166666666"><ele>3.8000000000000003</ele></trkpt><trkpt lat="-27.03209" lon="-48.587155"><ele>4</ele></trkpt><trkpt lat="-27.03209" lon="-48.587155"><ele>4</ele></trkpt><trkpt lat="-27.032085" lon="-48.58718333333333"><ele>4.300000000000001</ele></trkpt><trkpt lat="-27.032079999999997" lon="-48.587205"><ele>4.2</ele></trkpt><trkpt lat="-27.032076666666665" lon="-48.58722666666666"><ele>4.2</ele></trkpt><trkpt lat="-27.032069999999997" lon="-48.58725666666666"><ele>4.300000000000001</ele></trkpt><trkpt lat="-27.03206" lon="-48.58728666666666"><ele>4.4</ele></trkpt><trkpt lat="-27.032049999999995" lon="-48.58732166666667"><ele>3.9</ele></trkpt><trkpt lat="-27.032041666666668" lon="-48.587354999999995"><ele>4</ele></trkpt><trkpt lat="-27.032036666666666" lon="-48.58738666666667"><ele>3.9</ele></trkpt><trkpt lat="-27.032038333333336" lon="-48.58741833333333"><ele>4</ele></trkpt><trkpt lat="-27.032051666666668" lon="-48.587444999999995"><ele>4.5</ele></trkpt><trkpt lat="-27.032064999999996" lon="-48.58746333333333"><ele>4.7</ele></trkpt><trkpt lat="-27.03207166666667" lon="-48.58747666666667"><ele>5.1</ele></trkpt><trkpt lat="-27.032081666666667" lon="-48.587485"><ele>5.5</ele></trkpt><trkpt lat="-27.03208833333333" lon="-48.58750166666667"><ele>5.699999999999999</ele></trkpt><trkpt lat="-27.03208833333333" lon="-48.58752"><ele>5.699999999999999</ele></trkpt><trkpt lat="-27.032076666666665" lon="-48.587538333333335"><ele>6</ele></trkpt><trkpt lat="-27.03206" lon="-48.58755833333333"><ele>6.199999999999999</ele></trkpt><trkpt lat="-27.032036666666666" lon="-48.587575"><ele>6.4</ele></trkpt><trkpt lat="-27.032020000000003" lon="-48.58759333333334"><ele>6.6</ele></trkpt><trkpt lat="-27.032008333333337" lon="-48.58761333333334"><ele>6.300000000000001</ele></trkpt><trkpt lat="-27.032" lon="-48.58763166666666"><ele>5.800000000000001</ele></trkpt><trkpt lat="-27.031991666666666" lon="-48.58764833333333"><ele>5.2</ele></trkpt><trkpt lat="-27.031988333333334" lon="-48.58766333333333"><ele>4.6</ele></trkpt><trkpt lat="-27.031985000000002" lon="-48.58768"><ele>4</ele></trkpt><trkpt lat="-27.031973333333333" lon="-48.5877"><ele>3</ele></trkpt><trkpt lat="-27.031961666666668" lon="-48.587720000000004"><ele>1.6</ele></trkpt><trkpt lat="-27.031956666666662" lon="-48.58774166666667"><ele>1.2000000000000002</ele></trkpt><trkpt lat="-27.031938333333333" lon="-48.587763333333335"><ele>0.20000000000000018</ele></trkpt><trkpt lat="-27.031926666666664" lon="-48.58777666666666"><ele>0.20000000000000018</ele></trkpt><trkpt lat="-27.03190833333333" lon="-48.58778833333334"><ele>0.30000000000000004</ele></trkpt><trkpt lat="-27.031888333333335" lon="-48.5878"><ele>1</ele></trkpt><trkpt lat="-27.031871666666667" lon="-48.58781666666667"><ele>1.2000000000000002</ele></trkpt><trkpt lat="-27.031875" lon="-48.58784166666666"><ele>1</ele></trkpt><trkpt lat="-27.031889999999997" lon="-48.58786166666667"><ele>1.2000000000000002</ele></trkpt><trkpt lat="-27.031915000000005" lon="-48.58788166666667"><ele>2.2</ele></trkpt><trkpt lat="-27.031941666666665" lon="-48.58788833333333"><ele>2.5</ele></trkpt><trkpt lat="-27.031958333333332" lon="-48.58787166666666"><ele>2.5</ele></trkpt><trkpt lat="-27.031956666666662" lon="-48.58785833333333"><ele>2.5</ele></trkpt><trkpt lat="-27.03195333333333" lon="-48.58784333333333"><ele>2.6</ele></trkpt><trkpt lat="-27.031948333333336" lon="-48.58782333333333"><ele>2.4000000000000004</ele></trkpt><trkpt lat="-27.031946666666666" lon="-48.58780166666667"><ele>1.9000000000000001</ele></trkpt><trkpt lat="-27.03195" lon="-48.587785000000004"><ele>1.7000000000000002</ele></trkpt><trkpt lat="-27.03195333333333" lon="-48.587765000000005"><ele>1.4000000000000001</ele></trkpt><trkpt lat="-27.031956666666662" lon="-48.58775166666666"><ele>1.4000000000000001</ele></trkpt><trkpt lat="-27.031963333333337" lon="-48.58773333333333"><ele>1.3</ele></trkpt><trkpt lat="-27.031965" lon="-48.58771333333334"><ele>1.6</ele></trkpt><trkpt lat="-27.03195" lon="-48.58770500000001"><ele>1.7000000000000002</ele></trkpt><trkpt lat="-27.031938333333333" lon="-48.58771166666667"><ele>1.6</ele></trkpt><trkpt lat="-27.031934999999997" lon="-48.587720000000004"><ele>1.9000000000000001</ele></trkpt><trkpt lat="-27.031934999999997" lon="-48.58772833333334"><ele>2.2</ele></trkpt><trkpt lat="-27.031938333333333" lon="-48.58773833333333"><ele>2.6</ele></trkpt><trkpt lat="-27.031938333333333" lon="-48.58774333333334"><ele>3.1</ele></trkpt><trkpt lat="-27.031945000000004" lon="-48.58775333333333"><ele>4.1</ele></trkpt><trkpt lat="-27.031946666666666" lon="-48.58775666666667"><ele>4.6</ele></trkpt><trkpt lat="-27.03195333333333" lon="-48.58775666666667"><ele>5.1</ele></trkpt><trkpt lat="-27.031956666666662" lon="-48.58775833333334"><ele>5.2</ele></trkpt><trkpt lat="-27.031956666666662" lon="-48.58775833333334"><ele>5.2</ele></trkpt><trkpt lat="-27.031960000000005" lon="-48.587759999999996"><ele>5.300000000000001</ele></trkpt><trkpt lat="-27.031961666666668" lon="-48.587759999999996"><ele>5.4</ele></trkpt><trkpt lat="-27.031961666666668" lon="-48.587759999999996"><ele>5.5</ele></trkpt><trkpt lat="-27.031960000000005" lon="-48.587761666666665"><ele>5.5</ele></trkpt><trkpt lat="-27.031956666666662" lon="-48.58776666666666"><ele>5.699999999999999</ele></trkpt><trkpt lat="-27.031956666666662" lon="-48.58776666666666"><ele>5.699999999999999</ele></trkpt><trkpt lat="-27.031956666666662" lon="-48.58776666666666"><ele>5.699999999999999</ele></trkpt><trkpt lat="-27.031948333333336" lon="-48.58777166666667"><ele>6</ele></trkpt><trkpt lat="-27.031948333333336" lon="-48.58777333333334"><ele>6.4</ele></trkpt><trkpt lat="-27.03195" lon="-48.58778"><ele>6.6</ele></trkpt><trkpt lat="-27.031958333333332" lon="-48.58778333333333"><ele>6.699999999999999</ele></trkpt><trkpt lat="-27.031965" lon="-48.58778833333334"><ele>6.4</ele></trkpt><trkpt lat="-27.031965" lon="-48.58778833333334"><ele>6</ele></trkpt><trkpt lat="-27.031961666666668" lon="-48.58778333333333"><ele>6.1</ele></trkpt><trkpt lat="-27.031961666666668" lon="-48.58778333333333"><ele>6</ele></trkpt><trkpt lat="-27.03196666666667" lon="-48.58779"><ele>5.9</ele></trkpt><trkpt lat="-27.031976666666665" lon="-48.58779333333334"><ele>5.9</ele></trkpt><trkpt lat="-27.031986666666665" lon="-48.5878"><ele>5.9</ele></trkpt><trkpt lat="-27.031995" lon="-48.58780333333334"><ele>5.800000000000001</ele></trkpt><trkpt lat="-27.032001666666662" lon="-48.587806666666665"><ele>5.800000000000001</ele></trkpt><trkpt lat="-27.03201" lon="-48.587810000000005"><ele>5.9</ele></trkpt><trkpt lat="-27.03201" lon="-48.587810000000005"><ele>5.9</ele></trkpt><trkpt lat="-27.03201" lon="-48.587810000000005"><ele>5.9</ele></trkpt><trkpt lat="-27.03201" lon="-48.587810000000005"><ele>5.9</ele></trkpt><trkpt lat="-27.03201" lon="-48.587810000000005"><ele>5.9</ele></trkpt><trkpt lat="-27.03201" lon="-48.587810000000005"><ele>5.9</ele></trkpt><trkpt lat="-27.03201" lon="-48.587810000000005"><ele>5.9</ele></trkpt><trkpt lat="-27.03201" lon="-48.587810000000005"><ele>5.9</ele></trkpt><trkpt lat="-27.03201" lon="-48.587810000000005"><ele>5.9</ele></trkpt><trkpt lat="-27.03201" lon="-48.587810000000005"><ele>5.9</ele></trkpt><trkpt lat="-27.03201" lon="-48.587810000000005"><ele>5.9</ele></trkpt><trkpt lat="-27.03201" lon="-48.587810000000005"><ele>5.9</ele></trkpt><trkpt lat="-27.03201" lon="-48.587810000000005"><ele>5.9</ele></trkpt><trkpt lat="-27.03201" lon="-48.587810000000005"><ele>5.9</ele></trkpt><trkpt lat="-27.03201" lon="-48.587810000000005"><ele>5.9</ele></trkpt><trkpt lat="-27.03201" lon="-48.587810000000005"><ele>5.9</ele></trkpt><trkpt lat="-27.031993333333336" lon="-48.58782833333333"><ele>8.2</ele></trkpt><trkpt lat="-27.031978333333335" lon="-48.58784666666667"><ele>8.1</ele></trkpt><trkpt lat="-27.03196833333333" lon="-48.58786833333333"><ele>7.9</ele></trkpt><trkpt lat="-27.031958333333332" lon="-48.587896666666666"><ele>7.6</ele></trkpt><trkpt lat="-27.03195" lon="-48.58792666666667"><ele>7.6</ele></trkpt><trkpt lat="-27.03193666666667" lon="-48.587954999999994"><ele>7.300000000000001</ele></trkpt><trkpt lat="-27.031931666666665" lon="-48.58799333333333"><ele>7.4</ele></trkpt><trkpt lat="-27.031918333333337" lon="-48.58802166666666"><ele>6.9</ele></trkpt><trkpt lat="-27.031913333333332" lon="-48.58805166666666"><ele>6.800000000000001</ele></trkpt><trkpt lat="-27.031906666666668" lon="-48.588076666666666"><ele>6.699999999999999</ele></trkpt><trkpt lat="-27.031901666666666" lon="-48.588095"><ele>6.1</ele></trkpt><trkpt lat="-27.031893333333333" lon="-48.58811166666666"><ele>6.1</ele></trkpt><trkpt lat="-27.031893333333333" lon="-48.588115"><ele>6</ele></trkpt><trkpt lat="-27.031898333333334" lon="-48.588115"><ele>6.6</ele></trkpt><trkpt lat="-27.031905" lon="-48.58811333333333"><ele>6.699999999999999</ele></trkpt><trkpt lat="-27.031913333333332" lon="-48.58811333333333"><ele>6.800000000000001</ele></trkpt><trkpt lat="-27.031915000000005" lon="-48.58810833333334"><ele>7.800000000000001</ele></trkpt><trkpt lat="-27.031915000000005" lon="-48.588101666666674"><ele>8.4</ele></trkpt><trkpt lat="-27.031918333333337" lon="-48.58809666666666"><ele>9.2</ele></trkpt><trkpt lat="-27.03192333333333" lon="-48.58809333333333"><ele>10</ele></trkpt><trkpt lat="-27.03192" lon="-48.588088333333324"><ele>10.4</ele></trkpt><trkpt lat="-27.03192166666667" lon="-48.588088333333324"><ele>11</ele></trkpt><trkpt lat="-27.031926666666664" lon="-48.588089999999994"><ele>11.6</ele></trkpt><trkpt lat="-27.031925" lon="-48.588088333333324"><ele>11.7</ele></trkpt><trkpt lat="-27.031925" lon="-48.588088333333324"><ele>11.7</ele></trkpt><trkpt lat="-27.031925" lon="-48.588088333333324"><ele>11.7</ele></trkpt><trkpt lat="-27.031925" lon="-48.588088333333324"><ele>11.7</ele></trkpt><trkpt lat="-27.031925" lon="-48.588088333333324"><ele>11.7</ele></trkpt><trkpt lat="-27.031925" lon="-48.588088333333324"><ele>11.7</ele></trkpt><trkpt lat="-27.031925" lon="-48.588088333333324"><ele>11.7</ele></trkpt><trkpt lat="-27.031925" lon="-48.588088333333324"><ele>11.7</ele></trkpt><trkpt lat="-27.031916666666667" lon="-48.588095"><ele>12</ele></trkpt><trkpt lat="-27.031916666666667" lon="-48.58809666666666"><ele>12.2</ele></trkpt><trkpt lat="-27.031918333333337" lon="-48.588105"><ele>12.2</ele></trkpt><trkpt lat="-27.031918333333337" lon="-48.58811666666667"><ele>12.4</ele></trkpt><trkpt lat="-27.031918333333337" lon="-48.588133333333325"><ele>12.4</ele></trkpt><trkpt lat="-27.03192" lon="-48.58815166666667"><ele>12.4</ele></trkpt><trkpt lat="-27.031911666666662" lon="-48.588166666666666"><ele>12.299999999999999</ele></trkpt><trkpt lat="-27.031911666666662" lon="-48.588166666666666"><ele>12.299999999999999</ele></trkpt><trkpt lat="-27.031901666666666" lon="-48.58817666666667"><ele>12.1</ele></trkpt><trkpt lat="-27.031900000000004" lon="-48.588191666666674"><ele>11.799999999999999</ele></trkpt><trkpt lat="-27.031903333333336" lon="-48.58820833333333"><ele>11.6</ele></trkpt><trkpt lat="-27.031906666666668" lon="-48.588213333333336"><ele>11.299999999999999</ele></trkpt><trkpt lat="-27.03191" lon="-48.588211666666666"><ele>11.2</ele></trkpt><trkpt lat="-27.03190833333333" lon="-48.588211666666666"><ele>11</ele></trkpt><trkpt lat="-27.031903333333336" lon="-48.58821"><ele>10.799999999999999</ele></trkpt><trkpt lat="-27.031893333333333" lon="-48.58821"><ele>10.5</ele></trkpt><trkpt lat="-27.031893333333333" lon="-48.58821"><ele>10.5</ele></trkpt><trkpt lat="-27.03188" lon="-48.58820166666666"><ele>10.1</ele></trkpt><trkpt lat="-27.031873333333337" lon="-48.58820166666666"><ele>9.799999999999999</ele></trkpt><trkpt lat="-27.031870000000005" lon="-48.58820000000001"><ele>9.9</ele></trkpt><trkpt lat="-27.03186333333333" lon="-48.58821"><ele>10.2</ele></trkpt><trkpt lat="-27.031859999999998" lon="-48.58822"><ele>10.4</ele></trkpt><trkpt lat="-27.031861666666668" lon="-48.58824333333334"><ele>10.7</ele></trkpt><trkpt lat="-27.031855000000004" lon="-48.588269999999994"><ele>10.799999999999999</ele></trkpt><trkpt lat="-27.031853333333334" lon="-48.588295"><ele>10.7</ele></trkpt><trkpt lat="-27.031851666666665" lon="-48.58832"><ele>10.4</ele></trkpt><trkpt lat="-27.031850000000002" lon="-48.588346666666666"><ele>10.1</ele></trkpt><trkpt lat="-27.03184666666667" lon="-48.58837833333334"><ele>9.9</ele></trkpt><trkpt lat="-27.031844999999997" lon="-48.58841166666666"><ele>9.6</ele></trkpt><trkpt lat="-27.031841666666665" lon="-48.58843666666667"><ele>9.4</ele></trkpt><trkpt lat="-27.031836666666663" lon="-48.58846833333334"><ele>9.4</ele></trkpt><trkpt lat="-27.031828333333337" lon="-48.588494999999995"><ele>9.4</ele></trkpt><trkpt lat="-27.031821666666662" lon="-48.58852333333333"><ele>9.4</ele></trkpt><trkpt lat="-27.031816666666668" lon="-48.588545"><ele>9.3</ele></trkpt><trkpt lat="-27.031816666666668" lon="-48.588545"><ele>9.3</ele></trkpt><trkpt lat="-27.031816666666668" lon="-48.588565"><ele>9.1</ele></trkpt><trkpt lat="-27.031811666666666" lon="-48.58857833333333"><ele>8.8</ele></trkpt><trkpt lat="-27.031811666666666" lon="-48.58859166666666"><ele>8.6</ele></trkpt><trkpt lat="-27.031805000000002" lon="-48.58859333333333"><ele>8.6</ele></trkpt><trkpt lat="-27.031810000000004" lon="-48.58859"><ele>8.2</ele></trkpt><trkpt lat="-27.031811666666666" lon="-48.588586666666664"><ele>7.699999999999999</ele></trkpt><trkpt lat="-27.031811666666666" lon="-48.588583333333325"><ele>7.9</ele></trkpt><trkpt lat="-27.031811666666666" lon="-48.588583333333325"><ele>7.9</ele></trkpt><trkpt lat="-27.031811666666666" lon="-48.588583333333325"><ele>7.9</ele></trkpt><trkpt lat="-27.031803333333333" lon="-48.58857833333333"><ele>7.199999999999999</ele></trkpt><trkpt lat="-27.031796666666665" lon="-48.58857666666666"><ele>6.800000000000001</ele></trkpt><trkpt lat="-27.031793333333333" lon="-48.588575000000006"><ele>6.6</ele></trkpt><trkpt lat="-27.03179" lon="-48.588575000000006"><ele>6.5</ele></trkpt><trkpt lat="-27.031783333333337" lon="-48.588573333333336"><ele>6.4</ele></trkpt><trkpt lat="-27.031783333333337" lon="-48.588573333333336"><ele>6.4</ele></trkpt><trkpt lat="-27.031783333333337" lon="-48.588573333333336"><ele>6.4</ele></trkpt><trkpt lat="-27.031783333333337" lon="-48.588573333333336"><ele>6.4</ele></trkpt><trkpt lat="-27.031783333333337" lon="-48.588573333333336"><ele>6.4</ele></trkpt><trkpt lat="-27.031783333333337" lon="-48.588573333333336"><ele>6.4</ele></trkpt><trkpt lat="-27.031783333333337" lon="-48.588573333333336"><ele>6.4</ele></trkpt><trkpt lat="-27.031783333333337" lon="-48.588573333333336"><ele>6.4</ele></trkpt><trkpt lat="-27.031783333333337" lon="-48.588573333333336"><ele>6.4</ele></trkpt><trkpt lat="-27.031783333333337" lon="-48.588573333333336"><ele>6.4</ele></trkpt><trkpt lat="-27.031783333333337" lon="-48.588573333333336"><ele>6.4</ele></trkpt><trkpt lat="-27.031783333333337" lon="-48.588573333333336"><ele>6.4</ele></trkpt><trkpt lat="-27.031783333333337" lon="-48.588573333333336"><ele>6.4</ele></trkpt><trkpt lat="-27.031783333333337" lon="-48.588573333333336"><ele>6.4</ele></trkpt><trkpt lat="-27.031783333333337" lon="-48.588573333333336"><ele>6.4</ele></trkpt><trkpt lat="-27.031783333333337" lon="-48.588573333333336"><ele>6.4</ele></trkpt><trkpt lat="-27.031805000000002" lon="-48.588588333333334"><ele>9.799999999999999</ele></trkpt><trkpt lat="-27.031803333333333" lon="-48.58857666666666"><ele>9.9</ele></trkpt><trkpt lat="-27.031795000000002" lon="-48.588573333333336"><ele>10.2</ele></trkpt><trkpt lat="-27.031795000000002" lon="-48.588575000000006"><ele>10.2</ele></trkpt><trkpt lat="-27.031796666666665" lon="-48.588573333333336"><ele>10.1</ele></trkpt><trkpt lat="-27.03180166666667" lon="-48.588575000000006"><ele>10.1</ele></trkpt><trkpt lat="-27.031798333333334" lon="-48.58857666666666"><ele>10.1</ele></trkpt><trkpt lat="-27.031799999999997" lon="-48.58858"><ele>10.299999999999999</ele></trkpt><trkpt lat="-27.031793333333333" lon="-48.588583333333325"><ele>10.299999999999999</ele></trkpt><trkpt lat="-27.031791666666663" lon="-48.588584999999995"><ele>10.2</ele></trkpt><trkpt lat="-27.031791666666663" lon="-48.588584999999995"><ele>10.2</ele></trkpt><trkpt lat="-27.031791666666663" lon="-48.588586666666664"><ele>10.1</ele></trkpt><trkpt lat="-27.031785" lon="-48.588584999999995"><ele>10.1</ele></trkpt><trkpt lat="-27.031785" lon="-48.588595000000005"><ele>10.1</ele></trkpt><trkpt lat="-27.03178666666667" lon="-48.58861"><ele>9.9</ele></trkpt><trkpt lat="-27.03177833333333" lon="-48.588629999999995"><ele>10</ele></trkpt><trkpt lat="-27.031776666666662" lon="-48.58865333333333"><ele>9.9</ele></trkpt><trkpt lat="-27.031769999999998" lon="-48.588678333333334"><ele>9.6</ele></trkpt><trkpt lat="-27.031776666666662" lon="-48.588696666666664"><ele>9</ele></trkpt><trkpt lat="-27.031775" lon="-48.58871333333333"><ele>7.800000000000001</ele></trkpt><trkpt lat="-27.031771666666668" lon="-48.588735"><ele>8.1</ele></trkpt><trkpt lat="-27.031769999999998" lon="-48.58874833333333"><ele>7.9</ele></trkpt><trkpt lat="-27.031769999999998" lon="-48.58874833333333"><ele>7.9</ele></trkpt><trkpt lat="-27.031771666666668" lon="-48.58876166666667"><ele>7.5</ele></trkpt><trkpt lat="-27.031769999999998" lon="-48.588766666666665"><ele>7.9</ele></trkpt><trkpt lat="-27.031775" lon="-48.588764999999995"><ele>8</ele></trkpt><trkpt lat="-27.03177333333333" lon="-48.58876"><ele>8.1</ele></trkpt><trkpt lat="-27.03177333333333" lon="-48.58876"><ele>8.1</ele></trkpt><trkpt lat="-27.03177333333333" lon="-48.58876"><ele>8</ele></trkpt><trkpt lat="-27.03177333333333" lon="-48.58876"><ele>8</ele></trkpt><trkpt lat="-27.031771666666668" lon="-48.58875833333333"><ele>7.800000000000001</ele></trkpt><trkpt lat="-27.031771666666668" lon="-48.58875666666666"><ele>7.800000000000001</ele></trkpt><trkpt lat="-27.031768333333336" lon="-48.58876"><ele>7.800000000000001</ele></trkpt><trkpt lat="-27.031769999999998" lon="-48.588770000000004"><ele>7.800000000000001</ele></trkpt><trkpt lat="-27.031765000000004" lon="-48.588786666666664"><ele>7.5</ele></trkpt><trkpt lat="-27.031754999999997" lon="-48.588808333333326"><ele>7.5</ele></trkpt><trkpt lat="-27.031750000000002" lon="-48.58882666666667"><ele>7.5</ele></trkpt><trkpt lat="-27.031745" lon="-48.588858333333334"><ele>7</ele></trkpt><trkpt lat="-27.03174333333333" lon="-48.58888666666667"><ele>6.4</ele></trkpt><trkpt lat="-27.031738333333337" lon="-48.58892000000001"><ele>6.1</ele></trkpt><trkpt lat="-27.031731666666662" lon="-48.58895833333333"><ele>5.2</ele></trkpt><trkpt lat="-27.031726666666668" lon="-48.58898666666667"><ele>4.800000000000001</ele></trkpt><trkpt lat="-27.031718333333334" lon="-48.58902333333334"><ele>4.2</ele></trkpt><trkpt lat="-27.031708333333334" lon="-48.589056666666664"><ele>3.9</ele></trkpt><trkpt lat="-27.031695" lon="-48.589091666666675"><ele>3.6</ele></trkpt><trkpt lat="-27.031693333333337" lon="-48.58912166666667"><ele>3.4000000000000004</ele></trkpt><trkpt lat="-27.031690000000005" lon="-48.589148333333334"><ele>3.2</ele></trkpt><trkpt lat="-27.03168333333333" lon="-48.589181666666676"><ele>3.1</ele></trkpt><trkpt lat="-27.031670000000002" lon="-48.58921166666667"><ele>3.1</ele></trkpt><trkpt lat="-27.031660000000002" lon="-48.589236666666665"><ele>3.1</ele></trkpt><trkpt lat="-27.031660000000002" lon="-48.589236666666665"><ele>3.1</ele></trkpt><trkpt lat="-27.031648333333337" lon="-48.58925666666667"><ele>2.9000000000000004</ele></trkpt><trkpt lat="-27.031636666666667" lon="-48.58928833333333"><ele>3.4000000000000004</ele></trkpt><trkpt lat="-27.031628333333334" lon="-48.589315000000006"><ele>4.5</ele></trkpt><trkpt lat="-27.03162166666667" lon="-48.58933833333334"><ele>5.2</ele></trkpt><trkpt lat="-27.031615000000002" lon="-48.58935666666666"><ele>5.699999999999999</ele></trkpt><trkpt lat="-27.031611666666663" lon="-48.589375000000004"><ele>6</ele></trkpt><trkpt lat="-27.031613333333333" lon="-48.58939333333333"><ele>6.199999999999999</ele></trkpt><trkpt lat="-27.031630000000003" lon="-48.589405000000006"><ele>5.800000000000001</ele></trkpt><trkpt lat="-27.03165166666667" lon="-48.58941333333334"><ele>6</ele></trkpt><trkpt lat="-27.031673333333334" lon="-48.58940333333333"><ele>5.800000000000001</ele></trkpt><trkpt lat="-27.031685" lon="-48.58938166666667"><ele>6.1</ele></trkpt><trkpt lat="-27.031686666666662" lon="-48.589361666666676"><ele>6.699999999999999</ele></trkpt><trkpt lat="-27.031686666666662" lon="-48.58933999999999"><ele>7.199999999999999</ele></trkpt><trkpt lat="-27.031690000000005" lon="-48.58932"><ele>7.1</ele></trkpt><trkpt lat="-27.03169666666667" lon="-48.58929666666666"><ele>7.300000000000001</ele></trkpt><trkpt lat="-27.031691666666667" lon="-48.589270000000006"><ele>7.4</ele></trkpt><trkpt lat="-27.031681666666667" lon="-48.58925333333333"><ele>7.4</ele></trkpt><trkpt lat="-27.031661666666665" lon="-48.58925666666667"><ele>7.199999999999999</ele></trkpt><trkpt lat="-27.031656666666663" lon="-48.589275"><ele>7.4</ele></trkpt><trkpt lat="-27.03165333333333" lon="-48.58929166666667"><ele>7.6</ele></trkpt><trkpt lat="-27.031645000000005" lon="-48.589308333333335"><ele>7.9</ele></trkpt><trkpt lat="-27.031641666666662" lon="-48.58932166666667"><ele>7.699999999999999</ele></trkpt><trkpt lat="-27.03164" lon="-48.589335"><ele>7.4</ele></trkpt><trkpt lat="-27.03163833333333" lon="-48.58934666666667"><ele>7.300000000000001</ele></trkpt><trkpt lat="-27.03163833333333" lon="-48.58935499999999"><ele>7</ele></trkpt><trkpt lat="-27.031636666666667" lon="-48.58935499999999"><ele>6.800000000000001</ele></trkpt><trkpt lat="-27.031633333333335" lon="-48.58935833333333"><ele>6.1</ele></trkpt><trkpt lat="-27.031628333333334" lon="-48.589360000000006"><ele>5.6</ele></trkpt><trkpt lat="-27.031630000000003" lon="-48.589365"><ele>5.800000000000001</ele></trkpt><trkpt lat="-27.031631666666666" lon="-48.589365"><ele>5.800000000000001</ele></trkpt><trkpt lat="-27.031634999999998" lon="-48.58936833333334"><ele>6.1</ele></trkpt><trkpt lat="-27.031634999999998" lon="-48.58936833333334"><ele>6.1</ele></trkpt><trkpt lat="-27.03164" lon="-48.589371666666665"><ele>6.5</ele></trkpt><trkpt lat="-27.03164" lon="-48.589371666666665"><ele>6.5</ele></trkpt><trkpt lat="-27.031646666666667" lon="-48.589371666666665"><ele>6.699999999999999</ele></trkpt><trkpt lat="-27.031660000000002" lon="-48.58935666666666"><ele>6</ele></trkpt><trkpt lat="-27.031676666666666" lon="-48.589349999999996"><ele>6</ele></trkpt><trkpt lat="-27.031676666666666" lon="-48.589349999999996"><ele>6</ele></trkpt><trkpt lat="-27.031676666666666" lon="-48.589349999999996"><ele>6</ele></trkpt><trkpt lat="-27.031676666666666" lon="-48.589349999999996"><ele>6</ele></trkpt><trkpt lat="-27.031676666666666" lon="-48.589349999999996"><ele>6</ele></trkpt><trkpt lat="-27.031676666666666" lon="-48.589349999999996"><ele>6</ele></trkpt><trkpt lat="-27.031676666666666" lon="-48.589349999999996"><ele>6</ele></trkpt><trkpt lat="-27.031676666666666" lon="-48.589349999999996"><ele>6</ele></trkpt><trkpt lat="-27.031646666666667" lon="-48.58933999999999"><ele>5.4</ele></trkpt><trkpt lat="-27.031641666666662" lon="-48.589335"><ele>5.5</ele></trkpt><trkpt lat="-27.031641666666662" lon="-48.589335"><ele>5.5</ele></trkpt><trkpt lat="-27.03164333333333" lon="-48.589335"><ele>5.300000000000001</ele></trkpt><trkpt lat="-27.03164333333333" lon="-48.58933333333333"><ele>5.1</ele></trkpt><trkpt lat="-27.03164333333333" lon="-48.58933666666667"><ele>5.5</ele></trkpt><trkpt lat="-27.03164333333333" lon="-48.58933666666667"><ele>5.5</ele></trkpt><trkpt lat="-27.03164333333333" lon="-48.58933666666667"><ele>5.5</ele></trkpt><trkpt lat="-27.03164333333333" lon="-48.58933666666667"><ele>5.5</ele></trkpt><trkpt lat="-27.03164333333333" lon="-48.58933666666667"><ele>5.5</ele></trkpt><trkpt lat="-27.03164333333333" lon="-48.58933666666667"><ele>5.5</ele></trkpt><trkpt lat="-27.03164333333333" lon="-48.58933666666667"><ele>5.5</ele></trkpt><trkpt lat="-27.03164333333333" lon="-48.58933666666667"><ele>5.5</ele></trkpt><trkpt lat="-27.03164333333333" lon="-48.58933666666667"><ele>5.5</ele></trkpt><trkpt lat="-27.03164333333333" lon="-48.58933666666667"><ele>5.5</ele></trkpt><trkpt lat="-27.03164333333333" lon="-48.58933666666667"><ele>5.5</ele></trkpt><trkpt lat="-27.03164333333333" lon="-48.58933666666667"><ele>5.5</ele></trkpt><trkpt lat="-27.03164333333333" lon="-48.58933666666667"><ele>5.5</ele></trkpt><trkpt lat="-27.03164333333333" lon="-48.58933666666667"><ele>5.5</ele></trkpt><trkpt lat="-27.03165333333333" lon="-48.589369999999995"><ele>6.699999999999999</ele></trkpt><trkpt lat="-27.031655" lon="-48.589373333333334"><ele>7</ele></trkpt><trkpt lat="-27.031648333333337" lon="-48.58938499999999"><ele>7.1</ele></trkpt><trkpt lat="-27.03164333333333" lon="-48.589396666666666"><ele>7.6</ele></trkpt><trkpt lat="-27.031636666666667" lon="-48.58941333333334"><ele>7.5</ele></trkpt><trkpt lat="-27.031634999999998" lon="-48.58943833333333"><ele>8.2</ele></trkpt><trkpt lat="-27.031631666666666" lon="-48.589463333333335"><ele>8.4</ele></trkpt><trkpt lat="-27.031630000000003" lon="-48.58948333333333"><ele>8.1</ele></trkpt><trkpt lat="-27.031623333333332" lon="-48.589504999999996"><ele>7.9</ele></trkpt><trkpt lat="-27.031618333333334" lon="-48.589529999999996"><ele>7.699999999999999</ele></trkpt><trkpt lat="-27.031611666666663" lon="-48.589549999999996"><ele>7.4</ele></trkpt><trkpt lat="-27.03160666666667" lon="-48.58957333333333"><ele>7.4</ele></trkpt><trkpt lat="-27.031601666666667" lon="-48.58959333333334"><ele>7.699999999999999</ele></trkpt><trkpt lat="-27.031596666666662" lon="-48.58961666666667"><ele>8.1</ele></trkpt><trkpt lat="-27.031591666666667" lon="-48.589646666666674"><ele>8.3</ele></trkpt><trkpt lat="-27.031583333333334" lon="-48.58967500000001"><ele>8.3</ele></trkpt><trkpt lat="-27.03157666666667" lon="-48.58970666666667"><ele>8.1</ele></trkpt><trkpt lat="-27.031566666666663" lon="-48.589733333333335"><ele>8.3</ele></trkpt><trkpt lat="-27.03156" lon="-48.589758333333336"><ele>8.9</ele></trkpt><trkpt lat="-27.03155333333333" lon="-48.589785"><ele>9</ele></trkpt><trkpt lat="-27.03154833333333" lon="-48.58981333333333"><ele>8.8</ele></trkpt><trkpt lat="-27.03154833333333" lon="-48.58981333333333"><ele>8.8</ele></trkpt><trkpt lat="-27.03154833333333" lon="-48.58983833333333"><ele>8.9</ele></trkpt><trkpt lat="-27.031544999999998" lon="-48.58985833333333"><ele>8.7</ele></trkpt><trkpt lat="-27.031541666666666" lon="-48.589870000000005"><ele>8.8</ele></trkpt><trkpt lat="-27.031541666666666" lon="-48.58987833333334"><ele>8.7</ele></trkpt><trkpt lat="-27.031541666666666" lon="-48.589885"><ele>8.5</ele></trkpt><trkpt lat="-27.031535" lon="-48.58988666666667"><ele>8.5</ele></trkpt><trkpt lat="-27.031529999999997" lon="-48.58989"><ele>8.5</ele></trkpt><trkpt lat="-27.031528333333334" lon="-48.58988833333333"><ele>8.5</ele></trkpt><trkpt lat="-27.031525000000002" lon="-48.589885"><ele>8.5</ele></trkpt><trkpt lat="-27.031525000000002" lon="-48.589885"><ele>8.5</ele></trkpt><trkpt lat="-27.031525000000002" lon="-48.58988166666666"><ele>8.4</ele></trkpt><trkpt lat="-27.03151833333333" lon="-48.58987333333333"><ele>8.2</ele></trkpt><trkpt lat="-27.03151666666667" lon="-48.589871666666674"><ele>8</ele></trkpt><trkpt lat="-27.031513333333336" lon="-48.589871666666674"><ele>7.199999999999999</ele></trkpt><trkpt lat="-27.03151833333333" lon="-48.58987333333333"><ele>6.800000000000001</ele></trkpt><trkpt lat="-27.031523333333332" lon="-48.58988166666666"><ele>5.800000000000001</ele></trkpt><trkpt lat="-27.03152" lon="-48.58988666666667"><ele>4.9</ele></trkpt><trkpt lat="-27.03151666666667" lon="-48.58990000000001"><ele>4.5</ele></trkpt><trkpt lat="-27.031505" lon="-48.58990333333333"><ele>4.1</ele></trkpt><trkpt lat="-27.031493333333334" lon="-48.58990833333334"><ele>3.8000000000000003</ele></trkpt><trkpt lat="-27.031496666666666" lon="-48.589911666666666"><ele>3.7</ele></trkpt><trkpt lat="-27.03149166666667" lon="-48.589915000000005"><ele>3.7</ele></trkpt><trkpt lat="-27.031499999999998" lon="-48.589916666666674"><ele>4.7</ele></trkpt><trkpt lat="-27.031505" lon="-48.58992"><ele>5.1</ele></trkpt><trkpt lat="-27.031505" lon="-48.58992"><ele>5.1</ele></trkpt><trkpt lat="-27.031513333333336" lon="-48.589924999999994"><ele>5.699999999999999</ele></trkpt><trkpt lat="-27.03151833333333" lon="-48.58992666666666"><ele>6.1</ele></trkpt><trkpt lat="-27.031521666666663" lon="-48.58993"><ele>6.1</ele></trkpt><trkpt lat="-27.03151833333333" lon="-48.58992333333334"><ele>6.199999999999999</ele></trkpt><trkpt lat="-27.031511666666667" lon="-48.589916666666674"><ele>6.300000000000001</ele></trkpt><trkpt lat="-27.03150333333333" lon="-48.589913333333335"><ele>6.5</ele></trkpt><trkpt lat="-27.03150333333333" lon="-48.589913333333335"><ele>6.5</ele></trkpt><trkpt lat="-27.031499999999998" lon="-48.589909999999996"><ele>6.6</ele></trkpt><trkpt lat="-27.031499999999998" lon="-48.589909999999996"><ele>6.6</ele></trkpt><trkpt lat="-27.031495000000003" lon="-48.58992166666667"><ele>7.199999999999999</ele></trkpt><trkpt lat="-27.03149" lon="-48.58993"><ele>7.5</ele></trkpt><trkpt lat="-27.03148666666667" lon="-48.58994166666666"><ele>7.5</ele></trkpt><trkpt lat="-27.031488333333332" lon="-48.589956666666666"><ele>7.5</ele></trkpt><trkpt lat="-27.031495000000003" lon="-48.58997166666666"><ele>7.6</ele></trkpt><trkpt lat="-27.031499999999998" lon="-48.58999000000001"><ele>7.800000000000001</ele></trkpt><trkpt lat="-27.031505" lon="-48.590005000000005"><ele>8.1</ele></trkpt><trkpt lat="-27.031511666666667" lon="-48.590025"><ele>8.2</ele></trkpt><trkpt lat="-27.031510000000004" lon="-48.59004166666667"><ele>8.5</ele></trkpt><trkpt lat="-27.031493333333334" lon="-48.590051666666675"><ele>8.8</ele></trkpt><trkpt lat="-27.031493333333334" lon="-48.590044999999996"><ele>9.2</ele></trkpt><trkpt lat="-27.031495000000003" lon="-48.59002333333333"><ele>9.3</ele></trkpt><trkpt lat="-27.031496666666666" lon="-48.58999333333333"><ele>9.2</ele></trkpt><trkpt lat="-27.031511666666667" lon="-48.589961666666674"><ele>9.4</ele></trkpt><trkpt lat="-27.031521666666663" lon="-48.589924999999994"><ele>9.5</ele></trkpt><trkpt lat="-27.031529999999997" lon="-48.58988666666667"><ele>9.1</ele></trkpt><trkpt lat="-27.031543333333335" lon="-48.589846666666666"><ele>9</ele></trkpt><trkpt lat="-27.031555000000004" lon="-48.589803333333336"><ele>9</ele></trkpt><trkpt lat="-27.031565" lon="-48.589758333333336"><ele>9</ele></trkpt><trkpt lat="-27.031571666666665" lon="-48.58971"><ele>8.9</ele></trkpt><trkpt lat="-27.031578333333332" lon="-48.589665"><ele>8.3</ele></trkpt><trkpt lat="-27.031588333333335" lon="-48.58960999999999"><ele>8</ele></trkpt><trkpt lat="-27.03159833333333" lon="-48.58955833333333"><ele>7.699999999999999</ele></trkpt><trkpt lat="-27.03161" lon="-48.589508333333335"><ele>7.699999999999999</ele></trkpt><trkpt lat="-27.031619999999997" lon="-48.58945833333334"><ele>7.300000000000001</ele></trkpt><trkpt lat="-27.031631666666666" lon="-48.589406666666676"><ele>6.9</ele></trkpt><trkpt lat="-27.031641666666662" lon="-48.58935499999999"><ele>6.699999999999999</ele></trkpt><trkpt lat="-27.03165333333333" lon="-48.589303333333326"><ele>6.6</ele></trkpt><trkpt lat="-27.031664999999997" lon="-48.58925166666666"><ele>6.300000000000001</ele></trkpt><trkpt lat="-27.031671666666664" lon="-48.5892"><ele>5.9</ele></trkpt><trkpt lat="-27.031678333333335" lon="-48.58915166666667"><ele>5.699999999999999</ele></trkpt><trkpt lat="-27.031691666666667" lon="-48.58910666666667"><ele>5.2</ele></trkpt><trkpt lat="-27.031703333333333" lon="-48.58906"><ele>5</ele></trkpt><trkpt lat="-27.031716666666664" lon="-48.589011666666664"><ele>5.5</ele></trkpt><trkpt lat="-27.03172833333333" lon="-48.58896"><ele>5.4</ele></trkpt><trkpt lat="-27.03172833333333" lon="-48.58896"><ele>5.4</ele></trkpt><trkpt lat="-27.03173" lon="-48.588910000000006"><ele>5.4</ele></trkpt><trkpt lat="-27.03174333333333" lon="-48.588866666666675"><ele>5.699999999999999</ele></trkpt><trkpt lat="-27.031761666666664" lon="-48.58881833333333"><ele>6.300000000000001</ele></trkpt><trkpt lat="-27.031771666666668" lon="-48.588775000000005"><ele>6.699999999999999</ele></trkpt><trkpt lat="-27.031783333333337" lon="-48.588735"><ele>7</ele></trkpt><trkpt lat="-27.031796666666665" lon="-48.58869500000001"><ele>7.4</ele></trkpt><trkpt lat="-27.031806666666665" lon="-48.58865833333333"><ele>7.6</ele></trkpt><trkpt lat="-27.031814999999998" lon="-48.58862333333333"><ele>7.6</ele></trkpt><trkpt lat="-27.03181833333333" lon="-48.588586666666664"><ele>7.9</ele></trkpt><trkpt lat="-27.031825000000005" lon="-48.588550000000005"><ele>8.1</ele></trkpt><trkpt lat="-27.03183333333333" lon="-48.58851833333333"><ele>8.2</ele></trkpt><trkpt lat="-27.031844999999997" lon="-48.58848833333333"><ele>8.4</ele></trkpt><trkpt lat="-27.031853333333334" lon="-48.588461666666674"><ele>8.7</ele></trkpt><trkpt lat="-27.031861666666668" lon="-48.588438333333336"><ele>8.8</ele></trkpt><trkpt lat="-27.031870000000005" lon="-48.588415000000005"><ele>8.1</ele></trkpt><trkpt lat="-27.031885000000003" lon="-48.588393333333336"><ele>8</ele></trkpt><trkpt lat="-27.031903333333336" lon="-48.58837333333333"><ele>7.199999999999999</ele></trkpt><trkpt lat="-27.031903333333336" lon="-48.58837333333333"><ele>7.199999999999999</ele></trkpt><trkpt lat="-27.031915000000005" lon="-48.58835333333333"><ele>7.199999999999999</ele></trkpt><trkpt lat="-27.031931666666665" lon="-48.58833333333334"><ele>6.6</ele></trkpt><trkpt lat="-27.031938333333333" lon="-48.588314999999994"><ele>6.300000000000001</ele></trkpt><trkpt lat="-27.031946666666666" lon="-48.588301666666666"><ele>6.1</ele></trkpt><trkpt lat="-27.03195333333333" lon="-48.58829833333333"><ele>5.4</ele></trkpt><trkpt lat="-27.031961666666668" lon="-48.588295"><ele>5</ele></trkpt><trkpt lat="-27.031971666666664" lon="-48.58829333333333"><ele>4.9</ele></trkpt><trkpt lat="-27.031973333333333" lon="-48.58829333333333"><ele>4.6</ele></trkpt><trkpt lat="-27.031976666666665" lon="-48.58828833333334"><ele>4.4</ele></trkpt><trkpt lat="-27.031976666666665" lon="-48.58828833333334"><ele>4.4</ele></trkpt><trkpt lat="-27.03197" lon="-48.588285"><ele>4.1</ele></trkpt><trkpt lat="-27.03196666666667" lon="-48.588275"><ele>3.3</ele></trkpt><trkpt lat="-27.031958333333332" lon="-48.588271666666664"><ele>3</ele></trkpt><trkpt lat="-27.03195" lon="-48.58827333333333"><ele>2.8</ele></trkpt><trkpt lat="-27.031940000000002" lon="-48.588280000000005"><ele>2.3</ele></trkpt><trkpt lat="-27.031915000000005" lon="-48.588301666666666"><ele>2.4000000000000004</ele></trkpt><trkpt lat="-27.031895000000002" lon="-48.588325000000005"><ele>2.7</ele></trkpt><trkpt lat="-27.03187833333333" lon="-48.588350000000005"><ele>3.2</ele></trkpt><trkpt lat="-27.031861666666668" lon="-48.588363333333334"><ele>3.4000000000000004</ele></trkpt><trkpt lat="-27.031840000000003" lon="-48.58837833333334"><ele>3.5</ele></trkpt><trkpt lat="-27.031813333333336" lon="-48.58838166666666"><ele>3.5</ele></trkpt><trkpt lat="-27.031796666666665" lon="-48.588393333333336"><ele>4.1</ele></trkpt><trkpt lat="-27.03178666666667" lon="-48.58841"><ele>4.300000000000001</ele></trkpt><trkpt lat="-27.031780000000005" lon="-48.58843666666667"><ele>4.5</ele></trkpt><trkpt lat="-27.031775" lon="-48.588475"><ele>4.800000000000001</ele></trkpt><trkpt lat="-27.031768333333336" lon="-48.58851833333333"><ele>5</ele></trkpt><trkpt lat="-27.031763333333334" lon="-48.58856833333333"><ele>5.1</ele></trkpt><trkpt lat="-27.031753333333334" lon="-48.58861166666667"><ele>5.6</ele></trkpt><trkpt lat="-27.03174166666667" lon="-48.588651666666664"><ele>5.9</ele></trkpt><trkpt lat="-27.031731666666662" lon="-48.58868833333333"><ele>6.300000000000001</ele></trkpt><trkpt lat="-27.031724999999998" lon="-48.58872666666666"><ele>6.699999999999999</ele></trkpt><trkpt lat="-27.031738333333337" lon="-48.58878333333334"><ele>7.5</ele></trkpt><trkpt lat="-27.03172833333333" lon="-48.58883000000001"><ele>8.3</ele></trkpt><trkpt lat="-27.03169833333333" lon="-48.58888833333334"><ele>8.9</ele></trkpt><trkpt lat="-27.031668333333332" lon="-48.58892833333333"><ele>9.5</ele></trkpt><trkpt lat="-27.03165166666667" lon="-48.58896333333334"><ele>10.1</ele></trkpt><trkpt lat="-27.03164" lon="-48.58900666666667"><ele>10.799999999999999</ele></trkpt><trkpt lat="-27.031631666666666" lon="-48.58905500000001"><ele>11.299999999999999</ele></trkpt><trkpt lat="-27.031636666666667" lon="-48.58908666666666"><ele>12</ele></trkpt><trkpt lat="-27.031636666666667" lon="-48.58910666666667"><ele>12.6</ele></trkpt><trkpt lat="-27.031636666666667" lon="-48.589136666666676"><ele>13.1</ele></trkpt><trkpt lat="-27.031634999999998" lon="-48.58915833333334"><ele>13.5</ele></trkpt><trkpt lat="-27.031633333333335" lon="-48.589180000000006"><ele>13.9</ele></trkpt><trkpt lat="-27.031634999999998" lon="-48.589191666666665"><ele>14.299999999999999</ele></trkpt><trkpt lat="-27.031628333333334" lon="-48.58920666666666"><ele>14.9</ele></trkpt><trkpt lat="-27.03162166666667" lon="-48.58922833333333"><ele>15.2</ele></trkpt><trkpt lat="-27.031618333333334" lon="-48.58924833333334"><ele>15.4</ele></trkpt><trkpt lat="-27.031618333333334" lon="-48.589285000000004"><ele>16.3</ele></trkpt><trkpt lat="-27.031625000000002" lon="-48.58932333333334"><ele>16.900000000000002</ele></trkpt><trkpt lat="-27.031625000000002" lon="-48.58936333333333"><ele>16.8</ele></trkpt><trkpt lat="-27.031631666666666" lon="-48.58940333333333"><ele>16.6</ele></trkpt><trkpt lat="-27.03163833333333" lon="-48.58943166666666"><ele>16.8</ele></trkpt><trkpt lat="-27.03164" lon="-48.58944499999999"><ele>17.6</ele></trkpt><trkpt lat="-27.03164333333333" lon="-48.58945666666667"><ele>17.700000000000003</ele></trkpt><trkpt lat="-27.031645000000005" lon="-48.589461666666665"><ele>16.7</ele></trkpt><trkpt lat="-27.031645000000005" lon="-48.589459999999995"><ele>17</ele></trkpt><trkpt lat="-27.031641666666662" lon="-48.589465000000004"><ele>16.8</ele></trkpt><trkpt lat="-27.03163833333333" lon="-48.58947333333334"><ele>16.8</ele></trkpt><trkpt lat="-27.031634999999998" lon="-48.58947333333334"><ele>16.8</ele></trkpt><trkpt lat="-27.031633333333335" lon="-48.58948166666667"><ele>16.8</ele></trkpt><trkpt lat="-27.031631666666666" lon="-48.58948999999999"><ele>16.8</ele></trkpt><trkpt lat="-27.031626666666664" lon="-48.58949333333333"><ele>16.7</ele></trkpt><trkpt lat="-27.031619999999997" lon="-48.58949833333333"><ele>16.6</ele></trkpt><trkpt lat="-27.031615000000002" lon="-48.58949833333333"><ele>16.6</ele></trkpt><trkpt lat="-27.031613333333333" lon="-48.589496666666676"><ele>16.6</ele></trkpt><trkpt lat="-27.031613333333333" lon="-48.58950333333334"><ele>16.7</ele></trkpt><trkpt lat="-27.031613333333333" lon="-48.589511666666674"><ele>16.8</ele></trkpt><trkpt lat="-27.03161" lon="-48.589508333333335"><ele>16.900000000000002</ele></trkpt><trkpt lat="-27.03161" lon="-48.58950333333334"><ele>17.1</ele></trkpt><trkpt lat="-27.031618333333334" lon="-48.58950333333334"><ele>17.5</ele></trkpt><trkpt lat="-27.031628333333334" lon="-48.589496666666676"><ele>18</ele></trkpt><trkpt lat="-27.031628333333334" lon="-48.589496666666676"><ele>18</ele></trkpt><trkpt lat="-27.031628333333334" lon="-48.589496666666676"><ele>18</ele></trkpt><trkpt lat="-27.031628333333334" lon="-48.589496666666676"><ele>18</ele></trkpt><trkpt lat="-27.031628333333334" lon="-48.589496666666676"><ele>18</ele></trkpt><trkpt lat="-27.031628333333334" lon="-48.589496666666676"><ele>18</ele></trkpt><trkpt lat="-27.031628333333334" lon="-48.589496666666676"><ele>18</ele></trkpt><trkpt lat="-27.031636666666667" lon="-48.58947833333333"><ele>16.400000000000002</ele></trkpt><trkpt lat="-27.031628333333334" lon="-48.58948999999999"><ele>16.1</ele></trkpt><trkpt lat="-27.031623333333332" lon="-48.58950166666667"><ele>15.9</ele></trkpt><trkpt lat="-27.031616666666665" lon="-48.58951999999999"><ele>15.799999999999999</ele></trkpt><trkpt lat="-27.031611666666663" lon="-48.58952666666667"><ele>15.6</ele></trkpt><trkpt lat="-27.03160666666667" lon="-48.58953666666666"><ele>15.299999999999999</ele></trkpt><trkpt lat="-27.031596666666662" lon="-48.58955833333333"><ele>15.1</ele></trkpt><trkpt lat="-27.03158" lon="-48.58957166666667"><ele>14.9</ele></trkpt><trkpt lat="-27.031570000000002" lon="-48.589574999999996"><ele>14.799999999999999</ele></trkpt><trkpt lat="-27.031556666666667" lon="-48.58958333333333"><ele>14.9</ele></trkpt><trkpt lat="-27.031540000000003" lon="-48.58959333333334"><ele>14.9</ele></trkpt><trkpt lat="-27.031526666666664" lon="-48.58960833333334"><ele>14.9</ele></trkpt><trkpt lat="-27.03152" lon="-48.589623333333336"><ele>14.9</ele></trkpt><trkpt lat="-27.031523333333332" lon="-48.589641666666665"><ele>14.9</ele></trkpt><trkpt lat="-27.031523333333332" lon="-48.58966333333333"><ele>15.1</ele></trkpt><trkpt lat="-27.031510000000004" lon="-48.589690000000004"><ele>15.1</ele></trkpt><trkpt lat="-27.03150333333333" lon="-48.58972666666667"><ele>15.2</ele></trkpt><trkpt lat="-27.031495000000003" lon="-48.589758333333336"><ele>15</ele></trkpt><trkpt lat="-27.031488333333332" lon="-48.589803333333336"><ele>14.9</ele></trkpt><trkpt lat="-27.031478333333332" lon="-48.58983833333333"><ele>14.7</ele></trkpt><trkpt lat="-27.031466666666667" lon="-48.589871666666674"><ele>14.7</ele></trkpt><trkpt lat="-27.031465000000004" lon="-48.58990666666667"><ele>14.799999999999999</ele></trkpt><trkpt lat="-27.031425" lon="-48.589969999999994"><ele>11.5</ele></trkpt><trkpt lat="-27.031423333333336" lon="-48.590001666666666"><ele>11.1</ele></trkpt><trkpt lat="-27.031425" lon="-48.59003500000001"><ele>10.799999999999999</ele></trkpt><trkpt lat="-27.031411666666667" lon="-48.59008166666668"><ele>9.3</ele></trkpt><trkpt lat="-27.031411666666667" lon="-48.590118333333336"><ele>9</ele></trkpt><trkpt lat="-27.031409999999997" lon="-48.590155"><ele>8.6</ele></trkpt><trkpt lat="-27.031385" lon="-48.59016333333334"><ele>8.4</ele></trkpt><trkpt lat="-27.03137166666667" lon="-48.59022166666667"><ele>7.6</ele></trkpt><trkpt lat="-27.03138" lon="-48.59026333333333"><ele>7.199999999999999</ele></trkpt><trkpt lat="-27.03138" lon="-48.59029333333333"><ele>7.1</ele></trkpt><trkpt lat="-27.031376666666667" lon="-48.59032333333333"><ele>7.5</ele></trkpt><trkpt lat="-27.03138666666667" lon="-48.59036666666666"><ele>7.800000000000001</ele></trkpt><trkpt lat="-27.03139666666667" lon="-48.590396666666656"><ele>7.6</ele></trkpt><trkpt lat="-27.0314" lon="-48.59042666666666"><ele>7.5</ele></trkpt><trkpt lat="-27.031398333333332" lon="-48.59045166666667"><ele>7.6</ele></trkpt><trkpt lat="-27.031403333333333" lon="-48.59048166666666"><ele>8.5</ele></trkpt><trkpt lat="-27.03140166666667" lon="-48.59049333333334"><ele>8.4</ele></trkpt><trkpt lat="-27.031391666666664" lon="-48.590500000000006"><ele>8.1</ele></trkpt><trkpt lat="-27.031390000000002" lon="-48.59050333333333"><ele>8.8</ele></trkpt><trkpt lat="-27.031391666666664" lon="-48.59050333333333"><ele>9.1</ele></trkpt><trkpt lat="-27.031394999999996" lon="-48.590498333333336"><ele>9.2</ele></trkpt><trkpt lat="-27.03139666666667" lon="-48.59049666666667"><ele>9.2</ele></trkpt><trkpt lat="-27.0314" lon="-48.59049666666667"><ele>9.3</ele></trkpt><trkpt lat="-27.031406666666665" lon="-48.590500000000006"><ele>9.6</ele></trkpt><trkpt lat="-27.03141666666667" lon="-48.590498333333336"><ele>10</ele></trkpt><trkpt lat="-27.031415" lon="-48.59048833333333"><ele>10.1</ele></trkpt><trkpt lat="-27.031415" lon="-48.59049333333334"><ele>10.1</ele></trkpt><trkpt lat="-27.031415" lon="-48.59048500000001"><ele>10</ele></trkpt><trkpt lat="-27.03141666666667" lon="-48.59048500000001"><ele>9.799999999999999</ele></trkpt><trkpt lat="-27.03141666666667" lon="-48.59048500000001"><ele>9.799999999999999</ele></trkpt><trkpt lat="-27.031408333333335" lon="-48.59047833333334"><ele>9.9</ele></trkpt><trkpt lat="-27.031406666666665" lon="-48.59047999999999"><ele>9.6</ele></trkpt><trkpt lat="-27.031405000000003" lon="-48.59048166666666"><ele>9.1</ele></trkpt><trkpt lat="-27.031405000000003" lon="-48.59048166666666"><ele>9.1</ele></trkpt><trkpt lat="-27.031403333333333" lon="-48.59048500000001"><ele>8.7</ele></trkpt><trkpt lat="-27.031405000000003" lon="-48.59048500000001"><ele>8.6</ele></trkpt><trkpt lat="-27.031405000000003" lon="-48.590486666666656"><ele>8.6</ele></trkpt><trkpt lat="-27.031406666666665" lon="-48.59049"><ele>8.6</ele></trkpt><trkpt lat="-27.031406666666665" lon="-48.59049"><ele>8.6</ele></trkpt><trkpt lat="-27.03140166666667" lon="-48.590498333333336"><ele>8.8</ele></trkpt><trkpt lat="-27.03140166666667" lon="-48.590498333333336"><ele>8.8</ele></trkpt><trkpt lat="-27.03139666666667" lon="-48.590505"><ele>8.9</ele></trkpt><trkpt lat="-27.0314" lon="-48.59050666666667"><ele>9.1</ele></trkpt><trkpt lat="-27.0314" lon="-48.59050666666667"><ele>9.1</ele></trkpt><trkpt lat="-27.03140166666667" lon="-48.59050833333334"><ele>9</ele></trkpt><trkpt lat="-27.03140166666667" lon="-48.59050833333334"><ele>9</ele></trkpt><trkpt lat="-27.03140166666667" lon="-48.59050833333334"><ele>9</ele></trkpt><trkpt lat="-27.03140166666667" lon="-48.59050833333334"><ele>9</ele></trkpt><trkpt lat="-27.031403333333333" lon="-48.59052833333333"><ele>9.2</ele></trkpt><trkpt lat="-27.031398333333332" lon="-48.59053833333334"><ele>9.4</ele></trkpt><trkpt lat="-27.031394999999996" lon="-48.59055166666667"><ele>9.5</ele></trkpt><trkpt lat="-27.031394999999996" lon="-48.59056999999999"><ele>9.7</ele></trkpt><trkpt lat="-27.031393333333334" lon="-48.59059166666666"><ele>9.799999999999999</ele></trkpt><trkpt lat="-27.03138333333333" lon="-48.59061333333334"><ele>9.9</ele></trkpt><trkpt lat="-27.03137" lon="-48.590635000000006"><ele>9.7</ele></trkpt><trkpt lat="-27.031361666666665" lon="-48.59065833333334"><ele>9.7</ele></trkpt><trkpt lat="-27.031355" lon="-48.59068333333333"><ele>9.5</ele></trkpt><trkpt lat="-27.031348333333334" lon="-48.590715"><ele>9.3</ele></trkpt><trkpt lat="-27.031345" lon="-48.59074999999999"><ele>9.5</ele></trkpt><trkpt lat="-27.031336666666668" lon="-48.590779999999995"><ele>9.2</ele></trkpt><trkpt lat="-27.03132833333333" lon="-48.59080666666667"><ele>9</ele></trkpt><trkpt lat="-27.03132333333333" lon="-48.59083666666667"><ele>8.7</ele></trkpt><trkpt lat="-27.031319999999997" lon="-48.59086333333333"><ele>8.4</ele></trkpt><trkpt lat="-27.031315000000003" lon="-48.59088499999999"><ele>8.7</ele></trkpt><trkpt lat="-27.031315000000003" lon="-48.59088499999999"><ele>8.7</ele></trkpt><trkpt lat="-27.03131" lon="-48.59090333333334"><ele>9.3</ele></trkpt><trkpt lat="-27.031303333333334" lon="-48.590916666666665"><ele>9.5</ele></trkpt><trkpt lat="-27.031301666666664" lon="-48.59092999999999"><ele>9.799999999999999</ele></trkpt><trkpt lat="-27.0313" lon="-48.59094166666667"><ele>10</ele></trkpt><trkpt lat="-27.03130833333333" lon="-48.59095000000001"><ele>10.299999999999999</ele></trkpt><trkpt lat="-27.03131166666667" lon="-48.59095666666667"><ele>10.7</ele></trkpt><trkpt lat="-27.031318333333335" lon="-48.59095666666667"><ele>10.5</ele></trkpt><trkpt lat="-27.031319999999997" lon="-48.590955"><ele>10.799999999999999</ele></trkpt><trkpt lat="-27.031318333333335" lon="-48.590955"><ele>10.9</ele></trkpt><trkpt lat="-27.031316666666665" lon="-48.590955"><ele>11.4</ele></trkpt><trkpt lat="-27.031316666666665" lon="-48.590955"><ele>11.4</ele></trkpt><trkpt lat="-27.031316666666665" lon="-48.59095666666667"><ele>11.1</ele></trkpt><trkpt lat="-27.031319999999997" lon="-48.590959999999995"><ele>11</ele></trkpt><trkpt lat="-27.031316666666665" lon="-48.590965000000004"><ele>10.6</ele></trkpt><trkpt lat="-27.031315000000003" lon="-48.59097"><ele>10.4</ele></trkpt><trkpt lat="-27.03130666666667" lon="-48.590983333333334"><ele>10.5</ele></trkpt><trkpt lat="-27.0313" lon="-48.591"><ele>10.7</ele></trkpt><trkpt lat="-27.031303333333334" lon="-48.59102166666666"><ele>10.6</ele></trkpt><trkpt lat="-27.0313" lon="-48.59104333333333"><ele>10.4</ele></trkpt><trkpt lat="-27.031291666666668" lon="-48.59107166666666"><ele>10.4</ele></trkpt><trkpt lat="-27.03128" lon="-48.591096666666665"><ele>10.4</ele></trkpt><trkpt lat="-27.031273333333335" lon="-48.591125"><ele>10.4</ele></trkpt><trkpt lat="-27.031270000000003" lon="-48.591143333333335"><ele>10.1</ele></trkpt><trkpt lat="-27.031271666666665" lon="-48.59116166666666"><ele>10.799999999999999</ele></trkpt><trkpt lat="-27.031271666666665" lon="-48.59117666666666"><ele>11.5</ele></trkpt><trkpt lat="-27.03126666666667" lon="-48.591184999999996"><ele>11.7</ele></trkpt><trkpt lat="-27.03126166666667" lon="-48.591190000000005"><ele>11.5</ele></trkpt><trkpt lat="-27.031255" lon="-48.59120166666666"><ele>12</ele></trkpt><trkpt lat="-27.03125" lon="-48.59121333333333"><ele>11.9</ele></trkpt><trkpt lat="-27.03125" lon="-48.59121333333333"><ele>11.9</ele></trkpt><trkpt lat="-27.031246666666668" lon="-48.59122333333333"><ele>12.1</ele></trkpt><trkpt lat="-27.031240000000004" lon="-48.591229999999996"><ele>11.9</ele></trkpt><trkpt lat="-27.031240000000004" lon="-48.591229999999996"><ele>11.9</ele></trkpt><trkpt lat="-27.031235" lon="-48.591233333333335"><ele>11.799999999999999</ele></trkpt><trkpt lat="-27.031235" lon="-48.591235000000005"><ele>11.9</ele></trkpt><trkpt lat="-27.03123333333333" lon="-48.59123666666666"><ele>11.9</ele></trkpt><trkpt lat="-27.031229999999997" lon="-48.591235000000005"><ele>11.799999999999999</ele></trkpt><trkpt lat="-27.031226666666665" lon="-48.591235000000005"><ele>11.799999999999999</ele></trkpt><trkpt lat="-27.031229999999997" lon="-48.591233333333335"><ele>11.6</ele></trkpt><trkpt lat="-27.031229999999997" lon="-48.591233333333335"><ele>11.6</ele></trkpt><trkpt lat="-27.031231666666667" lon="-48.59122166666666"><ele>12.7</ele></trkpt><trkpt lat="-27.03123666666667" lon="-48.591215"><ele>12.9</ele></trkpt><trkpt lat="-27.03123833333333" lon="-48.591215"><ele>12.7</ele></trkpt><trkpt lat="-27.031240000000004" lon="-48.59122000000001"><ele>12.6</ele></trkpt><trkpt lat="-27.031240000000004" lon="-48.59122000000001"><ele>12.6</ele></trkpt><trkpt lat="-27.031243333333336" lon="-48.591243333333324"><ele>11.799999999999999</ele></trkpt><trkpt lat="-27.031246666666668" lon="-48.59125833333333"><ele>12</ele></trkpt><trkpt lat="-27.031243333333336" lon="-48.59127166666667"><ele>11.7</ele></trkpt><trkpt lat="-27.031240000000004" lon="-48.59128166666666"><ele>11.6</ele></trkpt><trkpt lat="-27.03123333333333" lon="-48.59129166666666"><ele>11.6</ele></trkpt><trkpt lat="-27.031231666666667" lon="-48.59129666666666"><ele>11.7</ele></trkpt><trkpt lat="-27.031231666666667" lon="-48.591300000000004"><ele>11.799999999999999</ele></trkpt><trkpt lat="-27.03123666666667" lon="-48.59130333333333"><ele>12.299999999999999</ele></trkpt><trkpt lat="-27.031235" lon="-48.59130833333334"><ele>12.6</ele></trkpt><trkpt lat="-27.03123833333333" lon="-48.59131000000001"><ele>13.1</ele></trkpt><trkpt lat="-27.031240000000004" lon="-48.59131166666666"><ele>13.299999999999999</ele></trkpt><trkpt lat="-27.031243333333336" lon="-48.59131000000001"><ele>13.4</ele></trkpt><trkpt lat="-27.031243333333336" lon="-48.59131166666666"><ele>13.4</ele></trkpt><trkpt lat="-27.031243333333336" lon="-48.59131166666666"><ele>13.4</ele></trkpt><trkpt lat="-27.031243333333336" lon="-48.59131166666666"><ele>13.4</ele></trkpt><trkpt lat="-27.031243333333336" lon="-48.59131166666666"><ele>13.4</ele></trkpt><trkpt lat="-27.031243333333336" lon="-48.59131166666666"><ele>13.4</ele></trkpt><trkpt lat="-27.031243333333336" lon="-48.59131166666666"><ele>13.4</ele></trkpt><trkpt lat="-27.031243333333336" lon="-48.59131166666666"><ele>13.4</ele></trkpt><trkpt lat="-27.031243333333336" lon="-48.59131166666666"><ele>13.4</ele></trkpt><trkpt lat="-27.031243333333336" lon="-48.59131166666666"><ele>13.4</ele></trkpt><trkpt lat="-27.031243333333336" lon="-48.59131166666666"><ele>13.4</ele></trkpt><trkpt lat="-27.031243333333336" lon="-48.59131166666666"><ele>13.4</ele></trkpt><trkpt lat="-27.031243333333336" lon="-48.59131166666666"><ele>13.4</ele></trkpt><trkpt lat="-27.031243333333336" lon="-48.59131166666666"><ele>13.4</ele></trkpt><trkpt lat="-27.031243333333336" lon="-48.59131166666666"><ele>13.4</ele></trkpt><trkpt lat="-27.031243333333336" lon="-48.59131166666666"><ele>13.4</ele></trkpt><trkpt lat="-27.031243333333336" lon="-48.59131166666666"><ele>13.4</ele></trkpt><trkpt lat="-27.031243333333336" lon="-48.59131166666666"><ele>13.4</ele></trkpt><trkpt lat="-27.031243333333336" lon="-48.59131166666666"><ele>13.4</ele></trkpt><trkpt lat="-27.031243333333336" lon="-48.59131166666666"><ele>13.4</ele></trkpt><trkpt lat="-27.031243333333336" lon="-48.59131166666666"><ele>13.4</ele></trkpt><trkpt lat="-27.031243333333336" lon="-48.59131166666666"><ele>13.4</ele></trkpt><trkpt lat="-27.031243333333336" lon="-48.59131166666666"><ele>13.4</ele></trkpt><trkpt lat="-27.031243333333336" lon="-48.59131166666666"><ele>13.4</ele></trkpt><trkpt lat="-27.031243333333336" lon="-48.59131166666666"><ele>13.4</ele></trkpt><trkpt lat="-27.031259999999996" lon="-48.59133833333333"><ele>17.3</ele></trkpt><trkpt lat="-27.031253333333332" lon="-48.59135333333334"><ele>17.6</ele></trkpt><trkpt lat="-27.031245" lon="-48.591378333333324"><ele>18</ele></trkpt><trkpt lat="-27.03123833333333" lon="-48.59140000000001"><ele>18.200000000000003</ele></trkpt><trkpt lat="-27.031231666666667" lon="-48.59142833333333"><ele>18.6</ele></trkpt><trkpt lat="-27.031226666666665" lon="-48.591454999999996"><ele>19</ele></trkpt><trkpt lat="-27.03122" lon="-48.59148666666667"><ele>19.400000000000002</ele></trkpt><trkpt lat="-27.031208333333332" lon="-48.591514999999994"><ele>19.700000000000003</ele></trkpt><trkpt lat="-27.031198333333336" lon="-48.59154333333333"><ele>19.8</ele></trkpt><trkpt lat="-27.03119166666667" lon="-48.59157666666667"><ele>19.6</ele></trkpt><trkpt lat="-27.031183333333335" lon="-48.59161833333333"><ele>18.700000000000003</ele></trkpt><trkpt lat="-27.031180000000003" lon="-48.59164333333333"><ele>18</ele></trkpt><trkpt lat="-27.031178333333333" lon="-48.59167333333333"><ele>16.900000000000002</ele></trkpt><trkpt lat="-27.031175" lon="-48.59169833333333"><ele>16.6</ele></trkpt><trkpt lat="-27.031169999999996" lon="-48.591725"><ele>16.8</ele></trkpt><trkpt lat="-27.031169999999996" lon="-48.591755"><ele>17.1</ele></trkpt><trkpt lat="-27.031168333333333" lon="-48.59177833333333"><ele>17.1</ele></trkpt><trkpt lat="-27.031168333333333" lon="-48.59179833333333"><ele>16.7</ele></trkpt><trkpt lat="-27.031165" lon="-48.591818333333336"><ele>17.1</ele></trkpt><trkpt lat="-27.031166666666664" lon="-48.59183500000001"><ele>17.400000000000002</ele></trkpt><trkpt lat="-27.031165" lon="-48.591855"><ele>16.8</ele></trkpt><trkpt lat="-27.031166666666664" lon="-48.591874999999995"><ele>16.6</ele></trkpt><trkpt lat="-27.031165" lon="-48.59189500000001"><ele>16.2</ele></trkpt><trkpt lat="-27.031163333333332" lon="-48.591919999999995"><ele>15.799999999999999</ele></trkpt><trkpt lat="-27.03116" lon="-48.59194666666667"><ele>15.299999999999999</ele></trkpt><trkpt lat="-27.03116166666667" lon="-48.591973333333335"><ele>14.9</ele></trkpt><trkpt lat="-27.031168333333333" lon="-48.591995"><ele>14.799999999999999</ele></trkpt><trkpt lat="-27.031184999999997" lon="-48.59201666666666"><ele>14.9</ele></trkpt><trkpt lat="-27.031205" lon="-48.592013333333334"><ele>14.6</ele></trkpt><trkpt lat="-27.03122" lon="-48.59198666666666"><ele>15.2</ele></trkpt><trkpt lat="-27.031240000000004" lon="-48.59196166666667"><ele>15.6</ele></trkpt><trkpt lat="-27.031255" lon="-48.59193333333333"><ele>16.400000000000002</ele></trkpt><trkpt lat="-27.031255" lon="-48.591908333333336"><ele>17</ele></trkpt><trkpt lat="-27.031253333333332" lon="-48.591883333333335"><ele>18.3</ele></trkpt><trkpt lat="-27.03126166666667" lon="-48.591863333333336"><ele>18.900000000000002</ele></trkpt><trkpt lat="-27.031259999999996" lon="-48.591841666666674"><ele>19.5</ele></trkpt><trkpt lat="-27.031253333333332" lon="-48.591829999999995"><ele>20.400000000000002</ele></trkpt><trkpt lat="-27.031241666666666" lon="-48.591833333333334"><ele>21.3</ele></trkpt><trkpt lat="-27.03123666666667" lon="-48.59184333333333"><ele>22.5</ele></trkpt><trkpt lat="-27.03122166666667" lon="-48.59185000000001"><ele>23.5</ele></trkpt><trkpt lat="-27.031211666666664" lon="-48.591855"><ele>23.8</ele></trkpt><trkpt lat="-27.03120666666667" lon="-48.59185333333333"><ele>23.3</ele></trkpt><trkpt lat="-27.0312" lon="-48.59185000000001"><ele>22.200000000000003</ele></trkpt><trkpt lat="-27.03118833333333" lon="-48.59185166666666"><ele>20.8</ele></trkpt><trkpt lat="-27.03118833333333" lon="-48.59185166666666"><ele>20.8</ele></trkpt><trkpt lat="-27.031180000000003" lon="-48.59185333333333"><ele>20.1</ele></trkpt><trkpt lat="-27.031180000000003" lon="-48.591855"><ele>20.1</ele></trkpt><trkpt lat="-27.031175" lon="-48.59185000000001"><ele>19.5</ele></trkpt><trkpt lat="-27.031169999999996" lon="-48.59184833333334"><ele>19</ele></trkpt><trkpt lat="-27.031168333333333" lon="-48.59184666666667"><ele>18.3</ele></trkpt><trkpt lat="-27.031168333333333" lon="-48.59184666666667"><ele>18.3</ele></trkpt><trkpt lat="-27.03116166666667" lon="-48.591845"><ele>18.200000000000003</ele></trkpt><trkpt lat="-27.03116" lon="-48.591845"><ele>17.8</ele></trkpt><trkpt lat="-27.031168333333333" lon="-48.59184666666667"><ele>17.700000000000003</ele></trkpt><trkpt lat="-27.031169999999996" lon="-48.591855"><ele>17.8</ele></trkpt><trkpt lat="-27.031175" lon="-48.59185833333333"><ele>17.1</ele></trkpt><trkpt lat="-27.031181666666665" lon="-48.59185833333333"><ele>16.8</ele></trkpt><trkpt lat="-27.031181666666665" lon="-48.59185833333333"><ele>16.8</ele></trkpt><trkpt lat="-27.031186666666667" lon="-48.59186"><ele>16.2</ele></trkpt><trkpt lat="-27.031186666666667" lon="-48.59186"><ele>16.2</ele></trkpt><trkpt lat="-27.03118833333333" lon="-48.591876666666664"><ele>15.5</ele></trkpt><trkpt lat="-27.03119166666667" lon="-48.59189833333333"><ele>15.1</ele></trkpt><trkpt lat="-27.031195000000004" lon="-48.59191333333333"><ele>15</ele></trkpt><trkpt lat="-27.031198333333336" lon="-48.59192500000001"><ele>14.7</ele></trkpt><trkpt lat="-27.03120333333333" lon="-48.591930000000005"><ele>14.4</ele></trkpt><trkpt lat="-27.031198333333336" lon="-48.591930000000005"><ele>13.9</ele></trkpt><trkpt lat="-27.031196666666666" lon="-48.59193333333333"><ele>13.5</ele></trkpt><trkpt lat="-27.03118833333333" lon="-48.59194000000001"><ele>13</ele></trkpt><trkpt lat="-27.031183333333335" lon="-48.591945"><ele>12.4</ele></trkpt><trkpt lat="-27.031183333333335" lon="-48.591945"><ele>11.9</ele></trkpt><trkpt lat="-27.031180000000003" lon="-48.59194166666666"><ele>11.2</ele></trkpt><trkpt lat="-27.031180000000003" lon="-48.59194166666666"><ele>11.2</ele></trkpt><trkpt lat="-27.03117666666667" lon="-48.59193833333334"><ele>11.299999999999999</ele></trkpt><trkpt lat="-27.03117666666667" lon="-48.59193833333334"><ele>11.299999999999999</ele></trkpt><trkpt lat="-27.03117666666667" lon="-48.59193333333333"><ele>11.299999999999999</ele></trkpt><trkpt lat="-27.03117666666667" lon="-48.59193333333333"><ele>11.4</ele></trkpt><trkpt lat="-27.03117666666667" lon="-48.591928333333335"><ele>11.6</ele></trkpt><trkpt lat="-27.031180000000003" lon="-48.591923333333334"><ele>11.799999999999999</ele></trkpt><trkpt lat="-27.031180000000003" lon="-48.591923333333334"><ele>11.799999999999999</ele></trkpt><trkpt lat="-27.031180000000003" lon="-48.591923333333334"><ele>11.799999999999999</ele></trkpt><trkpt lat="-27.031180000000003" lon="-48.591923333333334"><ele>11.799999999999999</ele></trkpt><trkpt lat="-27.031180000000003" lon="-48.591923333333334"><ele>11.799999999999999</ele></trkpt><trkpt lat="-27.031180000000003" lon="-48.591923333333334"><ele>11.799999999999999</ele></trkpt><trkpt lat="-27.031180000000003" lon="-48.591923333333334"><ele>11.799999999999999</ele></trkpt><trkpt lat="-27.031180000000003" lon="-48.591923333333334"><ele>11.799999999999999</ele></trkpt><trkpt lat="-27.031180000000003" lon="-48.591923333333334"><ele>11.799999999999999</ele></trkpt><trkpt lat="-27.031180000000003" lon="-48.591923333333334"><ele>11.799999999999999</ele></trkpt><trkpt lat="-27.031180000000003" lon="-48.591923333333334"><ele>11.799999999999999</ele></trkpt><trkpt lat="-27.031180000000003" lon="-48.591923333333334"><ele>11.799999999999999</ele></trkpt><trkpt lat="-27.031180000000003" lon="-48.591923333333334"><ele>11.799999999999999</ele></trkpt><trkpt lat="-27.031180000000003" lon="-48.591923333333334"><ele>11.799999999999999</ele></trkpt><trkpt lat="-27.031180000000003" lon="-48.591923333333334"><ele>11.799999999999999</ele></trkpt><trkpt lat="-27.031180000000003" lon="-48.591923333333334"><ele>11.799999999999999</ele></trkpt><trkpt lat="-27.031186666666667" lon="-48.59193333333333"><ele>14.1</ele></trkpt><trkpt lat="-27.03119333333333" lon="-48.59195"><ele>14.299999999999999</ele></trkpt><trkpt lat="-27.0312" lon="-48.591976666666675"><ele>14.4</ele></trkpt><trkpt lat="-27.031201666666668" lon="-48.592009999999995"><ele>14.1</ele></trkpt><trkpt lat="-27.03120333333333" lon="-48.59204666666666"><ele>13.7</ele></trkpt><trkpt lat="-27.03121" lon="-48.59207500000001"><ele>13.299999999999999</ele></trkpt><trkpt lat="-27.03121666666667" lon="-48.59210500000001"><ele>13.299999999999999</ele></trkpt><trkpt lat="-27.03121666666667" lon="-48.59210500000001"><ele>13.299999999999999</ele></trkpt><trkpt lat="-27.031225000000003" lon="-48.59213333333334"><ele>13.299999999999999</ele></trkpt><trkpt lat="-27.03123333333333" lon="-48.59216"><ele>13.6</ele></trkpt><trkpt lat="-27.03123833333333" lon="-48.59217666666667"><ele>13.7</ele></trkpt><trkpt lat="-27.031241666666666" lon="-48.592185"><ele>14</ele></trkpt><trkpt lat="-27.03125" lon="-48.592191666666665"><ele>14.1</ele></trkpt><trkpt lat="-27.031240000000004" lon="-48.59219499999999"><ele>13.9</ele></trkpt><trkpt lat="-27.031240000000004" lon="-48.59219499999999"><ele>13.9</ele></trkpt><trkpt lat="-27.031241666666666" lon="-48.592198333333336"><ele>14</ele></trkpt><trkpt lat="-27.031240000000004" lon="-48.59220333333333"><ele>13.799999999999999</ele></trkpt><trkpt lat="-27.031245" lon="-48.59221666666667"><ele>14</ele></trkpt><trkpt lat="-27.03125" lon="-48.59223999999999"><ele>14.1</ele></trkpt><trkpt lat="-27.03125166666667" lon="-48.59226333333333"><ele>14.2</ele></trkpt><trkpt lat="-27.031258333333334" lon="-48.59228499999999"><ele>14.4</ele></trkpt><trkpt lat="-27.031270000000003" lon="-48.59231166666667"><ele>14.799999999999999</ele></trkpt><trkpt lat="-27.031276666666667" lon="-48.59234166666667"><ele>15</ele></trkpt><trkpt lat="-27.031276666666667" lon="-48.592373333333335"><ele>15.5</ele></trkpt><trkpt lat="-27.03128" lon="-48.59239666666667"><ele>16</ele></trkpt><trkpt lat="-27.031285000000004" lon="-48.59242166666666"><ele>15.799999999999999</ele></trkpt><trkpt lat="-27.031301666666664" lon="-48.59245333333333"><ele>16.2</ele></trkpt><trkpt lat="-27.03130666666667" lon="-48.592483333333334"><ele>17</ele></trkpt><trkpt lat="-27.03131166666667" lon="-48.592516666666675"><ele>18</ele></trkpt><trkpt lat="-27.031325" lon="-48.592548333333326"><ele>19.8</ele></trkpt><trkpt lat="-27.031333333333336" lon="-48.59258"><ele>21.6</ele></trkpt><trkpt lat="-27.031345" lon="-48.592598333333335"><ele>23.200000000000003</ele></trkpt><trkpt lat="-27.031353333333332" lon="-48.592616666666665"><ele>24.200000000000003</ele></trkpt><trkpt lat="-27.031364999999997" lon="-48.592635"><ele>25.6</ele></trkpt><trkpt lat="-27.031376666666667" lon="-48.59265666666667"><ele>25.900000000000002</ele></trkpt><trkpt lat="-27.031376666666667" lon="-48.59265666666667"><ele>25.900000000000002</ele></trkpt><trkpt lat="-27.031393333333334" lon="-48.59267833333333"><ele>25.8</ele></trkpt><trkpt lat="-27.0314" lon="-48.592688333333335"><ele>26.3</ele></trkpt><trkpt lat="-27.031406666666665" lon="-48.59269833333333"><ele>26.5</ele></trkpt><trkpt lat="-27.03141333333333" lon="-48.59271166666667"><ele>26.700000000000003</ele></trkpt><trkpt lat="-27.03141333333333" lon="-48.59271833333334"><ele>27.1</ele></trkpt><trkpt lat="-27.03141833333333" lon="-48.592725"><ele>27.6</ele></trkpt><trkpt lat="-27.031411666666667" lon="-48.59272166666666"><ele>27.700000000000003</ele></trkpt><trkpt lat="-27.031408333333335" lon="-48.592715"><ele>27.700000000000003</ele></trkpt><trkpt lat="-27.031406666666665" lon="-48.592706666666665"><ele>27.3</ele></trkpt><trkpt lat="-27.031406666666665" lon="-48.592706666666665"><ele>27.3</ele></trkpt><trkpt lat="-27.031388333333332" lon="-48.592696666666676"><ele>27</ele></trkpt><trkpt lat="-27.031376666666667" lon="-48.592686666666665"><ele>25.900000000000002</ele></trkpt><trkpt lat="-27.031376666666667" lon="-48.59268999999999"><ele>25</ele></trkpt><trkpt lat="-27.031376666666667" lon="-48.592688333333335"><ele>24.3</ele></trkpt><trkpt lat="-27.03137333333333" lon="-48.59268999999999"><ele>23.6</ele></trkpt><trkpt lat="-27.03137333333333" lon="-48.59268999999999"><ele>23.6</ele></trkpt><trkpt lat="-27.03137333333333" lon="-48.59268999999999"><ele>23.6</ele></trkpt><trkpt lat="-27.03137333333333" lon="-48.59268999999999"><ele>23.6</ele></trkpt><trkpt lat="-27.03137333333333" lon="-48.59268999999999"><ele>23.6</ele></trkpt><trkpt lat="-27.03137333333333" lon="-48.59268999999999"><ele>23.6</ele></trkpt><trkpt lat="-27.03137333333333" lon="-48.59268999999999"><ele>23.6</ele></trkpt><trkpt lat="-27.03139666666667" lon="-48.59271833333334"><ele>21.1</ele></trkpt><trkpt lat="-27.031409999999997" lon="-48.59272666666667"><ele>20.900000000000002</ele></trkpt><trkpt lat="-27.031421666666667" lon="-48.592745"><ele>21</ele></trkpt><trkpt lat="-27.031439999999996" lon="-48.59276"><ele>20.900000000000002</ele></trkpt><trkpt lat="-27.031453333333335" lon="-48.59278166666666"><ele>20.900000000000002</ele></trkpt><trkpt lat="-27.031466666666667" lon="-48.592798333333334"><ele>20.6</ele></trkpt><trkpt lat="-27.031478333333332" lon="-48.59281833333333"><ele>20.400000000000002</ele></trkpt><trkpt lat="-27.03149166666667" lon="-48.592835"><ele>19.5</ele></trkpt><trkpt lat="-27.031498333333335" lon="-48.59285499999999"><ele>19.3</ele></trkpt><trkpt lat="-27.03149166666667" lon="-48.59287833333333"><ele>18.8</ele></trkpt><trkpt lat="-27.031483333333334" lon="-48.592886666666665"><ele>18.700000000000003</ele></trkpt><trkpt lat="-27.031484999999996" lon="-48.59290166666666"><ele>18.900000000000002</ele></trkpt><trkpt lat="-27.031488333333332" lon="-48.592921666666676"><ele>18.5</ele></trkpt><trkpt lat="-27.031488333333332" lon="-48.59294"><ele>18.3</ele></trkpt><trkpt lat="-27.031495000000003" lon="-48.59295999999999"><ele>18.5</ele></trkpt><trkpt lat="-27.031498333333335" lon="-48.592978333333335"><ele>18.5</ele></trkpt><trkpt lat="-27.03150333333333" lon="-48.59299833333333"><ele>18.6</ele></trkpt><trkpt lat="-27.03150666666667" lon="-48.59299833333333"><ele>18.8</ele></trkpt><trkpt lat="-27.03150666666667" lon="-48.592999999999996"><ele>19.3</ele></trkpt><trkpt lat="-27.03150666666667" lon="-48.593001666666666"><ele>19.6</ele></trkpt><trkpt lat="-27.031511666666667" lon="-48.59299833333333"><ele>19.6</ele></trkpt><trkpt lat="-27.031523333333332" lon="-48.59300499999999"><ele>19.900000000000002</ele></trkpt><trkpt lat="-27.03152" lon="-48.59300666666666"><ele>20.8</ele></trkpt><trkpt lat="-27.031523333333332" lon="-48.59299833333333"><ele>21.5</ele></trkpt><trkpt lat="-27.031526666666664" lon="-48.592995"><ele>22.1</ele></trkpt><trkpt lat="-27.031525000000002" lon="-48.592995"><ele>22.5</ele></trkpt><trkpt lat="-27.031525000000002" lon="-48.592985"><ele>22.6</ele></trkpt><trkpt lat="-27.031496666666666" lon="-48.59296166666666"><ele>22.900000000000002</ele></trkpt><trkpt lat="-27.03149166666667" lon="-48.592954999999996"><ele>22.6</ele></trkpt><trkpt lat="-27.031488333333332" lon="-48.59295333333333"><ele>22.6</ele></trkpt><trkpt lat="-27.031483333333334" lon="-48.592954999999996"><ele>22.200000000000003</ele></trkpt><trkpt lat="-27.031484999999996" lon="-48.59295166666667"><ele>21.8</ele></trkpt><trkpt lat="-27.031488333333332" lon="-48.592958333333335"><ele>21.400000000000002</ele></trkpt><trkpt lat="-27.03149166666667" lon="-48.59296500000001"><ele>21.1</ele></trkpt><trkpt lat="-27.031496666666666" lon="-48.59296500000001"><ele>20.900000000000002</ele></trkpt><trkpt lat="-27.03151666666667" lon="-48.592958333333335"><ele>19.900000000000002</ele></trkpt><trkpt lat="-27.031529999999997" lon="-48.59295333333333"><ele>19.3</ele></trkpt><trkpt lat="-27.031533333333332" lon="-48.59294666666666"><ele>19.6</ele></trkpt><trkpt lat="-27.031525000000002" lon="-48.59292666666667"><ele>19.6</ele></trkpt><trkpt lat="-27.03151833333333" lon="-48.592909999999996"><ele>19.8</ele></trkpt><trkpt lat="-27.03151666666667" lon="-48.592888333333335"><ele>20</ele></trkpt><trkpt lat="-27.031499999999998" lon="-48.59285333333334"><ele>20.1</ele></trkpt><trkpt lat="-27.03149" lon="-48.592819999999996"><ele>20.200000000000003</ele></trkpt><trkpt lat="-27.031480000000002" lon="-48.592798333333334"><ele>20.400000000000002</ele></trkpt><trkpt lat="-27.031465000000004" lon="-48.59276833333333"><ele>20.3</ele></trkpt><trkpt lat="-27.03146333333333" lon="-48.59276166666667"><ele>18.6</ele></trkpt><trkpt lat="-27.031456666666667" lon="-48.592731666666666"><ele>18.700000000000003</ele></trkpt><trkpt lat="-27.03145833333333" lon="-48.59273666666666"><ele>17.1</ele></trkpt><trkpt lat="-27.03145833333333" lon="-48.592733333333335"><ele>17</ele></trkpt><trkpt lat="-27.031451666666666" lon="-48.59272666666667"><ele>16.8</ele></trkpt><trkpt lat="-27.031466666666667" lon="-48.59271666666667"><ele>17.700000000000003</ele></trkpt><trkpt lat="-27.03147166666667" lon="-48.59271166666667"><ele>17.6</ele></trkpt><trkpt lat="-27.03147333333333" lon="-48.592715"><ele>18.700000000000003</ele></trkpt><trkpt lat="-27.03146" lon="-48.59271333333333"><ele>18.900000000000002</ele></trkpt><trkpt lat="-27.03144666666667" lon="-48.59271333333333"><ele>18.8</ele></trkpt><trkpt lat="-27.031433333333332" lon="-48.592715"><ele>18.3</ele></trkpt><trkpt lat="-27.03142666666667" lon="-48.59271666666667"><ele>18</ele></trkpt><trkpt lat="-27.031421666666667" lon="-48.59272333333333"><ele>17.8</ele></trkpt><trkpt lat="-27.031421666666667" lon="-48.59272333333333"><ele>17.8</ele></trkpt><trkpt lat="-27.031421666666667" lon="-48.59272333333333"><ele>17.8</ele></trkpt><trkpt lat="-27.031421666666667" lon="-48.59272333333333"><ele>17.8</ele></trkpt><trkpt lat="-27.031421666666667" lon="-48.59272333333333"><ele>17.8</ele></trkpt><trkpt lat="-27.031421666666667" lon="-48.59272333333333"><ele>17.8</ele></trkpt><trkpt lat="-27.031421666666667" lon="-48.59272333333333"><ele>17.8</ele></trkpt><trkpt lat="-27.031421666666667" lon="-48.59272333333333"><ele>17.8</ele></trkpt><trkpt lat="-27.031421666666667" lon="-48.59272333333333"><ele>17.8</ele></trkpt><trkpt lat="-27.031421666666667" lon="-48.59272333333333"><ele>17.8</ele></trkpt><trkpt lat="-27.031421666666667" lon="-48.59272333333333"><ele>17.8</ele></trkpt><trkpt lat="-27.031421666666667" lon="-48.59272333333333"><ele>17.8</ele></trkpt><trkpt lat="-27.031421666666667" lon="-48.59272333333333"><ele>17.8</ele></trkpt><trkpt lat="-27.031421666666667" lon="-48.59272333333333"><ele>17.8</ele></trkpt><trkpt lat="-27.031421666666667" lon="-48.59272333333333"><ele>17.8</ele></trkpt><trkpt lat="-27.031421666666667" lon="-48.59272333333333"><ele>17.8</ele></trkpt><trkpt lat="-27.031421666666667" lon="-48.59272333333333"><ele>17.8</ele></trkpt><trkpt lat="-27.031421666666667" lon="-48.59272333333333"><ele>17.8</ele></trkpt><trkpt lat="-27.031421666666667" lon="-48.59272333333333"><ele>17.8</ele></trkpt><trkpt lat="-27.031421666666667" lon="-48.59272333333333"><ele>17.8</ele></trkpt><trkpt lat="-27.031421666666667" lon="-48.59272333333333"><ele>17.8</ele></trkpt><trkpt lat="-27.031421666666667" lon="-48.59272333333333"><ele>17.8</ele></trkpt><trkpt lat="-27.031421666666667" lon="-48.59272333333333"><ele>17.8</ele></trkpt><trkpt lat="-27.031439999999996" lon="-48.592710000000004"><ele>14.9</ele></trkpt><trkpt lat="-27.031439999999996" lon="-48.59271333333333"><ele>14.799999999999999</ele></trkpt><trkpt lat="-27.031436666666664" lon="-48.59272333333333"><ele>14.799999999999999</ele></trkpt><trkpt lat="-27.031436666666664" lon="-48.59272333333333"><ele>14.799999999999999</ele></trkpt><trkpt lat="-27.031436666666664" lon="-48.59272333333333"><ele>14.799999999999999</ele></trkpt><trkpt lat="-27.03143166666667" lon="-48.59271999999999"><ele>14.799999999999999</ele></trkpt><trkpt lat="-27.031433333333332" lon="-48.592715"><ele>14.799999999999999</ele></trkpt><trkpt lat="-27.031435000000002" lon="-48.592715"><ele>14.9</ele></trkpt><trkpt lat="-27.031439999999996" lon="-48.59271999999999"><ele>14.9</ele></trkpt><trkpt lat="-27.031443333333332" lon="-48.59273666666666"><ele>14.799999999999999</ele></trkpt><trkpt lat="-27.031445" lon="-48.59274666666667"><ele>14.7</ele></trkpt><trkpt lat="-27.031443333333332" lon="-48.592753333333334"><ele>14.7</ele></trkpt><trkpt lat="-27.031435000000002" lon="-48.59275833333333"><ele>14.6</ele></trkpt><trkpt lat="-27.03142833333333" lon="-48.59276499999999"><ele>14.7</ele></trkpt><trkpt lat="-27.03142666666667" lon="-48.59277"><ele>14.7</ele></trkpt><trkpt lat="-27.031425" lon="-48.592774999999996"><ele>14.6</ele></trkpt><trkpt lat="-27.031425" lon="-48.592774999999996"><ele>14.6</ele></trkpt><trkpt lat="-27.031436666666664" lon="-48.59276833333333"><ele>14.6</ele></trkpt><trkpt lat="-27.03144166666667" lon="-48.59276499999999"><ele>14.5</ele></trkpt><trkpt lat="-27.031435000000002" lon="-48.59277"><ele>14.1</ele></trkpt><trkpt lat="-27.031435000000002" lon="-48.59277333333333"><ele>14</ele></trkpt><trkpt lat="-27.03142833333333" lon="-48.59278166666666"><ele>13.799999999999999</ele></trkpt><trkpt lat="-27.03142833333333" lon="-48.59278166666666"><ele>13.5</ele></trkpt><trkpt lat="-27.031433333333332" lon="-48.592785000000006"><ele>13.2</ele></trkpt><trkpt lat="-27.031436666666664" lon="-48.59278333333334"><ele>13.5</ele></trkpt><trkpt lat="-27.031435000000002" lon="-48.592774999999996"><ele>13.5</ele></trkpt><trkpt lat="-27.03143166666667" lon="-48.59276"><ele>13.7</ele></trkpt><trkpt lat="-27.03143166666667" lon="-48.59274666666667"><ele>13.4</ele></trkpt><trkpt lat="-27.03143" lon="-48.59273499999999"><ele>12.9</ele></trkpt><trkpt lat="-27.03141833333333" lon="-48.592728333333326"><ele>12.7</ele></trkpt><trkpt lat="-27.031409999999997" lon="-48.59272666666667"><ele>12.5</ele></trkpt><trkpt lat="-27.031415" lon="-48.59273499999999"><ele>12.299999999999999</ele></trkpt><trkpt lat="-27.031421666666667" lon="-48.59274833333334"><ele>12.2</ele></trkpt><trkpt lat="-27.03142833333333" lon="-48.59276"><ele>12.2</ele></trkpt><trkpt lat="-27.031425" lon="-48.59276833333333"><ele>12.1</ele></trkpt><trkpt lat="-27.03142666666667" lon="-48.59277166666667"><ele>12.1</ele></trkpt><trkpt lat="-27.03143" lon="-48.592785000000006"><ele>11.9</ele></trkpt><trkpt lat="-27.031433333333332" lon="-48.592800000000004"><ele>11.799999999999999</ele></trkpt><trkpt lat="-27.031438333333334" lon="-48.592823333333335"><ele>11.6</ele></trkpt><trkpt lat="-27.03142833333333" lon="-48.592835"><ele>11.4</ele></trkpt><trkpt lat="-27.03142833333333" lon="-48.592845000000004"><ele>11.2</ele></trkpt><trkpt lat="-27.031436666666664" lon="-48.592864999999996"><ele>11.1</ele></trkpt><trkpt lat="-27.03143166666667" lon="-48.59288333333334"><ele>10.9</ele></trkpt><trkpt lat="-27.031435000000002" lon="-48.59290166666666"><ele>10.799999999999999</ele></trkpt><trkpt lat="-27.03143" lon="-48.59291499999999"><ele>10.7</ele></trkpt><trkpt lat="-27.03142833333333" lon="-48.592931666666665"><ele>10.6</ele></trkpt><trkpt lat="-27.03143" lon="-48.59294666666666"><ele>10.4</ele></trkpt><trkpt lat="-27.031445" lon="-48.59297166666667"><ele>10.299999999999999</ele></trkpt><trkpt lat="-27.031454999999998" lon="-48.59298666666667"><ele>10.2</ele></trkpt><trkpt lat="-27.031465000000004" lon="-48.593003333333336"><ele>10.1</ele></trkpt><trkpt lat="-27.03147666666667" lon="-48.593011666666676"><ele>10</ele></trkpt><trkpt lat="-27.03149" lon="-48.59301833333334"><ele>9.9</ele></trkpt><trkpt lat="-27.03150333333333" lon="-48.59303"><ele>9.799999999999999</ele></trkpt><trkpt lat="-27.031515" lon="-48.59304333333333"><ele>9.799999999999999</ele></trkpt><trkpt lat="-27.031525000000002" lon="-48.59305833333333"><ele>9.6</ele></trkpt><trkpt lat="-27.031529999999997" lon="-48.59307833333334"><ele>9.6</ele></trkpt><trkpt lat="-27.031541666666666" lon="-48.593091666666666"><ele>9.6</ele></trkpt><trkpt lat="-27.031555000000004" lon="-48.593105"><ele>9.4</ele></trkpt><trkpt lat="-27.031568333333333" lon="-48.593116666666674"><ele>9.3</ele></trkpt><trkpt lat="-27.031578333333332" lon="-48.59313166666667"><ele>9.2</ele></trkpt><trkpt lat="-27.031585000000003" lon="-48.59314666666668"><ele>9.2</ele></trkpt><trkpt lat="-27.031591666666667" lon="-48.593165"><ele>9</ele></trkpt><trkpt lat="-27.031601666666667" lon="-48.59317833333333"><ele>8.9</ele></trkpt><trkpt lat="-27.031616666666665" lon="-48.59319333333333"><ele>8.8</ele></trkpt><trkpt lat="-27.031630000000003" lon="-48.59321"><ele>8.7</ele></trkpt><trkpt lat="-27.031641666666662" lon="-48.593225"><ele>8.7</ele></trkpt><trkpt lat="-27.03165166666667" lon="-48.59323500000001"><ele>8.6</ele></trkpt><trkpt lat="-27.031664999999997" lon="-48.593244999999996"><ele>8.5</ele></trkpt><trkpt lat="-27.031675000000003" lon="-48.59325666666667"><ele>8.5</ele></trkpt><trkpt lat="-27.031685" lon="-48.59326666666666"><ele>8.4</ele></trkpt><trkpt lat="-27.03169666666667" lon="-48.59327666666666"><ele>8.4</ele></trkpt><trkpt lat="-27.031706666666665" lon="-48.593291666666666"><ele>8.3</ele></trkpt><trkpt lat="-27.031715000000002" lon="-48.59330833333333"><ele>8.3</ele></trkpt><trkpt lat="-27.031720000000004" lon="-48.59332333333334"><ele>8.2</ele></trkpt><trkpt lat="-27.031724999999998" lon="-48.59334166666666"><ele>8.2</ele></trkpt><trkpt lat="-27.03172833333333" lon="-48.59335666666666"><ele>8.2</ele></trkpt><trkpt lat="-27.031735000000005" lon="-48.59337333333333"><ele>8.2</ele></trkpt><trkpt lat="-27.03174" lon="-48.59339"><ele>8.2</ele></trkpt><trkpt lat="-27.031746666666663" lon="-48.593408333333336"><ele>8.1</ele></trkpt><trkpt lat="-27.031754999999997" lon="-48.59342166666667"><ele>8.1</ele></trkpt><trkpt lat="-27.031751666666665" lon="-48.59343666666667"><ele>8.1</ele></trkpt><trkpt lat="-27.031763333333334" lon="-48.59345833333334"><ele>8.3</ele></trkpt><trkpt lat="-27.031769999999998" lon="-48.593471666666666"><ele>8.3</ele></trkpt><trkpt lat="-27.03177833333333" lon="-48.59348833333333"><ele>8.4</ele></trkpt><trkpt lat="-27.03178666666667" lon="-48.59350833333333"><ele>8.4</ele></trkpt><trkpt lat="-27.031795000000002" lon="-48.593525"><ele>8.4</ele></trkpt><trkpt lat="-27.031806666666665" lon="-48.59354166666667"><ele>8.3</ele></trkpt><trkpt lat="-27.031816666666668" lon="-48.59355833333334"><ele>8.3</ele></trkpt><trkpt lat="-27.03182333333333" lon="-48.59358833333334"><ele>8.1</ele></trkpt><trkpt lat="-27.03183166666667" lon="-48.59359833333333"><ele>8.1</ele></trkpt><trkpt lat="-27.03184666666667" lon="-48.593608333333336"><ele>8.2</ele></trkpt><trkpt lat="-27.031859999999998" lon="-48.59361666666667"><ele>8.3</ele></trkpt><trkpt lat="-27.031875" lon="-48.59362333333333"><ele>8.4</ele></trkpt><trkpt lat="-27.031888333333335" lon="-48.59363166666667"><ele>8.4</ele></trkpt><trkpt lat="-27.031896666666665" lon="-48.59364000000001"><ele>8.4</ele></trkpt><trkpt lat="-27.03191" lon="-48.593651666666666"><ele>8.4</ele></trkpt><trkpt lat="-27.031925" lon="-48.59366166666667"><ele>8.3</ele></trkpt><trkpt lat="-27.031943333333334" lon="-48.593664999999994"><ele>8.4</ele></trkpt><trkpt lat="-27.03197" lon="-48.59367833333334"><ele>8.6</ele></trkpt><trkpt lat="-27.031985000000002" lon="-48.59368500000001"><ele>8.8</ele></trkpt><trkpt lat="-27.032" lon="-48.593695"><ele>9.2</ele></trkpt><trkpt lat="-27.031991666666666" lon="-48.59369166666667"><ele>9.3</ele></trkpt><trkpt lat="-27.031988333333334" lon="-48.59367999999999"><ele>9.4</ele></trkpt><trkpt lat="-27.031985000000002" lon="-48.59367166666666"><ele>9.5</ele></trkpt><trkpt lat="-27.031976666666665" lon="-48.59365833333333"><ele>9.5</ele></trkpt><trkpt lat="-27.031960000000005" lon="-48.59365"><ele>9.5</ele></trkpt><trkpt lat="-27.03193666666667" lon="-48.59363166666667"><ele>9.6</ele></trkpt><trkpt lat="-27.031905" lon="-48.59361333333333"><ele>9.4</ele></trkpt><trkpt lat="-27.031895000000002" lon="-48.59357333333334"><ele>9.3</ele></trkpt><trkpt lat="-27.031885000000003" lon="-48.593531666666664"><ele>9.4</ele></trkpt><trkpt lat="-27.031861666666668" lon="-48.59349333333333"><ele>9.4</ele></trkpt><trkpt lat="-27.031836666666663" lon="-48.59344833333333"><ele>9.6</ele></trkpt><trkpt lat="-27.031813333333336" lon="-48.593408333333336"><ele>10</ele></trkpt><trkpt lat="-27.03178666666667" lon="-48.59338666666666"><ele>10.1</ele></trkpt><trkpt lat="-27.031763333333334" lon="-48.59337000000001"><ele>10.299999999999999</ele></trkpt><trkpt lat="-27.03174166666667" lon="-48.59334833333334"><ele>10.6</ele></trkpt><trkpt lat="-27.031731666666662" lon="-48.59332833333333"><ele>10.9</ele></trkpt><trkpt lat="-27.031724999999998" lon="-48.59331"><ele>11</ele></trkpt><trkpt lat="-27.031726666666668" lon="-48.593291666666666"><ele>11.4</ele></trkpt><trkpt lat="-27.03172833333333" lon="-48.593250000000005"><ele>11.7</ele></trkpt><trkpt lat="-27.031716666666664" lon="-48.59321666666666"><ele>11.7</ele></trkpt><trkpt lat="-27.031701666666663" lon="-48.59318666666666"><ele>11.7</ele></trkpt><trkpt lat="-27.031690000000005" lon="-48.59319333333333"><ele>11.6</ele></trkpt><trkpt lat="-27.031681666666667" lon="-48.59317166666666"><ele>11.799999999999999</ele></trkpt><trkpt lat="-27.031673333333334" lon="-48.593161666666674"><ele>12.299999999999999</ele></trkpt><trkpt lat="-27.031658333333333" lon="-48.59314833333333"><ele>12.6</ele></trkpt><trkpt lat="-27.031636666666667" lon="-48.59313333333333"><ele>12.6</ele></trkpt><trkpt lat="-27.031619999999997" lon="-48.59312"><ele>12.299999999999999</ele></trkpt><trkpt lat="-27.031615000000002" lon="-48.59312666666666"><ele>12.4</ele></trkpt><trkpt lat="-27.03160666666667" lon="-48.59312499999999"><ele>12.299999999999999</ele></trkpt><trkpt lat="-27.031600000000005" lon="-48.59312833333333"><ele>12.799999999999999</ele></trkpt><trkpt lat="-27.031595" lon="-48.59312833333333"><ele>13</ele></trkpt><trkpt lat="-27.031589999999998" lon="-48.59312499999999"><ele>13.1</ele></trkpt><trkpt lat="-27.031586666666666" lon="-48.59312666666666"><ele>13</ele></trkpt><trkpt lat="-27.031581666666664" lon="-48.593135"><ele>12.9</ele></trkpt><trkpt lat="-27.031578333333332" lon="-48.593135"><ele>13.1</ele></trkpt><trkpt lat="-27.031571666666665" lon="-48.59313"><ele>13.299999999999999</ele></trkpt><trkpt lat="-27.031571666666665" lon="-48.59313"><ele>13.299999999999999</ele></trkpt><trkpt lat="-27.031571666666665" lon="-48.59313"><ele>13.299999999999999</ele></trkpt><trkpt lat="-27.031571666666665" lon="-48.59313"><ele>13.299999999999999</ele></trkpt><trkpt lat="-27.031571666666665" lon="-48.59313"><ele>13.299999999999999</ele></trkpt><trkpt lat="-27.031571666666665" lon="-48.59313"><ele>13.299999999999999</ele></trkpt><trkpt lat="-27.031571666666665" lon="-48.59313"><ele>13.299999999999999</ele></trkpt><trkpt lat="-27.031571666666665" lon="-48.59313"><ele>13.299999999999999</ele></trkpt><trkpt lat="-27.031571666666665" lon="-48.59313"><ele>13.299999999999999</ele></trkpt><trkpt lat="-27.031571666666665" lon="-48.59313"><ele>13.299999999999999</ele></trkpt><trkpt lat="-27.031571666666665" lon="-48.59313"><ele>13.299999999999999</ele></trkpt><trkpt lat="-27.031571666666665" lon="-48.59313"><ele>13.299999999999999</ele></trkpt><trkpt lat="-27.031571666666665" lon="-48.59313"><ele>13.299999999999999</ele></trkpt><trkpt lat="-27.031571666666665" lon="-48.59313"><ele>13.299999999999999</ele></trkpt><trkpt lat="-27.031571666666665" lon="-48.59313"><ele>13.299999999999999</ele></trkpt><trkpt lat="-27.031571666666665" lon="-48.59313"><ele>13.299999999999999</ele></trkpt><trkpt lat="-27.031571666666665" lon="-48.59313"><ele>13.299999999999999</ele></trkpt><trkpt lat="-27.031571666666665" lon="-48.59313"><ele>13.299999999999999</ele></trkpt><trkpt lat="-27.031571666666665" lon="-48.59313"><ele>13.299999999999999</ele></trkpt><trkpt lat="-27.031571666666665" lon="-48.59313"><ele>13.299999999999999</ele></trkpt><trkpt lat="-27.031571666666665" lon="-48.59313"><ele>13.299999999999999</ele></trkpt><trkpt lat="-27.031571666666665" lon="-48.59313"><ele>13.299999999999999</ele></trkpt><trkpt lat="-27.031571666666665" lon="-48.59313"><ele>13.299999999999999</ele></trkpt><trkpt lat="-27.031571666666665" lon="-48.59313"><ele>13.299999999999999</ele></trkpt><trkpt lat="-27.031571666666665" lon="-48.59313"><ele>13.299999999999999</ele></trkpt><trkpt lat="-27.031571666666665" lon="-48.59313"><ele>13.299999999999999</ele></trkpt><trkpt lat="-27.031571666666665" lon="-48.59313"><ele>13.299999999999999</ele></trkpt><trkpt lat="-27.031571666666665" lon="-48.59313"><ele>13.299999999999999</ele></trkpt><trkpt lat="-27.031571666666665" lon="-48.59313"><ele>13.299999999999999</ele></trkpt><trkpt lat="-27.031571666666665" lon="-48.59313"><ele>13.299999999999999</ele></trkpt><trkpt lat="-27.031571666666665" lon="-48.59313"><ele>13.299999999999999</ele></trkpt><trkpt lat="-27.031571666666665" lon="-48.59313"><ele>13.299999999999999</ele></trkpt><trkpt lat="-27.031571666666665" lon="-48.59313"><ele>13.299999999999999</ele></trkpt><trkpt lat="-27.031571666666665" lon="-48.59306"><ele>26.5</ele></trkpt><trkpt lat="-27.03157666666667" lon="-48.593048333333336"><ele>26.700000000000003</ele></trkpt><trkpt lat="-27.03158" lon="-48.59303166666667"><ele>27.1</ele></trkpt><trkpt lat="-27.03158" lon="-48.59302833333333"><ele>27.6</ele></trkpt><trkpt lat="-27.03158" lon="-48.59302833333333"><ele>27.6</ele></trkpt><trkpt lat="-27.031578333333332" lon="-48.593015"><ele>28</ele></trkpt><trkpt lat="-27.031578333333332" lon="-48.593003333333336"><ele>28.3</ele></trkpt><trkpt lat="-27.031570000000002" lon="-48.59300833333334"><ele>28.6</ele></trkpt><trkpt lat="-27.031570000000002" lon="-48.59300833333334"><ele>28.6</ele></trkpt><trkpt lat="-27.031570000000002" lon="-48.593011666666676"><ele>28.700000000000003</ele></trkpt><trkpt lat="-27.031566666666663" lon="-48.593011666666676"><ele>29</ele></trkpt><trkpt lat="-27.031566666666663" lon="-48.593003333333336"><ele>29.200000000000003</ele></trkpt><trkpt lat="-27.031568333333333" lon="-48.59299333333333"><ele>29.200000000000003</ele></trkpt><trkpt lat="-27.031573333333334" lon="-48.59296833333333"><ele>28.6</ele></trkpt><trkpt lat="-27.031573333333334" lon="-48.59296833333333"><ele>28.6</ele></trkpt><trkpt lat="-27.031573333333334" lon="-48.59295999999999"><ele>28.6</ele></trkpt><trkpt lat="-27.031573333333334" lon="-48.59295"><ele>28.700000000000003</ele></trkpt><trkpt lat="-27.031573333333334" lon="-48.59295"><ele>28.700000000000003</ele></trkpt><trkpt lat="-27.031573333333334" lon="-48.59295"><ele>28.700000000000003</ele></trkpt><trkpt lat="-27.031573333333334" lon="-48.59295"><ele>28.700000000000003</ele></trkpt><trkpt lat="-27.031573333333334" lon="-48.59295"><ele>28.700000000000003</ele></trkpt><trkpt lat="-27.031573333333334" lon="-48.59295"><ele>28.700000000000003</ele></trkpt><trkpt lat="-27.031573333333334" lon="-48.59295"><ele>28.700000000000003</ele></trkpt><trkpt lat="-27.031573333333334" lon="-48.59295"><ele>28.700000000000003</ele></trkpt><trkpt lat="-27.031573333333334" lon="-48.59295"><ele>28.700000000000003</ele></trkpt><trkpt lat="-27.031573333333334" lon="-48.59295"><ele>28.700000000000003</ele></trkpt><trkpt lat="-27.031573333333334" lon="-48.59295"><ele>28.700000000000003</ele></trkpt><trkpt lat="-27.031541666666666" lon="-48.592935000000004"><ele>30.3</ele></trkpt><trkpt lat="-27.031544999999998" lon="-48.59294166666667"><ele>30.8</ele></trkpt><trkpt lat="-27.03155166666666" lon="-48.59294833333333"><ele>31.1</ele></trkpt><trkpt lat="-27.03154833333333" lon="-48.59294666666666"><ele>31</ele></trkpt><trkpt lat="-27.031541666666666" lon="-48.59294333333334"><ele>31.1</ele></trkpt><trkpt lat="-27.031528333333334" lon="-48.592931666666665"><ele>30.8</ele></trkpt><trkpt lat="-27.03151666666667" lon="-48.59291833333334"><ele>30.400000000000002</ele></trkpt><trkpt lat="-27.031505" lon="-48.592909999999996"><ele>29.900000000000002</ele></trkpt><trkpt lat="-27.031495000000003" lon="-48.59290166666666"><ele>29.3</ele></trkpt><trkpt lat="-27.031495000000003" lon="-48.59289666666667"><ele>29</ele></trkpt><trkpt lat="-27.031498333333335" lon="-48.592895"><ele>28.6</ele></trkpt><trkpt lat="-27.031499999999998" lon="-48.59289333333333"><ele>28.5</ele></trkpt><trkpt lat="-27.031496666666666" lon="-48.592895"><ele>28.200000000000003</ele></trkpt><trkpt lat="-27.031495000000003" lon="-48.59289999999999"><ele>28.200000000000003</ele></trkpt><trkpt lat="-27.031495000000003" lon="-48.59289833333334"><ele>28.1</ele></trkpt><trkpt lat="-27.03150333333333" lon="-48.592884999999995"><ele>28</ele></trkpt><trkpt lat="-27.03150666666667" lon="-48.59287833333333"><ele>27.900000000000002</ele></trkpt><trkpt lat="-27.031501666666667" lon="-48.59286999999999"><ele>27.400000000000002</ele></trkpt><trkpt lat="-27.03150833333333" lon="-48.59286"><ele>26.700000000000003</ele></trkpt><trkpt lat="-27.03150833333333" lon="-48.59286"><ele>26.700000000000003</ele></trkpt><trkpt lat="-27.03150833333333" lon="-48.59286"><ele>26.700000000000003</ele></trkpt><trkpt lat="-27.031511666666667" lon="-48.59284833333333"><ele>26.5</ele></trkpt><trkpt lat="-27.031511666666667" lon="-48.592839999999995"><ele>26.6</ele></trkpt><trkpt lat="-27.031511666666667" lon="-48.592830000000006"><ele>27</ele></trkpt><trkpt lat="-27.031493333333334" lon="-48.59281333333333"><ele>27</ele></trkpt><trkpt lat="-27.031496666666666" lon="-48.59280833333334"><ele>27.1</ele></trkpt><trkpt lat="-27.03149166666667" lon="-48.59280666666667"><ele>27</ele></trkpt><trkpt lat="-27.03149" lon="-48.592815"><ele>26.1</ele></trkpt><trkpt lat="-27.031488333333332" lon="-48.59282666666666"><ele>25.1</ele></trkpt><trkpt lat="-27.03150833333333" lon="-48.59282666666666"><ele>24.700000000000003</ele></trkpt><trkpt lat="-27.031521666666663" lon="-48.592823333333335"><ele>24.1</ele></trkpt><trkpt lat="-27.031533333333332" lon="-48.59282499999999"><ele>23.400000000000002</ele></trkpt><trkpt lat="-27.031543333333335" lon="-48.592831666666676"><ele>22.200000000000003</ele></trkpt><trkpt lat="-27.03154833333333" lon="-48.59283833333334"><ele>22.1</ele></trkpt><trkpt lat="-27.031546666666667" lon="-48.59285333333334"><ele>22.1</ele></trkpt><trkpt lat="-27.031544999999998" lon="-48.59287333333334"><ele>22.200000000000003</ele></trkpt><trkpt lat="-27.031543333333335" lon="-48.592895"><ele>22.200000000000003</ele></trkpt><trkpt lat="-27.031543333333335" lon="-48.59291666666666"><ele>22.3</ele></trkpt><trkpt lat="-27.031544999999998" lon="-48.59294"><ele>22.200000000000003</ele></trkpt><trkpt lat="-27.031544999999998" lon="-48.59296500000001"><ele>21.900000000000002</ele></trkpt><trkpt lat="-27.03154833333333" lon="-48.592980000000004"><ele>21.8</ele></trkpt><trkpt lat="-27.03155333333333" lon="-48.59299333333333"><ele>22</ele></trkpt><trkpt lat="-27.031558333333336" lon="-48.59300499999999"><ele>22.3</ele></trkpt><trkpt lat="-27.031558333333336" lon="-48.59300499999999"><ele>22.3</ele></trkpt><trkpt lat="-27.03156333333333" lon="-48.593019999999996"><ele>22.5</ele></trkpt><trkpt lat="-27.03156166666667" lon="-48.59303333333334"><ele>22.5</ele></trkpt><trkpt lat="-27.03156166666667" lon="-48.593048333333336"><ele>22.3</ele></trkpt><trkpt lat="-27.031565" lon="-48.59305500000001"><ele>22.1</ele></trkpt><trkpt lat="-27.031568333333333" lon="-48.59306"><ele>22.3</ele></trkpt><trkpt lat="-27.031574999999997" lon="-48.59306333333334"><ele>22.5</ele></trkpt><trkpt lat="-27.031578333333332" lon="-48.593068333333335"><ele>22.400000000000002</ele></trkpt><trkpt lat="-27.031585000000003" lon="-48.59307333333333"><ele>21.700000000000003</ele></trkpt><trkpt lat="-27.031588333333335" lon="-48.59307999999999"><ele>21.400000000000002</ele></trkpt><trkpt lat="-27.03159333333333" lon="-48.593085"><ele>21.200000000000003</ele></trkpt><trkpt lat="-27.03159833333333" lon="-48.59308666666667"><ele>21.200000000000003</ele></trkpt><trkpt lat="-27.031600000000005" lon="-48.593091666666666"><ele>21.1</ele></trkpt><trkpt lat="-27.031600000000005" lon="-48.59309666666666"><ele>21</ele></trkpt><trkpt lat="-27.031601666666667" lon="-48.59309666666666"><ele>20.8</ele></trkpt><trkpt lat="-27.031605" lon="-48.59308833333333"><ele>20.700000000000003</ele></trkpt><trkpt lat="-27.03160833333333" lon="-48.59308166666666"><ele>20.6</ele></trkpt><trkpt lat="-27.031605" lon="-48.593071666666674"><ele>20.400000000000002</ele></trkpt><trkpt lat="-27.03159833333333" lon="-48.593064999999996"><ele>20.200000000000003</ele></trkpt><trkpt lat="-27.031585000000003" lon="-48.593045"><ele>20</ele></trkpt><trkpt lat="-27.03156333333333" lon="-48.59301833333334"><ele>19.900000000000002</ele></trkpt><trkpt lat="-27.03154833333333" lon="-48.59298333333333"><ele>19.6</ele></trkpt><trkpt lat="-27.031529999999997" lon="-48.59294"><ele>19.5</ele></trkpt><trkpt lat="-27.03150666666667" lon="-48.59290666666667"><ele>19.200000000000003</ele></trkpt><trkpt lat="-27.03148666666667" lon="-48.592864999999996"><ele>19.200000000000003</ele></trkpt><trkpt lat="-27.031466666666667" lon="-48.59283833333334"><ele>18.3</ele></trkpt><trkpt lat="-27.031453333333335" lon="-48.59280333333333"><ele>17.900000000000002</ele></trkpt><trkpt lat="-27.031438333333334" lon="-48.59275666666667"><ele>17.400000000000002</ele></trkpt><trkpt lat="-27.031425" lon="-48.592704999999995"><ele>17.400000000000002</ele></trkpt><trkpt lat="-27.031415" lon="-48.592661666666665"><ele>17.1</ele></trkpt><trkpt lat="-27.031403333333333" lon="-48.59262333333333"><ele>16.400000000000002</ele></trkpt><trkpt lat="-27.031381666666668" lon="-48.592571666666664"><ele>16.2</ele></trkpt><trkpt lat="-27.03136833333333" lon="-48.592530000000004"><ele>16.1</ele></trkpt><trkpt lat="-27.031349999999996" lon="-48.592481666666664"><ele>16.2</ele></trkpt><trkpt lat="-27.03132833333333" lon="-48.59243166666667"><ele>15.7</ele></trkpt><trkpt lat="-27.03130833333333" lon="-48.59237499999999"><ele>16.400000000000002</ele></trkpt><trkpt lat="-27.031288333333336" lon="-48.59231499999999"><ele>17.2</ele></trkpt><trkpt lat="-27.031270000000003" lon="-48.592258333333334"><ele>18.1</ele></trkpt><trkpt lat="-27.031256666666664" lon="-48.59220666666667"><ele>18.700000000000003</ele></trkpt><trkpt lat="-27.031253333333332" lon="-48.592166666666664"><ele>19</ele></trkpt><trkpt lat="-27.031240000000004" lon="-48.59212833333333"><ele>19.8</ele></trkpt><trkpt lat="-27.03122166666667" lon="-48.592058333333334"><ele>21</ele></trkpt><trkpt lat="-27.031208333333332" lon="-48.59200666666667"><ele>21.3</ele></trkpt><trkpt lat="-27.031205" lon="-48.591955000000006"><ele>21</ele></trkpt><trkpt lat="-27.0312" lon="-48.591915"><ele>20.400000000000002</ele></trkpt><trkpt lat="-27.031198333333336" lon="-48.59188000000001"><ele>19.5</ele></trkpt><trkpt lat="-27.031196666666666" lon="-48.59184833333334"><ele>18.6</ele></trkpt><trkpt lat="-27.031201666666668" lon="-48.59182166666666"><ele>18.5</ele></trkpt><trkpt lat="-27.031198333333336" lon="-48.591793333333335"><ele>17.3</ele></trkpt><trkpt lat="-27.03119166666667" lon="-48.59176166666666"><ele>16.7</ele></trkpt><trkpt lat="-27.03118833333333" lon="-48.591728333333336"><ele>16</ele></trkpt><trkpt lat="-27.03119166666667" lon="-48.591685000000005"><ele>16.2</ele></trkpt><trkpt lat="-27.031201666666668" lon="-48.59164333333333"><ele>16</ele></trkpt><trkpt lat="-27.031208333333332" lon="-48.591593333333336"><ele>15.799999999999999</ele></trkpt><trkpt lat="-27.03121833333333" lon="-48.59154"><ele>15.4</ele></trkpt><trkpt lat="-27.031228333333335" lon="-48.591485"><ele>15.1</ele></trkpt><trkpt lat="-27.03123666666667" lon="-48.59142"><ele>14.9</ele></trkpt><trkpt lat="-27.031245" lon="-48.59136166666667"><ele>14.4</ele></trkpt><trkpt lat="-27.03126166666667" lon="-48.591305"><ele>14.2</ele></trkpt><trkpt lat="-27.031273333333335" lon="-48.591244999999994"><ele>13.9</ele></trkpt><trkpt lat="-27.031286666666666" lon="-48.59119166666666"><ele>13.9</ele></trkpt><trkpt lat="-27.03129" lon="-48.59114833333333"><ele>13.7</ele></trkpt><trkpt lat="-27.03129" lon="-48.591125"><ele>13.299999999999999</ele></trkpt><trkpt lat="-27.031291666666668" lon="-48.59110833333334"><ele>13</ele></trkpt><trkpt lat="-27.031286666666666" lon="-48.59110999999999"><ele>11.7</ele></trkpt><trkpt lat="-27.031286666666666" lon="-48.59111166666666"><ele>11.2</ele></trkpt><trkpt lat="-27.03128333333333" lon="-48.591105"><ele>10.7</ele></trkpt><trkpt lat="-27.03128333333333" lon="-48.591105"><ele>10.7</ele></trkpt><trkpt lat="-27.03128333333333" lon="-48.591105"><ele>10.7</ele></trkpt><trkpt lat="-27.03128333333333" lon="-48.591105"><ele>10.7</ele></trkpt><trkpt lat="-27.03128333333333" lon="-48.591105"><ele>10.7</ele></trkpt><trkpt lat="-27.03128333333333" lon="-48.591105"><ele>10.7</ele></trkpt><trkpt lat="-27.03128333333333" lon="-48.591105"><ele>10.7</ele></trkpt><trkpt lat="-27.03128333333333" lon="-48.591105"><ele>10.7</ele></trkpt><trkpt lat="-27.03128333333333" lon="-48.591105"><ele>10.7</ele></trkpt><trkpt lat="-27.03128333333333" lon="-48.591105"><ele>10.7</ele></trkpt><trkpt lat="-27.03128333333333" lon="-48.591105"><ele>10.7</ele></trkpt><trkpt lat="-27.03128333333333" lon="-48.591105"><ele>10.7</ele></trkpt><trkpt lat="-27.03128333333333" lon="-48.591105"><ele>10.7</ele></trkpt><trkpt lat="-27.03128333333333" lon="-48.591105"><ele>10.7</ele></trkpt><trkpt lat="-27.031271666666665" lon="-48.59108833333333"><ele>11.1</ele></trkpt><trkpt lat="-27.03127833333333" lon="-48.59108166666667"><ele>11.299999999999999</ele></trkpt><trkpt lat="-27.03128" lon="-48.59107833333334"><ele>11.6</ele></trkpt><trkpt lat="-27.031285000000004" lon="-48.59108"><ele>11.9</ele></trkpt><trkpt lat="-27.031285000000004" lon="-48.59108166666667"><ele>11.7</ele></trkpt><trkpt lat="-27.031285000000004" lon="-48.59108166666667"><ele>11.7</ele></trkpt><trkpt lat="-27.031285000000004" lon="-48.59108166666667"><ele>11.7</ele></trkpt><trkpt lat="-27.031285000000004" lon="-48.59108166666667"><ele>11.7</ele></trkpt><trkpt lat="-27.031285000000004" lon="-48.59108166666667"><ele>11.7</ele></trkpt><trkpt lat="-27.031285000000004" lon="-48.59108166666667"><ele>11.7</ele></trkpt><trkpt lat="-27.031285000000004" lon="-48.59108166666667"><ele>11.7</ele></trkpt><trkpt lat="-27.031285000000004" lon="-48.59108166666667"><ele>11.7</ele></trkpt><trkpt lat="-27.031285000000004" lon="-48.59108166666667"><ele>11.7</ele></trkpt><trkpt lat="-27.031285000000004" lon="-48.59108166666667"><ele>11.7</ele></trkpt><trkpt lat="-27.031285000000004" lon="-48.59108166666667"><ele>11.7</ele></trkpt><trkpt lat="-27.031285000000004" lon="-48.59108166666667"><ele>11.7</ele></trkpt><trkpt lat="-27.031285000000004" lon="-48.59108166666667"><ele>11.7</ele></trkpt><trkpt lat="-27.031274999999997" lon="-48.59110999999999"><ele>12.5</ele></trkpt><trkpt lat="-27.031274999999997" lon="-48.59110999999999"><ele>12.5</ele></trkpt><trkpt lat="-27.031274999999997" lon="-48.59110999999999"><ele>12.5</ele></trkpt><trkpt lat="-27.031274999999997" lon="-48.59110999999999"><ele>12.5</ele></trkpt><trkpt lat="-27.031274999999997" lon="-48.59110999999999"><ele>12.5</ele></trkpt><trkpt lat="-27.031274999999997" lon="-48.59110999999999"><ele>12.5</ele></trkpt><trkpt lat="-27.031274999999997" lon="-48.59110999999999"><ele>12.5</ele></trkpt><trkpt lat="-27.031274999999997" lon="-48.59110999999999"><ele>12.5</ele></trkpt><trkpt lat="-27.031274999999997" lon="-48.59110999999999"><ele>12.5</ele></trkpt><trkpt lat="-27.031274999999997" lon="-48.59110999999999"><ele>12.5</ele></trkpt><trkpt lat="-27.031274999999997" lon="-48.59110999999999"><ele>12.5</ele></trkpt><trkpt lat="-27.031274999999997" lon="-48.59110999999999"><ele>12.5</ele></trkpt><trkpt lat="-27.031274999999997" lon="-48.59110999999999"><ele>12.5</ele></trkpt><trkpt lat="-27.031274999999997" lon="-48.59110999999999"><ele>12.5</ele></trkpt><trkpt lat="-27.031274999999997" lon="-48.59110999999999"><ele>12.5</ele></trkpt><trkpt lat="-27.031274999999997" lon="-48.59110999999999"><ele>12.5</ele></trkpt><trkpt lat="-27.031274999999997" lon="-48.59110999999999"><ele>12.5</ele></trkpt><trkpt lat="-27.031274999999997" lon="-48.59110999999999"><ele>12.5</ele></trkpt><trkpt lat="-27.031270000000003" lon="-48.59111500000001"><ele>12.6</ele></trkpt><trkpt lat="-27.031270000000003" lon="-48.59111500000001"><ele>12.6</ele></trkpt><trkpt lat="-27.031270000000003" lon="-48.59111500000001"><ele>12.6</ele></trkpt><trkpt lat="-27.031270000000003" lon="-48.59111500000001"><ele>12.6</ele></trkpt><trkpt lat="-27.031270000000003" lon="-48.59111500000001"><ele>12.6</ele></trkpt><trkpt lat="-27.031270000000003" lon="-48.59111500000001"><ele>12.6</ele></trkpt><trkpt lat="-27.031270000000003" lon="-48.59111500000001"><ele>12.6</ele></trkpt><trkpt lat="-27.031270000000003" lon="-48.59111500000001"><ele>12.6</ele></trkpt><trkpt lat="-27.031270000000003" lon="-48.59111500000001"><ele>12.6</ele></trkpt><trkpt lat="-27.031270000000003" lon="-48.59111500000001"><ele>12.6</ele></trkpt><trkpt lat="-27.031270000000003" lon="-48.59111500000001"><ele>12.6</ele></trkpt><trkpt lat="-27.031270000000003" lon="-48.59111500000001"><ele>12.6</ele></trkpt><trkpt lat="-27.031270000000003" lon="-48.59111500000001"><ele>12.6</ele></trkpt><trkpt lat="-27.031270000000003" lon="-48.59111500000001"><ele>12.6</ele></trkpt><trkpt lat="-27.031270000000003" lon="-48.59111500000001"><ele>12.6</ele></trkpt><trkpt lat="-27.031270000000003" lon="-48.59111500000001"><ele>12.6</ele></trkpt><trkpt lat="-27.031270000000003" lon="-48.59111500000001"><ele>12.6</ele></trkpt><trkpt lat="-27.031270000000003" lon="-48.59111500000001"><ele>12.6</ele></trkpt><trkpt lat="-27.031270000000003" lon="-48.59111500000001"><ele>12.6</ele></trkpt><trkpt lat="-27.031268333333333" lon="-48.591120000000004"><ele>12.5</ele></trkpt><trkpt lat="-27.031273333333335" lon="-48.59112666666667"><ele>12.7</ele></trkpt><trkpt lat="-27.031274999999997" lon="-48.59112666666667"><ele>12.5</ele></trkpt><trkpt lat="-27.03127833333333" lon="-48.59112666666667"><ele>12.6</ele></trkpt><trkpt lat="-27.03127833333333" lon="-48.59112666666667"><ele>12.6</ele></trkpt><trkpt lat="-27.03127833333333" lon="-48.59112666666667"><ele>12.6</ele></trkpt><trkpt lat="-27.03127833333333" lon="-48.59112666666667"><ele>12.6</ele></trkpt><trkpt lat="-27.03127833333333" lon="-48.59112666666667"><ele>12.6</ele></trkpt><trkpt lat="-27.03127833333333" lon="-48.59112666666667"><ele>12.6</ele></trkpt><trkpt lat="-27.03127833333333" lon="-48.59112666666667"><ele>12.6</ele></trkpt><trkpt lat="-27.03127833333333" lon="-48.59112666666667"><ele>12.6</ele></trkpt><trkpt lat="-27.03127833333333" lon="-48.59112666666667"><ele>12.6</ele></trkpt><trkpt lat="-27.03127833333333" lon="-48.59112666666667"><ele>12.6</ele></trkpt><trkpt lat="-27.031243333333336" lon="-48.59112666666667"><ele>12.6</ele></trkpt><trkpt lat="-27.031229999999997" lon="-48.59113166666666"><ele>12.4</ele></trkpt><trkpt lat="-27.031229999999997" lon="-48.59113166666666"><ele>12.4</ele></trkpt><trkpt lat="-27.03122166666667" lon="-48.59113333333333"><ele>13</ele></trkpt><trkpt lat="-27.03122166666667" lon="-48.59113333333333"><ele>13</ele></trkpt><trkpt lat="-27.03122" lon="-48.59113333333333"><ele>12.799999999999999</ele></trkpt><trkpt lat="-27.03121833333333" lon="-48.591125"><ele>13.1</ele></trkpt><trkpt lat="-27.031223333333333" lon="-48.59112333333334"><ele>13.4</ele></trkpt><trkpt lat="-27.031225000000003" lon="-48.59112666666667"><ele>13.5</ele></trkpt><trkpt lat="-27.031231666666667" lon="-48.59113166666666"><ele>13.6</ele></trkpt><trkpt lat="-27.03123666666667" lon="-48.59113333333333"><ele>13.6</ele></trkpt><trkpt lat="-27.031245" lon="-48.591135"><ele>13.7</ele></trkpt><trkpt lat="-27.031253333333332" lon="-48.59113833333334"><ele>13.799999999999999</ele></trkpt><trkpt lat="-27.031253333333332" lon="-48.591139999999996"><ele>13.6</ele></trkpt><trkpt lat="-27.031253333333332" lon="-48.591145000000004"><ele>14</ele></trkpt><trkpt lat="-27.03125166666667" lon="-48.59114666666666"><ele>14</ele></trkpt><trkpt lat="-27.03125166666667" lon="-48.59115166666667"><ele>13.9</ele></trkpt><trkpt lat="-27.031253333333332" lon="-48.591153333333324"><ele>13.9</ele></trkpt><trkpt lat="-27.03125166666667" lon="-48.59115666666666"><ele>13.9</ele></trkpt><trkpt lat="-27.031270000000003" lon="-48.59114833333333"><ele>13.5</ele></trkpt><trkpt lat="-27.031271666666665" lon="-48.591145000000004"><ele>12.9</ele></trkpt><trkpt lat="-27.031268333333333" lon="-48.59113666666667"><ele>12.4</ele></trkpt><trkpt lat="-27.031268333333333" lon="-48.59112166666667"><ele>11.6</ele></trkpt><trkpt lat="-27.031268333333333" lon="-48.59111333333333"><ele>10.7</ele></trkpt><trkpt lat="-27.03126666666667" lon="-48.59111166666666"><ele>10.5</ele></trkpt><trkpt lat="-27.03126666666667" lon="-48.59111166666666"><ele>10.5</ele></trkpt><trkpt lat="-27.03126666666667" lon="-48.59111166666666"><ele>10.5</ele></trkpt><trkpt lat="-27.031259999999996" lon="-48.59110999999999"><ele>10.299999999999999</ele></trkpt><trkpt lat="-27.031258333333334" lon="-48.591105"><ele>9.9</ele></trkpt><trkpt lat="-27.031258333333334" lon="-48.59110333333333"><ele>9.3</ele></trkpt><trkpt lat="-27.031258333333334" lon="-48.59110333333333"><ele>9.3</ele></trkpt><trkpt lat="-27.031258333333334" lon="-48.59110333333333"><ele>9.3</ele></trkpt><trkpt lat="-27.031258333333334" lon="-48.59110333333333"><ele>9.3</ele></trkpt><trkpt lat="-27.031258333333334" lon="-48.59110333333333"><ele>9.3</ele></trkpt><trkpt lat="-27.031258333333334" lon="-48.59110333333333"><ele>9.3</ele></trkpt><trkpt lat="-27.031258333333334" lon="-48.59110333333333"><ele>9.3</ele></trkpt><trkpt lat="-27.031258333333334" lon="-48.59110333333333"><ele>9.3</ele></trkpt><trkpt lat="-27.031258333333334" lon="-48.59110333333333"><ele>9.3</ele></trkpt><trkpt lat="-27.031258333333334" lon="-48.59110333333333"><ele>9.3</ele></trkpt><trkpt lat="-27.031258333333334" lon="-48.59110333333333"><ele>9.3</ele></trkpt><trkpt lat="-27.031276666666667" lon="-48.59112333333334"><ele>8.6</ele></trkpt><trkpt lat="-27.03127833333333" lon="-48.59112166666667"><ele>8.6</ele></trkpt><trkpt lat="-27.03128" lon="-48.59112666666667"><ele>8.7</ele></trkpt><trkpt lat="-27.031291666666668" lon="-48.59113166666666"><ele>8.9</ele></trkpt><trkpt lat="-27.0313" lon="-48.59113333333333"><ele>9.1</ele></trkpt><trkpt lat="-27.031304999999996" lon="-48.59113333333333"><ele>9.4</ele></trkpt><trkpt lat="-27.03130666666667" lon="-48.59113833333334"><ele>9.799999999999999</ele></trkpt><trkpt lat="-27.031315000000003" lon="-48.59113333333333"><ele>10.299999999999999</ele></trkpt><trkpt lat="-27.031318333333335" lon="-48.591139999999996"><ele>10.299999999999999</ele></trkpt><trkpt lat="-27.031319999999997" lon="-48.591145000000004"><ele>10.4</ele></trkpt><trkpt lat="-27.03130833333333" lon="-48.591139999999996"><ele>10.799999999999999</ele></trkpt><trkpt lat="-27.0313" lon="-48.591145000000004"><ele>10.7</ele></trkpt><trkpt lat="-27.031298333333332" lon="-48.59114833333333"><ele>10.9</ele></trkpt><trkpt lat="-27.031298333333332" lon="-48.591145000000004"><ele>11.1</ele></trkpt><trkpt lat="-27.031298333333332" lon="-48.59114666666666"><ele>11.299999999999999</ele></trkpt><trkpt lat="-27.0313" lon="-48.591145000000004"><ele>11.5</ele></trkpt><trkpt lat="-27.031301666666664" lon="-48.59114666666666"><ele>11.6</ele></trkpt><trkpt lat="-27.031301666666664" lon="-48.59115"><ele>12</ele></trkpt><trkpt lat="-27.031301666666664" lon="-48.59115"><ele>12.2</ele></trkpt><trkpt lat="-27.031301666666664" lon="-48.59115"><ele>12.2</ele></trkpt><trkpt lat="-27.031301666666664" lon="-48.59115"><ele>12.2</ele></trkpt><trkpt lat="-27.031301666666664" lon="-48.59115"><ele>12.2</ele></trkpt><trkpt lat="-27.031301666666664" lon="-48.59115"><ele>12.2</ele></trkpt><trkpt lat="-27.031301666666664" lon="-48.59115"><ele>12.2</ele></trkpt><trkpt lat="-27.031301666666664" lon="-48.59115"><ele>12.2</ele></trkpt><trkpt lat="-27.031301666666664" lon="-48.59115"><ele>12.2</ele></trkpt><trkpt lat="-27.031301666666664" lon="-48.59115"><ele>12.2</ele></trkpt><trkpt lat="-27.031301666666664" lon="-48.59115"><ele>12.2</ele></trkpt><trkpt lat="-27.031301666666664" lon="-48.59115"><ele>12.2</ele></trkpt><trkpt lat="-27.031301666666664" lon="-48.59115"><ele>12.2</ele></trkpt><trkpt lat="-27.031301666666664" lon="-48.59115"><ele>12.2</ele></trkpt><trkpt lat="-27.031301666666664" lon="-48.59115"><ele>12.2</ele></trkpt><trkpt lat="-27.031301666666664" lon="-48.59115"><ele>12.2</ele></trkpt><trkpt lat="-27.031301666666664" lon="-48.59115"><ele>12.2</ele></trkpt><trkpt lat="-27.031301666666664" lon="-48.59115"><ele>12.2</ele></trkpt><trkpt lat="-27.031301666666664" lon="-48.59115"><ele>12.2</ele></trkpt><trkpt lat="-27.031301666666664" lon="-48.59115"><ele>12.2</ele></trkpt><trkpt lat="-27.031301666666664" lon="-48.59115"><ele>12.2</ele></trkpt><trkpt lat="-27.031301666666664" lon="-48.59115"><ele>12.2</ele></trkpt><trkpt lat="-27.031301666666664" lon="-48.59115"><ele>12.2</ele></trkpt><trkpt lat="-27.031301666666664" lon="-48.59115"><ele>12.2</ele></trkpt><trkpt lat="-27.031301666666664" lon="-48.59115"><ele>12.2</ele></trkpt><trkpt lat="-27.031301666666664" lon="-48.59115"><ele>12.2</ele></trkpt><trkpt lat="-27.031301666666664" lon="-48.59115"><ele>12.2</ele></trkpt><trkpt lat="-27.031240000000004" lon="-48.59112666666667"><ele>14.1</ele></trkpt><trkpt lat="-27.031240000000004" lon="-48.59112333333334"><ele>14</ele></trkpt><trkpt lat="-27.031245" lon="-48.591118333333334"><ele>13.799999999999999</ele></trkpt><trkpt lat="-27.03125" lon="-48.59111333333333"><ele>13.799999999999999</ele></trkpt><trkpt lat="-27.03125" lon="-48.59111333333333"><ele>13.799999999999999</ele></trkpt><trkpt lat="-27.03125" lon="-48.59111333333333"><ele>13.799999999999999</ele></trkpt><trkpt lat="-27.03125" lon="-48.59111333333333"><ele>13.799999999999999</ele></trkpt><trkpt lat="-27.03125" lon="-48.59111333333333"><ele>13.799999999999999</ele></trkpt><trkpt lat="-27.03125" lon="-48.59111333333333"><ele>13.799999999999999</ele></trkpt><trkpt lat="-27.03125" lon="-48.59111333333333"><ele>13.799999999999999</ele></trkpt><trkpt lat="-27.03125" lon="-48.59111333333333"><ele>13.799999999999999</ele></trkpt><trkpt lat="-27.03125" lon="-48.59111333333333"><ele>13.799999999999999</ele></trkpt><trkpt lat="-27.03125" lon="-48.59111333333333"><ele>13.799999999999999</ele></trkpt><trkpt lat="-27.03125" lon="-48.59111333333333"><ele>13.799999999999999</ele></trkpt><trkpt lat="-27.03125" lon="-48.59111333333333"><ele>13.799999999999999</ele></trkpt><trkpt lat="-27.03125" lon="-48.59111333333333"><ele>13.799999999999999</ele></trkpt><trkpt lat="-27.03125" lon="-48.59111333333333"><ele>13.799999999999999</ele></trkpt><trkpt lat="-27.03125" lon="-48.59111333333333"><ele>13.799999999999999</ele></trkpt><trkpt lat="-27.03125" lon="-48.59111333333333"><ele>13.799999999999999</ele></trkpt><trkpt lat="-27.03125" lon="-48.59111333333333"><ele>13.799999999999999</ele></trkpt><trkpt lat="-27.03125" lon="-48.59111333333333"><ele>13.799999999999999</ele></trkpt><trkpt lat="-27.03125" lon="-48.59111333333333"><ele>13.799999999999999</ele></trkpt><trkpt lat="-27.03125" lon="-48.59111333333333"><ele>13.799999999999999</ele></trkpt><trkpt lat="-27.03125" lon="-48.59111333333333"><ele>13.799999999999999</ele></trkpt><trkpt lat="-27.03125" lon="-48.59111333333333"><ele>13.799999999999999</ele></trkpt><trkpt lat="-27.031268333333333" lon="-48.59109333333334"><ele>11.6</ele></trkpt><trkpt lat="-27.03128" lon="-48.591096666666665"><ele>11.6</ele></trkpt><trkpt lat="-27.031288333333336" lon="-48.59109166666667"><ele>11.9</ele></trkpt><trkpt lat="-27.031286666666666" lon="-48.59109166666667"><ele>11.7</ele></trkpt><trkpt lat="-27.031276666666667" lon="-48.59109"><ele>12.2</ele></trkpt><trkpt lat="-27.031270000000003" lon="-48.59109166666667"><ele>12.5</ele></trkpt><trkpt lat="-27.031265" lon="-48.591096666666665"><ele>12.9</ele></trkpt><trkpt lat="-27.031265" lon="-48.591105"><ele>13</ele></trkpt><trkpt lat="-27.03126166666667" lon="-48.59110833333334"><ele>12.799999999999999</ele></trkpt><trkpt lat="-27.03126333333333" lon="-48.59110999999999"><ele>12.799999999999999</ele></trkpt><trkpt lat="-27.03126333333333" lon="-48.59110999999999"><ele>13.2</ele></trkpt><trkpt lat="-27.031268333333333" lon="-48.59110666666667"><ele>13.299999999999999</ele></trkpt><trkpt lat="-27.031268333333333" lon="-48.591105"><ele>13.4</ele></trkpt><trkpt lat="-27.031268333333333" lon="-48.59110166666666"><ele>13.4</ele></trkpt><trkpt lat="-27.031271666666665" lon="-48.591100000000004"><ele>13.5</ele></trkpt></trkseg></trk></gpx>