<?xml version="1.0" encoding="UTF-8"?>
<gpx xmlns="http://www.topografix.com/GPX/1/1" version="1.1" creator="@dwayneparton/geojson-to-gpx"><wpt lat="-26.992117" lon="-48.64428"><ele>10.1</ele><name>4 faixas</name></wpt><wpt lat="-26.982492" lon="-48.640052"><ele>22.7</ele><name>8</name></wpt><wpt lat="-26.991992" lon="-48.64428"><ele>9.6</ele><name>12</name></wpt><wpt lat="-26.991468" lon="-48.643722"><ele>7.8</ele><name>12</name></wpt><wpt lat="-26.990997" lon="-48.64343"><ele>8.3</ele><name>12</name></wpt><wpt lat="-26.990668" lon="-48.643177"><ele>5</ele><name>12</name></wpt><wpt lat="-26.990472" lon="-48.642997"><ele>2.2</ele><name>12</name></wpt><wpt lat="-26.984412" lon="-48.639855"><ele>16.8</ele><name>20</name></wpt><wpt lat="-26.979312" lon="-48.640113"><ele>14.7</ele><name>50</name></wpt><wpt lat="-26.991665" lon="-48.644003"><ele>13.4</ele><name>50km/h</name></wpt><wpt lat="-26.99034" lon="-48.642912"><ele>1.1</ele><name>50km/h</name></wpt><wpt lat="-26.989442" lon="-48.642297"><ele>8.1</ele><name>50km/h</name></wpt><wpt lat="-26.98923" lon="-48.642062"><ele>2.1</ele><name>50km/h</name></wpt><wpt lat="-26.989065" lon="-48.64177"><ele>6.9</ele><name>50km/h</name></wpt><wpt lat="-26.979573" lon="-48.640168"><ele>17.9</ele><name>50km/h</name></wpt><wpt lat="-26.978972" lon="-48.639963"><ele>6.8</ele><name>50km/h</name></wpt><wpt lat="-26.989697" lon="-48.642533"><ele>4.5</ele><name>75</name></wpt><wpt lat="-26.983317" lon="-48.639935"><ele>19.7</ele><name>120</name></wpt><wpt lat="-26.979314" lon="-48.640214"><name>1430 sem ciclovia </name></wpt><wpt lat="-26.979312" lon="-48.640113"><ele>14.7</ele><name>188</name></wpt><wpt lat="-26.986657" lon="-48.639642"><ele>19.2</ele><name>200</name></wpt><wpt lat="-26.983317" lon="-48.63998"><ele>19.9</ele><name>200</name></wpt><wpt lat="-26.989697" lon="-48.642533"><ele>4.5</ele><name>223</name></wpt><wpt lat="-26.975813" lon="-48.638813"><ele>6.7</ele><name>A ciclo é sinuosa, exigindo atenção</name></wpt><wpt lat="-26.975813" lon="-48.638813"><ele>6.7</ele><name>A pintura está boa, mas FALHA em ALGUNS pontos</name></wpt><wpt lat="-26.990858" lon="-48.643308"><ele>4.9</ele><name>A-30</name></wpt><wpt lat="-26.992117" lon="-48.644257"><ele>10.7</ele><name>Apenas faixas vermelhas nas bordas, com travessias pintadas nos cruzamentos</name></wpt><wpt lat="-26.989697" lon="-48.642533"><ele>4.5</ele><name>Área de amortecimento da ciclo (cm)</name></wpt><wpt lat="-26.983317" lon="-48.639935"><ele>19.6</ele><name>Área de amortecimento da ciclo (cm)</name></wpt><wpt lat="-26.979312" lon="-48.640113"><ele>14.7</ele><name>Área de amortecimento da ciclo (cm)</name></wpt><wpt lat="-26.989697" lon="-48.642533"><ele>4.5</ele><name>Área transitável da ciclo (cm)</name></wpt><wpt lat="-26.986662" lon="-48.639597"><ele>17.7</ele><name>Área transitável da ciclo (cm)</name></wpt><wpt lat="-26.986657" lon="-48.639642"><ele>19.2</ele><name>Área transitável da ciclo (cm)</name></wpt><wpt lat="-26.986602" lon="-48.639615"><ele>19.6</ele><name>Área transitável da ciclo (cm)</name></wpt><wpt lat="-26.983363" lon="-48.639972"><ele>19.7</ele><name>Área transitável da ciclo (cm)</name></wpt><wpt lat="-26.979325" lon="-48.640104"><name>Área transitável da ciclo (cm)</name></wpt><wpt lat="-26.992085" lon="-48.644335"><ele>8.5</ele><name>Ausência de conexão entre ciclos.</name></wpt><wpt lat="-26.98923" lon="-48.642062"><ele>2.1</ele><name>Ausência de conexão entre ciclos.</name></wpt><wpt lat="-26.984243" lon="-48.639878"><ele>22.3</ele><name>Ausência de conexão entre ciclos.</name></wpt><wpt lat="-26.976517" lon="-48.639078"><ele>6.7</ele><name>Ausência de conexão entre ciclos.</name></wpt><wpt lat="-26.99222" lon="-48.644208"><ele>13.9</ele><name>Bidirecional</name></wpt><wpt lat="-26.975813" lon="-48.638813"><ele>6.7</ele><name>Bom estado</name></wpt><wpt lat="-26.989187" lon="-48.641957"><ele>4.4</ele><name>Bueiro</name></wpt><wpt lat="-26.989015" lon="-48.641672"><ele>5.9</ele><name>Bueiro</name></wpt><wpt lat="-26.988895" lon="-48.641537"><ele>7.8</ele><name>Bueiro</name></wpt><wpt lat="-26.987897" lon="-48.64007"><ele>-0.4</ele><name>Bueiro</name></wpt><wpt lat="-26.986702" lon="-48.639588"><ele>18.7</ele><name>Bueiro</name></wpt><wpt lat="-26.986242" lon="-48.63964"><ele>11.9</ele><name>Bueiro</name></wpt><wpt lat="-26.986062" lon="-48.639685"><ele>10.7</ele><name>Bueiro</name></wpt><wpt lat="-26.981305" lon="-48.640153"><ele>8.6</ele><name>Bueiro</name></wpt><wpt lat="-26.98103" lon="-48.640247"><ele>14.5</ele><name>Bueiro</name></wpt><wpt lat="-26.979947" lon="-48.640212"><ele>11</ele><name>Bueiro</name></wpt><wpt lat="-26.97864" lon="-48.63979"><ele>5.4</ele><name>Bueiro</name></wpt><wpt lat="-26.97768" lon="-48.639433"><ele>16.1</ele><name>Bueiro</name></wpt><wpt lat="-26.977543" lon="-48.63943"><ele>10.2</ele><name>Bueiro</name></wpt><wpt lat="-26.977367" lon="-48.639383"><ele>12.8</ele><name>Bueiro</name></wpt><wpt lat="-26.977327" lon="-48.639405"><ele>11.1</ele><name>Bueiro</name></wpt><wpt lat="-26.977192" lon="-48.639312"><ele>6.8</ele><name>Bueiro</name></wpt><wpt lat="-26.977052" lon="-48.639287"><name>Bueiro</name></wpt><wpt lat="-26.976722" lon="-48.639137"><ele>10.2</ele><name>Bueiro</name></wpt><wpt lat="-26.976357" lon="-48.639032"><ele>8</ele><name>Bueiro</name></wpt><wpt lat="-26.97605" lon="-48.638953"><ele>10.5</ele><name>Bueiro</name></wpt><wpt lat="-26.98454" lon="-48.639822"><ele>16.3</ele><name>Buraco</name></wpt><wpt lat="-26.983805" lon="-48.639917"><ele>17.3</ele><name>Buraco</name></wpt><wpt lat="-26.983215" lon="-48.639952"><ele>18.8</ele><name>Buraco</name></wpt><wpt lat="-26.981307" lon="-48.640153"><ele>8.6</ele><name>Buraco</name></wpt><wpt lat="-26.975827" lon="-48.638815"><ele>5.6</ele><name>Buraco</name></wpt><wpt lat="-26.992117" lon="-48.64428"><ele>10.1</ele><name>Canteiros</name></wpt><wpt lat="-26.992293" lon="-48.644263"><ele>8.7</ele><name>Ciclovia</name></wpt><wpt lat="-26.98029" lon="-48.640198"><ele>18.9</ele><name>COM Semáforo exclusivo</name></wpt><wpt lat="-26.992117" lon="-48.64428"><ele>10.1</ele><name>Concreto</name></wpt><wpt lat="-26.990137" lon="-48.642817"><ele>11.8</ele><name>conversão de carros sobre a travessia </name></wpt><wpt lat="-26.990137" lon="-48.642817"><ele>11.8</ele><name>Cruzamento perigoso. EXPLIQUE.</name></wpt><wpt lat="-26.985722" lon="-48.639722"><ele>13.6</ele><name>cruzamentos com recuo sobre lajota vermelha gasta </name></wpt><wpt lat="-26.988358" lon="-48.64071"><ele>7.9</ele><name>entrada de posto sem pintura ou sinalização</name></wpt><wpt lat="-26.98665" lon="-48.63963"><ele>18.1</ele><name>entrada de posto sem pintura ou sinalização</name></wpt><wpt lat="-26.992043" lon="-48.644275"><ele>9.3</ele><name>Foto</name></wpt><wpt lat="-26.992048" lon="-48.644278"><ele>9.2</ele><name>Foto</name></wpt><wpt lat="-26.991993" lon="-48.644292"><ele>11.2</ele><name>Foto</name></wpt><wpt lat="-26.991948" lon="-48.644173"><ele>18.9</ele><name>Foto</name></wpt><wpt lat="-26.991577" lon="-48.643948"><ele>13.1</ele><name>Foto</name></wpt><wpt lat="-26.991242" lon="-48.643625"><ele>12.6</ele><name>Foto</name></wpt><wpt lat="-26.991242" lon="-48.643625"><ele>12.6</ele><name>Foto</name></wpt><wpt lat="-26.991456" lon="-48.643694"><name>Foto</name></wpt><wpt lat="-26.99101" lon="-48.643437"><ele>9</ele><name>Foto</name></wpt><wpt lat="-26.99087" lon="-48.64329"><ele>4.2</ele><name>Foto</name></wpt><wpt lat="-26.990653" lon="-48.64318"><ele>7.3</ele><name>Foto</name></wpt><wpt lat="-26.990452" lon="-48.642947"><ele>0.2</ele><name>Foto</name></wpt><wpt lat="-26.990332" lon="-48.642903"><ele>9.2</ele><name>Foto</name></wpt><wpt lat="-26.990275" lon="-48.642877"><ele>4.3</ele><name>Foto</name></wpt><wpt lat="-26.99016" lon="-48.642828"><ele>11.4</ele><name>Foto</name></wpt><wpt lat="-26.989988" lon="-48.642677"><ele>9</ele><name>Foto</name></wpt><wpt lat="-26.989737" lon="-48.642518"><ele>10.4</ele><name>Foto</name></wpt><wpt lat="-26.989435" lon="-48.642297"><ele>8.6</ele><name>Foto</name></wpt><wpt lat="-26.98923" lon="-48.642062"><ele>2.1</ele><name>Foto</name></wpt><wpt lat="-26.98923" lon="-48.642062"><ele>2.1</ele><name>Foto</name></wpt><wpt lat="-26.989118" lon="-48.641888"><ele>7.4</ele><name>Foto</name></wpt><wpt lat="-26.989068" lon="-48.641753"><ele>5.8</ele><name>Foto</name></wpt><wpt lat="-26.989008" lon="-48.641673"><ele>6.8</ele><name>Foto</name></wpt><wpt lat="-26.988903" lon="-48.641537"><ele>8.7</ele><name>Foto</name></wpt><wpt lat="-26.988758" lon="-48.641285"><ele>4.3</ele><name>Foto</name></wpt><wpt lat="-26.988425" lon="-48.640845"><ele>11.3</ele><name>Foto</name></wpt><wpt lat="-26.988358" lon="-48.64071"><ele>7.9</ele><name>Foto</name></wpt><wpt lat="-26.987942" lon="-48.64015"><ele>1.7</ele><name>Foto</name></wpt><wpt lat="-26.987825" lon="-48.639988"><ele>5.3</ele><name>Foto</name></wpt><wpt lat="-26.98782" lon="-48.639968"><ele>6.8</ele><name>Foto</name></wpt><wpt lat="-26.98737" lon="-48.639617"><ele>25.6</ele><name>Foto</name></wpt><wpt lat="-26.987028" lon="-48.63962"><ele>25.1</ele><name>Foto</name></wpt><wpt lat="-26.986652" lon="-48.63964"><ele>21.6</ele><name>Foto</name></wpt><wpt lat="-26.986697" lon="-48.639597"><ele>15</ele><name>Foto</name></wpt><wpt lat="-26.986688" lon="-48.639587"><ele>14.7</ele><name>Foto</name></wpt><wpt lat="-26.986397" lon="-48.639613"><ele>13.9</ele><name>Foto</name></wpt><wpt lat="-26.986167" lon="-48.639668"><ele>11.5</ele><name>Foto</name></wpt><wpt lat="-26.986065" lon="-48.639698"><ele>10.2</ele><name>Foto</name></wpt><wpt lat="-26.985738" lon="-48.639717"><ele>13.6</ele><name>Foto</name></wpt><wpt lat="-26.985417" lon="-48.639755"><ele>14.7</ele><name>Foto</name></wpt><wpt lat="-26.98498" lon="-48.639743"><ele>15.6</ele><name>Foto</name></wpt><wpt lat="-26.984745" lon="-48.639798"><ele>16.4</ele><name>Foto</name></wpt><wpt lat="-26.984542" lon="-48.639833"><ele>17.1</ele><name>Foto</name></wpt><wpt lat="-26.984412" lon="-48.639855"><ele>16.4</ele><name>Foto</name></wpt><wpt lat="-26.984243" lon="-48.639878"><ele>22.3</ele><name>Foto</name></wpt><wpt lat="-26.983885" lon="-48.639977"><ele>26.8</ele><name>Foto</name></wpt><wpt lat="-26.983827" lon="-48.639858"><ele>10.9</ele><name>Foto</name></wpt><wpt lat="-26.983218" lon="-48.63998"><ele>18.6</ele><name>Foto</name></wpt><wpt lat="-26.983163" lon="-48.639985"><ele>16.9</ele><name>Foto</name></wpt><wpt lat="-26.983022" lon="-48.639992"><ele>20.9</ele><name>Foto</name></wpt><wpt lat="-26.982905" lon="-48.640033"><ele>25.4</ele><name>Foto</name></wpt><wpt lat="-26.982783" lon="-48.63999"><ele>21.6</ele><name>Foto</name></wpt><wpt lat="-26.982532" lon="-48.640033"><ele>16.9</ele><name>Foto</name></wpt><wpt lat="-26.98229" lon="-48.64004"><ele>7.8</ele><name>Foto</name></wpt><wpt lat="-26.982098" lon="-48.640037"><ele>17</ele><name>Foto</name></wpt><wpt lat="-26.981572" lon="-48.640197"><ele>21.3</ele><name>Foto</name></wpt><wpt lat="-26.981308" lon="-48.640152"><ele>8.9</ele><name>Foto</name></wpt><wpt lat="-26.981025" lon="-48.64029"><ele>15.2</ele><name>Foto</name></wpt><wpt lat="-26.981007" lon="-48.640342"><ele>15.1</ele><name>Foto</name></wpt><wpt lat="-26.980635" lon="-48.640155"><ele>17.3</ele><name>Foto</name></wpt><wpt lat="-26.98029" lon="-48.640272"><ele>18.2</ele><name>Foto</name></wpt><wpt lat="-26.979947" lon="-48.640223"><ele>9.1</ele><name>Foto</name></wpt><wpt lat="-26.979723" lon="-48.640227"><ele>17.7</ele><name>Foto</name></wpt><wpt lat="-26.979583" lon="-48.640185"><ele>15.7</ele><name>Foto</name></wpt><wpt lat="-26.979338" lon="-48.64015"><ele>17</ele><name>Foto</name></wpt><wpt lat="-26.979296" lon="-48.640128"><name>Foto</name></wpt><wpt lat="-26.978943" lon="-48.639955"><ele>6</ele><name>Foto</name></wpt><wpt lat="-26.978973" lon="-48.639958"><ele>3.8</ele><name>Foto</name></wpt><wpt lat="-26.978637" lon="-48.639792"><ele>5.8</ele><name>Foto</name></wpt><wpt lat="-26.97852" lon="-48.639622"><ele>4.2</ele><name>Foto</name></wpt><wpt lat="-26.978242" lon="-48.639543"><ele>10.7</ele><name>Foto</name></wpt><wpt lat="-26.977657" lon="-48.639435"><ele>16.6</ele><name>Foto</name></wpt><wpt lat="-26.97768" lon="-48.639428"><ele>15.4</ele><name>Foto</name></wpt><wpt lat="-26.977532" lon="-48.639427"><ele>10.8</ele><name>Foto</name></wpt><wpt lat="-26.97753" lon="-48.639427"><ele>10.9</ele><name>Foto</name></wpt><wpt lat="-26.977365" lon="-48.639403"><ele>12.4</ele><name>Foto</name></wpt><wpt lat="-26.977308" lon="-48.639357"><ele>9.1</ele><name>Foto</name></wpt><wpt lat="-26.977197" lon="-48.639325"><ele>8.3</ele><name>Foto</name></wpt><wpt lat="-26.977035" lon="-48.639288"><ele>9.6</ele><name>Foto</name></wpt><wpt lat="-26.976992" lon="-48.639249"><name>Foto</name></wpt><wpt lat="-26.976718" lon="-48.639145"><ele>10.7</ele><name>Foto</name></wpt><wpt lat="-26.97659" lon="-48.63911"><ele>7.9</ele><name>Foto</name></wpt><wpt lat="-26.976517" lon="-48.639078"><ele>6.7</ele><name>Foto</name></wpt><wpt lat="-26.976348" lon="-48.63903"><ele>8.8</ele><name>Foto</name></wpt><wpt lat="-26.976072" lon="-48.638943"><ele>11.8</ele><name>Foto</name></wpt><wpt lat="-26.976012" lon="-48.638942"><ele>20.2</ele><name>Foto</name></wpt><wpt lat="-26.975902" lon="-48.638823"><ele>9.4</ele><name>Foto</name></wpt><wpt lat="-26.975827" lon="-48.638805"><ele>4.9</ele><name>Foto</name></wpt><wpt lat="-26.975817" lon="-48.638805"><ele>2.9</ele><name>Foto</name></wpt><wpt lat="-26.975785" lon="-48.638837"><ele>7.4</ele><name>Foto</name></wpt><wpt lat="-26.975813" lon="-48.638813"><ele>6.7</ele><name>Iluminação geral dos dois lados da via</name></wpt><wpt lat="-26.992125" lon="-48.644232"><ele>12.2</ele><name>Mão Única</name></wpt><wpt lat="-26.992138" lon="-48.644218"><ele>12</ele><name>No bordo direito de Via de Mão Única</name></wpt><wpt lat="-26.979953" lon="-48.640218"><ele>11.7</ele><name>Outro obstáculo</name></wpt><wpt lat="-26.977012" lon="-48.639252"><name>Outro obstáculo</name></wpt><wpt lat="-26.988358" lon="-48.64071"><ele>7.9</ele><name>Outro risco. EXPLIQUE.</name></wpt><wpt lat="-26.986648" lon="-48.639632"><ele>18.5</ele><name>Outro risco. EXPLIQUE.</name></wpt><wpt lat="-26.991242" lon="-48.643625"><ele>12.6</ele><name>Pictograma BOA condição</name></wpt><wpt lat="-26.991948" lon="-48.644173"><ele>18.9</ele><name>Pictograma MÁ condição</name></wpt><wpt lat="-26.989927" lon="-48.642648"><ele>5.1</ele><name>Pictograma MÁ condição</name></wpt><wpt lat="-26.98925" lon="-48.642035"><ele>1.8</ele><name>Pictograma MÁ condição</name></wpt><wpt lat="-26.987827" lon="-48.63996"><ele>7.1</ele><name>Pictograma MÁ condição</name></wpt><wpt lat="-26.982783" lon="-48.639988"><ele>20.9</ele><name>pictograma PARE para carros (ciclista parar para carros)</name></wpt><wpt lat="-26.99016" lon="-48.642828"><ele>11.4</ele><name>pictograma PARE para carros (ciclista parar para carros)</name></wpt><wpt lat="-26.982493" lon="-48.639992"><ele>15.8</ele><name>pictograma PARE para carros (ciclista parar para carros)</name></wpt><wpt lat="-26.991242" lon="-48.643625"><ele>12.6</ele><name>pictograma PARE para pedestres (ciclista parar para pedestres)</name></wpt><wpt lat="-26.989922" lon="-48.642653"><ele>5.7</ele><name>pictograma PARE para pedestres (ciclista parar para pedestres)</name></wpt><wpt lat="-26.989248" lon="-48.642038"><ele>1.9</ele><name>pictograma PARE para pedestres (ciclista parar para pedestres)</name></wpt><wpt lat="-26.991948" lon="-48.644173"><ele>18.9</ele><name>pictograma PARE para pedestres (ciclista parar para pedestres)</name></wpt><wpt lat="-26.987763" lon="-48.639798"><ele>25.1</ele><name>Em cruzamento BOA condição</name></wpt><wpt lat="-26.987378" lon="-48.639557"><ele>20.9</ele><name>Em cruzamento BOA condição</name></wpt><wpt lat="-26.987043" lon="-48.639607"><ele>23.5</ele><name>Em cruzamento BOA condição</name></wpt><wpt lat="-26.985795" lon="-48.639713"><ele>14.2</ele><name>Em cruzamento BOA condição</name></wpt><wpt lat="-26.984988" lon="-48.639732"><ele>16.8</ele><name>Em cruzamento BOA condição</name></wpt><wpt lat="-26.984832" lon="-48.639773"><ele>15.3</ele><name>Em cruzamento BOA condição</name></wpt><wpt lat="-26.984262" lon="-48.63989"><ele>25</ele><name>Em cruzamento BOA condição</name></wpt><wpt lat="-26.98386" lon="-48.640012"><ele>31.9</ele><name>Em cruzamento BOA condição</name></wpt><wpt lat="-26.983163" lon="-48.639985"><ele>16.9</ele><name>Em cruzamento BOA condição</name></wpt><wpt lat="-26.982905" lon="-48.640033"><ele>25.4</ele><name>Em cruzamento BOA condição</name></wpt><wpt lat="-26.982512" lon="-48.640053"><ele>21</ele><name>Em cruzamento BOA condição</name></wpt><wpt lat="-26.98213" lon="-48.640072"><ele>14</ele><name>Em cruzamento BOA condição</name></wpt><wpt lat="-26.981562" lon="-48.640195"><ele>22</ele><name>Em cruzamento BOA condição</name></wpt><wpt lat="-26.980635" lon="-48.640163"><ele>15.8</ele><name>Em cruzamento BOA condição</name></wpt><wpt lat="-26.98029" lon="-48.64019"><ele>17.8</ele><name>Em cruzamento BOA condição</name></wpt><wpt lat="-26.979712" lon="-48.640253"><ele>18.9</ele><name>Em cruzamento BOA condição</name></wpt><wpt lat="-26.97934" lon="-48.640138"><ele>16.8</ele><name>Em cruzamento BOA condição</name></wpt><wpt lat="-26.979289" lon="-48.640144"><name>Em cruzamento BOA condição</name></wpt><wpt lat="-26.978525" lon="-48.63961"><ele>3.8</ele><name>Em cruzamento BOA condição</name></wpt><wpt lat="-26.978232" lon="-48.63955"><ele>9.8</ele><name>Em cruzamento BOA condição</name></wpt><wpt lat="-26.97768" lon="-48.639478"><ele>18.3</ele><name>Em cruzamento BOA condição</name></wpt><wpt lat="-26.97659" lon="-48.63908"><ele>7.5</ele><name>Em cruzamento BOA condição</name></wpt><wpt lat="-26.976" lon="-48.638953"><ele>20.6</ele><name>Em cruzamento BOA condição</name></wpt><wpt lat="-26.975818" lon="-48.638802"><ele>4.3</ele><name>Em cruzamento BOA condição</name></wpt><wpt lat="-26.992083" lon="-48.644335"><ele>8.4</ele><name>Em cruzamento MÁ condição</name></wpt><wpt lat="-26.990185" lon="-48.642825"><ele>8.7</ele><name>Em cruzamento MÁ condição</name></wpt><wpt lat="-26.981025" lon="-48.64029"><ele>15.2</ele><name>Em cruzamento MÁ condição</name></wpt><wpt lat="-26.982255" lon="-48.640035"><ele>7.8</ele><name>quadra em calçada compartilhads com pedestres s sinalização </name></wpt><wpt lat="-26.99203" lon="-48.644298"><ele>8.1</ele><name>Quantidade de vagas</name></wpt><wpt lat="-26.991997" lon="-48.644278"><ele>9.5</ele><name>Quantidade de vagas</name></wpt><wpt lat="-26.991483" lon="-48.64371"><name>Quantidade de vagas</name></wpt><wpt lat="-26.990997" lon="-48.64343"><ele>8.2</ele><name>Quantidade de vagas</name></wpt><wpt lat="-26.990668" lon="-48.643177"><ele>5</ele><name>Quantidade de vagas</name></wpt><wpt lat="-26.990483" lon="-48.643008"><ele>3</ele><name>Quantidade de vagas</name></wpt><wpt lat="-26.984415" lon="-48.639855"><ele>17.7</ele><name>Quantidade de vagas</name></wpt><wpt lat="-26.982492" lon="-48.640052"><ele>22.8</ele><name>Quantidade de vagas</name></wpt><wpt lat="-26.989733" lon="-48.642507"><ele>11.6</ele><name>R-34</name></wpt><wpt lat="-26.983125" lon="-48.639988"><ele>16.5</ele><name>Radar/Lombada Eletrônica</name></wpt><wpt lat="-26.97895" lon="-48.639968"><ele>5</ele><name>Radar/Lombada Eletrônica</name></wpt><wpt lat="-26.977011" lon="-48.63928"><name>rampa </name></wpt><wpt lat="-26.983378" lon="-48.639906"><name>80</name></wpt><wpt lat="-26.992068" lon="-48.644298"><ele>8.3</ele><name>xxx rever no final estacionamento  e pavimento </name></wpt><wpt lat="-26.975827" lon="-48.638823"><ele>7.4</ele><name>SE CICLOVIA: segregação impede completamente a invasão de automóvel e não há trechos desprotegidos</name></wpt><wpt lat="-26.975813" lon="-48.638813"><ele>6.7</ele><name>Segregadores NÃO DIFICULTAM o acesso de ciclistas</name></wpt><wpt lat="-26.987767" lon="-48.63979"><ele>24.5</ele><name>SEM Semáforo exclusivo</name></wpt><wpt lat="-26.987362" lon="-48.639598"><ele>23.4</ele><name>SEM Semáforo exclusivo</name></wpt><wpt lat="-26.984243" lon="-48.639888"><ele>24.1</ele><name>SEM Semáforo exclusivo</name></wpt><wpt lat="-26.981572" lon="-48.640197"><ele>21.3</ele><name>SEM Semáforo exclusivo</name></wpt><wpt lat="-26.976602" lon="-48.639108"><ele>7.9</ele><name>SEM Semáforo exclusivo</name></wpt><wpt lat="-26.987768" lon="-48.639788"><ele>24.5</ele><name>Semáforo para motorizado</name></wpt><wpt lat="-26.987373" lon="-48.639572"><ele>21.3</ele><name>Semáforo para motorizado</name></wpt><wpt lat="-26.984252" lon="-48.639887"><ele>24.6</ele><name>Semáforo para motorizado</name></wpt><wpt lat="-26.981565" lon="-48.640197"><ele>22.4</ele><name>Semáforo para motorizado</name></wpt><wpt lat="-26.980295" lon="-48.640197"><ele>17.8</ele><name>Semáforo para motorizado</name></wpt><wpt lat="-26.976602" lon="-48.639102"><ele>7.7</ele><name>Semáforo para motorizado</name></wpt><wpt lat="-26.987768" lon="-48.639788"><ele>24.4</ele><name>Semáforo para pedestres</name></wpt><wpt lat="-26.984247" lon="-48.63989"><ele>24.2</ele><name>Semáforo para pedestres</name></wpt><wpt lat="-26.980288" lon="-48.6402"><ele>18.7</ele><name>Semáforo para pedestres</name></wpt><wpt lat="-26.976602" lon="-48.639102"><ele>7.7</ele><name>Semáforo para pedestres</name></wpt><wpt lat="-26.975813" lon="-48.638813"><ele>6.7</ele><name>Sombras em alguns trechos, SEM mudas novas</name></wpt><wpt lat="-26.979948" lon="-48.640222"><ele>11.9</ele><name>tampa de inspeção de esgoto invade a ciclovia </name></wpt><wpt lat="-26.986492" lon="-48.639612"><ele>14.9</ele><name>Total da via (incluindo a ciclo) (cm)</name></wpt><wpt lat="-26.97933" lon="-48.640195"><name>Total da via (incluindo a ciclo) (cm)</name></wpt><wpt lat="-26.99127" lon="-48.643675"><ele>9.4</ele><name>Travessia de pedestre em nível (lombofaixa)</name></wpt><wpt lat="-26.990002" lon="-48.642707"><ele>8.4</ele><name>Travessia de pedestre em nível (lombofaixa)</name></wpt><wpt lat="-26.98782" lon="-48.639977"><ele>5.9</ele><name>Travessia de pedestre em nível (lombofaixa)</name></wpt><wpt lat="-26.986412" lon="-48.639612"><ele>14</ele><name>Travessia de pedestre em nível (lombofaixa)</name></wpt><wpt lat="-26.985525" lon="-48.639757"><ele>16.2</ele><name>Travessia de pedestre em nível (lombofaixa)</name></wpt><wpt lat="-26.981565" lon="-48.64018"><ele>21.8</ele><name>Travessia de pedestre em nível (lombofaixa)</name></wpt><wpt lat="-26.97753" lon="-48.639427"><ele>10.9</ele><name>Travessia de pedestre em nível (lombofaixa)</name></wpt><wpt lat="-26.975908" lon="-48.638867"><ele>13.8</ele><name>Travessia de pedestre em nível (lombofaixa)</name></wpt><wpt lat="-26.991948" lon="-48.644173"><ele>18.9</ele><name>trecho 20 m sobre calçada sem sinalização</name></wpt><wpt lat="-26.992042" lon="-48.644308"><ele>8.4</ele><name>U invertido</name></wpt><wpt lat="-26.99147" lon="-48.643739"><name>U invertido</name></wpt><wpt lat="-26.990998" lon="-48.643432"><ele>8.1</ele><name>U invertido</name></wpt><wpt lat="-26.99067" lon="-48.643177"><ele>4.6</ele><name>U invertido</name></wpt><wpt lat="-26.990482" lon="-48.643017"><ele>3.6</ele><name>U invertido</name></wpt><wpt lat="-26.984417" lon="-48.639853"><ele>17.8</ele><name>U invertido</name></wpt><wpt lat="-26.982492" lon="-48.640057"><ele>23</ele><name>U invertido</name></wpt><trk><name>Ciclovia Av. Estado T2 - BC</name><trkseg><trkpt lat="-26.991788" lon="-48.643523"><ele>9.2</ele></trkpt><trkpt lat="-26.991938" lon="-48.643892"><ele>9.1</ele></trkpt><trkpt lat="-26.991955" lon="-48.643913"><ele>9.1</ele></trkpt><trkpt lat="-26.991983" lon="-48.64394"><ele>9.1</ele></trkpt><trkpt lat="-26.992012" lon="-48.643973"><ele>9</ele></trkpt><trkpt lat="-26.992043" lon="-48.644008"><ele>8.9</ele></trkpt><trkpt lat="-26.992072" lon="-48.644022"><ele>8.8</ele></trkpt><trkpt lat="-26.992132" lon="-48.64407"><ele>8.6</ele></trkpt><trkpt lat="-26.992157" lon="-48.644095"><ele>8.5</ele></trkpt><trkpt lat="-26.992173" lon="-48.6441"><ele>8.5</ele></trkpt><trkpt lat="-26.992152" lon="-48.644283"><ele>8.5</ele></trkpt><trkpt lat="-26.992193" lon="-48.644107"><ele>8.5</ele></trkpt><trkpt lat="-26.992217" lon="-48.644143"><ele>8.5</ele></trkpt><trkpt lat="-26.992207" lon="-48.644207"><ele>8.6</ele></trkpt><trkpt lat="-26.992233" lon="-48.644218"><ele>8.7</ele></trkpt><trkpt lat="-26.992293" lon="-48.644263"><ele>8.7</ele></trkpt><trkpt lat="-26.992293" lon="-48.644263"><ele>8.7</ele></trkpt><trkpt lat="-26.992312" lon="-48.64428"><ele>8.7</ele></trkpt><trkpt lat="-26.99229" lon="-48.644272"><ele>11</ele></trkpt><trkpt lat="-26.99227" lon="-48.64426"><ele>13.8</ele></trkpt><trkpt lat="-26.99222" lon="-48.644208"><ele>13.9</ele></trkpt><trkpt lat="-26.99222" lon="-48.644208"><ele>13.9</ele></trkpt><trkpt lat="-26.992195" lon="-48.644208"><ele>13.8</ele></trkpt><trkpt lat="-26.992178" lon="-48.644203"><ele>12.8</ele></trkpt><trkpt lat="-26.992165" lon="-48.644203"><ele>12.4</ele></trkpt><trkpt lat="-26.992153" lon="-48.644212"><ele>12.6</ele></trkpt><trkpt lat="-26.992143" lon="-48.644213"><ele>12.3</ele></trkpt><trkpt lat="-26.992138" lon="-48.644218"><ele>12</ele></trkpt><trkpt lat="-26.992138" lon="-48.644218"><ele>12</ele></trkpt><trkpt lat="-26.992133" lon="-48.644222"><ele>12.1</ele></trkpt><trkpt lat="-26.992128" lon="-48.644227"><ele>12.2</ele></trkpt><trkpt lat="-26.992127" lon="-48.644228"><ele>12.3</ele></trkpt><trkpt lat="-26.992125" lon="-48.644232"><ele>12.2</ele></trkpt><trkpt lat="-26.992125" lon="-48.644232"><ele>12.2</ele></trkpt><trkpt lat="-26.992125" lon="-48.644233"><ele>12</ele></trkpt><trkpt lat="-26.992123" lon="-48.64424"><ele>11.8</ele></trkpt><trkpt lat="-26.992122" lon="-48.644242"><ele>11.6</ele></trkpt><trkpt lat="-26.992123" lon="-48.644242"><ele>11.5</ele></trkpt><trkpt lat="-26.992125" lon="-48.64424"><ele>11.3</ele></trkpt><trkpt lat="-26.992123" lon="-48.644242"><ele>11.1</ele></trkpt><trkpt lat="-26.992122" lon="-48.644245"><ele>11</ele></trkpt><trkpt lat="-26.992118" lon="-48.64425"><ele>10.9</ele></trkpt><trkpt lat="-26.992117" lon="-48.644257"><ele>10.7</ele></trkpt><trkpt lat="-26.992117" lon="-48.644257"><ele>10.7</ele></trkpt><trkpt lat="-26.992117" lon="-48.644257"><ele>10.6</ele></trkpt><trkpt lat="-26.992113" lon="-48.644265"><ele>10.5</ele></trkpt><trkpt lat="-26.992115" lon="-48.64427"><ele>10.4</ele></trkpt><trkpt lat="-26.992115" lon="-48.644273"><ele>10.4</ele></trkpt><trkpt lat="-26.992115" lon="-48.644278"><ele>10.2</ele></trkpt><trkpt lat="-26.992118" lon="-48.644278"><ele>10.1</ele></trkpt><trkpt lat="-26.992117" lon="-48.64428"><ele>10.1</ele></trkpt><trkpt lat="-26.992117" lon="-48.64428"><ele>10.1</ele></trkpt><trkpt lat="-26.992117" lon="-48.64428"><ele>10.1</ele></trkpt><trkpt lat="-26.992117" lon="-48.64428"><ele>10.1</ele></trkpt><trkpt lat="-26.992117" lon="-48.64428"><ele>10.1</ele></trkpt><trkpt lat="-26.992117" lon="-48.64428"><ele>10.1</ele></trkpt><trkpt lat="-26.992117" lon="-48.64428"><ele>10.1</ele></trkpt><trkpt lat="-26.992117" lon="-48.64428"><ele>10.1</ele></trkpt><trkpt lat="-26.992117" lon="-48.64428"><ele>10.1</ele></trkpt><trkpt lat="-26.992117" lon="-48.64428"><ele>10.1</ele></trkpt><trkpt lat="-26.992117" lon="-48.64428"><ele>10.1</ele></trkpt><trkpt lat="-26.992117" lon="-48.64428"><ele>10.1</ele></trkpt><trkpt lat="-26.992117" lon="-48.64428"><ele>10.1</ele></trkpt><trkpt lat="-26.992117" lon="-48.64428"><ele>10.1</ele></trkpt><trkpt lat="-26.992117" lon="-48.64428"><ele>10.1</ele></trkpt><trkpt lat="-26.992117" lon="-48.64428"><ele>10.1</ele></trkpt><trkpt lat="-26.992117" lon="-48.64428"><ele>10.1</ele></trkpt><trkpt lat="-26.992117" lon="-48.64428"><ele>10.1</ele></trkpt><trkpt lat="-26.992087" lon="-48.64429"><ele>8.3</ele></trkpt><trkpt lat="-26.992083" lon="-48.644292"><ele>8.5</ele></trkpt><trkpt lat="-26.992078" lon="-48.644298"><ele>8.6</ele></trkpt><trkpt lat="-26.992075" lon="-48.644298"><ele>8.7</ele></trkpt><trkpt lat="-26.992075" lon="-48.644298"><ele>8.7</ele></trkpt><trkpt lat="-26.992075" lon="-48.644298"><ele>8.7</ele></trkpt><trkpt lat="-26.99207" lon="-48.644302"><ele>8.4</ele></trkpt><trkpt lat="-26.992067" lon="-48.644305"><ele>8.3</ele></trkpt><trkpt lat="-26.992063" lon="-48.644305"><ele>8.5</ele></trkpt><trkpt lat="-26.992065" lon="-48.644305"><ele>8.5</ele></trkpt><trkpt lat="-26.992068" lon="-48.644302"><ele>8.6</ele></trkpt><trkpt lat="-26.992068" lon="-48.6443"><ele>8.4</ele></trkpt><trkpt lat="-26.992068" lon="-48.644298"><ele>8.3</ele></trkpt><trkpt lat="-26.992068" lon="-48.644298"><ele>8.3</ele></trkpt><trkpt lat="-26.992068" lon="-48.644298"><ele>8.3</ele></trkpt><trkpt lat="-26.992068" lon="-48.644298"><ele>8.3</ele></trkpt><trkpt lat="-26.992068" lon="-48.644298"><ele>8.3</ele></trkpt><trkpt lat="-26.992068" lon="-48.644298"><ele>8.3</ele></trkpt><trkpt lat="-26.992068" lon="-48.644298"><ele>8.3</ele></trkpt><trkpt lat="-26.992068" lon="-48.644298"><ele>8.3</ele></trkpt><trkpt lat="-26.992068" lon="-48.644298"><ele>8.3</ele></trkpt><trkpt lat="-26.992068" lon="-48.644298"><ele>8.3</ele></trkpt><trkpt lat="-26.992068" lon="-48.644298"><ele>8.3</ele></trkpt><trkpt lat="-26.992068" lon="-48.644298"><ele>8.3</ele></trkpt><trkpt lat="-26.992068" lon="-48.644298"><ele>8.3</ele></trkpt><trkpt lat="-26.992068" lon="-48.644298"><ele>8.3</ele></trkpt><trkpt lat="-26.992068" lon="-48.644298"><ele>8.3</ele></trkpt><trkpt lat="-26.992068" lon="-48.644298"><ele>8.3</ele></trkpt><trkpt lat="-26.992068" lon="-48.644298"><ele>8.3</ele></trkpt><trkpt lat="-26.992068" lon="-48.644298"><ele>8.3</ele></trkpt><trkpt lat="-26.992068" lon="-48.644298"><ele>8.3</ele></trkpt><trkpt lat="-26.992068" lon="-48.644298"><ele>8.3</ele></trkpt><trkpt lat="-26.992068" lon="-48.644298"><ele>8.3</ele></trkpt><trkpt lat="-26.992068" lon="-48.644298"><ele>8.3</ele></trkpt><trkpt lat="-26.992068" lon="-48.644298"><ele>8.3</ele></trkpt><trkpt lat="-26.992068" lon="-48.644298"><ele>8.3</ele></trkpt><trkpt lat="-26.992068" lon="-48.644298"><ele>8.3</ele></trkpt><trkpt lat="-26.992068" lon="-48.644298"><ele>8.3</ele></trkpt><trkpt lat="-26.992068" lon="-48.644298"><ele>8.3</ele></trkpt><trkpt lat="-26.992068" lon="-48.644298"><ele>8.3</ele></trkpt><trkpt lat="-26.992068" lon="-48.644298"><ele>8.3</ele></trkpt><trkpt lat="-26.992068" lon="-48.644298"><ele>8.3</ele></trkpt><trkpt lat="-26.992068" lon="-48.644298"><ele>8.3</ele></trkpt><trkpt lat="-26.992068" lon="-48.644298"><ele>8.3</ele></trkpt><trkpt lat="-26.992068" lon="-48.644298"><ele>8.3</ele></trkpt><trkpt lat="-26.992068" lon="-48.644298"><ele>8.3</ele></trkpt><trkpt lat="-26.992068" lon="-48.644298"><ele>8.3</ele></trkpt><trkpt lat="-26.992068" lon="-48.644298"><ele>8.3</ele></trkpt><trkpt lat="-26.992068" lon="-48.644298"><ele>8.3</ele></trkpt><trkpt lat="-26.992068" lon="-48.644298"><ele>8.3</ele></trkpt><trkpt lat="-26.992068" lon="-48.644298"><ele>8.3</ele></trkpt><trkpt lat="-26.992068" lon="-48.644298"><ele>8.3</ele></trkpt><trkpt lat="-26.992068" lon="-48.644298"><ele>8.3</ele></trkpt><trkpt lat="-26.992068" lon="-48.644298"><ele>8.3</ele></trkpt><trkpt lat="-26.992068" lon="-48.644298"><ele>8.3</ele></trkpt><trkpt lat="-26.992068" lon="-48.644298"><ele>8.3</ele></trkpt><trkpt lat="-26.992068" lon="-48.644298"><ele>8.3</ele></trkpt><trkpt lat="-26.992068" lon="-48.644298"><ele>8.3</ele></trkpt><trkpt lat="-26.992068" lon="-48.644298"><ele>8.3</ele></trkpt><trkpt lat="-26.992068" lon="-48.644298"><ele>8.3</ele></trkpt><trkpt lat="-26.992113" lon="-48.644297"><ele>8.7</ele></trkpt><trkpt lat="-26.992115" lon="-48.644298"><ele>8.7</ele></trkpt><trkpt lat="-26.992115" lon="-48.6443"><ele>8.6</ele></trkpt><trkpt lat="-26.992105" lon="-48.644307"><ele>8.5</ele></trkpt><trkpt lat="-26.992105" lon="-48.644307"><ele>8.5</ele></trkpt><trkpt lat="-26.992087" lon="-48.644317"><ele>8.4</ele></trkpt><trkpt lat="-26.992085" lon="-48.644323"><ele>8.4</ele></trkpt><trkpt lat="-26.992087" lon="-48.644327"><ele>8.4</ele></trkpt><trkpt lat="-26.992087" lon="-48.64433"><ele>8.3</ele></trkpt><trkpt lat="-26.992083" lon="-48.644335"><ele>8.4</ele></trkpt><trkpt lat="-26.992083" lon="-48.644335"><ele>8.4</ele></trkpt><trkpt lat="-26.99208" lon="-48.644338"><ele>8.5</ele></trkpt><trkpt lat="-26.992085" lon="-48.644335"><ele>8.5</ele></trkpt><trkpt lat="-26.992085" lon="-48.644335"><ele>8.5</ele></trkpt><trkpt lat="-26.99209" lon="-48.644335"><ele>8.5</ele></trkpt><trkpt lat="-26.992097" lon="-48.644332"><ele>8.6</ele></trkpt><trkpt lat="-26.9921" lon="-48.644328"><ele>8.6</ele></trkpt><trkpt lat="-26.9921" lon="-48.64432"><ele>8.5</ele></trkpt><trkpt lat="-26.9921" lon="-48.64432"><ele>8.5</ele></trkpt><trkpt lat="-26.9921" lon="-48.64432"><ele>8.5</ele></trkpt><trkpt lat="-26.9921" lon="-48.64432"><ele>8.5</ele></trkpt><trkpt lat="-26.9921" lon="-48.64432"><ele>8.5</ele></trkpt><trkpt lat="-26.9921" lon="-48.64432"><ele>8.5</ele></trkpt><trkpt lat="-26.9921" lon="-48.64432"><ele>8.5</ele></trkpt><trkpt lat="-26.9921" lon="-48.64432"><ele>8.5</ele></trkpt><trkpt lat="-26.9921" lon="-48.64432"><ele>8.5</ele></trkpt><trkpt lat="-26.992082" lon="-48.644308"><ele>8.8</ele></trkpt><trkpt lat="-26.99208" lon="-48.644307"><ele>8.8</ele></trkpt><trkpt lat="-26.992072" lon="-48.644307"><ele>8.8</ele></trkpt><trkpt lat="-26.992058" lon="-48.644305"><ele>8.9</ele></trkpt><trkpt lat="-26.992047" lon="-48.6443"><ele>9.1</ele></trkpt><trkpt lat="-26.99204" lon="-48.64429"><ele>9.3</ele></trkpt><trkpt lat="-26.992037" lon="-48.644285"><ele>9.3</ele></trkpt><trkpt lat="-26.992038" lon="-48.64428"><ele>9.3</ele></trkpt><trkpt lat="-26.992043" lon="-48.644275"><ele>9.3</ele></trkpt><trkpt lat="-26.992043" lon="-48.644275"><ele>9.3</ele></trkpt><trkpt lat="-26.992047" lon="-48.644272"><ele>9.3</ele></trkpt><trkpt lat="-26.992047" lon="-48.644275"><ele>9.2</ele></trkpt><trkpt lat="-26.992048" lon="-48.644278"><ele>9.2</ele></trkpt><trkpt lat="-26.99205" lon="-48.644277"><ele>9.2</ele></trkpt><trkpt lat="-26.992048" lon="-48.644278"><ele>9.2</ele></trkpt><trkpt lat="-26.992048" lon="-48.644278"><ele>9.2</ele></trkpt><trkpt lat="-26.992045" lon="-48.64428"><ele>9.2</ele></trkpt><trkpt lat="-26.992043" lon="-48.64429"><ele>9.1</ele></trkpt><trkpt lat="-26.992048" lon="-48.644293"><ele>9</ele></trkpt><trkpt lat="-26.992052" lon="-48.644293"><ele>9.1</ele></trkpt><trkpt lat="-26.99205" lon="-48.644303"><ele>9</ele></trkpt><trkpt lat="-26.992045" lon="-48.644312"><ele>9.2</ele></trkpt><trkpt lat="-26.992045" lon="-48.644313"><ele>9</ele></trkpt><trkpt lat="-26.992043" lon="-48.64432"><ele>8.9</ele></trkpt><trkpt lat="-26.992045" lon="-48.644318"><ele>8.7</ele></trkpt><trkpt lat="-26.992045" lon="-48.644313"><ele>8.8</ele></trkpt><trkpt lat="-26.992042" lon="-48.644308"><ele>8.4</ele></trkpt><trkpt lat="-26.992042" lon="-48.644308"><ele>8.4</ele></trkpt><trkpt lat="-26.992035" lon="-48.644303"><ele>8.1</ele></trkpt><trkpt lat="-26.99203" lon="-48.644298"><ele>8.1</ele></trkpt><trkpt lat="-26.99203" lon="-48.644298"><ele>8.1</ele></trkpt><trkpt lat="-26.992018" lon="-48.644295"><ele>8.2</ele></trkpt><trkpt lat="-26.99201" lon="-48.64429"><ele>8.7</ele></trkpt><trkpt lat="-26.992003" lon="-48.644285"><ele>8.9</ele></trkpt><trkpt lat="-26.991997" lon="-48.644278"><ele>9.5</ele></trkpt><trkpt lat="-26.991997" lon="-48.644278"><ele>9.5</ele></trkpt><trkpt lat="-26.991992" lon="-48.64428"><ele>9.6</ele></trkpt><trkpt lat="-26.991992" lon="-48.64428"><ele>9.6</ele></trkpt><trkpt lat="-26.991988" lon="-48.64428"><ele>9.8</ele></trkpt><trkpt lat="-26.991987" lon="-48.64428"><ele>10.1</ele></trkpt><trkpt lat="-26.991983" lon="-48.644282"><ele>10.3</ele></trkpt><trkpt lat="-26.991983" lon="-48.644282"><ele>10.5</ele></trkpt><trkpt lat="-26.991985" lon="-48.644283"><ele>10.8</ele></trkpt><trkpt lat="-26.991985" lon="-48.64429"><ele>11.1</ele></trkpt><trkpt lat="-26.991988" lon="-48.644293"><ele>11</ele></trkpt><trkpt lat="-26.991992" lon="-48.644293"><ele>11.2</ele></trkpt><trkpt lat="-26.991993" lon="-48.644295"><ele>11.1</ele></trkpt><trkpt lat="-26.991993" lon="-48.644293"><ele>11.1</ele></trkpt><trkpt lat="-26.991993" lon="-48.644292"><ele>11.2</ele></trkpt><trkpt lat="-26.991993" lon="-48.644292"><ele>11.2</ele></trkpt><trkpt lat="-26.991997" lon="-48.644287"><ele>11.5</ele></trkpt><trkpt lat="-26.991997" lon="-48.644287"><ele>11.5</ele></trkpt><trkpt lat="-26.992007" lon="-48.644283"><ele>11.9</ele></trkpt><trkpt lat="-26.992015" lon="-48.644288"><ele>13</ele></trkpt><trkpt lat="-26.992025" lon="-48.644292"><ele>13.7</ele></trkpt><trkpt lat="-26.992037" lon="-48.644297"><ele>14.2</ele></trkpt><trkpt lat="-26.99205" lon="-48.644292"><ele>14.5</ele></trkpt><trkpt lat="-26.99206" lon="-48.644292"><ele>14.5</ele></trkpt><trkpt lat="-26.992057" lon="-48.64429"><ele>14.4</ele></trkpt><trkpt lat="-26.992058" lon="-48.644288"><ele>14.4</ele></trkpt><trkpt lat="-26.992055" lon="-48.644282"><ele>14.4</ele></trkpt><trkpt lat="-26.992045" lon="-48.64427"><ele>14.7</ele></trkpt><trkpt lat="-26.992032" lon="-48.644253"><ele>14.8</ele></trkpt><trkpt lat="-26.992022" lon="-48.644235"><ele>15</ele></trkpt><trkpt lat="-26.992022" lon="-48.644215"><ele>14.7</ele></trkpt><trkpt lat="-26.992012" lon="-48.644198"><ele>16.8</ele></trkpt><trkpt lat="-26.992" lon="-48.644187"><ele>17.7</ele></trkpt><trkpt lat="-26.991992" lon="-48.64418"><ele>20</ele></trkpt><trkpt lat="-26.991987" lon="-48.644173"><ele>20.5</ele></trkpt><trkpt lat="-26.991973" lon="-48.64418"><ele>20.9</ele></trkpt><trkpt lat="-26.99197" lon="-48.644188"><ele>20.9</ele></trkpt><trkpt lat="-26.991965" lon="-48.64419"><ele>20</ele></trkpt><trkpt lat="-26.99196" lon="-48.644188"><ele>19.5</ele></trkpt><trkpt lat="-26.991957" lon="-48.644185"><ele>19.3</ele></trkpt><trkpt lat="-26.991953" lon="-48.644182"><ele>19.2</ele></trkpt><trkpt lat="-26.991952" lon="-48.644177"><ele>19.2</ele></trkpt><trkpt lat="-26.99195" lon="-48.644175"><ele>19.1</ele></trkpt><trkpt lat="-26.991948" lon="-48.644173"><ele>19</ele></trkpt><trkpt lat="-26.991948" lon="-48.644173"><ele>18.9</ele></trkpt><trkpt lat="-26.991948" lon="-48.644173"><ele>18.9</ele></trkpt><trkpt lat="-26.991948" lon="-48.644173"><ele>18.9</ele></trkpt><trkpt lat="-26.991948" lon="-48.644173"><ele>18.9</ele></trkpt><trkpt lat="-26.991948" lon="-48.644173"><ele>18.9</ele></trkpt><trkpt lat="-26.991948" lon="-48.644173"><ele>18.9</ele></trkpt><trkpt lat="-26.991948" lon="-48.644173"><ele>18.9</ele></trkpt><trkpt lat="-26.991948" lon="-48.644173"><ele>18.9</ele></trkpt><trkpt lat="-26.991948" lon="-48.644173"><ele>18.9</ele></trkpt><trkpt lat="-26.991948" lon="-48.644173"><ele>18.9</ele></trkpt><trkpt lat="-26.991948" lon="-48.644173"><ele>18.9</ele></trkpt><trkpt lat="-26.991948" lon="-48.644173"><ele>18.9</ele></trkpt><trkpt lat="-26.991948" lon="-48.644173"><ele>18.9</ele></trkpt><trkpt lat="-26.991948" lon="-48.644173"><ele>18.9</ele></trkpt><trkpt lat="-26.991948" lon="-48.644173"><ele>18.9</ele></trkpt><trkpt lat="-26.991948" lon="-48.644173"><ele>18.9</ele></trkpt><trkpt lat="-26.991948" lon="-48.644173"><ele>18.9</ele></trkpt><trkpt lat="-26.991948" lon="-48.644173"><ele>18.9</ele></trkpt><trkpt lat="-26.991948" lon="-48.644173"><ele>18.9</ele></trkpt><trkpt lat="-26.991948" lon="-48.644173"><ele>18.9</ele></trkpt><trkpt lat="-26.991948" lon="-48.644173"><ele>18.9</ele></trkpt><trkpt lat="-26.991948" lon="-48.644173"><ele>18.9</ele></trkpt><trkpt lat="-26.991948" lon="-48.644173"><ele>18.9</ele></trkpt><trkpt lat="-26.991948" lon="-48.644173"><ele>18.9</ele></trkpt><trkpt lat="-26.991948" lon="-48.644173"><ele>18.9</ele></trkpt><trkpt lat="-26.991948" lon="-48.644173"><ele>18.9</ele></trkpt><trkpt lat="-26.991948" lon="-48.644173"><ele>18.9</ele></trkpt><trkpt lat="-26.991948" lon="-48.644173"><ele>18.9</ele></trkpt><trkpt lat="-26.991948" lon="-48.644173"><ele>18.9</ele></trkpt><trkpt lat="-26.991948" lon="-48.644173"><ele>18.9</ele></trkpt><trkpt lat="-26.991948" lon="-48.644173"><ele>18.9</ele></trkpt><trkpt lat="-26.991948" lon="-48.644173"><ele>18.9</ele></trkpt><trkpt lat="-26.991948" lon="-48.644173"><ele>18.9</ele></trkpt><trkpt lat="-26.991948" lon="-48.644173"><ele>18.9</ele></trkpt><trkpt lat="-26.991948" lon="-48.644173"><ele>18.9</ele></trkpt><trkpt lat="-26.991948" lon="-48.644173"><ele>18.9</ele></trkpt><trkpt lat="-26.991948" lon="-48.644173"><ele>18.9</ele></trkpt><trkpt lat="-26.991948" lon="-48.644173"><ele>18.9</ele></trkpt><trkpt lat="-26.991948" lon="-48.644173"><ele>18.9</ele></trkpt><trkpt lat="-26.991948" lon="-48.644173"><ele>18.9</ele></trkpt><trkpt lat="-26.991948" lon="-48.644173"><ele>18.9</ele></trkpt><trkpt lat="-26.991948" lon="-48.644173"><ele>18.9</ele></trkpt><trkpt lat="-26.991948" lon="-48.644173"><ele>18.9</ele></trkpt><trkpt lat="-26.991948" lon="-48.644173"><ele>18.9</ele></trkpt><trkpt lat="-26.991948" lon="-48.644173"><ele>18.9</ele></trkpt><trkpt lat="-26.991948" lon="-48.644173"><ele>18.9</ele></trkpt><trkpt lat="-26.991948" lon="-48.644173"><ele>18.9</ele></trkpt><trkpt lat="-26.991948" lon="-48.644173"><ele>18.9</ele></trkpt><trkpt lat="-26.991948" lon="-48.644173"><ele>18.9</ele></trkpt><trkpt lat="-26.991948" lon="-48.644173"><ele>18.9</ele></trkpt><trkpt lat="-26.991948" lon="-48.644173"><ele>18.9</ele></trkpt><trkpt lat="-26.991948" lon="-48.644173"><ele>18.9</ele></trkpt><trkpt lat="-26.991948" lon="-48.644173"><ele>18.9</ele></trkpt><trkpt lat="-26.991948" lon="-48.644173"><ele>18.9</ele></trkpt><trkpt lat="-26.991948" lon="-48.644173"><ele>18.9</ele></trkpt><trkpt lat="-26.991948" lon="-48.644173"><ele>18.9</ele></trkpt><trkpt lat="-26.991948" lon="-48.644173"><ele>18.9</ele></trkpt><trkpt lat="-26.991948" lon="-48.644173"><ele>18.9</ele></trkpt><trkpt lat="-26.991948" lon="-48.644173"><ele>18.9</ele></trkpt><trkpt lat="-26.991948" lon="-48.644173"><ele>18.9</ele></trkpt><trkpt lat="-26.991948" lon="-48.644173"><ele>18.9</ele></trkpt><trkpt lat="-26.991948" lon="-48.644173"><ele>18.9</ele></trkpt><trkpt lat="-26.991948" lon="-48.644173"><ele>18.9</ele></trkpt><trkpt lat="-26.991948" lon="-48.644173"><ele>18.9</ele></trkpt><trkpt lat="-26.991948" lon="-48.644173"><ele>18.9</ele></trkpt><trkpt lat="-26.991948" lon="-48.644173"><ele>18.9</ele></trkpt><trkpt lat="-26.991948" lon="-48.644173"><ele>18.9</ele></trkpt><trkpt lat="-26.991948" lon="-48.644173"><ele>18.9</ele></trkpt><trkpt lat="-26.991885" lon="-48.644177"><ele>12.7</ele></trkpt><trkpt lat="-26.991875" lon="-48.644165"><ele>12.6</ele></trkpt><trkpt lat="-26.991863" lon="-48.644153"><ele>12.3</ele></trkpt><trkpt lat="-26.99185" lon="-48.644142"><ele>11.9</ele></trkpt><trkpt lat="-26.991838" lon="-48.64413"><ele>11.8</ele></trkpt><trkpt lat="-26.991822" lon="-48.644117"><ele>11.9</ele></trkpt><trkpt lat="-26.991803" lon="-48.6441"><ele>11.8</ele></trkpt><trkpt lat="-26.991782" lon="-48.644087"><ele>11.7</ele></trkpt><trkpt lat="-26.99176" lon="-48.644073"><ele>12.1</ele></trkpt><trkpt lat="-26.99174" lon="-48.644058"><ele>12.5</ele></trkpt><trkpt lat="-26.99172" lon="-48.644042"><ele>12.8</ele></trkpt><trkpt lat="-26.9917" lon="-48.644028"><ele>12.9</ele></trkpt><trkpt lat="-26.991682" lon="-48.644015"><ele>12.9</ele></trkpt><trkpt lat="-26.991665" lon="-48.644003"><ele>13.4</ele></trkpt><trkpt lat="-26.991665" lon="-48.644003"><ele>13.4</ele></trkpt><trkpt lat="-26.99165" lon="-48.643992"><ele>13.5</ele></trkpt><trkpt lat="-26.991633" lon="-48.64398"><ele>13.4</ele></trkpt><trkpt lat="-26.991618" lon="-48.643968"><ele>13.3</ele></trkpt><trkpt lat="-26.991608" lon="-48.643962"><ele>13.2</ele></trkpt><trkpt lat="-26.991602" lon="-48.643957"><ele>13.4</ele></trkpt><trkpt lat="-26.991593" lon="-48.643955"><ele>13.3</ele></trkpt><trkpt lat="-26.991585" lon="-48.643953"><ele>13.3</ele></trkpt><trkpt lat="-26.991577" lon="-48.643948"><ele>13.1</ele></trkpt><trkpt lat="-26.991577" lon="-48.643948"><ele>13.1</ele></trkpt><trkpt lat="-26.991563" lon="-48.643938"><ele>12.9</ele></trkpt><trkpt lat="-26.991545" lon="-48.643923"><ele>12.7</ele></trkpt><trkpt lat="-26.991527" lon="-48.643902"><ele>12.2</ele></trkpt><trkpt lat="-26.991507" lon="-48.643885"><ele>11.5</ele></trkpt><trkpt lat="-26.991482" lon="-48.643863"><ele>11</ele></trkpt><trkpt lat="-26.991457" lon="-48.643845"><ele>10.7</ele></trkpt><trkpt lat="-26.991435" lon="-48.643827"><ele>10.7</ele></trkpt><trkpt lat="-26.991415" lon="-48.643805"><ele>10</ele></trkpt><trkpt lat="-26.991392" lon="-48.643787"><ele>9.4</ele></trkpt><trkpt lat="-26.991372" lon="-48.643768"><ele>9.5</ele></trkpt><trkpt lat="-26.991357" lon="-48.643752"><ele>9.4</ele></trkpt><trkpt lat="-26.991335" lon="-48.643732"><ele>9.7</ele></trkpt><trkpt lat="-26.991315" lon="-48.643712"><ele>9.4</ele></trkpt><trkpt lat="-26.99129" lon="-48.643693"><ele>9.4</ele></trkpt><trkpt lat="-26.99127" lon="-48.643675"><ele>9.4</ele></trkpt><trkpt lat="-26.99127" lon="-48.643675"><ele>9.4</ele></trkpt><trkpt lat="-26.99125" lon="-48.643657"><ele>9.5</ele></trkpt><trkpt lat="-26.99123" lon="-48.643638"><ele>9.9</ele></trkpt><trkpt lat="-26.99122" lon="-48.643622"><ele>14</ele></trkpt><trkpt lat="-26.991215" lon="-48.643613"><ele>14.3</ele></trkpt><trkpt lat="-26.991215" lon="-48.643618"><ele>14.3</ele></trkpt><trkpt lat="-26.991218" lon="-48.643617"><ele>14.2</ele></trkpt><trkpt lat="-26.991223" lon="-48.643615"><ele>14</ele></trkpt><trkpt lat="-26.991227" lon="-48.643613"><ele>13.7</ele></trkpt><trkpt lat="-26.99123" lon="-48.643612"><ele>13.3</ele></trkpt><trkpt lat="-26.991233" lon="-48.643613"><ele>13.1</ele></trkpt><trkpt lat="-26.991238" lon="-48.643617"><ele>12.9</ele></trkpt><trkpt lat="-26.991243" lon="-48.643617"><ele>12.5</ele></trkpt><trkpt lat="-26.991245" lon="-48.643617"><ele>12.5</ele></trkpt><trkpt lat="-26.991243" lon="-48.64362"><ele>12.7</ele></trkpt><trkpt lat="-26.991242" lon="-48.643625"><ele>12.6</ele></trkpt><trkpt lat="-26.991242" lon="-48.643625"><ele>12.6</ele></trkpt><trkpt lat="-26.991242" lon="-48.643625"><ele>12.6</ele></trkpt><trkpt lat="-26.991242" lon="-48.643625"><ele>12.6</ele></trkpt><trkpt lat="-26.991242" lon="-48.643625"><ele>12.6</ele></trkpt><trkpt lat="-26.991242" lon="-48.643625"><ele>12.6</ele></trkpt><trkpt lat="-26.991242" lon="-48.643625"><ele>12.6</ele></trkpt><trkpt lat="-26.991242" lon="-48.643625"><ele>12.6</ele></trkpt><trkpt lat="-26.991242" lon="-48.643625"><ele>12.6</ele></trkpt><trkpt lat="-26.991242" lon="-48.643625"><ele>12.6</ele></trkpt><trkpt lat="-26.991242" lon="-48.643625"><ele>12.6</ele></trkpt><trkpt lat="-26.991242" lon="-48.643625"><ele>12.6</ele></trkpt><trkpt lat="-26.991242" lon="-48.643625"><ele>12.6</ele></trkpt><trkpt lat="-26.991242" lon="-48.643625"><ele>12.6</ele></trkpt><trkpt lat="-26.991242" lon="-48.643625"><ele>12.6</ele></trkpt><trkpt lat="-26.991242" lon="-48.643625"><ele>12.6</ele></trkpt><trkpt lat="-26.991242" lon="-48.643625"><ele>12.6</ele></trkpt><trkpt lat="-26.991242" lon="-48.643625"><ele>12.6</ele></trkpt><trkpt lat="-26.991242" lon="-48.643625"><ele>12.6</ele></trkpt><trkpt lat="-26.991242" lon="-48.643625"><ele>12.6</ele></trkpt><trkpt lat="-26.991242" lon="-48.643625"><ele>12.6</ele></trkpt><trkpt lat="-26.991242" lon="-48.643625"><ele>12.6</ele></trkpt><trkpt lat="-26.991242" lon="-48.643625"><ele>12.6</ele></trkpt><trkpt lat="-26.991242" lon="-48.643625"><ele>12.6</ele></trkpt><trkpt lat="-26.991242" lon="-48.643625"><ele>12.6</ele></trkpt><trkpt lat="-26.991242" lon="-48.643625"><ele>12.6</ele></trkpt><trkpt lat="-26.991242" lon="-48.643625"><ele>12.6</ele></trkpt><trkpt lat="-26.991218" lon="-48.643568"><ele>12</ele></trkpt><trkpt lat="-26.991207" lon="-48.643565"><ele>11.6</ele></trkpt><trkpt lat="-26.99119" lon="-48.643558"><ele>10.9</ele></trkpt><trkpt lat="-26.991178" lon="-48.64355"><ele>10.7</ele></trkpt><trkpt lat="-26.991158" lon="-48.643543"><ele>10.2</ele></trkpt><trkpt lat="-26.991143" lon="-48.643532"><ele>9.7</ele></trkpt><trkpt lat="-26.991143" lon="-48.643515"><ele>8.9</ele></trkpt><trkpt lat="-26.991153" lon="-48.643517"><ele>8.2</ele></trkpt><trkpt lat="-26.991172" lon="-48.643532"><ele>8</ele></trkpt><trkpt lat="-26.9912" lon="-48.643553"><ele>7.6</ele></trkpt><trkpt lat="-26.991227" lon="-48.64357"><ele>7.7</ele></trkpt><trkpt lat="-26.99125" lon="-48.643595"><ele>7.7</ele></trkpt><trkpt lat="-26.991268" lon="-48.643617"><ele>8.3</ele></trkpt><trkpt lat="-26.991295" lon="-48.64364"><ele>9</ele></trkpt><trkpt lat="-26.991318" lon="-48.64366"><ele>8.9</ele></trkpt><trkpt lat="-26.991338" lon="-48.643677"><ele>8.4</ele></trkpt><trkpt lat="-26.991358" lon="-48.643692"><ele>7.8</ele></trkpt><trkpt lat="-26.991383" lon="-48.643705"><ele>8.2</ele></trkpt><trkpt lat="-26.991412" lon="-48.643715"><ele>7.9</ele></trkpt><trkpt lat="-26.991435" lon="-48.64372"><ele>7.6</ele></trkpt><trkpt lat="-26.991452" lon="-48.643723"><ele>7.5</ele></trkpt><trkpt lat="-26.991462" lon="-48.64372"><ele>7.5</ele></trkpt><trkpt lat="-26.991468" lon="-48.64372"><ele>7.7</ele></trkpt><trkpt lat="-26.991472" lon="-48.64372"><ele>7.8</ele></trkpt><trkpt lat="-26.99147" lon="-48.643722"><ele>7.7</ele></trkpt><trkpt lat="-26.99147" lon="-48.643722"><ele>7.7</ele></trkpt><trkpt lat="-26.991468" lon="-48.643722"><ele>7.8</ele></trkpt><trkpt lat="-26.991468" lon="-48.643722"><ele>7.8</ele></trkpt><trkpt lat="-26.991468" lon="-48.643722"><ele>7.8</ele></trkpt><trkpt lat="-26.991468" lon="-48.64372"><ele>7.6</ele></trkpt><trkpt lat="-26.991468" lon="-48.643717"><ele>7.4</ele></trkpt><trkpt lat="-26.991468" lon="-48.643713"><ele>7.2</ele></trkpt><trkpt lat="-26.991467" lon="-48.643712"><ele>7.1</ele></trkpt><trkpt lat="-26.991467" lon="-48.64371"><ele>7.1</ele></trkpt><trkpt lat="-26.991467" lon="-48.64371"><ele>6.9</ele></trkpt><trkpt lat="-26.991465" lon="-48.643708"><ele>6.8</ele></trkpt><trkpt lat="-26.991465" lon="-48.643708"><ele>6.8</ele></trkpt><trkpt lat="-26.991465" lon="-48.643708"><ele>6.8</ele></trkpt><trkpt lat="-26.991465" lon="-48.643708"><ele>6.8</ele></trkpt><trkpt lat="-26.991465" lon="-48.643708"><ele>6.8</ele></trkpt><trkpt lat="-26.991465" lon="-48.643708"><ele>6.8</ele></trkpt><trkpt lat="-26.991465" lon="-48.643708"><ele>6.8</ele></trkpt><trkpt lat="-26.991465" lon="-48.643708"><ele>6.8</ele></trkpt><trkpt lat="-26.991465" lon="-48.643708"><ele>6.8</ele></trkpt><trkpt lat="-26.991465" lon="-48.643708"><ele>6.8</ele></trkpt><trkpt lat="-26.991482" lon="-48.64374"><ele>4.9</ele></trkpt><trkpt lat="-26.991497" lon="-48.643753"><ele>4.4</ele></trkpt><trkpt lat="-26.991513" lon="-48.643767"><ele>3.5</ele></trkpt><trkpt lat="-26.991525" lon="-48.64378"><ele>3.1</ele></trkpt><trkpt lat="-26.991547" lon="-48.6438"><ele>2.6</ele></trkpt><trkpt lat="-26.991552" lon="-48.64382"><ele>2.2</ele></trkpt><trkpt lat="-26.991552" lon="-48.643843"><ele>1.8</ele></trkpt><trkpt lat="-26.991545" lon="-48.643855"><ele>2</ele></trkpt><trkpt lat="-26.99154" lon="-48.643862"><ele>3.3</ele></trkpt><trkpt lat="-26.991527" lon="-48.643858"><ele>3.9</ele></trkpt><trkpt lat="-26.991512" lon="-48.643842"><ele>4.4</ele></trkpt><trkpt lat="-26.991498" lon="-48.643825"><ele>4.8</ele></trkpt><trkpt lat="-26.991498" lon="-48.643825"><ele>4.8</ele></trkpt><trkpt lat="-26.99148" lon="-48.643807"><ele>5.2</ele></trkpt><trkpt lat="-26.991458" lon="-48.64379"><ele>5.5</ele></trkpt><trkpt lat="-26.991433" lon="-48.643773"><ele>6.1</ele></trkpt><trkpt lat="-26.991408" lon="-48.643752"><ele>6.5</ele></trkpt><trkpt lat="-26.99138" lon="-48.643733"><ele>7</ele></trkpt><trkpt lat="-26.991355" lon="-48.643713"><ele>7.4</ele></trkpt><trkpt lat="-26.991328" lon="-48.643693"><ele>7.7</ele></trkpt><trkpt lat="-26.991297" lon="-48.64367"><ele>7.7</ele></trkpt><trkpt lat="-26.991267" lon="-48.64365"><ele>8.5</ele></trkpt><trkpt lat="-26.991233" lon="-48.643627"><ele>8.7</ele></trkpt><trkpt lat="-26.991202" lon="-48.643602"><ele>8.7</ele></trkpt><trkpt lat="-26.991168" lon="-48.643578"><ele>8.9</ele></trkpt><trkpt lat="-26.991145" lon="-48.643557"><ele>9.3</ele></trkpt><trkpt lat="-26.991123" lon="-48.643537"><ele>9.5</ele></trkpt><trkpt lat="-26.991102" lon="-48.64352"><ele>10</ele></trkpt><trkpt lat="-26.99108" lon="-48.6435"><ele>10.6</ele></trkpt><trkpt lat="-26.99106" lon="-48.64348"><ele>9</ele></trkpt><trkpt lat="-26.991052" lon="-48.643467"><ele>7.2</ele></trkpt><trkpt lat="-26.99104" lon="-48.64346"><ele>7.1</ele></trkpt><trkpt lat="-26.99103" lon="-48.643455"><ele>7.1</ele></trkpt><trkpt lat="-26.99102" lon="-48.643448"><ele>7.3</ele></trkpt><trkpt lat="-26.99101" lon="-48.643443"><ele>7.5</ele></trkpt><trkpt lat="-26.991002" lon="-48.643437"><ele>8</ele></trkpt><trkpt lat="-26.991002" lon="-48.643435"><ele>7.9</ele></trkpt><trkpt lat="-26.990998" lon="-48.643433"><ele>8</ele></trkpt><trkpt lat="-26.990998" lon="-48.643432"><ele>8.1</ele></trkpt><trkpt lat="-26.990998" lon="-48.643432"><ele>8.1</ele></trkpt><trkpt lat="-26.990997" lon="-48.64343"><ele>8.2</ele></trkpt><trkpt lat="-26.990997" lon="-48.64343"><ele>8.2</ele></trkpt><trkpt lat="-26.990997" lon="-48.64343"><ele>8.3</ele></trkpt><trkpt lat="-26.990997" lon="-48.64343"><ele>8.3</ele></trkpt><trkpt lat="-26.990997" lon="-48.643428"><ele>8.5</ele></trkpt><trkpt lat="-26.990995" lon="-48.643427"><ele>8.6</ele></trkpt><trkpt lat="-26.990997" lon="-48.643425"><ele>8.7</ele></trkpt><trkpt lat="-26.990997" lon="-48.643427"><ele>8.8</ele></trkpt><trkpt lat="-26.990997" lon="-48.643427"><ele>8.8</ele></trkpt><trkpt lat="-26.990997" lon="-48.643427"><ele>8.8</ele></trkpt><trkpt lat="-26.991003" lon="-48.643438"><ele>8.8</ele></trkpt><trkpt lat="-26.99101" lon="-48.643437"><ele>9</ele></trkpt><trkpt lat="-26.99101" lon="-48.643437"><ele>9</ele></trkpt><trkpt lat="-26.991012" lon="-48.643437"><ele>8.7</ele></trkpt><trkpt lat="-26.991012" lon="-48.643433"><ele>8.7</ele></trkpt><trkpt lat="-26.991007" lon="-48.643428"><ele>8.5</ele></trkpt><trkpt lat="-26.990997" lon="-48.64342"><ele>8.3</ele></trkpt><trkpt lat="-26.99098" lon="-48.643405"><ele>7.1</ele></trkpt><trkpt lat="-26.990963" lon="-48.643395"><ele>6.5</ele></trkpt><trkpt lat="-26.990943" lon="-48.643378"><ele>6.1</ele></trkpt><trkpt lat="-26.990923" lon="-48.64336"><ele>5.3</ele></trkpt><trkpt lat="-26.990903" lon="-48.643337"><ele>7.1</ele></trkpt><trkpt lat="-26.99088" lon="-48.643328"><ele>5.7</ele></trkpt><trkpt lat="-26.990867" lon="-48.64332"><ele>5</ele></trkpt><trkpt lat="-26.99086" lon="-48.643313"><ele>4.9</ele></trkpt><trkpt lat="-26.990858" lon="-48.643308"><ele>5</ele></trkpt><trkpt lat="-26.990858" lon="-48.643308"><ele>4.9</ele></trkpt><trkpt lat="-26.990858" lon="-48.643308"><ele>4.9</ele></trkpt><trkpt lat="-26.990858" lon="-48.64331"><ele>4.7</ele></trkpt><trkpt lat="-26.990863" lon="-48.643317"><ele>1.6</ele></trkpt><trkpt lat="-26.990865" lon="-48.643315"><ele>1.7</ele></trkpt><trkpt lat="-26.990865" lon="-48.643302"><ele>3</ele></trkpt><trkpt lat="-26.990867" lon="-48.643297"><ele>3</ele></trkpt><trkpt lat="-26.990868" lon="-48.643295"><ele>3</ele></trkpt><trkpt lat="-26.990872" lon="-48.643288"><ele>3.5</ele></trkpt><trkpt lat="-26.99087" lon="-48.64329"><ele>4.2</ele></trkpt><trkpt lat="-26.99087" lon="-48.64329"><ele>4.2</ele></trkpt><trkpt lat="-26.99087" lon="-48.643288"><ele>4.1</ele></trkpt><trkpt lat="-26.990872" lon="-48.643287"><ele>4.2</ele></trkpt><trkpt lat="-26.990863" lon="-48.643283"><ele>4.1</ele></trkpt><trkpt lat="-26.990847" lon="-48.643273"><ele>3.1</ele></trkpt><trkpt lat="-26.990825" lon="-48.643265"><ele>2.7</ele></trkpt><trkpt lat="-26.990805" lon="-48.643257"><ele>2.3</ele></trkpt><trkpt lat="-26.990782" lon="-48.643248"><ele>1.6</ele></trkpt><trkpt lat="-26.990752" lon="-48.64324"><ele>0.9</ele></trkpt><trkpt lat="-26.990723" lon="-48.643222"><ele>-1.4</ele></trkpt><trkpt lat="-26.990698" lon="-48.64321"><ele>-2</ele></trkpt><trkpt lat="-26.990682" lon="-48.6432"><ele>-2.5</ele></trkpt><trkpt lat="-26.990677" lon="-48.643182"><ele>4.3</ele></trkpt><trkpt lat="-26.990672" lon="-48.643178"><ele>4.4</ele></trkpt><trkpt lat="-26.99067" lon="-48.643177"><ele>4.6</ele></trkpt><trkpt lat="-26.99067" lon="-48.643177"><ele>4.6</ele></trkpt><trkpt lat="-26.990668" lon="-48.643177"><ele>5</ele></trkpt><trkpt lat="-26.990668" lon="-48.643177"><ele>5</ele></trkpt><trkpt lat="-26.990668" lon="-48.643177"><ele>5</ele></trkpt><trkpt lat="-26.990665" lon="-48.643178"><ele>5.4</ele></trkpt><trkpt lat="-26.990662" lon="-48.643178"><ele>5.8</ele></trkpt><trkpt lat="-26.99066" lon="-48.64318"><ele>6.3</ele></trkpt><trkpt lat="-26.990657" lon="-48.64318"><ele>6.6</ele></trkpt><trkpt lat="-26.990653" lon="-48.643182"><ele>7</ele></trkpt><trkpt lat="-26.990652" lon="-48.643182"><ele>7.2</ele></trkpt><trkpt lat="-26.990653" lon="-48.64318"><ele>7.3</ele></trkpt><trkpt lat="-26.990653" lon="-48.64318"><ele>7.3</ele></trkpt><trkpt lat="-26.990653" lon="-48.64318"><ele>7.3</ele></trkpt><trkpt lat="-26.990653" lon="-48.64318"><ele>7.3</ele></trkpt><trkpt lat="-26.990653" lon="-48.64318"><ele>7.3</ele></trkpt><trkpt lat="-26.990653" lon="-48.64318"><ele>7.3</ele></trkpt><trkpt lat="-26.990653" lon="-48.64318"><ele>7.3</ele></trkpt><trkpt lat="-26.99065" lon="-48.643168"><ele>7.2</ele></trkpt><trkpt lat="-26.99064" lon="-48.643167"><ele>7</ele></trkpt><trkpt lat="-26.990627" lon="-48.64317"><ele>5.9</ele></trkpt><trkpt lat="-26.990613" lon="-48.643168"><ele>5.7</ele></trkpt><trkpt lat="-26.990592" lon="-48.643142"><ele>5.8</ele></trkpt><trkpt lat="-26.990568" lon="-48.643123"><ele>5.8</ele></trkpt><trkpt lat="-26.990547" lon="-48.643103"><ele>5.8</ele></trkpt><trkpt lat="-26.990523" lon="-48.64308"><ele>6</ele></trkpt><trkpt lat="-26.9905" lon="-48.643052"><ele>6</ele></trkpt><trkpt lat="-26.990483" lon="-48.643028"><ele>6</ele></trkpt><trkpt lat="-26.990477" lon="-48.643012"><ele>5</ele></trkpt><trkpt lat="-26.990477" lon="-48.643007"><ele>4.3</ele></trkpt><trkpt lat="-26.990478" lon="-48.643005"><ele>3.8</ele></trkpt><trkpt lat="-26.990482" lon="-48.643017"><ele>3.6</ele></trkpt><trkpt lat="-26.990482" lon="-48.643017"><ele>3.6</ele></trkpt><trkpt lat="-26.990483" lon="-48.643013"><ele>3.2</ele></trkpt><trkpt lat="-26.990483" lon="-48.643008"><ele>3</ele></trkpt><trkpt lat="-26.990483" lon="-48.643008"><ele>3</ele></trkpt><trkpt lat="-26.990478" lon="-48.643005"><ele>2.9</ele></trkpt><trkpt lat="-26.990475" lon="-48.643003"><ele>2.5</ele></trkpt><trkpt lat="-26.990472" lon="-48.642997"><ele>2.2</ele></trkpt><trkpt lat="-26.990472" lon="-48.642997"><ele>2.2</ele></trkpt><trkpt lat="-26.990467" lon="-48.64299"><ele>2</ele></trkpt><trkpt lat="-26.990462" lon="-48.642983"><ele>1.5</ele></trkpt><trkpt lat="-26.990455" lon="-48.642978"><ele>1.2</ele></trkpt><trkpt lat="-26.99045" lon="-48.642975"><ele>1.1</ele></trkpt><trkpt lat="-26.99045" lon="-48.642963"><ele>0.9</ele></trkpt><trkpt lat="-26.99045" lon="-48.642955"><ele>0.8</ele></trkpt><trkpt lat="-26.990452" lon="-48.64295"><ele>0.6</ele></trkpt><trkpt lat="-26.990452" lon="-48.642947"><ele>0.2</ele></trkpt><trkpt lat="-26.990452" lon="-48.642947"><ele>0.2</ele></trkpt><trkpt lat="-26.990452" lon="-48.642955"><ele>-0.1</ele></trkpt><trkpt lat="-26.990455" lon="-48.642958"><ele>-0.5</ele></trkpt><trkpt lat="-26.990452" lon="-48.64297"><ele>-0.8</ele></trkpt><trkpt lat="-26.990445" lon="-48.642977"><ele>-1.2</ele></trkpt><trkpt lat="-26.990425" lon="-48.64296"><ele>-0.8</ele></trkpt><trkpt lat="-26.990405" lon="-48.642948"><ele>-0.6</ele></trkpt><trkpt lat="-26.99038" lon="-48.642932"><ele>-0.3</ele></trkpt><trkpt lat="-26.990357" lon="-48.642908"><ele>-0.5</ele></trkpt><trkpt lat="-26.990345" lon="-48.642905"><ele>0.5</ele></trkpt><trkpt lat="-26.990342" lon="-48.642908"><ele>0.7</ele></trkpt><trkpt lat="-26.99034" lon="-48.642912"><ele>1.1</ele></trkpt><trkpt lat="-26.99034" lon="-48.642912"><ele>1.1</ele></trkpt><trkpt lat="-26.990337" lon="-48.642918"><ele>2.2</ele></trkpt><trkpt lat="-26.990337" lon="-48.642922"><ele>3.3</ele></trkpt><trkpt lat="-26.990335" lon="-48.642922"><ele>3.5</ele></trkpt><trkpt lat="-26.99033" lon="-48.642908"><ele>9.1</ele></trkpt><trkpt lat="-26.99033" lon="-48.642908"><ele>9.2</ele></trkpt><trkpt lat="-26.990332" lon="-48.642903"><ele>9.2</ele></trkpt><trkpt lat="-26.990332" lon="-48.642903"><ele>9.2</ele></trkpt><trkpt lat="-26.990332" lon="-48.642903"><ele>8.2</ele></trkpt><trkpt lat="-26.990335" lon="-48.642897"><ele>8.2</ele></trkpt><trkpt lat="-26.990327" lon="-48.642892"><ele>8.1</ele></trkpt><trkpt lat="-26.99031" lon="-48.642888"><ele>8</ele></trkpt><trkpt lat="-26.990297" lon="-48.642885"><ele>7.8</ele></trkpt><trkpt lat="-26.990283" lon="-48.64288"><ele>7.4</ele></trkpt><trkpt lat="-26.990275" lon="-48.642877"><ele>6.4</ele></trkpt><trkpt lat="-26.990272" lon="-48.64287"><ele>5.6</ele></trkpt><trkpt lat="-26.99027" lon="-48.642872"><ele>4.8</ele></trkpt><trkpt lat="-26.990275" lon="-48.642873"><ele>4.6</ele></trkpt><trkpt lat="-26.990275" lon="-48.642877"><ele>4.2</ele></trkpt><trkpt lat="-26.990275" lon="-48.642878"><ele>4.4</ele></trkpt><trkpt lat="-26.990275" lon="-48.642877"><ele>4.3</ele></trkpt><trkpt lat="-26.990275" lon="-48.642877"><ele>4.3</ele></trkpt><trkpt lat="-26.990277" lon="-48.642872"><ele>3.8</ele></trkpt><trkpt lat="-26.990277" lon="-48.642865"><ele>3.6</ele></trkpt><trkpt lat="-26.990262" lon="-48.64286"><ele>7.4</ele></trkpt><trkpt lat="-26.990245" lon="-48.642852"><ele>7.8</ele></trkpt><trkpt lat="-26.990232" lon="-48.642835"><ele>9.5</ele></trkpt><trkpt lat="-26.990223" lon="-48.642828"><ele>9.3</ele></trkpt><trkpt lat="-26.990215" lon="-48.642823"><ele>8.7</ele></trkpt><trkpt lat="-26.990205" lon="-48.642818"><ele>8.6</ele></trkpt><trkpt lat="-26.990198" lon="-48.642818"><ele>8</ele></trkpt><trkpt lat="-26.990195" lon="-48.642822"><ele>7.6</ele></trkpt><trkpt lat="-26.990195" lon="-48.642817"><ele>8.4</ele></trkpt><trkpt lat="-26.990192" lon="-48.642818"><ele>8.3</ele></trkpt><trkpt lat="-26.99019" lon="-48.642818"><ele>8.6</ele></trkpt><trkpt lat="-26.990188" lon="-48.642822"><ele>8.6</ele></trkpt><trkpt lat="-26.990187" lon="-48.642823"><ele>8.7</ele></trkpt><trkpt lat="-26.990185" lon="-48.642825"><ele>8.7</ele></trkpt><trkpt lat="-26.990185" lon="-48.642825"><ele>8.7</ele></trkpt><trkpt lat="-26.990185" lon="-48.642832"><ele>8.7</ele></trkpt><trkpt lat="-26.990185" lon="-48.642837"><ele>8.7</ele></trkpt><trkpt lat="-26.990182" lon="-48.642843"><ele>8.8</ele></trkpt><trkpt lat="-26.990182" lon="-48.642843"><ele>8.8</ele></trkpt><trkpt lat="-26.990182" lon="-48.642843"><ele>8.8</ele></trkpt><trkpt lat="-26.990182" lon="-48.642843"><ele>8.8</ele></trkpt><trkpt lat="-26.990182" lon="-48.642843"><ele>8.8</ele></trkpt><trkpt lat="-26.99017" lon="-48.642838"><ele>11.8</ele></trkpt><trkpt lat="-26.990168" lon="-48.642835"><ele>11.6</ele></trkpt><trkpt lat="-26.990163" lon="-48.642832"><ele>11.6</ele></trkpt><trkpt lat="-26.990163" lon="-48.64283"><ele>11.5</ele></trkpt><trkpt lat="-26.99016" lon="-48.642828"><ele>11.4</ele></trkpt><trkpt lat="-26.99016" lon="-48.642828"><ele>11.4</ele></trkpt><trkpt lat="-26.99016" lon="-48.642828"><ele>11.4</ele></trkpt><trkpt lat="-26.99016" lon="-48.642828"><ele>11.4</ele></trkpt><trkpt lat="-26.99016" lon="-48.642828"><ele>11.4</ele></trkpt><trkpt lat="-26.99016" lon="-48.642828"><ele>11.4</ele></trkpt><trkpt lat="-26.99016" lon="-48.642828"><ele>11.4</ele></trkpt><trkpt lat="-26.99016" lon="-48.642828"><ele>11.4</ele></trkpt><trkpt lat="-26.99016" lon="-48.642828"><ele>11.4</ele></trkpt><trkpt lat="-26.99016" lon="-48.642828"><ele>11.4</ele></trkpt><trkpt lat="-26.99016" lon="-48.642828"><ele>11.4</ele></trkpt><trkpt lat="-26.99016" lon="-48.642828"><ele>11.4</ele></trkpt><trkpt lat="-26.99016" lon="-48.642828"><ele>11.4</ele></trkpt><trkpt lat="-26.99016" lon="-48.642828"><ele>11.4</ele></trkpt><trkpt lat="-26.99016" lon="-48.642828"><ele>11.4</ele></trkpt><trkpt lat="-26.99016" lon="-48.642828"><ele>11.4</ele></trkpt><trkpt lat="-26.99016" lon="-48.642828"><ele>11.4</ele></trkpt><trkpt lat="-26.99016" lon="-48.642828"><ele>11.4</ele></trkpt><trkpt lat="-26.99016" lon="-48.642828"><ele>11.4</ele></trkpt><trkpt lat="-26.99016" lon="-48.642828"><ele>11.4</ele></trkpt><trkpt lat="-26.990142" lon="-48.642822"><ele>10.8</ele></trkpt><trkpt lat="-26.990138" lon="-48.642822"><ele>11.1</ele></trkpt><trkpt lat="-26.990135" lon="-48.642822"><ele>11.3</ele></trkpt><trkpt lat="-26.990137" lon="-48.642818"><ele>11.5</ele></trkpt><trkpt lat="-26.990137" lon="-48.642817"><ele>11.8</ele></trkpt><trkpt lat="-26.990137" lon="-48.642817"><ele>11.8</ele></trkpt><trkpt lat="-26.990137" lon="-48.642817"><ele>11.8</ele></trkpt><trkpt lat="-26.990137" lon="-48.642817"><ele>11.8</ele></trkpt><trkpt lat="-26.990137" lon="-48.642817"><ele>11.8</ele></trkpt><trkpt lat="-26.990137" lon="-48.642817"><ele>11.8</ele></trkpt><trkpt lat="-26.990137" lon="-48.642817"><ele>11.8</ele></trkpt><trkpt lat="-26.990137" lon="-48.642817"><ele>11.8</ele></trkpt><trkpt lat="-26.990137" lon="-48.642817"><ele>11.8</ele></trkpt><trkpt lat="-26.990137" lon="-48.642817"><ele>11.8</ele></trkpt><trkpt lat="-26.990137" lon="-48.642817"><ele>11.8</ele></trkpt><trkpt lat="-26.990137" lon="-48.642817"><ele>11.8</ele></trkpt><trkpt lat="-26.990137" lon="-48.642817"><ele>11.8</ele></trkpt><trkpt lat="-26.990137" lon="-48.642817"><ele>11.8</ele></trkpt><trkpt lat="-26.990137" lon="-48.642817"><ele>11.8</ele></trkpt><trkpt lat="-26.990137" lon="-48.642817"><ele>11.8</ele></trkpt><trkpt lat="-26.990137" lon="-48.642817"><ele>11.8</ele></trkpt><trkpt lat="-26.990137" lon="-48.642817"><ele>11.8</ele></trkpt><trkpt lat="-26.990137" lon="-48.642817"><ele>11.8</ele></trkpt><trkpt lat="-26.990137" lon="-48.642817"><ele>11.8</ele></trkpt><trkpt lat="-26.990137" lon="-48.642817"><ele>11.8</ele></trkpt><trkpt lat="-26.990137" lon="-48.642817"><ele>11.8</ele></trkpt><trkpt lat="-26.990137" lon="-48.642817"><ele>11.8</ele></trkpt><trkpt lat="-26.990137" lon="-48.642817"><ele>11.8</ele></trkpt><trkpt lat="-26.990137" lon="-48.642817"><ele>11.8</ele></trkpt><trkpt lat="-26.990137" lon="-48.642817"><ele>11.8</ele></trkpt><trkpt lat="-26.990137" lon="-48.642817"><ele>11.8</ele></trkpt><trkpt lat="-26.990137" lon="-48.642817"><ele>11.8</ele></trkpt><trkpt lat="-26.990137" lon="-48.642817"><ele>11.8</ele></trkpt><trkpt lat="-26.990137" lon="-48.642817"><ele>11.8</ele></trkpt><trkpt lat="-26.990137" lon="-48.642817"><ele>11.8</ele></trkpt><trkpt lat="-26.990137" lon="-48.642817"><ele>11.8</ele></trkpt><trkpt lat="-26.990137" lon="-48.642817"><ele>11.8</ele></trkpt><trkpt lat="-26.990137" lon="-48.642817"><ele>11.8</ele></trkpt><trkpt lat="-26.990137" lon="-48.642817"><ele>11.8</ele></trkpt><trkpt lat="-26.990137" lon="-48.642817"><ele>11.8</ele></trkpt><trkpt lat="-26.990137" lon="-48.642817"><ele>11.8</ele></trkpt><trkpt lat="-26.990137" lon="-48.642817"><ele>11.8</ele></trkpt><trkpt lat="-26.990137" lon="-48.642817"><ele>11.8</ele></trkpt><trkpt lat="-26.990137" lon="-48.642817"><ele>11.8</ele></trkpt><trkpt lat="-26.990137" lon="-48.642817"><ele>11.8</ele></trkpt><trkpt lat="-26.990137" lon="-48.642817"><ele>11.8</ele></trkpt><trkpt lat="-26.990137" lon="-48.642817"><ele>11.8</ele></trkpt><trkpt lat="-26.990137" lon="-48.642817"><ele>11.8</ele></trkpt><trkpt lat="-26.990137" lon="-48.642817"><ele>11.8</ele></trkpt><trkpt lat="-26.990137" lon="-48.642817"><ele>11.8</ele></trkpt><trkpt lat="-26.990137" lon="-48.642817"><ele>11.8</ele></trkpt><trkpt lat="-26.990137" lon="-48.642817"><ele>11.8</ele></trkpt><trkpt lat="-26.990137" lon="-48.642817"><ele>11.8</ele></trkpt><trkpt lat="-26.990137" lon="-48.642817"><ele>11.8</ele></trkpt><trkpt lat="-26.990137" lon="-48.642817"><ele>11.8</ele></trkpt><trkpt lat="-26.990138" lon="-48.642805"><ele>9.7</ele></trkpt><trkpt lat="-26.990123" lon="-48.64279"><ele>9.7</ele></trkpt><trkpt lat="-26.990098" lon="-48.642768"><ele>9.4</ele></trkpt><trkpt lat="-26.990068" lon="-48.642748"><ele>8.3</ele></trkpt><trkpt lat="-26.99004" lon="-48.642733"><ele>7.7</ele></trkpt><trkpt lat="-26.990017" lon="-48.642718"><ele>8.2</ele></trkpt><trkpt lat="-26.990002" lon="-48.642707"><ele>8.4</ele></trkpt><trkpt lat="-26.990002" lon="-48.642707"><ele>8.4</ele></trkpt><trkpt lat="-26.989992" lon="-48.6427"><ele>8.9</ele></trkpt><trkpt lat="-26.989992" lon="-48.642695"><ele>8.9</ele></trkpt><trkpt lat="-26.989995" lon="-48.642688"><ele>9.2</ele></trkpt><trkpt lat="-26.989993" lon="-48.642683"><ele>9.6</ele></trkpt><trkpt lat="-26.989993" lon="-48.64268"><ele>9.9</ele></trkpt><trkpt lat="-26.989993" lon="-48.642678"><ele>9.6</ele></trkpt><trkpt lat="-26.98999" lon="-48.642678"><ele>9</ele></trkpt><trkpt lat="-26.98999" lon="-48.642677"><ele>9</ele></trkpt><trkpt lat="-26.98999" lon="-48.642677"><ele>8.9</ele></trkpt><trkpt lat="-26.989988" lon="-48.642677"><ele>9</ele></trkpt><trkpt lat="-26.989988" lon="-48.642677"><ele>9</ele></trkpt><trkpt lat="-26.989983" lon="-48.642678"><ele>8.8</ele></trkpt><trkpt lat="-26.989978" lon="-48.642677"><ele>8.5</ele></trkpt><trkpt lat="-26.98997" lon="-48.642673"><ele>8.3</ele></trkpt><trkpt lat="-26.989957" lon="-48.642665"><ele>7.6</ele></trkpt><trkpt lat="-26.989943" lon="-48.64266"><ele>7.5</ele></trkpt><trkpt lat="-26.989938" lon="-48.642652"><ele>7</ele></trkpt><trkpt lat="-26.989932" lon="-48.642643"><ele>6.3</ele></trkpt><trkpt lat="-26.989928" lon="-48.64264"><ele>5.5</ele></trkpt><trkpt lat="-26.989927" lon="-48.642645"><ele>4.9</ele></trkpt><trkpt lat="-26.989927" lon="-48.642648"><ele>5.1</ele></trkpt><trkpt lat="-26.989927" lon="-48.642648"><ele>5.1</ele></trkpt><trkpt lat="-26.989925" lon="-48.64265"><ele>5.4</ele></trkpt><trkpt lat="-26.989922" lon="-48.642653"><ele>5.7</ele></trkpt><trkpt lat="-26.989922" lon="-48.642653"><ele>5.7</ele></trkpt><trkpt lat="-26.98992" lon="-48.642655"><ele>5.8</ele></trkpt><trkpt lat="-26.989917" lon="-48.642657"><ele>5.8</ele></trkpt><trkpt lat="-26.989915" lon="-48.642658"><ele>5.9</ele></trkpt><trkpt lat="-26.989913" lon="-48.642658"><ele>6</ele></trkpt><trkpt lat="-26.989913" lon="-48.64266"><ele>6</ele></trkpt><trkpt lat="-26.989913" lon="-48.64266"><ele>6</ele></trkpt><trkpt lat="-26.989913" lon="-48.64266"><ele>6</ele></trkpt><trkpt lat="-26.989913" lon="-48.64266"><ele>6</ele></trkpt><trkpt lat="-26.989913" lon="-48.64266"><ele>6</ele></trkpt><trkpt lat="-26.989913" lon="-48.64266"><ele>6</ele></trkpt><trkpt lat="-26.989905" lon="-48.64265"><ele>6</ele></trkpt><trkpt lat="-26.989887" lon="-48.642625"><ele>7.3</ele></trkpt><trkpt lat="-26.989865" lon="-48.642605"><ele>7.9</ele></trkpt><trkpt lat="-26.989838" lon="-48.642587"><ele>7.9</ele></trkpt><trkpt lat="-26.989817" lon="-48.642567"><ele>7.8</ele></trkpt><trkpt lat="-26.989792" lon="-48.642543"><ele>7.7</ele></trkpt><trkpt lat="-26.989765" lon="-48.642528"><ele>7.6</ele></trkpt><trkpt lat="-26.989745" lon="-48.642518"><ele>7.6</ele></trkpt><trkpt lat="-26.989735" lon="-48.64251"><ele>7.8</ele></trkpt><trkpt lat="-26.989733" lon="-48.642507"><ele>11.6</ele></trkpt><trkpt lat="-26.989733" lon="-48.642507"><ele>11.6</ele></trkpt><trkpt lat="-26.989733" lon="-48.642512"><ele>11.7</ele></trkpt><trkpt lat="-26.989735" lon="-48.642513"><ele>11.1</ele></trkpt><trkpt lat="-26.989735" lon="-48.642517"><ele>10.8</ele></trkpt><trkpt lat="-26.989735" lon="-48.642518"><ele>10.7</ele></trkpt><trkpt lat="-26.989735" lon="-48.642518"><ele>10.6</ele></trkpt><trkpt lat="-26.989737" lon="-48.642518"><ele>10.5</ele></trkpt><trkpt lat="-26.989737" lon="-48.642518"><ele>10.4</ele></trkpt><trkpt lat="-26.989737" lon="-48.642518"><ele>10.4</ele></trkpt><trkpt lat="-26.989735" lon="-48.642513"><ele>9.9</ele></trkpt><trkpt lat="-26.989733" lon="-48.64251"><ele>9.7</ele></trkpt><trkpt lat="-26.989735" lon="-48.642507"><ele>9.3</ele></trkpt><trkpt lat="-26.989735" lon="-48.642507"><ele>9.3</ele></trkpt><trkpt lat="-26.989735" lon="-48.642507"><ele>9.3</ele></trkpt><trkpt lat="-26.989735" lon="-48.642507"><ele>9.3</ele></trkpt><trkpt lat="-26.989735" lon="-48.642507"><ele>9.3</ele></trkpt><trkpt lat="-26.989735" lon="-48.642507"><ele>9.3</ele></trkpt><trkpt lat="-26.989735" lon="-48.642507"><ele>9.3</ele></trkpt><trkpt lat="-26.989735" lon="-48.642507"><ele>9.3</ele></trkpt><trkpt lat="-26.989735" lon="-48.642507"><ele>9.3</ele></trkpt><trkpt lat="-26.989747" lon="-48.642513"><ele>7.4</ele></trkpt><trkpt lat="-26.989745" lon="-48.642517"><ele>7.4</ele></trkpt><trkpt lat="-26.989737" lon="-48.642523"><ele>7.4</ele></trkpt><trkpt lat="-26.989732" lon="-48.642533"><ele>7.2</ele></trkpt><trkpt lat="-26.98973" lon="-48.64254"><ele>7.3</ele></trkpt><trkpt lat="-26.989728" lon="-48.642543"><ele>7.2</ele></trkpt><trkpt lat="-26.989727" lon="-48.642543"><ele>7.1</ele></trkpt><trkpt lat="-26.989727" lon="-48.642543"><ele>6.9</ele></trkpt><trkpt lat="-26.989727" lon="-48.642543"><ele>6.8</ele></trkpt><trkpt lat="-26.989728" lon="-48.642545"><ele>6.8</ele></trkpt><trkpt lat="-26.98973" lon="-48.642545"><ele>6.6</ele></trkpt><trkpt lat="-26.98973" lon="-48.642548"><ele>6.5</ele></trkpt><trkpt lat="-26.98973" lon="-48.64255"><ele>6.4</ele></trkpt><trkpt lat="-26.989727" lon="-48.642548"><ele>6.4</ele></trkpt><trkpt lat="-26.989722" lon="-48.64255"><ele>6.5</ele></trkpt><trkpt lat="-26.989713" lon="-48.642553"><ele>6.4</ele></trkpt><trkpt lat="-26.989703" lon="-48.642558"><ele>6.3</ele></trkpt><trkpt lat="-26.989698" lon="-48.642563"><ele>6.1</ele></trkpt><trkpt lat="-26.989698" lon="-48.642562"><ele>5.8</ele></trkpt><trkpt lat="-26.9897" lon="-48.642563"><ele>5.5</ele></trkpt><trkpt lat="-26.9897" lon="-48.642565"><ele>5.4</ele></trkpt><trkpt lat="-26.989702" lon="-48.642568"><ele>5.2</ele></trkpt><trkpt lat="-26.989703" lon="-48.642565"><ele>4.9</ele></trkpt><trkpt lat="-26.989707" lon="-48.64256"><ele>5.3</ele></trkpt><trkpt lat="-26.98971" lon="-48.642553"><ele>5.3</ele></trkpt><trkpt lat="-26.989717" lon="-48.64254"><ele>5.2</ele></trkpt><trkpt lat="-26.989722" lon="-48.642525"><ele>4.7</ele></trkpt><trkpt lat="-26.98972" lon="-48.642518"><ele>4.6</ele></trkpt><trkpt lat="-26.989713" lon="-48.64252"><ele>4.5</ele></trkpt><trkpt lat="-26.989712" lon="-48.64252"><ele>4.5</ele></trkpt><trkpt lat="-26.989712" lon="-48.642518"><ele>4.6</ele></trkpt><trkpt lat="-26.989707" lon="-48.642522"><ele>4.7</ele></trkpt><trkpt lat="-26.989705" lon="-48.642523"><ele>4.3</ele></trkpt><trkpt lat="-26.989705" lon="-48.642523"><ele>4.3</ele></trkpt><trkpt lat="-26.989702" lon="-48.64253"><ele>4.2</ele></trkpt><trkpt lat="-26.9897" lon="-48.642532"><ele>4.2</ele></trkpt><trkpt lat="-26.989697" lon="-48.642533"><ele>4.4</ele></trkpt><trkpt lat="-26.989697" lon="-48.642533"><ele>4.5</ele></trkpt><trkpt lat="-26.989697" lon="-48.642533"><ele>4.5</ele></trkpt><trkpt lat="-26.989697" lon="-48.642533"><ele>4.5</ele></trkpt><trkpt lat="-26.989697" lon="-48.642533"><ele>4.5</ele></trkpt><trkpt lat="-26.989697" lon="-48.642533"><ele>4.5</ele></trkpt><trkpt lat="-26.989697" lon="-48.642533"><ele>4.5</ele></trkpt><trkpt lat="-26.989697" lon="-48.642533"><ele>4.5</ele></trkpt><trkpt lat="-26.989697" lon="-48.642533"><ele>4.5</ele></trkpt><trkpt lat="-26.989697" lon="-48.642533"><ele>4.5</ele></trkpt><trkpt lat="-26.989697" lon="-48.642533"><ele>4.5</ele></trkpt><trkpt lat="-26.989697" lon="-48.642533"><ele>4.5</ele></trkpt><trkpt lat="-26.989697" lon="-48.642533"><ele>4.5</ele></trkpt><trkpt lat="-26.989697" lon="-48.642533"><ele>4.5</ele></trkpt><trkpt lat="-26.989697" lon="-48.642533"><ele>4.5</ele></trkpt><trkpt lat="-26.989697" lon="-48.642533"><ele>4.5</ele></trkpt><trkpt lat="-26.989697" lon="-48.642533"><ele>4.5</ele></trkpt><trkpt lat="-26.989697" lon="-48.642533"><ele>4.5</ele></trkpt><trkpt lat="-26.989697" lon="-48.642533"><ele>4.5</ele></trkpt><trkpt lat="-26.989697" lon="-48.642533"><ele>4.5</ele></trkpt><trkpt lat="-26.989697" lon="-48.642533"><ele>4.5</ele></trkpt><trkpt lat="-26.989697" lon="-48.642533"><ele>4.5</ele></trkpt><trkpt lat="-26.989697" lon="-48.642533"><ele>4.5</ele></trkpt><trkpt lat="-26.989697" lon="-48.642533"><ele>4.5</ele></trkpt><trkpt lat="-26.989697" lon="-48.642533"><ele>4.5</ele></trkpt><trkpt lat="-26.989697" lon="-48.642533"><ele>4.5</ele></trkpt><trkpt lat="-26.989697" lon="-48.642533"><ele>4.5</ele></trkpt><trkpt lat="-26.989697" lon="-48.642533"><ele>4.5</ele></trkpt><trkpt lat="-26.989697" lon="-48.642533"><ele>4.5</ele></trkpt><trkpt lat="-26.989697" lon="-48.642533"><ele>4.5</ele></trkpt><trkpt lat="-26.989697" lon="-48.642533"><ele>4.5</ele></trkpt><trkpt lat="-26.989697" lon="-48.642533"><ele>4.5</ele></trkpt><trkpt lat="-26.989697" lon="-48.642533"><ele>4.5</ele></trkpt><trkpt lat="-26.989697" lon="-48.642533"><ele>4.5</ele></trkpt><trkpt lat="-26.989697" lon="-48.642533"><ele>4.5</ele></trkpt><trkpt lat="-26.989697" lon="-48.642533"><ele>4.5</ele></trkpt><trkpt lat="-26.989697" lon="-48.642533"><ele>4.5</ele></trkpt><trkpt lat="-26.989697" lon="-48.642533"><ele>4.5</ele></trkpt><trkpt lat="-26.989697" lon="-48.642533"><ele>4.5</ele></trkpt><trkpt lat="-26.989697" lon="-48.642533"><ele>4.5</ele></trkpt><trkpt lat="-26.989697" lon="-48.642533"><ele>4.5</ele></trkpt><trkpt lat="-26.989697" lon="-48.642533"><ele>4.5</ele></trkpt><trkpt lat="-26.989752" lon="-48.642513"><ele>4.5</ele></trkpt><trkpt lat="-26.98974" lon="-48.642507"><ele>4.5</ele></trkpt><trkpt lat="-26.989723" lon="-48.6425"><ele>4.7</ele></trkpt><trkpt lat="-26.989707" lon="-48.642488"><ele>4.9</ele></trkpt><trkpt lat="-26.989683" lon="-48.64247"><ele>4.8</ele></trkpt><trkpt lat="-26.989655" lon="-48.642453"><ele>4.9</ele></trkpt><trkpt lat="-26.989623" lon="-48.642437"><ele>5.1</ele></trkpt><trkpt lat="-26.989592" lon="-48.642417"><ele>5.4</ele></trkpt><trkpt lat="-26.989562" lon="-48.642395"><ele>5.9</ele></trkpt><trkpt lat="-26.98953" lon="-48.642372"><ele>6.2</ele></trkpt><trkpt lat="-26.989498" lon="-48.642345"><ele>6.5</ele></trkpt><trkpt lat="-26.989472" lon="-48.642325"><ele>6.8</ele></trkpt><trkpt lat="-26.989453" lon="-48.642307"><ele>8.1</ele></trkpt><trkpt lat="-26.989442" lon="-48.642297"><ele>8.1</ele></trkpt><trkpt lat="-26.989442" lon="-48.642297"><ele>8.1</ele></trkpt><trkpt lat="-26.989437" lon="-48.64229"><ele>8.4</ele></trkpt><trkpt lat="-26.989433" lon="-48.642293"><ele>8.6</ele></trkpt><trkpt lat="-26.989432" lon="-48.642297"><ele>8.6</ele></trkpt><trkpt lat="-26.989433" lon="-48.642298"><ele>8.5</ele></trkpt><trkpt lat="-26.989435" lon="-48.642297"><ele>8.6</ele></trkpt><trkpt lat="-26.989435" lon="-48.642297"><ele>8.6</ele></trkpt><trkpt lat="-26.989435" lon="-48.642297"><ele>8.4</ele></trkpt><trkpt lat="-26.989438" lon="-48.64228"><ele>8.3</ele></trkpt><trkpt lat="-26.98943" lon="-48.642267"><ele>8</ele></trkpt><trkpt lat="-26.989417" lon="-48.642253"><ele>7.8</ele></trkpt><trkpt lat="-26.9894" lon="-48.642237"><ele>7.4</ele></trkpt><trkpt lat="-26.989382" lon="-48.642218"><ele>6.9</ele></trkpt><trkpt lat="-26.989367" lon="-48.64219"><ele>6.4</ele></trkpt><trkpt lat="-26.989358" lon="-48.642157"><ele>6.7</ele></trkpt><trkpt lat="-26.989342" lon="-48.642147"><ele>5.7</ele></trkpt><trkpt lat="-26.98933" lon="-48.64213"><ele>5.3</ele></trkpt><trkpt lat="-26.989313" lon="-48.642108"><ele>4.4</ele></trkpt><trkpt lat="-26.989303" lon="-48.642082"><ele>3.2</ele></trkpt><trkpt lat="-26.989293" lon="-48.642062"><ele>2.3</ele></trkpt><trkpt lat="-26.989285" lon="-48.642045"><ele>2.3</ele></trkpt><trkpt lat="-26.98927" lon="-48.64204"><ele>1.8</ele></trkpt><trkpt lat="-26.989262" lon="-48.642033"><ele>1.3</ele></trkpt><trkpt lat="-26.989257" lon="-48.64203"><ele>1.4</ele></trkpt><trkpt lat="-26.989253" lon="-48.642032"><ele>1.6</ele></trkpt><trkpt lat="-26.98925" lon="-48.642035"><ele>1.8</ele></trkpt><trkpt lat="-26.98925" lon="-48.642035"><ele>1.8</ele></trkpt><trkpt lat="-26.989248" lon="-48.642038"><ele>1.9</ele></trkpt><trkpt lat="-26.989248" lon="-48.642038"><ele>1.9</ele></trkpt><trkpt lat="-26.989245" lon="-48.642043"><ele>1.9</ele></trkpt><trkpt lat="-26.989243" lon="-48.64205"><ele>2</ele></trkpt><trkpt lat="-26.989242" lon="-48.64205"><ele>2.2</ele></trkpt><trkpt lat="-26.989237" lon="-48.642055"><ele>2.1</ele></trkpt><trkpt lat="-26.989233" lon="-48.64206"><ele>2.1</ele></trkpt><trkpt lat="-26.98923" lon="-48.642062"><ele>2.1</ele></trkpt><trkpt lat="-26.98923" lon="-48.642062"><ele>2.1</ele></trkpt><trkpt lat="-26.98923" lon="-48.642062"><ele>2.1</ele></trkpt><trkpt lat="-26.98923" lon="-48.642062"><ele>2.1</ele></trkpt><trkpt lat="-26.98923" lon="-48.642062"><ele>2.1</ele></trkpt><trkpt lat="-26.98923" lon="-48.642062"><ele>2.1</ele></trkpt><trkpt lat="-26.98923" lon="-48.642062"><ele>2.1</ele></trkpt><trkpt lat="-26.98923" lon="-48.642062"><ele>2.1</ele></trkpt><trkpt lat="-26.98923" lon="-48.642062"><ele>2.1</ele></trkpt><trkpt lat="-26.98923" lon="-48.642062"><ele>2.1</ele></trkpt><trkpt lat="-26.98923" lon="-48.642062"><ele>2.1</ele></trkpt><trkpt lat="-26.98923" lon="-48.642062"><ele>2.1</ele></trkpt><trkpt lat="-26.98923" lon="-48.642062"><ele>2.1</ele></trkpt><trkpt lat="-26.98923" lon="-48.642062"><ele>2.1</ele></trkpt><trkpt lat="-26.98923" lon="-48.642062"><ele>2.1</ele></trkpt><trkpt lat="-26.98923" lon="-48.642062"><ele>2.1</ele></trkpt><trkpt lat="-26.98923" lon="-48.642062"><ele>2.1</ele></trkpt><trkpt lat="-26.98923" lon="-48.642062"><ele>2.1</ele></trkpt><trkpt lat="-26.98923" lon="-48.642062"><ele>2.1</ele></trkpt><trkpt lat="-26.98923" lon="-48.642062"><ele>2.1</ele></trkpt><trkpt lat="-26.98923" lon="-48.642062"><ele>2.1</ele></trkpt><trkpt lat="-26.98923" lon="-48.642062"><ele>2.1</ele></trkpt><trkpt lat="-26.98923" lon="-48.642062"><ele>2.1</ele></trkpt><trkpt lat="-26.98923" lon="-48.642062"><ele>2.1</ele></trkpt><trkpt lat="-26.98923" lon="-48.642062"><ele>2.1</ele></trkpt><trkpt lat="-26.98923" lon="-48.642062"><ele>2.1</ele></trkpt><trkpt lat="-26.98923" lon="-48.642062"><ele>2.1</ele></trkpt><trkpt lat="-26.98923" lon="-48.642062"><ele>2.1</ele></trkpt><trkpt lat="-26.98923" lon="-48.642062"><ele>2.1</ele></trkpt><trkpt lat="-26.98923" lon="-48.642062"><ele>2.1</ele></trkpt><trkpt lat="-26.98923" lon="-48.642062"><ele>2.1</ele></trkpt><trkpt lat="-26.98923" lon="-48.642057"><ele>4.1</ele></trkpt><trkpt lat="-26.989228" lon="-48.642048"><ele>4</ele></trkpt><trkpt lat="-26.989218" lon="-48.642037"><ele>4</ele></trkpt><trkpt lat="-26.989212" lon="-48.64202"><ele>3.9</ele></trkpt><trkpt lat="-26.989203" lon="-48.642008"><ele>3.8</ele></trkpt><trkpt lat="-26.989198" lon="-48.641992"><ele>4.1</ele></trkpt><trkpt lat="-26.989195" lon="-48.64197"><ele>3.9</ele></trkpt><trkpt lat="-26.989187" lon="-48.641957"><ele>4.4</ele></trkpt><trkpt lat="-26.989187" lon="-48.641957"><ele>4.4</ele></trkpt><trkpt lat="-26.989178" lon="-48.641945"><ele>4.8</ele></trkpt><trkpt lat="-26.98917" lon="-48.641937"><ele>5</ele></trkpt><trkpt lat="-26.989162" lon="-48.641927"><ele>5.5</ele></trkpt><trkpt lat="-26.989152" lon="-48.64192"><ele>6.1</ele></trkpt><trkpt lat="-26.98914" lon="-48.641915"><ele>6.6</ele></trkpt><trkpt lat="-26.989128" lon="-48.641907"><ele>6.8</ele></trkpt><trkpt lat="-26.989118" lon="-48.641888"><ele>7.4</ele></trkpt><trkpt lat="-26.989118" lon="-48.641888"><ele>7.4</ele></trkpt><trkpt lat="-26.989112" lon="-48.641867"><ele>7.9</ele></trkpt><trkpt lat="-26.989103" lon="-48.641848"><ele>8.2</ele></trkpt><trkpt lat="-26.989093" lon="-48.641823"><ele>8.3</ele></trkpt><trkpt lat="-26.989085" lon="-48.641795"><ele>8.3</ele></trkpt><trkpt lat="-26.989073" lon="-48.641778"><ele>7.2</ele></trkpt><trkpt lat="-26.989065" lon="-48.64177"><ele>6.9</ele></trkpt><trkpt lat="-26.989065" lon="-48.64177"><ele>6.9</ele></trkpt><trkpt lat="-26.989062" lon="-48.641763"><ele>6.6</ele></trkpt><trkpt lat="-26.98906" lon="-48.641762"><ele>6.6</ele></trkpt><trkpt lat="-26.989063" lon="-48.641755"><ele>6.3</ele></trkpt><trkpt lat="-26.989067" lon="-48.641752"><ele>6</ele></trkpt><trkpt lat="-26.989068" lon="-48.641753"><ele>5.8</ele></trkpt><trkpt lat="-26.989068" lon="-48.641753"><ele>5.8</ele></trkpt><trkpt lat="-26.989068" lon="-48.641752"><ele>5.4</ele></trkpt><trkpt lat="-26.989067" lon="-48.641748"><ele>5.5</ele></trkpt><trkpt lat="-26.989057" lon="-48.64174"><ele>5.6</ele></trkpt><trkpt lat="-26.98905" lon="-48.641725"><ele>5.6</ele></trkpt><trkpt lat="-26.989042" lon="-48.641705"><ele>6</ele></trkpt><trkpt lat="-26.98903" lon="-48.64169"><ele>6</ele></trkpt><trkpt lat="-26.98902" lon="-48.641677"><ele>6.2</ele></trkpt><trkpt lat="-26.989015" lon="-48.641672"><ele>5.9</ele></trkpt><trkpt lat="-26.989015" lon="-48.641672"><ele>5.9</ele></trkpt><trkpt lat="-26.989013" lon="-48.641662"><ele>5.8</ele></trkpt><trkpt lat="-26.989012" lon="-48.64166"><ele>6.2</ele></trkpt><trkpt lat="-26.989007" lon="-48.641663"><ele>6.5</ele></trkpt><trkpt lat="-26.989005" lon="-48.641667"><ele>6.6</ele></trkpt><trkpt lat="-26.989007" lon="-48.641668"><ele>6.8</ele></trkpt><trkpt lat="-26.989005" lon="-48.64167"><ele>6.9</ele></trkpt><trkpt lat="-26.989008" lon="-48.641673"><ele>6.8</ele></trkpt><trkpt lat="-26.989008" lon="-48.641673"><ele>6.8</ele></trkpt><trkpt lat="-26.989002" lon="-48.641667"><ele>6.8</ele></trkpt><trkpt lat="-26.988992" lon="-48.64166"><ele>6.6</ele></trkpt><trkpt lat="-26.98898" lon="-48.641652"><ele>6.1</ele></trkpt><trkpt lat="-26.988968" lon="-48.641638"><ele>6</ele></trkpt><trkpt lat="-26.988955" lon="-48.641617"><ele>6.2</ele></trkpt><trkpt lat="-26.988937" lon="-48.641597"><ele>6.5</ele></trkpt><trkpt lat="-26.988923" lon="-48.641575"><ele>6.7</ele></trkpt><trkpt lat="-26.988908" lon="-48.641558"><ele>6.6</ele></trkpt><trkpt lat="-26.988902" lon="-48.64154"><ele>6.7</ele></trkpt><trkpt lat="-26.988895" lon="-48.641532"><ele>6.6</ele></trkpt><trkpt lat="-26.988892" lon="-48.64153"><ele>6.9</ele></trkpt><trkpt lat="-26.98889" lon="-48.64153"><ele>7.3</ele></trkpt><trkpt lat="-26.98889" lon="-48.641532"><ele>7.4</ele></trkpt><trkpt lat="-26.988892" lon="-48.641535"><ele>7.4</ele></trkpt><trkpt lat="-26.988893" lon="-48.641538"><ele>7.6</ele></trkpt><trkpt lat="-26.988895" lon="-48.641537"><ele>7.8</ele></trkpt><trkpt lat="-26.988895" lon="-48.641537"><ele>7.8</ele></trkpt><trkpt lat="-26.988897" lon="-48.641537"><ele>7.9</ele></trkpt><trkpt lat="-26.988897" lon="-48.641537"><ele>8</ele></trkpt><trkpt lat="-26.988897" lon="-48.641538"><ele>8.1</ele></trkpt><trkpt lat="-26.9889" lon="-48.64154"><ele>8.4</ele></trkpt><trkpt lat="-26.988903" lon="-48.641537"><ele>8.7</ele></trkpt><trkpt lat="-26.988903" lon="-48.641537"><ele>8.7</ele></trkpt><trkpt lat="-26.988903" lon="-48.641537"><ele>8.7</ele></trkpt><trkpt lat="-26.988903" lon="-48.641537"><ele>8.7</ele></trkpt><trkpt lat="-26.988903" lon="-48.641537"><ele>8.7</ele></trkpt><trkpt lat="-26.988888" lon="-48.641518"><ele>8.6</ele></trkpt><trkpt lat="-26.98888" lon="-48.641503"><ele>8</ele></trkpt><trkpt lat="-26.988868" lon="-48.641482"><ele>7.8</ele></trkpt><trkpt lat="-26.988858" lon="-48.641458"><ele>7.2</ele></trkpt><trkpt lat="-26.988847" lon="-48.641432"><ele>6.9</ele></trkpt><trkpt lat="-26.988833" lon="-48.64141"><ele>6.6</ele></trkpt><trkpt lat="-26.988817" lon="-48.641397"><ele>5.7</ele></trkpt><trkpt lat="-26.9888" lon="-48.641373"><ele>5.4</ele></trkpt><trkpt lat="-26.988782" lon="-48.641343"><ele>5.2</ele></trkpt><trkpt lat="-26.988768" lon="-48.641315"><ele>4.7</ele></trkpt><trkpt lat="-26.988758" lon="-48.641285"><ele>4.3</ele></trkpt><trkpt lat="-26.988758" lon="-48.641285"><ele>4.3</ele></trkpt><trkpt lat="-26.988747" lon="-48.641243"><ele>12</ele></trkpt><trkpt lat="-26.988727" lon="-48.641218"><ele>13.2</ele></trkpt><trkpt lat="-26.98871" lon="-48.6412"><ele>13.7</ele></trkpt><trkpt lat="-26.988693" lon="-48.641172"><ele>13.4</ele></trkpt><trkpt lat="-26.988675" lon="-48.641147"><ele>13</ele></trkpt><trkpt lat="-26.988653" lon="-48.641132"><ele>11.3</ele></trkpt><trkpt lat="-26.988637" lon="-48.641112"><ele>10</ele></trkpt><trkpt lat="-26.988617" lon="-48.641093"><ele>8.3</ele></trkpt><trkpt lat="-26.988597" lon="-48.641072"><ele>7.2</ele></trkpt><trkpt lat="-26.98858" lon="-48.641048"><ele>6.8</ele></trkpt><trkpt lat="-26.988565" lon="-48.641023"><ele>6.5</ele></trkpt><trkpt lat="-26.988545" lon="-48.641002"><ele>6.6</ele></trkpt><trkpt lat="-26.988528" lon="-48.640978"><ele>6.9</ele></trkpt><trkpt lat="-26.98851" lon="-48.640953"><ele>7.1</ele></trkpt><trkpt lat="-26.988492" lon="-48.640925"><ele>8.8</ele></trkpt><trkpt lat="-26.98848" lon="-48.640897"><ele>8.4</ele></trkpt><trkpt lat="-26.988463" lon="-48.640873"><ele>8.2</ele></trkpt><trkpt lat="-26.98845" lon="-48.640855"><ele>9.2</ele></trkpt><trkpt lat="-26.988435" lon="-48.640842"><ele>9.6</ele></trkpt><trkpt lat="-26.988428" lon="-48.640835"><ele>10.1</ele></trkpt><trkpt lat="-26.988428" lon="-48.640835"><ele>10.8</ele></trkpt><trkpt lat="-26.988427" lon="-48.64084"><ele>11.4</ele></trkpt><trkpt lat="-26.988425" lon="-48.640843"><ele>11.8</ele></trkpt><trkpt lat="-26.988425" lon="-48.640845"><ele>11.3</ele></trkpt><trkpt lat="-26.988425" lon="-48.640845"><ele>11.3</ele></trkpt><trkpt lat="-26.988425" lon="-48.640847"><ele>10.8</ele></trkpt><trkpt lat="-26.988423" lon="-48.640848"><ele>10.5</ele></trkpt><trkpt lat="-26.988417" lon="-48.640847"><ele>10.1</ele></trkpt><trkpt lat="-26.988412" lon="-48.640835"><ele>9.9</ele></trkpt><trkpt lat="-26.98841" lon="-48.640823"><ele>9.3</ele></trkpt><trkpt lat="-26.988405" lon="-48.640807"><ele>8.7</ele></trkpt><trkpt lat="-26.988398" lon="-48.640783"><ele>8.2</ele></trkpt><trkpt lat="-26.988388" lon="-48.64076"><ele>7.9</ele></trkpt><trkpt lat="-26.988377" lon="-48.640737"><ele>7.5</ele></trkpt><trkpt lat="-26.988373" lon="-48.640725"><ele>7.4</ele></trkpt><trkpt lat="-26.98837" lon="-48.64072"><ele>7</ele></trkpt><trkpt lat="-26.988372" lon="-48.640718"><ele>7.1</ele></trkpt><trkpt lat="-26.988373" lon="-48.640715"><ele>7</ele></trkpt><trkpt lat="-26.988372" lon="-48.640712"><ele>7.1</ele></trkpt><trkpt lat="-26.988368" lon="-48.640707"><ele>7.9</ele></trkpt><trkpt lat="-26.988367" lon="-48.640707"><ele>8.2</ele></trkpt><trkpt lat="-26.988365" lon="-48.640705"><ele>8.1</ele></trkpt><trkpt lat="-26.988362" lon="-48.640707"><ele>8.1</ele></trkpt><trkpt lat="-26.988358" lon="-48.640708"><ele>8</ele></trkpt><trkpt lat="-26.988358" lon="-48.64071"><ele>7.9</ele></trkpt><trkpt lat="-26.988358" lon="-48.64071"><ele>7.9</ele></trkpt><trkpt lat="-26.988358" lon="-48.64071"><ele>7.9</ele></trkpt><trkpt lat="-26.988358" lon="-48.64071"><ele>7.9</ele></trkpt><trkpt lat="-26.988358" lon="-48.64071"><ele>7.9</ele></trkpt><trkpt lat="-26.988358" lon="-48.64071"><ele>7.9</ele></trkpt><trkpt lat="-26.988358" lon="-48.64071"><ele>7.9</ele></trkpt><trkpt lat="-26.988358" lon="-48.64071"><ele>7.9</ele></trkpt><trkpt lat="-26.988358" lon="-48.64071"><ele>7.9</ele></trkpt><trkpt lat="-26.988358" lon="-48.64071"><ele>7.9</ele></trkpt><trkpt lat="-26.988358" lon="-48.64071"><ele>7.9</ele></trkpt><trkpt lat="-26.988358" lon="-48.64071"><ele>7.9</ele></trkpt><trkpt lat="-26.988358" lon="-48.64071"><ele>7.9</ele></trkpt><trkpt lat="-26.988358" lon="-48.64071"><ele>7.9</ele></trkpt><trkpt lat="-26.988358" lon="-48.64071"><ele>7.9</ele></trkpt><trkpt lat="-26.988358" lon="-48.64071"><ele>7.9</ele></trkpt><trkpt lat="-26.988358" lon="-48.64071"><ele>7.9</ele></trkpt><trkpt lat="-26.988358" lon="-48.64071"><ele>7.9</ele></trkpt><trkpt lat="-26.988358" lon="-48.64071"><ele>7.9</ele></trkpt><trkpt lat="-26.988358" lon="-48.64071"><ele>7.9</ele></trkpt><trkpt lat="-26.988358" lon="-48.64071"><ele>7.9</ele></trkpt><trkpt lat="-26.988358" lon="-48.64071"><ele>7.9</ele></trkpt><trkpt lat="-26.988358" lon="-48.64071"><ele>7.9</ele></trkpt><trkpt lat="-26.988358" lon="-48.64071"><ele>7.9</ele></trkpt><trkpt lat="-26.988358" lon="-48.64071"><ele>7.9</ele></trkpt><trkpt lat="-26.988358" lon="-48.64071"><ele>7.9</ele></trkpt><trkpt lat="-26.988358" lon="-48.64071"><ele>7.9</ele></trkpt><trkpt lat="-26.988358" lon="-48.64071"><ele>7.9</ele></trkpt><trkpt lat="-26.988358" lon="-48.64071"><ele>7.9</ele></trkpt><trkpt lat="-26.988358" lon="-48.64071"><ele>7.9</ele></trkpt><trkpt lat="-26.988358" lon="-48.64071"><ele>7.9</ele></trkpt><trkpt lat="-26.988362" lon="-48.640712"><ele>9.1</ele></trkpt><trkpt lat="-26.988353" lon="-48.640705"><ele>8.6</ele></trkpt><trkpt lat="-26.98834" lon="-48.64069"><ele>8.2</ele></trkpt><trkpt lat="-26.988327" lon="-48.640675"><ele>7.5</ele></trkpt><trkpt lat="-26.988313" lon="-48.640655"><ele>6.7</ele></trkpt><trkpt lat="-26.988298" lon="-48.64063"><ele>6.2</ele></trkpt><trkpt lat="-26.98828" lon="-48.640605"><ele>5.3</ele></trkpt><trkpt lat="-26.988262" lon="-48.640582"><ele>4.5</ele></trkpt><trkpt lat="-26.988243" lon="-48.640553"><ele>4</ele></trkpt><trkpt lat="-26.988223" lon="-48.640525"><ele>3.1</ele></trkpt><trkpt lat="-26.988205" lon="-48.640497"><ele>2.5</ele></trkpt><trkpt lat="-26.988185" lon="-48.640467"><ele>1.9</ele></trkpt><trkpt lat="-26.988163" lon="-48.640435"><ele>1.5</ele></trkpt><trkpt lat="-26.988142" lon="-48.640405"><ele>1.2</ele></trkpt><trkpt lat="-26.988122" lon="-48.640378"><ele>1.2</ele></trkpt><trkpt lat="-26.988103" lon="-48.640352"><ele>1.1</ele></trkpt><trkpt lat="-26.988083" lon="-48.640327"><ele>1.1</ele></trkpt><trkpt lat="-26.988062" lon="-48.6403"><ele>1.5</ele></trkpt><trkpt lat="-26.98804" lon="-48.640278"><ele>1.7</ele></trkpt><trkpt lat="-26.988023" lon="-48.640257"><ele>1.8</ele></trkpt><trkpt lat="-26.988017" lon="-48.64025"><ele>1.5</ele></trkpt><trkpt lat="-26.988005" lon="-48.640238"><ele>1.4</ele></trkpt><trkpt lat="-26.98799" lon="-48.64022"><ele>1.5</ele></trkpt><trkpt lat="-26.98797" lon="-48.6402"><ele>1.5</ele></trkpt><trkpt lat="-26.987952" lon="-48.64018"><ele>1.5</ele></trkpt><trkpt lat="-26.987942" lon="-48.64015"><ele>1.7</ele></trkpt><trkpt lat="-26.987942" lon="-48.64015"><ele>1.7</ele></trkpt><trkpt lat="-26.987925" lon="-48.640128"><ele>1.7</ele></trkpt><trkpt lat="-26.987912" lon="-48.640115"><ele>1.1</ele></trkpt><trkpt lat="-26.987902" lon="-48.640098"><ele>1</ele></trkpt><trkpt lat="-26.987898" lon="-48.640085"><ele>0.8</ele></trkpt><trkpt lat="-26.987897" lon="-48.640077"><ele>0.1</ele></trkpt><trkpt lat="-26.987897" lon="-48.64007"><ele>-0.4</ele></trkpt><trkpt lat="-26.987897" lon="-48.64007"><ele>-0.4</ele></trkpt><trkpt lat="-26.987898" lon="-48.640065"><ele>-1.1</ele></trkpt><trkpt lat="-26.987895" lon="-48.640065"><ele>-1.2</ele></trkpt><trkpt lat="-26.987893" lon="-48.640062"><ele>-1.4</ele></trkpt><trkpt lat="-26.987888" lon="-48.640063"><ele>-1</ele></trkpt><trkpt lat="-26.987883" lon="-48.640063"><ele>-0.6</ele></trkpt><trkpt lat="-26.98788" lon="-48.640068"><ele>-0.1</ele></trkpt><trkpt lat="-26.987875" lon="-48.640067"><ele>-0.1</ele></trkpt><trkpt lat="-26.987867" lon="-48.64006"><ele>0.1</ele></trkpt><trkpt lat="-26.987848" lon="-48.640043"><ele>4.1</ele></trkpt><trkpt lat="-26.987835" lon="-48.640023"><ele>4.2</ele></trkpt><trkpt lat="-26.987827" lon="-48.640005"><ele>4.6</ele></trkpt><trkpt lat="-26.987827" lon="-48.639993"><ele>4.9</ele></trkpt><trkpt lat="-26.987827" lon="-48.63999"><ele>4.8</ele></trkpt><trkpt lat="-26.987825" lon="-48.639988"><ele>5.3</ele></trkpt><trkpt lat="-26.987825" lon="-48.639988"><ele>5.3</ele></trkpt><trkpt lat="-26.987823" lon="-48.639982"><ele>5.6</ele></trkpt><trkpt lat="-26.98782" lon="-48.639977"><ele>5.9</ele></trkpt><trkpt lat="-26.98782" lon="-48.639977"><ele>5.9</ele></trkpt><trkpt lat="-26.98782" lon="-48.639972"><ele>6.3</ele></trkpt><trkpt lat="-26.987817" lon="-48.639968"><ele>6.7</ele></trkpt><trkpt lat="-26.987815" lon="-48.639968"><ele>6.8</ele></trkpt><trkpt lat="-26.987815" lon="-48.639972"><ele>6.9</ele></trkpt><trkpt lat="-26.98782" lon="-48.639968"><ele>6.8</ele></trkpt><trkpt lat="-26.98782" lon="-48.639968"><ele>6.8</ele></trkpt><trkpt lat="-26.987827" lon="-48.63996"><ele>7.1</ele></trkpt><trkpt lat="-26.987827" lon="-48.63996"><ele>7.1</ele></trkpt><trkpt lat="-26.987827" lon="-48.63996"><ele>7.1</ele></trkpt><trkpt lat="-26.987827" lon="-48.63996"><ele>7.1</ele></trkpt><trkpt lat="-26.987827" lon="-48.63996"><ele>7.1</ele></trkpt><trkpt lat="-26.987827" lon="-48.63996"><ele>7.1</ele></trkpt><trkpt lat="-26.987827" lon="-48.63996"><ele>7.1</ele></trkpt><trkpt lat="-26.987827" lon="-48.63996"><ele>7.1</ele></trkpt><trkpt lat="-26.987827" lon="-48.63996"><ele>7.1</ele></trkpt><trkpt lat="-26.987827" lon="-48.63996"><ele>7.1</ele></trkpt><trkpt lat="-26.987758" lon="-48.639968"><ele>27.1</ele></trkpt><trkpt lat="-26.987752" lon="-48.63995"><ele>27</ele></trkpt><trkpt lat="-26.987743" lon="-48.63993"><ele>26.9</ele></trkpt><trkpt lat="-26.987738" lon="-48.639907"><ele>26.5</ele></trkpt><trkpt lat="-26.987737" lon="-48.639878"><ele>26.1</ele></trkpt><trkpt lat="-26.98774" lon="-48.63985"><ele>25.7</ele></trkpt><trkpt lat="-26.987742" lon="-48.639827"><ele>25.1</ele></trkpt><trkpt lat="-26.987747" lon="-48.639818"><ele>24.9</ele></trkpt><trkpt lat="-26.987753" lon="-48.639815"><ele>25.2</ele></trkpt><trkpt lat="-26.987758" lon="-48.639807"><ele>25</ele></trkpt><trkpt lat="-26.98776" lon="-48.639805"><ele>24.8</ele></trkpt><trkpt lat="-26.987763" lon="-48.639798"><ele>25.1</ele></trkpt><trkpt lat="-26.987763" lon="-48.639798"><ele>25.1</ele></trkpt><trkpt lat="-26.987767" lon="-48.639795"><ele>25.2</ele></trkpt><trkpt lat="-26.987767" lon="-48.639793"><ele>25.1</ele></trkpt><trkpt lat="-26.987767" lon="-48.639792"><ele>24.7</ele></trkpt><trkpt lat="-26.987768" lon="-48.639788"><ele>24.5</ele></trkpt><trkpt lat="-26.987768" lon="-48.639788"><ele>24.5</ele></trkpt><trkpt lat="-26.987768" lon="-48.639788"><ele>24.4</ele></trkpt><trkpt lat="-26.987768" lon="-48.639788"><ele>24.4</ele></trkpt><trkpt lat="-26.987768" lon="-48.639788"><ele>24.4</ele></trkpt><trkpt lat="-26.987767" lon="-48.63979"><ele>24.5</ele></trkpt><trkpt lat="-26.987767" lon="-48.63979"><ele>24.5</ele></trkpt><trkpt lat="-26.987767" lon="-48.63979"><ele>24.5</ele></trkpt><trkpt lat="-26.987767" lon="-48.63979"><ele>24.5</ele></trkpt><trkpt lat="-26.987767" lon="-48.63979"><ele>24.5</ele></trkpt><trkpt lat="-26.987767" lon="-48.63979"><ele>24.5</ele></trkpt><trkpt lat="-26.987767" lon="-48.63979"><ele>24.5</ele></trkpt><trkpt lat="-26.987767" lon="-48.63979"><ele>24.5</ele></trkpt><trkpt lat="-26.987767" lon="-48.63979"><ele>24.5</ele></trkpt><trkpt lat="-26.987767" lon="-48.63979"><ele>24.5</ele></trkpt><trkpt lat="-26.987772" lon="-48.639797"><ele>24</ele></trkpt><trkpt lat="-26.987768" lon="-48.639795"><ele>23.9</ele></trkpt><trkpt lat="-26.987765" lon="-48.639793"><ele>23.9</ele></trkpt><trkpt lat="-26.987763" lon="-48.639792"><ele>23.9</ele></trkpt><trkpt lat="-26.987765" lon="-48.639787"><ele>23.8</ele></trkpt><trkpt lat="-26.987765" lon="-48.639787"><ele>23.8</ele></trkpt><trkpt lat="-26.987765" lon="-48.639787"><ele>23.8</ele></trkpt><trkpt lat="-26.987765" lon="-48.639787"><ele>23.8</ele></trkpt><trkpt lat="-26.987765" lon="-48.639787"><ele>23.8</ele></trkpt><trkpt lat="-26.987777" lon="-48.639777"><ele>24.8</ele></trkpt><trkpt lat="-26.98778" lon="-48.639775"><ele>24.7</ele></trkpt><trkpt lat="-26.987777" lon="-48.63977"><ele>24.8</ele></trkpt><trkpt lat="-26.987772" lon="-48.639767"><ele>24.9</ele></trkpt><trkpt lat="-26.987762" lon="-48.63977"><ele>24.9</ele></trkpt><trkpt lat="-26.987762" lon="-48.63977"><ele>24.9</ele></trkpt><trkpt lat="-26.987762" lon="-48.63977"><ele>24.9</ele></trkpt><trkpt lat="-26.987762" lon="-48.63977"><ele>24.9</ele></trkpt><trkpt lat="-26.987762" lon="-48.63977"><ele>24.9</ele></trkpt><trkpt lat="-26.987762" lon="-48.63977"><ele>24.9</ele></trkpt><trkpt lat="-26.987762" lon="-48.63977"><ele>24.9</ele></trkpt><trkpt lat="-26.987762" lon="-48.63977"><ele>24.9</ele></trkpt><trkpt lat="-26.987762" lon="-48.63977"><ele>24.9</ele></trkpt><trkpt lat="-26.987762" lon="-48.63977"><ele>24.9</ele></trkpt><trkpt lat="-26.987762" lon="-48.63977"><ele>24.9</ele></trkpt><trkpt lat="-26.987762" lon="-48.63977"><ele>24.9</ele></trkpt><trkpt lat="-26.987762" lon="-48.63977"><ele>24.9</ele></trkpt><trkpt lat="-26.987752" lon="-48.639753"><ele>23.3</ele></trkpt><trkpt lat="-26.987743" lon="-48.639752"><ele>23.3</ele></trkpt><trkpt lat="-26.987735" lon="-48.63974"><ele>23.4</ele></trkpt><trkpt lat="-26.987728" lon="-48.639722"><ele>23.5</ele></trkpt><trkpt lat="-26.987718" lon="-48.639698"><ele>23.6</ele></trkpt><trkpt lat="-26.987702" lon="-48.639685"><ele>23.6</ele></trkpt><trkpt lat="-26.987687" lon="-48.639665"><ele>23.6</ele></trkpt><trkpt lat="-26.987662" lon="-48.639648"><ele>23.3</ele></trkpt><trkpt lat="-26.98763" lon="-48.63963"><ele>23.1</ele></trkpt><trkpt lat="-26.987597" lon="-48.63962"><ele>22.1</ele></trkpt><trkpt lat="-26.987567" lon="-48.6396"><ele>21.4</ele></trkpt><trkpt lat="-26.987542" lon="-48.639585"><ele>20.8</ele></trkpt><trkpt lat="-26.987507" lon="-48.639575"><ele>20.5</ele></trkpt><trkpt lat="-26.987475" lon="-48.63957"><ele>19.9</ele></trkpt><trkpt lat="-26.987448" lon="-48.639562"><ele>19.5</ele></trkpt><trkpt lat="-26.987423" lon="-48.63955"><ele>19.6</ele></trkpt><trkpt lat="-26.987405" lon="-48.639545"><ele>20.1</ele></trkpt><trkpt lat="-26.987393" lon="-48.639545"><ele>20.4</ele></trkpt><trkpt lat="-26.987385" lon="-48.639545"><ele>20.6</ele></trkpt><trkpt lat="-26.98738" lon="-48.639545"><ele>20.5</ele></trkpt><trkpt lat="-26.98738" lon="-48.63955"><ele>20.4</ele></trkpt><trkpt lat="-26.987378" lon="-48.639553"><ele>20.7</ele></trkpt><trkpt lat="-26.987378" lon="-48.639557"><ele>20.9</ele></trkpt><trkpt lat="-26.987378" lon="-48.639557"><ele>20.9</ele></trkpt><trkpt lat="-26.987375" lon="-48.639562"><ele>21.1</ele></trkpt><trkpt lat="-26.987373" lon="-48.639565"><ele>21.1</ele></trkpt><trkpt lat="-26.987373" lon="-48.639572"><ele>21.3</ele></trkpt><trkpt lat="-26.987373" lon="-48.639572"><ele>21.3</ele></trkpt><trkpt lat="-26.987373" lon="-48.639577"><ele>21.6</ele></trkpt><trkpt lat="-26.987373" lon="-48.639582"><ele>21.7</ele></trkpt><trkpt lat="-26.987372" lon="-48.639588"><ele>22.1</ele></trkpt><trkpt lat="-26.987368" lon="-48.639593"><ele>22.7</ele></trkpt><trkpt lat="-26.987363" lon="-48.639593"><ele>23.1</ele></trkpt><trkpt lat="-26.987362" lon="-48.639598"><ele>23.4</ele></trkpt><trkpt lat="-26.987362" lon="-48.639598"><ele>23.4</ele></trkpt><trkpt lat="-26.987362" lon="-48.639607"><ele>23.8</ele></trkpt><trkpt lat="-26.987362" lon="-48.639607"><ele>23.8</ele></trkpt><trkpt lat="-26.987362" lon="-48.639607"><ele>23.8</ele></trkpt><trkpt lat="-26.987362" lon="-48.639607"><ele>23.8</ele></trkpt><trkpt lat="-26.987362" lon="-48.639607"><ele>23.8</ele></trkpt><trkpt lat="-26.987362" lon="-48.639607"><ele>23.8</ele></trkpt><trkpt lat="-26.987362" lon="-48.639607"><ele>23.8</ele></trkpt><trkpt lat="-26.987362" lon="-48.639607"><ele>23.8</ele></trkpt><trkpt lat="-26.987365" lon="-48.639622"><ele>24.5</ele></trkpt><trkpt lat="-26.987368" lon="-48.639622"><ele>24.8</ele></trkpt><trkpt lat="-26.987368" lon="-48.63962"><ele>25.3</ele></trkpt><trkpt lat="-26.98737" lon="-48.639617"><ele>25.6</ele></trkpt><trkpt lat="-26.98737" lon="-48.639617"><ele>25.6</ele></trkpt><trkpt lat="-26.98737" lon="-48.639617"><ele>25.6</ele></trkpt><trkpt lat="-26.98737" lon="-48.639617"><ele>25.6</ele></trkpt><trkpt lat="-26.98737" lon="-48.639617"><ele>25.6</ele></trkpt><trkpt lat="-26.98737" lon="-48.639617"><ele>25.6</ele></trkpt><trkpt lat="-26.98737" lon="-48.639617"><ele>25.6</ele></trkpt><trkpt lat="-26.98737" lon="-48.639617"><ele>25.6</ele></trkpt><trkpt lat="-26.98737" lon="-48.639617"><ele>25.6</ele></trkpt><trkpt lat="-26.98737" lon="-48.639617"><ele>25.6</ele></trkpt><trkpt lat="-26.98737" lon="-48.639617"><ele>25.6</ele></trkpt><trkpt lat="-26.98737" lon="-48.639617"><ele>25.6</ele></trkpt><trkpt lat="-26.98737" lon="-48.639617"><ele>25.6</ele></trkpt><trkpt lat="-26.98737" lon="-48.639617"><ele>25.6</ele></trkpt><trkpt lat="-26.98737" lon="-48.639617"><ele>25.6</ele></trkpt><trkpt lat="-26.987342" lon="-48.639542"><ele>24.6</ele></trkpt><trkpt lat="-26.98733" lon="-48.63954"><ele>24.4</ele></trkpt><trkpt lat="-26.987313" lon="-48.639535"><ele>24.2</ele></trkpt><trkpt lat="-26.987293" lon="-48.639535"><ele>23.5</ele></trkpt><trkpt lat="-26.98727" lon="-48.639535"><ele>21.8</ele></trkpt><trkpt lat="-26.987247" lon="-48.639545"><ele>21.1</ele></trkpt><trkpt lat="-26.987217" lon="-48.639562"><ele>20.8</ele></trkpt><trkpt lat="-26.98719" lon="-48.639572"><ele>20.1</ele></trkpt><trkpt lat="-26.987168" lon="-48.63958"><ele>19.7</ele></trkpt><trkpt lat="-26.987147" lon="-48.639587"><ele>19.9</ele></trkpt><trkpt lat="-26.987122" lon="-48.639588"><ele>20.5</ele></trkpt><trkpt lat="-26.987097" lon="-48.639593"><ele>20.7</ele></trkpt><trkpt lat="-26.987078" lon="-48.639595"><ele>21</ele></trkpt><trkpt lat="-26.98706" lon="-48.6396"><ele>21.6</ele></trkpt><trkpt lat="-26.987048" lon="-48.639603"><ele>22.2</ele></trkpt><trkpt lat="-26.987043" lon="-48.639607"><ele>23.5</ele></trkpt><trkpt lat="-26.987043" lon="-48.639607"><ele>23.5</ele></trkpt><trkpt lat="-26.98704" lon="-48.63961"><ele>24.3</ele></trkpt><trkpt lat="-26.987038" lon="-48.639612"><ele>24.7</ele></trkpt><trkpt lat="-26.987037" lon="-48.639615"><ele>24.7</ele></trkpt><trkpt lat="-26.987033" lon="-48.63962"><ele>24.9</ele></trkpt><trkpt lat="-26.98703" lon="-48.63962"><ele>25</ele></trkpt><trkpt lat="-26.987028" lon="-48.63962"><ele>25.1</ele></trkpt><trkpt lat="-26.987028" lon="-48.63962"><ele>25.1</ele></trkpt><trkpt lat="-26.987025" lon="-48.63962"><ele>25.2</ele></trkpt><trkpt lat="-26.98702" lon="-48.63962"><ele>25.2</ele></trkpt><trkpt lat="-26.987018" lon="-48.639622"><ele>25.1</ele></trkpt><trkpt lat="-26.987013" lon="-48.639625"><ele>25.2</ele></trkpt><trkpt lat="-26.987007" lon="-48.63962"><ele>25.1</ele></trkpt><trkpt lat="-26.987" lon="-48.639592"><ele>24.6</ele></trkpt><trkpt lat="-26.986992" lon="-48.639568"><ele>24.3</ele></trkpt><trkpt lat="-26.986978" lon="-48.63954"><ele>23.9</ele></trkpt><trkpt lat="-26.986967" lon="-48.639523"><ele>23.2</ele></trkpt><trkpt lat="-26.986945" lon="-48.639513"><ele>22.2</ele></trkpt><trkpt lat="-26.986918" lon="-48.639515"><ele>21.4</ele></trkpt><trkpt lat="-26.986895" lon="-48.639518"><ele>20.8</ele></trkpt><trkpt lat="-26.986863" lon="-48.639523"><ele>19.8</ele></trkpt><trkpt lat="-26.986838" lon="-48.639522"><ele>19.2</ele></trkpt><trkpt lat="-26.986815" lon="-48.639522"><ele>18.6</ele></trkpt><trkpt lat="-26.9868" lon="-48.639523"><ele>17.9</ele></trkpt><trkpt lat="-26.986775" lon="-48.639532"><ele>17.5</ele></trkpt><trkpt lat="-26.98676" lon="-48.639532"><ele>16.9</ele></trkpt><trkpt lat="-26.986747" lon="-48.639537"><ele>16.4</ele></trkpt><trkpt lat="-26.986735" lon="-48.639542"><ele>16.2</ele></trkpt><trkpt lat="-26.986725" lon="-48.639547"><ele>15.5</ele></trkpt><trkpt lat="-26.986718" lon="-48.639553"><ele>15.4</ele></trkpt><trkpt lat="-26.986707" lon="-48.639573"><ele>17.2</ele></trkpt><trkpt lat="-26.986703" lon="-48.639582"><ele>18.1</ele></trkpt><trkpt lat="-26.986702" lon="-48.639588"><ele>18.7</ele></trkpt><trkpt lat="-26.986702" lon="-48.639588"><ele>18.7</ele></trkpt><trkpt lat="-26.9867" lon="-48.639598"><ele>19.1</ele></trkpt><trkpt lat="-26.986698" lon="-48.639605"><ele>19.5</ele></trkpt><trkpt lat="-26.9867" lon="-48.639612"><ele>20.1</ele></trkpt><trkpt lat="-26.9867" lon="-48.639617"><ele>20.4</ele></trkpt><trkpt lat="-26.9867" lon="-48.639622"><ele>20.8</ele></trkpt><trkpt lat="-26.986695" lon="-48.639625"><ele>21.3</ele></trkpt><trkpt lat="-26.98669" lon="-48.63963"><ele>21.7</ele></trkpt><trkpt lat="-26.98668" lon="-48.639632"><ele>22.1</ele></trkpt><trkpt lat="-26.98667" lon="-48.639633"><ele>22.1</ele></trkpt><trkpt lat="-26.986663" lon="-48.639637"><ele>22</ele></trkpt><trkpt lat="-26.986655" lon="-48.639638"><ele>22</ele></trkpt><trkpt lat="-26.986652" lon="-48.63964"><ele>21.6</ele></trkpt><trkpt lat="-26.986652" lon="-48.63964"><ele>21.6</ele></trkpt><trkpt lat="-26.986645" lon="-48.639638"><ele>21.5</ele></trkpt><trkpt lat="-26.986647" lon="-48.639637"><ele>20.6</ele></trkpt><trkpt lat="-26.986647" lon="-48.639635"><ele>20.3</ele></trkpt><trkpt lat="-26.986647" lon="-48.639635"><ele>19.9</ele></trkpt><trkpt lat="-26.986645" lon="-48.639632"><ele>19.3</ele></trkpt><trkpt lat="-26.986648" lon="-48.639632"><ele>18.7</ele></trkpt><trkpt lat="-26.986648" lon="-48.639632"><ele>18.5</ele></trkpt><trkpt lat="-26.986648" lon="-48.639632"><ele>18.5</ele></trkpt><trkpt lat="-26.986648" lon="-48.639632"><ele>18.2</ele></trkpt><trkpt lat="-26.98665" lon="-48.63963"><ele>18.1</ele></trkpt><trkpt lat="-26.98665" lon="-48.63963"><ele>18.1</ele></trkpt><trkpt lat="-26.986647" lon="-48.639628"><ele>17.9</ele></trkpt><trkpt lat="-26.986647" lon="-48.639628"><ele>17.9</ele></trkpt><trkpt lat="-26.986647" lon="-48.639628"><ele>17.9</ele></trkpt><trkpt lat="-26.986647" lon="-48.639628"><ele>17.9</ele></trkpt><trkpt lat="-26.986647" lon="-48.639628"><ele>17.9</ele></trkpt><trkpt lat="-26.986647" lon="-48.639628"><ele>17.9</ele></trkpt><trkpt lat="-26.986647" lon="-48.639628"><ele>17.9</ele></trkpt><trkpt lat="-26.986647" lon="-48.639628"><ele>17.9</ele></trkpt><trkpt lat="-26.986647" lon="-48.639628"><ele>17.9</ele></trkpt><trkpt lat="-26.986647" lon="-48.639628"><ele>17.9</ele></trkpt><trkpt lat="-26.986647" lon="-48.639628"><ele>17.9</ele></trkpt><trkpt lat="-26.986647" lon="-48.639628"><ele>17.9</ele></trkpt><trkpt lat="-26.986647" lon="-48.639628"><ele>17.9</ele></trkpt><trkpt lat="-26.986647" lon="-48.639628"><ele>17.9</ele></trkpt><trkpt lat="-26.986635" lon="-48.639625"><ele>14.9</ele></trkpt><trkpt lat="-26.986637" lon="-48.639628"><ele>15</ele></trkpt><trkpt lat="-26.986633" lon="-48.63963"><ele>15.4</ele></trkpt><trkpt lat="-26.98663" lon="-48.639633"><ele>15.4</ele></trkpt><trkpt lat="-26.986633" lon="-48.639635"><ele>15.5</ele></trkpt><trkpt lat="-26.986637" lon="-48.639635"><ele>15.4</ele></trkpt><trkpt lat="-26.986642" lon="-48.639637"><ele>15.5</ele></trkpt><trkpt lat="-26.98665" lon="-48.639637"><ele>15.5</ele></trkpt><trkpt lat="-26.986658" lon="-48.639635"><ele>15.7</ele></trkpt><trkpt lat="-26.986667" lon="-48.639632"><ele>15.8</ele></trkpt><trkpt lat="-26.986673" lon="-48.639627"><ele>15.9</ele></trkpt><trkpt lat="-26.986678" lon="-48.639618"><ele>15.6</ele></trkpt><trkpt lat="-26.986685" lon="-48.639608"><ele>15.5</ele></trkpt><trkpt lat="-26.986692" lon="-48.639602"><ele>15.3</ele></trkpt><trkpt lat="-26.986697" lon="-48.639597"><ele>15</ele></trkpt><trkpt lat="-26.986697" lon="-48.639597"><ele>15</ele></trkpt><trkpt lat="-26.986697" lon="-48.639595"><ele>15.1</ele></trkpt><trkpt lat="-26.986697" lon="-48.639593"><ele>14.9</ele></trkpt><trkpt lat="-26.986697" lon="-48.639592"><ele>14.7</ele></trkpt><trkpt lat="-26.986697" lon="-48.639593"><ele>14.7</ele></trkpt><trkpt lat="-26.986695" lon="-48.63959"><ele>14.5</ele></trkpt><trkpt lat="-26.986695" lon="-48.63959"><ele>14.5</ele></trkpt><trkpt lat="-26.986688" lon="-48.639587"><ele>14.7</ele></trkpt><trkpt lat="-26.986688" lon="-48.639587"><ele>14.7</ele></trkpt><trkpt lat="-26.986682" lon="-48.639583"><ele>14.8</ele></trkpt><trkpt lat="-26.986678" lon="-48.639587"><ele>15</ele></trkpt><trkpt lat="-26.986675" lon="-48.639588"><ele>15</ele></trkpt><trkpt lat="-26.986675" lon="-48.639587"><ele>15.1</ele></trkpt><trkpt lat="-26.986673" lon="-48.639588"><ele>14.9</ele></trkpt><trkpt lat="-26.986672" lon="-48.63959"><ele>14.9</ele></trkpt><trkpt lat="-26.98667" lon="-48.639593"><ele>15</ele></trkpt><trkpt lat="-26.986663" lon="-48.639595"><ele>15.2</ele></trkpt><trkpt lat="-26.98666" lon="-48.639597"><ele>15.5</ele></trkpt><trkpt lat="-26.986655" lon="-48.639593"><ele>16.1</ele></trkpt><trkpt lat="-26.986655" lon="-48.639588"><ele>16.4</ele></trkpt><trkpt lat="-26.986653" lon="-48.639588"><ele>16.8</ele></trkpt><trkpt lat="-26.986652" lon="-48.639588"><ele>17.1</ele></trkpt><trkpt lat="-26.986652" lon="-48.639588"><ele>17.1</ele></trkpt><trkpt lat="-26.986652" lon="-48.639588"><ele>17.1</ele></trkpt><trkpt lat="-26.986653" lon="-48.639593"><ele>17.4</ele></trkpt><trkpt lat="-26.98666" lon="-48.639593"><ele>17.5</ele></trkpt><trkpt lat="-26.986662" lon="-48.639597"><ele>17.7</ele></trkpt><trkpt lat="-26.986662" lon="-48.639597"><ele>17.7</ele></trkpt><trkpt lat="-26.986665" lon="-48.639602"><ele>18.1</ele></trkpt><trkpt lat="-26.986665" lon="-48.639602"><ele>18.1</ele></trkpt><trkpt lat="-26.986665" lon="-48.639602"><ele>18.1</ele></trkpt><trkpt lat="-26.986665" lon="-48.639602"><ele>18.1</ele></trkpt><trkpt lat="-26.986665" lon="-48.639602"><ele>18.1</ele></trkpt><trkpt lat="-26.986673" lon="-48.639607"><ele>17.7</ele></trkpt><trkpt lat="-26.986673" lon="-48.639608"><ele>17.5</ele></trkpt><trkpt lat="-26.986672" lon="-48.639613"><ele>17.6</ele></trkpt><trkpt lat="-26.986668" lon="-48.63962"><ele>18.3</ele></trkpt><trkpt lat="-26.986665" lon="-48.639623"><ele>18.6</ele></trkpt><trkpt lat="-26.986662" lon="-48.63963"><ele>18.7</ele></trkpt><trkpt lat="-26.986658" lon="-48.639633"><ele>18.8</ele></trkpt><trkpt lat="-26.986657" lon="-48.639637"><ele>19</ele></trkpt><trkpt lat="-26.986657" lon="-48.639642"><ele>19.2</ele></trkpt><trkpt lat="-26.986657" lon="-48.639642"><ele>19.2</ele></trkpt><trkpt lat="-26.986657" lon="-48.639642"><ele>19.2</ele></trkpt><trkpt lat="-26.986657" lon="-48.639642"><ele>19.2</ele></trkpt><trkpt lat="-26.986657" lon="-48.639642"><ele>19.2</ele></trkpt><trkpt lat="-26.986657" lon="-48.639642"><ele>19.2</ele></trkpt><trkpt lat="-26.986657" lon="-48.639642"><ele>19.2</ele></trkpt><trkpt lat="-26.986657" lon="-48.639642"><ele>19.2</ele></trkpt><trkpt lat="-26.986657" lon="-48.639642"><ele>19.2</ele></trkpt><trkpt lat="-26.986657" lon="-48.639642"><ele>19.2</ele></trkpt><trkpt lat="-26.986657" lon="-48.639642"><ele>19.2</ele></trkpt><trkpt lat="-26.986657" lon="-48.639642"><ele>19.2</ele></trkpt><trkpt lat="-26.986657" lon="-48.639642"><ele>19.2</ele></trkpt><trkpt lat="-26.986657" lon="-48.639642"><ele>19.2</ele></trkpt><trkpt lat="-26.986657" lon="-48.639642"><ele>19.2</ele></trkpt><trkpt lat="-26.986657" lon="-48.639642"><ele>19.2</ele></trkpt><trkpt lat="-26.986657" lon="-48.639642"><ele>19.2</ele></trkpt><trkpt lat="-26.986657" lon="-48.639642"><ele>19.2</ele></trkpt><trkpt lat="-26.986657" lon="-48.639642"><ele>19.2</ele></trkpt><trkpt lat="-26.986657" lon="-48.639642"><ele>19.2</ele></trkpt><trkpt lat="-26.986657" lon="-48.639642"><ele>19.2</ele></trkpt><trkpt lat="-26.986657" lon="-48.639642"><ele>19.2</ele></trkpt><trkpt lat="-26.986657" lon="-48.639642"><ele>19.2</ele></trkpt><trkpt lat="-26.986657" lon="-48.639642"><ele>19.2</ele></trkpt><trkpt lat="-26.986657" lon="-48.639642"><ele>19.2</ele></trkpt><trkpt lat="-26.986657" lon="-48.639642"><ele>19.2</ele></trkpt><trkpt lat="-26.986657" lon="-48.639642"><ele>19.2</ele></trkpt><trkpt lat="-26.986657" lon="-48.639642"><ele>19.2</ele></trkpt><trkpt lat="-26.986657" lon="-48.639642"><ele>19.2</ele></trkpt><trkpt lat="-26.986657" lon="-48.639642"><ele>19.2</ele></trkpt><trkpt lat="-26.986657" lon="-48.639642"><ele>19.2</ele></trkpt><trkpt lat="-26.986657" lon="-48.639642"><ele>19.2</ele></trkpt><trkpt lat="-26.986657" lon="-48.639642"><ele>19.2</ele></trkpt><trkpt lat="-26.986657" lon="-48.639642"><ele>19.2</ele></trkpt><trkpt lat="-26.986657" lon="-48.639642"><ele>19.2</ele></trkpt><trkpt lat="-26.986657" lon="-48.639642"><ele>19.2</ele></trkpt><trkpt lat="-26.986657" lon="-48.639642"><ele>19.2</ele></trkpt><trkpt lat="-26.986657" lon="-48.639642"><ele>19.2</ele></trkpt><trkpt lat="-26.986657" lon="-48.639642"><ele>19.2</ele></trkpt><trkpt lat="-26.986657" lon="-48.639642"><ele>19.2</ele></trkpt><trkpt lat="-26.986657" lon="-48.639642"><ele>19.2</ele></trkpt><trkpt lat="-26.986657" lon="-48.639642"><ele>19.2</ele></trkpt><trkpt lat="-26.98665" lon="-48.639638"><ele>20.1</ele></trkpt><trkpt lat="-26.986642" lon="-48.639633"><ele>20.6</ele></trkpt><trkpt lat="-26.98663" lon="-48.639635"><ele>20.8</ele></trkpt><trkpt lat="-26.986602" lon="-48.639615"><ele>19.6</ele></trkpt><trkpt lat="-26.986602" lon="-48.639615"><ele>19.6</ele></trkpt><trkpt lat="-26.986577" lon="-48.639608"><ele>18.4</ele></trkpt><trkpt lat="-26.986552" lon="-48.639607"><ele>17.5</ele></trkpt><trkpt lat="-26.98653" lon="-48.63961"><ele>16.6</ele></trkpt><trkpt lat="-26.98651" lon="-48.63961"><ele>16</ele></trkpt><trkpt lat="-26.986492" lon="-48.639612"><ele>14.9</ele></trkpt><trkpt lat="-26.986492" lon="-48.639612"><ele>14.9</ele></trkpt><trkpt lat="-26.986475" lon="-48.639613"><ele>14.2</ele></trkpt><trkpt lat="-26.986462" lon="-48.639612"><ele>13.8</ele></trkpt><trkpt lat="-26.986447" lon="-48.63961"><ele>13.5</ele></trkpt><trkpt lat="-26.986433" lon="-48.639612"><ele>13.6</ele></trkpt><trkpt lat="-26.986423" lon="-48.639612"><ele>13.9</ele></trkpt><trkpt lat="-26.986417" lon="-48.639612"><ele>14.2</ele></trkpt><trkpt lat="-26.986412" lon="-48.639612"><ele>14</ele></trkpt><trkpt lat="-26.986412" lon="-48.639612"><ele>14</ele></trkpt><trkpt lat="-26.98641" lon="-48.639612"><ele>14.3</ele></trkpt><trkpt lat="-26.986408" lon="-48.639612"><ele>14.5</ele></trkpt><trkpt lat="-26.986405" lon="-48.639613"><ele>14.4</ele></trkpt><trkpt lat="-26.9864" lon="-48.639613"><ele>14.1</ele></trkpt><trkpt lat="-26.986397" lon="-48.639613"><ele>13.9</ele></trkpt><trkpt lat="-26.986397" lon="-48.639613"><ele>13.9</ele></trkpt><trkpt lat="-26.986395" lon="-48.639613"><ele>13.8</ele></trkpt><trkpt lat="-26.986395" lon="-48.639613"><ele>13.8</ele></trkpt><trkpt lat="-26.986395" lon="-48.639613"><ele>13.8</ele></trkpt><trkpt lat="-26.986387" lon="-48.63961"><ele>13.1</ele></trkpt><trkpt lat="-26.986378" lon="-48.63961"><ele>12.8</ele></trkpt><trkpt lat="-26.986362" lon="-48.639613"><ele>13</ele></trkpt><trkpt lat="-26.98634" lon="-48.639615"><ele>13.2</ele></trkpt><trkpt lat="-26.98632" lon="-48.639622"><ele>13.2</ele></trkpt><trkpt lat="-26.986297" lon="-48.639632"><ele>13</ele></trkpt><trkpt lat="-26.98627" lon="-48.639635"><ele>12.4</ele></trkpt><trkpt lat="-26.986242" lon="-48.63964"><ele>11.9</ele></trkpt><trkpt lat="-26.986242" lon="-48.63964"><ele>11.9</ele></trkpt><trkpt lat="-26.98622" lon="-48.639645"><ele>11.6</ele></trkpt><trkpt lat="-26.986202" lon="-48.639653"><ele>12.1</ele></trkpt><trkpt lat="-26.986193" lon="-48.639655"><ele>12.1</ele></trkpt><trkpt lat="-26.986187" lon="-48.639658"><ele>12.1</ele></trkpt><trkpt lat="-26.986177" lon="-48.639663"><ele>11.9</ele></trkpt><trkpt lat="-26.986167" lon="-48.639668"><ele>11.5</ele></trkpt><trkpt lat="-26.986167" lon="-48.639668"><ele>11.5</ele></trkpt><trkpt lat="-26.986148" lon="-48.639677"><ele>11.7</ele></trkpt><trkpt lat="-26.98613" lon="-48.639677"><ele>11.8</ele></trkpt><trkpt lat="-26.986102" lon="-48.639678"><ele>11.8</ele></trkpt><trkpt lat="-26.98608" lon="-48.639678"><ele>12</ele></trkpt><trkpt lat="-26.986067" lon="-48.639682"><ele>12</ele></trkpt><trkpt lat="-26.986063" lon="-48.639682"><ele>11.2</ele></trkpt><trkpt lat="-26.986062" lon="-48.639685"><ele>10.7</ele></trkpt><trkpt lat="-26.986062" lon="-48.639685"><ele>10.7</ele></trkpt><trkpt lat="-26.986067" lon="-48.63969"><ele>10.7</ele></trkpt><trkpt lat="-26.986067" lon="-48.639695"><ele>10.5</ele></trkpt><trkpt lat="-26.986065" lon="-48.639697"><ele>10.4</ele></trkpt><trkpt lat="-26.986065" lon="-48.639698"><ele>10.3</ele></trkpt><trkpt lat="-26.986065" lon="-48.639698"><ele>10.2</ele></trkpt><trkpt lat="-26.986065" lon="-48.639698"><ele>10.2</ele></trkpt><trkpt lat="-26.986067" lon="-48.639695"><ele>10.1</ele></trkpt><trkpt lat="-26.986068" lon="-48.639693"><ele>10.2</ele></trkpt><trkpt lat="-26.986063" lon="-48.639693"><ele>10.2</ele></trkpt><trkpt lat="-26.986053" lon="-48.639695"><ele>10.2</ele></trkpt><trkpt lat="-26.986042" lon="-48.639692"><ele>10.5</ele></trkpt><trkpt lat="-26.986023" lon="-48.639692"><ele>10.5</ele></trkpt><trkpt lat="-26.986007" lon="-48.639687"><ele>10.6</ele></trkpt><trkpt lat="-26.985993" lon="-48.639683"><ele>11.4</ele></trkpt><trkpt lat="-26.985977" lon="-48.639687"><ele>11.6</ele></trkpt><trkpt lat="-26.98596" lon="-48.63969"><ele>11.2</ele></trkpt><trkpt lat="-26.985945" lon="-48.639687"><ele>11.1</ele></trkpt><trkpt lat="-26.985927" lon="-48.639687"><ele>11.1</ele></trkpt><trkpt lat="-26.985905" lon="-48.639688"><ele>11.7</ele></trkpt><trkpt lat="-26.985878" lon="-48.639693"><ele>12.7</ele></trkpt><trkpt lat="-26.985848" lon="-48.639705"><ele>13.6</ele></trkpt><trkpt lat="-26.98582" lon="-48.639712"><ele>14.1</ele></trkpt><trkpt lat="-26.985795" lon="-48.639713"><ele>14.2</ele></trkpt><trkpt lat="-26.985795" lon="-48.639713"><ele>14.2</ele></trkpt><trkpt lat="-26.98577" lon="-48.639718"><ele>14.7</ele></trkpt><trkpt lat="-26.985748" lon="-48.639722"><ele>14.9</ele></trkpt><trkpt lat="-26.98573" lon="-48.639727"><ele>15.7</ele></trkpt><trkpt lat="-26.985718" lon="-48.639728"><ele>15.6</ele></trkpt><trkpt lat="-26.985717" lon="-48.639727"><ele>14.6</ele></trkpt><trkpt lat="-26.985722" lon="-48.639725"><ele>13.8</ele></trkpt><trkpt lat="-26.985723" lon="-48.639723"><ele>13.4</ele></trkpt><trkpt lat="-26.985725" lon="-48.63972"><ele>13.5</ele></trkpt><trkpt lat="-26.985732" lon="-48.639715"><ele>13.5</ele></trkpt><trkpt lat="-26.985738" lon="-48.639717"><ele>13.6</ele></trkpt><trkpt lat="-26.985738" lon="-48.639717"><ele>13.6</ele></trkpt><trkpt lat="-26.985738" lon="-48.639715"><ele>13.8</ele></trkpt><trkpt lat="-26.98573" lon="-48.639715"><ele>13.9</ele></trkpt><trkpt lat="-26.985722" lon="-48.639717"><ele>13.9</ele></trkpt><trkpt lat="-26.985722" lon="-48.63972"><ele>13.9</ele></trkpt><trkpt lat="-26.985722" lon="-48.639722"><ele>13.6</ele></trkpt><trkpt lat="-26.985722" lon="-48.639722"><ele>13.6</ele></trkpt><trkpt lat="-26.985722" lon="-48.639722"><ele>13.6</ele></trkpt><trkpt lat="-26.985722" lon="-48.639722"><ele>13.6</ele></trkpt><trkpt lat="-26.985722" lon="-48.639722"><ele>13.6</ele></trkpt><trkpt lat="-26.985722" lon="-48.639722"><ele>13.6</ele></trkpt><trkpt lat="-26.985722" lon="-48.639722"><ele>13.6</ele></trkpt><trkpt lat="-26.985722" lon="-48.639722"><ele>13.6</ele></trkpt><trkpt lat="-26.985722" lon="-48.639722"><ele>13.6</ele></trkpt><trkpt lat="-26.985722" lon="-48.639722"><ele>13.6</ele></trkpt><trkpt lat="-26.985722" lon="-48.639722"><ele>13.6</ele></trkpt><trkpt lat="-26.985722" lon="-48.639722"><ele>13.6</ele></trkpt><trkpt lat="-26.985722" lon="-48.639722"><ele>13.6</ele></trkpt><trkpt lat="-26.985722" lon="-48.639722"><ele>13.6</ele></trkpt><trkpt lat="-26.985722" lon="-48.639722"><ele>13.6</ele></trkpt><trkpt lat="-26.985722" lon="-48.639722"><ele>13.6</ele></trkpt><trkpt lat="-26.985722" lon="-48.639722"><ele>13.6</ele></trkpt><trkpt lat="-26.985722" lon="-48.639722"><ele>13.6</ele></trkpt><trkpt lat="-26.985722" lon="-48.639722"><ele>13.6</ele></trkpt><trkpt lat="-26.985722" lon="-48.639722"><ele>13.6</ele></trkpt><trkpt lat="-26.985722" lon="-48.639722"><ele>13.6</ele></trkpt><trkpt lat="-26.985722" lon="-48.639722"><ele>13.6</ele></trkpt><trkpt lat="-26.985722" lon="-48.639722"><ele>13.6</ele></trkpt><trkpt lat="-26.985722" lon="-48.639722"><ele>13.6</ele></trkpt><trkpt lat="-26.985722" lon="-48.639722"><ele>13.6</ele></trkpt><trkpt lat="-26.985722" lon="-48.639722"><ele>13.6</ele></trkpt><trkpt lat="-26.985722" lon="-48.639722"><ele>13.6</ele></trkpt><trkpt lat="-26.985722" lon="-48.639722"><ele>13.6</ele></trkpt><trkpt lat="-26.985722" lon="-48.639722"><ele>13.6</ele></trkpt><trkpt lat="-26.985722" lon="-48.639722"><ele>13.6</ele></trkpt><trkpt lat="-26.985722" lon="-48.639722"><ele>13.6</ele></trkpt><trkpt lat="-26.985722" lon="-48.639722"><ele>13.6</ele></trkpt><trkpt lat="-26.985697" lon="-48.63973"><ele>16.8</ele></trkpt><trkpt lat="-26.985685" lon="-48.639735"><ele>17.1</ele></trkpt><trkpt lat="-26.985663" lon="-48.639737"><ele>17.4</ele></trkpt><trkpt lat="-26.985645" lon="-48.63974"><ele>17.6</ele></trkpt><trkpt lat="-26.985623" lon="-48.63974"><ele>17.6</ele></trkpt><trkpt lat="-26.9856" lon="-48.63974"><ele>16.9</ele></trkpt><trkpt lat="-26.985575" lon="-48.639743"><ele>16.2</ele></trkpt><trkpt lat="-26.985557" lon="-48.639745"><ele>15.8</ele></trkpt><trkpt lat="-26.985525" lon="-48.639757"><ele>16.2</ele></trkpt><trkpt lat="-26.985525" lon="-48.639757"><ele>16.2</ele></trkpt><trkpt lat="-26.9855" lon="-48.63976"><ele>15.8</ele></trkpt><trkpt lat="-26.985477" lon="-48.639763"><ele>15.4</ele></trkpt><trkpt lat="-26.985455" lon="-48.639768"><ele>15.3</ele></trkpt><trkpt lat="-26.985438" lon="-48.63977"><ele>15.1</ele></trkpt><trkpt lat="-26.985425" lon="-48.639768"><ele>15.3</ele></trkpt><trkpt lat="-26.985418" lon="-48.639768"><ele>15</ele></trkpt><trkpt lat="-26.985418" lon="-48.63977"><ele>14.9</ele></trkpt><trkpt lat="-26.985415" lon="-48.639772"><ele>14.8</ele></trkpt><trkpt lat="-26.985415" lon="-48.63977"><ele>14.8</ele></trkpt><trkpt lat="-26.985413" lon="-48.639767"><ele>14.9</ele></trkpt><trkpt lat="-26.985412" lon="-48.639763"><ele>14.9</ele></trkpt><trkpt lat="-26.985417" lon="-48.639755"><ele>14.7</ele></trkpt><trkpt lat="-26.985417" lon="-48.639755"><ele>14.7</ele></trkpt><trkpt lat="-26.985417" lon="-48.639748"><ele>14.4</ele></trkpt><trkpt lat="-26.985417" lon="-48.63974"><ele>14.3</ele></trkpt><trkpt lat="-26.98541" lon="-48.639732"><ele>14.3</ele></trkpt><trkpt lat="-26.985403" lon="-48.639725"><ele>14.1</ele></trkpt><trkpt lat="-26.985388" lon="-48.639722"><ele>14.2</ele></trkpt><trkpt lat="-26.985368" lon="-48.639713"><ele>14.5</ele></trkpt><trkpt lat="-26.985345" lon="-48.639705"><ele>14.8</ele></trkpt><trkpt lat="-26.985325" lon="-48.6397"><ele>15</ele></trkpt><trkpt lat="-26.985305" lon="-48.6397"><ele>15.1</ele></trkpt><trkpt lat="-26.985287" lon="-48.639697"><ele>15.4</ele></trkpt><trkpt lat="-26.985263" lon="-48.639693"><ele>15.3</ele></trkpt><trkpt lat="-26.985243" lon="-48.639692"><ele>15.4</ele></trkpt><trkpt lat="-26.985225" lon="-48.639695"><ele>15.1</ele></trkpt><trkpt lat="-26.985208" lon="-48.639693"><ele>15.3</ele></trkpt><trkpt lat="-26.985187" lon="-48.639677"><ele>15</ele></trkpt><trkpt lat="-26.98516" lon="-48.639682"><ele>14.2</ele></trkpt><trkpt lat="-26.985133" lon="-48.639688"><ele>14.9</ele></trkpt><trkpt lat="-26.985108" lon="-48.639693"><ele>15.6</ele></trkpt><trkpt lat="-26.985082" lon="-48.639697"><ele>15.1</ele></trkpt><trkpt lat="-26.98506" lon="-48.639698"><ele>15.2</ele></trkpt><trkpt lat="-26.985038" lon="-48.639702"><ele>15.6</ele></trkpt><trkpt lat="-26.98502" lon="-48.639718"><ele>16.1</ele></trkpt><trkpt lat="-26.985005" lon="-48.639727"><ele>16.3</ele></trkpt><trkpt lat="-26.984993" lon="-48.639728"><ele>16.2</ele></trkpt><trkpt lat="-26.984988" lon="-48.639732"><ele>16.8</ele></trkpt><trkpt lat="-26.984988" lon="-48.639732"><ele>16.8</ele></trkpt><trkpt lat="-26.984987" lon="-48.639737"><ele>16.3</ele></trkpt><trkpt lat="-26.984985" lon="-48.63974"><ele>16</ele></trkpt><trkpt lat="-26.984983" lon="-48.639743"><ele>15.7</ele></trkpt><trkpt lat="-26.984982" lon="-48.639743"><ele>15.6</ele></trkpt><trkpt lat="-26.98498" lon="-48.639743"><ele>15.6</ele></trkpt><trkpt lat="-26.98498" lon="-48.639743"><ele>15.6</ele></trkpt><trkpt lat="-26.984982" lon="-48.639742"><ele>15.9</ele></trkpt><trkpt lat="-26.984973" lon="-48.639743"><ele>16.2</ele></trkpt><trkpt lat="-26.98497" lon="-48.639745"><ele>16.3</ele></trkpt><trkpt lat="-26.984965" lon="-48.639747"><ele>16.6</ele></trkpt><trkpt lat="-26.984957" lon="-48.639748"><ele>16.5</ele></trkpt><trkpt lat="-26.984948" lon="-48.639752"><ele>16.6</ele></trkpt><trkpt lat="-26.984937" lon="-48.639757"><ele>16.4</ele></trkpt><trkpt lat="-26.984925" lon="-48.639757"><ele>16.2</ele></trkpt><trkpt lat="-26.984908" lon="-48.63976"><ele>15.9</ele></trkpt><trkpt lat="-26.984888" lon="-48.639767"><ele>15.6</ele></trkpt><trkpt lat="-26.98486" lon="-48.63977"><ele>15.4</ele></trkpt><trkpt lat="-26.984832" lon="-48.639773"><ele>15.3</ele></trkpt><trkpt lat="-26.984832" lon="-48.639773"><ele>15.3</ele></trkpt><trkpt lat="-26.984805" lon="-48.639775"><ele>15.7</ele></trkpt><trkpt lat="-26.984783" lon="-48.63978"><ele>16.4</ele></trkpt><trkpt lat="-26.984763" lon="-48.639788"><ele>16.8</ele></trkpt><trkpt lat="-26.984758" lon="-48.639792"><ele>16.9</ele></trkpt><trkpt lat="-26.984755" lon="-48.639795"><ele>16.8</ele></trkpt><trkpt lat="-26.984752" lon="-48.639798"><ele>16.8</ele></trkpt><trkpt lat="-26.984748" lon="-48.6398"><ele>16.6</ele></trkpt><trkpt lat="-26.984745" lon="-48.6398"><ele>16.5</ele></trkpt><trkpt lat="-26.984745" lon="-48.639798"><ele>16.4</ele></trkpt><trkpt lat="-26.984745" lon="-48.639798"><ele>16.4</ele></trkpt><trkpt lat="-26.984743" lon="-48.6398"><ele>16.3</ele></trkpt><trkpt lat="-26.984743" lon="-48.6398"><ele>16</ele></trkpt><trkpt lat="-26.984743" lon="-48.639795"><ele>15.6</ele></trkpt><trkpt lat="-26.98474" lon="-48.639788"><ele>15.5</ele></trkpt><trkpt lat="-26.984732" lon="-48.639783"><ele>15.1</ele></trkpt><trkpt lat="-26.984723" lon="-48.639778"><ele>15.5</ele></trkpt><trkpt lat="-26.984713" lon="-48.639773"><ele>15.3</ele></trkpt><trkpt lat="-26.984697" lon="-48.63977"><ele>15</ele></trkpt><trkpt lat="-26.984675" lon="-48.639775"><ele>14.7</ele></trkpt><trkpt lat="-26.984655" lon="-48.63978"><ele>14.5</ele></trkpt><trkpt lat="-26.984637" lon="-48.639788"><ele>15.5</ele></trkpt><trkpt lat="-26.98461" lon="-48.639795"><ele>17.9</ele></trkpt><trkpt lat="-26.984587" lon="-48.639797"><ele>17.5</ele></trkpt><trkpt lat="-26.984562" lon="-48.639795"><ele>16.5</ele></trkpt><trkpt lat="-26.984547" lon="-48.6398"><ele>15.8</ele></trkpt><trkpt lat="-26.984538" lon="-48.639808"><ele>15.6</ele></trkpt><trkpt lat="-26.984538" lon="-48.639808"><ele>15.6</ele></trkpt><trkpt lat="-26.984537" lon="-48.639812"><ele>15.6</ele></trkpt><trkpt lat="-26.98454" lon="-48.639815"><ele>15.9</ele></trkpt><trkpt lat="-26.984538" lon="-48.639818"><ele>16.2</ele></trkpt><trkpt lat="-26.98454" lon="-48.639822"><ele>16.3</ele></trkpt><trkpt lat="-26.98454" lon="-48.639822"><ele>16.3</ele></trkpt><trkpt lat="-26.98454" lon="-48.639827"><ele>16.6</ele></trkpt><trkpt lat="-26.984538" lon="-48.639832"><ele>16.7</ele></trkpt><trkpt lat="-26.98454" lon="-48.639832"><ele>16.9</ele></trkpt><trkpt lat="-26.984542" lon="-48.639833"><ele>17.1</ele></trkpt><trkpt lat="-26.984542" lon="-48.639833"><ele>17.1</ele></trkpt><trkpt lat="-26.984542" lon="-48.639833"><ele>17.1</ele></trkpt><trkpt lat="-26.984542" lon="-48.639833"><ele>17.1</ele></trkpt><trkpt lat="-26.984542" lon="-48.639833"><ele>17.1</ele></trkpt><trkpt lat="-26.984542" lon="-48.639833"><ele>17.1</ele></trkpt><trkpt lat="-26.98454" lon="-48.639847"><ele>18.1</ele></trkpt><trkpt lat="-26.984528" lon="-48.639847"><ele>18.1</ele></trkpt><trkpt lat="-26.984512" lon="-48.639847"><ele>18</ele></trkpt><trkpt lat="-26.98449" lon="-48.639843"><ele>18.1</ele></trkpt><trkpt lat="-26.984467" lon="-48.639843"><ele>18.2</ele></trkpt><trkpt lat="-26.984445" lon="-48.639843"><ele>18.7</ele></trkpt><trkpt lat="-26.984432" lon="-48.639845"><ele>18.2</ele></trkpt><trkpt lat="-26.984422" lon="-48.639847"><ele>18.4</ele></trkpt><trkpt lat="-26.984415" lon="-48.639847"><ele>18.2</ele></trkpt><trkpt lat="-26.984415" lon="-48.639848"><ele>18.1</ele></trkpt><trkpt lat="-26.984415" lon="-48.639848"><ele>18.3</ele></trkpt><trkpt lat="-26.984417" lon="-48.639852"><ele>18.1</ele></trkpt><trkpt lat="-26.984417" lon="-48.639853"><ele>17.8</ele></trkpt><trkpt lat="-26.984417" lon="-48.639853"><ele>17.8</ele></trkpt><trkpt lat="-26.984415" lon="-48.639855"><ele>17.7</ele></trkpt><trkpt lat="-26.984415" lon="-48.639855"><ele>17.7</ele></trkpt><trkpt lat="-26.984413" lon="-48.639857"><ele>17.5</ele></trkpt><trkpt lat="-26.984413" lon="-48.639857"><ele>17.2</ele></trkpt><trkpt lat="-26.984412" lon="-48.639855"><ele>16.8</ele></trkpt><trkpt lat="-26.984412" lon="-48.639855"><ele>16.8</ele></trkpt><trkpt lat="-26.984412" lon="-48.639855"><ele>16.4</ele></trkpt><trkpt lat="-26.984412" lon="-48.639855"><ele>16.4</ele></trkpt><trkpt lat="-26.984412" lon="-48.639855"><ele>16.4</ele></trkpt><trkpt lat="-26.984412" lon="-48.639855"><ele>16.4</ele></trkpt><trkpt lat="-26.984412" lon="-48.639855"><ele>16.4</ele></trkpt><trkpt lat="-26.984412" lon="-48.639855"><ele>16.4</ele></trkpt><trkpt lat="-26.984412" lon="-48.639855"><ele>16.4</ele></trkpt><trkpt lat="-26.984412" lon="-48.639855"><ele>16.4</ele></trkpt><trkpt lat="-26.984412" lon="-48.639855"><ele>16.4</ele></trkpt><trkpt lat="-26.984412" lon="-48.639855"><ele>16.4</ele></trkpt><trkpt lat="-26.984412" lon="-48.639855"><ele>16.4</ele></trkpt><trkpt lat="-26.984412" lon="-48.639855"><ele>16.4</ele></trkpt><trkpt lat="-26.984412" lon="-48.639855"><ele>16.4</ele></trkpt><trkpt lat="-26.984412" lon="-48.639855"><ele>16.4</ele></trkpt><trkpt lat="-26.984412" lon="-48.639855"><ele>16.4</ele></trkpt><trkpt lat="-26.984397" lon="-48.639878"><ele>16.2</ele></trkpt><trkpt lat="-26.984387" lon="-48.63988"><ele>16.6</ele></trkpt><trkpt lat="-26.984393" lon="-48.63987"><ele>17</ele></trkpt><trkpt lat="-26.984392" lon="-48.639865"><ele>17.2</ele></trkpt><trkpt lat="-26.98439" lon="-48.639862"><ele>17.4</ele></trkpt><trkpt lat="-26.984385" lon="-48.639857"><ele>18</ele></trkpt><trkpt lat="-26.984385" lon="-48.639853"><ele>17.9</ele></trkpt><trkpt lat="-26.98439" lon="-48.63985"><ele>18</ele></trkpt><trkpt lat="-26.984392" lon="-48.63985"><ele>18.8</ele></trkpt><trkpt lat="-26.984388" lon="-48.639855"><ele>19.7</ele></trkpt><trkpt lat="-26.984382" lon="-48.639855"><ele>21.3</ele></trkpt><trkpt lat="-26.984382" lon="-48.639858"><ele>22.5</ele></trkpt><trkpt lat="-26.984378" lon="-48.639857"><ele>23.3</ele></trkpt><trkpt lat="-26.984373" lon="-48.639858"><ele>23.8</ele></trkpt><trkpt lat="-26.98437" lon="-48.639858"><ele>24.3</ele></trkpt><trkpt lat="-26.98437" lon="-48.639858"><ele>24.7</ele></trkpt><trkpt lat="-26.984368" lon="-48.639858"><ele>25.2</ele></trkpt><trkpt lat="-26.984365" lon="-48.63986"><ele>25.4</ele></trkpt><trkpt lat="-26.984365" lon="-48.63986"><ele>25.4</ele></trkpt><trkpt lat="-26.984365" lon="-48.63986"><ele>25.4</ele></trkpt><trkpt lat="-26.984365" lon="-48.63986"><ele>25.4</ele></trkpt><trkpt lat="-26.984365" lon="-48.63986"><ele>25.4</ele></trkpt><trkpt lat="-26.984365" lon="-48.63986"><ele>25.4</ele></trkpt><trkpt lat="-26.984365" lon="-48.63986"><ele>25.4</ele></trkpt><trkpt lat="-26.984365" lon="-48.63986"><ele>25.4</ele></trkpt><trkpt lat="-26.984365" lon="-48.63986"><ele>25.4</ele></trkpt><trkpt lat="-26.984365" lon="-48.63986"><ele>25.4</ele></trkpt><trkpt lat="-26.984365" lon="-48.63986"><ele>25.4</ele></trkpt><trkpt lat="-26.984373" lon="-48.639878"><ele>26.7</ele></trkpt><trkpt lat="-26.984368" lon="-48.639882"><ele>26.7</ele></trkpt><trkpt lat="-26.98436" lon="-48.639883"><ele>26.7</ele></trkpt><trkpt lat="-26.98435" lon="-48.639888"><ele>26.8</ele></trkpt><trkpt lat="-26.984345" lon="-48.639893"><ele>26.3</ele></trkpt><trkpt lat="-26.984343" lon="-48.639893"><ele>25.9</ele></trkpt><trkpt lat="-26.984342" lon="-48.639897"><ele>25.7</ele></trkpt><trkpt lat="-26.984335" lon="-48.6399"><ele>25.5</ele></trkpt><trkpt lat="-26.984332" lon="-48.6399"><ele>25.3</ele></trkpt><trkpt lat="-26.984327" lon="-48.639902"><ele>25.7</ele></trkpt><trkpt lat="-26.984323" lon="-48.639908"><ele>25.9</ele></trkpt><trkpt lat="-26.984318" lon="-48.63991"><ele>26.1</ele></trkpt><trkpt lat="-26.984313" lon="-48.639915"><ele>25.9</ele></trkpt><trkpt lat="-26.984312" lon="-48.639915"><ele>25.8</ele></trkpt><trkpt lat="-26.98431" lon="-48.639918"><ele>25.1</ele></trkpt><trkpt lat="-26.984315" lon="-48.639918"><ele>24.4</ele></trkpt><trkpt lat="-26.984317" lon="-48.639917"><ele>24.5</ele></trkpt><trkpt lat="-26.984317" lon="-48.63992"><ele>24.5</ele></trkpt><trkpt lat="-26.984317" lon="-48.63992"><ele>24.5</ele></trkpt><trkpt lat="-26.984317" lon="-48.63992"><ele>24.5</ele></trkpt><trkpt lat="-26.984312" lon="-48.639922"><ele>24.8</ele></trkpt><trkpt lat="-26.984305" lon="-48.639917"><ele>25.1</ele></trkpt><trkpt lat="-26.984293" lon="-48.639907"><ele>25</ele></trkpt><trkpt lat="-26.984283" lon="-48.6399"><ele>25</ele></trkpt><trkpt lat="-26.984275" lon="-48.639897"><ele>25</ele></trkpt><trkpt lat="-26.984268" lon="-48.63989"><ele>25</ele></trkpt><trkpt lat="-26.984262" lon="-48.63989"><ele>25</ele></trkpt><trkpt lat="-26.984262" lon="-48.63989"><ele>25</ele></trkpt><trkpt lat="-26.984257" lon="-48.63989"><ele>25</ele></trkpt><trkpt lat="-26.984255" lon="-48.639888"><ele>24.8</ele></trkpt><trkpt lat="-26.984252" lon="-48.639887"><ele>24.6</ele></trkpt><trkpt lat="-26.984252" lon="-48.639887"><ele>24.6</ele></trkpt><trkpt lat="-26.984248" lon="-48.639888"><ele>24.4</ele></trkpt><trkpt lat="-26.984247" lon="-48.63989"><ele>24.2</ele></trkpt><trkpt lat="-26.984247" lon="-48.63989"><ele>24.2</ele></trkpt><trkpt lat="-26.984243" lon="-48.639888"><ele>24.1</ele></trkpt><trkpt lat="-26.984243" lon="-48.639888"><ele>24.1</ele></trkpt><trkpt lat="-26.984242" lon="-48.63989"><ele>24</ele></trkpt><trkpt lat="-26.984242" lon="-48.63989"><ele>23.8</ele></trkpt><trkpt lat="-26.984243" lon="-48.639885"><ele>23.5</ele></trkpt><trkpt lat="-26.984243" lon="-48.639883"><ele>23.2</ele></trkpt><trkpt lat="-26.984243" lon="-48.639882"><ele>22.9</ele></trkpt><trkpt lat="-26.984243" lon="-48.63988"><ele>22.6</ele></trkpt><trkpt lat="-26.984243" lon="-48.639878"><ele>22.3</ele></trkpt><trkpt lat="-26.984243" lon="-48.639878"><ele>22.3</ele></trkpt><trkpt lat="-26.984243" lon="-48.639878"><ele>22.3</ele></trkpt><trkpt lat="-26.984243" lon="-48.639878"><ele>22.3</ele></trkpt><trkpt lat="-26.984243" lon="-48.639878"><ele>22.3</ele></trkpt><trkpt lat="-26.984243" lon="-48.639878"><ele>22.3</ele></trkpt><trkpt lat="-26.984243" lon="-48.639878"><ele>22.3</ele></trkpt><trkpt lat="-26.984243" lon="-48.639878"><ele>22.3</ele></trkpt><trkpt lat="-26.984243" lon="-48.639878"><ele>22.3</ele></trkpt><trkpt lat="-26.984243" lon="-48.639878"><ele>22.3</ele></trkpt><trkpt lat="-26.984243" lon="-48.639878"><ele>22.3</ele></trkpt><trkpt lat="-26.984222" lon="-48.63987"><ele>19</ele></trkpt><trkpt lat="-26.984213" lon="-48.639873"><ele>18.7</ele></trkpt><trkpt lat="-26.984202" lon="-48.639872"><ele>18.3</ele></trkpt><trkpt lat="-26.984192" lon="-48.639872"><ele>18.2</ele></trkpt><trkpt lat="-26.984182" lon="-48.63987"><ele>17.5</ele></trkpt><trkpt lat="-26.984173" lon="-48.639873"><ele>17.2</ele></trkpt><trkpt lat="-26.984163" lon="-48.63988"><ele>17</ele></trkpt><trkpt lat="-26.984153" lon="-48.639887"><ele>16.6</ele></trkpt><trkpt lat="-26.984143" lon="-48.639887"><ele>16.3</ele></trkpt><trkpt lat="-26.984135" lon="-48.639887"><ele>15.4</ele></trkpt><trkpt lat="-26.984123" lon="-48.639888"><ele>14.9</ele></trkpt><trkpt lat="-26.984113" lon="-48.639887"><ele>14.4</ele></trkpt><trkpt lat="-26.984103" lon="-48.639885"><ele>14</ele></trkpt><trkpt lat="-26.984095" lon="-48.639885"><ele>13.9</ele></trkpt><trkpt lat="-26.984085" lon="-48.639883"><ele>13.8</ele></trkpt><trkpt lat="-26.984072" lon="-48.639882"><ele>14</ele></trkpt><trkpt lat="-26.984057" lon="-48.639882"><ele>14.4</ele></trkpt><trkpt lat="-26.984043" lon="-48.639883"><ele>14.8</ele></trkpt><trkpt lat="-26.984028" lon="-48.639885"><ele>15.4</ele></trkpt><trkpt lat="-26.984015" lon="-48.639888"><ele>15.7</ele></trkpt><trkpt lat="-26.983995" lon="-48.639893"><ele>16.1</ele></trkpt><trkpt lat="-26.983973" lon="-48.639898"><ele>16.3</ele></trkpt><trkpt lat="-26.983955" lon="-48.639908"><ele>16.2</ele></trkpt><trkpt lat="-26.983938" lon="-48.639913"><ele>16.9</ele></trkpt><trkpt lat="-26.983933" lon="-48.639915"><ele>17.5</ele></trkpt><trkpt lat="-26.983925" lon="-48.639925"><ele>18.4</ele></trkpt><trkpt lat="-26.983915" lon="-48.639938"><ele>19.3</ele></trkpt><trkpt lat="-26.983905" lon="-48.639947"><ele>20.3</ele></trkpt><trkpt lat="-26.983895" lon="-48.639957"><ele>21.4</ele></trkpt><trkpt lat="-26.983888" lon="-48.639962"><ele>23</ele></trkpt><trkpt lat="-26.983882" lon="-48.639973"><ele>24.5</ele></trkpt><trkpt lat="-26.983878" lon="-48.639982"><ele>25.8</ele></trkpt><trkpt lat="-26.983873" lon="-48.639995"><ele>26.9</ele></trkpt><trkpt lat="-26.98387" lon="-48.640002"><ele>28.4</ele></trkpt><trkpt lat="-26.983865" lon="-48.640005"><ele>29.6</ele></trkpt><trkpt lat="-26.983858" lon="-48.640012"><ele>30.5</ele></trkpt><trkpt lat="-26.983862" lon="-48.640012"><ele>30.4</ele></trkpt><trkpt lat="-26.98386" lon="-48.640013"><ele>31.8</ele></trkpt><trkpt lat="-26.98386" lon="-48.640012"><ele>31.9</ele></trkpt><trkpt lat="-26.98386" lon="-48.640012"><ele>31.9</ele></trkpt><trkpt lat="-26.983865" lon="-48.640005"><ele>31.1</ele></trkpt><trkpt lat="-26.983872" lon="-48.639995"><ele>29.3</ele></trkpt><trkpt lat="-26.983877" lon="-48.63999"><ele>28.6</ele></trkpt><trkpt lat="-26.98388" lon="-48.639987"><ele>28.2</ele></trkpt><trkpt lat="-26.983883" lon="-48.639982"><ele>27.6</ele></trkpt><trkpt lat="-26.983885" lon="-48.639982"><ele>27.2</ele></trkpt><trkpt lat="-26.983885" lon="-48.639977"><ele>26.8</ele></trkpt><trkpt lat="-26.983885" lon="-48.639977"><ele>26.8</ele></trkpt><trkpt lat="-26.983883" lon="-48.63997"><ele>26.4</ele></trkpt><trkpt lat="-26.983885" lon="-48.639955"><ele>25.8</ele></trkpt><trkpt lat="-26.983885" lon="-48.639952"><ele>24.9</ele></trkpt><trkpt lat="-26.983878" lon="-48.639953"><ele>24.6</ele></trkpt><trkpt lat="-26.983873" lon="-48.639957"><ele>24.3</ele></trkpt><trkpt lat="-26.98387" lon="-48.63996"><ele>23.6</ele></trkpt><trkpt lat="-26.98386" lon="-48.639963"><ele>23.1</ele></trkpt><trkpt lat="-26.983848" lon="-48.639962"><ele>22.3</ele></trkpt><trkpt lat="-26.983833" lon="-48.639957"><ele>21.7</ele></trkpt><trkpt lat="-26.98382" lon="-48.639947"><ele>20.1</ele></trkpt><trkpt lat="-26.98381" lon="-48.639927"><ele>18.3</ele></trkpt><trkpt lat="-26.983805" lon="-48.639917"><ele>17.3</ele></trkpt><trkpt lat="-26.983805" lon="-48.639917"><ele>17.3</ele></trkpt><trkpt lat="-26.9838" lon="-48.639913"><ele>16.5</ele></trkpt><trkpt lat="-26.983798" lon="-48.639908"><ele>16</ele></trkpt><trkpt lat="-26.983797" lon="-48.639908"><ele>15.9</ele></trkpt><trkpt lat="-26.983795" lon="-48.639905"><ele>15.7</ele></trkpt><trkpt lat="-26.983797" lon="-48.639902"><ele>15.4</ele></trkpt><trkpt lat="-26.9838" lon="-48.6399"><ele>15.1</ele></trkpt><trkpt lat="-26.983803" lon="-48.639897"><ele>14.6</ele></trkpt><trkpt lat="-26.983805" lon="-48.639893"><ele>14.2</ele></trkpt><trkpt lat="-26.983807" lon="-48.63989"><ele>13.8</ele></trkpt><trkpt lat="-26.983807" lon="-48.63989"><ele>13.8</ele></trkpt><trkpt lat="-26.983807" lon="-48.63989"><ele>13.8</ele></trkpt><trkpt lat="-26.98382" lon="-48.639868"><ele>12.7</ele></trkpt><trkpt lat="-26.983818" lon="-48.639862"><ele>12.6</ele></trkpt><trkpt lat="-26.983818" lon="-48.639858"><ele>12.6</ele></trkpt><trkpt lat="-26.98382" lon="-48.63986"><ele>12.5</ele></trkpt><trkpt lat="-26.983822" lon="-48.639862"><ele>12.4</ele></trkpt><trkpt lat="-26.983822" lon="-48.639862"><ele>12</ele></trkpt><trkpt lat="-26.983823" lon="-48.63986"><ele>11.8</ele></trkpt><trkpt lat="-26.983825" lon="-48.639862"><ele>11.6</ele></trkpt><trkpt lat="-26.983823" lon="-48.63986"><ele>11.5</ele></trkpt><trkpt lat="-26.983823" lon="-48.63986"><ele>11.5</ele></trkpt><trkpt lat="-26.983827" lon="-48.639858"><ele>10.9</ele></trkpt><trkpt lat="-26.983827" lon="-48.639858"><ele>10.9</ele></trkpt><trkpt lat="-26.983827" lon="-48.639858"><ele>10.5</ele></trkpt><trkpt lat="-26.983827" lon="-48.639858"><ele>10.5</ele></trkpt><trkpt lat="-26.983827" lon="-48.639858"><ele>10.5</ele></trkpt><trkpt lat="-26.983827" lon="-48.639858"><ele>10.5</ele></trkpt><trkpt lat="-26.983813" lon="-48.639847"><ele>10.4</ele></trkpt><trkpt lat="-26.983807" lon="-48.639838"><ele>10.4</ele></trkpt><trkpt lat="-26.983792" lon="-48.639837"><ele>10.3</ele></trkpt><trkpt lat="-26.983773" lon="-48.63984"><ele>10.2</ele></trkpt><trkpt lat="-26.983752" lon="-48.639852"><ele>10.2</ele></trkpt><trkpt lat="-26.983728" lon="-48.639863"><ele>10.3</ele></trkpt><trkpt lat="-26.983702" lon="-48.639873"><ele>10.6</ele></trkpt><trkpt lat="-26.983673" lon="-48.63988"><ele>10.8</ele></trkpt><trkpt lat="-26.983642" lon="-48.639883"><ele>11.3</ele></trkpt><trkpt lat="-26.983608" lon="-48.639892"><ele>12.4</ele></trkpt><trkpt lat="-26.983573" lon="-48.6399"><ele>13.4</ele></trkpt><trkpt lat="-26.983538" lon="-48.63991"><ele>14.7</ele></trkpt><trkpt lat="-26.983507" lon="-48.639918"><ele>16</ele></trkpt><trkpt lat="-26.983477" lon="-48.639928"><ele>17.5</ele></trkpt><trkpt lat="-26.983447" lon="-48.639937"><ele>18.2</ele></trkpt><trkpt lat="-26.983422" lon="-48.639947"><ele>19.3</ele></trkpt><trkpt lat="-26.9834" lon="-48.639955"><ele>20</ele></trkpt><trkpt lat="-26.983378" lon="-48.639957"><ele>20.7</ele></trkpt><trkpt lat="-26.983367" lon="-48.639957"><ele>21.4</ele></trkpt><trkpt lat="-26.983357" lon="-48.639958"><ele>22.5</ele></trkpt><trkpt lat="-26.98335" lon="-48.639962"><ele>23.3</ele></trkpt><trkpt lat="-26.983343" lon="-48.639962"><ele>24.2</ele></trkpt><trkpt lat="-26.983345" lon="-48.63997"><ele>24.3</ele></trkpt><trkpt lat="-26.983345" lon="-48.639975"><ele>25</ele></trkpt><trkpt lat="-26.983345" lon="-48.63997"><ele>25.1</ele></trkpt><trkpt lat="-26.983343" lon="-48.639967"><ele>24.6</ele></trkpt><trkpt lat="-26.983338" lon="-48.639965"><ele>23.8</ele></trkpt><trkpt lat="-26.983337" lon="-48.639965"><ele>23.7</ele></trkpt><trkpt lat="-26.983338" lon="-48.639965"><ele>23.6</ele></trkpt><trkpt lat="-26.983338" lon="-48.639965"><ele>23.1</ele></trkpt><trkpt lat="-26.983342" lon="-48.63997"><ele>23.1</ele></trkpt><trkpt lat="-26.983345" lon="-48.639973"><ele>23</ele></trkpt><trkpt lat="-26.983347" lon="-48.639977"><ele>22.9</ele></trkpt><trkpt lat="-26.983348" lon="-48.63998"><ele>23</ele></trkpt><trkpt lat="-26.983347" lon="-48.639985"><ele>22.9</ele></trkpt><trkpt lat="-26.983347" lon="-48.63999"><ele>22.8</ele></trkpt><trkpt lat="-26.983345" lon="-48.639993"><ele>22.6</ele></trkpt><trkpt lat="-26.983343" lon="-48.639995"><ele>22.4</ele></trkpt><trkpt lat="-26.983343" lon="-48.639998"><ele>22.4</ele></trkpt><trkpt lat="-26.983343" lon="-48.639998"><ele>22.4</ele></trkpt><trkpt lat="-26.983343" lon="-48.639998"><ele>22.4</ele></trkpt><trkpt lat="-26.983343" lon="-48.639998"><ele>22.4</ele></trkpt><trkpt lat="-26.983343" lon="-48.639998"><ele>22.4</ele></trkpt><trkpt lat="-26.983343" lon="-48.639998"><ele>22.4</ele></trkpt><trkpt lat="-26.983367" lon="-48.639995"><ele>20.5</ele></trkpt><trkpt lat="-26.983377" lon="-48.639993"><ele>20</ele></trkpt><trkpt lat="-26.983382" lon="-48.639993"><ele>19.8</ele></trkpt><trkpt lat="-26.98338" lon="-48.639988"><ele>19.9</ele></trkpt><trkpt lat="-26.983377" lon="-48.639987"><ele>19.9</ele></trkpt><trkpt lat="-26.983373" lon="-48.639987"><ele>19.9</ele></trkpt><trkpt lat="-26.983373" lon="-48.639987"><ele>19.9</ele></trkpt><trkpt lat="-26.983373" lon="-48.639987"><ele>19.9</ele></trkpt><trkpt lat="-26.983373" lon="-48.639987"><ele>19.9</ele></trkpt><trkpt lat="-26.983373" lon="-48.639987"><ele>19.9</ele></trkpt><trkpt lat="-26.983362" lon="-48.639987"><ele>19.8</ele></trkpt><trkpt lat="-26.983362" lon="-48.63999"><ele>19.8</ele></trkpt><trkpt lat="-26.983363" lon="-48.639992"><ele>19.8</ele></trkpt><trkpt lat="-26.983362" lon="-48.639987"><ele>19.8</ele></trkpt><trkpt lat="-26.983363" lon="-48.639972"><ele>19.7</ele></trkpt><trkpt lat="-26.983363" lon="-48.639972"><ele>19.7</ele></trkpt><trkpt lat="-26.983328" lon="-48.639982"><ele>20</ele></trkpt><trkpt lat="-26.983317" lon="-48.63998"><ele>19.9</ele></trkpt><trkpt lat="-26.983317" lon="-48.63998"><ele>19.9</ele></trkpt><trkpt lat="-26.983298" lon="-48.639977"><ele>20.1</ele></trkpt><trkpt lat="-26.983295" lon="-48.63997"><ele>20</ele></trkpt><trkpt lat="-26.983295" lon="-48.639963"><ele>19.9</ele></trkpt><trkpt lat="-26.983293" lon="-48.639957"><ele>19.9</ele></trkpt><trkpt lat="-26.983297" lon="-48.639952"><ele>19.8</ele></trkpt><trkpt lat="-26.983297" lon="-48.639952"><ele>19.7</ele></trkpt><trkpt lat="-26.983307" lon="-48.639942"><ele>19.7</ele></trkpt><trkpt lat="-26.983312" lon="-48.639938"><ele>19.7</ele></trkpt><trkpt lat="-26.983315" lon="-48.639938"><ele>19.7</ele></trkpt><trkpt lat="-26.983317" lon="-48.639935"><ele>19.6</ele></trkpt><trkpt lat="-26.983317" lon="-48.639935"><ele>19.6</ele></trkpt><trkpt lat="-26.983317" lon="-48.639935"><ele>19.7</ele></trkpt><trkpt lat="-26.983317" lon="-48.639935"><ele>19.7</ele></trkpt><trkpt lat="-26.983317" lon="-48.639935"><ele>19.6</ele></trkpt><trkpt lat="-26.983318" lon="-48.639935"><ele>19.7</ele></trkpt><trkpt lat="-26.983323" lon="-48.639937"><ele>19.7</ele></trkpt><trkpt lat="-26.983333" lon="-48.639938"><ele>19.6</ele></trkpt><trkpt lat="-26.983343" lon="-48.639938"><ele>19.5</ele></trkpt><trkpt lat="-26.98335" lon="-48.639937"><ele>19.5</ele></trkpt><trkpt lat="-26.983353" lon="-48.639935"><ele>19.5</ele></trkpt><trkpt lat="-26.983355" lon="-48.639932"><ele>19.5</ele></trkpt><trkpt lat="-26.983358" lon="-48.639933"><ele>19.4</ele></trkpt><trkpt lat="-26.983355" lon="-48.639928"><ele>19.4</ele></trkpt><trkpt lat="-26.983347" lon="-48.639923"><ele>19.3</ele></trkpt><trkpt lat="-26.983347" lon="-48.639923"><ele>19.3</ele></trkpt><trkpt lat="-26.983347" lon="-48.639923"><ele>19.3</ele></trkpt><trkpt lat="-26.983337" lon="-48.639922"><ele>19.3</ele></trkpt><trkpt lat="-26.983325" lon="-48.63992"><ele>19.2</ele></trkpt><trkpt lat="-26.98331" lon="-48.63992"><ele>19.1</ele></trkpt><trkpt lat="-26.983295" lon="-48.63992"><ele>19.1</ele></trkpt><trkpt lat="-26.983277" lon="-48.639923"><ele>18.9</ele></trkpt><trkpt lat="-26.983258" lon="-48.639925"><ele>18.8</ele></trkpt><trkpt lat="-26.983245" lon="-48.639928"><ele>18.8</ele></trkpt><trkpt lat="-26.983235" lon="-48.63993"><ele>18.8</ele></trkpt><trkpt lat="-26.983225" lon="-48.639935"><ele>18.8</ele></trkpt><trkpt lat="-26.983222" lon="-48.639938"><ele>18.6</ele></trkpt><trkpt lat="-26.983217" lon="-48.639947"><ele>18.7</ele></trkpt><trkpt lat="-26.983215" lon="-48.639952"><ele>18.8</ele></trkpt><trkpt lat="-26.983215" lon="-48.639952"><ele>18.8</ele></trkpt><trkpt lat="-26.983213" lon="-48.639958"><ele>18.7</ele></trkpt><trkpt lat="-26.983213" lon="-48.639962"><ele>18.5</ele></trkpt><trkpt lat="-26.983213" lon="-48.639967"><ele>18.5</ele></trkpt><trkpt lat="-26.983213" lon="-48.639973"><ele>18.5</ele></trkpt><trkpt lat="-26.983213" lon="-48.639977"><ele>18.5</ele></trkpt><trkpt lat="-26.983215" lon="-48.639978"><ele>18.5</ele></trkpt><trkpt lat="-26.983217" lon="-48.639978"><ele>18.6</ele></trkpt><trkpt lat="-26.983218" lon="-48.639978"><ele>18.6</ele></trkpt><trkpt lat="-26.983218" lon="-48.63998"><ele>18.6</ele></trkpt><trkpt lat="-26.983218" lon="-48.63998"><ele>18.6</ele></trkpt><trkpt lat="-26.98322" lon="-48.639978"><ele>18.5</ele></trkpt><trkpt lat="-26.98322" lon="-48.639975"><ele>18.5</ele></trkpt><trkpt lat="-26.98322" lon="-48.639972"><ele>18.4</ele></trkpt><trkpt lat="-26.983217" lon="-48.639973"><ele>18.3</ele></trkpt><trkpt lat="-26.983217" lon="-48.639973"><ele>18.3</ele></trkpt><trkpt lat="-26.9832" lon="-48.639973"><ele>18.2</ele></trkpt><trkpt lat="-26.983192" lon="-48.639975"><ele>17.8</ele></trkpt><trkpt lat="-26.983183" lon="-48.639978"><ele>17.6</ele></trkpt><trkpt lat="-26.983177" lon="-48.63998"><ele>17.1</ele></trkpt><trkpt lat="-26.983172" lon="-48.639983"><ele>17.1</ele></trkpt><trkpt lat="-26.98317" lon="-48.639987"><ele>16.9</ele></trkpt><trkpt lat="-26.983167" lon="-48.639988"><ele>17</ele></trkpt><trkpt lat="-26.983165" lon="-48.639987"><ele>16.9</ele></trkpt><trkpt lat="-26.983163" lon="-48.639985"><ele>16.9</ele></trkpt><trkpt lat="-26.983163" lon="-48.639985"><ele>16.9</ele></trkpt><trkpt lat="-26.983163" lon="-48.639985"><ele>16.9</ele></trkpt><trkpt lat="-26.983163" lon="-48.639985"><ele>16.9</ele></trkpt><trkpt lat="-26.983163" lon="-48.639985"><ele>16.9</ele></trkpt><trkpt lat="-26.983163" lon="-48.639985"><ele>16.9</ele></trkpt><trkpt lat="-26.983163" lon="-48.639985"><ele>16.9</ele></trkpt><trkpt lat="-26.983163" lon="-48.639985"><ele>16.9</ele></trkpt><trkpt lat="-26.983163" lon="-48.639985"><ele>16.9</ele></trkpt><trkpt lat="-26.983163" lon="-48.639985"><ele>16.9</ele></trkpt><trkpt lat="-26.983163" lon="-48.639985"><ele>16.9</ele></trkpt><trkpt lat="-26.983163" lon="-48.639985"><ele>16.9</ele></trkpt><trkpt lat="-26.983163" lon="-48.639985"><ele>16.9</ele></trkpt><trkpt lat="-26.983163" lon="-48.639985"><ele>16.9</ele></trkpt><trkpt lat="-26.983163" lon="-48.639985"><ele>16.9</ele></trkpt><trkpt lat="-26.983163" lon="-48.639985"><ele>16.9</ele></trkpt><trkpt lat="-26.983163" lon="-48.639985"><ele>16.9</ele></trkpt><trkpt lat="-26.983163" lon="-48.639985"><ele>16.9</ele></trkpt><trkpt lat="-26.983163" lon="-48.639985"><ele>16.9</ele></trkpt><trkpt lat="-26.983163" lon="-48.639985"><ele>16.9</ele></trkpt><trkpt lat="-26.983163" lon="-48.639985"><ele>16.9</ele></trkpt><trkpt lat="-26.983163" lon="-48.639985"><ele>16.9</ele></trkpt><trkpt lat="-26.983163" lon="-48.639985"><ele>16.9</ele></trkpt><trkpt lat="-26.983158" lon="-48.640003"><ele>17.3</ele></trkpt><trkpt lat="-26.98316" lon="-48.640002"><ele>17.3</ele></trkpt><trkpt lat="-26.983153" lon="-48.64"><ele>17.2</ele></trkpt><trkpt lat="-26.983147" lon="-48.639993"><ele>16.9</ele></trkpt><trkpt lat="-26.983138" lon="-48.639993"><ele>16.7</ele></trkpt><trkpt lat="-26.983125" lon="-48.639988"><ele>16.5</ele></trkpt><trkpt lat="-26.983125" lon="-48.639988"><ele>16.5</ele></trkpt><trkpt lat="-26.983107" lon="-48.639985"><ele>16.3</ele></trkpt><trkpt lat="-26.983085" lon="-48.639987"><ele>16.3</ele></trkpt><trkpt lat="-26.983067" lon="-48.639988"><ele>16.1</ele></trkpt><trkpt lat="-26.983057" lon="-48.639983"><ele>16.2</ele></trkpt><trkpt lat="-26.983048" lon="-48.639978"><ele>16.3</ele></trkpt><trkpt lat="-26.983035" lon="-48.639983"><ele>16.9</ele></trkpt><trkpt lat="-26.983025" lon="-48.639988"><ele>17.4</ele></trkpt><trkpt lat="-26.983022" lon="-48.639988"><ele>17.8</ele></trkpt><trkpt lat="-26.983022" lon="-48.639987"><ele>18.5</ele></trkpt><trkpt lat="-26.983022" lon="-48.639983"><ele>18.9</ele></trkpt><trkpt lat="-26.983025" lon="-48.639982"><ele>19.2</ele></trkpt><trkpt lat="-26.983025" lon="-48.639978"><ele>20</ele></trkpt><trkpt lat="-26.983022" lon="-48.639992"><ele>20.9</ele></trkpt><trkpt lat="-26.983022" lon="-48.639992"><ele>20.9</ele></trkpt><trkpt lat="-26.983015" lon="-48.640002"><ele>21.7</ele></trkpt><trkpt lat="-26.983012" lon="-48.640008"><ele>23.2</ele></trkpt><trkpt lat="-26.983007" lon="-48.640018"><ele>24.2</ele></trkpt><trkpt lat="-26.983" lon="-48.640025"><ele>24.8</ele></trkpt><trkpt lat="-26.982987" lon="-48.640032"><ele>25.1</ele></trkpt><trkpt lat="-26.98297" lon="-48.640033"><ele>25.4</ele></trkpt><trkpt lat="-26.98295" lon="-48.640027"><ele>25.3</ele></trkpt><trkpt lat="-26.982932" lon="-48.640028"><ele>25.2</ele></trkpt><trkpt lat="-26.982918" lon="-48.640028"><ele>25.2</ele></trkpt><trkpt lat="-26.982912" lon="-48.640025"><ele>24.6</ele></trkpt><trkpt lat="-26.982912" lon="-48.640023"><ele>24.4</ele></trkpt><trkpt lat="-26.982908" lon="-48.640023"><ele>24.5</ele></trkpt><trkpt lat="-26.982908" lon="-48.640023"><ele>24.6</ele></trkpt><trkpt lat="-26.982907" lon="-48.640023"><ele>24.6</ele></trkpt><trkpt lat="-26.982908" lon="-48.640022"><ele>24.7</ele></trkpt><trkpt lat="-26.982907" lon="-48.640023"><ele>24.9</ele></trkpt><trkpt lat="-26.982907" lon="-48.640025"><ele>25.1</ele></trkpt><trkpt lat="-26.982905" lon="-48.640032"><ele>25.4</ele></trkpt><trkpt lat="-26.982905" lon="-48.640033"><ele>25.4</ele></trkpt><trkpt lat="-26.982905" lon="-48.640033"><ele>25.4</ele></trkpt><trkpt lat="-26.982905" lon="-48.640033"><ele>25.4</ele></trkpt><trkpt lat="-26.982905" lon="-48.640033"><ele>25.4</ele></trkpt><trkpt lat="-26.982905" lon="-48.640033"><ele>25.4</ele></trkpt><trkpt lat="-26.982905" lon="-48.640033"><ele>25.4</ele></trkpt><trkpt lat="-26.982905" lon="-48.640033"><ele>25.4</ele></trkpt><trkpt lat="-26.982905" lon="-48.640033"><ele>25.4</ele></trkpt><trkpt lat="-26.982905" lon="-48.640033"><ele>25.4</ele></trkpt><trkpt lat="-26.982905" lon="-48.640033"><ele>25.4</ele></trkpt><trkpt lat="-26.982905" lon="-48.640033"><ele>25.4</ele></trkpt><trkpt lat="-26.982905" lon="-48.640033"><ele>25.4</ele></trkpt><trkpt lat="-26.982905" lon="-48.640033"><ele>25.4</ele></trkpt><trkpt lat="-26.982905" lon="-48.640033"><ele>25.4</ele></trkpt><trkpt lat="-26.982905" lon="-48.640033"><ele>25.4</ele></trkpt><trkpt lat="-26.982905" lon="-48.640033"><ele>25.4</ele></trkpt><trkpt lat="-26.982885" lon="-48.640037"><ele>25.5</ele></trkpt><trkpt lat="-26.982867" lon="-48.640033"><ele>25.9</ele></trkpt><trkpt lat="-26.982853" lon="-48.64002"><ele>25.2</ele></trkpt><trkpt lat="-26.98284" lon="-48.640008"><ele>24.7</ele></trkpt><trkpt lat="-26.982823" lon="-48.639995"><ele>24.1</ele></trkpt><trkpt lat="-26.982808" lon="-48.639978"><ele>23.2</ele></trkpt><trkpt lat="-26.982792" lon="-48.639977"><ele>22.3</ele></trkpt><trkpt lat="-26.982783" lon="-48.639978"><ele>21.7</ele></trkpt><trkpt lat="-26.982782" lon="-48.639983"><ele>21.2</ele></trkpt><trkpt lat="-26.982785" lon="-48.639988"><ele>21.1</ele></trkpt><trkpt lat="-26.982783" lon="-48.63999"><ele>20.9</ele></trkpt><trkpt lat="-26.982785" lon="-48.639988"><ele>20.9</ele></trkpt><trkpt lat="-26.982785" lon="-48.639988"><ele>20.8</ele></trkpt><trkpt lat="-26.982783" lon="-48.639987"><ele>20.7</ele></trkpt><trkpt lat="-26.982783" lon="-48.639988"><ele>20.7</ele></trkpt><trkpt lat="-26.982783" lon="-48.639988"><ele>20.9</ele></trkpt><trkpt lat="-26.982783" lon="-48.639988"><ele>20.9</ele></trkpt><trkpt lat="-26.982783" lon="-48.639992"><ele>21.2</ele></trkpt><trkpt lat="-26.982783" lon="-48.63999"><ele>21.6</ele></trkpt><trkpt lat="-26.982783" lon="-48.63999"><ele>21.6</ele></trkpt><trkpt lat="-26.982783" lon="-48.63999"><ele>21.6</ele></trkpt><trkpt lat="-26.982783" lon="-48.63999"><ele>21.6</ele></trkpt><trkpt lat="-26.982783" lon="-48.63999"><ele>21.6</ele></trkpt><trkpt lat="-26.982783" lon="-48.63999"><ele>21.6</ele></trkpt><trkpt lat="-26.982783" lon="-48.63999"><ele>21.6</ele></trkpt><trkpt lat="-26.982783" lon="-48.63999"><ele>21.6</ele></trkpt><trkpt lat="-26.982783" lon="-48.63999"><ele>21.6</ele></trkpt><trkpt lat="-26.982783" lon="-48.63999"><ele>21.6</ele></trkpt><trkpt lat="-26.982783" lon="-48.63999"><ele>21.6</ele></trkpt><trkpt lat="-26.982783" lon="-48.63999"><ele>21.6</ele></trkpt><trkpt lat="-26.982783" lon="-48.63999"><ele>21.6</ele></trkpt><trkpt lat="-26.982783" lon="-48.63999"><ele>21.6</ele></trkpt><trkpt lat="-26.982783" lon="-48.63999"><ele>21.6</ele></trkpt><trkpt lat="-26.982783" lon="-48.63999"><ele>21.6</ele></trkpt><trkpt lat="-26.982783" lon="-48.63999"><ele>21.6</ele></trkpt><trkpt lat="-26.982783" lon="-48.63999"><ele>21.6</ele></trkpt><trkpt lat="-26.982783" lon="-48.63999"><ele>21.6</ele></trkpt><trkpt lat="-26.982783" lon="-48.63999"><ele>21.6</ele></trkpt><trkpt lat="-26.982783" lon="-48.63999"><ele>21.6</ele></trkpt><trkpt lat="-26.982783" lon="-48.63999"><ele>21.6</ele></trkpt><trkpt lat="-26.982783" lon="-48.63999"><ele>21.6</ele></trkpt><trkpt lat="-26.982783" lon="-48.63999"><ele>21.6</ele></trkpt><trkpt lat="-26.982783" lon="-48.63999"><ele>21.6</ele></trkpt><trkpt lat="-26.982783" lon="-48.63999"><ele>21.6</ele></trkpt><trkpt lat="-26.982783" lon="-48.63999"><ele>21.6</ele></trkpt><trkpt lat="-26.982798" lon="-48.640022"><ele>22.2</ele></trkpt><trkpt lat="-26.982785" lon="-48.640025"><ele>22.6</ele></trkpt><trkpt lat="-26.982782" lon="-48.640045"><ele>23.4</ele></trkpt><trkpt lat="-26.982772" lon="-48.640063"><ele>24.1</ele></trkpt><trkpt lat="-26.982757" lon="-48.64008"><ele>25.5</ele></trkpt><trkpt lat="-26.982738" lon="-48.64009"><ele>27.2</ele></trkpt><trkpt lat="-26.982708" lon="-48.640092"><ele>28.8</ele></trkpt><trkpt lat="-26.982667" lon="-48.640087"><ele>29.3</ele></trkpt><trkpt lat="-26.982628" lon="-48.640078"><ele>28.8</ele></trkpt><trkpt lat="-26.982592" lon="-48.640072"><ele>28</ele></trkpt><trkpt lat="-26.982562" lon="-48.640068"><ele>26.5</ele></trkpt><trkpt lat="-26.982537" lon="-48.640065"><ele>26.4</ele></trkpt><trkpt lat="-26.982513" lon="-48.640062"><ele>25.3</ele></trkpt><trkpt lat="-26.9825" lon="-48.64006"><ele>23.5</ele></trkpt><trkpt lat="-26.982492" lon="-48.64006"><ele>23.4</ele></trkpt><trkpt lat="-26.982492" lon="-48.64006"><ele>23.4</ele></trkpt><trkpt lat="-26.982492" lon="-48.640057"><ele>23</ele></trkpt><trkpt lat="-26.982492" lon="-48.640057"><ele>23</ele></trkpt><trkpt lat="-26.982492" lon="-48.640052"><ele>22.8</ele></trkpt><trkpt lat="-26.982492" lon="-48.640052"><ele>22.8</ele></trkpt><trkpt lat="-26.982492" lon="-48.640052"><ele>22.7</ele></trkpt><trkpt lat="-26.982492" lon="-48.640052"><ele>22.7</ele></trkpt><trkpt lat="-26.982492" lon="-48.640055"><ele>22.6</ele></trkpt><trkpt lat="-26.982497" lon="-48.640057"><ele>22.5</ele></trkpt><trkpt lat="-26.982498" lon="-48.640052"><ele>22.3</ele></trkpt><trkpt lat="-26.9825" lon="-48.640055"><ele>22.1</ele></trkpt><trkpt lat="-26.982505" lon="-48.640057"><ele>21.8</ele></trkpt><trkpt lat="-26.982508" lon="-48.640052"><ele>21.3</ele></trkpt><trkpt lat="-26.982512" lon="-48.640053"><ele>21</ele></trkpt><trkpt lat="-26.982512" lon="-48.640053"><ele>21</ele></trkpt><trkpt lat="-26.982512" lon="-48.640053"><ele>21</ele></trkpt><trkpt lat="-26.982512" lon="-48.640053"><ele>21</ele></trkpt><trkpt lat="-26.982512" lon="-48.640053"><ele>21</ele></trkpt><trkpt lat="-26.982512" lon="-48.640053"><ele>21</ele></trkpt><trkpt lat="-26.982512" lon="-48.640053"><ele>21</ele></trkpt><trkpt lat="-26.982512" lon="-48.640053"><ele>21</ele></trkpt><trkpt lat="-26.982525" lon="-48.640052"><ele>18</ele></trkpt><trkpt lat="-26.98253" lon="-48.640048"><ele>17.5</ele></trkpt><trkpt lat="-26.982533" lon="-48.640043"><ele>17.1</ele></trkpt><trkpt lat="-26.982533" lon="-48.640035"><ele>17</ele></trkpt><trkpt lat="-26.982532" lon="-48.640033"><ele>16.9</ele></trkpt><trkpt lat="-26.982532" lon="-48.640033"><ele>16.9</ele></trkpt><trkpt lat="-26.98253" lon="-48.640027"><ele>16.7</ele></trkpt><trkpt lat="-26.98253" lon="-48.640027"><ele>16.7</ele></trkpt><trkpt lat="-26.982518" lon="-48.64002"><ele>16.4</ele></trkpt><trkpt lat="-26.98251" lon="-48.64001"><ele>16.3</ele></trkpt><trkpt lat="-26.982493" lon="-48.639992"><ele>15.8</ele></trkpt><trkpt lat="-26.982493" lon="-48.639992"><ele>15.8</ele></trkpt><trkpt lat="-26.982477" lon="-48.639985"><ele>16</ele></trkpt><trkpt lat="-26.982462" lon="-48.639975"><ele>15.8</ele></trkpt><trkpt lat="-26.982443" lon="-48.63997"><ele>15.4</ele></trkpt><trkpt lat="-26.982428" lon="-48.639965"><ele>15</ele></trkpt><trkpt lat="-26.982415" lon="-48.639962"><ele>14.9</ele></trkpt><trkpt lat="-26.982403" lon="-48.639978"><ele>14.9</ele></trkpt><trkpt lat="-26.982398" lon="-48.63999"><ele>14.6</ele></trkpt><trkpt lat="-26.982397" lon="-48.639995"><ele>14.3</ele></trkpt><trkpt lat="-26.982395" lon="-48.639995"><ele>14.7</ele></trkpt><trkpt lat="-26.982393" lon="-48.639993"><ele>14.6</ele></trkpt><trkpt lat="-26.982397" lon="-48.639993"><ele>14.5</ele></trkpt><trkpt lat="-26.982398" lon="-48.639998"><ele>14.4</ele></trkpt><trkpt lat="-26.982398" lon="-48.64"><ele>14.1</ele></trkpt><trkpt lat="-26.982398" lon="-48.640003"><ele>13.7</ele></trkpt><trkpt lat="-26.982397" lon="-48.640008"><ele>13.4</ele></trkpt><trkpt lat="-26.982397" lon="-48.640018"><ele>13</ele></trkpt><trkpt lat="-26.982397" lon="-48.640018"><ele>13</ele></trkpt><trkpt lat="-26.982397" lon="-48.640018"><ele>13</ele></trkpt><trkpt lat="-26.982397" lon="-48.640018"><ele>13</ele></trkpt><trkpt lat="-26.982397" lon="-48.640018"><ele>13</ele></trkpt><trkpt lat="-26.982397" lon="-48.640018"><ele>13</ele></trkpt><trkpt lat="-26.982397" lon="-48.640018"><ele>13</ele></trkpt><trkpt lat="-26.982397" lon="-48.640018"><ele>13</ele></trkpt><trkpt lat="-26.982397" lon="-48.640018"><ele>13</ele></trkpt><trkpt lat="-26.982397" lon="-48.640018"><ele>13</ele></trkpt><trkpt lat="-26.982397" lon="-48.640018"><ele>13</ele></trkpt><trkpt lat="-26.982397" lon="-48.640018"><ele>13</ele></trkpt><trkpt lat="-26.982397" lon="-48.640018"><ele>13</ele></trkpt><trkpt lat="-26.982397" lon="-48.640018"><ele>13</ele></trkpt><trkpt lat="-26.982397" lon="-48.640018"><ele>13</ele></trkpt><trkpt lat="-26.982397" lon="-48.640018"><ele>13</ele></trkpt><trkpt lat="-26.982397" lon="-48.640018"><ele>13</ele></trkpt><trkpt lat="-26.982397" lon="-48.640018"><ele>13</ele></trkpt><trkpt lat="-26.982397" lon="-48.640018"><ele>13</ele></trkpt><trkpt lat="-26.982397" lon="-48.640018"><ele>13</ele></trkpt><trkpt lat="-26.982397" lon="-48.640018"><ele>13</ele></trkpt><trkpt lat="-26.982397" lon="-48.640018"><ele>13</ele></trkpt><trkpt lat="-26.982397" lon="-48.640018"><ele>13</ele></trkpt><trkpt lat="-26.982397" lon="-48.640018"><ele>13</ele></trkpt><trkpt lat="-26.982397" lon="-48.640018"><ele>13</ele></trkpt><trkpt lat="-26.982397" lon="-48.640018"><ele>13</ele></trkpt><trkpt lat="-26.982398" lon="-48.63999"><ele>8.9</ele></trkpt><trkpt lat="-26.982387" lon="-48.639993"><ele>8.5</ele></trkpt><trkpt lat="-26.982373" lon="-48.639998"><ele>8.1</ele></trkpt><trkpt lat="-26.982357" lon="-48.640003"><ele>7.3</ele></trkpt><trkpt lat="-26.982342" lon="-48.640008"><ele>6.7</ele></trkpt><trkpt lat="-26.982327" lon="-48.640012"><ele>6.5</ele></trkpt><trkpt lat="-26.982308" lon="-48.640018"><ele>6.2</ele></trkpt><trkpt lat="-26.982285" lon="-48.640025"><ele>6</ele></trkpt><trkpt lat="-26.982263" lon="-48.640028"><ele>6.1</ele></trkpt><trkpt lat="-26.982252" lon="-48.640035"><ele>6.5</ele></trkpt><trkpt lat="-26.982237" lon="-48.640042"><ele>6.9</ele></trkpt><trkpt lat="-26.98222" lon="-48.640047"><ele>6.8</ele></trkpt><trkpt lat="-26.982205" lon="-48.640052"><ele>7</ele></trkpt><trkpt lat="-26.982195" lon="-48.640053"><ele>7.5</ele></trkpt><trkpt lat="-26.982187" lon="-48.640053"><ele>7.6</ele></trkpt><trkpt lat="-26.982182" lon="-48.640055"><ele>8</ele></trkpt><trkpt lat="-26.982177" lon="-48.640058"><ele>8.5</ele></trkpt><trkpt lat="-26.98218" lon="-48.64006"><ele>8.6</ele></trkpt><trkpt lat="-26.98218" lon="-48.640065"><ele>9.5</ele></trkpt><trkpt lat="-26.982182" lon="-48.640065"><ele>9.8</ele></trkpt><trkpt lat="-26.982188" lon="-48.640067"><ele>10.2</ele></trkpt><trkpt lat="-26.982198" lon="-48.64007"><ele>10.7</ele></trkpt><trkpt lat="-26.982208" lon="-48.640073"><ele>11.2</ele></trkpt><trkpt lat="-26.982213" lon="-48.640082"><ele>12.3</ele></trkpt><trkpt lat="-26.982218" lon="-48.640088"><ele>13.4</ele></trkpt><trkpt lat="-26.98223" lon="-48.640092"><ele>13.8</ele></trkpt><trkpt lat="-26.982243" lon="-48.640097"><ele>14.2</ele></trkpt><trkpt lat="-26.982255" lon="-48.640097"><ele>14.3</ele></trkpt><trkpt lat="-26.982265" lon="-48.640093"><ele>14.5</ele></trkpt><trkpt lat="-26.982272" lon="-48.640083"><ele>13.8</ele></trkpt><trkpt lat="-26.98228" lon="-48.640075"><ele>13.8</ele></trkpt><trkpt lat="-26.98228" lon="-48.640052"><ele>12.1</ele></trkpt><trkpt lat="-26.982288" lon="-48.640045"><ele>10.6</ele></trkpt><trkpt lat="-26.982287" lon="-48.64004"><ele>8.5</ele></trkpt><trkpt lat="-26.98229" lon="-48.64004"><ele>7.8</ele></trkpt><trkpt lat="-26.98229" lon="-48.64004"><ele>7.8</ele></trkpt><trkpt lat="-26.982282" lon="-48.64004"><ele>7.1</ele></trkpt><trkpt lat="-26.98227" lon="-48.640037"><ele>7.3</ele></trkpt><trkpt lat="-26.98226" lon="-48.640035"><ele>8.2</ele></trkpt><trkpt lat="-26.982255" lon="-48.640035"><ele>7.8</ele></trkpt><trkpt lat="-26.982255" lon="-48.640035"><ele>7.8</ele></trkpt><trkpt lat="-26.982245" lon="-48.640028"><ele>7.7</ele></trkpt><trkpt lat="-26.982232" lon="-48.64003"><ele>7</ele></trkpt><trkpt lat="-26.982222" lon="-48.640033"><ele>6.5</ele></trkpt><trkpt lat="-26.982213" lon="-48.640032"><ele>5.9</ele></trkpt><trkpt lat="-26.982202" lon="-48.64003"><ele>5.2</ele></trkpt><trkpt lat="-26.982192" lon="-48.640027"><ele>4.8</ele></trkpt><trkpt lat="-26.982187" lon="-48.640028"><ele>4.5</ele></trkpt><trkpt lat="-26.982182" lon="-48.640028"><ele>4.4</ele></trkpt><trkpt lat="-26.982178" lon="-48.640032"><ele>4.3</ele></trkpt><trkpt lat="-26.982175" lon="-48.64004"><ele>5.3</ele></trkpt><trkpt lat="-26.982173" lon="-48.640045"><ele>5.6</ele></trkpt><trkpt lat="-26.982175" lon="-48.640047"><ele>5.5</ele></trkpt><trkpt lat="-26.982175" lon="-48.640045"><ele>5.6</ele></trkpt><trkpt lat="-26.982177" lon="-48.640045"><ele>5.5</ele></trkpt><trkpt lat="-26.982178" lon="-48.640042"><ele>5.5</ele></trkpt><trkpt lat="-26.982178" lon="-48.640042"><ele>5.8</ele></trkpt><trkpt lat="-26.982178" lon="-48.640042"><ele>5.8</ele></trkpt><trkpt lat="-26.982178" lon="-48.640042"><ele>5.8</ele></trkpt><trkpt lat="-26.982178" lon="-48.640042"><ele>5.8</ele></trkpt><trkpt lat="-26.982178" lon="-48.640042"><ele>5.8</ele></trkpt><trkpt lat="-26.982178" lon="-48.640042"><ele>5.8</ele></trkpt><trkpt lat="-26.982178" lon="-48.640042"><ele>5.8</ele></trkpt><trkpt lat="-26.982178" lon="-48.640042"><ele>5.8</ele></trkpt><trkpt lat="-26.982178" lon="-48.640042"><ele>5.8</ele></trkpt><trkpt lat="-26.982178" lon="-48.640042"><ele>5.8</ele></trkpt><trkpt lat="-26.982178" lon="-48.640042"><ele>5.8</ele></trkpt><trkpt lat="-26.982178" lon="-48.640042"><ele>5.8</ele></trkpt><trkpt lat="-26.982178" lon="-48.640042"><ele>5.8</ele></trkpt><trkpt lat="-26.982178" lon="-48.640042"><ele>5.8</ele></trkpt><trkpt lat="-26.982178" lon="-48.640042"><ele>5.8</ele></trkpt><trkpt lat="-26.982178" lon="-48.640042"><ele>5.8</ele></trkpt><trkpt lat="-26.982178" lon="-48.640042"><ele>5.8</ele></trkpt><trkpt lat="-26.982178" lon="-48.640042"><ele>5.8</ele></trkpt><trkpt lat="-26.982178" lon="-48.640042"><ele>5.8</ele></trkpt><trkpt lat="-26.982178" lon="-48.640042"><ele>5.8</ele></trkpt><trkpt lat="-26.982178" lon="-48.640042"><ele>5.8</ele></trkpt><trkpt lat="-26.982178" lon="-48.640042"><ele>5.8</ele></trkpt><trkpt lat="-26.982178" lon="-48.640042"><ele>5.8</ele></trkpt><trkpt lat="-26.982178" lon="-48.640042"><ele>5.8</ele></trkpt><trkpt lat="-26.982158" lon="-48.64005"><ele>9.9</ele></trkpt><trkpt lat="-26.98215" lon="-48.640057"><ele>10.7</ele></trkpt><trkpt lat="-26.982138" lon="-48.640063"><ele>12.2</ele></trkpt><trkpt lat="-26.98213" lon="-48.640072"><ele>14</ele></trkpt><trkpt lat="-26.98213" lon="-48.640072"><ele>14</ele></trkpt><trkpt lat="-26.982127" lon="-48.640073"><ele>15.2</ele></trkpt><trkpt lat="-26.982122" lon="-48.640068"><ele>16</ele></trkpt><trkpt lat="-26.982117" lon="-48.64006"><ele>16.1</ele></trkpt><trkpt lat="-26.982112" lon="-48.640052"><ele>16.2</ele></trkpt><trkpt lat="-26.982107" lon="-48.640045"><ele>16.5</ele></trkpt><trkpt lat="-26.9821" lon="-48.640042"><ele>16.8</ele></trkpt><trkpt lat="-26.982098" lon="-48.640037"><ele>17</ele></trkpt><trkpt lat="-26.982098" lon="-48.640037"><ele>17</ele></trkpt><trkpt lat="-26.982098" lon="-48.640032"><ele>17.2</ele></trkpt><trkpt lat="-26.982095" lon="-48.640032"><ele>17.4</ele></trkpt><trkpt lat="-26.982095" lon="-48.640032"><ele>17.4</ele></trkpt><trkpt lat="-26.982095" lon="-48.640032"><ele>17.4</ele></trkpt><trkpt lat="-26.982095" lon="-48.640032"><ele>17.4</ele></trkpt><trkpt lat="-26.982082" lon="-48.640022"><ele>17.6</ele></trkpt><trkpt lat="-26.982073" lon="-48.640017"><ele>17.7</ele></trkpt><trkpt lat="-26.982058" lon="-48.640017"><ele>17.6</ele></trkpt><trkpt lat="-26.982035" lon="-48.64002"><ele>17.5</ele></trkpt><trkpt lat="-26.982008" lon="-48.64002"><ele>17.1</ele></trkpt><trkpt lat="-26.981983" lon="-48.640018"><ele>16.5</ele></trkpt><trkpt lat="-26.981957" lon="-48.640022"><ele>15.5</ele></trkpt><trkpt lat="-26.98193" lon="-48.640035"><ele>14.6</ele></trkpt><trkpt lat="-26.981902" lon="-48.640047"><ele>15</ele></trkpt><trkpt lat="-26.98187" lon="-48.640062"><ele>15.3</ele></trkpt><trkpt lat="-26.981845" lon="-48.640073"><ele>16.7</ele></trkpt><trkpt lat="-26.981822" lon="-48.640082"><ele>18.5</ele></trkpt><trkpt lat="-26.9818" lon="-48.640093"><ele>19.6</ele></trkpt><trkpt lat="-26.981775" lon="-48.640098"><ele>20.6</ele></trkpt><trkpt lat="-26.98175" lon="-48.640107"><ele>21.9</ele></trkpt><trkpt lat="-26.98173" lon="-48.64011"><ele>21.7</ele></trkpt><trkpt lat="-26.981713" lon="-48.640113"><ele>21.8</ele></trkpt><trkpt lat="-26.981702" lon="-48.640118"><ele>21.3</ele></trkpt><trkpt lat="-26.981688" lon="-48.640123"><ele>21.2</ele></trkpt><trkpt lat="-26.98167" lon="-48.640128"><ele>21.2</ele></trkpt><trkpt lat="-26.981655" lon="-48.640133"><ele>21.2</ele></trkpt><trkpt lat="-26.981637" lon="-48.640137"><ele>21.3</ele></trkpt><trkpt lat="-26.98162" lon="-48.64014"><ele>21.5</ele></trkpt><trkpt lat="-26.981605" lon="-48.640148"><ele>21.9</ele></trkpt><trkpt lat="-26.981588" lon="-48.64016"><ele>22.6</ele></trkpt><trkpt lat="-26.981577" lon="-48.640163"><ele>22.5</ele></trkpt><trkpt lat="-26.98157" lon="-48.64017"><ele>22.4</ele></trkpt><trkpt lat="-26.981568" lon="-48.640175"><ele>21.8</ele></trkpt><trkpt lat="-26.981565" lon="-48.64018"><ele>21.8</ele></trkpt><trkpt lat="-26.981565" lon="-48.64018"><ele>21.8</ele></trkpt><trkpt lat="-26.981563" lon="-48.640187"><ele>22.1</ele></trkpt><trkpt lat="-26.981562" lon="-48.640193"><ele>21.8</ele></trkpt><trkpt lat="-26.981562" lon="-48.640195"><ele>22</ele></trkpt><trkpt lat="-26.981562" lon="-48.640195"><ele>22</ele></trkpt><trkpt lat="-26.981563" lon="-48.640197"><ele>21.8</ele></trkpt><trkpt lat="-26.981565" lon="-48.640197"><ele>22.2</ele></trkpt><trkpt lat="-26.981565" lon="-48.640197"><ele>22.4</ele></trkpt><trkpt lat="-26.981565" lon="-48.640197"><ele>22.4</ele></trkpt><trkpt lat="-26.981567" lon="-48.640195"><ele>22.4</ele></trkpt><trkpt lat="-26.981567" lon="-48.640197"><ele>22.2</ele></trkpt><trkpt lat="-26.981568" lon="-48.640197"><ele>21.9</ele></trkpt><trkpt lat="-26.981572" lon="-48.640198"><ele>21.8</ele></trkpt><trkpt lat="-26.981572" lon="-48.640197"><ele>21.3</ele></trkpt><trkpt lat="-26.981572" lon="-48.640197"><ele>21.3</ele></trkpt><trkpt lat="-26.981572" lon="-48.640197"><ele>21.3</ele></trkpt><trkpt lat="-26.981572" lon="-48.640197"><ele>21.3</ele></trkpt><trkpt lat="-26.981572" lon="-48.640197"><ele>21.3</ele></trkpt><trkpt lat="-26.981572" lon="-48.640197"><ele>21.3</ele></trkpt><trkpt lat="-26.981572" lon="-48.640197"><ele>21.3</ele></trkpt><trkpt lat="-26.981572" lon="-48.640197"><ele>21.3</ele></trkpt><trkpt lat="-26.981572" lon="-48.640197"><ele>21.3</ele></trkpt><trkpt lat="-26.981572" lon="-48.640197"><ele>21.3</ele></trkpt><trkpt lat="-26.981572" lon="-48.640197"><ele>21.3</ele></trkpt><trkpt lat="-26.981572" lon="-48.640197"><ele>21.3</ele></trkpt><trkpt lat="-26.981572" lon="-48.640197"><ele>21.3</ele></trkpt><trkpt lat="-26.981572" lon="-48.640197"><ele>21.3</ele></trkpt><trkpt lat="-26.981572" lon="-48.640197"><ele>21.3</ele></trkpt><trkpt lat="-26.981552" lon="-48.64018"><ele>18.4</ele></trkpt><trkpt lat="-26.981542" lon="-48.64017"><ele>18</ele></trkpt><trkpt lat="-26.98153" lon="-48.640153"><ele>17</ele></trkpt><trkpt lat="-26.981515" lon="-48.640138"><ele>16.7</ele></trkpt><trkpt lat="-26.981495" lon="-48.640128"><ele>16.6</ele></trkpt><trkpt lat="-26.981475" lon="-48.640105"><ele>15.1</ele></trkpt><trkpt lat="-26.981445" lon="-48.640097"><ele>13.2</ele></trkpt><trkpt lat="-26.981418" lon="-48.640102"><ele>11</ele></trkpt><trkpt lat="-26.981388" lon="-48.64011"><ele>9.3</ele></trkpt><trkpt lat="-26.981363" lon="-48.640117"><ele>7.8</ele></trkpt><trkpt lat="-26.981342" lon="-48.640122"><ele>8</ele></trkpt><trkpt lat="-26.981332" lon="-48.64012"><ele>8.4</ele></trkpt><trkpt lat="-26.981325" lon="-48.640125"><ele>8.5</ele></trkpt><trkpt lat="-26.981317" lon="-48.640133"><ele>8.8</ele></trkpt><trkpt lat="-26.981308" lon="-48.640142"><ele>9.2</ele></trkpt><trkpt lat="-26.981305" lon="-48.64015"><ele>8.9</ele></trkpt><trkpt lat="-26.981307" lon="-48.640153"><ele>8.6</ele></trkpt><trkpt lat="-26.981307" lon="-48.640153"><ele>8.6</ele></trkpt><trkpt lat="-26.981305" lon="-48.640153"><ele>8.6</ele></trkpt><trkpt lat="-26.981305" lon="-48.640153"><ele>8.6</ele></trkpt><trkpt lat="-26.981307" lon="-48.640153"><ele>8.6</ele></trkpt><trkpt lat="-26.981305" lon="-48.640153"><ele>8.6</ele></trkpt><trkpt lat="-26.981307" lon="-48.640152"><ele>8.7</ele></trkpt><trkpt lat="-26.981308" lon="-48.640152"><ele>8.9</ele></trkpt><trkpt lat="-26.981308" lon="-48.640152"><ele>8.9</ele></trkpt><trkpt lat="-26.981308" lon="-48.640152"><ele>8.9</ele></trkpt><trkpt lat="-26.981308" lon="-48.640152"><ele>8.9</ele></trkpt><trkpt lat="-26.981308" lon="-48.640152"><ele>8.9</ele></trkpt><trkpt lat="-26.981308" lon="-48.640152"><ele>8.9</ele></trkpt><trkpt lat="-26.981308" lon="-48.640152"><ele>8.9</ele></trkpt><trkpt lat="-26.981303" lon="-48.640147"><ele>10</ele></trkpt><trkpt lat="-26.981297" lon="-48.640143"><ele>10.1</ele></trkpt><trkpt lat="-26.981293" lon="-48.640143"><ele>10.3</ele></trkpt><trkpt lat="-26.981282" lon="-48.640138"><ele>10.5</ele></trkpt><trkpt lat="-26.981257" lon="-48.640143"><ele>10.6</ele></trkpt><trkpt lat="-26.981235" lon="-48.640142"><ele>10.3</ele></trkpt><trkpt lat="-26.98121" lon="-48.640148"><ele>10.5</ele></trkpt><trkpt lat="-26.981183" lon="-48.640157"><ele>10.2</ele></trkpt><trkpt lat="-26.981152" lon="-48.64018"><ele>9.9</ele></trkpt><trkpt lat="-26.981123" lon="-48.640187"><ele>10.1</ele></trkpt><trkpt lat="-26.981093" lon="-48.640207"><ele>11.5</ele></trkpt><trkpt lat="-26.981068" lon="-48.640213"><ele>11.8</ele></trkpt><trkpt lat="-26.981053" lon="-48.640222"><ele>12.1</ele></trkpt><trkpt lat="-26.981043" lon="-48.64023"><ele>12.7</ele></trkpt><trkpt lat="-26.981038" lon="-48.640235"><ele>13.3</ele></trkpt><trkpt lat="-26.981035" lon="-48.640238"><ele>13.7</ele></trkpt><trkpt lat="-26.98103" lon="-48.640247"><ele>14.5</ele></trkpt><trkpt lat="-26.98103" lon="-48.640247"><ele>14.5</ele></trkpt><trkpt lat="-26.98103" lon="-48.640252"><ele>14.9</ele></trkpt><trkpt lat="-26.981028" lon="-48.640253"><ele>15.2</ele></trkpt><trkpt lat="-26.98103" lon="-48.640257"><ele>15.2</ele></trkpt><trkpt lat="-26.98103" lon="-48.640265"><ele>15.2</ele></trkpt><trkpt lat="-26.981032" lon="-48.640273"><ele>15.1</ele></trkpt><trkpt lat="-26.981027" lon="-48.640283"><ele>15.1</ele></trkpt><trkpt lat="-26.981025" lon="-48.64029"><ele>15.2</ele></trkpt><trkpt lat="-26.981025" lon="-48.64029"><ele>15.2</ele></trkpt><trkpt lat="-26.981025" lon="-48.64029"><ele>15.2</ele></trkpt><trkpt lat="-26.981025" lon="-48.64029"><ele>15.2</ele></trkpt><trkpt lat="-26.981025" lon="-48.64029"><ele>15.2</ele></trkpt><trkpt lat="-26.981025" lon="-48.64029"><ele>15.2</ele></trkpt><trkpt lat="-26.981025" lon="-48.64029"><ele>15.2</ele></trkpt><trkpt lat="-26.981025" lon="-48.64029"><ele>15.2</ele></trkpt><trkpt lat="-26.981025" lon="-48.64029"><ele>15.2</ele></trkpt><trkpt lat="-26.981025" lon="-48.64029"><ele>15.2</ele></trkpt><trkpt lat="-26.981025" lon="-48.64029"><ele>15.2</ele></trkpt><trkpt lat="-26.981025" lon="-48.64029"><ele>15.2</ele></trkpt><trkpt lat="-26.981025" lon="-48.64029"><ele>15.2</ele></trkpt><trkpt lat="-26.981025" lon="-48.64029"><ele>15.2</ele></trkpt><trkpt lat="-26.981013" lon="-48.64034"><ele>14.7</ele></trkpt><trkpt lat="-26.981008" lon="-48.640342"><ele>14.8</ele></trkpt><trkpt lat="-26.981008" lon="-48.640343"><ele>14.9</ele></trkpt><trkpt lat="-26.981007" lon="-48.640342"><ele>15.1</ele></trkpt><trkpt lat="-26.981007" lon="-48.640342"><ele>15.1</ele></trkpt><trkpt lat="-26.981007" lon="-48.640342"><ele>15.1</ele></trkpt><trkpt lat="-26.981007" lon="-48.640342"><ele>15.1</ele></trkpt><trkpt lat="-26.981007" lon="-48.640342"><ele>15.1</ele></trkpt><trkpt lat="-26.981007" lon="-48.640342"><ele>15.1</ele></trkpt><trkpt lat="-26.981007" lon="-48.640342"><ele>15.1</ele></trkpt><trkpt lat="-26.981007" lon="-48.640342"><ele>15.1</ele></trkpt><trkpt lat="-26.981007" lon="-48.640342"><ele>15.1</ele></trkpt><trkpt lat="-26.98101" lon="-48.640308"><ele>17</ele></trkpt><trkpt lat="-26.981005" lon="-48.640298"><ele>17.3</ele></trkpt><trkpt lat="-26.980998" lon="-48.640288"><ele>18.2</ele></trkpt><trkpt lat="-26.980988" lon="-48.640272"><ele>17.9</ele></trkpt><trkpt lat="-26.980973" lon="-48.64022"><ele>16.5</ele></trkpt><trkpt lat="-26.980955" lon="-48.64019"><ele>16.3</ele></trkpt><trkpt lat="-26.98093" lon="-48.64016"><ele>15.4</ele></trkpt><trkpt lat="-26.980902" lon="-48.640142"><ele>15.1</ele></trkpt><trkpt lat="-26.980873" lon="-48.640132"><ele>14.9</ele></trkpt><trkpt lat="-26.980845" lon="-48.640135"><ele>14.8</ele></trkpt><trkpt lat="-26.980817" lon="-48.640138"><ele>14.5</ele></trkpt><trkpt lat="-26.98079" lon="-48.640142"><ele>14.8</ele></trkpt><trkpt lat="-26.98076" lon="-48.640148"><ele>14.3</ele></trkpt><trkpt lat="-26.980737" lon="-48.640145"><ele>14.6</ele></trkpt><trkpt lat="-26.98072" lon="-48.64015"><ele>14</ele></trkpt><trkpt lat="-26.980707" lon="-48.64015"><ele>13.7</ele></trkpt><trkpt lat="-26.980693" lon="-48.640145"><ele>14</ele></trkpt><trkpt lat="-26.980682" lon="-48.640142"><ele>14</ele></trkpt><trkpt lat="-26.980663" lon="-48.64015"><ele>14.2</ele></trkpt><trkpt lat="-26.980652" lon="-48.64015"><ele>13.9</ele></trkpt><trkpt lat="-26.98064" lon="-48.640162"><ele>15</ele></trkpt><trkpt lat="-26.980635" lon="-48.640163"><ele>15.3</ele></trkpt><trkpt lat="-26.980635" lon="-48.640163"><ele>15.8</ele></trkpt><trkpt lat="-26.980635" lon="-48.640163"><ele>15.8</ele></trkpt><trkpt lat="-26.980633" lon="-48.640165"><ele>16.4</ele></trkpt><trkpt lat="-26.980633" lon="-48.64016"><ele>16.4</ele></trkpt><trkpt lat="-26.98063" lon="-48.640155"><ele>16.3</ele></trkpt><trkpt lat="-26.980627" lon="-48.640155"><ele>16.6</ele></trkpt><trkpt lat="-26.980632" lon="-48.640153"><ele>16.8</ele></trkpt><trkpt lat="-26.980635" lon="-48.640155"><ele>17.3</ele></trkpt><trkpt lat="-26.980635" lon="-48.640155"><ele>17.3</ele></trkpt><trkpt lat="-26.980632" lon="-48.640162"><ele>17.6</ele></trkpt><trkpt lat="-26.980628" lon="-48.640165"><ele>17.8</ele></trkpt><trkpt lat="-26.980622" lon="-48.640158"><ele>17.8</ele></trkpt><trkpt lat="-26.98061" lon="-48.640143"><ele>17.7</ele></trkpt><trkpt lat="-26.980595" lon="-48.640132"><ele>17.7</ele></trkpt><trkpt lat="-26.980578" lon="-48.640115"><ele>17.5</ele></trkpt><trkpt lat="-26.980552" lon="-48.640115"><ele>17.6</ele></trkpt><trkpt lat="-26.980525" lon="-48.640118"><ele>17.2</ele></trkpt><trkpt lat="-26.980495" lon="-48.640115"><ele>16.8</ele></trkpt><trkpt lat="-26.980457" lon="-48.640117"><ele>16.4</ele></trkpt><trkpt lat="-26.980417" lon="-48.640125"><ele>16.2</ele></trkpt><trkpt lat="-26.98038" lon="-48.64013"><ele>16.2</ele></trkpt><trkpt lat="-26.980347" lon="-48.640143"><ele>16.5</ele></trkpt><trkpt lat="-26.98032" lon="-48.640157"><ele>16.8</ele></trkpt><trkpt lat="-26.980303" lon="-48.640173"><ele>17.3</ele></trkpt><trkpt lat="-26.980295" lon="-48.640185"><ele>17.7</ele></trkpt><trkpt lat="-26.98029" lon="-48.64019"><ele>17.8</ele></trkpt><trkpt lat="-26.98029" lon="-48.64019"><ele>17.8</ele></trkpt><trkpt lat="-26.980292" lon="-48.640193"><ele>18</ele></trkpt><trkpt lat="-26.980293" lon="-48.640202"><ele>17.8</ele></trkpt><trkpt lat="-26.980295" lon="-48.640197"><ele>17.8</ele></trkpt><trkpt lat="-26.980295" lon="-48.640197"><ele>17.8</ele></trkpt><trkpt lat="-26.980293" lon="-48.6402"><ele>17.6</ele></trkpt><trkpt lat="-26.98029" lon="-48.640203"><ele>17.8</ele></trkpt><trkpt lat="-26.980288" lon="-48.640207"><ele>18.3</ele></trkpt><trkpt lat="-26.980288" lon="-48.6402"><ele>18.7</ele></trkpt><trkpt lat="-26.980288" lon="-48.6402"><ele>18.7</ele></trkpt><trkpt lat="-26.98029" lon="-48.640198"><ele>18.9</ele></trkpt><trkpt lat="-26.98029" lon="-48.640198"><ele>18.9</ele></trkpt><trkpt lat="-26.980293" lon="-48.640193"><ele>19.1</ele></trkpt><trkpt lat="-26.980293" lon="-48.640193"><ele>19.1</ele></trkpt><trkpt lat="-26.980293" lon="-48.640193"><ele>19.1</ele></trkpt><trkpt lat="-26.980293" lon="-48.640193"><ele>19.1</ele></trkpt><trkpt lat="-26.980293" lon="-48.640193"><ele>19.1</ele></trkpt><trkpt lat="-26.980293" lon="-48.640193"><ele>19.1</ele></trkpt><trkpt lat="-26.980293" lon="-48.640193"><ele>19.1</ele></trkpt><trkpt lat="-26.980295" lon="-48.64023"><ele>18.7</ele></trkpt><trkpt lat="-26.980295" lon="-48.640238"><ele>18.6</ele></trkpt><trkpt lat="-26.980292" lon="-48.640257"><ele>18.4</ele></trkpt><trkpt lat="-26.98029" lon="-48.640272"><ele>18.2</ele></trkpt><trkpt lat="-26.98029" lon="-48.640272"><ele>18.2</ele></trkpt><trkpt lat="-26.98029" lon="-48.640272"><ele>18.2</ele></trkpt><trkpt lat="-26.98029" lon="-48.640272"><ele>18.2</ele></trkpt><trkpt lat="-26.98029" lon="-48.640272"><ele>18.2</ele></trkpt><trkpt lat="-26.98029" lon="-48.640272"><ele>18.2</ele></trkpt><trkpt lat="-26.980275" lon="-48.640307"><ele>17.6</ele></trkpt><trkpt lat="-26.980263" lon="-48.640295"><ele>17.4</ele></trkpt><trkpt lat="-26.980248" lon="-48.640295"><ele>17.2</ele></trkpt><trkpt lat="-26.980218" lon="-48.640268"><ele>16.9</ele></trkpt><trkpt lat="-26.980198" lon="-48.640225"><ele>16.5</ele></trkpt><trkpt lat="-26.98019" lon="-48.640178"><ele>14.7</ele></trkpt><trkpt lat="-26.980178" lon="-48.64015"><ele>11</ele></trkpt><trkpt lat="-26.98016" lon="-48.640135"><ele>9.4</ele></trkpt><trkpt lat="-26.980135" lon="-48.640143"><ele>8.5</ele></trkpt><trkpt lat="-26.980095" lon="-48.640153"><ele>7.7</ele></trkpt><trkpt lat="-26.980062" lon="-48.640162"><ele>6.8</ele></trkpt><trkpt lat="-26.980027" lon="-48.640168"><ele>6.4</ele></trkpt><trkpt lat="-26.979997" lon="-48.640173"><ele>6.9</ele></trkpt><trkpt lat="-26.979975" lon="-48.640187"><ele>7.3</ele></trkpt><trkpt lat="-26.979967" lon="-48.640197"><ele>8.7</ele></trkpt><trkpt lat="-26.979963" lon="-48.64021"><ele>9.2</ele></trkpt><trkpt lat="-26.979965" lon="-48.640218"><ele>9.1</ele></trkpt><trkpt lat="-26.979963" lon="-48.640223"><ele>9</ele></trkpt><trkpt lat="-26.979958" lon="-48.640225"><ele>9</ele></trkpt><trkpt lat="-26.979947" lon="-48.640223"><ele>9.1</ele></trkpt><trkpt lat="-26.979947" lon="-48.640223"><ele>9.1</ele></trkpt><trkpt lat="-26.979942" lon="-48.640225"><ele>9.5</ele></trkpt><trkpt lat="-26.979945" lon="-48.640213"><ele>10.6</ele></trkpt><trkpt lat="-26.979947" lon="-48.640212"><ele>11</ele></trkpt><trkpt lat="-26.979947" lon="-48.640212"><ele>11</ele></trkpt><trkpt lat="-26.97995" lon="-48.640207"><ele>11.4</ele></trkpt><trkpt lat="-26.979953" lon="-48.640208"><ele>11.7</ele></trkpt><trkpt lat="-26.979957" lon="-48.640215"><ele>11.7</ele></trkpt><trkpt lat="-26.979953" lon="-48.640218"><ele>11.7</ele></trkpt><trkpt lat="-26.979953" lon="-48.640218"><ele>11.7</ele></trkpt><trkpt lat="-26.979952" lon="-48.64022"><ele>11.7</ele></trkpt><trkpt lat="-26.979948" lon="-48.640222"><ele>11.9</ele></trkpt><trkpt lat="-26.979948" lon="-48.640222"><ele>11.9</ele></trkpt><trkpt lat="-26.979947" lon="-48.640223"><ele>11.9</ele></trkpt><trkpt lat="-26.979945" lon="-48.640223"><ele>11.9</ele></trkpt><trkpt lat="-26.979945" lon="-48.640225"><ele>12</ele></trkpt><trkpt lat="-26.979943" lon="-48.640223"><ele>12.1</ele></trkpt><trkpt lat="-26.979943" lon="-48.64022"><ele>12.2</ele></trkpt><trkpt lat="-26.979943" lon="-48.64022"><ele>12.2</ele></trkpt><trkpt lat="-26.979943" lon="-48.64022"><ele>12.2</ele></trkpt><trkpt lat="-26.979943" lon="-48.64022"><ele>12.2</ele></trkpt><trkpt lat="-26.979943" lon="-48.64022"><ele>12.2</ele></trkpt><trkpt lat="-26.979943" lon="-48.64022"><ele>12.2</ele></trkpt><trkpt lat="-26.979943" lon="-48.64022"><ele>12.2</ele></trkpt><trkpt lat="-26.979943" lon="-48.64022"><ele>12.2</ele></trkpt><trkpt lat="-26.979943" lon="-48.64022"><ele>12.2</ele></trkpt><trkpt lat="-26.979943" lon="-48.64022"><ele>12.2</ele></trkpt><trkpt lat="-26.979943" lon="-48.64022"><ele>12.2</ele></trkpt><trkpt lat="-26.979943" lon="-48.64022"><ele>12.2</ele></trkpt><trkpt lat="-26.979943" lon="-48.64022"><ele>12.2</ele></trkpt><trkpt lat="-26.979943" lon="-48.64022"><ele>12.2</ele></trkpt><trkpt lat="-26.97992" lon="-48.64032"><ele>17.7</ele></trkpt><trkpt lat="-26.979915" lon="-48.640328"><ele>18.2</ele></trkpt><trkpt lat="-26.979912" lon="-48.640333"><ele>18.8</ele></trkpt><trkpt lat="-26.97991" lon="-48.640337"><ele>19.4</ele></trkpt><trkpt lat="-26.97991" lon="-48.640337"><ele>19.4</ele></trkpt><trkpt lat="-26.97991" lon="-48.640337"><ele>19.4</ele></trkpt><trkpt lat="-26.97991" lon="-48.640337"><ele>19.4</ele></trkpt><trkpt lat="-26.97991" lon="-48.640337"><ele>19.4</ele></trkpt><trkpt lat="-26.97991" lon="-48.640337"><ele>19.4</ele></trkpt><trkpt lat="-26.97991" lon="-48.640337"><ele>19.4</ele></trkpt><trkpt lat="-26.97991" lon="-48.640337"><ele>19.4</ele></trkpt><trkpt lat="-26.97991" lon="-48.640337"><ele>19.4</ele></trkpt><trkpt lat="-26.979905" lon="-48.64032"><ele>19.8</ele></trkpt><trkpt lat="-26.979895" lon="-48.640315"><ele>19.8</ele></trkpt><trkpt lat="-26.979883" lon="-48.640308"><ele>19.6</ele></trkpt><trkpt lat="-26.979863" lon="-48.640307"><ele>19.5</ele></trkpt><trkpt lat="-26.97984" lon="-48.640308"><ele>19.5</ele></trkpt><trkpt lat="-26.979815" lon="-48.640313"><ele>19.3</ele></trkpt><trkpt lat="-26.979783" lon="-48.640307"><ele>19.3</ele></trkpt><trkpt lat="-26.979755" lon="-48.6403"><ele>19.6</ele></trkpt><trkpt lat="-26.979733" lon="-48.64029"><ele>19.8</ele></trkpt><trkpt lat="-26.979718" lon="-48.640272"><ele>19.7</ele></trkpt><trkpt lat="-26.979712" lon="-48.640255"><ele>19.8</ele></trkpt><trkpt lat="-26.97971" lon="-48.640255"><ele>19.6</ele></trkpt><trkpt lat="-26.97971" lon="-48.640253"><ele>19.3</ele></trkpt><trkpt lat="-26.979712" lon="-48.640253"><ele>18.9</ele></trkpt><trkpt lat="-26.979712" lon="-48.640253"><ele>18.9</ele></trkpt><trkpt lat="-26.979713" lon="-48.640252"><ele>18.7</ele></trkpt><trkpt lat="-26.979715" lon="-48.64025"><ele>18.7</ele></trkpt><trkpt lat="-26.979715" lon="-48.64025"><ele>18.4</ele></trkpt><trkpt lat="-26.979717" lon="-48.640248"><ele>18.1</ele></trkpt><trkpt lat="-26.979718" lon="-48.640245"><ele>18</ele></trkpt><trkpt lat="-26.979722" lon="-48.640237"><ele>17.7</ele></trkpt><trkpt lat="-26.979723" lon="-48.640227"><ele>17.7</ele></trkpt><trkpt lat="-26.979723" lon="-48.640227"><ele>17.7</ele></trkpt><trkpt lat="-26.979723" lon="-48.640227"><ele>17.7</ele></trkpt><trkpt lat="-26.979723" lon="-48.640227"><ele>17.7</ele></trkpt><trkpt lat="-26.979723" lon="-48.640227"><ele>17.7</ele></trkpt><trkpt lat="-26.979723" lon="-48.640227"><ele>17.7</ele></trkpt><trkpt lat="-26.979723" lon="-48.640227"><ele>17.7</ele></trkpt><trkpt lat="-26.979717" lon="-48.64016"><ele>16.8</ele></trkpt><trkpt lat="-26.979705" lon="-48.640147"><ele>16.8</ele></trkpt><trkpt lat="-26.979702" lon="-48.640132"><ele>16.6</ele></trkpt><trkpt lat="-26.979698" lon="-48.64013"><ele>16.2</ele></trkpt><trkpt lat="-26.9797" lon="-48.640133"><ele>15.7</ele></trkpt><trkpt lat="-26.979703" lon="-48.640138"><ele>15.7</ele></trkpt><trkpt lat="-26.979707" lon="-48.640142"><ele>15.5</ele></trkpt><trkpt lat="-26.979708" lon="-48.640142"><ele>15.1</ele></trkpt><trkpt lat="-26.97971" lon="-48.640142"><ele>14.5</ele></trkpt><trkpt lat="-26.979713" lon="-48.640143"><ele>14</ele></trkpt><trkpt lat="-26.979715" lon="-48.640147"><ele>13.6</ele></trkpt><trkpt lat="-26.979715" lon="-48.640152"><ele>13.3</ele></trkpt><trkpt lat="-26.979713" lon="-48.640157"><ele>13.1</ele></trkpt><trkpt lat="-26.979712" lon="-48.64016"><ele>12.9</ele></trkpt><trkpt lat="-26.979712" lon="-48.64016"><ele>12.9</ele></trkpt><trkpt lat="-26.979712" lon="-48.64016"><ele>12.9</ele></trkpt><trkpt lat="-26.979707" lon="-48.640157"><ele>12.6</ele></trkpt><trkpt lat="-26.979702" lon="-48.640157"><ele>12.8</ele></trkpt><trkpt lat="-26.979687" lon="-48.640153"><ele>12.9</ele></trkpt><trkpt lat="-26.979668" lon="-48.640143"><ele>13</ele></trkpt><trkpt lat="-26.979645" lon="-48.640132"><ele>12.7</ele></trkpt><trkpt lat="-26.979617" lon="-48.640128"><ele>13.2</ele></trkpt><trkpt lat="-26.979597" lon="-48.64013"><ele>14.2</ele></trkpt><trkpt lat="-26.979588" lon="-48.640137"><ele>15.2</ele></trkpt><trkpt lat="-26.979583" lon="-48.640145"><ele>15.7</ele></trkpt><trkpt lat="-26.97958" lon="-48.640152"><ele>16.2</ele></trkpt><trkpt lat="-26.979575" lon="-48.64016"><ele>17</ele></trkpt><trkpt lat="-26.979573" lon="-48.640168"><ele>17.9</ele></trkpt><trkpt lat="-26.979573" lon="-48.640168"><ele>17.9</ele></trkpt><trkpt lat="-26.979573" lon="-48.64018"><ele>17.7</ele></trkpt><trkpt lat="-26.979573" lon="-48.640187"><ele>17.9</ele></trkpt><trkpt lat="-26.979573" lon="-48.64019"><ele>17.3</ele></trkpt><trkpt lat="-26.979575" lon="-48.640193"><ele>16.9</ele></trkpt><trkpt lat="-26.979578" lon="-48.64019"><ele>16.2</ele></trkpt><trkpt lat="-26.97958" lon="-48.640187"><ele>15.8</ele></trkpt><trkpt lat="-26.979583" lon="-48.640185"><ele>15.7</ele></trkpt><trkpt lat="-26.979583" lon="-48.640185"><ele>15.7</ele></trkpt><trkpt lat="-26.979583" lon="-48.640185"><ele>15.7</ele></trkpt><trkpt lat="-26.979583" lon="-48.640185"><ele>15.7</ele></trkpt><trkpt lat="-26.979583" lon="-48.640185"><ele>15.7</ele></trkpt><trkpt lat="-26.979583" lon="-48.640185"><ele>15.7</ele></trkpt><trkpt lat="-26.979583" lon="-48.640185"><ele>15.7</ele></trkpt><trkpt lat="-26.979583" lon="-48.640185"><ele>15.7</ele></trkpt><trkpt lat="-26.979583" lon="-48.640185"><ele>15.7</ele></trkpt><trkpt lat="-26.979583" lon="-48.640185"><ele>15.7</ele></trkpt><trkpt lat="-26.979572" lon="-48.640175"><ele>15.6</ele></trkpt><trkpt lat="-26.979562" lon="-48.640172"><ele>15.5</ele></trkpt><trkpt lat="-26.979537" lon="-48.640172"><ele>15.5</ele></trkpt><trkpt lat="-26.979512" lon="-48.640162"><ele>15.4</ele></trkpt><trkpt lat="-26.979492" lon="-48.640152"><ele>15.4</ele></trkpt><trkpt lat="-26.97947" lon="-48.640145"><ele>15.5</ele></trkpt><trkpt lat="-26.979447" lon="-48.640143"><ele>15.8</ele></trkpt><trkpt lat="-26.979422" lon="-48.64014"><ele>15.8</ele></trkpt><trkpt lat="-26.9794" lon="-48.640138"><ele>16.3</ele></trkpt><trkpt lat="-26.979377" lon="-48.640138"><ele>16.4</ele></trkpt><trkpt lat="-26.979353" lon="-48.640137"><ele>16.8</ele></trkpt><trkpt lat="-26.979343" lon="-48.640132"><ele>16.8</ele></trkpt><trkpt lat="-26.979342" lon="-48.64013"><ele>16.6</ele></trkpt><trkpt lat="-26.97934" lon="-48.64013"><ele>16.7</ele></trkpt><trkpt lat="-26.97934" lon="-48.640132"><ele>16.7</ele></trkpt><trkpt lat="-26.97934" lon="-48.640138"><ele>16.8</ele></trkpt><trkpt lat="-26.97934" lon="-48.640138"><ele>16.8</ele></trkpt><trkpt lat="-26.97934" lon="-48.640142"><ele>16.8</ele></trkpt><trkpt lat="-26.97934" lon="-48.640145"><ele>16.9</ele></trkpt><trkpt lat="-26.979338" lon="-48.640147"><ele>16.9</ele></trkpt><trkpt lat="-26.979338" lon="-48.640148"><ele>16.9</ele></trkpt><trkpt lat="-26.979338" lon="-48.640148"><ele>17</ele></trkpt><trkpt lat="-26.979338" lon="-48.64015"><ele>17</ele></trkpt><trkpt lat="-26.979338" lon="-48.64015"><ele>17</ele></trkpt><trkpt lat="-26.979338" lon="-48.64015"><ele>17</ele></trkpt><trkpt lat="-26.979338" lon="-48.64015"><ele>17</ele></trkpt><trkpt lat="-26.979338" lon="-48.64015"><ele>17</ele></trkpt><trkpt lat="-26.979338" lon="-48.64015"><ele>17</ele></trkpt><trkpt lat="-26.979338" lon="-48.64015"><ele>17</ele></trkpt><trkpt lat="-26.979343" lon="-48.640137"><ele>16.8</ele></trkpt><trkpt lat="-26.979343" lon="-48.64012"><ele>16.7</ele></trkpt><trkpt lat="-26.97934" lon="-48.640115"><ele>16.7</ele></trkpt><trkpt lat="-26.979333" lon="-48.640103"><ele>16.5</ele></trkpt><trkpt lat="-26.979333" lon="-48.64011"><ele>16.3</ele></trkpt><trkpt lat="-26.979338" lon="-48.640103"><ele>16.2</ele></trkpt><trkpt lat="-26.97934" lon="-48.6401"><ele>15.9</ele></trkpt><trkpt lat="-26.97934" lon="-48.640097"><ele>15.5</ele></trkpt><trkpt lat="-26.97934" lon="-48.640093"><ele>15.2</ele></trkpt><trkpt lat="-26.979338" lon="-48.640095"><ele>15</ele></trkpt><trkpt lat="-26.979338" lon="-48.640095"><ele>14.8</ele></trkpt><trkpt lat="-26.979337" lon="-48.640095"><ele>14.9</ele></trkpt><trkpt lat="-26.979335" lon="-48.640095"><ele>14.9</ele></trkpt><trkpt lat="-26.979332" lon="-48.640097"><ele>14.8</ele></trkpt><trkpt lat="-26.979332" lon="-48.640098"><ele>14.8</ele></trkpt><trkpt lat="-26.979332" lon="-48.640098"><ele>14.8</ele></trkpt><trkpt lat="-26.979338" lon="-48.640107"><ele>14.9</ele></trkpt><trkpt lat="-26.97934" lon="-48.640108"><ele>14.9</ele></trkpt><trkpt lat="-26.979343" lon="-48.640112"><ele>14.9</ele></trkpt><trkpt lat="-26.979342" lon="-48.64011"><ele>14.9</ele></trkpt><trkpt lat="-26.979338" lon="-48.640108"><ele>14.9</ele></trkpt><trkpt lat="-26.979338" lon="-48.640108"><ele>14.9</ele></trkpt><trkpt lat="-26.979338" lon="-48.640108"><ele>14.9</ele></trkpt><trkpt lat="-26.979338" lon="-48.640108"><ele>14.9</ele></trkpt><trkpt lat="-26.979338" lon="-48.640108"><ele>14.9</ele></trkpt><trkpt lat="-26.979338" lon="-48.640108"><ele>14.9</ele></trkpt><trkpt lat="-26.979338" lon="-48.640108"><ele>14.9</ele></trkpt><trkpt lat="-26.979338" lon="-48.640108"><ele>14.9</ele></trkpt><trkpt lat="-26.979338" lon="-48.640108"><ele>14.9</ele></trkpt><trkpt lat="-26.979338" lon="-48.640108"><ele>14.9</ele></trkpt><trkpt lat="-26.979338" lon="-48.640108"><ele>14.9</ele></trkpt><trkpt lat="-26.979338" lon="-48.640108"><ele>14.9</ele></trkpt><trkpt lat="-26.979338" lon="-48.640108"><ele>14.9</ele></trkpt><trkpt lat="-26.979338" lon="-48.640108"><ele>14.9</ele></trkpt><trkpt lat="-26.979338" lon="-48.640108"><ele>14.9</ele></trkpt><trkpt lat="-26.979338" lon="-48.640108"><ele>14.9</ele></trkpt><trkpt lat="-26.979338" lon="-48.640108"><ele>14.9</ele></trkpt><trkpt lat="-26.979322" lon="-48.640107"><ele>14.9</ele></trkpt><trkpt lat="-26.979318" lon="-48.640107"><ele>14.8</ele></trkpt><trkpt lat="-26.979313" lon="-48.64011"><ele>14.7</ele></trkpt><trkpt lat="-26.979312" lon="-48.640113"><ele>14.7</ele></trkpt><trkpt lat="-26.979312" lon="-48.640113"><ele>14.7</ele></trkpt><trkpt lat="-26.979312" lon="-48.640113"><ele>14.7</ele></trkpt><trkpt lat="-26.979312" lon="-48.640113"><ele>14.7</ele></trkpt><trkpt lat="-26.979312" lon="-48.640113"><ele>14.7</ele></trkpt><trkpt lat="-26.979312" lon="-48.640113"><ele>14.7</ele></trkpt><trkpt lat="-26.979312" lon="-48.640113"><ele>14.7</ele></trkpt><trkpt lat="-26.979312" lon="-48.640113"><ele>14.7</ele></trkpt><trkpt lat="-26.979312" lon="-48.640113"><ele>14.7</ele></trkpt><trkpt lat="-26.979312" lon="-48.640113"><ele>14.7</ele></trkpt><trkpt lat="-26.979312" lon="-48.640113"><ele>14.7</ele></trkpt><trkpt lat="-26.979312" lon="-48.640113"><ele>14.7</ele></trkpt><trkpt lat="-26.979312" lon="-48.640113"><ele>14.7</ele></trkpt><trkpt lat="-26.979312" lon="-48.640113"><ele>14.7</ele></trkpt><trkpt lat="-26.979312" lon="-48.640113"><ele>14.7</ele></trkpt><trkpt lat="-26.979312" lon="-48.640113"><ele>14.7</ele></trkpt><trkpt lat="-26.979312" lon="-48.640113"><ele>14.7</ele></trkpt><trkpt lat="-26.979312" lon="-48.640113"><ele>14.7</ele></trkpt><trkpt lat="-26.979312" lon="-48.640113"><ele>14.7</ele></trkpt><trkpt lat="-26.979312" lon="-48.640113"><ele>14.7</ele></trkpt><trkpt lat="-26.979312" lon="-48.640113"><ele>14.7</ele></trkpt><trkpt lat="-26.979312" lon="-48.640113"><ele>14.7</ele></trkpt><trkpt lat="-26.979312" lon="-48.640113"><ele>14.7</ele></trkpt><trkpt lat="-26.979312" lon="-48.640113"><ele>14.7</ele></trkpt><trkpt lat="-26.979312" lon="-48.640113"><ele>14.7</ele></trkpt><trkpt lat="-26.979312" lon="-48.640113"><ele>14.7</ele></trkpt><trkpt lat="-26.979312" lon="-48.640113"><ele>14.7</ele></trkpt><trkpt lat="-26.979302" lon="-48.640142"><ele>14.7</ele></trkpt><trkpt lat="-26.979297" lon="-48.64014"><ele>14.8</ele></trkpt><trkpt lat="-26.979292" lon="-48.64014"><ele>14.7</ele></trkpt><trkpt lat="-26.979287" lon="-48.64014"><ele>14.4</ele></trkpt><trkpt lat="-26.979283" lon="-48.640137"><ele>14.3</ele></trkpt><trkpt lat="-26.979283" lon="-48.640137"><ele>14.3</ele></trkpt><trkpt lat="-26.979283" lon="-48.64014"><ele>14.2</ele></trkpt><trkpt lat="-26.979283" lon="-48.640137"><ele>14.1</ele></trkpt><trkpt lat="-26.979283" lon="-48.640135"><ele>14</ele></trkpt><trkpt lat="-26.979287" lon="-48.640133"><ele>14</ele></trkpt><trkpt lat="-26.979288" lon="-48.640137"><ele>14</ele></trkpt><trkpt lat="-26.979292" lon="-48.640137"><ele>14</ele></trkpt><trkpt lat="-26.979297" lon="-48.64014"><ele>14.1</ele></trkpt><trkpt lat="-26.979297" lon="-48.640143"><ele>14.4</ele></trkpt><trkpt lat="-26.979298" lon="-48.640143"><ele>14.5</ele></trkpt><trkpt lat="-26.979292" lon="-48.640133"><ele>14.7</ele></trkpt><trkpt lat="-26.979288" lon="-48.640127"><ele>14.8</ele></trkpt><trkpt lat="-26.979288" lon="-48.640127"><ele>14.8</ele></trkpt><trkpt lat="-26.979288" lon="-48.640127"><ele>14.8</ele></trkpt><trkpt lat="-26.979288" lon="-48.640127"><ele>14.8</ele></trkpt><trkpt lat="-26.979288" lon="-48.640127"><ele>14.8</ele></trkpt><trkpt lat="-26.979288" lon="-48.640127"><ele>14.8</ele></trkpt><trkpt lat="-26.979288" lon="-48.640127"><ele>14.8</ele></trkpt><trkpt lat="-26.979288" lon="-48.640127"><ele>14.8</ele></trkpt><trkpt lat="-26.979293" lon="-48.640112"><ele>13.6</ele></trkpt><trkpt lat="-26.979303" lon="-48.640107"><ele>14.4</ele></trkpt><trkpt lat="-26.979308" lon="-48.640108"><ele>15.1</ele></trkpt><trkpt lat="-26.979315" lon="-48.640108"><ele>14.9</ele></trkpt><trkpt lat="-26.97932" lon="-48.640102"><ele>14.8</ele></trkpt><trkpt lat="-26.979323" lon="-48.640093"><ele>14.5</ele></trkpt><trkpt lat="-26.979328" lon="-48.64008"><ele>13.5</ele></trkpt><trkpt lat="-26.979327" lon="-48.640073"><ele>13.2</ele></trkpt><trkpt lat="-26.979328" lon="-48.640077"><ele>13.2</ele></trkpt><trkpt lat="-26.979328" lon="-48.640077"><ele>13.2</ele></trkpt><trkpt lat="-26.979328" lon="-48.640083"><ele>13.3</ele></trkpt><trkpt lat="-26.979332" lon="-48.640087"><ele>13.4</ele></trkpt><trkpt lat="-26.979337" lon="-48.640088"><ele>13.4</ele></trkpt><trkpt lat="-26.979343" lon="-48.640083"><ele>13.2</ele></trkpt><trkpt lat="-26.979348" lon="-48.640082"><ele>13</ele></trkpt><trkpt lat="-26.979352" lon="-48.64008"><ele>13</ele></trkpt><trkpt lat="-26.979353" lon="-48.64008"><ele>13</ele></trkpt><trkpt lat="-26.979353" lon="-48.640085"><ele>13.1</ele></trkpt><trkpt lat="-26.979353" lon="-48.640088"><ele>13.2</ele></trkpt><trkpt lat="-26.979357" lon="-48.640088"><ele>13.3</ele></trkpt><trkpt lat="-26.979357" lon="-48.64009"><ele>13.4</ele></trkpt><trkpt lat="-26.979358" lon="-48.640093"><ele>13.5</ele></trkpt><trkpt lat="-26.97936" lon="-48.64009"><ele>13.4</ele></trkpt><trkpt lat="-26.97936" lon="-48.640092"><ele>13.5</ele></trkpt><trkpt lat="-26.979355" lon="-48.640092"><ele>13.5</ele></trkpt><trkpt lat="-26.979355" lon="-48.640092"><ele>13.5</ele></trkpt><trkpt lat="-26.979355" lon="-48.640092"><ele>13.5</ele></trkpt><trkpt lat="-26.979355" lon="-48.640092"><ele>13.5</ele></trkpt><trkpt lat="-26.979355" lon="-48.640092"><ele>13.5</ele></trkpt><trkpt lat="-26.979355" lon="-48.640092"><ele>13.5</ele></trkpt><trkpt lat="-26.979355" lon="-48.640092"><ele>13.5</ele></trkpt><trkpt lat="-26.979342" lon="-48.640122"><ele>16.2</ele></trkpt><trkpt lat="-26.979353" lon="-48.640125"><ele>16.4</ele></trkpt><trkpt lat="-26.979362" lon="-48.640127"><ele>16.6</ele></trkpt><trkpt lat="-26.979358" lon="-48.640127"><ele>17</ele></trkpt><trkpt lat="-26.979357" lon="-48.64013"><ele>17.2</ele></trkpt><trkpt lat="-26.979353" lon="-48.640135"><ele>17.7</ele></trkpt><trkpt lat="-26.979353" lon="-48.64014"><ele>17.7</ele></trkpt><trkpt lat="-26.979353" lon="-48.640147"><ele>17.7</ele></trkpt><trkpt lat="-26.97935" lon="-48.640153"><ele>17.7</ele></trkpt><trkpt lat="-26.979347" lon="-48.640162"><ele>17.8</ele></trkpt><trkpt lat="-26.979345" lon="-48.640172"><ele>17.8</ele></trkpt><trkpt lat="-26.979343" lon="-48.64018"><ele>17.8</ele></trkpt><trkpt lat="-26.979342" lon="-48.64018"><ele>17.9</ele></trkpt><trkpt lat="-26.97934" lon="-48.64018"><ele>18</ele></trkpt><trkpt lat="-26.979338" lon="-48.64018"><ele>18</ele></trkpt><trkpt lat="-26.979335" lon="-48.640182"><ele>18.1</ele></trkpt><trkpt lat="-26.979332" lon="-48.640183"><ele>18</ele></trkpt><trkpt lat="-26.97933" lon="-48.64018"><ele>17.9</ele></trkpt><trkpt lat="-26.979328" lon="-48.640178"><ele>17.9</ele></trkpt><trkpt lat="-26.979328" lon="-48.640178"><ele>17.9</ele></trkpt><trkpt lat="-26.979327" lon="-48.640178"><ele>17.9</ele></trkpt><trkpt lat="-26.979323" lon="-48.640167"><ele>17.6</ele></trkpt><trkpt lat="-26.979323" lon="-48.640167"><ele>17.6</ele></trkpt><trkpt lat="-26.979323" lon="-48.640167"><ele>17.6</ele></trkpt><trkpt lat="-26.979323" lon="-48.640167"><ele>17.6</ele></trkpt><trkpt lat="-26.979323" lon="-48.640167"><ele>17.6</ele></trkpt><trkpt lat="-26.979323" lon="-48.640167"><ele>17.6</ele></trkpt><trkpt lat="-26.979323" lon="-48.640167"><ele>17.6</ele></trkpt><trkpt lat="-26.979323" lon="-48.640167"><ele>17.6</ele></trkpt><trkpt lat="-26.979323" lon="-48.640167"><ele>17.6</ele></trkpt><trkpt lat="-26.979323" lon="-48.640167"><ele>17.6</ele></trkpt><trkpt lat="-26.979323" lon="-48.640167"><ele>17.6</ele></trkpt><trkpt lat="-26.979323" lon="-48.640167"><ele>17.6</ele></trkpt><trkpt lat="-26.979323" lon="-48.640167"><ele>17.6</ele></trkpt><trkpt lat="-26.979323" lon="-48.640167"><ele>17.6</ele></trkpt><trkpt lat="-26.979323" lon="-48.640167"><ele>17.6</ele></trkpt><trkpt lat="-26.979323" lon="-48.640167"><ele>17.6</ele></trkpt><trkpt lat="-26.979323" lon="-48.640167"><ele>17.6</ele></trkpt><trkpt lat="-26.979323" lon="-48.640167"><ele>17.6</ele></trkpt><trkpt lat="-26.979323" lon="-48.640167"><ele>17.6</ele></trkpt><trkpt lat="-26.979323" lon="-48.640167"><ele>17.6</ele></trkpt><trkpt lat="-26.979323" lon="-48.640167"><ele>17.6</ele></trkpt><trkpt lat="-26.979323" lon="-48.640167"><ele>17.6</ele></trkpt><trkpt lat="-26.979323" lon="-48.640167"><ele>17.6</ele></trkpt><trkpt lat="-26.979323" lon="-48.640167"><ele>17.6</ele></trkpt><trkpt lat="-26.979323" lon="-48.640167"><ele>17.6</ele></trkpt><trkpt lat="-26.979323" lon="-48.640167"><ele>17.6</ele></trkpt><trkpt lat="-26.979323" lon="-48.640167"><ele>17.6</ele></trkpt><trkpt lat="-26.979323" lon="-48.640167"><ele>17.6</ele></trkpt><trkpt lat="-26.979323" lon="-48.640167"><ele>17.6</ele></trkpt><trkpt lat="-26.979323" lon="-48.640167"><ele>17.6</ele></trkpt><trkpt lat="-26.979323" lon="-48.640167"><ele>17.6</ele></trkpt><trkpt lat="-26.979323" lon="-48.640167"><ele>17.6</ele></trkpt><trkpt lat="-26.979323" lon="-48.640167"><ele>17.6</ele></trkpt><trkpt lat="-26.979323" lon="-48.640167"><ele>17.6</ele></trkpt><trkpt lat="-26.979323" lon="-48.640167"><ele>17.6</ele></trkpt><trkpt lat="-26.979323" lon="-48.640167"><ele>17.6</ele></trkpt><trkpt lat="-26.979323" lon="-48.640167"><ele>17.6</ele></trkpt><trkpt lat="-26.979323" lon="-48.640167"><ele>17.6</ele></trkpt><trkpt lat="-26.979323" lon="-48.640167"><ele>17.6</ele></trkpt><trkpt lat="-26.979323" lon="-48.640167"><ele>17.6</ele></trkpt><trkpt lat="-26.979323" lon="-48.640167"><ele>17.6</ele></trkpt><trkpt lat="-26.979323" lon="-48.640167"><ele>17.6</ele></trkpt><trkpt lat="-26.979323" lon="-48.640167"><ele>17.6</ele></trkpt><trkpt lat="-26.979323" lon="-48.640167"><ele>17.6</ele></trkpt><trkpt lat="-26.979323" lon="-48.640167"><ele>17.6</ele></trkpt><trkpt lat="-26.979323" lon="-48.640167"><ele>17.6</ele></trkpt><trkpt lat="-26.979297" lon="-48.640227"><ele>17.3</ele></trkpt><trkpt lat="-26.979295" lon="-48.640233"><ele>17.2</ele></trkpt><trkpt lat="-26.979292" lon="-48.64024"><ele>17.1</ele></trkpt><trkpt lat="-26.979288" lon="-48.640245"><ele>16.9</ele></trkpt><trkpt lat="-26.979288" lon="-48.640245"><ele>16.9</ele></trkpt><trkpt lat="-26.979288" lon="-48.640245"><ele>16.9</ele></trkpt><trkpt lat="-26.979288" lon="-48.640245"><ele>16.9</ele></trkpt><trkpt lat="-26.979288" lon="-48.640245"><ele>16.9</ele></trkpt><trkpt lat="-26.979288" lon="-48.640245"><ele>16.9</ele></trkpt><trkpt lat="-26.979288" lon="-48.640245"><ele>16.9</ele></trkpt><trkpt lat="-26.979288" lon="-48.640245"><ele>16.9</ele></trkpt><trkpt lat="-26.979288" lon="-48.640245"><ele>16.9</ele></trkpt><trkpt lat="-26.979288" lon="-48.640245"><ele>16.9</ele></trkpt><trkpt lat="-26.979288" lon="-48.640245"><ele>16.9</ele></trkpt><trkpt lat="-26.979288" lon="-48.640245"><ele>16.9</ele></trkpt><trkpt lat="-26.979288" lon="-48.640245"><ele>16.9</ele></trkpt><trkpt lat="-26.979288" lon="-48.640245"><ele>16.9</ele></trkpt><trkpt lat="-26.979288" lon="-48.640245"><ele>16.9</ele></trkpt><trkpt lat="-26.979288" lon="-48.640245"><ele>16.9</ele></trkpt><trkpt lat="-26.979288" lon="-48.640245"><ele>16.9</ele></trkpt><trkpt lat="-26.979288" lon="-48.640245"><ele>16.9</ele></trkpt><trkpt lat="-26.979288" lon="-48.640245"><ele>16.9</ele></trkpt><trkpt lat="-26.979288" lon="-48.640245"><ele>16.9</ele></trkpt><trkpt lat="-26.979283" lon="-48.640272"><ele>14.4</ele></trkpt><trkpt lat="-26.979283" lon="-48.640263"><ele>14.3</ele></trkpt><trkpt lat="-26.979287" lon="-48.64026"><ele>14.2</ele></trkpt><trkpt lat="-26.979288" lon="-48.640253"><ele>13.8</ele></trkpt><trkpt lat="-26.979288" lon="-48.640253"><ele>13.8</ele></trkpt><trkpt lat="-26.979288" lon="-48.640253"><ele>13.8</ele></trkpt><trkpt lat="-26.979288" lon="-48.640253"><ele>13.8</ele></trkpt><trkpt lat="-26.979288" lon="-48.640253"><ele>13.8</ele></trkpt><trkpt lat="-26.9793" lon="-48.640223"><ele>13</ele></trkpt><trkpt lat="-26.979305" lon="-48.640217"><ele>12.9</ele></trkpt><trkpt lat="-26.979308" lon="-48.640212"><ele>12.7</ele></trkpt><trkpt lat="-26.97931" lon="-48.640208"><ele>12.7</ele></trkpt><trkpt lat="-26.97931" lon="-48.64021"><ele>12.6</ele></trkpt><trkpt lat="-26.979312" lon="-48.640208"><ele>12.8</ele></trkpt><trkpt lat="-26.979312" lon="-48.640208"><ele>12.8</ele></trkpt><trkpt lat="-26.979312" lon="-48.640208"><ele>12.8</ele></trkpt><trkpt lat="-26.979312" lon="-48.640208"><ele>12.8</ele></trkpt><trkpt lat="-26.979312" lon="-48.640208"><ele>12.8</ele></trkpt><trkpt lat="-26.979312" lon="-48.640208"><ele>12.8</ele></trkpt><trkpt lat="-26.979312" lon="-48.640208"><ele>12.8</ele></trkpt><trkpt lat="-26.979312" lon="-48.640208"><ele>12.8</ele></trkpt><trkpt lat="-26.979312" lon="-48.640208"><ele>12.8</ele></trkpt><trkpt lat="-26.979312" lon="-48.640208"><ele>12.8</ele></trkpt><trkpt lat="-26.979312" lon="-48.640208"><ele>12.8</ele></trkpt><trkpt lat="-26.979312" lon="-48.640208"><ele>12.8</ele></trkpt><trkpt lat="-26.979312" lon="-48.640208"><ele>12.8</ele></trkpt><trkpt lat="-26.979312" lon="-48.640208"><ele>12.8</ele></trkpt><trkpt lat="-26.979312" lon="-48.640208"><ele>12.8</ele></trkpt><trkpt lat="-26.979312" lon="-48.640208"><ele>12.8</ele></trkpt><trkpt lat="-26.979312" lon="-48.640208"><ele>12.8</ele></trkpt><trkpt lat="-26.979312" lon="-48.640208"><ele>12.8</ele></trkpt><trkpt lat="-26.979312" lon="-48.640208"><ele>12.8</ele></trkpt><trkpt lat="-26.979312" lon="-48.640208"><ele>12.8</ele></trkpt><trkpt lat="-26.979312" lon="-48.640208"><ele>12.8</ele></trkpt><trkpt lat="-26.979312" lon="-48.640208"><ele>12.8</ele></trkpt><trkpt lat="-26.979312" lon="-48.640208"><ele>12.8</ele></trkpt><trkpt lat="-26.979312" lon="-48.640208"><ele>12.8</ele></trkpt><trkpt lat="-26.979312" lon="-48.640208"><ele>12.8</ele></trkpt><trkpt lat="-26.979312" lon="-48.640208"><ele>12.8</ele></trkpt><trkpt lat="-26.979312" lon="-48.640208"><ele>12.8</ele></trkpt><trkpt lat="-26.979312" lon="-48.640208"><ele>12.8</ele></trkpt><trkpt lat="-26.979312" lon="-48.640208"><ele>12.8</ele></trkpt><trkpt lat="-26.979312" lon="-48.640208"><ele>12.8</ele></trkpt><trkpt lat="-26.979312" lon="-48.640208"><ele>12.8</ele></trkpt><trkpt lat="-26.979312" lon="-48.640208"><ele>12.8</ele></trkpt><trkpt lat="-26.979312" lon="-48.640208"><ele>12.8</ele></trkpt><trkpt lat="-26.979312" lon="-48.640208"><ele>12.8</ele></trkpt><trkpt lat="-26.979312" lon="-48.640208"><ele>12.8</ele></trkpt><trkpt lat="-26.979312" lon="-48.640208"><ele>12.8</ele></trkpt><trkpt lat="-26.979312" lon="-48.640208"><ele>12.8</ele></trkpt><trkpt lat="-26.979348" lon="-48.640163"><ele>15.8</ele></trkpt><trkpt lat="-26.979343" lon="-48.64016"><ele>16</ele></trkpt><trkpt lat="-26.979338" lon="-48.640155"><ele>16.2</ele></trkpt><trkpt lat="-26.979332" lon="-48.64015"><ele>15.9</ele></trkpt><trkpt lat="-26.97933" lon="-48.640145"><ele>15.7</ele></trkpt><trkpt lat="-26.979327" lon="-48.640137"><ele>15.3</ele></trkpt><trkpt lat="-26.979325" lon="-48.640132"><ele>15.2</ele></trkpt><trkpt lat="-26.979325" lon="-48.640132"><ele>15.2</ele></trkpt><trkpt lat="-26.979325" lon="-48.640132"><ele>15.2</ele></trkpt><trkpt lat="-26.979325" lon="-48.640132"><ele>15.2</ele></trkpt><trkpt lat="-26.979325" lon="-48.640132"><ele>15.2</ele></trkpt><trkpt lat="-26.979325" lon="-48.640132"><ele>15.2</ele></trkpt><trkpt lat="-26.979317" lon="-48.640128"><ele>15.4</ele></trkpt><trkpt lat="-26.979302" lon="-48.640128"><ele>15.9</ele></trkpt><trkpt lat="-26.979285" lon="-48.640128"><ele>15.4</ele></trkpt><trkpt lat="-26.979277" lon="-48.640098"><ele>14.4</ele></trkpt><trkpt lat="-26.979263" lon="-48.640085"><ele>13.6</ele></trkpt><trkpt lat="-26.979248" lon="-48.640073"><ele>12.9</ele></trkpt><trkpt lat="-26.979233" lon="-48.64006"><ele>12.6</ele></trkpt><trkpt lat="-26.979223" lon="-48.640045"><ele>12.3</ele></trkpt><trkpt lat="-26.97921" lon="-48.640033"><ele>11.7</ele></trkpt><trkpt lat="-26.979195" lon="-48.640027"><ele>11.7</ele></trkpt><trkpt lat="-26.979175" lon="-48.640023"><ele>11.4</ele></trkpt><trkpt lat="-26.979153" lon="-48.640027"><ele>11.1</ele></trkpt><trkpt lat="-26.979118" lon="-48.640018"><ele>10.1</ele></trkpt><trkpt lat="-26.97909" lon="-48.64001"><ele>9.8</ele></trkpt><trkpt lat="-26.979043" lon="-48.639997"><ele>9.4</ele></trkpt><trkpt lat="-26.979018" lon="-48.639988"><ele>8.3</ele></trkpt><trkpt lat="-26.978988" lon="-48.639983"><ele>8.3</ele></trkpt><trkpt lat="-26.978975" lon="-48.639972"><ele>7.4</ele></trkpt><trkpt lat="-26.978967" lon="-48.639967"><ele>7.3</ele></trkpt><trkpt lat="-26.978972" lon="-48.639963"><ele>6.8</ele></trkpt><trkpt lat="-26.978972" lon="-48.639963"><ele>6.8</ele></trkpt><trkpt lat="-26.97897" lon="-48.639963"><ele>6.6</ele></trkpt><trkpt lat="-26.978968" lon="-48.639965"><ele>6.5</ele></trkpt><trkpt lat="-26.978967" lon="-48.639968"><ele>6.5</ele></trkpt><trkpt lat="-26.978963" lon="-48.639968"><ele>6.5</ele></trkpt><trkpt lat="-26.978958" lon="-48.63997"><ele>6.5</ele></trkpt><trkpt lat="-26.978955" lon="-48.639967"><ele>6.3</ele></trkpt><trkpt lat="-26.978948" lon="-48.639962"><ele>6.1</ele></trkpt><trkpt lat="-26.978943" lon="-48.639955"><ele>6</ele></trkpt><trkpt lat="-26.978943" lon="-48.639955"><ele>6</ele></trkpt><trkpt lat="-26.978943" lon="-48.639955"><ele>6</ele></trkpt><trkpt lat="-26.978943" lon="-48.639955"><ele>6</ele></trkpt><trkpt lat="-26.978943" lon="-48.639953"><ele>5.7</ele></trkpt><trkpt lat="-26.978948" lon="-48.63996"><ele>5.3</ele></trkpt><trkpt lat="-26.97895" lon="-48.639968"><ele>5</ele></trkpt><trkpt lat="-26.97895" lon="-48.639968"><ele>5</ele></trkpt><trkpt lat="-26.97895" lon="-48.639983"><ele>4.9</ele></trkpt><trkpt lat="-26.978953" lon="-48.639987"><ele>4.6</ele></trkpt><trkpt lat="-26.978953" lon="-48.639987"><ele>4.6</ele></trkpt><trkpt lat="-26.978953" lon="-48.639987"><ele>4.6</ele></trkpt><trkpt lat="-26.978953" lon="-48.639987"><ele>4.6</ele></trkpt><trkpt lat="-26.978953" lon="-48.639987"><ele>4.6</ele></trkpt><trkpt lat="-26.97897" lon="-48.639977"><ele>4.1</ele></trkpt><trkpt lat="-26.978973" lon="-48.63997"><ele>4.1</ele></trkpt><trkpt lat="-26.978977" lon="-48.639963"><ele>3.8</ele></trkpt><trkpt lat="-26.978973" lon="-48.639958"><ele>3.8</ele></trkpt><trkpt lat="-26.978973" lon="-48.639958"><ele>3.8</ele></trkpt><trkpt lat="-26.978972" lon="-48.639955"><ele>3.9</ele></trkpt><trkpt lat="-26.978967" lon="-48.639943"><ele>3.7</ele></trkpt><trkpt lat="-26.978955" lon="-48.639935"><ele>3.8</ele></trkpt><trkpt lat="-26.978938" lon="-48.639923"><ele>3.6</ele></trkpt><trkpt lat="-26.978917" lon="-48.639923"><ele>3.9</ele></trkpt><trkpt lat="-26.978893" lon="-48.63993"><ele>4.9</ele></trkpt><trkpt lat="-26.978868" lon="-48.639923"><ele>5.6</ele></trkpt><trkpt lat="-26.97884" lon="-48.639928"><ele>6.3</ele></trkpt><trkpt lat="-26.978818" lon="-48.639913"><ele>6.1</ele></trkpt><trkpt lat="-26.978795" lon="-48.63991"><ele>5.9</ele></trkpt><trkpt lat="-26.97877" lon="-48.639903"><ele>5.8</ele></trkpt><trkpt lat="-26.978748" lon="-48.639897"><ele>5.6</ele></trkpt><trkpt lat="-26.978728" lon="-48.639887"><ele>5.3</ele></trkpt><trkpt lat="-26.978707" lon="-48.639877"><ele>6.3</ele></trkpt><trkpt lat="-26.978688" lon="-48.639857"><ele>6</ele></trkpt><trkpt lat="-26.978672" lon="-48.639838"><ele>5.6</ele></trkpt><trkpt lat="-26.978662" lon="-48.639823"><ele>5.7</ele></trkpt><trkpt lat="-26.978652" lon="-48.639808"><ele>5.8</ele></trkpt><trkpt lat="-26.978643" lon="-48.639795"><ele>5.3</ele></trkpt><trkpt lat="-26.97864" lon="-48.63979"><ele>5.4</ele></trkpt><trkpt lat="-26.97864" lon="-48.63979"><ele>5.4</ele></trkpt><trkpt lat="-26.978637" lon="-48.639785"><ele>5.5</ele></trkpt><trkpt lat="-26.978633" lon="-48.639788"><ele>5.8</ele></trkpt><trkpt lat="-26.978632" lon="-48.639793"><ele>6.2</ele></trkpt><trkpt lat="-26.97863" lon="-48.6398"><ele>6.4</ele></trkpt><trkpt lat="-26.97863" lon="-48.6398"><ele>6.4</ele></trkpt><trkpt lat="-26.978632" lon="-48.639795"><ele>6.1</ele></trkpt><trkpt lat="-26.978633" lon="-48.639797"><ele>6</ele></trkpt><trkpt lat="-26.978637" lon="-48.639792"><ele>5.8</ele></trkpt><trkpt lat="-26.978637" lon="-48.639792"><ele>5.8</ele></trkpt><trkpt lat="-26.978637" lon="-48.63979"><ele>5.5</ele></trkpt><trkpt lat="-26.978637" lon="-48.639792"><ele>5.6</ele></trkpt><trkpt lat="-26.978628" lon="-48.639792"><ele>5.4</ele></trkpt><trkpt lat="-26.978623" lon="-48.63979"><ele>5.3</ele></trkpt><trkpt lat="-26.978613" lon="-48.639775"><ele>5.2</ele></trkpt><trkpt lat="-26.978612" lon="-48.639757"><ele>4.9</ele></trkpt><trkpt lat="-26.978612" lon="-48.639732"><ele>4.6</ele></trkpt><trkpt lat="-26.978605" lon="-48.639708"><ele>4.4</ele></trkpt><trkpt lat="-26.978598" lon="-48.639687"><ele>4.1</ele></trkpt><trkpt lat="-26.978587" lon="-48.639663"><ele>4</ele></trkpt><trkpt lat="-26.978575" lon="-48.639643"><ele>4.1</ele></trkpt><trkpt lat="-26.978562" lon="-48.639627"><ele>4.3</ele></trkpt><trkpt lat="-26.978548" lon="-48.63961"><ele>4.2</ele></trkpt><trkpt lat="-26.978528" lon="-48.639605"><ele>4.1</ele></trkpt><trkpt lat="-26.97852" lon="-48.639607"><ele>4.3</ele></trkpt><trkpt lat="-26.978525" lon="-48.63961"><ele>3.8</ele></trkpt><trkpt lat="-26.978525" lon="-48.63961"><ele>3.8</ele></trkpt><trkpt lat="-26.978527" lon="-48.639613"><ele>3.5</ele></trkpt><trkpt lat="-26.978525" lon="-48.639618"><ele>3.8</ele></trkpt><trkpt lat="-26.978523" lon="-48.639622"><ele>3.9</ele></trkpt><trkpt lat="-26.978522" lon="-48.639622"><ele>3.9</ele></trkpt><trkpt lat="-26.97852" lon="-48.639622"><ele>4.2</ele></trkpt><trkpt lat="-26.97852" lon="-48.639622"><ele>4.2</ele></trkpt><trkpt lat="-26.978518" lon="-48.639622"><ele>4.3</ele></trkpt><trkpt lat="-26.978512" lon="-48.639615"><ele>4.4</ele></trkpt><trkpt lat="-26.9785" lon="-48.639608"><ele>4.4</ele></trkpt><trkpt lat="-26.978483" lon="-48.6396"><ele>3.1</ele></trkpt><trkpt lat="-26.97846" lon="-48.639585"><ele>3.4</ele></trkpt><trkpt lat="-26.978435" lon="-48.63957"><ele>3.3</ele></trkpt><trkpt lat="-26.978407" lon="-48.63956"><ele>3.5</ele></trkpt><trkpt lat="-26.978375" lon="-48.639547"><ele>5.3</ele></trkpt><trkpt lat="-26.97834" lon="-48.63954"><ele>7.2</ele></trkpt><trkpt lat="-26.978307" lon="-48.639537"><ele>8.8</ele></trkpt><trkpt lat="-26.978275" lon="-48.639535"><ele>9.3</ele></trkpt><trkpt lat="-26.978255" lon="-48.639535"><ele>9.1</ele></trkpt><trkpt lat="-26.97824" lon="-48.639535"><ele>9</ele></trkpt><trkpt lat="-26.97824" lon="-48.639532"><ele>8.9</ele></trkpt><trkpt lat="-26.97824" lon="-48.639528"><ele>8.9</ele></trkpt><trkpt lat="-26.978235" lon="-48.639535"><ele>8.8</ele></trkpt><trkpt lat="-26.978232" lon="-48.639543"><ele>8.8</ele></trkpt><trkpt lat="-26.97823" lon="-48.639548"><ele>9.1</ele></trkpt><trkpt lat="-26.97823" lon="-48.639552"><ele>9.4</ele></trkpt><trkpt lat="-26.978232" lon="-48.63955"><ele>9.8</ele></trkpt><trkpt lat="-26.978232" lon="-48.63955"><ele>9.8</ele></trkpt><trkpt lat="-26.978235" lon="-48.639548"><ele>10.2</ele></trkpt><trkpt lat="-26.978238" lon="-48.639548"><ele>10.5</ele></trkpt><trkpt lat="-26.978242" lon="-48.639543"><ele>10.7</ele></trkpt><trkpt lat="-26.978242" lon="-48.639543"><ele>10.7</ele></trkpt><trkpt lat="-26.978242" lon="-48.639543"><ele>10.7</ele></trkpt><trkpt lat="-26.978242" lon="-48.639543"><ele>10.7</ele></trkpt><trkpt lat="-26.978242" lon="-48.639543"><ele>10.7</ele></trkpt><trkpt lat="-26.978242" lon="-48.639543"><ele>10.7</ele></trkpt><trkpt lat="-26.978242" lon="-48.639543"><ele>10.7</ele></trkpt><trkpt lat="-26.978242" lon="-48.639543"><ele>10.7</ele></trkpt><trkpt lat="-26.978227" lon="-48.639528"><ele>12.8</ele></trkpt><trkpt lat="-26.978203" lon="-48.639528"><ele>13</ele></trkpt><trkpt lat="-26.978182" lon="-48.639525"><ele>12.7</ele></trkpt><trkpt lat="-26.97816" lon="-48.639522"><ele>12.7</ele></trkpt><trkpt lat="-26.978132" lon="-48.639517"><ele>12.7</ele></trkpt><trkpt lat="-26.978107" lon="-48.63952"><ele>12.8</ele></trkpt><trkpt lat="-26.97808" lon="-48.639523"><ele>12.3</ele></trkpt><trkpt lat="-26.978055" lon="-48.639528"><ele>12</ele></trkpt><trkpt lat="-26.978027" lon="-48.639535"><ele>11.8</ele></trkpt><trkpt lat="-26.978" lon="-48.639542"><ele>11.5</ele></trkpt><trkpt lat="-26.977973" lon="-48.639553"><ele>10.9</ele></trkpt><trkpt lat="-26.977947" lon="-48.639555"><ele>10.3</ele></trkpt><trkpt lat="-26.977922" lon="-48.639545"><ele>10.4</ele></trkpt><trkpt lat="-26.977903" lon="-48.63953"><ele>10.1</ele></trkpt><trkpt lat="-26.977887" lon="-48.639517"><ele>10.8</ele></trkpt><trkpt lat="-26.977872" lon="-48.639505"><ele>12.2</ele></trkpt><trkpt lat="-26.977852" lon="-48.639498"><ele>13.6</ele></trkpt><trkpt lat="-26.977828" lon="-48.63949"><ele>14.2</ele></trkpt><trkpt lat="-26.977798" lon="-48.639487"><ele>16</ele></trkpt><trkpt lat="-26.977768" lon="-48.639485"><ele>17.8</ele></trkpt><trkpt lat="-26.977743" lon="-48.639483"><ele>17.5</ele></trkpt><trkpt lat="-26.97772" lon="-48.639483"><ele>17.7</ele></trkpt><trkpt lat="-26.97771" lon="-48.63948"><ele>17.7</ele></trkpt><trkpt lat="-26.977707" lon="-48.639485"><ele>17.9</ele></trkpt><trkpt lat="-26.977702" lon="-48.63949"><ele>18.4</ele></trkpt><trkpt lat="-26.977698" lon="-48.639492"><ele>18.3</ele></trkpt><trkpt lat="-26.977697" lon="-48.639488"><ele>18.3</ele></trkpt><trkpt lat="-26.977687" lon="-48.639482"><ele>18.3</ele></trkpt><trkpt lat="-26.97768" lon="-48.639478"><ele>18.3</ele></trkpt><trkpt lat="-26.97768" lon="-48.639478"><ele>18.3</ele></trkpt><trkpt lat="-26.977677" lon="-48.639478"><ele>18.5</ele></trkpt><trkpt lat="-26.977677" lon="-48.639477"><ele>18.4</ele></trkpt><trkpt lat="-26.977672" lon="-48.639473"><ele>18</ele></trkpt><trkpt lat="-26.977665" lon="-48.639468"><ele>17.8</ele></trkpt><trkpt lat="-26.977658" lon="-48.639462"><ele>17.7</ele></trkpt><trkpt lat="-26.97765" lon="-48.639457"><ele>17.6</ele></trkpt><trkpt lat="-26.977648" lon="-48.639453"><ele>17.6</ele></trkpt><trkpt lat="-26.977652" lon="-48.63945"><ele>17.5</ele></trkpt><trkpt lat="-26.977653" lon="-48.639443"><ele>17.1</ele></trkpt><trkpt lat="-26.977657" lon="-48.639435"><ele>16.6</ele></trkpt><trkpt lat="-26.977657" lon="-48.639435"><ele>16.6</ele></trkpt><trkpt lat="-26.977658" lon="-48.639432"><ele>16.3</ele></trkpt><trkpt lat="-26.977663" lon="-48.639435"><ele>16.2</ele></trkpt><trkpt lat="-26.977672" lon="-48.639435"><ele>16.3</ele></trkpt><trkpt lat="-26.97768" lon="-48.639433"><ele>16.1</ele></trkpt><trkpt lat="-26.97768" lon="-48.639433"><ele>16.1</ele></trkpt><trkpt lat="-26.977682" lon="-48.639432"><ele>15.9</ele></trkpt><trkpt lat="-26.977682" lon="-48.63943"><ele>15.7</ele></trkpt><trkpt lat="-26.97768" lon="-48.639428"><ele>15.4</ele></trkpt><trkpt lat="-26.97768" lon="-48.639428"><ele>15.4</ele></trkpt><trkpt lat="-26.97768" lon="-48.639428"><ele>15.4</ele></trkpt><trkpt lat="-26.97768" lon="-48.639428"><ele>15.4</ele></trkpt><trkpt lat="-26.97768" lon="-48.639428"><ele>15.4</ele></trkpt><trkpt lat="-26.97768" lon="-48.639428"><ele>15.4</ele></trkpt><trkpt lat="-26.977663" lon="-48.63943"><ele>13.3</ele></trkpt><trkpt lat="-26.977655" lon="-48.639432"><ele>12.8</ele></trkpt><trkpt lat="-26.97764" lon="-48.639427"><ele>12.1</ele></trkpt><trkpt lat="-26.97762" lon="-48.63943"><ele>12.2</ele></trkpt><trkpt lat="-26.977605" lon="-48.63943"><ele>11.7</ele></trkpt><trkpt lat="-26.977592" lon="-48.639433"><ele>11.2</ele></trkpt><trkpt lat="-26.977578" lon="-48.639435"><ele>10.7</ele></trkpt><trkpt lat="-26.977558" lon="-48.639437"><ele>10.6</ele></trkpt><trkpt lat="-26.977545" lon="-48.639432"><ele>10.2</ele></trkpt><trkpt lat="-26.977543" lon="-48.63943"><ele>10.2</ele></trkpt><trkpt lat="-26.977543" lon="-48.63943"><ele>10.2</ele></trkpt><trkpt lat="-26.977543" lon="-48.639428"><ele>10.4</ele></trkpt><trkpt lat="-26.977542" lon="-48.639428"><ele>10.8</ele></trkpt><trkpt lat="-26.977538" lon="-48.639428"><ele>11.2</ele></trkpt><trkpt lat="-26.977537" lon="-48.639428"><ele>11.1</ele></trkpt><trkpt lat="-26.977535" lon="-48.639428"><ele>10.9</ele></trkpt><trkpt lat="-26.977533" lon="-48.639428"><ele>10.8</ele></trkpt><trkpt lat="-26.977532" lon="-48.639427"><ele>10.8</ele></trkpt><trkpt lat="-26.977532" lon="-48.639427"><ele>10.8</ele></trkpt><trkpt lat="-26.97753" lon="-48.639427"><ele>10.9</ele></trkpt><trkpt lat="-26.97753" lon="-48.639427"><ele>10.9</ele></trkpt><trkpt lat="-26.97753" lon="-48.639427"><ele>10.9</ele></trkpt><trkpt lat="-26.97753" lon="-48.639427"><ele>10.9</ele></trkpt><trkpt lat="-26.97753" lon="-48.639427"><ele>10.9</ele></trkpt><trkpt lat="-26.97753" lon="-48.639427"><ele>10.9</ele></trkpt><trkpt lat="-26.97753" lon="-48.639427"><ele>10.9</ele></trkpt><trkpt lat="-26.97753" lon="-48.639427"><ele>10.9</ele></trkpt><trkpt lat="-26.97753" lon="-48.639427"><ele>10.9</ele></trkpt><trkpt lat="-26.97753" lon="-48.639427"><ele>10.9</ele></trkpt><trkpt lat="-26.97753" lon="-48.639427"><ele>10.9</ele></trkpt><trkpt lat="-26.97753" lon="-48.639427"><ele>10.9</ele></trkpt><trkpt lat="-26.97753" lon="-48.639427"><ele>10.9</ele></trkpt><trkpt lat="-26.97753" lon="-48.639427"><ele>10.9</ele></trkpt><trkpt lat="-26.97753" lon="-48.639427"><ele>10.9</ele></trkpt><trkpt lat="-26.97753" lon="-48.639427"><ele>10.9</ele></trkpt><trkpt lat="-26.97753" lon="-48.639427"><ele>10.9</ele></trkpt><trkpt lat="-26.97753" lon="-48.639427"><ele>10.9</ele></trkpt><trkpt lat="-26.977517" lon="-48.63942"><ele>11</ele></trkpt><trkpt lat="-26.977503" lon="-48.639422"><ele>11</ele></trkpt><trkpt lat="-26.977487" lon="-48.639418"><ele>10.9</ele></trkpt><trkpt lat="-26.977462" lon="-48.639415"><ele>11</ele></trkpt><trkpt lat="-26.977432" lon="-48.639407"><ele>11.2</ele></trkpt><trkpt lat="-26.977402" lon="-48.639395"><ele>11.5</ele></trkpt><trkpt lat="-26.977382" lon="-48.639388"><ele>11.7</ele></trkpt><trkpt lat="-26.97737" lon="-48.639382"><ele>12</ele></trkpt><trkpt lat="-26.977367" lon="-48.639383"><ele>12.8</ele></trkpt><trkpt lat="-26.977367" lon="-48.639383"><ele>12.8</ele></trkpt><trkpt lat="-26.977368" lon="-48.639388"><ele>13.1</ele></trkpt><trkpt lat="-26.977367" lon="-48.639393"><ele>12.9</ele></trkpt><trkpt lat="-26.977367" lon="-48.639395"><ele>12.5</ele></trkpt><trkpt lat="-26.977365" lon="-48.6394"><ele>12.5</ele></trkpt><trkpt lat="-26.977365" lon="-48.639402"><ele>12.5</ele></trkpt><trkpt lat="-26.977367" lon="-48.639403"><ele>12.5</ele></trkpt><trkpt lat="-26.977365" lon="-48.639403"><ele>12.4</ele></trkpt><trkpt lat="-26.977365" lon="-48.639403"><ele>12.4</ele></trkpt><trkpt lat="-26.977368" lon="-48.639407"><ele>12.2</ele></trkpt><trkpt lat="-26.977368" lon="-48.639408"><ele>12.4</ele></trkpt><trkpt lat="-26.97736" lon="-48.63941"><ele>12.2</ele></trkpt><trkpt lat="-26.977348" lon="-48.639405"><ele>12.1</ele></trkpt><trkpt lat="-26.977337" lon="-48.639405"><ele>11.6</ele></trkpt><trkpt lat="-26.977327" lon="-48.639405"><ele>11.1</ele></trkpt><trkpt lat="-26.977327" lon="-48.639405"><ele>11.1</ele></trkpt><trkpt lat="-26.977318" lon="-48.639403"><ele>10.5</ele></trkpt><trkpt lat="-26.977307" lon="-48.639397"><ele>10.2</ele></trkpt><trkpt lat="-26.977302" lon="-48.63939"><ele>9.9</ele></trkpt><trkpt lat="-26.977302" lon="-48.639385"><ele>9.9</ele></trkpt><trkpt lat="-26.977302" lon="-48.639382"><ele>9.8</ele></trkpt><trkpt lat="-26.977302" lon="-48.639382"><ele>9.6</ele></trkpt><trkpt lat="-26.977303" lon="-48.639382"><ele>9.6</ele></trkpt><trkpt lat="-26.977307" lon="-48.639375"><ele>9.4</ele></trkpt><trkpt lat="-26.977308" lon="-48.639365"><ele>9.3</ele></trkpt><trkpt lat="-26.977308" lon="-48.639357"><ele>9.1</ele></trkpt><trkpt lat="-26.977308" lon="-48.639357"><ele>9.1</ele></trkpt><trkpt lat="-26.977308" lon="-48.639352"><ele>9</ele></trkpt><trkpt lat="-26.977307" lon="-48.639345"><ele>8.9</ele></trkpt><trkpt lat="-26.977297" lon="-48.63934"><ele>8.6</ele></trkpt><trkpt lat="-26.977285" lon="-48.639337"><ele>8</ele></trkpt><trkpt lat="-26.977268" lon="-48.639332"><ele>7.7</ele></trkpt><trkpt lat="-26.97725" lon="-48.639328"><ele>7.1</ele></trkpt><trkpt lat="-26.977228" lon="-48.63932"><ele>7</ele></trkpt><trkpt lat="-26.977213" lon="-48.639315"><ele>6.6</ele></trkpt><trkpt lat="-26.977202" lon="-48.63931"><ele>6.4</ele></trkpt><trkpt lat="-26.977193" lon="-48.639308"><ele>6.5</ele></trkpt><trkpt lat="-26.977192" lon="-48.639312"><ele>6.8</ele></trkpt><trkpt lat="-26.977192" lon="-48.639312"><ele>6.8</ele></trkpt><trkpt lat="-26.977192" lon="-48.639313"><ele>7.2</ele></trkpt><trkpt lat="-26.977192" lon="-48.639317"><ele>7.2</ele></trkpt><trkpt lat="-26.977193" lon="-48.63932"><ele>7.5</ele></trkpt><trkpt lat="-26.977193" lon="-48.63932"><ele>7.9</ele></trkpt><trkpt lat="-26.977195" lon="-48.639323"><ele>8.1</ele></trkpt><trkpt lat="-26.977197" lon="-48.639325"><ele>8.3</ele></trkpt><trkpt lat="-26.977197" lon="-48.639325"><ele>8.3</ele></trkpt><trkpt lat="-26.977198" lon="-48.639323"><ele>8.5</ele></trkpt><trkpt lat="-26.977198" lon="-48.639322"><ele>8.1</ele></trkpt><trkpt lat="-26.977193" lon="-48.639318"><ele>7.8</ele></trkpt><trkpt lat="-26.97718" lon="-48.639315"><ele>7.5</ele></trkpt><trkpt lat="-26.977167" lon="-48.639305"><ele>7.1</ele></trkpt><trkpt lat="-26.977152" lon="-48.639292"><ele>6.8</ele></trkpt><trkpt lat="-26.977132" lon="-48.639273"><ele>6.6</ele></trkpt><trkpt lat="-26.977112" lon="-48.639257"><ele>6.6</ele></trkpt><trkpt lat="-26.97709" lon="-48.639243"><ele>6.6</ele></trkpt><trkpt lat="-26.977072" lon="-48.639237"><ele>6.4</ele></trkpt><trkpt lat="-26.977055" lon="-48.639233"><ele>6.5</ele></trkpt><trkpt lat="-26.977045" lon="-48.639238"><ele>6.3</ele></trkpt><trkpt lat="-26.97704" lon="-48.639253"><ele>6.9</ele></trkpt><trkpt lat="-26.977042" lon="-48.639258"><ele>7.3</ele></trkpt><trkpt lat="-26.97704" lon="-48.63926"><ele>7.4</ele></trkpt><trkpt lat="-26.97704" lon="-48.63926"><ele>7.4</ele></trkpt><trkpt lat="-26.977038" lon="-48.639263"><ele>7.6</ele></trkpt><trkpt lat="-26.977038" lon="-48.639267"><ele>7.8</ele></trkpt><trkpt lat="-26.977038" lon="-48.639272"><ele>8.2</ele></trkpt><trkpt lat="-26.977038" lon="-48.639272"><ele>8.2</ele></trkpt><trkpt lat="-26.97704" lon="-48.639273"><ele>8.5</ele></trkpt><trkpt lat="-26.97704" lon="-48.639277"><ele>8.9</ele></trkpt><trkpt lat="-26.97704" lon="-48.639277"><ele>8.9</ele></trkpt><trkpt lat="-26.977042" lon="-48.639278"><ele>9.1</ele></trkpt><trkpt lat="-26.97704" lon="-48.639282"><ele>9.1</ele></trkpt><trkpt lat="-26.97704" lon="-48.639282"><ele>9.1</ele></trkpt><trkpt lat="-26.977035" lon="-48.639278"><ele>9.4</ele></trkpt><trkpt lat="-26.977032" lon="-48.639282"><ele>9.4</ele></trkpt><trkpt lat="-26.977032" lon="-48.639283"><ele>9.4</ele></trkpt><trkpt lat="-26.977033" lon="-48.639285"><ele>9.4</ele></trkpt><trkpt lat="-26.977035" lon="-48.639288"><ele>9.6</ele></trkpt><trkpt lat="-26.977035" lon="-48.639288"><ele>9.6</ele></trkpt><trkpt lat="-26.977035" lon="-48.639288"><ele>9.6</ele></trkpt><trkpt lat="-26.977035" lon="-48.639288"><ele>9.6</ele></trkpt><trkpt lat="-26.977035" lon="-48.639288"><ele>9.6</ele></trkpt><trkpt lat="-26.977035" lon="-48.639288"><ele>9.6</ele></trkpt><trkpt lat="-26.977035" lon="-48.639288"><ele>9.6</ele></trkpt><trkpt lat="-26.977035" lon="-48.639288"><ele>9.6</ele></trkpt><trkpt lat="-26.977035" lon="-48.639288"><ele>9.6</ele></trkpt><trkpt lat="-26.977015" lon="-48.639285"><ele>10.8</ele></trkpt><trkpt lat="-26.97701" lon="-48.639275"><ele>10.6</ele></trkpt><trkpt lat="-26.977007" lon="-48.639265"><ele>10.4</ele></trkpt><trkpt lat="-26.977005" lon="-48.639257"><ele>10.2</ele></trkpt><trkpt lat="-26.977007" lon="-48.639255"><ele>9.9</ele></trkpt><trkpt lat="-26.977007" lon="-48.639258"><ele>9.5</ele></trkpt><trkpt lat="-26.977005" lon="-48.639262"><ele>9.3</ele></trkpt><trkpt lat="-26.977005" lon="-48.639262"><ele>9.3</ele></trkpt><trkpt lat="-26.977007" lon="-48.639265"><ele>9.2</ele></trkpt><trkpt lat="-26.977008" lon="-48.639267"><ele>9.2</ele></trkpt><trkpt lat="-26.977008" lon="-48.639267"><ele>9.2</ele></trkpt><trkpt lat="-26.977007" lon="-48.639267"><ele>9.3</ele></trkpt><trkpt lat="-26.977007" lon="-48.639268"><ele>9.2</ele></trkpt><trkpt lat="-26.977007" lon="-48.639267"><ele>9.2</ele></trkpt><trkpt lat="-26.977005" lon="-48.639263"><ele>9.4</ele></trkpt><trkpt lat="-26.977005" lon="-48.639262"><ele>9.5</ele></trkpt><trkpt lat="-26.977003" lon="-48.639263"><ele>9.8</ele></trkpt><trkpt lat="-26.977003" lon="-48.639263"><ele>9.8</ele></trkpt><trkpt lat="-26.977003" lon="-48.639263"><ele>9.8</ele></trkpt><trkpt lat="-26.977003" lon="-48.639263"><ele>9.8</ele></trkpt><trkpt lat="-26.977003" lon="-48.639263"><ele>9.8</ele></trkpt><trkpt lat="-26.976997" lon="-48.63927"><ele>10.6</ele></trkpt><trkpt lat="-26.976995" lon="-48.639268"><ele>10.7</ele></trkpt><trkpt lat="-26.976993" lon="-48.63927"><ele>10.6</ele></trkpt><trkpt lat="-26.976993" lon="-48.639265"><ele>10.3</ele></trkpt><trkpt lat="-26.976993" lon="-48.639262"><ele>10.2</ele></trkpt><trkpt lat="-26.976993" lon="-48.639262"><ele>10.2</ele></trkpt><trkpt lat="-26.976993" lon="-48.639262"><ele>10.2</ele></trkpt><trkpt lat="-26.976993" lon="-48.639262"><ele>10.2</ele></trkpt><trkpt lat="-26.976993" lon="-48.639262"><ele>10.2</ele></trkpt><trkpt lat="-26.976993" lon="-48.639262"><ele>10.2</ele></trkpt><trkpt lat="-26.977003" lon="-48.63925"><ele>9.3</ele></trkpt><trkpt lat="-26.977007" lon="-48.63925"><ele>9.1</ele></trkpt><trkpt lat="-26.977005" lon="-48.639247"><ele>8.9</ele></trkpt><trkpt lat="-26.976998" lon="-48.639243"><ele>8.6</ele></trkpt><trkpt lat="-26.97699" lon="-48.639235"><ele>8.5</ele></trkpt><trkpt lat="-26.976978" lon="-48.639217"><ele>8.4</ele></trkpt><trkpt lat="-26.976958" lon="-48.639198"><ele>8.1</ele></trkpt><trkpt lat="-26.976942" lon="-48.639187"><ele>7.7</ele></trkpt><trkpt lat="-26.97692" lon="-48.639175"><ele>7.7</ele></trkpt><trkpt lat="-26.976897" lon="-48.639162"><ele>7.8</ele></trkpt><trkpt lat="-26.97687" lon="-48.639153"><ele>7.7</ele></trkpt><trkpt lat="-26.97684" lon="-48.639147"><ele>8</ele></trkpt><trkpt lat="-26.976812" lon="-48.639138"><ele>8.1</ele></trkpt><trkpt lat="-26.97678" lon="-48.639135"><ele>8.4</ele></trkpt><trkpt lat="-26.97675" lon="-48.639137"><ele>8.9</ele></trkpt><trkpt lat="-26.976732" lon="-48.639132"><ele>9.1</ele></trkpt><trkpt lat="-26.976722" lon="-48.639132"><ele>9.4</ele></trkpt><trkpt lat="-26.976722" lon="-48.639137"><ele>10.2</ele></trkpt><trkpt lat="-26.976722" lon="-48.639137"><ele>10.2</ele></trkpt><trkpt lat="-26.976718" lon="-48.639143"><ele>10.6</ele></trkpt><trkpt lat="-26.976718" lon="-48.639145"><ele>10.6</ele></trkpt><trkpt lat="-26.976718" lon="-48.639147"><ele>10.8</ele></trkpt><trkpt lat="-26.97672" lon="-48.639147"><ele>10.8</ele></trkpt><trkpt lat="-26.97672" lon="-48.639147"><ele>10.7</ele></trkpt><trkpt lat="-26.97672" lon="-48.639145"><ele>10.7</ele></trkpt><trkpt lat="-26.976718" lon="-48.639145"><ele>10.7</ele></trkpt><trkpt lat="-26.976718" lon="-48.639145"><ele>10.7</ele></trkpt><trkpt lat="-26.976717" lon="-48.639147"><ele>10.7</ele></trkpt><trkpt lat="-26.976717" lon="-48.639145"><ele>10.8</ele></trkpt><trkpt lat="-26.976713" lon="-48.639138"><ele>10.9</ele></trkpt><trkpt lat="-26.976705" lon="-48.639132"><ele>10.9</ele></trkpt><trkpt lat="-26.976692" lon="-48.639127"><ele>10.8</ele></trkpt><trkpt lat="-26.97668" lon="-48.639115"><ele>10.5</ele></trkpt><trkpt lat="-26.97667" lon="-48.639102"><ele>10.1</ele></trkpt><trkpt lat="-26.976658" lon="-48.639092"><ele>9.7</ele></trkpt><trkpt lat="-26.976643" lon="-48.639085"><ele>9.4</ele></trkpt><trkpt lat="-26.97663" lon="-48.639078"><ele>9.1</ele></trkpt><trkpt lat="-26.97662" lon="-48.639073"><ele>8.8</ele></trkpt><trkpt lat="-26.97661" lon="-48.639072"><ele>8.4</ele></trkpt><trkpt lat="-26.976603" lon="-48.639068"><ele>8</ele></trkpt><trkpt lat="-26.9766" lon="-48.639068"><ele>7.8</ele></trkpt><trkpt lat="-26.976595" lon="-48.63907"><ele>7.8</ele></trkpt><trkpt lat="-26.97659" lon="-48.639073"><ele>7.8</ele></trkpt><trkpt lat="-26.97659" lon="-48.63908"><ele>7.5</ele></trkpt><trkpt lat="-26.97659" lon="-48.63908"><ele>7.5</ele></trkpt><trkpt lat="-26.97659" lon="-48.639087"><ele>7.5</ele></trkpt><trkpt lat="-26.976593" lon="-48.639093"><ele>7.5</ele></trkpt><trkpt lat="-26.976597" lon="-48.639098"><ele>7.7</ele></trkpt><trkpt lat="-26.976602" lon="-48.639102"><ele>7.7</ele></trkpt><trkpt lat="-26.976602" lon="-48.639102"><ele>7.7</ele></trkpt><trkpt lat="-26.976602" lon="-48.639102"><ele>7.7</ele></trkpt><trkpt lat="-26.976602" lon="-48.639108"><ele>7.9</ele></trkpt><trkpt lat="-26.976602" lon="-48.639108"><ele>7.9</ele></trkpt><trkpt lat="-26.976605" lon="-48.639112"><ele>8</ele></trkpt><trkpt lat="-26.976605" lon="-48.639118"><ele>8</ele></trkpt><trkpt lat="-26.976607" lon="-48.639118"><ele>8.1</ele></trkpt><trkpt lat="-26.976605" lon="-48.639122"><ele>8.2</ele></trkpt><trkpt lat="-26.976605" lon="-48.639122"><ele>8.2</ele></trkpt><trkpt lat="-26.9766" lon="-48.639117"><ele>7.9</ele></trkpt><trkpt lat="-26.976595" lon="-48.639115"><ele>7.8</ele></trkpt><trkpt lat="-26.976592" lon="-48.639112"><ele>7.9</ele></trkpt><trkpt lat="-26.97659" lon="-48.63911"><ele>7.9</ele></trkpt><trkpt lat="-26.97659" lon="-48.63911"><ele>7.9</ele></trkpt><trkpt lat="-26.97659" lon="-48.63911"><ele>7.9</ele></trkpt><trkpt lat="-26.97659" lon="-48.63911"><ele>7.9</ele></trkpt><trkpt lat="-26.97659" lon="-48.63911"><ele>7.9</ele></trkpt><trkpt lat="-26.97659" lon="-48.63911"><ele>7.9</ele></trkpt><trkpt lat="-26.97659" lon="-48.63911"><ele>7.9</ele></trkpt><trkpt lat="-26.97659" lon="-48.63911"><ele>7.9</ele></trkpt><trkpt lat="-26.97659" lon="-48.63911"><ele>7.9</ele></trkpt><trkpt lat="-26.97659" lon="-48.63911"><ele>7.9</ele></trkpt><trkpt lat="-26.976582" lon="-48.639077"><ele>5.6</ele></trkpt><trkpt lat="-26.976572" lon="-48.639073"><ele>5.4</ele></trkpt><trkpt lat="-26.976563" lon="-48.639067"><ele>4.9</ele></trkpt><trkpt lat="-26.97656" lon="-48.639062"><ele>4.5</ele></trkpt><trkpt lat="-26.976555" lon="-48.639062"><ele>4.5</ele></trkpt><trkpt lat="-26.976543" lon="-48.639072"><ele>4.7</ele></trkpt><trkpt lat="-26.976533" lon="-48.63908"><ele>5.1</ele></trkpt><trkpt lat="-26.97653" lon="-48.63908"><ele>5.3</ele></trkpt><trkpt lat="-26.976523" lon="-48.639082"><ele>5.9</ele></trkpt><trkpt lat="-26.976522" lon="-48.639082"><ele>6</ele></trkpt><trkpt lat="-26.97652" lon="-48.639078"><ele>6.1</ele></trkpt><trkpt lat="-26.976515" lon="-48.639078"><ele>6.5</ele></trkpt><trkpt lat="-26.976515" lon="-48.639077"><ele>6.6</ele></trkpt><trkpt lat="-26.976517" lon="-48.639078"><ele>6.7</ele></trkpt><trkpt lat="-26.976517" lon="-48.639078"><ele>6.7</ele></trkpt><trkpt lat="-26.976517" lon="-48.639078"><ele>6.7</ele></trkpt><trkpt lat="-26.976517" lon="-48.639078"><ele>6.7</ele></trkpt><trkpt lat="-26.976517" lon="-48.639078"><ele>6.7</ele></trkpt><trkpt lat="-26.976517" lon="-48.639078"><ele>6.7</ele></trkpt><trkpt lat="-26.976517" lon="-48.639078"><ele>6.7</ele></trkpt><trkpt lat="-26.976517" lon="-48.639078"><ele>6.7</ele></trkpt><trkpt lat="-26.976517" lon="-48.639078"><ele>6.7</ele></trkpt><trkpt lat="-26.976517" lon="-48.639078"><ele>6.7</ele></trkpt><trkpt lat="-26.976517" lon="-48.639078"><ele>6.7</ele></trkpt><trkpt lat="-26.976517" lon="-48.639078"><ele>6.7</ele></trkpt><trkpt lat="-26.976517" lon="-48.639078"><ele>6.7</ele></trkpt><trkpt lat="-26.976517" lon="-48.639078"><ele>6.7</ele></trkpt><trkpt lat="-26.976517" lon="-48.639078"><ele>6.7</ele></trkpt><trkpt lat="-26.976517" lon="-48.639078"><ele>6.7</ele></trkpt><trkpt lat="-26.976517" lon="-48.639078"><ele>6.7</ele></trkpt><trkpt lat="-26.976478" lon="-48.639077"><ele>10</ele></trkpt><trkpt lat="-26.976478" lon="-48.639077"><ele>10.2</ele></trkpt><trkpt lat="-26.976478" lon="-48.639067"><ele>10.5</ele></trkpt><trkpt lat="-26.976473" lon="-48.639057"><ele>10.4</ele></trkpt><trkpt lat="-26.97647" lon="-48.639045"><ele>10.3</ele></trkpt><trkpt lat="-26.97646" lon="-48.639037"><ele>10.2</ele></trkpt><trkpt lat="-26.976445" lon="-48.639027"><ele>10.1</ele></trkpt><trkpt lat="-26.976428" lon="-48.63902"><ele>9.8</ele></trkpt><trkpt lat="-26.976408" lon="-48.639017"><ele>9.5</ele></trkpt><trkpt lat="-26.976395" lon="-48.63901"><ele>8.8</ele></trkpt><trkpt lat="-26.976383" lon="-48.639013"><ele>8.2</ele></trkpt><trkpt lat="-26.976375" lon="-48.639013"><ele>7.7</ele></trkpt><trkpt lat="-26.976368" lon="-48.639013"><ele>7.6</ele></trkpt><trkpt lat="-26.976363" lon="-48.639015"><ele>7.5</ele></trkpt><trkpt lat="-26.97636" lon="-48.639023"><ele>7.6</ele></trkpt><trkpt lat="-26.976357" lon="-48.639032"><ele>8</ele></trkpt><trkpt lat="-26.976357" lon="-48.639032"><ele>8</ele></trkpt><trkpt lat="-26.976352" lon="-48.63904"><ele>8.5</ele></trkpt><trkpt lat="-26.976352" lon="-48.63904"><ele>8.8</ele></trkpt><trkpt lat="-26.97635" lon="-48.639037"><ele>8.8</ele></trkpt><trkpt lat="-26.97635" lon="-48.639032"><ele>8.8</ele></trkpt><trkpt lat="-26.976348" lon="-48.63903"><ele>8.8</ele></trkpt><trkpt lat="-26.976348" lon="-48.63903"><ele>8.8</ele></trkpt><trkpt lat="-26.976348" lon="-48.63903"><ele>8.8</ele></trkpt><trkpt lat="-26.976348" lon="-48.63903"><ele>8.8</ele></trkpt><trkpt lat="-26.976348" lon="-48.63903"><ele>8.8</ele></trkpt><trkpt lat="-26.976348" lon="-48.63903"><ele>8.8</ele></trkpt><trkpt lat="-26.976333" lon="-48.639037"><ele>8.9</ele></trkpt><trkpt lat="-26.97632" lon="-48.639027"><ele>8.9</ele></trkpt><trkpt lat="-26.9763" lon="-48.639028"><ele>8.9</ele></trkpt><trkpt lat="-26.976285" lon="-48.639028"><ele>8.9</ele></trkpt><trkpt lat="-26.97627" lon="-48.639023"><ele>8.9</ele></trkpt><trkpt lat="-26.976247" lon="-48.639012"><ele>8.5</ele></trkpt><trkpt lat="-26.976223" lon="-48.639003"><ele>8.2</ele></trkpt><trkpt lat="-26.976195" lon="-48.638998"><ele>7.8</ele></trkpt><trkpt lat="-26.976167" lon="-48.638998"><ele>7.3</ele></trkpt><trkpt lat="-26.97614" lon="-48.638988"><ele>6.8</ele></trkpt><trkpt lat="-26.976117" lon="-48.63898"><ele>6.6</ele></trkpt><trkpt lat="-26.976093" lon="-48.638963"><ele>6.7</ele></trkpt><trkpt lat="-26.976077" lon="-48.638955"><ele>7</ele></trkpt><trkpt lat="-26.976063" lon="-48.638947"><ele>7</ele></trkpt><trkpt lat="-26.976055" lon="-48.638943"><ele>7.2</ele></trkpt><trkpt lat="-26.97605" lon="-48.638953"><ele>10.5</ele></trkpt><trkpt lat="-26.97605" lon="-48.638953"><ele>10.5</ele></trkpt><trkpt lat="-26.976055" lon="-48.638953"><ele>10.8</ele></trkpt><trkpt lat="-26.97606" lon="-48.638955"><ele>11.5</ele></trkpt><trkpt lat="-26.976065" lon="-48.638955"><ele>11.8</ele></trkpt><trkpt lat="-26.976065" lon="-48.638955"><ele>11.9</ele></trkpt><trkpt lat="-26.976065" lon="-48.638952"><ele>12</ele></trkpt><trkpt lat="-26.976068" lon="-48.638948"><ele>11.9</ele></trkpt><trkpt lat="-26.97607" lon="-48.638945"><ele>11.9</ele></trkpt><trkpt lat="-26.976072" lon="-48.638943"><ele>11.8</ele></trkpt><trkpt lat="-26.976072" lon="-48.638943"><ele>11.8</ele></trkpt><trkpt lat="-26.976072" lon="-48.638945"><ele>11.8</ele></trkpt><trkpt lat="-26.97607" lon="-48.638945"><ele>11.6</ele></trkpt><trkpt lat="-26.976067" lon="-48.638938"><ele>11.4</ele></trkpt><trkpt lat="-26.976045" lon="-48.638933"><ele>11.6</ele></trkpt><trkpt lat="-26.976025" lon="-48.638947"><ele>14</ele></trkpt><trkpt lat="-26.976008" lon="-48.638958"><ele>16.9</ele></trkpt><trkpt lat="-26.975997" lon="-48.638965"><ele>18.8</ele></trkpt><trkpt lat="-26.975995" lon="-48.63897"><ele>20.1</ele></trkpt><trkpt lat="-26.975997" lon="-48.638965"><ele>20.6</ele></trkpt><trkpt lat="-26.976" lon="-48.638953"><ele>20.6</ele></trkpt><trkpt lat="-26.976" lon="-48.638953"><ele>20.6</ele></trkpt><trkpt lat="-26.976005" lon="-48.63895"><ele>20.9</ele></trkpt><trkpt lat="-26.976012" lon="-48.638948"><ele>21.3</ele></trkpt><trkpt lat="-26.976015" lon="-48.638938"><ele>20.9</ele></trkpt><trkpt lat="-26.976017" lon="-48.638935"><ele>20.8</ele></trkpt><trkpt lat="-26.976015" lon="-48.638937"><ele>20.6</ele></trkpt><trkpt lat="-26.976015" lon="-48.638938"><ele>20.4</ele></trkpt><trkpt lat="-26.976012" lon="-48.638942"><ele>20.2</ele></trkpt><trkpt lat="-26.976012" lon="-48.638942"><ele>20.2</ele></trkpt><trkpt lat="-26.976008" lon="-48.638942"><ele>20.2</ele></trkpt><trkpt lat="-26.976012" lon="-48.638942"><ele>20.1</ele></trkpt><trkpt lat="-26.976008" lon="-48.63894"><ele>20</ele></trkpt><trkpt lat="-26.976" lon="-48.638937"><ele>19.6</ele></trkpt><trkpt lat="-26.975987" lon="-48.638928"><ele>19</ele></trkpt><trkpt lat="-26.97597" lon="-48.638923"><ele>18.2</ele></trkpt><trkpt lat="-26.975952" lon="-48.638913"><ele>17.5</ele></trkpt><trkpt lat="-26.975933" lon="-48.638903"><ele>17.2</ele></trkpt><trkpt lat="-26.975923" lon="-48.638892"><ele>16.5</ele></trkpt><trkpt lat="-26.975915" lon="-48.638885"><ele>15.9</ele></trkpt><trkpt lat="-26.97591" lon="-48.63888"><ele>14.9</ele></trkpt><trkpt lat="-26.975908" lon="-48.638873"><ele>13.9</ele></trkpt><trkpt lat="-26.975908" lon="-48.638867"><ele>13.8</ele></trkpt><trkpt lat="-26.975908" lon="-48.638867"><ele>13.8</ele></trkpt><trkpt lat="-26.97591" lon="-48.63886"><ele>13.4</ele></trkpt><trkpt lat="-26.975912" lon="-48.638853"><ele>13</ele></trkpt><trkpt lat="-26.975913" lon="-48.63885"><ele>12.3</ele></trkpt><trkpt lat="-26.975915" lon="-48.63884"><ele>11.9</ele></trkpt><trkpt lat="-26.975912" lon="-48.638837"><ele>11.4</ele></trkpt><trkpt lat="-26.975903" lon="-48.638828"><ele>9.5</ele></trkpt><trkpt lat="-26.975902" lon="-48.638823"><ele>9.4</ele></trkpt><trkpt lat="-26.975902" lon="-48.638823"><ele>9.4</ele></trkpt><trkpt lat="-26.975902" lon="-48.638823"><ele>9.4</ele></trkpt><trkpt lat="-26.975902" lon="-48.638823"><ele>9.4</ele></trkpt><trkpt lat="-26.975902" lon="-48.638823"><ele>9.4</ele></trkpt><trkpt lat="-26.975902" lon="-48.638823"><ele>9.4</ele></trkpt><trkpt lat="-26.975902" lon="-48.638823"><ele>9.4</ele></trkpt><trkpt lat="-26.975887" lon="-48.638815"><ele>9</ele></trkpt><trkpt lat="-26.975878" lon="-48.638815"><ele>8.9</ele></trkpt><trkpt lat="-26.975868" lon="-48.638813"><ele>8.5</ele></trkpt><trkpt lat="-26.975858" lon="-48.63881"><ele>8.2</ele></trkpt><trkpt lat="-26.975845" lon="-48.638807"><ele>7.6</ele></trkpt><trkpt lat="-26.975837" lon="-48.63881"><ele>6.9</ele></trkpt><trkpt lat="-26.975837" lon="-48.638813"><ele>6.3</ele></trkpt><trkpt lat="-26.975832" lon="-48.638815"><ele>6.2</ele></trkpt><trkpt lat="-26.975828" lon="-48.638815"><ele>5.9</ele></trkpt><trkpt lat="-26.975827" lon="-48.638815"><ele>5.6</ele></trkpt><trkpt lat="-26.975827" lon="-48.638815"><ele>5.6</ele></trkpt><trkpt lat="-26.975825" lon="-48.638813"><ele>5.4</ele></trkpt><trkpt lat="-26.975827" lon="-48.638812"><ele>5</ele></trkpt><trkpt lat="-26.975825" lon="-48.638812"><ele>5</ele></trkpt><trkpt lat="-26.975828" lon="-48.63881"><ele>5</ele></trkpt><trkpt lat="-26.975827" lon="-48.638808"><ele>4.9</ele></trkpt><trkpt lat="-26.975827" lon="-48.638805"><ele>4.9</ele></trkpt><trkpt lat="-26.975827" lon="-48.638805"><ele>4.9</ele></trkpt><trkpt lat="-26.975827" lon="-48.638805"><ele>4.9</ele></trkpt><trkpt lat="-26.975827" lon="-48.638805"><ele>4.9</ele></trkpt><trkpt lat="-26.975827" lon="-48.638805"><ele>4.9</ele></trkpt><trkpt lat="-26.975827" lon="-48.638805"><ele>4.9</ele></trkpt><trkpt lat="-26.975827" lon="-48.638805"><ele>4.9</ele></trkpt><trkpt lat="-26.975823" lon="-48.638795"><ele>4.8</ele></trkpt><trkpt lat="-26.975812" lon="-48.638798"><ele>5</ele></trkpt><trkpt lat="-26.975805" lon="-48.638797"><ele>4.7</ele></trkpt><trkpt lat="-26.975803" lon="-48.638795"><ele>4.3</ele></trkpt><trkpt lat="-26.975797" lon="-48.638795"><ele>4.3</ele></trkpt><trkpt lat="-26.975802" lon="-48.6388"><ele>4.2</ele></trkpt><trkpt lat="-26.975812" lon="-48.638802"><ele>4.2</ele></trkpt><trkpt lat="-26.975815" lon="-48.638802"><ele>4.2</ele></trkpt><trkpt lat="-26.975818" lon="-48.638802"><ele>4.3</ele></trkpt><trkpt lat="-26.975818" lon="-48.638802"><ele>4.3</ele></trkpt><trkpt lat="-26.975822" lon="-48.638802"><ele>4</ele></trkpt><trkpt lat="-26.975822" lon="-48.638802"><ele>3.7</ele></trkpt><trkpt lat="-26.975817" lon="-48.638803"><ele>3.1</ele></trkpt><trkpt lat="-26.975817" lon="-48.638805"><ele>2.9</ele></trkpt><trkpt lat="-26.975817" lon="-48.638805"><ele>2.9</ele></trkpt><trkpt lat="-26.975817" lon="-48.638805"><ele>2.9</ele></trkpt><trkpt lat="-26.975817" lon="-48.638805"><ele>2.9</ele></trkpt><trkpt lat="-26.975817" lon="-48.638805"><ele>2.9</ele></trkpt><trkpt lat="-26.975817" lon="-48.638805"><ele>2.9</ele></trkpt><trkpt lat="-26.975817" lon="-48.638805"><ele>2.9</ele></trkpt><trkpt lat="-26.975817" lon="-48.638805"><ele>2.9</ele></trkpt><trkpt lat="-26.975817" lon="-48.638805"><ele>2.9</ele></trkpt><trkpt lat="-26.975817" lon="-48.638805"><ele>2.9</ele></trkpt><trkpt lat="-26.975817" lon="-48.638805"><ele>2.9</ele></trkpt><trkpt lat="-26.975817" lon="-48.638805"><ele>2.9</ele></trkpt><trkpt lat="-26.975817" lon="-48.638805"><ele>2.9</ele></trkpt><trkpt lat="-26.975817" lon="-48.638805"><ele>2.9</ele></trkpt><trkpt lat="-26.975817" lon="-48.638805"><ele>2.9</ele></trkpt><trkpt lat="-26.975817" lon="-48.638805"><ele>2.9</ele></trkpt><trkpt lat="-26.975817" lon="-48.638805"><ele>2.9</ele></trkpt><trkpt lat="-26.975817" lon="-48.638805"><ele>2.9</ele></trkpt><trkpt lat="-26.975817" lon="-48.638805"><ele>2.9</ele></trkpt><trkpt lat="-26.975817" lon="-48.638805"><ele>2.9</ele></trkpt><trkpt lat="-26.975817" lon="-48.638805"><ele>2.9</ele></trkpt><trkpt lat="-26.975817" lon="-48.638805"><ele>2.9</ele></trkpt><trkpt lat="-26.975817" lon="-48.638805"><ele>2.9</ele></trkpt><trkpt lat="-26.975817" lon="-48.638805"><ele>2.9</ele></trkpt><trkpt lat="-26.975817" lon="-48.638805"><ele>2.9</ele></trkpt><trkpt lat="-26.975817" lon="-48.638805"><ele>2.9</ele></trkpt><trkpt lat="-26.975817" lon="-48.638805"><ele>2.9</ele></trkpt><trkpt lat="-26.975817" lon="-48.638805"><ele>2.9</ele></trkpt><trkpt lat="-26.975817" lon="-48.638805"><ele>2.9</ele></trkpt><trkpt lat="-26.975817" lon="-48.638805"><ele>2.9</ele></trkpt><trkpt lat="-26.975817" lon="-48.638805"><ele>2.9</ele></trkpt><trkpt lat="-26.975817" lon="-48.638805"><ele>2.9</ele></trkpt><trkpt lat="-26.975817" lon="-48.638805"><ele>2.9</ele></trkpt><trkpt lat="-26.975817" lon="-48.638805"><ele>2.9</ele></trkpt><trkpt lat="-26.975817" lon="-48.638805"><ele>2.9</ele></trkpt><trkpt lat="-26.975817" lon="-48.638805"><ele>2.9</ele></trkpt><trkpt lat="-26.975817" lon="-48.638805"><ele>2.9</ele></trkpt><trkpt lat="-26.975812" lon="-48.638883"><ele>5.6</ele></trkpt><trkpt lat="-26.97582" lon="-48.638875"><ele>5.2</ele></trkpt><trkpt lat="-26.975827" lon="-48.638872"><ele>4.9</ele></trkpt><trkpt lat="-26.975837" lon="-48.638863"><ele>4.5</ele></trkpt><trkpt lat="-26.975843" lon="-48.638858"><ele>4.3</ele></trkpt><trkpt lat="-26.975847" lon="-48.638853"><ele>4.3</ele></trkpt><trkpt lat="-26.975843" lon="-48.63885"><ele>4.1</ele></trkpt><trkpt lat="-26.975843" lon="-48.63885"><ele>4.1</ele></trkpt><trkpt lat="-26.975822" lon="-48.63884"><ele>4.3</ele></trkpt><trkpt lat="-26.97581" lon="-48.638835"><ele>4.3</ele></trkpt><trkpt lat="-26.975802" lon="-48.638833"><ele>4.6</ele></trkpt><trkpt lat="-26.9758" lon="-48.638837"><ele>5.2</ele></trkpt><trkpt lat="-26.975803" lon="-48.638837"><ele>5.4</ele></trkpt><trkpt lat="-26.975817" lon="-48.638835"><ele>4.5</ele></trkpt><trkpt lat="-26.97581" lon="-48.638835"><ele>7.8</ele></trkpt><trkpt lat="-26.975803" lon="-48.638833"><ele>7.8</ele></trkpt><trkpt lat="-26.975798" lon="-48.638835"><ele>7.8</ele></trkpt><trkpt lat="-26.975793" lon="-48.638837"><ele>7.7</ele></trkpt><trkpt lat="-26.975792" lon="-48.638837"><ele>7.6</ele></trkpt><trkpt lat="-26.975787" lon="-48.638837"><ele>7.6</ele></trkpt><trkpt lat="-26.975787" lon="-48.638837"><ele>7.4</ele></trkpt><trkpt lat="-26.975787" lon="-48.638837"><ele>7.4</ele></trkpt><trkpt lat="-26.975785" lon="-48.638837"><ele>7.4</ele></trkpt><trkpt lat="-26.975785" lon="-48.638837"><ele>7.4</ele></trkpt><trkpt lat="-26.975785" lon="-48.638837"><ele>7.4</ele></trkpt><trkpt lat="-26.975785" lon="-48.638837"><ele>7.4</ele></trkpt><trkpt lat="-26.975785" lon="-48.638837"><ele>7.4</ele></trkpt><trkpt lat="-26.975793" lon="-48.638825"><ele>7.3</ele></trkpt><trkpt lat="-26.975797" lon="-48.638822"><ele>7.2</ele></trkpt><trkpt lat="-26.975793" lon="-48.638823"><ele>7.2</ele></trkpt><trkpt lat="-26.97579" lon="-48.63882"><ele>7.2</ele></trkpt><trkpt lat="-26.97579" lon="-48.63882"><ele>7.2</ele></trkpt><trkpt lat="-26.97579" lon="-48.63882"><ele>7.2</ele></trkpt><trkpt lat="-26.97579" lon="-48.63882"><ele>7.2</ele></trkpt><trkpt lat="-26.97579" lon="-48.63882"><ele>7.2</ele></trkpt><trkpt lat="-26.975807" lon="-48.638827"><ele>7.7</ele></trkpt><trkpt lat="-26.975815" lon="-48.638828"><ele>7.5</ele></trkpt><trkpt lat="-26.97582" lon="-48.638825"><ele>7.5</ele></trkpt><trkpt lat="-26.975827" lon="-48.638823"><ele>7.4</ele></trkpt><trkpt lat="-26.975827" lon="-48.638823"><ele>7.4</ele></trkpt><trkpt lat="-26.975832" lon="-48.638822"><ele>7.3</ele></trkpt><trkpt lat="-26.97583" lon="-48.63882"><ele>7.3</ele></trkpt><trkpt lat="-26.97583" lon="-48.63882"><ele>7.1</ele></trkpt><trkpt lat="-26.975828" lon="-48.638818"><ele>6.9</ele></trkpt><trkpt lat="-26.975822" lon="-48.638818"><ele>6.8</ele></trkpt><trkpt lat="-26.975818" lon="-48.638817"><ele>6.6</ele></trkpt><trkpt lat="-26.975815" lon="-48.638817"><ele>6.4</ele></trkpt><trkpt lat="-26.975813" lon="-48.638815"><ele>6.4</ele></trkpt><trkpt lat="-26.975813" lon="-48.638813"><ele>6.7</ele></trkpt><trkpt lat="-26.975813" lon="-48.638813"><ele>6.7</ele></trkpt><trkpt lat="-26.975813" lon="-48.638813"><ele>6.7</ele></trkpt><trkpt lat="-26.975813" lon="-48.638813"><ele>6.7</ele></trkpt><trkpt lat="-26.975813" lon="-48.638813"><ele>6.7</ele></trkpt><trkpt lat="-26.975813" lon="-48.638813"><ele>6.7</ele></trkpt><trkpt lat="-26.975813" lon="-48.638813"><ele>6.7</ele></trkpt><trkpt lat="-26.975813" lon="-48.638813"><ele>6.7</ele></trkpt><trkpt lat="-26.975813" lon="-48.638813"><ele>6.7</ele></trkpt><trkpt lat="-26.975813" lon="-48.638813"><ele>6.7</ele></trkpt><trkpt lat="-26.975813" lon="-48.638813"><ele>6.7</ele></trkpt><trkpt lat="-26.975813" lon="-48.638813"><ele>6.7</ele></trkpt><trkpt lat="-26.975813" lon="-48.638813"><ele>6.7</ele></trkpt><trkpt lat="-26.975813" lon="-48.638813"><ele>6.7</ele></trkpt><trkpt lat="-26.975813" lon="-48.638813"><ele>6.7</ele></trkpt><trkpt lat="-26.975813" lon="-48.638813"><ele>6.7</ele></trkpt><trkpt lat="-26.975813" lon="-48.638813"><ele>6.7</ele></trkpt><trkpt lat="-26.975813" lon="-48.638813"><ele>6.7</ele></trkpt><trkpt lat="-26.975813" lon="-48.638813"><ele>6.7</ele></trkpt><trkpt lat="-26.975813" lon="-48.638813"><ele>6.7</ele></trkpt><trkpt lat="-26.975813" lon="-48.638813"><ele>6.7</ele></trkpt><trkpt lat="-26.975813" lon="-48.638813"><ele>6.7</ele></trkpt><trkpt lat="-26.975813" lon="-48.638813"><ele>6.7</ele></trkpt><trkpt lat="-26.975813" lon="-48.638813"><ele>6.7</ele></trkpt><trkpt lat="-26.975813" lon="-48.638813"><ele>6.7</ele></trkpt><trkpt lat="-26.975813" lon="-48.638813"><ele>6.7</ele></trkpt><trkpt lat="-26.975813" lon="-48.638813"><ele>6.7</ele></trkpt><trkpt lat="-26.975813" lon="-48.638813"><ele>6.7</ele></trkpt><trkpt lat="-26.975813" lon="-48.638813"><ele>6.7</ele></trkpt><trkpt lat="-26.975813" lon="-48.638813"><ele>6.7</ele></trkpt><trkpt lat="-26.975813" lon="-48.638813"><ele>6.7</ele></trkpt><trkpt lat="-26.975813" lon="-48.638813"><ele>6.7</ele></trkpt><trkpt lat="-26.975813" lon="-48.638813"><ele>6.7</ele></trkpt><trkpt lat="-26.975813" lon="-48.638813"><ele>6.7</ele></trkpt><trkpt lat="-26.975813" lon="-48.638813"><ele>6.7</ele></trkpt><trkpt lat="-26.975813" lon="-48.638813"><ele>6.7</ele></trkpt><trkpt lat="-26.975813" lon="-48.638813"><ele>6.7</ele></trkpt><trkpt lat="-26.975813" lon="-48.638813"><ele>6.7</ele></trkpt><trkpt lat="-26.975813" lon="-48.638813"><ele>6.7</ele></trkpt><trkpt lat="-26.975813" lon="-48.638813"><ele>6.7</ele></trkpt><trkpt lat="-26.975813" lon="-48.638813"><ele>6.7</ele></trkpt><trkpt lat="-26.975813" lon="-48.638813"><ele>6.7</ele></trkpt><trkpt lat="-26.975813" lon="-48.638813"><ele>6.7</ele></trkpt><trkpt lat="-26.975813" lon="-48.638813"><ele>6.7</ele></trkpt><trkpt lat="-26.975813" lon="-48.638813"><ele>6.7</ele></trkpt></trkseg></trk></gpx>