<?xml version="1.0" encoding="UTF-8"?>
<gpx xmlns="http://www.topografix.com/GPX/1/1" version="1.1" creator="@dwayneparton/geojson-to-gpx"><wpt lat="-27.009849999999997" lon="-48.60867833333334"><ele>10.7</ele><name>1 faixa</name></wpt><wpt lat="-27.009849999999997" lon="-48.60867833333334"><ele>10.7</ele><name>2 faixas</name></wpt><wpt lat="-27.015868333333334" lon="-48.60957333333334"><ele>9.799999999999999</ele><name>23</name></wpt><wpt lat="-27.01151666666666" lon="-48.608935"><ele>9.3</ele><name>24</name></wpt><wpt lat="-27.01107833333333" lon="-48.60886000000001"><ele>9.4</ele><name>30km/h</name></wpt><wpt lat="-27.010339999999996" lon="-48.60874833333334"><ele>7.9</ele><name>40km/h</name></wpt><wpt lat="-27.013381666666668" lon="-48.60921"><ele>1.1</ele><name>40km/h</name></wpt><wpt lat="-27.015868333333334" lon="-48.60957333333334"><ele>9.799999999999999</ele><name>180</name></wpt><wpt lat="-27.011515" lon="-48.60893166666666"><ele>9.1</ele><name>200</name></wpt><wpt lat="-27.01151666666666" lon="-48.608935"><ele>9.3</ele><name>350</name></wpt><wpt lat="-27.01574833333333" lon="-48.609585"><ele>5.2</ele><name>360</name></wpt><wpt lat="-27.01156" lon="-48.60895000000001"><ele>8.4</ele><name>810</name></wpt><wpt lat="-27.01583666666667" lon="-48.609615"><ele>1.1</ele><name>810</name></wpt><wpt lat="-27.018134999999997" lon="-48.609968333333335"><ele>17</ele><name>A ciclo é completamente reta.</name></wpt><wpt lat="-27.018134999999997" lon="-48.609968333333335"><ele>17</ele><name>A pintura está boa, COMPLETA e visível</name></wpt><wpt lat="-27.009849999999997" lon="-48.60867833333334"><ele>10.7</ele><name>Apenas faixas vermelhas nas bordas, com travessias pintadas nos cruzamentos</name></wpt><wpt lat="-27.01151666666666" lon="-48.608935"><ele>9.3</ele><name>Área de amortecimento da ciclo (cm)</name></wpt><wpt lat="-27.015868333333334" lon="-48.60957333333334"><ele>9.799999999999999</ele><name>Área de amortecimento da ciclo (cm)</name></wpt><wpt lat="-27.01151666666666" lon="-48.60893166666666"><ele>9</ele><name>Área transitável da ciclo (cm)</name></wpt><wpt lat="-27.015868333333334" lon="-48.60957333333334"><ele>9.799999999999999</ele><name>Área transitável da ciclo (cm)</name></wpt><wpt lat="-27.009849999999997" lon="-48.60867833333334"><ele>10.7</ele><name>Asfalto</name></wpt><wpt lat="-27.009828333333335" lon="-48.60867"><ele>5.6</ele><name>Ausência de conexão entre ciclos.</name></wpt><wpt lat="-27.00983833333333" lon="-48.608665"><ele>6</ele><name>Bidirecional</name></wpt><wpt lat="-27.01807666666667" lon="-48.60987"><ele>19.8</ele><name>Bom estado</name></wpt><wpt lat="-27.01010666666667" lon="-48.60870166666667"><ele>5</ele><name>Bueiro</name></wpt><wpt lat="-27.01019833333333" lon="-48.60872500000001"><ele>9.6</ele><name>Bueiro</name></wpt><wpt lat="-27.010578333333335" lon="-48.60879499999999"><ele>4.300000000000001</ele><name>Bueiro</name></wpt><wpt lat="-27.011295000000004" lon="-48.60892833333334"><ele>4.9</ele><name>Bueiro</name></wpt><wpt lat="-27.011550000000003" lon="-48.60892666666667"><ele>6.800000000000001</ele><name>Bueiro</name></wpt><wpt lat="-27.011705" lon="-48.60897833333333"><ele>4</ele><name>Bueiro</name></wpt><wpt lat="-27.011984999999996" lon="-48.609025"><ele>6.6</ele><name>Bueiro</name></wpt><wpt lat="-27.012623333333334" lon="-48.60918166666667"><ele>13.7</ele><name>Bueiro</name></wpt><wpt lat="-27.013526666666667" lon="-48.60923833333333"><ele>3.8000000000000003</ele><name>Bueiro</name></wpt><wpt lat="-27.013989999999996" lon="-48.60931833333334"><ele>7.300000000000001</ele><name>Bueiro</name></wpt><wpt lat="-27.014421666666667" lon="-48.60938666666666"><ele>7.699999999999999</ele><name>Bueiro</name></wpt><wpt lat="-27.014706666666665" lon="-48.609428333333334"><ele>7.199999999999999</ele><name>Bueiro</name></wpt><wpt lat="-27.015248333333336" lon="-48.60952999999999"><ele>2.1</ele><name>Bueiro</name></wpt><wpt lat="-27.00983833333333" lon="-48.608665"><ele>6</ele><name>Ciclofaixa</name></wpt><wpt lat="-27.009849999999997" lon="-48.60867833333334"><ele>10.7</ele><name>Em bordo de Via de Mão Dupla</name></wpt><wpt lat="-27.018053333333334" lon="-48.609876666666665"><ele>18.400000000000002</ele><name>Estacionamento dedicado de um lado, segregado da circulação</name></wpt><wpt lat="-27.00988166666667" lon="-48.608673333333336"><ele>8.7</ele><name>Estacionamento proibido na via</name></wpt><wpt lat="-27.01151666666666" lon="-48.608935"><ele>9.3</ele><name>Faixa de carros logo ao lado da ciclo (cm)</name></wpt><wpt lat="-27.015868333333334" lon="-48.60957333333334"><ele>9.799999999999999</ele><name>Faixa de carros logo ao lado da ciclo (cm)</name></wpt><wpt lat="-27.01574833333333" lon="-48.609585"><ele>5.2</ele><name>Faixa de carros logo ao lado da ciclo (cm)</name></wpt><wpt lat="-27.009908333333335" lon="-48.608673333333336"><ele>4.9</ele><name>Foto</name></wpt><wpt lat="-27.009686666666667" lon="-48.608655"><ele>6.300000000000001</ele><name>Foto</name></wpt><wpt lat="-27.009800000000002" lon="-48.608681666666676"><ele>6.9</ele><name>Foto</name></wpt><wpt lat="-27.009893333333334" lon="-48.608691666666665"><ele>5.4</ele><name>Foto</name></wpt><wpt lat="-27.01010666666667" lon="-48.608695000000004"><ele>4.5</ele><name>Foto</name></wpt><wpt lat="-27.01018" lon="-48.608685"><ele>0.7000000000000001</ele><name>Foto</name></wpt><wpt lat="-27.01019833333333" lon="-48.60872333333334"><ele>10</ele><name>Foto</name></wpt><wpt lat="-27.010356666666667" lon="-48.60875833333333"><ele>7.9</ele><name>Foto</name></wpt><wpt lat="-27.010471666666664" lon="-48.60875833333333"><ele>8.6</ele><name>Foto</name></wpt><wpt lat="-27.010671666666667" lon="-48.60880999999999"><ele>5.5</ele><name>Foto</name></wpt><wpt lat="-27.010579999999997" lon="-48.608806666666666"><ele>5.5</ele><name>Foto</name></wpt><wpt lat="-27.01106666666667" lon="-48.60884166666666"><ele>9.5</ele><name>Foto</name></wpt><wpt lat="-27.011306666666663" lon="-48.60893166666666"><ele>3</ele><name>Foto</name></wpt><wpt lat="-27.011306666666663" lon="-48.60893166666666"><ele>3</ele><name>Foto</name></wpt><wpt lat="-27.011531666666663" lon="-48.60893833333333"><ele>7.199999999999999</ele><name>Foto</name></wpt><wpt lat="-27.011531666666663" lon="-48.60893833333333"><ele>7.199999999999999</ele><name>Foto</name></wpt><wpt lat="-27.01170666666667" lon="-48.60896833333333"><ele>4.1</ele><name>Foto</name></wpt><wpt lat="-27.01170666666667" lon="-48.60896833333333"><ele>4.1</ele><name>Foto</name></wpt><wpt lat="-27.011779999999998" lon="-48.60895666666667"><ele>6.6</ele><name>Foto</name></wpt><wpt lat="-27.012071666666664" lon="-48.609033333333336"><ele>4.800000000000001</ele><name>Foto</name></wpt><wpt lat="-27.012628333333335" lon="-48.609154999999994"><ele>11.9</ele><name>Foto</name></wpt><wpt lat="-27.012725" lon="-48.60921833333334"><ele>8.8</ele><name>Foto</name></wpt><wpt lat="-27.012845000000002" lon="-48.60921333333334"><ele>3.6</ele><name>Foto</name></wpt><wpt lat="-27.01303833333333" lon="-48.609186666666666"><ele>7.199999999999999</ele><name>Foto</name></wpt><wpt lat="-27.013078333333336" lon="-48.60917833333333"><ele>7.4</ele><name>Foto</name></wpt><wpt lat="-27.013195000000003" lon="-48.60918333333334"><ele>6.199999999999999</ele><name>Foto</name></wpt><wpt lat="-27.013368333333332" lon="-48.609233333333336"><ele>1.2000000000000002</ele><name>Foto</name></wpt><wpt lat="-27.013386666666666" lon="-48.60922000000001"><ele>0.6000000000000001</ele><name>Foto</name></wpt><wpt lat="-27.01362166666667" lon="-48.609246666666664"><ele>3.7</ele><name>Foto</name></wpt><wpt lat="-27.014003333333335" lon="-48.60931166666666"><ele>6.6</ele><name>Foto</name></wpt><wpt lat="-27.014006666666667" lon="-48.609325000000005"><ele>8.1</ele><name>Foto</name></wpt><wpt lat="-27.014405000000004" lon="-48.60937833333334"><ele>6.4</ele><name>Foto</name></wpt><wpt lat="-27.01448833333333" lon="-48.60939166666667"><ele>4.7</ele><name>Foto</name></wpt><wpt lat="-27.01460666666667" lon="-48.60943166666666"><ele>7.300000000000001</ele><name>Foto</name></wpt><wpt lat="-27.014756666666667" lon="-48.60944500000001"><ele>3.7</ele><name>Foto</name></wpt><wpt lat="-27.014801666666667" lon="-48.60945"><ele>4.800000000000001</ele><name>Foto</name></wpt><wpt lat="-27.015184999999995" lon="-48.609516666666664"><ele>3.6</ele><name>Foto</name></wpt><wpt lat="-27.015228333333333" lon="-48.60951333333334"><ele>2.5</ele><name>Foto</name></wpt><wpt lat="-27.016141666666666" lon="-48.60966833333334"><ele>1.7000000000000002</ele><name>Foto</name></wpt><wpt lat="-27.016335000000005" lon="-48.60970166666666"><ele>2.4000000000000004</ele><name>Foto</name></wpt><wpt lat="-27.01758166666667" lon="-48.609855"><ele>10.5</ele><name>Foto</name></wpt><wpt lat="-27.01785" lon="-48.60987333333334"><ele>28</ele><name>Foto</name></wpt><wpt lat="-27.018054999999997" lon="-48.60991166666666"><ele>30</ele><name>Foto</name></wpt><wpt lat="-27.00988333333333" lon="-48.60867"><ele>8.1</ele><name>Iluminação geral na via do outro lado da infraestrutura</name></wpt><wpt lat="-27.01806333333333" lon="-48.609865000000006"><ele>19.3</ele><name>Iluminação geral na via do outro lado da infraestrutura</name></wpt><wpt lat="-27.011715000000002" lon="-48.60894833333334"><ele>5.4</ele><name>Lombadas físicas</name></wpt><wpt lat="-27.01446333333333" lon="-48.609405"><ele>6</ele><name>Lombadas físicas</name></wpt><wpt lat="-27.016141666666666" lon="-48.60966166666667"><ele>1.9000000000000001</ele><name>Lombadas físicas</name></wpt><wpt lat="-27.017564999999998" lon="-48.60984333333334"><ele>10.7</ele><name>Lombadas físicas</name></wpt><wpt lat="-27.009849999999997" lon="-48.60867833333334"><ele>10.7</ele><name>Mão Dupla</name></wpt><wpt lat="-27.009849999999997" lon="-48.60867833333334"><ele>10.7</ele><name>Mão Dupla</name></wpt><wpt lat="-27.009849999999997" lon="-48.60867833333334"><ele>10.7</ele><name>Mão Única</name></wpt><wpt lat="-27.009849999999997" lon="-48.60867833333334"><ele>10.7</ele><name>No bordo direito de Via de Mão Única</name></wpt><wpt lat="-27.01303833333333" lon="-48.609186666666666"><ele>7.199999999999999</ele><name>pictograma para ciclista parar no cruzamento</name></wpt><wpt lat="-27.011701666666667" lon="-48.60897333333334"><ele>4.300000000000001</ele><name>Em cruzamento BOA condição</name></wpt><wpt lat="-27.012846666666665" lon="-48.60921499999999"><ele>4.800000000000001</ele><name>Em cruzamento BOA condição</name></wpt><wpt lat="-27.01454833333333" lon="-48.60939666666666"><ele>6.300000000000001</ele><name>Em cruzamento BOA condição</name></wpt><wpt lat="-27.00988333333333" lon="-48.60867"><ele>8.1</ele><name>Primeiro trecho (quadra pequena) mão dupla</name></wpt><wpt lat="-27.010116666666665" lon="-48.6087"><ele>4.5</ele><name>R-34</name></wpt><wpt lat="-27.011463333333335" lon="-48.60893833333333"><ele>3.3</ele><name>R-34</name></wpt><wpt lat="-27.01155833333333" lon="-48.60893666666666"><ele>7.300000000000001</ele><name>R-34</name></wpt><wpt lat="-27.013210000000004" lon="-48.60919333333333"><ele>7.199999999999999</ele><name>R-34</name></wpt><wpt lat="-27.013943333333334" lon="-48.60931166666666"><ele>7.9</ele><name>R-34</name></wpt><wpt lat="-27.014788333333332" lon="-48.60944833333333"><ele>3.8000000000000003</ele><name>R-34</name></wpt><wpt lat="-27.01629666666667" lon="-48.609685000000006"><ele>2.6</ele><name>R-34</name></wpt><wpt lat="-27.01785" lon="-48.60983833333333"><ele>27.200000000000003</ele><name>R-34</name></wpt><wpt lat="-27.018134999999997" lon="-48.609968333333335"><ele>17</ele><name>SE CICLOFAIXA: para invadir a ciclo parte do automóvel passa obrigatoriamente por cima de segregadores</name></wpt><wpt lat="-27.018134999999997" lon="-48.609968333333335"><ele>17</ele><name>Sombras em alguns trechos, SEM mudas novas</name></wpt><wpt lat="-27.009849999999997" lon="-48.60867833333334"><ele>10.7</ele><name>Tachões</name></wpt><wpt lat="-27.01156" lon="-48.60895000000001"><ele>8.4</ele><name>Total da via (incluindo a ciclo) (cm)</name></wpt><wpt lat="-27.01583666666667" lon="-48.609615"><ele>1.1</ele><name>Total da via (incluindo a ciclo) (cm)</name></wpt><wpt lat="-27.011286666666667" lon="-48.60892666666667"><ele>5.2</ele><name>Travessia de pedestre em nível (lombofaixa)</name></wpt><wpt lat="-27.012673333333336" lon="-48.60916"><ele>11.4</ele><name>Travessia de pedestre em nível (lombofaixa)</name></wpt><wpt lat="-27.01303833333333" lon="-48.609186666666666"><ele>7.199999999999999</ele><name>Travessia de pedestre em nível (lombofaixa)</name></wpt><wpt lat="-27.009918" lon="-48.608678"><name>Primeiro trecho (quadra pequena) estacionamento proibido</name></wpt><trk><name>Ciclofaixa R. Jardim da Saudade - BC</name><trkseg><trkpt lat="-27.009848333333334" lon="-48.608646666666665"><ele>8.2</ele></trkpt><trkpt lat="-27.009848333333334" lon="-48.608646666666665"><ele>8.2</ele></trkpt><trkpt lat="-27.009848333333334" lon="-48.608646666666665"><ele>8.2</ele></trkpt><trkpt lat="-27.009848333333334" lon="-48.608646666666665"><ele>8.2</ele></trkpt><trkpt lat="-27.009848333333334" lon="-48.608646666666665"><ele>8.2</ele></trkpt><trkpt lat="-27.009848333333334" lon="-48.608646666666665"><ele>8.2</ele></trkpt><trkpt lat="-27.009848333333334" lon="-48.608646666666665"><ele>8.2</ele></trkpt><trkpt lat="-27.009848333333334" lon="-48.608646666666665"><ele>8.2</ele></trkpt><trkpt lat="-27.009848333333334" lon="-48.608646666666665"><ele>8.2</ele></trkpt><trkpt lat="-27.009848333333334" lon="-48.608646666666665"><ele>8.2</ele></trkpt><trkpt lat="-27.009848333333334" lon="-48.608646666666665"><ele>8.2</ele></trkpt><trkpt lat="-27.009848333333334" lon="-48.608646666666665"><ele>8.2</ele></trkpt><trkpt lat="-27.009848333333334" lon="-48.608646666666665"><ele>8.2</ele></trkpt><trkpt lat="-27.009848333333334" lon="-48.608646666666665"><ele>8.2</ele></trkpt><trkpt lat="-27.009848333333334" lon="-48.608646666666665"><ele>8.2</ele></trkpt><trkpt lat="-27.009848333333334" lon="-48.608646666666665"><ele>8.2</ele></trkpt><trkpt lat="-27.009848333333334" lon="-48.608646666666665"><ele>8.2</ele></trkpt><trkpt lat="-27.009848333333334" lon="-48.608646666666665"><ele>8.2</ele></trkpt><trkpt lat="-27.009848333333334" lon="-48.608646666666665"><ele>8.2</ele></trkpt><trkpt lat="-27.009848333333334" lon="-48.608646666666665"><ele>8.2</ele></trkpt><trkpt lat="-27.009843333333333" lon="-48.608644999999996"><ele>9.799999999999999</ele></trkpt><trkpt lat="-27.00984" lon="-48.608648333333335"><ele>9.9</ele></trkpt><trkpt lat="-27.009828333333335" lon="-48.608644999999996"><ele>10.2</ele></trkpt><trkpt lat="-27.009816666666666" lon="-48.60863833333333"><ele>10.299999999999999</ele></trkpt><trkpt lat="-27.00981" lon="-48.60864166666667"><ele>10.4</ele></trkpt><trkpt lat="-27.009800000000002" lon="-48.60864"><ele>10.2</ele></trkpt><trkpt lat="-27.009795" lon="-48.608636666666676"><ele>10.5</ele></trkpt><trkpt lat="-27.009786666666667" lon="-48.60863500000001"><ele>10.4</ele></trkpt><trkpt lat="-27.009783333333335" lon="-48.60863833333333"><ele>10.5</ele></trkpt><trkpt lat="-27.00978166666666" lon="-48.60864"><ele>10.7</ele></trkpt><trkpt lat="-27.009774999999998" lon="-48.608644999999996"><ele>11.1</ele></trkpt><trkpt lat="-27.009768333333334" lon="-48.608651666666674"><ele>11.1</ele></trkpt><trkpt lat="-27.009766666666664" lon="-48.60865666666667"><ele>11.1</ele></trkpt><trkpt lat="-27.009771666666666" lon="-48.60866333333333"><ele>11.299999999999999</ele></trkpt><trkpt lat="-27.009774999999998" lon="-48.60866166666666"><ele>11.1</ele></trkpt><trkpt lat="-27.00978" lon="-48.60865833333334"><ele>11</ele></trkpt><trkpt lat="-27.00979166666667" lon="-48.60866166666666"><ele>10.7</ele></trkpt><trkpt lat="-27.009804999999997" lon="-48.60865999999999"><ele>10.4</ele></trkpt><trkpt lat="-27.009816666666666" lon="-48.60865833333334"><ele>10.2</ele></trkpt><trkpt lat="-27.009828333333335" lon="-48.60865999999999"><ele>9.799999999999999</ele></trkpt><trkpt lat="-27.009835" lon="-48.60865833333334"><ele>9.4</ele></trkpt><trkpt lat="-27.009841666666663" lon="-48.60865666666667"><ele>9</ele></trkpt><trkpt lat="-27.009848333333334" lon="-48.60865833333334"><ele>8.8</ele></trkpt><trkpt lat="-27.009853333333332" lon="-48.60865666666667"><ele>8.3</ele></trkpt><trkpt lat="-27.009855" lon="-48.60865833333334"><ele>8.5</ele></trkpt><trkpt lat="-27.009861666666666" lon="-48.60865833333334"><ele>8.2</ele></trkpt><trkpt lat="-27.009863333333335" lon="-48.60866166666666"><ele>8.3</ele></trkpt><trkpt lat="-27.009866666666667" lon="-48.608665"><ele>8.2</ele></trkpt><trkpt lat="-27.00983833333333" lon="-48.608665"><ele>6</ele></trkpt><trkpt lat="-27.00983833333333" lon="-48.608665"><ele>6</ele></trkpt><trkpt lat="-27.00983833333333" lon="-48.608665"><ele>6</ele></trkpt><trkpt lat="-27.00983833333333" lon="-48.608665"><ele>6</ele></trkpt><trkpt lat="-27.00983833333333" lon="-48.608665"><ele>6</ele></trkpt><trkpt lat="-27.00983833333333" lon="-48.608665"><ele>6</ele></trkpt><trkpt lat="-27.00983833333333" lon="-48.608665"><ele>6</ele></trkpt><trkpt lat="-27.00983833333333" lon="-48.608665"><ele>6</ele></trkpt><trkpt lat="-27.00983833333333" lon="-48.608665"><ele>6</ele></trkpt><trkpt lat="-27.00983833333333" lon="-48.608665"><ele>6</ele></trkpt><trkpt lat="-27.00983833333333" lon="-48.608665"><ele>6</ele></trkpt><trkpt lat="-27.00983833333333" lon="-48.608665"><ele>6</ele></trkpt><trkpt lat="-27.00983833333333" lon="-48.608665"><ele>6</ele></trkpt><trkpt lat="-27.00983833333333" lon="-48.608665"><ele>6</ele></trkpt><trkpt lat="-27.00983833333333" lon="-48.608665"><ele>6</ele></trkpt><trkpt lat="-27.00983833333333" lon="-48.608665"><ele>6</ele></trkpt><trkpt lat="-27.00983833333333" lon="-48.608665"><ele>6</ele></trkpt><trkpt lat="-27.00983833333333" lon="-48.608665"><ele>6</ele></trkpt><trkpt lat="-27.00983833333333" lon="-48.608665"><ele>6</ele></trkpt><trkpt lat="-27.00983833333333" lon="-48.608665"><ele>6</ele></trkpt><trkpt lat="-27.00983833333333" lon="-48.608665"><ele>6</ele></trkpt><trkpt lat="-27.00983833333333" lon="-48.608665"><ele>6</ele></trkpt><trkpt lat="-27.009858333333334" lon="-48.60868000000001"><ele>9.9</ele></trkpt><trkpt lat="-27.009855" lon="-48.608681666666676"><ele>10</ele></trkpt><trkpt lat="-27.00985166666667" lon="-48.608681666666676"><ele>10.4</ele></trkpt><trkpt lat="-27.009849999999997" lon="-48.60867833333334"><ele>10.7</ele></trkpt><trkpt lat="-27.009849999999997" lon="-48.60867833333334"><ele>10.7</ele></trkpt><trkpt lat="-27.009849999999997" lon="-48.60867833333334"><ele>10.7</ele></trkpt><trkpt lat="-27.009849999999997" lon="-48.60867833333334"><ele>10.7</ele></trkpt><trkpt lat="-27.009849999999997" lon="-48.60867833333334"><ele>10.7</ele></trkpt><trkpt lat="-27.009849999999997" lon="-48.60867833333334"><ele>10.7</ele></trkpt><trkpt lat="-27.009849999999997" lon="-48.60867833333334"><ele>10.7</ele></trkpt><trkpt lat="-27.009849999999997" lon="-48.60867833333334"><ele>10.7</ele></trkpt><trkpt lat="-27.009849999999997" lon="-48.60867833333334"><ele>10.7</ele></trkpt><trkpt lat="-27.009849999999997" lon="-48.60867833333334"><ele>10.7</ele></trkpt><trkpt lat="-27.009849999999997" lon="-48.60867833333334"><ele>10.7</ele></trkpt><trkpt lat="-27.009849999999997" lon="-48.60867833333334"><ele>10.7</ele></trkpt><trkpt lat="-27.009849999999997" lon="-48.60867833333334"><ele>10.7</ele></trkpt><trkpt lat="-27.009849999999997" lon="-48.60867833333334"><ele>10.7</ele></trkpt><trkpt lat="-27.009849999999997" lon="-48.60867833333334"><ele>10.7</ele></trkpt><trkpt lat="-27.009849999999997" lon="-48.60867833333334"><ele>10.7</ele></trkpt><trkpt lat="-27.009849999999997" lon="-48.60867833333334"><ele>10.7</ele></trkpt><trkpt lat="-27.009849999999997" lon="-48.60867833333334"><ele>10.7</ele></trkpt><trkpt lat="-27.009849999999997" lon="-48.60867833333334"><ele>10.7</ele></trkpt><trkpt lat="-27.009849999999997" lon="-48.60867833333334"><ele>10.7</ele></trkpt><trkpt lat="-27.009849999999997" lon="-48.60867833333334"><ele>10.7</ele></trkpt><trkpt lat="-27.009849999999997" lon="-48.60867833333334"><ele>10.7</ele></trkpt><trkpt lat="-27.009849999999997" lon="-48.60867833333334"><ele>10.7</ele></trkpt><trkpt lat="-27.009849999999997" lon="-48.60867833333334"><ele>10.7</ele></trkpt><trkpt lat="-27.009849999999997" lon="-48.60867833333334"><ele>10.7</ele></trkpt><trkpt lat="-27.009849999999997" lon="-48.60867833333334"><ele>10.7</ele></trkpt><trkpt lat="-27.009849999999997" lon="-48.60867833333334"><ele>10.7</ele></trkpt><trkpt lat="-27.009849999999997" lon="-48.60867833333334"><ele>10.7</ele></trkpt><trkpt lat="-27.009849999999997" lon="-48.60867833333334"><ele>10.7</ele></trkpt><trkpt lat="-27.009849999999997" lon="-48.60867833333334"><ele>10.7</ele></trkpt><trkpt lat="-27.009849999999997" lon="-48.60867833333334"><ele>10.7</ele></trkpt><trkpt lat="-27.009849999999997" lon="-48.60867833333334"><ele>10.7</ele></trkpt><trkpt lat="-27.009849999999997" lon="-48.60867833333334"><ele>10.7</ele></trkpt><trkpt lat="-27.009849999999997" lon="-48.60867833333334"><ele>10.7</ele></trkpt><trkpt lat="-27.009849999999997" lon="-48.60867833333334"><ele>10.7</ele></trkpt><trkpt lat="-27.009849999999997" lon="-48.60867833333334"><ele>10.7</ele></trkpt><trkpt lat="-27.009849999999997" lon="-48.60867833333334"><ele>10.7</ele></trkpt><trkpt lat="-27.009849999999997" lon="-48.60867833333334"><ele>10.7</ele></trkpt><trkpt lat="-27.009849999999997" lon="-48.60867833333334"><ele>10.7</ele></trkpt><trkpt lat="-27.009849999999997" lon="-48.60867833333334"><ele>10.7</ele></trkpt><trkpt lat="-27.009849999999997" lon="-48.60867833333334"><ele>10.7</ele></trkpt><trkpt lat="-27.009849999999997" lon="-48.60867833333334"><ele>10.7</ele></trkpt><trkpt lat="-27.009849999999997" lon="-48.60867833333334"><ele>10.7</ele></trkpt><trkpt lat="-27.009849999999997" lon="-48.60867833333334"><ele>10.7</ele></trkpt><trkpt lat="-27.009849999999997" lon="-48.60867833333334"><ele>10.7</ele></trkpt><trkpt lat="-27.009849999999997" lon="-48.60867833333334"><ele>10.7</ele></trkpt><trkpt lat="-27.009849999999997" lon="-48.60867833333334"><ele>10.7</ele></trkpt><trkpt lat="-27.009849999999997" lon="-48.60867833333334"><ele>10.7</ele></trkpt><trkpt lat="-27.009849999999997" lon="-48.60867833333334"><ele>10.7</ele></trkpt><trkpt lat="-27.009849999999997" lon="-48.60867833333334"><ele>10.7</ele></trkpt><trkpt lat="-27.009849999999997" lon="-48.60867833333334"><ele>10.7</ele></trkpt><trkpt lat="-27.009849999999997" lon="-48.60867833333334"><ele>10.7</ele></trkpt><trkpt lat="-27.009849999999997" lon="-48.60867833333334"><ele>10.7</ele></trkpt><trkpt lat="-27.009849999999997" lon="-48.60867833333334"><ele>10.7</ele></trkpt><trkpt lat="-27.009849999999997" lon="-48.60867833333334"><ele>10.7</ele></trkpt><trkpt lat="-27.009849999999997" lon="-48.60867833333334"><ele>10.7</ele></trkpt><trkpt lat="-27.009849999999997" lon="-48.60867833333334"><ele>10.7</ele></trkpt><trkpt lat="-27.009849999999997" lon="-48.60867833333334"><ele>10.7</ele></trkpt><trkpt lat="-27.009849999999997" lon="-48.60867833333334"><ele>10.7</ele></trkpt><trkpt lat="-27.009849999999997" lon="-48.60867833333334"><ele>10.7</ele></trkpt><trkpt lat="-27.009849999999997" lon="-48.60867833333334"><ele>10.7</ele></trkpt><trkpt lat="-27.009849999999997" lon="-48.60867833333334"><ele>10.7</ele></trkpt><trkpt lat="-27.009849999999997" lon="-48.60867833333334"><ele>10.7</ele></trkpt><trkpt lat="-27.009849999999997" lon="-48.60867833333334"><ele>10.7</ele></trkpt><trkpt lat="-27.009849999999997" lon="-48.60867833333334"><ele>10.7</ele></trkpt><trkpt lat="-27.009849999999997" lon="-48.60867833333334"><ele>10.7</ele></trkpt><trkpt lat="-27.009849999999997" lon="-48.60867833333334"><ele>10.7</ele></trkpt><trkpt lat="-27.009849999999997" lon="-48.60867833333334"><ele>10.7</ele></trkpt><trkpt lat="-27.009849999999997" lon="-48.60867833333334"><ele>10.7</ele></trkpt><trkpt lat="-27.009849999999997" lon="-48.60867833333334"><ele>10.7</ele></trkpt><trkpt lat="-27.009849999999997" lon="-48.60867833333334"><ele>10.7</ele></trkpt><trkpt lat="-27.009849999999997" lon="-48.60867833333334"><ele>10.7</ele></trkpt><trkpt lat="-27.009849999999997" lon="-48.60867833333334"><ele>10.7</ele></trkpt><trkpt lat="-27.009849999999997" lon="-48.60867833333334"><ele>10.7</ele></trkpt><trkpt lat="-27.009849999999997" lon="-48.60867833333334"><ele>10.7</ele></trkpt><trkpt lat="-27.009849999999997" lon="-48.60867833333334"><ele>10.7</ele></trkpt><trkpt lat="-27.009849999999997" lon="-48.60867833333334"><ele>10.7</ele></trkpt><trkpt lat="-27.009849999999997" lon="-48.60867833333334"><ele>10.7</ele></trkpt><trkpt lat="-27.009849999999997" lon="-48.60867833333334"><ele>10.7</ele></trkpt><trkpt lat="-27.009849999999997" lon="-48.60867833333334"><ele>10.7</ele></trkpt><trkpt lat="-27.009863333333335" lon="-48.60861"><ele>13.2</ele></trkpt><trkpt lat="-27.009864999999998" lon="-48.608605000000004"><ele>12.9</ele></trkpt><trkpt lat="-27.009866666666667" lon="-48.608599999999996"><ele>12.7</ele></trkpt><trkpt lat="-27.009873333333335" lon="-48.608603333333335"><ele>12.4</ele></trkpt><trkpt lat="-27.00988166666667" lon="-48.60861"><ele>12.299999999999999</ele></trkpt><trkpt lat="-27.009885" lon="-48.60862166666667"><ele>12</ele></trkpt><trkpt lat="-27.00988333333333" lon="-48.60862999999999"><ele>11.6</ele></trkpt><trkpt lat="-27.00988166666667" lon="-48.60864166666667"><ele>11.299999999999999</ele></trkpt><trkpt lat="-27.00988166666667" lon="-48.60865333333333"><ele>10.799999999999999</ele></trkpt><trkpt lat="-27.00988" lon="-48.60865666666667"><ele>10.2</ele></trkpt><trkpt lat="-27.009876666666667" lon="-48.60865999999999"><ele>9.9</ele></trkpt><trkpt lat="-27.009875000000005" lon="-48.60866333333333"><ele>9.5</ele></trkpt><trkpt lat="-27.009878333333337" lon="-48.60866833333333"><ele>9.2</ele></trkpt><trkpt lat="-27.00988166666667" lon="-48.608671666666666"><ele>9.1</ele></trkpt><trkpt lat="-27.00988166666667" lon="-48.608673333333336"><ele>8.7</ele></trkpt><trkpt lat="-27.00988166666667" lon="-48.608673333333336"><ele>8.7</ele></trkpt><trkpt lat="-27.00988333333333" lon="-48.60867499999999"><ele>8.4</ele></trkpt><trkpt lat="-27.00988333333333" lon="-48.60867499999999"><ele>8.4</ele></trkpt><trkpt lat="-27.009885" lon="-48.60867666666666"><ele>8.1</ele></trkpt><trkpt lat="-27.009886666666663" lon="-48.60867499999999"><ele>7.9</ele></trkpt><trkpt lat="-27.009888333333333" lon="-48.608673333333336"><ele>7.800000000000001</ele></trkpt><trkpt lat="-27.009886666666663" lon="-48.608671666666666"><ele>8</ele></trkpt><trkpt lat="-27.00988333333333" lon="-48.60867"><ele>8.1</ele></trkpt><trkpt lat="-27.00988333333333" lon="-48.60867"><ele>8.1</ele></trkpt><trkpt lat="-27.00988333333333" lon="-48.60867"><ele>8.1</ele></trkpt><trkpt lat="-27.00988333333333" lon="-48.60867"><ele>8.1</ele></trkpt><trkpt lat="-27.00988333333333" lon="-48.60867"><ele>8.1</ele></trkpt><trkpt lat="-27.00988333333333" lon="-48.60867"><ele>8.1</ele></trkpt><trkpt lat="-27.00988333333333" lon="-48.60867"><ele>8.1</ele></trkpt><trkpt lat="-27.00988333333333" lon="-48.60867"><ele>8.1</ele></trkpt><trkpt lat="-27.00988333333333" lon="-48.60867"><ele>8.1</ele></trkpt><trkpt lat="-27.00988333333333" lon="-48.60867"><ele>8.1</ele></trkpt><trkpt lat="-27.00988333333333" lon="-48.60867"><ele>8.1</ele></trkpt><trkpt lat="-27.00988333333333" lon="-48.60867"><ele>8.1</ele></trkpt><trkpt lat="-27.00988333333333" lon="-48.60867"><ele>8.1</ele></trkpt><trkpt lat="-27.00988333333333" lon="-48.60867"><ele>8.1</ele></trkpt><trkpt lat="-27.00988333333333" lon="-48.60867"><ele>8.1</ele></trkpt><trkpt lat="-27.00988333333333" lon="-48.60867"><ele>8.1</ele></trkpt><trkpt lat="-27.00988333333333" lon="-48.60867"><ele>8.1</ele></trkpt><trkpt lat="-27.00988333333333" lon="-48.60867"><ele>8.1</ele></trkpt><trkpt lat="-27.00988333333333" lon="-48.60867"><ele>8.1</ele></trkpt><trkpt lat="-27.00988333333333" lon="-48.60867"><ele>8.1</ele></trkpt><trkpt lat="-27.00988333333333" lon="-48.60867"><ele>8.1</ele></trkpt><trkpt lat="-27.00988333333333" lon="-48.60867"><ele>8.1</ele></trkpt><trkpt lat="-27.00988333333333" lon="-48.60867"><ele>8.1</ele></trkpt><trkpt lat="-27.00988333333333" lon="-48.60867"><ele>8.1</ele></trkpt><trkpt lat="-27.00988333333333" lon="-48.60867"><ele>8.1</ele></trkpt><trkpt lat="-27.00988333333333" lon="-48.60867"><ele>8.1</ele></trkpt><trkpt lat="-27.00988333333333" lon="-48.60867"><ele>8.1</ele></trkpt><trkpt lat="-27.00988333333333" lon="-48.60867"><ele>8.1</ele></trkpt><trkpt lat="-27.00988333333333" lon="-48.60867"><ele>8.1</ele></trkpt><trkpt lat="-27.00988333333333" lon="-48.60867"><ele>8.1</ele></trkpt><trkpt lat="-27.00988333333333" lon="-48.60867"><ele>8.1</ele></trkpt><trkpt lat="-27.00988333333333" lon="-48.60867"><ele>8.1</ele></trkpt><trkpt lat="-27.00988" lon="-48.608655"><ele>8</ele></trkpt><trkpt lat="-27.009871666666662" lon="-48.608651666666674"><ele>8.1</ele></trkpt><trkpt lat="-27.00986833333333" lon="-48.608651666666674"><ele>7.699999999999999</ele></trkpt><trkpt lat="-27.009866666666667" lon="-48.608651666666674"><ele>7.5</ele></trkpt><trkpt lat="-27.009866666666667" lon="-48.608651666666674"><ele>7.300000000000001</ele></trkpt><trkpt lat="-27.009866666666667" lon="-48.608651666666674"><ele>7.300000000000001</ele></trkpt><trkpt lat="-27.009866666666667" lon="-48.608651666666674"><ele>7.300000000000001</ele></trkpt><trkpt lat="-27.009866666666667" lon="-48.608651666666674"><ele>7.300000000000001</ele></trkpt><trkpt lat="-27.009866666666667" lon="-48.608651666666674"><ele>7.300000000000001</ele></trkpt><trkpt lat="-27.009866666666667" lon="-48.608651666666674"><ele>7.300000000000001</ele></trkpt><trkpt lat="-27.009866666666667" lon="-48.608651666666674"><ele>7.300000000000001</ele></trkpt><trkpt lat="-27.009866666666667" lon="-48.608651666666674"><ele>7.300000000000001</ele></trkpt><trkpt lat="-27.009866666666667" lon="-48.608651666666674"><ele>7.300000000000001</ele></trkpt><trkpt lat="-27.009866666666667" lon="-48.608651666666674"><ele>7.300000000000001</ele></trkpt><trkpt lat="-27.009861666666666" lon="-48.60866166666666"><ele>7.300000000000001</ele></trkpt><trkpt lat="-27.009858333333334" lon="-48.60866166666666"><ele>7.199999999999999</ele></trkpt><trkpt lat="-27.009856666666664" lon="-48.60866833333333"><ele>6.9</ele></trkpt><trkpt lat="-27.009855" lon="-48.60867666666666"><ele>6.6</ele></trkpt><trkpt lat="-27.009853333333332" lon="-48.60868000000001"><ele>6.6</ele></trkpt><trkpt lat="-27.009853333333332" lon="-48.60868000000001"><ele>6.6</ele></trkpt><trkpt lat="-27.009853333333332" lon="-48.60868000000001"><ele>6.6</ele></trkpt><trkpt lat="-27.009853333333332" lon="-48.60868000000001"><ele>6.6</ele></trkpt><trkpt lat="-27.009853333333332" lon="-48.60868000000001"><ele>6.6</ele></trkpt><trkpt lat="-27.009853333333332" lon="-48.60868000000001"><ele>6.6</ele></trkpt><trkpt lat="-27.009853333333332" lon="-48.60868000000001"><ele>6.6</ele></trkpt><trkpt lat="-27.00985166666667" lon="-48.60866666666667"><ele>5.300000000000001</ele></trkpt><trkpt lat="-27.009848333333334" lon="-48.60866833333333"><ele>5.4</ele></trkpt><trkpt lat="-27.009841666666663" lon="-48.60866833333333"><ele>5.5</ele></trkpt><trkpt lat="-27.009835" lon="-48.60866833333333"><ele>5.6</ele></trkpt><trkpt lat="-27.009828333333335" lon="-48.60867"><ele>5.6</ele></trkpt><trkpt lat="-27.009828333333335" lon="-48.60867"><ele>5.6</ele></trkpt><trkpt lat="-27.00982666666666" lon="-48.608671666666666"><ele>5.5</ele></trkpt><trkpt lat="-27.00982333333333" lon="-48.60867499999999"><ele>5.699999999999999</ele></trkpt><trkpt lat="-27.00982333333333" lon="-48.60867499999999"><ele>5.9</ele></trkpt><trkpt lat="-27.00982333333333" lon="-48.60867499999999"><ele>6.199999999999999</ele></trkpt><trkpt lat="-27.009830000000004" lon="-48.60867"><ele>6.199999999999999</ele></trkpt><trkpt lat="-27.009835" lon="-48.60866166666666"><ele>6.199999999999999</ele></trkpt><trkpt lat="-27.00983666666667" lon="-48.60866166666666"><ele>6.5</ele></trkpt><trkpt lat="-27.009861666666666" lon="-48.60867833333334"><ele>5.2</ele></trkpt><trkpt lat="-27.009875000000005" lon="-48.608681666666676"><ele>3.9</ele></trkpt><trkpt lat="-27.00988166666667" lon="-48.60868000000001"><ele>5.4</ele></trkpt><trkpt lat="-27.009893333333334" lon="-48.60868000000001"><ele>4.800000000000001</ele></trkpt><trkpt lat="-27.009901666666664" lon="-48.60867666666666"><ele>4.800000000000001</ele></trkpt><trkpt lat="-27.009906666666666" lon="-48.60867666666666"><ele>4.800000000000001</ele></trkpt><trkpt lat="-27.009908333333335" lon="-48.608673333333336"><ele>4.9</ele></trkpt><trkpt lat="-27.009908333333335" lon="-48.608673333333336"><ele>4.9</ele></trkpt><trkpt lat="-27.009906666666666" lon="-48.60867"><ele>4.9</ele></trkpt><trkpt lat="-27.009888333333333" lon="-48.60867"><ele>4.800000000000001</ele></trkpt><trkpt lat="-27.009871666666662" lon="-48.608665"><ele>4.800000000000001</ele></trkpt><trkpt lat="-27.009856666666664" lon="-48.60865666666667"><ele>4.7</ele></trkpt><trkpt lat="-27.009845000000002" lon="-48.608655"><ele>4.6</ele></trkpt><trkpt lat="-27.009833333333336" lon="-48.60865833333334"><ele>4.4</ele></trkpt><trkpt lat="-27.009819999999998" lon="-48.60865833333334"><ele>4.4</ele></trkpt><trkpt lat="-27.00981" lon="-48.60865999999999"><ele>4</ele></trkpt><trkpt lat="-27.009800000000002" lon="-48.60867"><ele>3.6</ele></trkpt><trkpt lat="-27.00979333333333" lon="-48.608681666666676"><ele>3.4000000000000004</ele></trkpt><trkpt lat="-27.009785000000004" lon="-48.60869833333333"><ele>3.4000000000000004</ele></trkpt><trkpt lat="-27.00978" lon="-48.608718333333336"><ele>3.2</ele></trkpt><trkpt lat="-27.009776666666667" lon="-48.60873"><ele>3.3</ele></trkpt><trkpt lat="-27.009768333333334" lon="-48.608741666666674"><ele>3.4000000000000004</ele></trkpt><trkpt lat="-27.009759999999996" lon="-48.608745"><ele>3.1</ele></trkpt><trkpt lat="-27.009753333333332" lon="-48.60874999999999"><ele>3</ele></trkpt><trkpt lat="-27.009743333333336" lon="-48.60875833333333"><ele>2.9000000000000004</ele></trkpt><trkpt lat="-27.009726666666666" lon="-48.608761666666666"><ele>2.9000000000000004</ele></trkpt><trkpt lat="-27.009710000000002" lon="-48.608761666666666"><ele>3</ele></trkpt><trkpt lat="-27.009695000000004" lon="-48.60876"><ele>3.3</ele></trkpt><trkpt lat="-27.00969166666666" lon="-48.60876"><ele>3.5</ele></trkpt><trkpt lat="-27.00969166666666" lon="-48.60875333333333"><ele>3.7</ele></trkpt><trkpt lat="-27.00968833333333" lon="-48.608740000000004"><ele>4</ele></trkpt><trkpt lat="-27.009681666666665" lon="-48.608726666666676"><ele>4.1</ele></trkpt><trkpt lat="-27.009680000000003" lon="-48.608718333333336"><ele>5.300000000000001</ele></trkpt><trkpt lat="-27.009681666666665" lon="-48.60871"><ele>5.6</ele></trkpt><trkpt lat="-27.009684999999998" lon="-48.608696666666674"><ele>6.300000000000001</ele></trkpt><trkpt lat="-27.009686666666667" lon="-48.60868000000001"><ele>6.199999999999999</ele></trkpt><trkpt lat="-27.009684999999998" lon="-48.60866666666667"><ele>6.4</ele></trkpt><trkpt lat="-27.009686666666667" lon="-48.608651666666674"><ele>6.5</ele></trkpt><trkpt lat="-27.009686666666667" lon="-48.608648333333335"><ele>6.699999999999999</ele></trkpt><trkpt lat="-27.009686666666667" lon="-48.608646666666665"><ele>6.699999999999999</ele></trkpt><trkpt lat="-27.009683333333335" lon="-48.608648333333335"><ele>6.6</ele></trkpt><trkpt lat="-27.009686666666667" lon="-48.608655"><ele>6.300000000000001</ele></trkpt><trkpt lat="-27.009686666666667" lon="-48.608655"><ele>6.300000000000001</ele></trkpt><trkpt lat="-27.00969" lon="-48.608665"><ele>6</ele></trkpt><trkpt lat="-27.00969" lon="-48.608671666666666"><ele>6.1</ele></trkpt><trkpt lat="-27.009695000000004" lon="-48.608681666666676"><ele>6.199999999999999</ele></trkpt><trkpt lat="-27.00970333333333" lon="-48.60868666666667"><ele>6.199999999999999</ele></trkpt><trkpt lat="-27.009713333333334" lon="-48.6087"><ele>6.1</ele></trkpt><trkpt lat="-27.009731666666667" lon="-48.6087"><ele>6.300000000000001</ele></trkpt><trkpt lat="-27.009741666666667" lon="-48.60870333333334"><ele>6.4</ele></trkpt><trkpt lat="-27.009758333333334" lon="-48.608696666666674"><ele>6.9</ele></trkpt><trkpt lat="-27.009773333333335" lon="-48.608689999999996"><ele>6.6</ele></trkpt><trkpt lat="-27.009783333333335" lon="-48.608685"><ele>6.5</ele></trkpt><trkpt lat="-27.00979166666667" lon="-48.608681666666676"><ele>6.699999999999999</ele></trkpt><trkpt lat="-27.009800000000002" lon="-48.608681666666676"><ele>6.9</ele></trkpt><trkpt lat="-27.009800000000002" lon="-48.608681666666676"><ele>6.9</ele></trkpt><trkpt lat="-27.009816666666666" lon="-48.60867666666666"><ele>6.300000000000001</ele></trkpt><trkpt lat="-27.00982666666666" lon="-48.60868000000001"><ele>6.1</ele></trkpt><trkpt lat="-27.009841666666663" lon="-48.60868000000001"><ele>6.199999999999999</ele></trkpt><trkpt lat="-27.009855" lon="-48.608681666666676"><ele>6.300000000000001</ele></trkpt><trkpt lat="-27.009866666666667" lon="-48.60867499999999"><ele>6.1</ele></trkpt><trkpt lat="-27.009875000000005" lon="-48.60867666666666"><ele>5.699999999999999</ele></trkpt><trkpt lat="-27.00988333333333" lon="-48.60868333333333"><ele>5.6</ele></trkpt><trkpt lat="-27.009885" lon="-48.60868833333334"><ele>5.4</ele></trkpt><trkpt lat="-27.009888333333333" lon="-48.60868666666667"><ele>5.4</ele></trkpt><trkpt lat="-27.009893333333334" lon="-48.608691666666665"><ele>5.4</ele></trkpt><trkpt lat="-27.009893333333334" lon="-48.608691666666665"><ele>5.4</ele></trkpt><trkpt lat="-27.009898333333332" lon="-48.608695000000004"><ele>5.4</ele></trkpt><trkpt lat="-27.009893333333334" lon="-48.608693333333335"><ele>5</ele></trkpt><trkpt lat="-27.009885" lon="-48.608685"><ele>4.7</ele></trkpt><trkpt lat="-27.009875000000005" lon="-48.608681666666676"><ele>4</ele></trkpt><trkpt lat="-27.00988" lon="-48.60868333333333"><ele>4.2</ele></trkpt><trkpt lat="-27.009885" lon="-48.60868666666667"><ele>4.300000000000001</ele></trkpt><trkpt lat="-27.009886666666663" lon="-48.60868833333334"><ele>4.6</ele></trkpt><trkpt lat="-27.009894999999997" lon="-48.60868333333333"><ele>5</ele></trkpt><trkpt lat="-27.009898333333332" lon="-48.60868333333333"><ele>4.9</ele></trkpt><trkpt lat="-27.009900000000002" lon="-48.60868000000001"><ele>4.300000000000001</ele></trkpt><trkpt lat="-27.009905000000003" lon="-48.608689999999996"><ele>4</ele></trkpt><trkpt lat="-27.009909999999998" lon="-48.608696666666674"><ele>3.8000000000000003</ele></trkpt><trkpt lat="-27.009916666666662" lon="-48.6087"><ele>4</ele></trkpt><trkpt lat="-27.00992833333333" lon="-48.60870333333334"><ele>3.2</ele></trkpt><trkpt lat="-27.009945000000002" lon="-48.60870666666666"><ele>2.6</ele></trkpt><trkpt lat="-27.009963333333335" lon="-48.60870666666666"><ele>2.7</ele></trkpt><trkpt lat="-27.009975" lon="-48.60870666666666"><ele>2.6</ele></trkpt><trkpt lat="-27.009988333333332" lon="-48.60870499999999"><ele>2.7</ele></trkpt><trkpt lat="-27.010001666666668" lon="-48.60870333333334"><ele>2.6</ele></trkpt><trkpt lat="-27.01001833333333" lon="-48.60870666666666"><ele>2.3</ele></trkpt><trkpt lat="-27.010035000000002" lon="-48.60870166666667"><ele>2.8</ele></trkpt><trkpt lat="-27.010055000000005" lon="-48.6087"><ele>3.1</ele></trkpt><trkpt lat="-27.010074999999997" lon="-48.60870166666667"><ele>3.4000000000000004</ele></trkpt><trkpt lat="-27.010100000000005" lon="-48.60869833333333"><ele>3.8000000000000003</ele></trkpt><trkpt lat="-27.01011" lon="-48.60870166666667"><ele>4.6</ele></trkpt><trkpt lat="-27.010111666666663" lon="-48.60870333333334"><ele>4.9</ele></trkpt><trkpt lat="-27.010113333333333" lon="-48.60870333333334"><ele>4.9</ele></trkpt><trkpt lat="-27.010113333333333" lon="-48.60870166666667"><ele>4.800000000000001</ele></trkpt><trkpt lat="-27.010113333333333" lon="-48.6087"><ele>4.6</ele></trkpt><trkpt lat="-27.010111666666663" lon="-48.6087"><ele>4.5</ele></trkpt><trkpt lat="-27.010116666666665" lon="-48.6087"><ele>4.5</ele></trkpt><trkpt lat="-27.010116666666665" lon="-48.6087"><ele>4.5</ele></trkpt><trkpt lat="-27.010115000000003" lon="-48.60869833333333"><ele>4.5</ele></trkpt><trkpt lat="-27.010111666666663" lon="-48.60870166666667"><ele>4.800000000000001</ele></trkpt><trkpt lat="-27.01010666666667" lon="-48.60870166666667"><ele>5</ele></trkpt><trkpt lat="-27.01010666666667" lon="-48.60870166666667"><ele>5</ele></trkpt><trkpt lat="-27.010105" lon="-48.6087"><ele>4.800000000000001</ele></trkpt><trkpt lat="-27.01010666666667" lon="-48.608695000000004"><ele>4.5</ele></trkpt><trkpt lat="-27.01010666666667" lon="-48.608695000000004"><ele>4.5</ele></trkpt><trkpt lat="-27.01010666666667" lon="-48.608695000000004"><ele>4.5</ele></trkpt><trkpt lat="-27.01010666666667" lon="-48.608695000000004"><ele>4.5</ele></trkpt><trkpt lat="-27.01010666666667" lon="-48.608695000000004"><ele>4.5</ele></trkpt><trkpt lat="-27.01010666666667" lon="-48.608695000000004"><ele>4.5</ele></trkpt><trkpt lat="-27.01010666666667" lon="-48.608695000000004"><ele>4.5</ele></trkpt><trkpt lat="-27.01010666666667" lon="-48.608695000000004"><ele>4.5</ele></trkpt><trkpt lat="-27.010125000000002" lon="-48.60868833333334"><ele>3.8000000000000003</ele></trkpt><trkpt lat="-27.010141666666662" lon="-48.608693333333335"><ele>4.4</ele></trkpt><trkpt lat="-27.01018" lon="-48.608685"><ele>0.7000000000000001</ele></trkpt><trkpt lat="-27.01018" lon="-48.608685"><ele>0.7000000000000001</ele></trkpt><trkpt lat="-27.010218333333334" lon="-48.608673333333336"><ele>11.2</ele></trkpt><trkpt lat="-27.010221666666666" lon="-48.608671666666666"><ele>11.299999999999999</ele></trkpt><trkpt lat="-27.010209999999997" lon="-48.608673333333336"><ele>12.9</ele></trkpt><trkpt lat="-27.010216666666665" lon="-48.60867499999999"><ele>13.1</ele></trkpt><trkpt lat="-27.010219999999997" lon="-48.608681666666676"><ele>13</ele></trkpt><trkpt lat="-27.010219999999997" lon="-48.608689999999996"><ele>13</ele></trkpt><trkpt lat="-27.010223333333336" lon="-48.60869833333333"><ele>11.799999999999999</ele></trkpt><trkpt lat="-27.010223333333336" lon="-48.60870499999999"><ele>11.4</ele></trkpt><trkpt lat="-27.010225" lon="-48.60870499999999"><ele>11.299999999999999</ele></trkpt><trkpt lat="-27.010219999999997" lon="-48.60870666666666"><ele>11.1</ele></trkpt><trkpt lat="-27.010216666666665" lon="-48.60870499999999"><ele>10.9</ele></trkpt><trkpt lat="-27.010216666666665" lon="-48.60870166666667"><ele>10.7</ele></trkpt><trkpt lat="-27.01021166666667" lon="-48.60870166666667"><ele>10.6</ele></trkpt><trkpt lat="-27.010206666666665" lon="-48.60870333333334"><ele>10.4</ele></trkpt><trkpt lat="-27.010204999999996" lon="-48.60870666666666"><ele>10.2</ele></trkpt><trkpt lat="-27.0102" lon="-48.608716666666666"><ele>9.9</ele></trkpt><trkpt lat="-27.010195" lon="-48.60872833333333"><ele>9.5</ele></trkpt><trkpt lat="-27.01019833333333" lon="-48.60872500000001"><ele>9.6</ele></trkpt><trkpt lat="-27.01019833333333" lon="-48.60872500000001"><ele>9.6</ele></trkpt><trkpt lat="-27.01019833333333" lon="-48.60872333333334"><ele>10</ele></trkpt><trkpt lat="-27.01019833333333" lon="-48.60872333333334"><ele>10</ele></trkpt><trkpt lat="-27.01019833333333" lon="-48.60872333333334"><ele>10</ele></trkpt><trkpt lat="-27.01019833333333" lon="-48.60872333333334"><ele>10</ele></trkpt><trkpt lat="-27.01019833333333" lon="-48.60872333333334"><ele>10</ele></trkpt><trkpt lat="-27.01019833333333" lon="-48.60872333333334"><ele>10</ele></trkpt><trkpt lat="-27.01019833333333" lon="-48.60872333333334"><ele>10</ele></trkpt><trkpt lat="-27.010208333333335" lon="-48.608715"><ele>9.799999999999999</ele></trkpt><trkpt lat="-27.010215000000002" lon="-48.608716666666666"><ele>9.6</ele></trkpt><trkpt lat="-27.010225" lon="-48.608716666666666"><ele>9.5</ele></trkpt><trkpt lat="-27.010238333333337" lon="-48.608715"><ele>9.3</ele></trkpt><trkpt lat="-27.01025666666667" lon="-48.608718333333336"><ele>9.2</ele></trkpt><trkpt lat="-27.010268333333336" lon="-48.60872500000001"><ele>8.4</ele></trkpt><trkpt lat="-27.010285" lon="-48.60873166666667"><ele>7.800000000000001</ele></trkpt><trkpt lat="-27.010311666666666" lon="-48.608745"><ele>7.5</ele></trkpt><trkpt lat="-27.01033" lon="-48.60874833333334"><ele>7.9</ele></trkpt><trkpt lat="-27.010336666666664" lon="-48.60874833333334"><ele>7.800000000000001</ele></trkpt><trkpt lat="-27.010339999999996" lon="-48.60874833333334"><ele>7.9</ele></trkpt><trkpt lat="-27.010339999999996" lon="-48.60874833333334"><ele>7.9</ele></trkpt><trkpt lat="-27.010348333333333" lon="-48.60875333333333"><ele>7.6</ele></trkpt><trkpt lat="-27.01034666666667" lon="-48.60875833333333"><ele>7.699999999999999</ele></trkpt><trkpt lat="-27.01034666666667" lon="-48.60875833333333"><ele>7.699999999999999</ele></trkpt><trkpt lat="-27.010348333333333" lon="-48.60875666666667"><ele>7.800000000000001</ele></trkpt><trkpt lat="-27.010350000000003" lon="-48.60875666666667"><ele>7.9</ele></trkpt><trkpt lat="-27.010356666666667" lon="-48.60875833333333"><ele>7.9</ele></trkpt><trkpt lat="-27.010356666666667" lon="-48.60875833333333"><ele>7.9</ele></trkpt><trkpt lat="-27.010356666666667" lon="-48.60875833333333"><ele>7.9</ele></trkpt><trkpt lat="-27.010356666666667" lon="-48.60876"><ele>7.9</ele></trkpt><trkpt lat="-27.010351666666665" lon="-48.60876"><ele>8.2</ele></trkpt><trkpt lat="-27.010353333333335" lon="-48.60876"><ele>8.2</ele></trkpt><trkpt lat="-27.010354999999997" lon="-48.60875833333333"><ele>8.3</ele></trkpt><trkpt lat="-27.01036" lon="-48.60876"><ele>8.3</ele></trkpt><trkpt lat="-27.010371666666668" lon="-48.60876"><ele>8.5</ele></trkpt><trkpt lat="-27.010383333333333" lon="-48.60875833333333"><ele>8.7</ele></trkpt><trkpt lat="-27.010395000000003" lon="-48.60876"><ele>8.6</ele></trkpt><trkpt lat="-27.01042" lon="-48.608761666666666"><ele>8.9</ele></trkpt><trkpt lat="-27.010446666666667" lon="-48.60876"><ele>8.8</ele></trkpt><trkpt lat="-27.010471666666664" lon="-48.60875833333333"><ele>8.6</ele></trkpt><trkpt lat="-27.010471666666664" lon="-48.60875833333333"><ele>8.6</ele></trkpt><trkpt lat="-27.010491666666667" lon="-48.60876"><ele>9</ele></trkpt><trkpt lat="-27.010528333333333" lon="-48.60877833333334"><ele>7.6</ele></trkpt><trkpt lat="-27.01056" lon="-48.60879166666667"><ele>6.800000000000001</ele></trkpt><trkpt lat="-27.010596666666668" lon="-48.6088"><ele>5.9</ele></trkpt><trkpt lat="-27.010638333333336" lon="-48.60880333333333"><ele>5.6</ele></trkpt><trkpt lat="-27.010671666666667" lon="-48.60880999999999"><ele>5.5</ele></trkpt><trkpt lat="-27.010671666666667" lon="-48.60880999999999"><ele>5.5</ele></trkpt><trkpt lat="-27.01070333333333" lon="-48.60881500000001"><ele>5.5</ele></trkpt><trkpt lat="-27.01073333333333" lon="-48.60882"><ele>5.9</ele></trkpt><trkpt lat="-27.01076333333333" lon="-48.60882333333334"><ele>6.5</ele></trkpt><trkpt lat="-27.01078" lon="-48.60881500000001"><ele>6.1</ele></trkpt><trkpt lat="-27.01078166666667" lon="-48.608806666666666"><ele>5.9</ele></trkpt><trkpt lat="-27.01076833333333" lon="-48.60879833333333"><ele>5.4</ele></trkpt><trkpt lat="-27.01075166666667" lon="-48.60879166666667"><ele>4.300000000000001</ele></trkpt><trkpt lat="-27.01073" lon="-48.60879"><ele>3.3</ele></trkpt><trkpt lat="-27.010708333333334" lon="-48.60879499999999"><ele>2.7</ele></trkpt><trkpt lat="-27.010681666666663" lon="-48.60880166666667"><ele>2</ele></trkpt><trkpt lat="-27.010656666666666" lon="-48.608805"><ele>1.5</ele></trkpt><trkpt lat="-27.01063" lon="-48.60879833333333"><ele>1.3</ele></trkpt><trkpt lat="-27.010606666666664" lon="-48.60879166666667"><ele>1.5</ele></trkpt><trkpt lat="-27.01058833333333" lon="-48.60877333333333"><ele>1.7000000000000002</ele></trkpt><trkpt lat="-27.010563333333334" lon="-48.60875833333333"><ele>1.7000000000000002</ele></trkpt><trkpt lat="-27.010538333333336" lon="-48.60874666666667"><ele>1.4000000000000001</ele></trkpt><trkpt lat="-27.01051166666667" lon="-48.60874333333333"><ele>1.6</ele></trkpt><trkpt lat="-27.01049666666667" lon="-48.60874999999999"><ele>1.7000000000000002</ele></trkpt><trkpt lat="-27.01051166666667" lon="-48.608761666666666"><ele>1.8</ele></trkpt><trkpt lat="-27.010528333333333" lon="-48.60877166666668"><ele>1.9000000000000001</ele></trkpt><trkpt lat="-27.01054333333333" lon="-48.608783333333335"><ele>2</ele></trkpt><trkpt lat="-27.010561666666664" lon="-48.60879333333334"><ele>2.1</ele></trkpt><trkpt lat="-27.01057166666667" lon="-48.60879333333334"><ele>3.4000000000000004</ele></trkpt><trkpt lat="-27.010576666666665" lon="-48.60879499999999"><ele>3.5</ele></trkpt><trkpt lat="-27.010578333333335" lon="-48.60879666666666"><ele>4.1</ele></trkpt><trkpt lat="-27.010578333333335" lon="-48.60879499999999"><ele>3.8000000000000003</ele></trkpt><trkpt lat="-27.010578333333335" lon="-48.60879499999999"><ele>4.300000000000001</ele></trkpt><trkpt lat="-27.010578333333335" lon="-48.60879499999999"><ele>4.300000000000001</ele></trkpt><trkpt lat="-27.010573333333333" lon="-48.60879499999999"><ele>4.4</ele></trkpt><trkpt lat="-27.010568333333335" lon="-48.6088"><ele>5</ele></trkpt><trkpt lat="-27.010569999999998" lon="-48.60880166666667"><ele>5.699999999999999</ele></trkpt><trkpt lat="-27.010573333333333" lon="-48.608805"><ele>5.800000000000001</ele></trkpt><trkpt lat="-27.010579999999997" lon="-48.608806666666666"><ele>5.5</ele></trkpt><trkpt lat="-27.010579999999997" lon="-48.608806666666666"><ele>5.5</ele></trkpt><trkpt lat="-27.01058833333333" lon="-48.608805"><ele>6.1</ele></trkpt><trkpt lat="-27.01060166666667" lon="-48.60880333333333"><ele>7.1</ele></trkpt><trkpt lat="-27.010621666666665" lon="-48.60880333333333"><ele>7.800000000000001</ele></trkpt><trkpt lat="-27.010643333333338" lon="-48.60880333333333"><ele>7.800000000000001</ele></trkpt><trkpt lat="-27.010666666666665" lon="-48.60879833333333"><ele>6.699999999999999</ele></trkpt><trkpt lat="-27.01069" lon="-48.608806666666666"><ele>6.6</ele></trkpt><trkpt lat="-27.010714999999998" lon="-48.608808333333336"><ele>7.1</ele></trkpt><trkpt lat="-27.010743333333334" lon="-48.60881500000001"><ele>7.1</ele></trkpt><trkpt lat="-27.01077666666667" lon="-48.60881666666668"><ele>7.800000000000001</ele></trkpt><trkpt lat="-27.01080833333333" lon="-48.60882"><ele>8.4</ele></trkpt><trkpt lat="-27.01083833333333" lon="-48.608824999999996"><ele>8.6</ele></trkpt><trkpt lat="-27.01086833333333" lon="-48.608835"><ele>8.9</ele></trkpt><trkpt lat="-27.01089833333333" lon="-48.608845"><ele>8.8</ele></trkpt><trkpt lat="-27.010923333333334" lon="-48.60885499999999"><ele>9.7</ele></trkpt><trkpt lat="-27.01094833333333" lon="-48.60886166666666"><ele>10.7</ele></trkpt><trkpt lat="-27.01097666666667" lon="-48.60886333333333"><ele>10.1</ele></trkpt><trkpt lat="-27.01100666666667" lon="-48.60886666666667"><ele>9.799999999999999</ele></trkpt><trkpt lat="-27.01103666666667" lon="-48.608873333333335"><ele>9.7</ele></trkpt><trkpt lat="-27.011058333333335" lon="-48.60886666666667"><ele>9.7</ele></trkpt><trkpt lat="-27.01107833333333" lon="-48.60886000000001"><ele>9.4</ele></trkpt><trkpt lat="-27.01107833333333" lon="-48.60886000000001"><ele>9.4</ele></trkpt><trkpt lat="-27.011085" lon="-48.608851666666666"><ele>9.799999999999999</ele></trkpt><trkpt lat="-27.011088333333337" lon="-48.60885"><ele>9.3</ele></trkpt><trkpt lat="-27.01109166666667" lon="-48.608853333333336"><ele>9</ele></trkpt><trkpt lat="-27.011085" lon="-48.60885"><ele>9.1</ele></trkpt><trkpt lat="-27.01107833333333" lon="-48.60884666666667"><ele>9.1</ele></trkpt><trkpt lat="-27.011070000000004" lon="-48.60884333333333"><ele>9.4</ele></trkpt><trkpt lat="-27.01106666666667" lon="-48.60884166666666"><ele>9.5</ele></trkpt><trkpt lat="-27.01106666666667" lon="-48.60884166666666"><ele>9.5</ele></trkpt><trkpt lat="-27.01106666666667" lon="-48.60884166666666"><ele>9.6</ele></trkpt><trkpt lat="-27.011074999999998" lon="-48.60884666666667"><ele>9.4</ele></trkpt><trkpt lat="-27.011083333333332" lon="-48.60884833333333"><ele>9.3</ele></trkpt><trkpt lat="-27.011101666666665" lon="-48.60885666666666"><ele>9.5</ele></trkpt><trkpt lat="-27.011121666666668" lon="-48.60886333333333"><ele>9.9</ele></trkpt><trkpt lat="-27.01114" lon="-48.608869999999996"><ele>10.1</ele></trkpt><trkpt lat="-27.011163333333336" lon="-48.60888666666666"><ele>10.1</ele></trkpt><trkpt lat="-27.011188333333333" lon="-48.60890500000001"><ele>10.2</ele></trkpt><trkpt lat="-27.011223333333337" lon="-48.60891"><ele>8.5</ele></trkpt><trkpt lat="-27.011255" lon="-48.608918333333335"><ele>6.9</ele></trkpt><trkpt lat="-27.011284999999997" lon="-48.60892166666666"><ele>6</ele></trkpt><trkpt lat="-27.011286666666667" lon="-48.60892666666667"><ele>5.2</ele></trkpt><trkpt lat="-27.011286666666667" lon="-48.60892666666667"><ele>5.2</ele></trkpt><trkpt lat="-27.01129" lon="-48.60892666666667"><ele>4.9</ele></trkpt><trkpt lat="-27.011293333333334" lon="-48.60893166666666"><ele>5.1</ele></trkpt><trkpt lat="-27.011295000000004" lon="-48.60892833333334"><ele>4.9</ele></trkpt><trkpt lat="-27.011295000000004" lon="-48.60892833333334"><ele>4.9</ele></trkpt><trkpt lat="-27.011296666666667" lon="-48.60892833333334"><ele>4.9</ele></trkpt><trkpt lat="-27.011296666666667" lon="-48.60892666666667"><ele>4.6</ele></trkpt><trkpt lat="-27.011298333333336" lon="-48.60892666666667"><ele>4.2</ele></trkpt><trkpt lat="-27.011298333333336" lon="-48.608929999999994"><ele>3.9</ele></trkpt><trkpt lat="-27.011301666666668" lon="-48.60893166666666"><ele>3.7</ele></trkpt><trkpt lat="-27.011301666666668" lon="-48.60893166666666"><ele>3.2</ele></trkpt><trkpt lat="-27.011306666666663" lon="-48.60893166666666"><ele>3</ele></trkpt><trkpt lat="-27.011306666666663" lon="-48.60893166666666"><ele>3</ele></trkpt><trkpt lat="-27.011306666666663" lon="-48.60893166666666"><ele>3</ele></trkpt><trkpt lat="-27.011306666666663" lon="-48.60893166666666"><ele>3</ele></trkpt><trkpt lat="-27.011306666666663" lon="-48.60893166666666"><ele>3</ele></trkpt><trkpt lat="-27.011306666666663" lon="-48.60893166666666"><ele>3</ele></trkpt><trkpt lat="-27.011306666666663" lon="-48.60893166666666"><ele>3</ele></trkpt><trkpt lat="-27.011306666666663" lon="-48.60893166666666"><ele>3</ele></trkpt><trkpt lat="-27.011306666666663" lon="-48.60893166666666"><ele>3</ele></trkpt><trkpt lat="-27.011306666666663" lon="-48.60893166666666"><ele>3</ele></trkpt><trkpt lat="-27.011306666666663" lon="-48.60893166666666"><ele>3</ele></trkpt><trkpt lat="-27.011358333333337" lon="-48.60892666666667"><ele>4.800000000000001</ele></trkpt><trkpt lat="-27.011368333333333" lon="-48.608929999999994"><ele>4.9</ele></trkpt><trkpt lat="-27.011374999999997" lon="-48.608929999999994"><ele>4.5</ele></trkpt><trkpt lat="-27.011385000000004" lon="-48.608929999999994"><ele>4.1</ele></trkpt><trkpt lat="-27.011396666666663" lon="-48.60893166666666"><ele>3.9</ele></trkpt><trkpt lat="-27.011413333333333" lon="-48.60893333333333"><ele>3.3</ele></trkpt><trkpt lat="-27.011425" lon="-48.60893833333333"><ele>3.2</ele></trkpt><trkpt lat="-27.011443333333332" lon="-48.60894166666667"><ele>3.2</ele></trkpt><trkpt lat="-27.011463333333335" lon="-48.60893833333333"><ele>3.3</ele></trkpt><trkpt lat="-27.011463333333335" lon="-48.60893833333333"><ele>3.3</ele></trkpt><trkpt lat="-27.011476666666667" lon="-48.60893666666666"><ele>3</ele></trkpt><trkpt lat="-27.011493333333338" lon="-48.60893333333333"><ele>3.5</ele></trkpt><trkpt lat="-27.011511666666667" lon="-48.60894"><ele>3.7</ele></trkpt><trkpt lat="-27.01152666666667" lon="-48.608943333333336"><ele>4.4</ele></trkpt><trkpt lat="-27.011533333333333" lon="-48.608943333333336"><ele>5.300000000000001</ele></trkpt><trkpt lat="-27.01154166666667" lon="-48.608943333333336"><ele>5.5</ele></trkpt><trkpt lat="-27.011554999999998" lon="-48.60894"><ele>5.800000000000001</ele></trkpt><trkpt lat="-27.011563333333335" lon="-48.60894"><ele>6.300000000000001</ele></trkpt><trkpt lat="-27.011563333333335" lon="-48.60894"><ele>7</ele></trkpt><trkpt lat="-27.011561666666662" lon="-48.60893833333333"><ele>7.300000000000001</ele></trkpt><trkpt lat="-27.01155833333333" lon="-48.60893833333333"><ele>7.300000000000001</ele></trkpt><trkpt lat="-27.01155833333333" lon="-48.60893666666666"><ele>7.300000000000001</ele></trkpt><trkpt lat="-27.01155833333333" lon="-48.60893666666666"><ele>7.300000000000001</ele></trkpt><trkpt lat="-27.011554999999998" lon="-48.60893666666666"><ele>7.1</ele></trkpt><trkpt lat="-27.011553333333335" lon="-48.608929999999994"><ele>6.9</ele></trkpt><trkpt lat="-27.011550000000003" lon="-48.60892666666667"><ele>6.800000000000001</ele></trkpt><trkpt lat="-27.011550000000003" lon="-48.60892666666667"><ele>6.800000000000001</ele></trkpt><trkpt lat="-27.011546666666664" lon="-48.60892833333334"><ele>6.699999999999999</ele></trkpt><trkpt lat="-27.011536666666665" lon="-48.60893666666666"><ele>7.1</ele></trkpt><trkpt lat="-27.011531666666663" lon="-48.60893833333333"><ele>7.199999999999999</ele></trkpt><trkpt lat="-27.011531666666663" lon="-48.60893833333333"><ele>7.199999999999999</ele></trkpt><trkpt lat="-27.011531666666663" lon="-48.60893833333333"><ele>7.199999999999999</ele></trkpt><trkpt lat="-27.011531666666663" lon="-48.60893833333333"><ele>7.199999999999999</ele></trkpt><trkpt lat="-27.011531666666663" lon="-48.60893833333333"><ele>7.199999999999999</ele></trkpt><trkpt lat="-27.011531666666663" lon="-48.60893833333333"><ele>7.199999999999999</ele></trkpt><trkpt lat="-27.011531666666663" lon="-48.60893833333333"><ele>7.199999999999999</ele></trkpt><trkpt lat="-27.011531666666663" lon="-48.60893833333333"><ele>7.199999999999999</ele></trkpt><trkpt lat="-27.011531666666663" lon="-48.60893833333333"><ele>7.199999999999999</ele></trkpt><trkpt lat="-27.011531666666663" lon="-48.60893833333333"><ele>7.199999999999999</ele></trkpt><trkpt lat="-27.011531666666663" lon="-48.60893833333333"><ele>7.199999999999999</ele></trkpt><trkpt lat="-27.011531666666663" lon="-48.60893833333333"><ele>7.199999999999999</ele></trkpt><trkpt lat="-27.011531666666663" lon="-48.60893833333333"><ele>7.199999999999999</ele></trkpt><trkpt lat="-27.011531666666663" lon="-48.60893833333333"><ele>7.199999999999999</ele></trkpt><trkpt lat="-27.011531666666663" lon="-48.60893833333333"><ele>7.199999999999999</ele></trkpt><trkpt lat="-27.011531666666663" lon="-48.60893833333333"><ele>7.199999999999999</ele></trkpt><trkpt lat="-27.011531666666663" lon="-48.60893833333333"><ele>7.199999999999999</ele></trkpt><trkpt lat="-27.011531666666663" lon="-48.60893833333333"><ele>7.199999999999999</ele></trkpt><trkpt lat="-27.011531666666663" lon="-48.60893833333333"><ele>7.199999999999999</ele></trkpt><trkpt lat="-27.011531666666663" lon="-48.60893833333333"><ele>7.199999999999999</ele></trkpt><trkpt lat="-27.011531666666663" lon="-48.60893833333333"><ele>7.199999999999999</ele></trkpt><trkpt lat="-27.011531666666663" lon="-48.60893833333333"><ele>7.199999999999999</ele></trkpt><trkpt lat="-27.011531666666663" lon="-48.60893833333333"><ele>7.199999999999999</ele></trkpt><trkpt lat="-27.011531666666663" lon="-48.60893833333333"><ele>7.199999999999999</ele></trkpt><trkpt lat="-27.011531666666663" lon="-48.60893833333333"><ele>7.199999999999999</ele></trkpt><trkpt lat="-27.011531666666663" lon="-48.60893833333333"><ele>7.199999999999999</ele></trkpt><trkpt lat="-27.011531666666663" lon="-48.60893833333333"><ele>7.199999999999999</ele></trkpt><trkpt lat="-27.011531666666663" lon="-48.60893833333333"><ele>7.199999999999999</ele></trkpt><trkpt lat="-27.011531666666663" lon="-48.60893833333333"><ele>7.199999999999999</ele></trkpt><trkpt lat="-27.011531666666663" lon="-48.60893833333333"><ele>7.199999999999999</ele></trkpt><trkpt lat="-27.011520000000004" lon="-48.608920000000005"><ele>4.9</ele></trkpt><trkpt lat="-27.01151666666666" lon="-48.60891333333334"><ele>5</ele></trkpt><trkpt lat="-27.01151333333333" lon="-48.60890833333333"><ele>4.9</ele></trkpt><trkpt lat="-27.011509999999998" lon="-48.60890500000001"><ele>4.9</ele></trkpt><trkpt lat="-27.011506666666666" lon="-48.60890500000001"><ele>5</ele></trkpt><trkpt lat="-27.011506666666666" lon="-48.60890500000001"><ele>5</ele></trkpt><trkpt lat="-27.011506666666666" lon="-48.60890500000001"><ele>5</ele></trkpt><trkpt lat="-27.011506666666666" lon="-48.60890500000001"><ele>5</ele></trkpt><trkpt lat="-27.011506666666666" lon="-48.60890500000001"><ele>5</ele></trkpt><trkpt lat="-27.011506666666666" lon="-48.60890500000001"><ele>5</ele></trkpt><trkpt lat="-27.011506666666666" lon="-48.60890500000001"><ele>5</ele></trkpt><trkpt lat="-27.011506666666666" lon="-48.60890500000001"><ele>5</ele></trkpt><trkpt lat="-27.01151333333333" lon="-48.60888833333333"><ele>5.6</ele></trkpt><trkpt lat="-27.01151666666666" lon="-48.60889166666666"><ele>4.300000000000001</ele></trkpt><trkpt lat="-27.011520000000004" lon="-48.608895"><ele>3.9</ele></trkpt><trkpt lat="-27.011521666666667" lon="-48.60889333333333"><ele>3.7</ele></trkpt><trkpt lat="-27.011521666666667" lon="-48.60889333333333"><ele>3.7</ele></trkpt><trkpt lat="-27.011521666666667" lon="-48.60889333333333"><ele>3.7</ele></trkpt><trkpt lat="-27.011521666666667" lon="-48.60889333333333"><ele>3.7</ele></trkpt><trkpt lat="-27.011521666666667" lon="-48.60889333333333"><ele>3.7</ele></trkpt><trkpt lat="-27.011521666666667" lon="-48.60889333333333"><ele>3.7</ele></trkpt><trkpt lat="-27.011521666666667" lon="-48.60889333333333"><ele>3.7</ele></trkpt><trkpt lat="-27.011521666666667" lon="-48.60889333333333"><ele>3.7</ele></trkpt><trkpt lat="-27.011548333333334" lon="-48.608935"><ele>2.1</ele></trkpt><trkpt lat="-27.011551666666666" lon="-48.608935"><ele>2.1</ele></trkpt><trkpt lat="-27.011556666666667" lon="-48.60894166666667"><ele>2.1</ele></trkpt><trkpt lat="-27.011550000000003" lon="-48.608943333333336"><ele>2.3</ele></trkpt><trkpt lat="-27.011550000000003" lon="-48.608943333333336"><ele>2.3</ele></trkpt><trkpt lat="-27.01152833333333" lon="-48.60895000000001"><ele>2.7</ele></trkpt><trkpt lat="-27.011508333333335" lon="-48.60895333333333"><ele>3.5</ele></trkpt><trkpt lat="-27.011508333333335" lon="-48.60894666666666"><ele>5.1</ele></trkpt><trkpt lat="-27.01151333333333" lon="-48.608943333333336"><ele>6.6</ele></trkpt><trkpt lat="-27.011515" lon="-48.608935"><ele>7.699999999999999</ele></trkpt><trkpt lat="-27.01151333333333" lon="-48.60893333333333"><ele>8.7</ele></trkpt><trkpt lat="-27.011515" lon="-48.608929999999994"><ele>9.3</ele></trkpt><trkpt lat="-27.01151666666666" lon="-48.60893166666666"><ele>9</ele></trkpt><trkpt lat="-27.01151666666666" lon="-48.60893166666666"><ele>9</ele></trkpt><trkpt lat="-27.011515" lon="-48.60893166666666"><ele>9.1</ele></trkpt><trkpt lat="-27.011515" lon="-48.60893166666666"><ele>9.1</ele></trkpt><trkpt lat="-27.01151666666666" lon="-48.608935"><ele>9.3</ele></trkpt><trkpt lat="-27.01151666666666" lon="-48.608935"><ele>9.3</ele></trkpt><trkpt lat="-27.01151666666666" lon="-48.608935"><ele>9.3</ele></trkpt><trkpt lat="-27.01151666666666" lon="-48.608935"><ele>9.3</ele></trkpt><trkpt lat="-27.01151666666666" lon="-48.608935"><ele>9.3</ele></trkpt><trkpt lat="-27.01151666666666" lon="-48.608935"><ele>9.3</ele></trkpt><trkpt lat="-27.01151666666666" lon="-48.608935"><ele>9.3</ele></trkpt><trkpt lat="-27.01151666666666" lon="-48.608935"><ele>9.3</ele></trkpt><trkpt lat="-27.01151666666666" lon="-48.608935"><ele>9.3</ele></trkpt><trkpt lat="-27.01151666666666" lon="-48.608935"><ele>9.3</ele></trkpt><trkpt lat="-27.01151666666666" lon="-48.608935"><ele>9.3</ele></trkpt><trkpt lat="-27.01151666666666" lon="-48.608935"><ele>9.3</ele></trkpt><trkpt lat="-27.01151666666666" lon="-48.608935"><ele>9.3</ele></trkpt><trkpt lat="-27.01151666666666" lon="-48.608935"><ele>9.3</ele></trkpt><trkpt lat="-27.01151666666666" lon="-48.608935"><ele>9.3</ele></trkpt><trkpt lat="-27.01151666666666" lon="-48.608935"><ele>9.3</ele></trkpt><trkpt lat="-27.01151666666666" lon="-48.608935"><ele>9.3</ele></trkpt><trkpt lat="-27.01151666666666" lon="-48.608935"><ele>9.3</ele></trkpt><trkpt lat="-27.01151666666666" lon="-48.608935"><ele>9.3</ele></trkpt><trkpt lat="-27.01151666666666" lon="-48.608935"><ele>9.3</ele></trkpt><trkpt lat="-27.01151666666666" lon="-48.608935"><ele>9.3</ele></trkpt><trkpt lat="-27.01151666666666" lon="-48.608935"><ele>9.3</ele></trkpt><trkpt lat="-27.01151666666666" lon="-48.608935"><ele>9.3</ele></trkpt><trkpt lat="-27.01151666666666" lon="-48.608935"><ele>9.3</ele></trkpt><trkpt lat="-27.01151666666666" lon="-48.608935"><ele>9.3</ele></trkpt><trkpt lat="-27.011493333333338" lon="-48.60895333333333"><ele>13.2</ele></trkpt><trkpt lat="-27.011490000000002" lon="-48.60893833333333"><ele>12.799999999999999</ele></trkpt><trkpt lat="-27.011488333333332" lon="-48.60893166666666"><ele>12.7</ele></trkpt><trkpt lat="-27.011486666666663" lon="-48.608925"><ele>12.5</ele></trkpt><trkpt lat="-27.011485" lon="-48.60892333333333"><ele>12.4</ele></trkpt><trkpt lat="-27.011488333333332" lon="-48.60892166666666"><ele>12.1</ele></trkpt><trkpt lat="-27.011488333333332" lon="-48.60892166666666"><ele>12.1</ele></trkpt><trkpt lat="-27.011493333333338" lon="-48.608916666666666"><ele>11.799999999999999</ele></trkpt><trkpt lat="-27.01149666666667" lon="-48.60891333333334"><ele>11.5</ele></trkpt><trkpt lat="-27.011501666666664" lon="-48.60891166666667"><ele>11.4</ele></trkpt><trkpt lat="-27.011503333333334" lon="-48.60891"><ele>11.4</ele></trkpt><trkpt lat="-27.0115" lon="-48.60892833333334"><ele>11.1</ele></trkpt><trkpt lat="-27.011498333333332" lon="-48.60893333333333"><ele>10.7</ele></trkpt><trkpt lat="-27.011505000000003" lon="-48.608943333333336"><ele>10.5</ele></trkpt><trkpt lat="-27.011508333333335" lon="-48.60894666666666"><ele>10.299999999999999</ele></trkpt><trkpt lat="-27.011508333333335" lon="-48.60894666666666"><ele>10.299999999999999</ele></trkpt><trkpt lat="-27.011511666666667" lon="-48.60894499999999"><ele>10</ele></trkpt><trkpt lat="-27.011511666666667" lon="-48.60894499999999"><ele>9.7</ele></trkpt><trkpt lat="-27.011515" lon="-48.608943333333336"><ele>9.4</ele></trkpt><trkpt lat="-27.011515" lon="-48.608943333333336"><ele>9.4</ele></trkpt><trkpt lat="-27.011515" lon="-48.608943333333336"><ele>9.4</ele></trkpt><trkpt lat="-27.011515" lon="-48.608943333333336"><ele>9.4</ele></trkpt><trkpt lat="-27.011515" lon="-48.608943333333336"><ele>9.4</ele></trkpt><trkpt lat="-27.011515" lon="-48.608943333333336"><ele>9.4</ele></trkpt><trkpt lat="-27.011535000000002" lon="-48.60894499999999"><ele>8.7</ele></trkpt><trkpt lat="-27.011536666666665" lon="-48.60894666666666"><ele>9</ele></trkpt><trkpt lat="-27.011538333333338" lon="-48.60895000000001"><ele>8.9</ele></trkpt><trkpt lat="-27.01154" lon="-48.60894833333334"><ele>8.8</ele></trkpt><trkpt lat="-27.01154166666667" lon="-48.60894666666666"><ele>8.7</ele></trkpt><trkpt lat="-27.011545" lon="-48.60894833333334"><ele>8.7</ele></trkpt><trkpt lat="-27.011551666666666" lon="-48.60895000000001"><ele>8.5</ele></trkpt><trkpt lat="-27.01156" lon="-48.60895000000001"><ele>8.4</ele></trkpt><trkpt lat="-27.01156" lon="-48.60895000000001"><ele>8.4</ele></trkpt><trkpt lat="-27.01156" lon="-48.60895000000001"><ele>8.4</ele></trkpt><trkpt lat="-27.011565000000004" lon="-48.60895000000001"><ele>7.800000000000001</ele></trkpt><trkpt lat="-27.011575" lon="-48.60894833333334"><ele>7.300000000000001</ele></trkpt><trkpt lat="-27.011581666666665" lon="-48.60894666666666"><ele>6.800000000000001</ele></trkpt><trkpt lat="-27.011583333333338" lon="-48.60895000000001"><ele>6.300000000000001</ele></trkpt><trkpt lat="-27.011583333333338" lon="-48.60895000000001"><ele>5.699999999999999</ele></trkpt><trkpt lat="-27.01158666666667" lon="-48.60895166666666"><ele>5.699999999999999</ele></trkpt><trkpt lat="-27.011595000000003" lon="-48.60895333333333"><ele>5.6</ele></trkpt><trkpt lat="-27.011599999999998" lon="-48.60895333333333"><ele>5.6</ele></trkpt><trkpt lat="-27.011601666666667" lon="-48.60895333333333"><ele>5.6</ele></trkpt><trkpt lat="-27.011599999999998" lon="-48.608955"><ele>5.5</ele></trkpt><trkpt lat="-27.011598333333335" lon="-48.60895666666667"><ele>5.5</ele></trkpt><trkpt lat="-27.011598333333335" lon="-48.60895833333334"><ele>5.5</ele></trkpt><trkpt lat="-27.011598333333335" lon="-48.60895833333334"><ele>5.5</ele></trkpt><trkpt lat="-27.011598333333335" lon="-48.60895833333334"><ele>5.5</ele></trkpt><trkpt lat="-27.011598333333335" lon="-48.60895333333333"><ele>5.2</ele></trkpt><trkpt lat="-27.01160333333333" lon="-48.60895166666666"><ele>5.2</ele></trkpt><trkpt lat="-27.011611666666667" lon="-48.60895166666666"><ele>5.2</ele></trkpt><trkpt lat="-27.011626666666665" lon="-48.608961666666666"><ele>4.9</ele></trkpt><trkpt lat="-27.011651666666662" lon="-48.608963333333335"><ele>4.800000000000001</ele></trkpt><trkpt lat="-27.011675" lon="-48.608965000000005"><ele>5</ele></trkpt><trkpt lat="-27.011695" lon="-48.60897166666667"><ele>4.6</ele></trkpt><trkpt lat="-27.01170833333333" lon="-48.60897666666666"><ele>4.1</ele></trkpt><trkpt lat="-27.01170833333333" lon="-48.60898"><ele>4.1</ele></trkpt><trkpt lat="-27.01170666666667" lon="-48.60897833333333"><ele>4</ele></trkpt><trkpt lat="-27.011705" lon="-48.60897833333333"><ele>4</ele></trkpt><trkpt lat="-27.011705" lon="-48.60897833333333"><ele>4</ele></trkpt><trkpt lat="-27.011703333333337" lon="-48.60897833333333"><ele>4.2</ele></trkpt><trkpt lat="-27.011701666666667" lon="-48.60897833333333"><ele>4.4</ele></trkpt><trkpt lat="-27.011701666666667" lon="-48.60897666666666"><ele>4.300000000000001</ele></trkpt><trkpt lat="-27.011701666666667" lon="-48.60897333333334"><ele>4.300000000000001</ele></trkpt><trkpt lat="-27.011701666666667" lon="-48.60897333333334"><ele>4.300000000000001</ele></trkpt><trkpt lat="-27.011703333333337" lon="-48.60897"><ele>4</ele></trkpt><trkpt lat="-27.011705" lon="-48.60897"><ele>4</ele></trkpt><trkpt lat="-27.01170666666667" lon="-48.60896833333333"><ele>4.1</ele></trkpt><trkpt lat="-27.01170666666667" lon="-48.60896833333333"><ele>4.1</ele></trkpt><trkpt lat="-27.01170666666667" lon="-48.60896833333333"><ele>4.1</ele></trkpt><trkpt lat="-27.01170666666667" lon="-48.60896833333333"><ele>4.1</ele></trkpt><trkpt lat="-27.01170666666667" lon="-48.60896833333333"><ele>4.1</ele></trkpt><trkpt lat="-27.01170666666667" lon="-48.60896833333333"><ele>4.1</ele></trkpt><trkpt lat="-27.01170666666667" lon="-48.60896833333333"><ele>4.1</ele></trkpt><trkpt lat="-27.01170666666667" lon="-48.60896833333333"><ele>4.1</ele></trkpt><trkpt lat="-27.01170666666667" lon="-48.60896833333333"><ele>4.1</ele></trkpt><trkpt lat="-27.01170666666667" lon="-48.60896833333333"><ele>4.1</ele></trkpt><trkpt lat="-27.01170666666667" lon="-48.60896833333333"><ele>4.1</ele></trkpt><trkpt lat="-27.01170666666667" lon="-48.60896833333333"><ele>4.1</ele></trkpt><trkpt lat="-27.011701666666667" lon="-48.60897166666667"><ele>5.6</ele></trkpt><trkpt lat="-27.011701666666667" lon="-48.60897666666666"><ele>5.699999999999999</ele></trkpt><trkpt lat="-27.011698333333335" lon="-48.608974999999994"><ele>5.800000000000001</ele></trkpt><trkpt lat="-27.011696666666662" lon="-48.60898"><ele>6.1</ele></trkpt><trkpt lat="-27.011696666666662" lon="-48.60898"><ele>6.1</ele></trkpt><trkpt lat="-27.011696666666662" lon="-48.60898"><ele>6.1</ele></trkpt><trkpt lat="-27.011696666666662" lon="-48.60898"><ele>6.1</ele></trkpt><trkpt lat="-27.011731666666666" lon="-48.60898166666666"><ele>6.300000000000001</ele></trkpt><trkpt lat="-27.011743333333335" lon="-48.60898333333333"><ele>5.1</ele></trkpt><trkpt lat="-27.011756666666663" lon="-48.608988333333336"><ele>4.9</ele></trkpt><trkpt lat="-27.011768333333332" lon="-48.60899333333334"><ele>5</ele></trkpt><trkpt lat="-27.011779999999998" lon="-48.609004999999996"><ele>4.300000000000001</ele></trkpt><trkpt lat="-27.011786666666662" lon="-48.60902333333333"><ele>4.1</ele></trkpt><trkpt lat="-27.011785" lon="-48.60904000000001"><ele>3.8000000000000003</ele></trkpt><trkpt lat="-27.011785" lon="-48.60905833333333"><ele>3.7</ele></trkpt><trkpt lat="-27.011793333333337" lon="-48.609075"><ele>3.7</ele></trkpt><trkpt lat="-27.01179833333333" lon="-48.60909"><ele>4.2</ele></trkpt><trkpt lat="-27.01181166666667" lon="-48.609096666666666"><ele>3.8000000000000003</ele></trkpt><trkpt lat="-27.01183" lon="-48.60908666666666"><ele>3.6</ele></trkpt><trkpt lat="-27.011838333333337" lon="-48.60907166666666"><ele>3.2</ele></trkpt><trkpt lat="-27.011831666666662" lon="-48.609051666666666"><ele>3.1</ele></trkpt><trkpt lat="-27.011815000000002" lon="-48.609025"><ele>3.2</ele></trkpt><trkpt lat="-27.011789999999998" lon="-48.609006666666666"><ele>3.3</ele></trkpt><trkpt lat="-27.011761666666665" lon="-48.60899166666666"><ele>3.8000000000000003</ele></trkpt><trkpt lat="-27.011734999999998" lon="-48.60898999999999"><ele>4.1</ele></trkpt><trkpt lat="-27.01172" lon="-48.60897166666667"><ele>4.9</ele></trkpt><trkpt lat="-27.011715000000002" lon="-48.60894833333334"><ele>5.4</ele></trkpt><trkpt lat="-27.011715000000002" lon="-48.60894833333334"><ele>5.4</ele></trkpt><trkpt lat="-27.01172166666667" lon="-48.60893666666666"><ele>5.300000000000001</ele></trkpt><trkpt lat="-27.011728333333334" lon="-48.60893166666666"><ele>5.300000000000001</ele></trkpt><trkpt lat="-27.01173833333333" lon="-48.60893333333333"><ele>5.300000000000001</ele></trkpt><trkpt lat="-27.01175333333333" lon="-48.608943333333336"><ele>5.2</ele></trkpt><trkpt lat="-27.01176666666667" lon="-48.60894499999999"><ele>5.300000000000001</ele></trkpt><trkpt lat="-27.011771666666665" lon="-48.60895166666666"><ele>5.300000000000001</ele></trkpt><trkpt lat="-27.011774999999997" lon="-48.60895333333333"><ele>5.6</ele></trkpt><trkpt lat="-27.011778333333336" lon="-48.60895333333333"><ele>5.9</ele></trkpt><trkpt lat="-27.011773333333334" lon="-48.608955"><ele>6.199999999999999</ele></trkpt><trkpt lat="-27.011771666666665" lon="-48.60895333333333"><ele>6.4</ele></trkpt><trkpt lat="-27.011774999999997" lon="-48.608955"><ele>6.4</ele></trkpt><trkpt lat="-27.011779999999998" lon="-48.60895666666667"><ele>6.6</ele></trkpt><trkpt lat="-27.011779999999998" lon="-48.60895666666667"><ele>6.6</ele></trkpt><trkpt lat="-27.011788333333335" lon="-48.608963333333335"><ele>7</ele></trkpt><trkpt lat="-27.011801666666663" lon="-48.60897333333334"><ele>7</ele></trkpt><trkpt lat="-27.011815000000002" lon="-48.60899500000001"><ele>6.9</ele></trkpt><trkpt lat="-27.011831666666662" lon="-48.60899833333333"><ele>6.6</ele></trkpt><trkpt lat="-27.011855" lon="-48.609"><ele>6.300000000000001</ele></trkpt><trkpt lat="-27.011881666666667" lon="-48.60900333333334"><ele>6.6</ele></trkpt><trkpt lat="-27.01189833333334" lon="-48.609008333333335"><ele>7.699999999999999</ele></trkpt><trkpt lat="-27.01192" lon="-48.60901166666666"><ele>6.699999999999999</ele></trkpt><trkpt lat="-27.011950000000002" lon="-48.609019999999994"><ele>6.5</ele></trkpt><trkpt lat="-27.011984999999996" lon="-48.609025"><ele>6.6</ele></trkpt><trkpt lat="-27.011984999999996" lon="-48.609025"><ele>6.6</ele></trkpt><trkpt lat="-27.012011666666663" lon="-48.609033333333336"><ele>7.4</ele></trkpt><trkpt lat="-27.01203666666667" lon="-48.60904166666666"><ele>6.9</ele></trkpt><trkpt lat="-27.012058333333336" lon="-48.609045"><ele>5.9</ele></trkpt><trkpt lat="-27.01207" lon="-48.609045"><ele>5.2</ele></trkpt><trkpt lat="-27.012074999999996" lon="-48.60904166666666"><ele>4.9</ele></trkpt><trkpt lat="-27.012071666666664" lon="-48.609033333333336"><ele>4.800000000000001</ele></trkpt><trkpt lat="-27.012071666666664" lon="-48.609033333333336"><ele>4.800000000000001</ele></trkpt><trkpt lat="-27.01207" lon="-48.60903833333334"><ele>4.800000000000001</ele></trkpt><trkpt lat="-27.01206666666667" lon="-48.60904333333333"><ele>5.1</ele></trkpt><trkpt lat="-27.012071666666664" lon="-48.609051666666666"><ele>5.300000000000001</ele></trkpt><trkpt lat="-27.012076666666665" lon="-48.60906166666667"><ele>5.699999999999999</ele></trkpt><trkpt lat="-27.012095" lon="-48.609075"><ele>5.9</ele></trkpt><trkpt lat="-27.012108333333337" lon="-48.60908166666666"><ele>6.1</ele></trkpt><trkpt lat="-27.01214333333333" lon="-48.60908666666666"><ele>7.199999999999999</ele></trkpt><trkpt lat="-27.012178333333335" lon="-48.609094999999996"><ele>8.3</ele></trkpt><trkpt lat="-27.012209999999996" lon="-48.60910666666667"><ele>8.6</ele></trkpt><trkpt lat="-27.012238333333336" lon="-48.60911833333333"><ele>8.9</ele></trkpt><trkpt lat="-27.012268333333335" lon="-48.60913166666666"><ele>9.3</ele></trkpt><trkpt lat="-27.012301666666666" lon="-48.60913333333333"><ele>11.1</ele></trkpt><trkpt lat="-27.012340000000002" lon="-48.60913166666666"><ele>13.4</ele></trkpt><trkpt lat="-27.012375" lon="-48.60913000000001"><ele>15.299999999999999</ele></trkpt><trkpt lat="-27.012415" lon="-48.60913333333333"><ele>15.6</ele></trkpt><trkpt lat="-27.012449999999998" lon="-48.60913833333334"><ele>15.9</ele></trkpt><trkpt lat="-27.012490000000003" lon="-48.60913666666667"><ele>16.8</ele></trkpt><trkpt lat="-27.012521666666665" lon="-48.609145000000005"><ele>16.6</ele></trkpt><trkpt lat="-27.01255" lon="-48.60915833333333"><ele>15.9</ele></trkpt><trkpt lat="-27.012578333333334" lon="-48.60916999999999"><ele>15.799999999999999</ele></trkpt><trkpt lat="-27.012605" lon="-48.60918"><ele>15.4</ele></trkpt><trkpt lat="-27.012625000000003" lon="-48.609185"><ele>14.9</ele></trkpt><trkpt lat="-27.012626666666666" lon="-48.609185"><ele>13.799999999999999</ele></trkpt><trkpt lat="-27.012623333333334" lon="-48.60918166666667"><ele>13.7</ele></trkpt><trkpt lat="-27.012623333333334" lon="-48.60918166666667"><ele>13.7</ele></trkpt><trkpt lat="-27.012616666666666" lon="-48.60917500000001"><ele>13.5</ele></trkpt><trkpt lat="-27.01261833333333" lon="-48.60917166666666"><ele>13.299999999999999</ele></trkpt><trkpt lat="-27.012625000000003" lon="-48.60916666666667"><ele>12.9</ele></trkpt><trkpt lat="-27.012628333333335" lon="-48.609165"><ele>12.5</ele></trkpt><trkpt lat="-27.012629999999998" lon="-48.60916"><ele>12.1</ele></trkpt><trkpt lat="-27.012628333333335" lon="-48.609154999999994"><ele>11.9</ele></trkpt><trkpt lat="-27.012628333333335" lon="-48.609154999999994"><ele>11.9</ele></trkpt><trkpt lat="-27.012625000000003" lon="-48.60915166666667"><ele>11.7</ele></trkpt><trkpt lat="-27.012629999999998" lon="-48.60915"><ele>11.6</ele></trkpt><trkpt lat="-27.01263833333333" lon="-48.60915166666667"><ele>11.1</ele></trkpt><trkpt lat="-27.012655000000002" lon="-48.609154999999994"><ele>11.299999999999999</ele></trkpt><trkpt lat="-27.012673333333336" lon="-48.60916"><ele>11.4</ele></trkpt><trkpt lat="-27.012673333333336" lon="-48.60916"><ele>11.4</ele></trkpt><trkpt lat="-27.012695" lon="-48.609165"><ele>11.5</ele></trkpt><trkpt lat="-27.012713333333334" lon="-48.60917166666666"><ele>11.6</ele></trkpt><trkpt lat="-27.01272333333333" lon="-48.60917833333333"><ele>11.5</ele></trkpt><trkpt lat="-27.01273" lon="-48.60918333333334"><ele>11.4</ele></trkpt><trkpt lat="-27.01273" lon="-48.609188333333336"><ele>11</ele></trkpt><trkpt lat="-27.01272833333333" lon="-48.60919333333333"><ele>10.6</ele></trkpt><trkpt lat="-27.01272333333333" lon="-48.609199999999994"><ele>10.2</ele></trkpt><trkpt lat="-27.012721666666668" lon="-48.609205"><ele>9.6</ele></trkpt><trkpt lat="-27.012719999999998" lon="-48.60921333333334"><ele>9</ele></trkpt><trkpt lat="-27.012725" lon="-48.60921833333334"><ele>8.8</ele></trkpt><trkpt lat="-27.012725" lon="-48.60921833333334"><ele>8.8</ele></trkpt><trkpt lat="-27.01272833333333" lon="-48.609225"><ele>8.7</ele></trkpt><trkpt lat="-27.01273" lon="-48.60923"><ele>8.8</ele></trkpt><trkpt lat="-27.012731666666664" lon="-48.609235000000005"><ele>9</ele></trkpt><trkpt lat="-27.01274" lon="-48.609233333333336"><ele>9.4</ele></trkpt><trkpt lat="-27.012748333333334" lon="-48.609233333333336"><ele>8.2</ele></trkpt><trkpt lat="-27.012760000000004" lon="-48.609231666666666"><ele>7.5</ele></trkpt><trkpt lat="-27.012778333333337" lon="-48.60922333333333"><ele>7.199999999999999</ele></trkpt><trkpt lat="-27.01279833333333" lon="-48.60921666666666"><ele>6.699999999999999</ele></trkpt><trkpt lat="-27.012818333333332" lon="-48.60921666666666"><ele>6.4</ele></trkpt><trkpt lat="-27.012831666666663" lon="-48.60921666666666"><ele>5.699999999999999</ele></trkpt><trkpt lat="-27.012845000000002" lon="-48.60921499999999"><ele>5.300000000000001</ele></trkpt><trkpt lat="-27.012846666666665" lon="-48.60921499999999"><ele>4.800000000000001</ele></trkpt><trkpt lat="-27.012846666666665" lon="-48.60921499999999"><ele>4.800000000000001</ele></trkpt><trkpt lat="-27.012848333333334" lon="-48.60921"><ele>4.7</ele></trkpt><trkpt lat="-27.012846666666665" lon="-48.60920833333333"><ele>4.800000000000001</ele></trkpt><trkpt lat="-27.012839999999997" lon="-48.60920666666666"><ele>4.6</ele></trkpt><trkpt lat="-27.012838333333335" lon="-48.60920333333333"><ele>4.300000000000001</ele></trkpt><trkpt lat="-27.012839999999997" lon="-48.609201666666664"><ele>4</ele></trkpt><trkpt lat="-27.01284333333333" lon="-48.60920666666666"><ele>3.9</ele></trkpt><trkpt lat="-27.012845000000002" lon="-48.60921333333334"><ele>3.6</ele></trkpt><trkpt lat="-27.012845000000002" lon="-48.60921333333334"><ele>3.6</ele></trkpt><trkpt lat="-27.012845000000002" lon="-48.60920666666666"><ele>3.5</ele></trkpt><trkpt lat="-27.012846666666665" lon="-48.60920666666666"><ele>3</ele></trkpt><trkpt lat="-27.01286" lon="-48.609205"><ele>3.1</ele></trkpt><trkpt lat="-27.012881666666665" lon="-48.60921166666667"><ele>3.2</ele></trkpt><trkpt lat="-27.01290333333333" lon="-48.60922166666666"><ele>4.300000000000001</ele></trkpt><trkpt lat="-27.012931666666667" lon="-48.609231666666666"><ele>5</ele></trkpt><trkpt lat="-27.012936666666665" lon="-48.609246666666664"><ele>4.7</ele></trkpt><trkpt lat="-27.012946666666668" lon="-48.60925666666667"><ele>4.4</ele></trkpt><trkpt lat="-27.012951666666662" lon="-48.60928166666666"><ele>4.5</ele></trkpt><trkpt lat="-27.01295" lon="-48.60932"><ele>5</ele></trkpt><trkpt lat="-27.01293333333333" lon="-48.60935333333334"><ele>5.800000000000001</ele></trkpt><trkpt lat="-27.012923333333333" lon="-48.60937833333334"><ele>5.9</ele></trkpt><trkpt lat="-27.01291" lon="-48.609413333333336"><ele>6</ele></trkpt><trkpt lat="-27.0129" lon="-48.60943666666667"><ele>6.1</ele></trkpt><trkpt lat="-27.012886666666667" lon="-48.60947666666666"><ele>6.300000000000001</ele></trkpt><trkpt lat="-27.01287333333333" lon="-48.609516666666664"><ele>6.300000000000001</ele></trkpt><trkpt lat="-27.012863333333332" lon="-48.609559999999995"><ele>7</ele></trkpt><trkpt lat="-27.012855" lon="-48.609595000000006"><ele>6.9</ele></trkpt><trkpt lat="-27.012848333333334" lon="-48.60963166666667"><ele>6.699999999999999</ele></trkpt><trkpt lat="-27.012845000000002" lon="-48.60965666666666"><ele>6.699999999999999</ele></trkpt><trkpt lat="-27.012836666666665" lon="-48.60968833333333"><ele>6.699999999999999</ele></trkpt><trkpt lat="-27.01282666666667" lon="-48.60972"><ele>6.800000000000001</ele></trkpt><trkpt lat="-27.01282" lon="-48.609761666666664"><ele>7.5</ele></trkpt><trkpt lat="-27.01282" lon="-48.60979999999999"><ele>7.1</ele></trkpt><trkpt lat="-27.012833333333333" lon="-48.609833333333334"><ele>7.4</ele></trkpt><trkpt lat="-27.012853333333336" lon="-48.60984499999999"><ele>8.1</ele></trkpt><trkpt lat="-27.01287" lon="-48.60983833333333"><ele>9.2</ele></trkpt><trkpt lat="-27.012883333333335" lon="-48.60981333333334"><ele>10.1</ele></trkpt><trkpt lat="-27.012881666666665" lon="-48.609775000000006"><ele>10.5</ele></trkpt><trkpt lat="-27.012884999999997" lon="-48.60973666666667"><ele>10.9</ele></trkpt><trkpt lat="-27.012883333333335" lon="-48.60969333333334"><ele>10.5</ele></trkpt><trkpt lat="-27.012884999999997" lon="-48.609655000000004"><ele>10.4</ele></trkpt><trkpt lat="-27.012881666666665" lon="-48.60961666666667"><ele>10.2</ele></trkpt><trkpt lat="-27.012881666666665" lon="-48.60958000000001"><ele>10.2</ele></trkpt><trkpt lat="-27.01288833333333" lon="-48.60954333333334"><ele>9.5</ele></trkpt><trkpt lat="-27.012895000000004" lon="-48.60950666666666"><ele>8.9</ele></trkpt><trkpt lat="-27.012905" lon="-48.609473333333334"><ele>8.8</ele></trkpt><trkpt lat="-27.01291666666667" lon="-48.609435"><ele>8.9</ele></trkpt><trkpt lat="-27.012923333333333" lon="-48.60939499999999"><ele>8.4</ele></trkpt><trkpt lat="-27.012931666666667" lon="-48.60936166666667"><ele>8.1</ele></trkpt><trkpt lat="-27.012941666666666" lon="-48.60932833333333"><ele>8.1</ele></trkpt><trkpt lat="-27.012945" lon="-48.60929666666666"><ele>8.2</ele></trkpt><trkpt lat="-27.01294833333333" lon="-48.60926500000001"><ele>8.1</ele></trkpt><trkpt lat="-27.012956666666664" lon="-48.609235000000005"><ele>8.3</ele></trkpt><trkpt lat="-27.012974999999997" lon="-48.60921"><ele>7.9</ele></trkpt><trkpt lat="-27.01299333333333" lon="-48.60919666666667"><ele>7.699999999999999</ele></trkpt><trkpt lat="-27.013018333333335" lon="-48.609185"><ele>8.1</ele></trkpt><trkpt lat="-27.013035" lon="-48.609185"><ele>7.5</ele></trkpt><trkpt lat="-27.01304" lon="-48.609185"><ele>7.300000000000001</ele></trkpt><trkpt lat="-27.013033333333336" lon="-48.609186666666666"><ele>7.1</ele></trkpt><trkpt lat="-27.013030000000004" lon="-48.60918333333334"><ele>6.9</ele></trkpt><trkpt lat="-27.013028333333335" lon="-48.60918166666667"><ele>6.9</ele></trkpt><trkpt lat="-27.013028333333335" lon="-48.60918"><ele>7.1</ele></trkpt><trkpt lat="-27.013025000000003" lon="-48.609188333333336"><ele>7.1</ele></trkpt><trkpt lat="-27.013021666666667" lon="-48.60919666666667"><ele>7.1</ele></trkpt><trkpt lat="-27.013033333333336" lon="-48.60919666666667"><ele>7.199999999999999</ele></trkpt><trkpt lat="-27.013033333333336" lon="-48.609199999999994"><ele>7.300000000000001</ele></trkpt><trkpt lat="-27.013036666666668" lon="-48.60919666666667"><ele>7.199999999999999</ele></trkpt><trkpt lat="-27.013036666666668" lon="-48.60919166666666"><ele>7.199999999999999</ele></trkpt><trkpt lat="-27.01303833333333" lon="-48.609186666666666"><ele>7.199999999999999</ele></trkpt><trkpt lat="-27.01303833333333" lon="-48.609186666666666"><ele>7.199999999999999</ele></trkpt><trkpt lat="-27.01303833333333" lon="-48.609186666666666"><ele>7.199999999999999</ele></trkpt><trkpt lat="-27.01303833333333" lon="-48.609186666666666"><ele>7.199999999999999</ele></trkpt><trkpt lat="-27.01303833333333" lon="-48.609186666666666"><ele>7.199999999999999</ele></trkpt><trkpt lat="-27.01303833333333" lon="-48.609186666666666"><ele>7.199999999999999</ele></trkpt><trkpt lat="-27.01303833333333" lon="-48.609186666666666"><ele>7.199999999999999</ele></trkpt><trkpt lat="-27.01303833333333" lon="-48.609186666666666"><ele>7.199999999999999</ele></trkpt><trkpt lat="-27.01303833333333" lon="-48.609186666666666"><ele>7.199999999999999</ele></trkpt><trkpt lat="-27.01303833333333" lon="-48.609186666666666"><ele>7.199999999999999</ele></trkpt><trkpt lat="-27.01303833333333" lon="-48.609186666666666"><ele>7.199999999999999</ele></trkpt><trkpt lat="-27.01303833333333" lon="-48.609186666666666"><ele>7.199999999999999</ele></trkpt><trkpt lat="-27.01303833333333" lon="-48.609186666666666"><ele>7.199999999999999</ele></trkpt><trkpt lat="-27.01303833333333" lon="-48.609186666666666"><ele>7.199999999999999</ele></trkpt><trkpt lat="-27.01303833333333" lon="-48.609186666666666"><ele>7.199999999999999</ele></trkpt><trkpt lat="-27.01303833333333" lon="-48.609186666666666"><ele>7.199999999999999</ele></trkpt><trkpt lat="-27.01303833333333" lon="-48.609186666666666"><ele>7.199999999999999</ele></trkpt><trkpt lat="-27.01303833333333" lon="-48.609186666666666"><ele>7.199999999999999</ele></trkpt><trkpt lat="-27.01303833333333" lon="-48.609186666666666"><ele>7.199999999999999</ele></trkpt><trkpt lat="-27.01303833333333" lon="-48.609186666666666"><ele>7.199999999999999</ele></trkpt><trkpt lat="-27.01303833333333" lon="-48.609186666666666"><ele>7.199999999999999</ele></trkpt><trkpt lat="-27.01303833333333" lon="-48.609186666666666"><ele>7.199999999999999</ele></trkpt><trkpt lat="-27.01303833333333" lon="-48.609186666666666"><ele>7.199999999999999</ele></trkpt><trkpt lat="-27.01303833333333" lon="-48.609186666666666"><ele>7.199999999999999</ele></trkpt><trkpt lat="-27.01303833333333" lon="-48.609186666666666"><ele>7.199999999999999</ele></trkpt><trkpt lat="-27.01303833333333" lon="-48.609186666666666"><ele>7.199999999999999</ele></trkpt><trkpt lat="-27.013073333333335" lon="-48.60916"><ele>8.9</ele></trkpt><trkpt lat="-27.013073333333335" lon="-48.60916166666666"><ele>8.1</ele></trkpt><trkpt lat="-27.013073333333335" lon="-48.60916166666666"><ele>7.5</ele></trkpt><trkpt lat="-27.013078333333336" lon="-48.60917833333333"><ele>7.4</ele></trkpt><trkpt lat="-27.013078333333336" lon="-48.60917833333333"><ele>7.4</ele></trkpt><trkpt lat="-27.013078333333336" lon="-48.60917833333333"><ele>7.4</ele></trkpt><trkpt lat="-27.013078333333336" lon="-48.60917833333333"><ele>7.4</ele></trkpt><trkpt lat="-27.013078333333336" lon="-48.60917833333333"><ele>7.4</ele></trkpt><trkpt lat="-27.013060000000003" lon="-48.60916999999999"><ele>8.3</ele></trkpt><trkpt lat="-27.013061666666665" lon="-48.609165"><ele>8.3</ele></trkpt><trkpt lat="-27.013066666666667" lon="-48.60916333333333"><ele>8.3</ele></trkpt><trkpt lat="-27.013076666666667" lon="-48.60916333333333"><ele>8.4</ele></trkpt><trkpt lat="-27.013090000000002" lon="-48.60916666666667"><ele>8.3</ele></trkpt><trkpt lat="-27.013116666666665" lon="-48.60917666666666"><ele>8</ele></trkpt><trkpt lat="-27.01314" lon="-48.60918166666667"><ele>8.7</ele></trkpt><trkpt lat="-27.013156666666667" lon="-48.609186666666666"><ele>7.9</ele></trkpt><trkpt lat="-27.013178333333332" lon="-48.609188333333336"><ele>7.6</ele></trkpt><trkpt lat="-27.013196666666666" lon="-48.60919333333333"><ele>7.6</ele></trkpt><trkpt lat="-27.01320333333333" lon="-48.60919333333333"><ele>7.199999999999999</ele></trkpt><trkpt lat="-27.013210000000004" lon="-48.60919333333333"><ele>7.199999999999999</ele></trkpt><trkpt lat="-27.013210000000004" lon="-48.60919333333333"><ele>7.199999999999999</ele></trkpt><trkpt lat="-27.013211666666667" lon="-48.609195"><ele>7.1</ele></trkpt><trkpt lat="-27.013215" lon="-48.609195"><ele>7.199999999999999</ele></trkpt><trkpt lat="-27.013213333333336" lon="-48.609190000000005"><ele>7.1</ele></trkpt><trkpt lat="-27.013208333333335" lon="-48.609186666666666"><ele>7.1</ele></trkpt><trkpt lat="-27.01320333333333" lon="-48.609186666666666"><ele>6.699999999999999</ele></trkpt><trkpt lat="-27.013198333333335" lon="-48.60918333333334"><ele>6.4</ele></trkpt><trkpt lat="-27.013195000000003" lon="-48.60918333333334"><ele>6.199999999999999</ele></trkpt><trkpt lat="-27.013195000000003" lon="-48.60918333333334"><ele>6.199999999999999</ele></trkpt><trkpt lat="-27.013191666666664" lon="-48.60918333333334"><ele>6</ele></trkpt><trkpt lat="-27.013193333333334" lon="-48.60918"><ele>5.9</ele></trkpt><trkpt lat="-27.013206666666665" lon="-48.60917500000001"><ele>6.1</ele></trkpt><trkpt lat="-27.01323" lon="-48.60917833333333"><ele>6</ele></trkpt><trkpt lat="-27.013255000000004" lon="-48.609185"><ele>5.800000000000001</ele></trkpt><trkpt lat="-27.01327666666667" lon="-48.60918333333334"><ele>5.6</ele></trkpt><trkpt lat="-27.013301666666667" lon="-48.609188333333336"><ele>5.5</ele></trkpt><trkpt lat="-27.013323333333332" lon="-48.60918"><ele>5</ele></trkpt><trkpt lat="-27.013336666666667" lon="-48.60919166666666"><ele>4.300000000000001</ele></trkpt><trkpt lat="-27.01335166666667" lon="-48.60919333333333"><ele>3.9</ele></trkpt><trkpt lat="-27.013359999999995" lon="-48.60922000000001"><ele>2</ele></trkpt><trkpt lat="-27.013368333333332" lon="-48.609233333333336"><ele>1.2000000000000002</ele></trkpt><trkpt lat="-27.013368333333332" lon="-48.609233333333336"><ele>1.2000000000000002</ele></trkpt><trkpt lat="-27.013378333333335" lon="-48.60923666666666"><ele>1.1</ele></trkpt><trkpt lat="-27.01338333333333" lon="-48.60922000000001"><ele>1.4000000000000001</ele></trkpt><trkpt lat="-27.01338333333333" lon="-48.60921666666666"><ele>1.1</ele></trkpt><trkpt lat="-27.013381666666668" lon="-48.60921"><ele>1.1</ele></trkpt><trkpt lat="-27.013381666666668" lon="-48.60921"><ele>1.1</ele></trkpt><trkpt lat="-27.013379999999998" lon="-48.60921"><ele>1.4000000000000001</ele></trkpt><trkpt lat="-27.013386666666666" lon="-48.60921333333334"><ele>1.9000000000000001</ele></trkpt><trkpt lat="-27.013386666666666" lon="-48.60921166666667"><ele>1.8</ele></trkpt><trkpt lat="-27.013388333333335" lon="-48.60921333333334"><ele>1.3</ele></trkpt><trkpt lat="-27.013388333333335" lon="-48.60921499999999"><ele>0.9000000000000001</ele></trkpt><trkpt lat="-27.013386666666666" lon="-48.60922000000001"><ele>0.6000000000000001</ele></trkpt><trkpt lat="-27.013386666666666" lon="-48.60922000000001"><ele>0.6000000000000001</ele></trkpt><trkpt lat="-27.013391666666667" lon="-48.60921833333334"><ele>0.7000000000000001</ele></trkpt><trkpt lat="-27.01339666666667" lon="-48.60921499999999"><ele>0.7000000000000001</ele></trkpt><trkpt lat="-27.013403333333333" lon="-48.60921333333334"><ele>1.1</ele></trkpt><trkpt lat="-27.013416666666664" lon="-48.60921333333334"><ele>1.5</ele></trkpt><trkpt lat="-27.013434999999998" lon="-48.60921666666666"><ele>2</ele></trkpt><trkpt lat="-27.013458333333332" lon="-48.60922333333333"><ele>2.7</ele></trkpt><trkpt lat="-27.013481666666667" lon="-48.609225"><ele>2.9000000000000004</ele></trkpt><trkpt lat="-27.01350166666667" lon="-48.609233333333336"><ele>3</ele></trkpt><trkpt lat="-27.013526666666667" lon="-48.60923833333333"><ele>3.8000000000000003</ele></trkpt><trkpt lat="-27.013526666666667" lon="-48.60923833333333"><ele>3.8000000000000003</ele></trkpt><trkpt lat="-27.01354666666667" lon="-48.60923833333333"><ele>3.9</ele></trkpt><trkpt lat="-27.013558333333336" lon="-48.60923833333333"><ele>3.4000000000000004</ele></trkpt><trkpt lat="-27.013575" lon="-48.60924166666667"><ele>3.1</ele></trkpt><trkpt lat="-27.013593333333333" lon="-48.609244999999994"><ele>3.4000000000000004</ele></trkpt><trkpt lat="-27.013606666666668" lon="-48.60924833333333"><ele>3.3</ele></trkpt><trkpt lat="-27.01362166666667" lon="-48.609246666666664"><ele>3.7</ele></trkpt><trkpt lat="-27.01362166666667" lon="-48.609246666666664"><ele>3.7</ele></trkpt><trkpt lat="-27.01363666666667" lon="-48.60925"><ele>4.2</ele></trkpt><trkpt lat="-27.013655000000004" lon="-48.609255"><ele>4.6</ele></trkpt><trkpt lat="-27.01367833333334" lon="-48.60925666666667"><ele>5.699999999999999</ele></trkpt><trkpt lat="-27.013696666666668" lon="-48.60925833333334"><ele>6.4</ele></trkpt><trkpt lat="-27.01372333333334" lon="-48.60926500000001"><ele>7.6</ele></trkpt><trkpt lat="-27.013751666666668" lon="-48.60927333333334"><ele>8.3</ele></trkpt><trkpt lat="-27.013785" lon="-48.609280000000005"><ele>8.7</ele></trkpt><trkpt lat="-27.01381666666667" lon="-48.60928666666667"><ele>9</ele></trkpt><trkpt lat="-27.013848333333332" lon="-48.60929666666666"><ele>9.1</ele></trkpt><trkpt lat="-27.01387833333333" lon="-48.60930166666667"><ele>9</ele></trkpt><trkpt lat="-27.013901666666666" lon="-48.60930166666667"><ele>8.8</ele></trkpt><trkpt lat="-27.01392166666667" lon="-48.60930499999999"><ele>8.2</ele></trkpt><trkpt lat="-27.013943333333334" lon="-48.60931166666666"><ele>7.9</ele></trkpt><trkpt lat="-27.013943333333334" lon="-48.60931166666666"><ele>7.9</ele></trkpt><trkpt lat="-27.013959999999997" lon="-48.60931833333334"><ele>7.9</ele></trkpt><trkpt lat="-27.013976666666668" lon="-48.60931833333334"><ele>7.800000000000001</ele></trkpt><trkpt lat="-27.013989999999996" lon="-48.60931833333334"><ele>7.300000000000001</ele></trkpt><trkpt lat="-27.013989999999996" lon="-48.60931833333334"><ele>7.300000000000001</ele></trkpt><trkpt lat="-27.013989999999996" lon="-48.609315"><ele>6.6</ele></trkpt><trkpt lat="-27.013993333333328" lon="-48.609315"><ele>6.4</ele></trkpt><trkpt lat="-27.014000000000003" lon="-48.60931166666666"><ele>6.300000000000001</ele></trkpt><trkpt lat="-27.014001666666665" lon="-48.60931000000001"><ele>6.199999999999999</ele></trkpt><trkpt lat="-27.01400833333333" lon="-48.60931166666666"><ele>6.6</ele></trkpt><trkpt lat="-27.014003333333335" lon="-48.60931166666666"><ele>6.6</ele></trkpt><trkpt lat="-27.014003333333335" lon="-48.60931166666666"><ele>6.6</ele></trkpt><trkpt lat="-27.014000000000003" lon="-48.609315"><ele>6.800000000000001</ele></trkpt><trkpt lat="-27.014000000000003" lon="-48.60931666666667"><ele>7.199999999999999</ele></trkpt><trkpt lat="-27.014001666666665" lon="-48.60932"><ele>7.699999999999999</ele></trkpt><trkpt lat="-27.014006666666667" lon="-48.609325000000005"><ele>8.1</ele></trkpt><trkpt lat="-27.014006666666667" lon="-48.609325000000005"><ele>8.1</ele></trkpt><trkpt lat="-27.014006666666667" lon="-48.609325000000005"><ele>8.1</ele></trkpt><trkpt lat="-27.014006666666667" lon="-48.609325000000005"><ele>8.1</ele></trkpt><trkpt lat="-27.014006666666667" lon="-48.609325000000005"><ele>8.1</ele></trkpt><trkpt lat="-27.01402333333333" lon="-48.60933"><ele>8.2</ele></trkpt><trkpt lat="-27.01402666666667" lon="-48.60933333333334"><ele>8.3</ele></trkpt><trkpt lat="-27.01403833333333" lon="-48.609336666666664"><ele>8.3</ele></trkpt><trkpt lat="-27.014045000000003" lon="-48.60933833333333"><ele>8.8</ele></trkpt><trkpt lat="-27.01407166666667" lon="-48.60934166666666"><ele>7.800000000000001</ele></trkpt><trkpt lat="-27.0141" lon="-48.609345"><ele>7.300000000000001</ele></trkpt><trkpt lat="-27.01413" lon="-48.60934999999999"><ele>6.9</ele></trkpt><trkpt lat="-27.01416" lon="-48.60934999999999"><ele>7</ele></trkpt><trkpt lat="-27.01418833333333" lon="-48.60935166666666"><ele>6.800000000000001</ele></trkpt><trkpt lat="-27.01422" lon="-48.60935166666666"><ele>7</ele></trkpt><trkpt lat="-27.01425" lon="-48.60935166666666"><ele>6.699999999999999</ele></trkpt><trkpt lat="-27.01429333333333" lon="-48.60935500000001"><ele>6.9</ele></trkpt><trkpt lat="-27.014341666666663" lon="-48.609366666666666"><ele>7.5</ele></trkpt><trkpt lat="-27.014375000000005" lon="-48.60937666666667"><ele>7.1</ele></trkpt><trkpt lat="-27.014405000000004" lon="-48.609383333333334"><ele>7.699999999999999</ele></trkpt><trkpt lat="-27.014416666666662" lon="-48.609385"><ele>7.699999999999999</ele></trkpt><trkpt lat="-27.014421666666667" lon="-48.60938666666666"><ele>7.699999999999999</ele></trkpt><trkpt lat="-27.014421666666667" lon="-48.60938666666666"><ele>7.699999999999999</ele></trkpt><trkpt lat="-27.01441833333333" lon="-48.609383333333334"><ele>7.800000000000001</ele></trkpt><trkpt lat="-27.014416666666662" lon="-48.609379999999994"><ele>8</ele></trkpt><trkpt lat="-27.01441833333333" lon="-48.60937666666667"><ele>7.6</ele></trkpt><trkpt lat="-27.014411666666668" lon="-48.60937833333334"><ele>6.9</ele></trkpt><trkpt lat="-27.014405000000004" lon="-48.60937833333334"><ele>6.4</ele></trkpt><trkpt lat="-27.014405000000004" lon="-48.60937833333334"><ele>6.4</ele></trkpt><trkpt lat="-27.014406666666666" lon="-48.609379999999994"><ele>6</ele></trkpt><trkpt lat="-27.014415" lon="-48.609385"><ele>5.6</ele></trkpt><trkpt lat="-27.014416666666662" lon="-48.60939"><ele>5.4</ele></trkpt><trkpt lat="-27.01442833333333" lon="-48.60939666666666"><ele>5.800000000000001</ele></trkpt><trkpt lat="-27.01444333333333" lon="-48.60940000000001"><ele>6</ele></trkpt><trkpt lat="-27.01446333333333" lon="-48.609405"><ele>6</ele></trkpt><trkpt lat="-27.01446333333333" lon="-48.609405"><ele>6</ele></trkpt><trkpt lat="-27.01447166666667" lon="-48.609405"><ele>5.300000000000001</ele></trkpt><trkpt lat="-27.014484999999997" lon="-48.60940666666667"><ele>4.9</ele></trkpt><trkpt lat="-27.014495000000004" lon="-48.60940833333334"><ele>4.2</ele></trkpt><trkpt lat="-27.014495000000004" lon="-48.60940166666666"><ele>4.5</ele></trkpt><trkpt lat="-27.014491666666665" lon="-48.60939499999999"><ele>4.6</ele></trkpt><trkpt lat="-27.01448833333333" lon="-48.60939166666667"><ele>4.7</ele></trkpt><trkpt lat="-27.01448833333333" lon="-48.60939166666667"><ele>4.7</ele></trkpt><trkpt lat="-27.014484999999997" lon="-48.60939333333334"><ele>4.800000000000001</ele></trkpt><trkpt lat="-27.014490000000002" lon="-48.60939666666666"><ele>4.7</ele></trkpt><trkpt lat="-27.014495000000004" lon="-48.60939499999999"><ele>5</ele></trkpt><trkpt lat="-27.014513333333337" lon="-48.60939333333334"><ele>5.2</ele></trkpt><trkpt lat="-27.014529999999997" lon="-48.60939833333334"><ele>5.5</ele></trkpt><trkpt lat="-27.014538333333334" lon="-48.60939333333334"><ele>5.5</ele></trkpt><trkpt lat="-27.01454833333333" lon="-48.60939666666666"><ele>6.300000000000001</ele></trkpt><trkpt lat="-27.01454833333333" lon="-48.60939666666666"><ele>6.300000000000001</ele></trkpt><trkpt lat="-27.014566666666664" lon="-48.60940166666666"><ele>6.800000000000001</ele></trkpt><trkpt lat="-27.014585000000004" lon="-48.60941"><ele>6.5</ele></trkpt><trkpt lat="-27.014591666666668" lon="-48.609413333333336"><ele>7</ele></trkpt><trkpt lat="-27.014596666666662" lon="-48.60942166666667"><ele>7</ele></trkpt><trkpt lat="-27.014598333333332" lon="-48.60942333333334"><ele>7.1</ele></trkpt><trkpt lat="-27.014605" lon="-48.609428333333334"><ele>7.1</ele></trkpt><trkpt lat="-27.01460666666667" lon="-48.60943166666666"><ele>7.300000000000001</ele></trkpt><trkpt lat="-27.01460666666667" lon="-48.60943166666666"><ele>7.300000000000001</ele></trkpt><trkpt lat="-27.014601666666668" lon="-48.60942333333334"><ele>7</ele></trkpt><trkpt lat="-27.014601666666668" lon="-48.60942166666667"><ele>7.199999999999999</ele></trkpt><trkpt lat="-27.014600000000005" lon="-48.609426666666664"><ele>7.699999999999999</ele></trkpt><trkpt lat="-27.014601666666668" lon="-48.609426666666664"><ele>7.9</ele></trkpt><trkpt lat="-27.014616666666665" lon="-48.60943"><ele>7.800000000000001</ele></trkpt><trkpt lat="-27.014633333333336" lon="-48.609426666666664"><ele>8.4</ele></trkpt><trkpt lat="-27.014655" lon="-48.609426666666664"><ele>8.7</ele></trkpt><trkpt lat="-27.014675000000004" lon="-48.609428333333334"><ele>8.8</ele></trkpt><trkpt lat="-27.014690000000005" lon="-48.609428333333334"><ele>8.3</ele></trkpt><trkpt lat="-27.014706666666665" lon="-48.609428333333334"><ele>7.199999999999999</ele></trkpt><trkpt lat="-27.014706666666665" lon="-48.609428333333334"><ele>7.199999999999999</ele></trkpt><trkpt lat="-27.014720000000004" lon="-48.60943"><ele>6.9</ele></trkpt><trkpt lat="-27.014733333333332" lon="-48.60943"><ele>6.199999999999999</ele></trkpt><trkpt lat="-27.014746666666664" lon="-48.609435"><ele>5.6</ele></trkpt><trkpt lat="-27.014748333333333" lon="-48.60943999999999"><ele>5</ele></trkpt><trkpt lat="-27.01474333333333" lon="-48.60944333333334"><ele>4.5</ele></trkpt><trkpt lat="-27.014748333333333" lon="-48.60944333333334"><ele>4.300000000000001</ele></trkpt><trkpt lat="-27.014756666666667" lon="-48.60944500000001"><ele>3.7</ele></trkpt><trkpt lat="-27.014756666666667" lon="-48.60944500000001"><ele>3.7</ele></trkpt><trkpt lat="-27.014761666666665" lon="-48.60944500000001"><ele>3.6</ele></trkpt><trkpt lat="-27.01477333333333" lon="-48.60944833333333"><ele>3.6</ele></trkpt><trkpt lat="-27.014780000000005" lon="-48.60944666666666"><ele>3.6</ele></trkpt><trkpt lat="-27.014783333333337" lon="-48.60944833333333"><ele>3.6</ele></trkpt><trkpt lat="-27.014788333333332" lon="-48.60944833333333"><ele>3.8000000000000003</ele></trkpt><trkpt lat="-27.014788333333332" lon="-48.60944833333333"><ele>3.8000000000000003</ele></trkpt><trkpt lat="-27.014788333333332" lon="-48.60944500000001"><ele>3.9</ele></trkpt><trkpt lat="-27.014795000000003" lon="-48.60944166666666"><ele>4.5</ele></trkpt><trkpt lat="-27.014796666666665" lon="-48.60944166666666"><ele>4.5</ele></trkpt><trkpt lat="-27.014799999999997" lon="-48.60944500000001"><ele>4.7</ele></trkpt><trkpt lat="-27.014801666666667" lon="-48.60945"><ele>4.800000000000001</ele></trkpt><trkpt lat="-27.014801666666667" lon="-48.60945"><ele>4.800000000000001</ele></trkpt><trkpt lat="-27.01480333333333" lon="-48.609458333333336"><ele>4.7</ele></trkpt><trkpt lat="-27.014808333333335" lon="-48.60946166666666"><ele>4.800000000000001</ele></trkpt><trkpt lat="-27.01481666666667" lon="-48.60946333333333"><ele>5.1</ele></trkpt><trkpt lat="-27.014828333333337" lon="-48.60946333333333"><ele>5.300000000000001</ele></trkpt><trkpt lat="-27.014850000000003" lon="-48.60946333333333"><ele>6.199999999999999</ele></trkpt><trkpt lat="-27.01487666666667" lon="-48.609465"><ele>6.6</ele></trkpt><trkpt lat="-27.014905" lon="-48.609469999999995"><ele>6.699999999999999</ele></trkpt><trkpt lat="-27.014934999999998" lon="-48.609471666666664"><ele>7.300000000000001</ele></trkpt><trkpt lat="-27.014965" lon="-48.609475"><ele>7.199999999999999</ele></trkpt><trkpt lat="-27.014988333333335" lon="-48.609473333333334"><ele>7.199999999999999</ele></trkpt><trkpt lat="-27.015013333333332" lon="-48.60947833333333"><ele>6.199999999999999</ele></trkpt><trkpt lat="-27.01504166666667" lon="-48.60948499999999"><ele>5.4</ele></trkpt><trkpt lat="-27.015064999999996" lon="-48.60949000000001"><ele>4.800000000000001</ele></trkpt><trkpt lat="-27.015098333333338" lon="-48.60949666666667"><ele>4.1</ele></trkpt><trkpt lat="-27.01513" lon="-48.609503333333336"><ele>3.8000000000000003</ele></trkpt><trkpt lat="-27.015159999999998" lon="-48.60950666666666"><ele>4</ele></trkpt><trkpt lat="-27.015184999999995" lon="-48.609516666666664"><ele>3.6</ele></trkpt><trkpt lat="-27.015184999999995" lon="-48.609516666666664"><ele>3.6</ele></trkpt><trkpt lat="-27.015213333333335" lon="-48.609516666666664"><ele>3.1</ele></trkpt><trkpt lat="-27.015235" lon="-48.609518333333334"><ele>2.4000000000000004</ele></trkpt><trkpt lat="-27.015243333333334" lon="-48.60952833333334"><ele>2</ele></trkpt><trkpt lat="-27.015248333333336" lon="-48.60952999999999"><ele>2.1</ele></trkpt><trkpt lat="-27.015248333333336" lon="-48.60952999999999"><ele>2.1</ele></trkpt><trkpt lat="-27.015238333333333" lon="-48.60952333333333"><ele>1.7000000000000002</ele></trkpt><trkpt lat="-27.01523666666667" lon="-48.609516666666664"><ele>1.9000000000000001</ele></trkpt><trkpt lat="-27.015235" lon="-48.609516666666664"><ele>2.4000000000000004</ele></trkpt><trkpt lat="-27.015233333333338" lon="-48.60951333333334"><ele>2.5</ele></trkpt><trkpt lat="-27.015229999999995" lon="-48.60951166666667"><ele>2.6</ele></trkpt><trkpt lat="-27.015228333333333" lon="-48.60951333333334"><ele>2.5</ele></trkpt><trkpt lat="-27.015228333333333" lon="-48.60951333333334"><ele>2.5</ele></trkpt><trkpt lat="-27.015225" lon="-48.60951166666667"><ele>2.3</ele></trkpt><trkpt lat="-27.015228333333333" lon="-48.60951166666667"><ele>2.3</ele></trkpt><trkpt lat="-27.015240000000002" lon="-48.60951166666667"><ele>2.2</ele></trkpt><trkpt lat="-27.015255000000003" lon="-48.609514999999995"><ele>2.3</ele></trkpt><trkpt lat="-27.015274999999995" lon="-48.609516666666664"><ele>2.4000000000000004</ele></trkpt><trkpt lat="-27.015300000000003" lon="-48.609518333333334"><ele>2.4000000000000004</ele></trkpt><trkpt lat="-27.01532333333334" lon="-48.60952333333333"><ele>2.8</ele></trkpt><trkpt lat="-27.015346666666666" lon="-48.60952833333334"><ele>2.9000000000000004</ele></trkpt><trkpt lat="-27.015373333333333" lon="-48.60953333333334"><ele>3.4000000000000004</ele></trkpt><trkpt lat="-27.01539833333333" lon="-48.60954"><ele>3.6</ele></trkpt><trkpt lat="-27.015418333333333" lon="-48.60954166666667"><ele>3.4000000000000004</ele></trkpt><trkpt lat="-27.015439999999998" lon="-48.60954666666667"><ele>3.4000000000000004</ele></trkpt><trkpt lat="-27.015465000000003" lon="-48.60955333333333"><ele>3.5</ele></trkpt><trkpt lat="-27.015484999999998" lon="-48.60955833333334"><ele>3.4000000000000004</ele></trkpt><trkpt lat="-27.015511666666665" lon="-48.609561666666664"><ele>3.4000000000000004</ele></trkpt><trkpt lat="-27.015535" lon="-48.609565"><ele>3.6</ele></trkpt><trkpt lat="-27.015556666666665" lon="-48.60957"><ele>3.8000000000000003</ele></trkpt><trkpt lat="-27.01557833333333" lon="-48.60957666666666"><ele>3.8000000000000003</ele></trkpt><trkpt lat="-27.015598333333333" lon="-48.609581666666664"><ele>3.7</ele></trkpt><trkpt lat="-27.015621666666668" lon="-48.609585"><ele>4.800000000000001</ele></trkpt><trkpt lat="-27.015645000000003" lon="-48.60958666666667"><ele>5.6</ele></trkpt><trkpt lat="-27.015661666666666" lon="-48.60959166666667"><ele>5.300000000000001</ele></trkpt><trkpt lat="-27.015678333333334" lon="-48.609593333333336"><ele>5.2</ele></trkpt><trkpt lat="-27.015693333333335" lon="-48.60959666666666"><ele>5.1</ele></trkpt><trkpt lat="-27.015718333333332" lon="-48.60960333333334"><ele>5.4</ele></trkpt><trkpt lat="-27.015745" lon="-48.609608333333334"><ele>6</ele></trkpt><trkpt lat="-27.01577166666667" lon="-48.60961333333333"><ele>6.6</ele></trkpt><trkpt lat="-27.01580333333333" lon="-48.609615"><ele>7.9</ele></trkpt><trkpt lat="-27.015828333333335" lon="-48.60962166666666"><ele>8.5</ele></trkpt><trkpt lat="-27.015855000000002" lon="-48.609626666666664"><ele>9.4</ele></trkpt><trkpt lat="-27.015859999999996" lon="-48.60962833333333"><ele>9.9</ele></trkpt><trkpt lat="-27.01586666666667" lon="-48.60962500000001"><ele>10.7</ele></trkpt><trkpt lat="-27.015868333333334" lon="-48.60961999999999"><ele>11.299999999999999</ele></trkpt><trkpt lat="-27.015865" lon="-48.60961833333334"><ele>11.4</ele></trkpt><trkpt lat="-27.015868333333334" lon="-48.60961999999999"><ele>11.5</ele></trkpt><trkpt lat="-27.015871666666666" lon="-48.60962166666666"><ele>11.5</ele></trkpt><trkpt lat="-27.01588" lon="-48.60962333333334"><ele>11.5</ele></trkpt><trkpt lat="-27.015886666666667" lon="-48.60962166666666"><ele>11.4</ele></trkpt><trkpt lat="-27.015896666666663" lon="-48.60962166666666"><ele>11.7</ele></trkpt><trkpt lat="-27.015904999999997" lon="-48.60961833333334"><ele>11.6</ele></trkpt><trkpt lat="-27.015913333333334" lon="-48.60961666666667"><ele>11.5</ele></trkpt><trkpt lat="-27.015921666666667" lon="-48.609615"><ele>11.5</ele></trkpt><trkpt lat="-27.01592833333333" lon="-48.60961333333333"><ele>11.5</ele></trkpt><trkpt lat="-27.01593666666667" lon="-48.60961166666666"><ele>11.5</ele></trkpt><trkpt lat="-27.015933333333336" lon="-48.60961"><ele>11.4</ele></trkpt><trkpt lat="-27.01593833333333" lon="-48.60959666666666"><ele>11.1</ele></trkpt><trkpt lat="-27.01592666666666" lon="-48.609595000000006"><ele>10.7</ele></trkpt><trkpt lat="-27.015918333333335" lon="-48.609593333333336"><ele>10.4</ele></trkpt><trkpt lat="-27.015913333333334" lon="-48.609595000000006"><ele>10.5</ele></trkpt><trkpt lat="-27.015911666666664" lon="-48.6096"><ele>10.5</ele></trkpt><trkpt lat="-27.01590666666667" lon="-48.60959666666666"><ele>10.6</ele></trkpt><trkpt lat="-27.015901666666664" lon="-48.609593333333336"><ele>10.6</ele></trkpt><trkpt lat="-27.015888333333336" lon="-48.609585"><ele>10.4</ele></trkpt><trkpt lat="-27.01588" lon="-48.60957833333334"><ele>10.4</ele></trkpt><trkpt lat="-27.015873333333335" lon="-48.60957666666666"><ele>10.1</ele></trkpt><trkpt lat="-27.015870000000003" lon="-48.60957666666666"><ele>9.799999999999999</ele></trkpt><trkpt lat="-27.015868333333334" lon="-48.60957333333334"><ele>9.799999999999999</ele></trkpt><trkpt lat="-27.015868333333334" lon="-48.60957333333334"><ele>9.799999999999999</ele></trkpt><trkpt lat="-27.015868333333334" lon="-48.60957333333334"><ele>9.799999999999999</ele></trkpt><trkpt lat="-27.015868333333334" lon="-48.60957333333334"><ele>9.799999999999999</ele></trkpt><trkpt lat="-27.015868333333334" lon="-48.60957333333334"><ele>9.799999999999999</ele></trkpt><trkpt lat="-27.015868333333334" lon="-48.60957333333334"><ele>9.799999999999999</ele></trkpt><trkpt lat="-27.015868333333334" lon="-48.60957333333334"><ele>9.799999999999999</ele></trkpt><trkpt lat="-27.015868333333334" lon="-48.60957333333334"><ele>9.799999999999999</ele></trkpt><trkpt lat="-27.015868333333334" lon="-48.60957333333334"><ele>9.799999999999999</ele></trkpt><trkpt lat="-27.015868333333334" lon="-48.60957333333334"><ele>9.799999999999999</ele></trkpt><trkpt lat="-27.015868333333334" lon="-48.60957333333334"><ele>9.799999999999999</ele></trkpt><trkpt lat="-27.015868333333334" lon="-48.60957333333334"><ele>9.799999999999999</ele></trkpt><trkpt lat="-27.015868333333334" lon="-48.60957333333334"><ele>9.799999999999999</ele></trkpt><trkpt lat="-27.015868333333334" lon="-48.60957333333334"><ele>9.799999999999999</ele></trkpt><trkpt lat="-27.015868333333334" lon="-48.60957333333334"><ele>9.799999999999999</ele></trkpt><trkpt lat="-27.015868333333334" lon="-48.60957333333334"><ele>9.799999999999999</ele></trkpt><trkpt lat="-27.015868333333334" lon="-48.60957333333334"><ele>9.799999999999999</ele></trkpt><trkpt lat="-27.015868333333334" lon="-48.60957333333334"><ele>9.799999999999999</ele></trkpt><trkpt lat="-27.015868333333334" lon="-48.60957333333334"><ele>9.799999999999999</ele></trkpt><trkpt lat="-27.015868333333334" lon="-48.60957333333334"><ele>9.799999999999999</ele></trkpt><trkpt lat="-27.015868333333334" lon="-48.60957333333334"><ele>9.799999999999999</ele></trkpt><trkpt lat="-27.015868333333334" lon="-48.60957333333334"><ele>9.799999999999999</ele></trkpt><trkpt lat="-27.015868333333334" lon="-48.60957333333334"><ele>9.799999999999999</ele></trkpt><trkpt lat="-27.015868333333334" lon="-48.60957333333334"><ele>9.799999999999999</ele></trkpt><trkpt lat="-27.015868333333334" lon="-48.60957333333334"><ele>9.799999999999999</ele></trkpt><trkpt lat="-27.015868333333334" lon="-48.60957333333334"><ele>9.799999999999999</ele></trkpt><trkpt lat="-27.015868333333334" lon="-48.60957333333334"><ele>9.799999999999999</ele></trkpt><trkpt lat="-27.015868333333334" lon="-48.60957333333334"><ele>9.799999999999999</ele></trkpt><trkpt lat="-27.015868333333334" lon="-48.60957333333334"><ele>9.799999999999999</ele></trkpt><trkpt lat="-27.015868333333334" lon="-48.60957333333334"><ele>9.799999999999999</ele></trkpt><trkpt lat="-27.015868333333334" lon="-48.60957333333334"><ele>9.799999999999999</ele></trkpt><trkpt lat="-27.015868333333334" lon="-48.60957333333334"><ele>9.799999999999999</ele></trkpt><trkpt lat="-27.015868333333334" lon="-48.60957333333334"><ele>9.799999999999999</ele></trkpt><trkpt lat="-27.015868333333334" lon="-48.60957333333334"><ele>9.799999999999999</ele></trkpt><trkpt lat="-27.01583333333333" lon="-48.60962333333334"><ele>7.300000000000001</ele></trkpt><trkpt lat="-27.015825000000003" lon="-48.60962333333334"><ele>7.199999999999999</ele></trkpt><trkpt lat="-27.015814999999996" lon="-48.60962333333334"><ele>7.1</ele></trkpt><trkpt lat="-27.015805" lon="-48.60962500000001"><ele>7.1</ele></trkpt><trkpt lat="-27.01579333333333" lon="-48.60962166666666"><ele>7</ele></trkpt><trkpt lat="-27.015781666666665" lon="-48.60961666666667"><ele>7.1</ele></trkpt><trkpt lat="-27.015778333333333" lon="-48.60961666666667"><ele>7</ele></trkpt><trkpt lat="-27.015778333333333" lon="-48.60961666666667"><ele>6.9</ele></trkpt><trkpt lat="-27.01577666666667" lon="-48.609615"><ele>7</ele></trkpt><trkpt lat="-27.015766666666664" lon="-48.60961333333333"><ele>6.9</ele></trkpt><trkpt lat="-27.01576166666667" lon="-48.60961333333333"><ele>7</ele></trkpt><trkpt lat="-27.015756666666668" lon="-48.609615"><ele>7</ele></trkpt><trkpt lat="-27.015753333333336" lon="-48.60961166666666"><ele>7.199999999999999</ele></trkpt><trkpt lat="-27.015750000000004" lon="-48.609608333333334"><ele>7.1</ele></trkpt><trkpt lat="-27.015750000000004" lon="-48.60960166666667"><ele>6.699999999999999</ele></trkpt><trkpt lat="-27.01574833333333" lon="-48.60959666666666"><ele>6.4</ele></trkpt><trkpt lat="-27.01574833333333" lon="-48.60959666666666"><ele>6.4</ele></trkpt><trkpt lat="-27.01574833333333" lon="-48.60959666666666"><ele>6.4</ele></trkpt><trkpt lat="-27.01574833333333" lon="-48.60959666666666"><ele>6.4</ele></trkpt><trkpt lat="-27.01574833333333" lon="-48.60959666666666"><ele>6.4</ele></trkpt><trkpt lat="-27.01574833333333" lon="-48.60959666666666"><ele>6.4</ele></trkpt><trkpt lat="-27.01574833333333" lon="-48.60959666666666"><ele>6.4</ele></trkpt><trkpt lat="-27.01574833333333" lon="-48.60959666666666"><ele>6.4</ele></trkpt><trkpt lat="-27.01574833333333" lon="-48.60959666666666"><ele>6.4</ele></trkpt><trkpt lat="-27.01574833333333" lon="-48.60959666666666"><ele>6.4</ele></trkpt><trkpt lat="-27.01574833333333" lon="-48.60959666666666"><ele>6.4</ele></trkpt><trkpt lat="-27.01574833333333" lon="-48.60959666666666"><ele>6.4</ele></trkpt><trkpt lat="-27.01574833333333" lon="-48.60959666666666"><ele>6.4</ele></trkpt><trkpt lat="-27.01574833333333" lon="-48.60959666666666"><ele>6.4</ele></trkpt><trkpt lat="-27.01574833333333" lon="-48.60959666666666"><ele>6.4</ele></trkpt><trkpt lat="-27.01574833333333" lon="-48.60959666666666"><ele>6.4</ele></trkpt><trkpt lat="-27.01574833333333" lon="-48.60959666666666"><ele>6.4</ele></trkpt><trkpt lat="-27.01574833333333" lon="-48.60959666666666"><ele>6.4</ele></trkpt><trkpt lat="-27.01574833333333" lon="-48.60959666666666"><ele>6.4</ele></trkpt><trkpt lat="-27.01574833333333" lon="-48.60959666666666"><ele>6.4</ele></trkpt><trkpt lat="-27.01574833333333" lon="-48.60959666666666"><ele>6.4</ele></trkpt><trkpt lat="-27.01574833333333" lon="-48.60959666666666"><ele>6.4</ele></trkpt><trkpt lat="-27.01574833333333" lon="-48.60959666666666"><ele>6.4</ele></trkpt><trkpt lat="-27.01574833333333" lon="-48.60959666666666"><ele>6.4</ele></trkpt><trkpt lat="-27.01574833333333" lon="-48.60959666666666"><ele>6.4</ele></trkpt><trkpt lat="-27.01574833333333" lon="-48.60959666666666"><ele>6.4</ele></trkpt><trkpt lat="-27.01574833333333" lon="-48.60959666666666"><ele>6.4</ele></trkpt><trkpt lat="-27.01574833333333" lon="-48.60959666666666"><ele>6.4</ele></trkpt><trkpt lat="-27.01574833333333" lon="-48.60959666666666"><ele>6.4</ele></trkpt><trkpt lat="-27.01574833333333" lon="-48.60959666666666"><ele>6.4</ele></trkpt><trkpt lat="-27.01574833333333" lon="-48.60959666666666"><ele>6.4</ele></trkpt><trkpt lat="-27.01574833333333" lon="-48.60959666666666"><ele>6.4</ele></trkpt><trkpt lat="-27.01574833333333" lon="-48.60959666666666"><ele>6.4</ele></trkpt><trkpt lat="-27.01574833333333" lon="-48.60959666666666"><ele>6.4</ele></trkpt><trkpt lat="-27.01574833333333" lon="-48.60959666666666"><ele>6.4</ele></trkpt><trkpt lat="-27.01574833333333" lon="-48.60959666666666"><ele>6.4</ele></trkpt><trkpt lat="-27.01574833333333" lon="-48.60959666666666"><ele>6.4</ele></trkpt><trkpt lat="-27.01574833333333" lon="-48.60959666666666"><ele>6.4</ele></trkpt><trkpt lat="-27.01574833333333" lon="-48.60959666666666"><ele>6.4</ele></trkpt><trkpt lat="-27.01574833333333" lon="-48.60959666666666"><ele>6.4</ele></trkpt><trkpt lat="-27.015780000000003" lon="-48.609545"><ele>3.5</ele></trkpt><trkpt lat="-27.015783333333335" lon="-48.609550000000006"><ele>3.6</ele></trkpt><trkpt lat="-27.01579166666667" lon="-48.60955833333334"><ele>3.7</ele></trkpt><trkpt lat="-27.01578833333333" lon="-48.609565"><ele>3.8000000000000003</ele></trkpt><trkpt lat="-27.01579" lon="-48.60956666666666"><ele>4</ele></trkpt><trkpt lat="-27.01579" lon="-48.60956666666666"><ele>4</ele></trkpt><trkpt lat="-27.01579" lon="-48.60956666666666"><ele>4</ele></trkpt><trkpt lat="-27.01579" lon="-48.60956666666666"><ele>4</ele></trkpt><trkpt lat="-27.015784999999997" lon="-48.60958333333333"><ele>5</ele></trkpt><trkpt lat="-27.015781666666665" lon="-48.60958666666667"><ele>5.2</ele></trkpt><trkpt lat="-27.015778333333333" lon="-48.60958833333334"><ele>5.2</ele></trkpt><trkpt lat="-27.015775" lon="-48.609581666666664"><ele>5.2</ele></trkpt><trkpt lat="-27.015775" lon="-48.60957166666667"><ele>5</ele></trkpt><trkpt lat="-27.01577666666667" lon="-48.60957"><ele>4.800000000000001</ele></trkpt><trkpt lat="-27.015780000000003" lon="-48.60957"><ele>4.6</ele></trkpt><trkpt lat="-27.015780000000003" lon="-48.60957"><ele>4.4</ele></trkpt><trkpt lat="-27.015778333333333" lon="-48.60957166666667"><ele>4.4</ele></trkpt><trkpt lat="-27.015783333333335" lon="-48.60957833333334"><ele>4.6</ele></trkpt><trkpt lat="-27.015775" lon="-48.60957833333334"><ele>4.7</ele></trkpt><trkpt lat="-27.015765000000002" lon="-48.60957833333334"><ele>4.7</ele></trkpt><trkpt lat="-27.015756666666668" lon="-48.60957499999999"><ele>5.2</ele></trkpt><trkpt lat="-27.015756666666668" lon="-48.60957499999999"><ele>5.2</ele></trkpt><trkpt lat="-27.015750000000004" lon="-48.60957833333334"><ele>5.2</ele></trkpt><trkpt lat="-27.01574666666667" lon="-48.60958333333333"><ele>5.2</ele></trkpt><trkpt lat="-27.01574833333333" lon="-48.609585"><ele>5.2</ele></trkpt><trkpt lat="-27.01574833333333" lon="-48.609585"><ele>5.2</ele></trkpt><trkpt lat="-27.01574833333333" lon="-48.609585"><ele>5.2</ele></trkpt><trkpt lat="-27.01574833333333" lon="-48.609585"><ele>5.2</ele></trkpt><trkpt lat="-27.01574833333333" lon="-48.609585"><ele>5.2</ele></trkpt><trkpt lat="-27.01574833333333" lon="-48.609585"><ele>5.2</ele></trkpt><trkpt lat="-27.01574833333333" lon="-48.609585"><ele>5.2</ele></trkpt><trkpt lat="-27.01574833333333" lon="-48.609585"><ele>5.2</ele></trkpt><trkpt lat="-27.01574833333333" lon="-48.609585"><ele>5.2</ele></trkpt><trkpt lat="-27.01574833333333" lon="-48.609585"><ele>5.2</ele></trkpt><trkpt lat="-27.01574833333333" lon="-48.609585"><ele>5.2</ele></trkpt><trkpt lat="-27.01574833333333" lon="-48.609585"><ele>5.2</ele></trkpt><trkpt lat="-27.01574833333333" lon="-48.609585"><ele>5.2</ele></trkpt><trkpt lat="-27.015745" lon="-48.609565"><ele>4.800000000000001</ele></trkpt><trkpt lat="-27.01574833333333" lon="-48.609565"><ele>4.6</ele></trkpt><trkpt lat="-27.015750000000004" lon="-48.609563333333334"><ele>4.5</ele></trkpt><trkpt lat="-27.015750000000004" lon="-48.60957333333334"><ele>4.4</ele></trkpt><trkpt lat="-27.015750000000004" lon="-48.60957333333334"><ele>4.4</ele></trkpt><trkpt lat="-27.015750000000004" lon="-48.60957333333334"><ele>4.4</ele></trkpt><trkpt lat="-27.01574833333333" lon="-48.60958333333333"><ele>4.5</ele></trkpt><trkpt lat="-27.01574333333333" lon="-48.60958666666667"><ele>4.6</ele></trkpt><trkpt lat="-27.01574333333333" lon="-48.60958666666667"><ele>4.6</ele></trkpt><trkpt lat="-27.015741666666667" lon="-48.60959"><ele>4.7</ele></trkpt><trkpt lat="-27.015741666666667" lon="-48.60958833333334"><ele>4.800000000000001</ele></trkpt><trkpt lat="-27.015741666666667" lon="-48.60958833333334"><ele>4.800000000000001</ele></trkpt><trkpt lat="-27.01574333333333" lon="-48.60959"><ele>4.6</ele></trkpt><trkpt lat="-27.01574333333333" lon="-48.60959666666666"><ele>4.4</ele></trkpt><trkpt lat="-27.015745" lon="-48.60960166666667"><ele>4</ele></trkpt><trkpt lat="-27.01574333333333" lon="-48.6096"><ele>4</ele></trkpt><trkpt lat="-27.015745" lon="-48.609595000000006"><ele>3.9</ele></trkpt><trkpt lat="-27.01574833333333" lon="-48.60959166666667"><ele>3.8000000000000003</ele></trkpt><trkpt lat="-27.015755" lon="-48.609593333333336"><ele>3.7</ele></trkpt><trkpt lat="-27.015756666666668" lon="-48.609595000000006"><ele>3.5</ele></trkpt><trkpt lat="-27.01575833333333" lon="-48.60959666666666"><ele>3.1</ele></trkpt><trkpt lat="-27.015763333333332" lon="-48.6096"><ele>3</ele></trkpt><trkpt lat="-27.015763333333332" lon="-48.60960333333334"><ele>2.7</ele></trkpt><trkpt lat="-27.015765000000002" lon="-48.609608333333334"><ele>2.3</ele></trkpt><trkpt lat="-27.015768333333334" lon="-48.60961166666666"><ele>1.8</ele></trkpt><trkpt lat="-27.01577166666667" lon="-48.609615"><ele>1.7000000000000002</ele></trkpt><trkpt lat="-27.015773333333332" lon="-48.60961666666667"><ele>1.6</ele></trkpt><trkpt lat="-27.015775" lon="-48.60961999999999"><ele>1.5</ele></trkpt><trkpt lat="-27.01577666666667" lon="-48.60961666666667"><ele>1.6</ele></trkpt><trkpt lat="-27.015775" lon="-48.60961333333333"><ele>1.5</ele></trkpt><trkpt lat="-27.015778333333333" lon="-48.60961"><ele>1.4000000000000001</ele></trkpt><trkpt lat="-27.015778333333333" lon="-48.60961"><ele>1.4000000000000001</ele></trkpt><trkpt lat="-27.01578833333333" lon="-48.609608333333334"><ele>1.2000000000000002</ele></trkpt><trkpt lat="-27.015795000000004" lon="-48.609608333333334"><ele>1.2000000000000002</ele></trkpt><trkpt lat="-27.015805" lon="-48.609608333333334"><ele>1.1</ele></trkpt><trkpt lat="-27.015823333333334" lon="-48.609606666666664"><ele>1.2000000000000002</ele></trkpt><trkpt lat="-27.015829999999998" lon="-48.60961166666666"><ele>1.1</ele></trkpt><trkpt lat="-27.01583666666667" lon="-48.609615"><ele>1.1</ele></trkpt><trkpt lat="-27.01583666666667" lon="-48.609615"><ele>1.1</ele></trkpt><trkpt lat="-27.01583666666667" lon="-48.609615"><ele>1.1</ele></trkpt><trkpt lat="-27.015843333333336" lon="-48.60962166666666"><ele>1.2000000000000002</ele></trkpt><trkpt lat="-27.01585" lon="-48.60962833333333"><ele>1.4000000000000001</ele></trkpt><trkpt lat="-27.015865" lon="-48.60963333333334"><ele>1.5</ele></trkpt><trkpt lat="-27.015871666666666" lon="-48.609635"><ele>1.5</ele></trkpt><trkpt lat="-27.015874999999998" lon="-48.609638333333336"><ele>1.6</ele></trkpt><trkpt lat="-27.01587833333333" lon="-48.60963"><ele>1.5</ele></trkpt><trkpt lat="-27.015885000000004" lon="-48.60963333333334"><ele>1.6</ele></trkpt><trkpt lat="-27.015886666666667" lon="-48.60963"><ele>1.6</ele></trkpt><trkpt lat="-27.01588166666667" lon="-48.60962500000001"><ele>1.5</ele></trkpt><trkpt lat="-27.015885000000004" lon="-48.60962500000001"><ele>1.5</ele></trkpt><trkpt lat="-27.01589333333333" lon="-48.609626666666664"><ele>1.6</ele></trkpt><trkpt lat="-27.01590666666667" lon="-48.60962333333334"><ele>1.6</ele></trkpt><trkpt lat="-27.01592333333333" lon="-48.60962833333333"><ele>1.1</ele></trkpt><trkpt lat="-27.015943333333333" lon="-48.60963166666667"><ele>0.9000000000000001</ele></trkpt><trkpt lat="-27.015963333333335" lon="-48.60963166666667"><ele>0.6000000000000001</ele></trkpt><trkpt lat="-27.015985" lon="-48.609635"><ele>0.40000000000000013</ele></trkpt><trkpt lat="-27.016003333333334" lon="-48.609638333333336"><ele>0.30000000000000004</ele></trkpt><trkpt lat="-27.016023333333337" lon="-48.60964166666666"><ele>0.7000000000000001</ele></trkpt><trkpt lat="-27.016045000000002" lon="-48.60964666666667"><ele>0.8</ele></trkpt><trkpt lat="-27.01607" lon="-48.60964833333334"><ele>0.8</ele></trkpt><trkpt lat="-27.016099999999998" lon="-48.609655000000004"><ele>1.6</ele></trkpt><trkpt lat="-27.016125000000002" lon="-48.60966"><ele>1.6</ele></trkpt><trkpt lat="-27.016141666666666" lon="-48.60966166666667"><ele>1.9000000000000001</ele></trkpt><trkpt lat="-27.016141666666666" lon="-48.60966166666667"><ele>1.9000000000000001</ele></trkpt><trkpt lat="-27.01614833333333" lon="-48.60966499999999"><ele>1.9000000000000001</ele></trkpt><trkpt lat="-27.01615" lon="-48.60966499999999"><ele>2</ele></trkpt><trkpt lat="-27.01615" lon="-48.60967000000001"><ele>1.8</ele></trkpt><trkpt lat="-27.01614833333333" lon="-48.60967333333333"><ele>1.6</ele></trkpt><trkpt lat="-27.016144999999998" lon="-48.60967333333333"><ele>1.7000000000000002</ele></trkpt><trkpt lat="-27.016141666666666" lon="-48.60967333333333"><ele>1.7000000000000002</ele></trkpt><trkpt lat="-27.016141666666666" lon="-48.60966833333334"><ele>1.7000000000000002</ele></trkpt><trkpt lat="-27.016141666666666" lon="-48.60966833333334"><ele>1.7000000000000002</ele></trkpt><trkpt lat="-27.016141666666666" lon="-48.60966833333334"><ele>1.7000000000000002</ele></trkpt><trkpt lat="-27.016144999999998" lon="-48.60967000000001"><ele>1.5</ele></trkpt><trkpt lat="-27.016158333333337" lon="-48.60967000000001"><ele>1.5</ele></trkpt><trkpt lat="-27.016178333333333" lon="-48.609671666666664"><ele>1.8</ele></trkpt><trkpt lat="-27.01619833333333" lon="-48.60967666666667"><ele>1.9000000000000001</ele></trkpt><trkpt lat="-27.016219999999997" lon="-48.60968166666667"><ele>2</ele></trkpt><trkpt lat="-27.016245000000005" lon="-48.60968166666667"><ele>2.5</ele></trkpt><trkpt lat="-27.016271666666665" lon="-48.609685000000006"><ele>2.3</ele></trkpt><trkpt lat="-27.01629666666667" lon="-48.609685000000006"><ele>2.6</ele></trkpt><trkpt lat="-27.01629666666667" lon="-48.609685000000006"><ele>2.6</ele></trkpt><trkpt lat="-27.016318333333334" lon="-48.60969166666667"><ele>2.7</ele></trkpt><trkpt lat="-27.016333333333332" lon="-48.609696666666665"><ele>2.3</ele></trkpt><trkpt lat="-27.01634" lon="-48.60970166666666"><ele>2.5</ele></trkpt><trkpt lat="-27.01634166666667" lon="-48.60970333333333"><ele>2.4000000000000004</ele></trkpt><trkpt lat="-27.01634" lon="-48.60970166666666"><ele>2.1</ele></trkpt><trkpt lat="-27.016336666666668" lon="-48.60970333333333"><ele>2.6</ele></trkpt><trkpt lat="-27.016335000000005" lon="-48.60970166666666"><ele>2.4000000000000004</ele></trkpt><trkpt lat="-27.016335000000005" lon="-48.60970166666666"><ele>2.4000000000000004</ele></trkpt><trkpt lat="-27.016333333333332" lon="-48.60970666666667"><ele>2.7</ele></trkpt><trkpt lat="-27.016336666666668" lon="-48.60970666666667"><ele>2.8</ele></trkpt><trkpt lat="-27.01634333333333" lon="-48.60970333333333"><ele>2.8</ele></trkpt><trkpt lat="-27.016353333333335" lon="-48.60970333333333"><ele>2.8</ele></trkpt><trkpt lat="-27.01637333333333" lon="-48.609700000000004"><ele>3.2</ele></trkpt><trkpt lat="-27.016398333333335" lon="-48.60970166666666"><ele>3.2</ele></trkpt><trkpt lat="-27.016423333333332" lon="-48.60970166666666"><ele>3.1</ele></trkpt><trkpt lat="-27.01644666666667" lon="-48.60970833333334"><ele>2.9000000000000004</ele></trkpt><trkpt lat="-27.01647666666667" lon="-48.60970666666667"><ele>2.9000000000000004</ele></trkpt><trkpt lat="-27.01650833333333" lon="-48.60971833333333"><ele>3.2</ele></trkpt><trkpt lat="-27.016534999999998" lon="-48.60972333333334"><ele>3.3</ele></trkpt><trkpt lat="-27.016571666666664" lon="-48.60972833333334"><ele>5.5</ele></trkpt><trkpt lat="-27.016583333333333" lon="-48.60973666666667"><ele>4.6</ele></trkpt><trkpt lat="-27.016601666666663" lon="-48.60973833333334"><ele>4.4</ele></trkpt><trkpt lat="-27.016628333333333" lon="-48.609745000000004"><ele>5</ele></trkpt><trkpt lat="-27.01666" lon="-48.60975166666667"><ele>5.300000000000001</ele></trkpt><trkpt lat="-27.016693333333333" lon="-48.609761666666664"><ele>5.9</ele></trkpt><trkpt lat="-27.01673" lon="-48.60978"><ele>2.9000000000000004</ele></trkpt><trkpt lat="-27.016763333333333" lon="-48.60978333333334"><ele>2.1</ele></trkpt><trkpt lat="-27.016796666666664" lon="-48.609784999999995"><ele>1.8</ele></trkpt><trkpt lat="-27.016833333333338" lon="-48.609788333333334"><ele>0.20000000000000018</ele></trkpt><trkpt lat="-27.016873333333333" lon="-48.60979333333333"><ele>-1.5</ele></trkpt><trkpt lat="-27.016915" lon="-48.60980333333334"><ele>-3.6</ele></trkpt><trkpt lat="-27.01695666666667" lon="-48.60981"><ele>-4.4</ele></trkpt><trkpt lat="-27.016996666666667" lon="-48.60981333333334"><ele>-4.699999999999999</ele></trkpt><trkpt lat="-27.01702833333333" lon="-48.60981666666667"><ele>-6.9</ele></trkpt><trkpt lat="-27.01706" lon="-48.609820000000006"><ele>-7.800000000000001</ele></trkpt><trkpt lat="-27.017096666666664" lon="-48.60982333333333"><ele>-7.9</ele></trkpt><trkpt lat="-27.017129999999998" lon="-48.60982666666667"><ele>-7.800000000000001</ele></trkpt><trkpt lat="-27.01718" lon="-48.609829999999995"><ele>-6.800000000000001</ele></trkpt><trkpt lat="-27.017231666666664" lon="-48.609833333333334"><ele>-6.300000000000001</ele></trkpt><trkpt lat="-27.017276666666664" lon="-48.60983833333333"><ele>-7.1</ele></trkpt><trkpt lat="-27.017323333333334" lon="-48.60984666666666"><ele>-6.199999999999999</ele></trkpt><trkpt lat="-27.017375" lon="-48.609855"><ele>-3.1999999999999997</ele></trkpt><trkpt lat="-27.01742" lon="-48.609865000000006"><ele>-2.6</ele></trkpt><trkpt lat="-27.017440000000004" lon="-48.609865000000006"><ele>-0.8999999999999999</ele></trkpt><trkpt lat="-27.017456666666664" lon="-48.609865000000006"><ele>-0.8999999999999999</ele></trkpt><trkpt lat="-27.017474999999997" lon="-48.60986333333334"><ele>0.8</ele></trkpt><trkpt lat="-27.017496666666663" lon="-48.60986333333334"><ele>3.2</ele></trkpt><trkpt lat="-27.017515000000003" lon="-48.60986166666667"><ele>4.9</ele></trkpt><trkpt lat="-27.01752666666666" lon="-48.609853333333334"><ele>6.9</ele></trkpt><trkpt lat="-27.017543333333332" lon="-48.60984666666666"><ele>8.9</ele></trkpt><trkpt lat="-27.017561666666666" lon="-48.60984"><ele>10.9</ele></trkpt><trkpt lat="-27.017563333333335" lon="-48.60984"><ele>10.5</ele></trkpt><trkpt lat="-27.017564999999998" lon="-48.60984333333334"><ele>10.7</ele></trkpt><trkpt lat="-27.017564999999998" lon="-48.60984333333334"><ele>10.7</ele></trkpt><trkpt lat="-27.017566666666667" lon="-48.60984666666666"><ele>10.799999999999999</ele></trkpt><trkpt lat="-27.01757" lon="-48.609851666666664"><ele>10.5</ele></trkpt><trkpt lat="-27.017573333333335" lon="-48.609855"><ele>10.5</ele></trkpt><trkpt lat="-27.017578333333336" lon="-48.609855"><ele>10.5</ele></trkpt><trkpt lat="-27.01758166666667" lon="-48.609855"><ele>10.5</ele></trkpt><trkpt lat="-27.01758166666667" lon="-48.609855"><ele>10.5</ele></trkpt><trkpt lat="-27.017588333333332" lon="-48.60986"><ele>10.4</ele></trkpt><trkpt lat="-27.017594999999996" lon="-48.60986166666667"><ele>10.6</ele></trkpt><trkpt lat="-27.017605000000003" lon="-48.60986"><ele>10.7</ele></trkpt><trkpt lat="-27.017618333333335" lon="-48.60986166666667"><ele>10.7</ele></trkpt><trkpt lat="-27.017653333333335" lon="-48.609853333333334"><ele>11.5</ele></trkpt><trkpt lat="-27.017688333333332" lon="-48.609851666666664"><ele>13</ele></trkpt><trkpt lat="-27.017711666666667" lon="-48.60984166666667"><ele>15.799999999999999</ele></trkpt><trkpt lat="-27.017740000000003" lon="-48.609835000000004"><ele>18</ele></trkpt><trkpt lat="-27.017765" lon="-48.609831666666665"><ele>20.200000000000003</ele></trkpt><trkpt lat="-27.017789999999998" lon="-48.609829999999995"><ele>21.900000000000002</ele></trkpt><trkpt lat="-27.017813333333333" lon="-48.609831666666665"><ele>23.6</ele></trkpt><trkpt lat="-27.01783833333333" lon="-48.609835000000004"><ele>25.3</ele></trkpt><trkpt lat="-27.01785" lon="-48.60983833333333"><ele>27.200000000000003</ele></trkpt><trkpt lat="-27.01785" lon="-48.60983833333333"><ele>27.200000000000003</ele></trkpt><trkpt lat="-27.01785166666667" lon="-48.60984166666667"><ele>27.700000000000003</ele></trkpt><trkpt lat="-27.01785333333333" lon="-48.60984499999999"><ele>28</ele></trkpt><trkpt lat="-27.017856666666663" lon="-48.60985833333334"><ele>28.400000000000002</ele></trkpt><trkpt lat="-27.017860000000002" lon="-48.60986666666666"><ele>27.8</ele></trkpt><trkpt lat="-27.01785333333333" lon="-48.60987166666667"><ele>27.8</ele></trkpt><trkpt lat="-27.01785" lon="-48.60987333333334"><ele>28</ele></trkpt><trkpt lat="-27.01785" lon="-48.60987333333334"><ele>28</ele></trkpt><trkpt lat="-27.017855" lon="-48.609880000000004"><ele>27.900000000000002</ele></trkpt><trkpt lat="-27.01786666666667" lon="-48.60988666666667"><ele>27.900000000000002</ele></trkpt><trkpt lat="-27.017870000000002" lon="-48.60988833333334"><ele>27.900000000000002</ele></trkpt><trkpt lat="-27.017868333333332" lon="-48.60988166666666"><ele>27.900000000000002</ele></trkpt><trkpt lat="-27.017870000000002" lon="-48.609878333333334"><ele>27.900000000000002</ele></trkpt><trkpt lat="-27.017871666666665" lon="-48.60986333333334"><ele>28</ele></trkpt><trkpt lat="-27.017888333333335" lon="-48.609865000000006"><ele>28.200000000000003</ele></trkpt><trkpt lat="-27.017895" lon="-48.60986333333334"><ele>28.3</ele></trkpt><trkpt lat="-27.017913333333333" lon="-48.60986833333333"><ele>28.3</ele></trkpt><trkpt lat="-27.017933333333335" lon="-48.609874999999995"><ele>28.3</ele></trkpt><trkpt lat="-27.017965000000004" lon="-48.60988666666667"><ele>28.5</ele></trkpt><trkpt lat="-27.01800166666667" lon="-48.60989333333334"><ele>28.6</ele></trkpt><trkpt lat="-27.018035" lon="-48.60990333333333"><ele>29.5</ele></trkpt><trkpt lat="-27.018054999999997" lon="-48.60991166666666"><ele>30</ele></trkpt><trkpt lat="-27.018054999999997" lon="-48.60991166666666"><ele>30</ele></trkpt><trkpt lat="-27.01809166666667" lon="-48.609925000000004"><ele>30.8</ele></trkpt><trkpt lat="-27.018126666666664" lon="-48.60992666666666"><ele>31.8</ele></trkpt><trkpt lat="-27.01813666666667" lon="-48.60993333333332"><ele>31.900000000000002</ele></trkpt><trkpt lat="-27.018156666666663" lon="-48.60995666666666"><ele>29.8</ele></trkpt><trkpt lat="-27.01818166666667" lon="-48.60997666666667"><ele>28.3</ele></trkpt><trkpt lat="-27.018206666666668" lon="-48.60999666666667"><ele>28.1</ele></trkpt><trkpt lat="-27.018228333333333" lon="-48.61002833333334"><ele>27.6</ele></trkpt><trkpt lat="-27.018221666666665" lon="-48.61004"><ele>26.700000000000003</ele></trkpt><trkpt lat="-27.018215" lon="-48.61004666666666"><ele>26.5</ele></trkpt><trkpt lat="-27.018218333333333" lon="-48.61002833333334"><ele>25</ele></trkpt><trkpt lat="-27.018205" lon="-48.61002666666666"><ele>23.200000000000003</ele></trkpt><trkpt lat="-27.018188333333335" lon="-48.61002666666666"><ele>21.400000000000002</ele></trkpt><trkpt lat="-27.018173333333333" lon="-48.61001833333333"><ele>19</ele></trkpt><trkpt lat="-27.018156666666663" lon="-48.61001833333333"><ele>16.5</ele></trkpt><trkpt lat="-27.01815" lon="-48.61001833333333"><ele>16.5</ele></trkpt><trkpt lat="-27.018143333333335" lon="-48.610015000000004"><ele>16</ele></trkpt><trkpt lat="-27.018138333333333" lon="-48.610011666666665"><ele>16</ele></trkpt><trkpt lat="-27.018138333333333" lon="-48.610011666666665"><ele>16</ele></trkpt><trkpt lat="-27.018138333333333" lon="-48.610008333333326"><ele>16</ele></trkpt><trkpt lat="-27.01813666666667" lon="-48.610005"><ele>16</ele></trkpt><trkpt lat="-27.018133333333335" lon="-48.60999333333333"><ele>16.400000000000002</ele></trkpt><trkpt lat="-27.018131666666665" lon="-48.609986666666664"><ele>16.400000000000002</ele></trkpt><trkpt lat="-27.018131666666665" lon="-48.60997999999999"><ele>16.6</ele></trkpt><trkpt lat="-27.018133333333335" lon="-48.60997333333333"><ele>16.7</ele></trkpt><trkpt lat="-27.018134999999997" lon="-48.609968333333335"><ele>17</ele></trkpt><trkpt lat="-27.018134999999997" lon="-48.609968333333335"><ele>17</ele></trkpt><trkpt lat="-27.018134999999997" lon="-48.609968333333335"><ele>17</ele></trkpt><trkpt lat="-27.018134999999997" lon="-48.609968333333335"><ele>17</ele></trkpt><trkpt lat="-27.018134999999997" lon="-48.609968333333335"><ele>17</ele></trkpt><trkpt lat="-27.018134999999997" lon="-48.609968333333335"><ele>17</ele></trkpt><trkpt lat="-27.018134999999997" lon="-48.609968333333335"><ele>17</ele></trkpt><trkpt lat="-27.018134999999997" lon="-48.609968333333335"><ele>17</ele></trkpt><trkpt lat="-27.018134999999997" lon="-48.609968333333335"><ele>17</ele></trkpt><trkpt lat="-27.018134999999997" lon="-48.609968333333335"><ele>17</ele></trkpt><trkpt lat="-27.018134999999997" lon="-48.609968333333335"><ele>17</ele></trkpt><trkpt lat="-27.018134999999997" lon="-48.609968333333335"><ele>17</ele></trkpt><trkpt lat="-27.018134999999997" lon="-48.609968333333335"><ele>17</ele></trkpt><trkpt lat="-27.018134999999997" lon="-48.609968333333335"><ele>17</ele></trkpt><trkpt lat="-27.018134999999997" lon="-48.609968333333335"><ele>17</ele></trkpt><trkpt lat="-27.018134999999997" lon="-48.609968333333335"><ele>17</ele></trkpt><trkpt lat="-27.018134999999997" lon="-48.609968333333335"><ele>17</ele></trkpt><trkpt lat="-27.018134999999997" lon="-48.609968333333335"><ele>17</ele></trkpt><trkpt lat="-27.018134999999997" lon="-48.609968333333335"><ele>17</ele></trkpt><trkpt lat="-27.018134999999997" lon="-48.609968333333335"><ele>17</ele></trkpt><trkpt lat="-27.018134999999997" lon="-48.609968333333335"><ele>17</ele></trkpt><trkpt lat="-27.018134999999997" lon="-48.609968333333335"><ele>17</ele></trkpt><trkpt lat="-27.018134999999997" lon="-48.609968333333335"><ele>17</ele></trkpt><trkpt lat="-27.018134999999997" lon="-48.609968333333335"><ele>17</ele></trkpt><trkpt lat="-27.018083333333333" lon="-48.609874999999995"><ele>20.1</ele></trkpt><trkpt lat="-27.01807666666667" lon="-48.60987"><ele>19.8</ele></trkpt><trkpt lat="-27.01807666666667" lon="-48.60987"><ele>19.8</ele></trkpt><trkpt lat="-27.018068333333336" lon="-48.60986333333334"><ele>19.5</ele></trkpt><trkpt lat="-27.01806333333333" lon="-48.609865000000006"><ele>19.3</ele></trkpt><trkpt lat="-27.01806333333333" lon="-48.609865000000006"><ele>19.3</ele></trkpt><trkpt lat="-27.01806333333333" lon="-48.609865000000006"><ele>19.3</ele></trkpt><trkpt lat="-27.01806333333333" lon="-48.609865000000006"><ele>19.3</ele></trkpt><trkpt lat="-27.01806333333333" lon="-48.609865000000006"><ele>19.3</ele></trkpt><trkpt lat="-27.01806333333333" lon="-48.609865000000006"><ele>19.3</ele></trkpt><trkpt lat="-27.01806333333333" lon="-48.609865000000006"><ele>19.3</ele></trkpt><trkpt lat="-27.01806333333333" lon="-48.609865000000006"><ele>19.3</ele></trkpt><trkpt lat="-27.01806333333333" lon="-48.609865000000006"><ele>19.3</ele></trkpt><trkpt lat="-27.01806333333333" lon="-48.609865000000006"><ele>19.3</ele></trkpt><trkpt lat="-27.01806333333333" lon="-48.609865000000006"><ele>19.3</ele></trkpt><trkpt lat="-27.018050000000002" lon="-48.60987333333334"><ele>18.6</ele></trkpt><trkpt lat="-27.01804666666667" lon="-48.609878333333334"><ele>18.400000000000002</ele></trkpt><trkpt lat="-27.018053333333334" lon="-48.609876666666665"><ele>18.400000000000002</ele></trkpt><trkpt lat="-27.018053333333334" lon="-48.609876666666665"><ele>18.400000000000002</ele></trkpt><trkpt lat="-27.018061666666668" lon="-48.609874999999995"><ele>18.400000000000002</ele></trkpt><trkpt lat="-27.018061666666668" lon="-48.609874999999995"><ele>18.400000000000002</ele></trkpt><trkpt lat="-27.018061666666668" lon="-48.609874999999995"><ele>18.8</ele></trkpt></trkseg></trk></gpx>