<?xml version="1.0" encoding="UTF-8"?>
<gpx xmlns="http://www.topografix.com/GPX/1/1" version="1.1" creator="@dwayneparton/geojson-to-gpx"><wpt lat="-26.990947" lon="-48.629205"><ele>5.2</ele><name>1 faixa</name></wpt><wpt lat="-26.990993" lon="-48.629317"><ele>-4.3</ele><name>22</name></wpt><wpt lat="-26.995767" lon="-48.636002"><ele>0.3</ele><name>22</name></wpt><wpt lat="-26.990978" lon="-48.629303"><ele>-0.2</ele><name>160</name></wpt><wpt lat="-26.995765" lon="-48.636003"><ele>0.4</ele><name>160</name></wpt><wpt lat="-26.995767" lon="-48.636002"><ele>0.3</ele><name>345</name></wpt><wpt lat="-26.991073" lon="-48.62935"><ele>-4.4</ele><name>370</name></wpt><wpt lat="-26.995767" lon="-48.636032"><ele>-1.6</ele><name>775</name></wpt><wpt lat="-26.991065" lon="-48.629423"><ele>-5.3</ele><name>787</name></wpt><wpt lat="-26.99096" lon="-48.629197"><ele>3.9</ele><name>A ciclo é completamente reta.</name></wpt><wpt lat="-26.997535" lon="-48.638653"><ele>0.1</ele><name>A pintura está boa, mas FALHA em ALGUNS pontos</name></wpt><wpt lat="-26.992834" lon="-48.631572"><name>Ambas: Alguns trechos sem segregadores. Automóvel consegue passar por entre estes com facilidade</name></wpt><wpt lat="-26.990997" lon="-48.6293"><ele>-4.4</ele><name>Área de amortecimento da ciclo (cm)</name></wpt><wpt lat="-26.995767" lon="-48.636002"><ele>0.3</ele><name>Área de amortecimento da ciclo (cm)</name></wpt><wpt lat="-26.991005" lon="-48.629257"><ele>-1.9</ele><name>Área transitável da ciclo (cm)</name></wpt><wpt lat="-26.995763" lon="-48.636002"><ele>0.5</ele><name>Área transitável da ciclo (cm)</name></wpt><wpt lat="-26.990947" lon="-48.629205"><ele>5.2</ele><name>Asfalto</name></wpt><wpt lat="-26.990981" lon="-48.62919"><name>Ausência de conexão entre ciclos.</name></wpt><wpt lat="-26.990927" lon="-48.629182"><ele>2</ele><name>Bidirecional</name></wpt><wpt lat="-26.990987" lon="-48.629228"><ele>1.9</ele><name>Bueiro</name></wpt><wpt lat="-26.992475" lon="-48.631137"><ele>19.7</ele><name>Bueiro</name></wpt><wpt lat="-26.995883" lon="-48.636067"><ele>2</ele><name>Bueiro</name></wpt><wpt lat="-26.99164" lon="-48.629983"><ele>6.9</ele><name>Buraco</name></wpt><wpt lat="-26.993472" lon="-48.632475"><ele>15.3</ele><name>Buraco</name></wpt><wpt lat="-26.993773" lon="-48.632838"><ele>2.6</ele><name>Buraco</name></wpt><wpt lat="-26.990958" lon="-48.629165"><ele>3.2</ele><name>Ciclofaixa</name></wpt><wpt lat="-26.993582" lon="-48.632535"><ele>12</ele><name>Complementar</name></wpt><wpt lat="-26.991338" lon="-48.629692"><ele>10.9</ele><name>Desnível</name></wpt><wpt lat="-26.990978" lon="-48.629173"><ele>3.3</ele><name>Estacionamento dedicado de um lado, segregado da circulação</name></wpt><wpt lat="-26.991073" lon="-48.629353"><ele>-4.2</ele><name>Faixa de carros logo ao lado da ciclo (cm)</name></wpt><wpt lat="-26.995767" lon="-48.636002"><ele>0.3</ele><name>Faixa de carros logo ao lado da ciclo (cm)</name></wpt><wpt lat="-26.991025" lon="-48.629215"><ele>-3.1</ele><name>Foto</name></wpt><wpt lat="-26.990895" lon="-48.629128"><ele>0.4</ele><name>Foto</name></wpt><wpt lat="-26.990945" lon="-48.62923"><ele>2.2</ele><name>Foto</name></wpt><wpt lat="-26.990987" lon="-48.629228"><ele>1.9</ele><name>Foto</name></wpt><wpt lat="-26.991057" lon="-48.629308"><ele>-0.4</ele><name>Foto</name></wpt><wpt lat="-26.991398" lon="-48.629567"><ele>10.6</ele><name>Foto</name></wpt><wpt lat="-26.9917" lon="-48.630028"><ele>7.7</ele><name>Foto</name></wpt><wpt lat="-26.992038" lon="-48.630393"><ele>-8.9</ele><name>Foto</name></wpt><wpt lat="-26.992153" lon="-48.630827"><ele>11.8</ele><name>Foto</name></wpt><wpt lat="-26.992" lon="-48.630478"><ele>12.4</ele><name>Foto</name></wpt><wpt lat="-26.991033" lon="-48.629258"><ele>0.4</ele><name>Foto</name></wpt><wpt lat="-26.992567" lon="-48.631192"><ele>19.7</ele><name>Foto</name></wpt><wpt lat="-26.99351" lon="-48.632498"><ele>14.2</ele><name>Foto</name></wpt><wpt lat="-26.993582" lon="-48.632535"><ele>12</ele><name>Foto</name></wpt><wpt lat="-26.99378" lon="-48.632848"><ele>2.4</ele><name>Foto</name></wpt><wpt lat="-26.993777" lon="-48.63285"><ele>5.8</ele><name>Foto</name></wpt><wpt lat="-26.995088" lon="-48.634813"><ele>-1.8</ele><name>Foto</name></wpt><wpt lat="-26.995727" lon="-48.635748"><ele>20.4</ele><name>Foto</name></wpt><wpt lat="-26.995887" lon="-48.636055"><ele>-0.5</ele><name>Foto</name></wpt><wpt lat="-26.997528" lon="-48.63852"><ele>-0.8</ele><name>Foto</name></wpt><wpt lat="-26.99096" lon="-48.629227"><ele>-4</ele><name>Iluminação geral na via do mesmo lado da estrutura</name></wpt><wpt lat="-26.993777" lon="-48.632868"><ele>4.3</ele><name>Lombadas físicas</name></wpt><wpt lat="-26.995815" lon="-48.635738"><ele>40.6</ele><name>Lombadas físicas</name></wpt><wpt lat="-26.996625" lon="-48.637163"><ele>15.9</ele><name>Lombadas físicas</name></wpt><wpt lat="-26.99096" lon="-48.629175"><ele>1.7</ele><name>Mão Única</name></wpt><wpt lat="-26.99095" lon="-48.629188"><ele>1</ele><name>Não há árvores nem mudas</name></wpt><wpt lat="-26.990927" lon="-48.629182"><ele>2</ele><name>No bordo esquerdo de Via de Mão Única</name></wpt><wpt lat="-26.991027" lon="-48.629307"><ele>2.1</ele><name>Outro obstáculo</name></wpt><wpt lat="-26.995157" lon="-48.635007"><ele>-2.6</ele><name>Outro risco. EXPLIQUE.</name></wpt><wpt lat="-26.997535" lon="-48.638653"><ele>0.1</ele><name>Pequenas imperfeições, como fissuras</name></wpt><wpt lat="-26.997215" lon="-48.63812"><ele>9.5</ele><name>Radar/Lombada Eletrônica</name></wpt><wpt lat="-26.991025" lon="-48.629307"><ele>1.8</ele><name>rampa de acesso a lote </name></wpt><wpt lat="-26.995157" lon="-48.635007"><ele>-2.6</ele><name>R3m0v3r risco 🗑️</name></wpt><wpt lat="-26.99096" lon="-48.629197"><ele>3.9</ele><name>SE CICLOFAIXA: para invadir a ciclo parte do automóvel passa obrigatoriamente por cima de segregadores</name></wpt><wpt lat="-26.99096" lon="-48.629197"><ele>3.9</ele><name>Segregadores NÃO DIFICULTAM o acesso de ciclistas</name></wpt><wpt lat="-26.992069" lon="-48.630672"><name>SEM pintura no cruzamento</name></wpt><wpt lat="-26.995234" lon="-48.635069"><name>SEM Semáforo exclusivo</name></wpt><wpt lat="-26.992113" lon="-48.630717"><name>SEM Semáforo exclusivo</name></wpt><wpt lat="-26.995218" lon="-48.635058"><name>Semáforo para motorizado</name></wpt><wpt lat="-26.992113" lon="-48.630735"><name>Semáforo para motorizado</name></wpt><wpt lat="-26.995185" lon="-48.635011"><name>Semáforo para pedestres</name></wpt><wpt lat="-26.992099" lon="-48.630709"><name>Semáforo para pedestres</name></wpt><wpt lat="-26.990947" lon="-48.629205"><ele>5.2</ele><name>Tachões</name></wpt><wpt lat="-26.990947" lon="-48.629205"><ele>5.2</ele><name>Pintura de vermelho com interrupções</name></wpt><wpt lat="-26.991048" lon="-48.629417"><ele>-4.9</ele><name>Total da via (incluindo a ciclo) (cm)</name></wpt><wpt lat="-26.995767" lon="-48.636032"><ele>-1.6</ele><name>Total da via (incluindo a ciclo) (cm)</name></wpt><wpt lat="-26.991982" lon="-48.630498"><ele>12</ele><name>U invertido</name></wpt><wpt lat="-26.991033" lon="-48.629258"><ele>0.4</ele><name>U invertido</name></wpt><wpt lat="-26.997512" lon="-48.638537"><ele>0.2</ele><name>U invertido</name></wpt><trk><name>Ciclofaixa R. 2000 - BC</name><trkseg><trkpt lat="-26.991023" lon="-48.629222"><ele>2.8</ele></trkpt><trkpt lat="-26.991025" lon="-48.629222"><ele>2.8</ele></trkpt><trkpt lat="-26.991033" lon="-48.629212"><ele>2.8</ele></trkpt><trkpt lat="-26.990962" lon="-48.629172"><ele>2.8</ele></trkpt><trkpt lat="-26.99096" lon="-48.62917"><ele>2.8</ele></trkpt><trkpt lat="-26.990957" lon="-48.629167"><ele>2.9</ele></trkpt><trkpt lat="-26.990958" lon="-48.629163"><ele>3</ele></trkpt><trkpt lat="-26.99096" lon="-48.629162"><ele>3.1</ele></trkpt><trkpt lat="-26.990962" lon="-48.629158"><ele>3.1</ele></trkpt><trkpt lat="-26.990962" lon="-48.629152"><ele>3.2</ele></trkpt><trkpt lat="-26.990962" lon="-48.629157"><ele>3.3</ele></trkpt><trkpt lat="-26.990958" lon="-48.629162"><ele>3.2</ele></trkpt><trkpt lat="-26.990958" lon="-48.629165"><ele>3.2</ele></trkpt><trkpt lat="-26.990958" lon="-48.629165"><ele>3.2</ele></trkpt><trkpt lat="-26.990957" lon="-48.62917"><ele>3.1</ele></trkpt><trkpt lat="-26.990953" lon="-48.629172"><ele>3.1</ele></trkpt><trkpt lat="-26.990958" lon="-48.629175"><ele>2.9</ele></trkpt><trkpt lat="-26.990957" lon="-48.629172"><ele>2.9</ele></trkpt><trkpt lat="-26.990958" lon="-48.62917"><ele>2.8</ele></trkpt><trkpt lat="-26.99096" lon="-48.629168"><ele>2.6</ele></trkpt><trkpt lat="-26.99096" lon="-48.629163"><ele>2.4</ele></trkpt><trkpt lat="-26.99096" lon="-48.62916"><ele>2.3</ele></trkpt><trkpt lat="-26.99096" lon="-48.629157"><ele>2.2</ele></trkpt><trkpt lat="-26.99096" lon="-48.629158"><ele>2.2</ele></trkpt><trkpt lat="-26.990957" lon="-48.62916"><ele>2.2</ele></trkpt><trkpt lat="-26.990953" lon="-48.629163"><ele>2.2</ele></trkpt><trkpt lat="-26.990953" lon="-48.629163"><ele>2.2</ele></trkpt><trkpt lat="-26.990945" lon="-48.629167"><ele>2.2</ele></trkpt><trkpt lat="-26.99094" lon="-48.629167"><ele>2.2</ele></trkpt><trkpt lat="-26.990937" lon="-48.629165"><ele>2.2</ele></trkpt><trkpt lat="-26.990933" lon="-48.629165"><ele>2.2</ele></trkpt><trkpt lat="-26.990932" lon="-48.629165"><ele>2.2</ele></trkpt><trkpt lat="-26.99093" lon="-48.629167"><ele>2.2</ele></trkpt><trkpt lat="-26.99093" lon="-48.62917"><ele>2.2</ele></trkpt><trkpt lat="-26.99093" lon="-48.629172"><ele>2.1</ele></trkpt><trkpt lat="-26.990927" lon="-48.629182"><ele>2</ele></trkpt><trkpt lat="-26.990927" lon="-48.629182"><ele>2</ele></trkpt><trkpt lat="-26.990927" lon="-48.629182"><ele>2</ele></trkpt><trkpt lat="-26.990927" lon="-48.629182"><ele>2</ele></trkpt><trkpt lat="-26.990927" lon="-48.629182"><ele>2</ele></trkpt><trkpt lat="-26.990927" lon="-48.629182"><ele>2</ele></trkpt><trkpt lat="-26.990927" lon="-48.629182"><ele>2</ele></trkpt><trkpt lat="-26.990927" lon="-48.629182"><ele>2</ele></trkpt><trkpt lat="-26.990927" lon="-48.629182"><ele>2</ele></trkpt><trkpt lat="-26.990927" lon="-48.629182"><ele>2</ele></trkpt><trkpt lat="-26.990927" lon="-48.629182"><ele>2</ele></trkpt><trkpt lat="-26.990927" lon="-48.629182"><ele>2</ele></trkpt><trkpt lat="-26.990927" lon="-48.629182"><ele>2</ele></trkpt><trkpt lat="-26.990927" lon="-48.629182"><ele>2</ele></trkpt><trkpt lat="-26.990927" lon="-48.629182"><ele>2</ele></trkpt><trkpt lat="-26.990927" lon="-48.629182"><ele>2</ele></trkpt><trkpt lat="-26.990927" lon="-48.629182"><ele>2</ele></trkpt><trkpt lat="-26.990927" lon="-48.629182"><ele>2</ele></trkpt><trkpt lat="-26.990927" lon="-48.629182"><ele>2</ele></trkpt><trkpt lat="-26.990927" lon="-48.629182"><ele>2</ele></trkpt><trkpt lat="-26.990927" lon="-48.629182"><ele>2</ele></trkpt><trkpt lat="-26.990927" lon="-48.629182"><ele>2</ele></trkpt><trkpt lat="-26.990927" lon="-48.629182"><ele>2</ele></trkpt><trkpt lat="-26.990927" lon="-48.629182"><ele>2</ele></trkpt><trkpt lat="-26.990927" lon="-48.629182"><ele>2</ele></trkpt><trkpt lat="-26.990927" lon="-48.629182"><ele>2</ele></trkpt><trkpt lat="-26.990927" lon="-48.629182"><ele>2</ele></trkpt><trkpt lat="-26.990927" lon="-48.629182"><ele>2</ele></trkpt><trkpt lat="-26.990927" lon="-48.629182"><ele>2</ele></trkpt><trkpt lat="-26.990927" lon="-48.629182"><ele>2</ele></trkpt><trkpt lat="-26.990927" lon="-48.629182"><ele>2</ele></trkpt><trkpt lat="-26.990927" lon="-48.629182"><ele>2</ele></trkpt><trkpt lat="-26.990927" lon="-48.629182"><ele>2</ele></trkpt><trkpt lat="-26.990927" lon="-48.629182"><ele>2</ele></trkpt><trkpt lat="-26.990965" lon="-48.629185"><ele>1.3</ele></trkpt><trkpt lat="-26.990967" lon="-48.62918"><ele>1.3</ele></trkpt><trkpt lat="-26.990965" lon="-48.62918"><ele>1.4</ele></trkpt><trkpt lat="-26.990965" lon="-48.629178"><ele>1.6</ele></trkpt><trkpt lat="-26.99096" lon="-48.629175"><ele>1.7</ele></trkpt><trkpt lat="-26.99096" lon="-48.629175"><ele>1.7</ele></trkpt><trkpt lat="-26.990953" lon="-48.62917"><ele>1.6</ele></trkpt><trkpt lat="-26.990948" lon="-48.629168"><ele>1.5</ele></trkpt><trkpt lat="-26.990945" lon="-48.629173"><ele>1.3</ele></trkpt><trkpt lat="-26.990943" lon="-48.629173"><ele>1.3</ele></trkpt><trkpt lat="-26.990945" lon="-48.629173"><ele>1.3</ele></trkpt><trkpt lat="-26.990945" lon="-48.629167"><ele>0.9</ele></trkpt><trkpt lat="-26.990945" lon="-48.629167"><ele>0.9</ele></trkpt><trkpt lat="-26.990945" lon="-48.629167"><ele>0.9</ele></trkpt><trkpt lat="-26.990945" lon="-48.629167"><ele>0.9</ele></trkpt><trkpt lat="-26.990945" lon="-48.629167"><ele>0.9</ele></trkpt><trkpt lat="-26.990945" lon="-48.629167"><ele>0.9</ele></trkpt><trkpt lat="-26.990945" lon="-48.629167"><ele>0.9</ele></trkpt><trkpt lat="-26.990945" lon="-48.629167"><ele>0.9</ele></trkpt><trkpt lat="-26.990945" lon="-48.629167"><ele>0.9</ele></trkpt><trkpt lat="-26.990945" lon="-48.629167"><ele>0.9</ele></trkpt><trkpt lat="-26.990945" lon="-48.629167"><ele>0.9</ele></trkpt><trkpt lat="-26.990945" lon="-48.629167"><ele>0.9</ele></trkpt><trkpt lat="-26.990945" lon="-48.629167"><ele>0.9</ele></trkpt><trkpt lat="-26.990945" lon="-48.629167"><ele>0.9</ele></trkpt><trkpt lat="-26.990945" lon="-48.629167"><ele>0.9</ele></trkpt><trkpt lat="-26.990945" lon="-48.629167"><ele>0.9</ele></trkpt><trkpt lat="-26.990945" lon="-48.629167"><ele>0.9</ele></trkpt><trkpt lat="-26.990945" lon="-48.629167"><ele>0.9</ele></trkpt><trkpt lat="-26.990945" lon="-48.629167"><ele>0.9</ele></trkpt><trkpt lat="-26.990945" lon="-48.629167"><ele>0.9</ele></trkpt><trkpt lat="-26.990945" lon="-48.629167"><ele>0.9</ele></trkpt><trkpt lat="-26.990945" lon="-48.629167"><ele>0.9</ele></trkpt><trkpt lat="-26.990945" lon="-48.629167"><ele>0.9</ele></trkpt><trkpt lat="-26.990945" lon="-48.629167"><ele>0.9</ele></trkpt><trkpt lat="-26.990945" lon="-48.629167"><ele>0.9</ele></trkpt><trkpt lat="-26.990945" lon="-48.629167"><ele>0.9</ele></trkpt><trkpt lat="-26.990945" lon="-48.629167"><ele>0.9</ele></trkpt><trkpt lat="-26.990945" lon="-48.629167"><ele>0.9</ele></trkpt><trkpt lat="-26.990945" lon="-48.629167"><ele>0.9</ele></trkpt><trkpt lat="-26.990945" lon="-48.629167"><ele>0.9</ele></trkpt><trkpt lat="-26.990945" lon="-48.629167"><ele>0.9</ele></trkpt><trkpt lat="-26.990945" lon="-48.629167"><ele>0.9</ele></trkpt><trkpt lat="-26.990945" lon="-48.629167"><ele>0.9</ele></trkpt><trkpt lat="-26.990945" lon="-48.629167"><ele>0.9</ele></trkpt><trkpt lat="-26.990945" lon="-48.629167"><ele>0.9</ele></trkpt><trkpt lat="-26.990945" lon="-48.629167"><ele>0.9</ele></trkpt><trkpt lat="-26.990945" lon="-48.629167"><ele>0.9</ele></trkpt><trkpt lat="-26.990945" lon="-48.629167"><ele>0.9</ele></trkpt><trkpt lat="-26.990945" lon="-48.629167"><ele>0.9</ele></trkpt><trkpt lat="-26.990945" lon="-48.629167"><ele>0.9</ele></trkpt><trkpt lat="-26.990945" lon="-48.629167"><ele>0.9</ele></trkpt><trkpt lat="-26.990945" lon="-48.629167"><ele>0.9</ele></trkpt><trkpt lat="-26.990945" lon="-48.629167"><ele>0.9</ele></trkpt><trkpt lat="-26.990945" lon="-48.629167"><ele>0.9</ele></trkpt><trkpt lat="-26.990945" lon="-48.629167"><ele>0.9</ele></trkpt><trkpt lat="-26.990945" lon="-48.629167"><ele>0.9</ele></trkpt><trkpt lat="-26.990945" lon="-48.629167"><ele>0.9</ele></trkpt><trkpt lat="-26.990945" lon="-48.629167"><ele>0.9</ele></trkpt><trkpt lat="-26.990945" lon="-48.629167"><ele>0.9</ele></trkpt><trkpt lat="-26.990945" lon="-48.629167"><ele>0.9</ele></trkpt><trkpt lat="-26.990945" lon="-48.629167"><ele>0.9</ele></trkpt><trkpt lat="-26.990945" lon="-48.629167"><ele>0.9</ele></trkpt><trkpt lat="-26.990945" lon="-48.629167"><ele>0.9</ele></trkpt><trkpt lat="-26.990945" lon="-48.629167"><ele>0.9</ele></trkpt><trkpt lat="-26.990945" lon="-48.629167"><ele>0.9</ele></trkpt><trkpt lat="-26.990945" lon="-48.629167"><ele>0.9</ele></trkpt><trkpt lat="-26.990945" lon="-48.629167"><ele>0.9</ele></trkpt><trkpt lat="-26.990945" lon="-48.629167"><ele>0.9</ele></trkpt><trkpt lat="-26.990945" lon="-48.629167"><ele>0.9</ele></trkpt><trkpt lat="-26.990955" lon="-48.629195"><ele>5.3</ele></trkpt><trkpt lat="-26.990955" lon="-48.629192"><ele>5.6</ele></trkpt><trkpt lat="-26.990953" lon="-48.6292"><ele>5.5</ele></trkpt><trkpt lat="-26.990947" lon="-48.629205"><ele>5.2</ele></trkpt><trkpt lat="-26.990947" lon="-48.629205"><ele>5.2</ele></trkpt><trkpt lat="-26.990947" lon="-48.629205"><ele>5.2</ele></trkpt><trkpt lat="-26.990947" lon="-48.629205"><ele>5.2</ele></trkpt><trkpt lat="-26.990947" lon="-48.629205"><ele>5.2</ele></trkpt><trkpt lat="-26.990947" lon="-48.629205"><ele>5.2</ele></trkpt><trkpt lat="-26.990947" lon="-48.629205"><ele>5.2</ele></trkpt><trkpt lat="-26.990947" lon="-48.629205"><ele>5.2</ele></trkpt><trkpt lat="-26.990947" lon="-48.629205"><ele>5.2</ele></trkpt><trkpt lat="-26.990947" lon="-48.629205"><ele>5.2</ele></trkpt><trkpt lat="-26.990947" lon="-48.629205"><ele>5.2</ele></trkpt><trkpt lat="-26.990947" lon="-48.629205"><ele>5.2</ele></trkpt><trkpt lat="-26.990947" lon="-48.629205"><ele>5.2</ele></trkpt><trkpt lat="-26.990947" lon="-48.629205"><ele>5.2</ele></trkpt><trkpt lat="-26.990947" lon="-48.629205"><ele>5.2</ele></trkpt><trkpt lat="-26.990947" lon="-48.629205"><ele>5.2</ele></trkpt><trkpt lat="-26.990947" lon="-48.629205"><ele>5.2</ele></trkpt><trkpt lat="-26.990947" lon="-48.629205"><ele>5.2</ele></trkpt><trkpt lat="-26.990947" lon="-48.629205"><ele>5.2</ele></trkpt><trkpt lat="-26.990947" lon="-48.629205"><ele>5.2</ele></trkpt><trkpt lat="-26.990947" lon="-48.629205"><ele>5.2</ele></trkpt><trkpt lat="-26.990947" lon="-48.629205"><ele>5.2</ele></trkpt><trkpt lat="-26.990947" lon="-48.629205"><ele>5.2</ele></trkpt><trkpt lat="-26.990947" lon="-48.629205"><ele>5.2</ele></trkpt><trkpt lat="-26.990947" lon="-48.629205"><ele>5.2</ele></trkpt><trkpt lat="-26.990947" lon="-48.629205"><ele>5.2</ele></trkpt><trkpt lat="-26.990947" lon="-48.629205"><ele>5.2</ele></trkpt><trkpt lat="-26.990947" lon="-48.629205"><ele>5.2</ele></trkpt><trkpt lat="-26.990947" lon="-48.629205"><ele>5.2</ele></trkpt><trkpt lat="-26.990947" lon="-48.629205"><ele>5.2</ele></trkpt><trkpt lat="-26.990947" lon="-48.629205"><ele>5.2</ele></trkpt><trkpt lat="-26.990947" lon="-48.629205"><ele>5.2</ele></trkpt><trkpt lat="-26.990947" lon="-48.629205"><ele>5.2</ele></trkpt><trkpt lat="-26.990947" lon="-48.629205"><ele>5.2</ele></trkpt><trkpt lat="-26.990947" lon="-48.629205"><ele>5.2</ele></trkpt><trkpt lat="-26.990947" lon="-48.629205"><ele>5.2</ele></trkpt><trkpt lat="-26.990947" lon="-48.629205"><ele>5.2</ele></trkpt><trkpt lat="-26.990947" lon="-48.629205"><ele>5.2</ele></trkpt><trkpt lat="-26.990947" lon="-48.629205"><ele>5.2</ele></trkpt><trkpt lat="-26.990947" lon="-48.629205"><ele>5.2</ele></trkpt><trkpt lat="-26.990947" lon="-48.629205"><ele>5.2</ele></trkpt><trkpt lat="-26.990947" lon="-48.629205"><ele>5.2</ele></trkpt><trkpt lat="-26.990947" lon="-48.629205"><ele>5.2</ele></trkpt><trkpt lat="-26.990947" lon="-48.629205"><ele>5.2</ele></trkpt><trkpt lat="-26.990947" lon="-48.629205"><ele>5.2</ele></trkpt><trkpt lat="-26.990947" lon="-48.629205"><ele>5.2</ele></trkpt><trkpt lat="-26.990947" lon="-48.629205"><ele>5.2</ele></trkpt><trkpt lat="-26.990947" lon="-48.629205"><ele>5.2</ele></trkpt><trkpt lat="-26.990947" lon="-48.629205"><ele>5.2</ele></trkpt><trkpt lat="-26.990947" lon="-48.629205"><ele>5.2</ele></trkpt><trkpt lat="-26.990947" lon="-48.629205"><ele>5.2</ele></trkpt><trkpt lat="-26.990947" lon="-48.629205"><ele>5.2</ele></trkpt><trkpt lat="-26.990947" lon="-48.629205"><ele>5.2</ele></trkpt><trkpt lat="-26.990947" lon="-48.629205"><ele>5.2</ele></trkpt><trkpt lat="-26.990947" lon="-48.629205"><ele>5.2</ele></trkpt><trkpt lat="-26.990947" lon="-48.629205"><ele>5.2</ele></trkpt><trkpt lat="-26.990947" lon="-48.629205"><ele>5.2</ele></trkpt><trkpt lat="-26.990947" lon="-48.629205"><ele>5.2</ele></trkpt><trkpt lat="-26.990947" lon="-48.629205"><ele>5.2</ele></trkpt><trkpt lat="-26.990947" lon="-48.629205"><ele>5.2</ele></trkpt><trkpt lat="-26.990947" lon="-48.629205"><ele>5.2</ele></trkpt><trkpt lat="-26.990947" lon="-48.629205"><ele>5.2</ele></trkpt><trkpt lat="-26.990947" lon="-48.629205"><ele>5.2</ele></trkpt><trkpt lat="-26.990947" lon="-48.629205"><ele>5.2</ele></trkpt><trkpt lat="-26.990947" lon="-48.629205"><ele>5.2</ele></trkpt><trkpt lat="-26.990947" lon="-48.629205"><ele>5.2</ele></trkpt><trkpt lat="-26.990947" lon="-48.629205"><ele>5.2</ele></trkpt><trkpt lat="-26.990947" lon="-48.629205"><ele>5.2</ele></trkpt><trkpt lat="-26.990947" lon="-48.629205"><ele>5.2</ele></trkpt><trkpt lat="-26.990947" lon="-48.629205"><ele>5.2</ele></trkpt><trkpt lat="-26.990947" lon="-48.629205"><ele>5.2</ele></trkpt><trkpt lat="-26.990947" lon="-48.629205"><ele>5.2</ele></trkpt><trkpt lat="-26.990947" lon="-48.629205"><ele>5.2</ele></trkpt><trkpt lat="-26.990947" lon="-48.629205"><ele>5.2</ele></trkpt><trkpt lat="-26.990947" lon="-48.629205"><ele>5.2</ele></trkpt><trkpt lat="-26.990947" lon="-48.629205"><ele>5.2</ele></trkpt><trkpt lat="-26.990947" lon="-48.629205"><ele>5.2</ele></trkpt><trkpt lat="-26.990947" lon="-48.629205"><ele>5.2</ele></trkpt><trkpt lat="-26.990947" lon="-48.629205"><ele>5.2</ele></trkpt><trkpt lat="-26.990947" lon="-48.629205"><ele>5.2</ele></trkpt><trkpt lat="-26.990947" lon="-48.629205"><ele>5.2</ele></trkpt><trkpt lat="-26.990947" lon="-48.629205"><ele>5.2</ele></trkpt><trkpt lat="-26.990947" lon="-48.629205"><ele>5.2</ele></trkpt><trkpt lat="-26.990947" lon="-48.629205"><ele>5.2</ele></trkpt><trkpt lat="-26.990947" lon="-48.629205"><ele>5.2</ele></trkpt><trkpt lat="-26.990947" lon="-48.629205"><ele>5.2</ele></trkpt><trkpt lat="-26.990947" lon="-48.629205"><ele>5.2</ele></trkpt><trkpt lat="-26.990947" lon="-48.629205"><ele>5.2</ele></trkpt><trkpt lat="-26.990947" lon="-48.629205"><ele>5.2</ele></trkpt><trkpt lat="-26.990947" lon="-48.629205"><ele>5.2</ele></trkpt><trkpt lat="-26.990947" lon="-48.629205"><ele>5.2</ele></trkpt><trkpt lat="-26.990947" lon="-48.629205"><ele>5.2</ele></trkpt><trkpt lat="-26.990947" lon="-48.629205"><ele>5.2</ele></trkpt><trkpt lat="-26.990947" lon="-48.629205"><ele>5.2</ele></trkpt><trkpt lat="-26.990947" lon="-48.629205"><ele>5.2</ele></trkpt><trkpt lat="-26.990947" lon="-48.629205"><ele>5.2</ele></trkpt><trkpt lat="-26.990947" lon="-48.629205"><ele>5.2</ele></trkpt><trkpt lat="-26.990947" lon="-48.629205"><ele>5.2</ele></trkpt><trkpt lat="-26.990947" lon="-48.629205"><ele>5.2</ele></trkpt><trkpt lat="-26.990947" lon="-48.629205"><ele>5.2</ele></trkpt><trkpt lat="-26.990947" lon="-48.629205"><ele>5.2</ele></trkpt><trkpt lat="-26.990947" lon="-48.629205"><ele>5.2</ele></trkpt><trkpt lat="-26.990947" lon="-48.629205"><ele>5.2</ele></trkpt><trkpt lat="-26.990947" lon="-48.629205"><ele>5.2</ele></trkpt><trkpt lat="-26.990947" lon="-48.629205"><ele>5.2</ele></trkpt><trkpt lat="-26.990947" lon="-48.629205"><ele>5.2</ele></trkpt><trkpt lat="-26.990947" lon="-48.629205"><ele>5.2</ele></trkpt><trkpt lat="-26.990947" lon="-48.629205"><ele>5.2</ele></trkpt><trkpt lat="-26.990947" lon="-48.629205"><ele>5.2</ele></trkpt><trkpt lat="-26.990947" lon="-48.629205"><ele>5.2</ele></trkpt><trkpt lat="-26.990947" lon="-48.629205"><ele>5.2</ele></trkpt><trkpt lat="-26.990947" lon="-48.629205"><ele>5.2</ele></trkpt><trkpt lat="-26.990947" lon="-48.629205"><ele>5.2</ele></trkpt><trkpt lat="-26.990947" lon="-48.629205"><ele>5.2</ele></trkpt><trkpt lat="-26.990947" lon="-48.629205"><ele>5.2</ele></trkpt><trkpt lat="-26.990947" lon="-48.629205"><ele>5.2</ele></trkpt><trkpt lat="-26.990947" lon="-48.629205"><ele>5.2</ele></trkpt><trkpt lat="-26.990947" lon="-48.629205"><ele>5.2</ele></trkpt><trkpt lat="-26.990947" lon="-48.629205"><ele>5.2</ele></trkpt><trkpt lat="-26.990947" lon="-48.629205"><ele>5.2</ele></trkpt><trkpt lat="-26.990963" lon="-48.629168"><ele>3.3</ele></trkpt><trkpt lat="-26.990968" lon="-48.62917"><ele>3.3</ele></trkpt><trkpt lat="-26.990972" lon="-48.629172"><ele>3.3</ele></trkpt><trkpt lat="-26.990978" lon="-48.629173"><ele>3.3</ele></trkpt><trkpt lat="-26.990978" lon="-48.629173"><ele>3.3</ele></trkpt><trkpt lat="-26.990978" lon="-48.629173"><ele>3.3</ele></trkpt><trkpt lat="-26.990978" lon="-48.629173"><ele>3.3</ele></trkpt><trkpt lat="-26.990978" lon="-48.629173"><ele>3.3</ele></trkpt><trkpt lat="-26.990978" lon="-48.629173"><ele>3.3</ele></trkpt><trkpt lat="-26.990978" lon="-48.629173"><ele>3.3</ele></trkpt><trkpt lat="-26.990978" lon="-48.629173"><ele>3.3</ele></trkpt><trkpt lat="-26.990978" lon="-48.629173"><ele>3.3</ele></trkpt><trkpt lat="-26.990978" lon="-48.629173"><ele>3.3</ele></trkpt><trkpt lat="-26.990978" lon="-48.629173"><ele>3.3</ele></trkpt><trkpt lat="-26.990978" lon="-48.629173"><ele>3.3</ele></trkpt><trkpt lat="-26.990978" lon="-48.629173"><ele>3.3</ele></trkpt><trkpt lat="-26.990978" lon="-48.629173"><ele>3.3</ele></trkpt><trkpt lat="-26.990978" lon="-48.629173"><ele>3.3</ele></trkpt><trkpt lat="-26.990978" lon="-48.629173"><ele>3.3</ele></trkpt><trkpt lat="-26.990978" lon="-48.629173"><ele>3.3</ele></trkpt><trkpt lat="-26.990978" lon="-48.629173"><ele>3.3</ele></trkpt><trkpt lat="-26.990978" lon="-48.629173"><ele>3.3</ele></trkpt><trkpt lat="-26.990978" lon="-48.629173"><ele>3.3</ele></trkpt><trkpt lat="-26.990978" lon="-48.629173"><ele>3.3</ele></trkpt><trkpt lat="-26.990978" lon="-48.629173"><ele>3.3</ele></trkpt><trkpt lat="-26.990978" lon="-48.629173"><ele>3.3</ele></trkpt><trkpt lat="-26.990978" lon="-48.629173"><ele>3.3</ele></trkpt><trkpt lat="-26.990978" lon="-48.629173"><ele>3.3</ele></trkpt><trkpt lat="-26.990978" lon="-48.629173"><ele>3.3</ele></trkpt><trkpt lat="-26.990978" lon="-48.629173"><ele>3.3</ele></trkpt><trkpt lat="-26.990978" lon="-48.629173"><ele>3.3</ele></trkpt><trkpt lat="-26.990978" lon="-48.629173"><ele>3.3</ele></trkpt><trkpt lat="-26.990978" lon="-48.629173"><ele>3.3</ele></trkpt><trkpt lat="-26.990978" lon="-48.629173"><ele>3.3</ele></trkpt><trkpt lat="-26.990978" lon="-48.629173"><ele>3.3</ele></trkpt><trkpt lat="-26.990978" lon="-48.629173"><ele>3.3</ele></trkpt><trkpt lat="-26.990978" lon="-48.629173"><ele>3.3</ele></trkpt><trkpt lat="-26.990978" lon="-48.629173"><ele>3.3</ele></trkpt><trkpt lat="-26.990978" lon="-48.629173"><ele>3.3</ele></trkpt><trkpt lat="-26.990978" lon="-48.629173"><ele>3.3</ele></trkpt><trkpt lat="-26.990978" lon="-48.629173"><ele>3.3</ele></trkpt><trkpt lat="-26.990978" lon="-48.629173"><ele>3.3</ele></trkpt><trkpt lat="-26.990978" lon="-48.629173"><ele>3.3</ele></trkpt><trkpt lat="-26.990978" lon="-48.629173"><ele>3.3</ele></trkpt><trkpt lat="-26.990978" lon="-48.629173"><ele>3.3</ele></trkpt><trkpt lat="-26.990978" lon="-48.629173"><ele>3.3</ele></trkpt><trkpt lat="-26.990978" lon="-48.629173"><ele>3.3</ele></trkpt><trkpt lat="-26.990978" lon="-48.629173"><ele>3.3</ele></trkpt><trkpt lat="-26.990958" lon="-48.629187"><ele>5</ele></trkpt><trkpt lat="-26.990962" lon="-48.629185"><ele>4.9</ele></trkpt><trkpt lat="-26.990962" lon="-48.629187"><ele>4.9</ele></trkpt><trkpt lat="-26.990962" lon="-48.629193"><ele>4.6</ele></trkpt><trkpt lat="-26.990962" lon="-48.629193"><ele>4.6</ele></trkpt><trkpt lat="-26.990962" lon="-48.629193"><ele>4.6</ele></trkpt><trkpt lat="-26.990962" lon="-48.629193"><ele>4.6</ele></trkpt><trkpt lat="-26.990962" lon="-48.629193"><ele>4.6</ele></trkpt><trkpt lat="-26.990962" lon="-48.629193"><ele>4.6</ele></trkpt><trkpt lat="-26.990962" lon="-48.629193"><ele>4.6</ele></trkpt><trkpt lat="-26.990962" lon="-48.629193"><ele>4.6</ele></trkpt><trkpt lat="-26.990962" lon="-48.629193"><ele>4.6</ele></trkpt><trkpt lat="-26.990962" lon="-48.629193"><ele>4.6</ele></trkpt><trkpt lat="-26.990962" lon="-48.629193"><ele>4.6</ele></trkpt><trkpt lat="-26.990962" lon="-48.629193"><ele>4.6</ele></trkpt><trkpt lat="-26.990962" lon="-48.629193"><ele>4.6</ele></trkpt><trkpt lat="-26.990962" lon="-48.629193"><ele>4.6</ele></trkpt><trkpt lat="-26.990962" lon="-48.629193"><ele>4.6</ele></trkpt><trkpt lat="-26.990962" lon="-48.629193"><ele>4.6</ele></trkpt><trkpt lat="-26.990962" lon="-48.629193"><ele>4.6</ele></trkpt><trkpt lat="-26.990962" lon="-48.629193"><ele>4.6</ele></trkpt><trkpt lat="-26.990962" lon="-48.629193"><ele>4.6</ele></trkpt><trkpt lat="-26.990962" lon="-48.629193"><ele>4.6</ele></trkpt><trkpt lat="-26.990962" lon="-48.629193"><ele>4.6</ele></trkpt><trkpt lat="-26.990962" lon="-48.629193"><ele>4.6</ele></trkpt><trkpt lat="-26.990962" lon="-48.629193"><ele>4.6</ele></trkpt><trkpt lat="-26.990962" lon="-48.629193"><ele>4.6</ele></trkpt><trkpt lat="-26.990962" lon="-48.629193"><ele>4.6</ele></trkpt><trkpt lat="-26.990962" lon="-48.629193"><ele>4.6</ele></trkpt><trkpt lat="-26.990962" lon="-48.629193"><ele>4.6</ele></trkpt><trkpt lat="-26.990962" lon="-48.629193"><ele>4.6</ele></trkpt><trkpt lat="-26.990962" lon="-48.629193"><ele>4.6</ele></trkpt><trkpt lat="-26.990962" lon="-48.629193"><ele>4.6</ele></trkpt><trkpt lat="-26.990962" lon="-48.629193"><ele>4.6</ele></trkpt><trkpt lat="-26.990962" lon="-48.629193"><ele>4.6</ele></trkpt><trkpt lat="-26.990962" lon="-48.629193"><ele>4.6</ele></trkpt><trkpt lat="-26.990962" lon="-48.629193"><ele>4.6</ele></trkpt><trkpt lat="-26.99097" lon="-48.629193"><ele>3.4</ele></trkpt><trkpt lat="-26.990968" lon="-48.62919"><ele>3.6</ele></trkpt><trkpt lat="-26.990967" lon="-48.629192"><ele>3.8</ele></trkpt><trkpt lat="-26.99096" lon="-48.629197"><ele>3.9</ele></trkpt><trkpt lat="-26.99096" lon="-48.629197"><ele>3.9</ele></trkpt><trkpt lat="-26.99096" lon="-48.629197"><ele>3.9</ele></trkpt><trkpt lat="-26.99096" lon="-48.629197"><ele>3.9</ele></trkpt><trkpt lat="-26.99096" lon="-48.629197"><ele>3.9</ele></trkpt><trkpt lat="-26.99096" lon="-48.629197"><ele>3.9</ele></trkpt><trkpt lat="-26.99096" lon="-48.629197"><ele>3.9</ele></trkpt><trkpt lat="-26.99096" lon="-48.629197"><ele>3.9</ele></trkpt><trkpt lat="-26.99096" lon="-48.629197"><ele>3.9</ele></trkpt><trkpt lat="-26.99096" lon="-48.629197"><ele>3.9</ele></trkpt><trkpt lat="-26.99096" lon="-48.629197"><ele>3.9</ele></trkpt><trkpt lat="-26.99096" lon="-48.629197"><ele>3.9</ele></trkpt><trkpt lat="-26.99096" lon="-48.629197"><ele>3.9</ele></trkpt><trkpt lat="-26.99096" lon="-48.629197"><ele>3.9</ele></trkpt><trkpt lat="-26.99096" lon="-48.629197"><ele>3.9</ele></trkpt><trkpt lat="-26.99096" lon="-48.629197"><ele>3.9</ele></trkpt><trkpt lat="-26.99096" lon="-48.629197"><ele>3.9</ele></trkpt><trkpt lat="-26.99096" lon="-48.629197"><ele>3.9</ele></trkpt><trkpt lat="-26.99096" lon="-48.629197"><ele>3.9</ele></trkpt><trkpt lat="-26.99096" lon="-48.629197"><ele>3.9</ele></trkpt><trkpt lat="-26.99096" lon="-48.629197"><ele>3.9</ele></trkpt><trkpt lat="-26.99096" lon="-48.629197"><ele>3.9</ele></trkpt><trkpt lat="-26.99096" lon="-48.629197"><ele>3.9</ele></trkpt><trkpt lat="-26.99096" lon="-48.629197"><ele>3.9</ele></trkpt><trkpt lat="-26.99096" lon="-48.629197"><ele>3.9</ele></trkpt><trkpt lat="-26.99096" lon="-48.629197"><ele>3.9</ele></trkpt><trkpt lat="-26.99096" lon="-48.629197"><ele>3.9</ele></trkpt><trkpt lat="-26.99096" lon="-48.629197"><ele>3.9</ele></trkpt><trkpt lat="-26.99096" lon="-48.629197"><ele>3.9</ele></trkpt><trkpt lat="-26.99096" lon="-48.629197"><ele>3.9</ele></trkpt><trkpt lat="-26.99096" lon="-48.629197"><ele>3.9</ele></trkpt><trkpt lat="-26.99096" lon="-48.629197"><ele>3.9</ele></trkpt><trkpt lat="-26.99096" lon="-48.629197"><ele>3.9</ele></trkpt><trkpt lat="-26.99096" lon="-48.629197"><ele>3.9</ele></trkpt><trkpt lat="-26.99096" lon="-48.629197"><ele>3.9</ele></trkpt><trkpt lat="-26.99096" lon="-48.629197"><ele>3.9</ele></trkpt><trkpt lat="-26.99096" lon="-48.629197"><ele>3.9</ele></trkpt><trkpt lat="-26.99096" lon="-48.629197"><ele>3.9</ele></trkpt><trkpt lat="-26.99096" lon="-48.629197"><ele>3.9</ele></trkpt><trkpt lat="-26.99096" lon="-48.629197"><ele>3.9</ele></trkpt><trkpt lat="-26.99096" lon="-48.629197"><ele>3.9</ele></trkpt><trkpt lat="-26.99096" lon="-48.629197"><ele>3.9</ele></trkpt><trkpt lat="-26.99096" lon="-48.629197"><ele>3.9</ele></trkpt><trkpt lat="-26.99096" lon="-48.629197"><ele>3.9</ele></trkpt><trkpt lat="-26.99096" lon="-48.629197"><ele>3.9</ele></trkpt><trkpt lat="-26.99096" lon="-48.629197"><ele>3.9</ele></trkpt><trkpt lat="-26.99096" lon="-48.629197"><ele>3.9</ele></trkpt><trkpt lat="-26.990947" lon="-48.62919"><ele>1.8</ele></trkpt><trkpt lat="-26.99095" lon="-48.629188"><ele>1.7</ele></trkpt><trkpt lat="-26.990948" lon="-48.629187"><ele>1.5</ele></trkpt><trkpt lat="-26.990947" lon="-48.629188"><ele>1.5</ele></trkpt><trkpt lat="-26.990947" lon="-48.62919"><ele>1.3</ele></trkpt><trkpt lat="-26.99095" lon="-48.629188"><ele>1</ele></trkpt><trkpt lat="-26.99095" lon="-48.629188"><ele>1</ele></trkpt><trkpt lat="-26.99095" lon="-48.629188"><ele>1</ele></trkpt><trkpt lat="-26.99095" lon="-48.629188"><ele>1</ele></trkpt><trkpt lat="-26.99095" lon="-48.629188"><ele>1</ele></trkpt><trkpt lat="-26.99095" lon="-48.629188"><ele>1</ele></trkpt><trkpt lat="-26.99095" lon="-48.629188"><ele>1</ele></trkpt><trkpt lat="-26.99095" lon="-48.629188"><ele>1</ele></trkpt><trkpt lat="-26.99095" lon="-48.629188"><ele>1</ele></trkpt><trkpt lat="-26.99095" lon="-48.629188"><ele>1</ele></trkpt><trkpt lat="-26.99095" lon="-48.629188"><ele>1</ele></trkpt><trkpt lat="-26.99095" lon="-48.629188"><ele>1</ele></trkpt><trkpt lat="-26.99095" lon="-48.629188"><ele>1</ele></trkpt><trkpt lat="-26.99095" lon="-48.629188"><ele>1</ele></trkpt><trkpt lat="-26.99095" lon="-48.629188"><ele>1</ele></trkpt><trkpt lat="-26.99095" lon="-48.629188"><ele>1</ele></trkpt><trkpt lat="-26.99095" lon="-48.629188"><ele>1</ele></trkpt><trkpt lat="-26.99095" lon="-48.629188"><ele>1</ele></trkpt><trkpt lat="-26.99095" lon="-48.629188"><ele>1</ele></trkpt><trkpt lat="-26.99095" lon="-48.629188"><ele>1</ele></trkpt><trkpt lat="-26.99095" lon="-48.629188"><ele>1</ele></trkpt><trkpt lat="-26.99095" lon="-48.629188"><ele>1</ele></trkpt><trkpt lat="-26.99095" lon="-48.629188"><ele>1</ele></trkpt><trkpt lat="-26.99095" lon="-48.629188"><ele>1</ele></trkpt><trkpt lat="-26.99095" lon="-48.629188"><ele>1</ele></trkpt><trkpt lat="-26.99095" lon="-48.629188"><ele>1</ele></trkpt><trkpt lat="-26.99095" lon="-48.629188"><ele>1</ele></trkpt><trkpt lat="-26.99095" lon="-48.629188"><ele>1</ele></trkpt><trkpt lat="-26.99095" lon="-48.629188"><ele>1</ele></trkpt><trkpt lat="-26.99095" lon="-48.629188"><ele>1</ele></trkpt><trkpt lat="-26.99095" lon="-48.629188"><ele>1</ele></trkpt><trkpt lat="-26.99095" lon="-48.629188"><ele>1</ele></trkpt><trkpt lat="-26.99095" lon="-48.629188"><ele>1</ele></trkpt><trkpt lat="-26.99095" lon="-48.629188"><ele>1</ele></trkpt><trkpt lat="-26.99095" lon="-48.629188"><ele>1</ele></trkpt><trkpt lat="-26.99095" lon="-48.629188"><ele>1</ele></trkpt><trkpt lat="-26.99095" lon="-48.629188"><ele>1</ele></trkpt><trkpt lat="-26.99095" lon="-48.629188"><ele>1</ele></trkpt><trkpt lat="-26.99095" lon="-48.629188"><ele>1</ele></trkpt><trkpt lat="-26.99095" lon="-48.629188"><ele>1</ele></trkpt><trkpt lat="-26.99095" lon="-48.629188"><ele>1</ele></trkpt><trkpt lat="-26.99095" lon="-48.629188"><ele>1</ele></trkpt><trkpt lat="-26.99095" lon="-48.629188"><ele>1</ele></trkpt><trkpt lat="-26.99095" lon="-48.629188"><ele>1</ele></trkpt><trkpt lat="-26.99095" lon="-48.629188"><ele>1</ele></trkpt><trkpt lat="-26.99095" lon="-48.629188"><ele>1</ele></trkpt><trkpt lat="-26.99095" lon="-48.629188"><ele>1</ele></trkpt><trkpt lat="-26.99095" lon="-48.629188"><ele>1</ele></trkpt><trkpt lat="-26.99095" lon="-48.629188"><ele>1</ele></trkpt><trkpt lat="-26.99095" lon="-48.629188"><ele>1</ele></trkpt><trkpt lat="-26.99095" lon="-48.629188"><ele>1</ele></trkpt><trkpt lat="-26.99095" lon="-48.629188"><ele>1</ele></trkpt><trkpt lat="-26.99095" lon="-48.629188"><ele>1</ele></trkpt><trkpt lat="-26.990972" lon="-48.629212"><ele>-3.1</ele></trkpt><trkpt lat="-26.99097" lon="-48.629208"><ele>-3.1</ele></trkpt><trkpt lat="-26.990968" lon="-48.62921"><ele>-3.1</ele></trkpt><trkpt lat="-26.990967" lon="-48.629208"><ele>-3</ele></trkpt><trkpt lat="-26.990965" lon="-48.629208"><ele>-2.7</ele></trkpt><trkpt lat="-26.990962" lon="-48.629207"><ele>-2.9</ele></trkpt><trkpt lat="-26.990962" lon="-48.629208"><ele>-3.1</ele></trkpt><trkpt lat="-26.990958" lon="-48.62921"><ele>-3.4</ele></trkpt><trkpt lat="-26.990957" lon="-48.629215"><ele>-3.7</ele></trkpt><trkpt lat="-26.990953" lon="-48.629222"><ele>-4.1</ele></trkpt><trkpt lat="-26.990953" lon="-48.629225"><ele>-4</ele></trkpt><trkpt lat="-26.990957" lon="-48.629223"><ele>-4.1</ele></trkpt><trkpt lat="-26.990958" lon="-48.629225"><ele>-4.1</ele></trkpt><trkpt lat="-26.99096" lon="-48.629225"><ele>-4</ele></trkpt><trkpt lat="-26.99096" lon="-48.629225"><ele>-4</ele></trkpt><trkpt lat="-26.990958" lon="-48.629227"><ele>-4</ele></trkpt><trkpt lat="-26.99096" lon="-48.629227"><ele>-4</ele></trkpt><trkpt lat="-26.99096" lon="-48.629227"><ele>-4</ele></trkpt><trkpt lat="-26.99096" lon="-48.629227"><ele>-4</ele></trkpt><trkpt lat="-26.99096" lon="-48.629227"><ele>-4</ele></trkpt><trkpt lat="-26.99096" lon="-48.629227"><ele>-4</ele></trkpt><trkpt lat="-26.99096" lon="-48.629227"><ele>-4</ele></trkpt><trkpt lat="-26.99096" lon="-48.629227"><ele>-4</ele></trkpt><trkpt lat="-26.99096" lon="-48.629227"><ele>-4</ele></trkpt><trkpt lat="-26.99096" lon="-48.629227"><ele>-4</ele></trkpt><trkpt lat="-26.99096" lon="-48.629227"><ele>-4</ele></trkpt><trkpt lat="-26.99096" lon="-48.629227"><ele>-4</ele></trkpt><trkpt lat="-26.99096" lon="-48.629227"><ele>-4</ele></trkpt><trkpt lat="-26.99096" lon="-48.629227"><ele>-4</ele></trkpt><trkpt lat="-26.99096" lon="-48.629227"><ele>-4</ele></trkpt><trkpt lat="-26.99096" lon="-48.629227"><ele>-4</ele></trkpt><trkpt lat="-26.99096" lon="-48.629227"><ele>-4</ele></trkpt><trkpt lat="-26.99096" lon="-48.629227"><ele>-4</ele></trkpt><trkpt lat="-26.99096" lon="-48.629227"><ele>-4</ele></trkpt><trkpt lat="-26.99096" lon="-48.629227"><ele>-4</ele></trkpt><trkpt lat="-26.99096" lon="-48.629227"><ele>-4</ele></trkpt><trkpt lat="-26.99096" lon="-48.629227"><ele>-4</ele></trkpt><trkpt lat="-26.99096" lon="-48.629227"><ele>-4</ele></trkpt><trkpt lat="-26.99096" lon="-48.629227"><ele>-4</ele></trkpt><trkpt lat="-26.99096" lon="-48.629227"><ele>-4</ele></trkpt><trkpt lat="-26.99096" lon="-48.629227"><ele>-4</ele></trkpt><trkpt lat="-26.99096" lon="-48.629227"><ele>-4</ele></trkpt><trkpt lat="-26.99096" lon="-48.629227"><ele>-4</ele></trkpt><trkpt lat="-26.99096" lon="-48.629227"><ele>-4</ele></trkpt><trkpt lat="-26.99096" lon="-48.629227"><ele>-4</ele></trkpt><trkpt lat="-26.99096" lon="-48.629227"><ele>-4</ele></trkpt><trkpt lat="-26.99096" lon="-48.629227"><ele>-4</ele></trkpt><trkpt lat="-26.99096" lon="-48.629227"><ele>-4</ele></trkpt><trkpt lat="-26.99096" lon="-48.629227"><ele>-4</ele></trkpt><trkpt lat="-26.99096" lon="-48.629227"><ele>-4</ele></trkpt><trkpt lat="-26.990982" lon="-48.62921"><ele>-2.5</ele></trkpt><trkpt lat="-26.990982" lon="-48.629208"><ele>-2.6</ele></trkpt><trkpt lat="-26.99098" lon="-48.629207"><ele>-2.8</ele></trkpt><trkpt lat="-26.990978" lon="-48.629207"><ele>-2.8</ele></trkpt><trkpt lat="-26.990978" lon="-48.629207"><ele>-2.8</ele></trkpt><trkpt lat="-26.990978" lon="-48.629207"><ele>-2.8</ele></trkpt><trkpt lat="-26.990978" lon="-48.629207"><ele>-2.8</ele></trkpt><trkpt lat="-26.990978" lon="-48.629207"><ele>-2.8</ele></trkpt><trkpt lat="-26.990978" lon="-48.629207"><ele>-2.8</ele></trkpt><trkpt lat="-26.990978" lon="-48.629207"><ele>-2.8</ele></trkpt><trkpt lat="-26.990978" lon="-48.629207"><ele>-2.8</ele></trkpt><trkpt lat="-26.990978" lon="-48.629207"><ele>-2.8</ele></trkpt><trkpt lat="-26.99096" lon="-48.629228"><ele>-3.4</ele></trkpt><trkpt lat="-26.990955" lon="-48.629232"><ele>-3.6</ele></trkpt><trkpt lat="-26.99095" lon="-48.629233"><ele>-3.7</ele></trkpt><trkpt lat="-26.990948" lon="-48.629238"><ele>-3.8</ele></trkpt><trkpt lat="-26.990948" lon="-48.629238"><ele>-3.8</ele></trkpt><trkpt lat="-26.990948" lon="-48.629238"><ele>-3.8</ele></trkpt><trkpt lat="-26.990948" lon="-48.629238"><ele>-3.8</ele></trkpt><trkpt lat="-26.990948" lon="-48.629238"><ele>-3.8</ele></trkpt><trkpt lat="-26.990948" lon="-48.629238"><ele>-3.8</ele></trkpt><trkpt lat="-26.990948" lon="-48.629238"><ele>-3.8</ele></trkpt><trkpt lat="-26.990948" lon="-48.629238"><ele>-3.8</ele></trkpt><trkpt lat="-26.990948" lon="-48.629238"><ele>-3.8</ele></trkpt><trkpt lat="-26.990948" lon="-48.629238"><ele>-3.8</ele></trkpt><trkpt lat="-26.990963" lon="-48.629252"><ele>-3.9</ele></trkpt><trkpt lat="-26.990973" lon="-48.629263"><ele>-4</ele></trkpt><trkpt lat="-26.990985" lon="-48.629273"><ele>-4.1</ele></trkpt><trkpt lat="-26.990997" lon="-48.629282"><ele>-4.2</ele></trkpt><trkpt lat="-26.991007" lon="-48.62929"><ele>-4.4</ele></trkpt><trkpt lat="-26.991022" lon="-48.62929"><ele>-4.7</ele></trkpt><trkpt lat="-26.991025" lon="-48.62929"><ele>-5.1</ele></trkpt><trkpt lat="-26.991025" lon="-48.629288"><ele>-5.3</ele></trkpt><trkpt lat="-26.991022" lon="-48.629287"><ele>-5.4</ele></trkpt><trkpt lat="-26.991018" lon="-48.629283"><ele>-5.3</ele></trkpt><trkpt lat="-26.991015" lon="-48.629282"><ele>-5.2</ele></trkpt><trkpt lat="-26.99101" lon="-48.629287"><ele>-4.9</ele></trkpt><trkpt lat="-26.991005" lon="-48.629285"><ele>-4.9</ele></trkpt><trkpt lat="-26.991" lon="-48.629285"><ele>-4.6</ele></trkpt><trkpt lat="-26.990997" lon="-48.629277"><ele>-4.5</ele></trkpt><trkpt lat="-26.990993" lon="-48.62927"><ele>-4.3</ele></trkpt><trkpt lat="-26.99099" lon="-48.629265"><ele>-4.1</ele></trkpt><trkpt lat="-26.99099" lon="-48.629265"><ele>-4.1</ele></trkpt><trkpt lat="-26.99099" lon="-48.629265"><ele>-4.1</ele></trkpt><trkpt lat="-26.99099" lon="-48.629265"><ele>-4.1</ele></trkpt><trkpt lat="-26.99099" lon="-48.629265"><ele>-4.1</ele></trkpt><trkpt lat="-26.99099" lon="-48.629265"><ele>-4.1</ele></trkpt><trkpt lat="-26.990973" lon="-48.629268"><ele>-3.8</ele></trkpt><trkpt lat="-26.990975" lon="-48.62927"><ele>-3.9</ele></trkpt><trkpt lat="-26.990975" lon="-48.629268"><ele>-3.8</ele></trkpt><trkpt lat="-26.990975" lon="-48.629263"><ele>-3.8</ele></trkpt><trkpt lat="-26.99098" lon="-48.629255"><ele>-3.6</ele></trkpt><trkpt lat="-26.990987" lon="-48.629247"><ele>-3.2</ele></trkpt><trkpt lat="-26.990997" lon="-48.629235"><ele>-2.6</ele></trkpt><trkpt lat="-26.991002" lon="-48.629228"><ele>-2.1</ele></trkpt><trkpt lat="-26.99101" lon="-48.629228"><ele>-1.8</ele></trkpt><trkpt lat="-26.991013" lon="-48.629227"><ele>-1.8</ele></trkpt><trkpt lat="-26.991022" lon="-48.629228"><ele>-1.9</ele></trkpt><trkpt lat="-26.991027" lon="-48.62923"><ele>-1.9</ele></trkpt><trkpt lat="-26.99103" lon="-48.629233"><ele>-1.6</ele></trkpt><trkpt lat="-26.991027" lon="-48.629242"><ele>-1.6</ele></trkpt><trkpt lat="-26.99102" lon="-48.629247"><ele>-1.5</ele></trkpt><trkpt lat="-26.991017" lon="-48.62925"><ele>-1.4</ele></trkpt><trkpt lat="-26.99101" lon="-48.629252"><ele>-1.5</ele></trkpt><trkpt lat="-26.991008" lon="-48.629255"><ele>-1.7</ele></trkpt><trkpt lat="-26.991005" lon="-48.629257"><ele>-1.9</ele></trkpt><trkpt lat="-26.991005" lon="-48.629257"><ele>-1.9</ele></trkpt><trkpt lat="-26.991005" lon="-48.629257"><ele>-1.9</ele></trkpt><trkpt lat="-26.991005" lon="-48.629257"><ele>-1.9</ele></trkpt><trkpt lat="-26.991005" lon="-48.629257"><ele>-1.9</ele></trkpt><trkpt lat="-26.991005" lon="-48.629257"><ele>-1.9</ele></trkpt><trkpt lat="-26.991005" lon="-48.629257"><ele>-1.9</ele></trkpt><trkpt lat="-26.991005" lon="-48.629257"><ele>-1.9</ele></trkpt><trkpt lat="-26.991005" lon="-48.629257"><ele>-1.9</ele></trkpt><trkpt lat="-26.991005" lon="-48.629257"><ele>-1.9</ele></trkpt><trkpt lat="-26.991005" lon="-48.629257"><ele>-1.9</ele></trkpt><trkpt lat="-26.991005" lon="-48.629257"><ele>-1.9</ele></trkpt><trkpt lat="-26.991005" lon="-48.629257"><ele>-1.9</ele></trkpt><trkpt lat="-26.991005" lon="-48.629257"><ele>-1.9</ele></trkpt><trkpt lat="-26.991005" lon="-48.629257"><ele>-1.9</ele></trkpt><trkpt lat="-26.991005" lon="-48.629257"><ele>-1.9</ele></trkpt><trkpt lat="-26.991005" lon="-48.629257"><ele>-1.9</ele></trkpt><trkpt lat="-26.991005" lon="-48.629257"><ele>-1.9</ele></trkpt><trkpt lat="-26.991005" lon="-48.629257"><ele>-1.9</ele></trkpt><trkpt lat="-26.991005" lon="-48.629257"><ele>-1.9</ele></trkpt><trkpt lat="-26.991005" lon="-48.629257"><ele>-1.9</ele></trkpt><trkpt lat="-26.990993" lon="-48.62929"><ele>-0.9</ele></trkpt><trkpt lat="-26.99099" lon="-48.629297"><ele>-0.5</ele></trkpt><trkpt lat="-26.990983" lon="-48.6293"><ele>-0.2</ele></trkpt><trkpt lat="-26.990978" lon="-48.629303"><ele>-0.2</ele></trkpt><trkpt lat="-26.990978" lon="-48.629303"><ele>-0.2</ele></trkpt><trkpt lat="-26.990978" lon="-48.629303"><ele>-0.2</ele></trkpt><trkpt lat="-26.990978" lon="-48.629303"><ele>-0.2</ele></trkpt><trkpt lat="-26.990978" lon="-48.629303"><ele>-0.2</ele></trkpt><trkpt lat="-26.990978" lon="-48.629303"><ele>-0.2</ele></trkpt><trkpt lat="-26.990978" lon="-48.629303"><ele>-0.2</ele></trkpt><trkpt lat="-26.990978" lon="-48.629303"><ele>-0.2</ele></trkpt><trkpt lat="-26.990978" lon="-48.629303"><ele>-0.2</ele></trkpt><trkpt lat="-26.990978" lon="-48.629303"><ele>-0.2</ele></trkpt><trkpt lat="-26.990978" lon="-48.629303"><ele>-0.2</ele></trkpt><trkpt lat="-26.990978" lon="-48.629303"><ele>-0.2</ele></trkpt><trkpt lat="-26.990978" lon="-48.629303"><ele>-0.2</ele></trkpt><trkpt lat="-26.990978" lon="-48.629303"><ele>-0.2</ele></trkpt><trkpt lat="-26.990978" lon="-48.629303"><ele>-0.2</ele></trkpt><trkpt lat="-26.990978" lon="-48.629303"><ele>-0.2</ele></trkpt><trkpt lat="-26.990978" lon="-48.629303"><ele>-0.2</ele></trkpt><trkpt lat="-26.990978" lon="-48.629303"><ele>-0.2</ele></trkpt><trkpt lat="-26.990978" lon="-48.629303"><ele>-0.2</ele></trkpt><trkpt lat="-26.990978" lon="-48.629303"><ele>-0.2</ele></trkpt><trkpt lat="-26.990978" lon="-48.629303"><ele>-0.2</ele></trkpt><trkpt lat="-26.990978" lon="-48.629303"><ele>-0.2</ele></trkpt><trkpt lat="-26.990978" lon="-48.629303"><ele>-0.2</ele></trkpt><trkpt lat="-26.99099" lon="-48.629287"><ele>-2</ele></trkpt><trkpt lat="-26.990992" lon="-48.629287"><ele>-2.2</ele></trkpt><trkpt lat="-26.990988" lon="-48.629288"><ele>-2.2</ele></trkpt><trkpt lat="-26.990988" lon="-48.62929"><ele>-2.3</ele></trkpt><trkpt lat="-26.990997" lon="-48.629292"><ele>-2.5</ele></trkpt><trkpt lat="-26.991005" lon="-48.62929"><ele>-2.3</ele></trkpt><trkpt lat="-26.99101" lon="-48.629283"><ele>-2</ele></trkpt><trkpt lat="-26.991017" lon="-48.629277"><ele>-1.6</ele></trkpt><trkpt lat="-26.991015" lon="-48.629277"><ele>-1.6</ele></trkpt><trkpt lat="-26.99101" lon="-48.629278"><ele>-1.4</ele></trkpt><trkpt lat="-26.991" lon="-48.629277"><ele>-1.3</ele></trkpt><trkpt lat="-26.990993" lon="-48.629282"><ele>-1.4</ele></trkpt><trkpt lat="-26.990988" lon="-48.629282"><ele>-1.6</ele></trkpt><trkpt lat="-26.990985" lon="-48.629275"><ele>-1.3</ele></trkpt><trkpt lat="-26.99098" lon="-48.629275"><ele>-1.4</ele></trkpt><trkpt lat="-26.990978" lon="-48.62928"><ele>-1.5</ele></trkpt><trkpt lat="-26.990982" lon="-48.629282"><ele>-1.6</ele></trkpt><trkpt lat="-26.990983" lon="-48.62928"><ele>-1.6</ele></trkpt><trkpt lat="-26.99098" lon="-48.629287"><ele>-1.9</ele></trkpt><trkpt lat="-26.99098" lon="-48.629287"><ele>-2</ele></trkpt><trkpt lat="-26.990982" lon="-48.629288"><ele>-2.1</ele></trkpt><trkpt lat="-26.990985" lon="-48.629288"><ele>-2.2</ele></trkpt><trkpt lat="-26.99099" lon="-48.62928"><ele>-2.2</ele></trkpt><trkpt lat="-26.99099" lon="-48.62928"><ele>-2.2</ele></trkpt><trkpt lat="-26.99099" lon="-48.62928"><ele>-2.2</ele></trkpt><trkpt lat="-26.99099" lon="-48.62928"><ele>-2.2</ele></trkpt><trkpt lat="-26.99099" lon="-48.62928"><ele>-2.2</ele></trkpt><trkpt lat="-26.99099" lon="-48.62928"><ele>-2.2</ele></trkpt><trkpt lat="-26.99099" lon="-48.62928"><ele>-2.2</ele></trkpt><trkpt lat="-26.99099" lon="-48.62928"><ele>-2.2</ele></trkpt><trkpt lat="-26.99099" lon="-48.62928"><ele>-2.2</ele></trkpt><trkpt lat="-26.99099" lon="-48.62928"><ele>-2.2</ele></trkpt><trkpt lat="-26.99099" lon="-48.62928"><ele>-2.2</ele></trkpt><trkpt lat="-26.99099" lon="-48.62928"><ele>-2.2</ele></trkpt><trkpt lat="-26.99099" lon="-48.62928"><ele>-2.2</ele></trkpt><trkpt lat="-26.99099" lon="-48.62928"><ele>-2.2</ele></trkpt><trkpt lat="-26.99099" lon="-48.62928"><ele>-2.2</ele></trkpt><trkpt lat="-26.99099" lon="-48.62928"><ele>-2.2</ele></trkpt><trkpt lat="-26.99099" lon="-48.62928"><ele>-2.2</ele></trkpt><trkpt lat="-26.99099" lon="-48.62928"><ele>-2.2</ele></trkpt><trkpt lat="-26.99099" lon="-48.62928"><ele>-2.2</ele></trkpt><trkpt lat="-26.99099" lon="-48.62928"><ele>-2.2</ele></trkpt><trkpt lat="-26.991002" lon="-48.629258"><ele>-1</ele></trkpt><trkpt lat="-26.991008" lon="-48.629265"><ele>-1.1</ele></trkpt><trkpt lat="-26.991015" lon="-48.629267"><ele>-1.2</ele></trkpt><trkpt lat="-26.99102" lon="-48.629267"><ele>-1.3</ele></trkpt><trkpt lat="-26.991025" lon="-48.629267"><ele>-1.5</ele></trkpt><trkpt lat="-26.991025" lon="-48.629267"><ele>-1.5</ele></trkpt><trkpt lat="-26.991025" lon="-48.629267"><ele>-1.5</ele></trkpt><trkpt lat="-26.991025" lon="-48.629267"><ele>-1.5</ele></trkpt><trkpt lat="-26.991025" lon="-48.629267"><ele>-1.5</ele></trkpt><trkpt lat="-26.991002" lon="-48.62928"><ele>-1.7</ele></trkpt><trkpt lat="-26.990988" lon="-48.629285"><ele>-1.9</ele></trkpt><trkpt lat="-26.990977" lon="-48.629292"><ele>-2.1</ele></trkpt><trkpt lat="-26.99098" lon="-48.629292"><ele>-2.4</ele></trkpt><trkpt lat="-26.990987" lon="-48.629287"><ele>-2.7</ele></trkpt><trkpt lat="-26.99099" lon="-48.629295"><ele>-3</ele></trkpt><trkpt lat="-26.990993" lon="-48.629298"><ele>-3.3</ele></trkpt><trkpt lat="-26.990997" lon="-48.629302"><ele>-3.5</ele></trkpt><trkpt lat="-26.990995" lon="-48.629297"><ele>-3.5</ele></trkpt><trkpt lat="-26.990995" lon="-48.629295"><ele>-3.7</ele></trkpt><trkpt lat="-26.990993" lon="-48.629293"><ele>-3.9</ele></trkpt><trkpt lat="-26.990992" lon="-48.629295"><ele>-4</ele></trkpt><trkpt lat="-26.990997" lon="-48.6293"><ele>-4.4</ele></trkpt><trkpt lat="-26.990997" lon="-48.6293"><ele>-4.4</ele></trkpt><trkpt lat="-26.990997" lon="-48.6293"><ele>-4.4</ele></trkpt><trkpt lat="-26.990997" lon="-48.6293"><ele>-4.4</ele></trkpt><trkpt lat="-26.990997" lon="-48.6293"><ele>-4.4</ele></trkpt><trkpt lat="-26.990997" lon="-48.6293"><ele>-4.4</ele></trkpt><trkpt lat="-26.990993" lon="-48.629317"><ele>-4.3</ele></trkpt><trkpt lat="-26.990993" lon="-48.629317"><ele>-4.3</ele></trkpt><trkpt lat="-26.990988" lon="-48.629322"><ele>-4.3</ele></trkpt><trkpt lat="-26.990988" lon="-48.629322"><ele>-4.3</ele></trkpt><trkpt lat="-26.990987" lon="-48.629323"><ele>-4.2</ele></trkpt><trkpt lat="-26.990987" lon="-48.629323"><ele>-4.2</ele></trkpt><trkpt lat="-26.990987" lon="-48.629323"><ele>-4.2</ele></trkpt><trkpt lat="-26.990987" lon="-48.629323"><ele>-4.2</ele></trkpt><trkpt lat="-26.990987" lon="-48.629323"><ele>-4.2</ele></trkpt><trkpt lat="-26.990987" lon="-48.629323"><ele>-4.2</ele></trkpt><trkpt lat="-26.990987" lon="-48.629323"><ele>-4.2</ele></trkpt><trkpt lat="-26.990987" lon="-48.629323"><ele>-4.2</ele></trkpt><trkpt lat="-26.990987" lon="-48.629323"><ele>-4.2</ele></trkpt><trkpt lat="-26.990987" lon="-48.629323"><ele>-4.2</ele></trkpt><trkpt lat="-26.990987" lon="-48.629323"><ele>-4.2</ele></trkpt><trkpt lat="-26.990987" lon="-48.629323"><ele>-4.2</ele></trkpt><trkpt lat="-26.990987" lon="-48.629323"><ele>-4.2</ele></trkpt><trkpt lat="-26.990987" lon="-48.629323"><ele>-4.2</ele></trkpt><trkpt lat="-26.990987" lon="-48.629323"><ele>-4.2</ele></trkpt><trkpt lat="-26.990987" lon="-48.629323"><ele>-4.2</ele></trkpt><trkpt lat="-26.990987" lon="-48.629323"><ele>-4.2</ele></trkpt><trkpt lat="-26.990987" lon="-48.629323"><ele>-4.2</ele></trkpt><trkpt lat="-26.990987" lon="-48.629323"><ele>-4.2</ele></trkpt><trkpt lat="-26.990987" lon="-48.629323"><ele>-4.2</ele></trkpt><trkpt lat="-26.990987" lon="-48.629323"><ele>-4.2</ele></trkpt><trkpt lat="-26.990987" lon="-48.629323"><ele>-4.2</ele></trkpt><trkpt lat="-26.990987" lon="-48.629323"><ele>-4.2</ele></trkpt><trkpt lat="-26.990987" lon="-48.629323"><ele>-4.2</ele></trkpt><trkpt lat="-26.990987" lon="-48.629323"><ele>-4.2</ele></trkpt><trkpt lat="-26.990987" lon="-48.629323"><ele>-4.2</ele></trkpt><trkpt lat="-26.990987" lon="-48.629323"><ele>-4.2</ele></trkpt><trkpt lat="-26.990987" lon="-48.629323"><ele>-4.2</ele></trkpt><trkpt lat="-26.990987" lon="-48.629323"><ele>-4.2</ele></trkpt><trkpt lat="-26.990987" lon="-48.629323"><ele>-4.2</ele></trkpt><trkpt lat="-26.990987" lon="-48.629323"><ele>-4.2</ele></trkpt><trkpt lat="-26.990987" lon="-48.629323"><ele>-4.2</ele></trkpt><trkpt lat="-26.990987" lon="-48.629323"><ele>-4.2</ele></trkpt><trkpt lat="-26.990987" lon="-48.629323"><ele>-4.2</ele></trkpt><trkpt lat="-26.990987" lon="-48.629323"><ele>-4.2</ele></trkpt><trkpt lat="-26.990987" lon="-48.629323"><ele>-4.2</ele></trkpt><trkpt lat="-26.990987" lon="-48.629323"><ele>-4.2</ele></trkpt><trkpt lat="-26.990987" lon="-48.629323"><ele>-4.2</ele></trkpt><trkpt lat="-26.990987" lon="-48.629323"><ele>-4.2</ele></trkpt><trkpt lat="-26.990987" lon="-48.629323"><ele>-4.2</ele></trkpt><trkpt lat="-26.990987" lon="-48.629323"><ele>-4.2</ele></trkpt><trkpt lat="-26.990987" lon="-48.629323"><ele>-4.2</ele></trkpt><trkpt lat="-26.990987" lon="-48.629323"><ele>-4.2</ele></trkpt><trkpt lat="-26.990987" lon="-48.629323"><ele>-4.2</ele></trkpt><trkpt lat="-26.990987" lon="-48.629323"><ele>-4.2</ele></trkpt><trkpt lat="-26.990987" lon="-48.629323"><ele>-4.2</ele></trkpt><trkpt lat="-26.990987" lon="-48.629323"><ele>-4.2</ele></trkpt><trkpt lat="-26.990987" lon="-48.629323"><ele>-4.2</ele></trkpt><trkpt lat="-26.990987" lon="-48.629323"><ele>-4.2</ele></trkpt><trkpt lat="-26.990987" lon="-48.629323"><ele>-4.2</ele></trkpt><trkpt lat="-26.990987" lon="-48.629323"><ele>-4.2</ele></trkpt><trkpt lat="-26.990987" lon="-48.629323"><ele>-4.2</ele></trkpt><trkpt lat="-26.990987" lon="-48.629323"><ele>-4.2</ele></trkpt><trkpt lat="-26.990987" lon="-48.629323"><ele>-4.2</ele></trkpt><trkpt lat="-26.990987" lon="-48.629323"><ele>-4.2</ele></trkpt><trkpt lat="-26.990987" lon="-48.629323"><ele>-4.2</ele></trkpt><trkpt lat="-26.990987" lon="-48.629323"><ele>-4.2</ele></trkpt><trkpt lat="-26.990987" lon="-48.629323"><ele>-4.2</ele></trkpt><trkpt lat="-26.990987" lon="-48.629323"><ele>-4.2</ele></trkpt><trkpt lat="-26.990987" lon="-48.629323"><ele>-4.2</ele></trkpt><trkpt lat="-26.990987" lon="-48.629323"><ele>-4.2</ele></trkpt><trkpt lat="-26.990987" lon="-48.629323"><ele>-4.2</ele></trkpt><trkpt lat="-26.990987" lon="-48.629323"><ele>-4.2</ele></trkpt><trkpt lat="-26.990987" lon="-48.629323"><ele>-4.2</ele></trkpt><trkpt lat="-26.990987" lon="-48.629323"><ele>-4.2</ele></trkpt><trkpt lat="-26.990987" lon="-48.629323"><ele>-4.2</ele></trkpt><trkpt lat="-26.990987" lon="-48.629323"><ele>-4.2</ele></trkpt><trkpt lat="-26.990987" lon="-48.629323"><ele>-4.2</ele></trkpt><trkpt lat="-26.990987" lon="-48.629323"><ele>-4.2</ele></trkpt><trkpt lat="-26.990987" lon="-48.629323"><ele>-4.2</ele></trkpt><trkpt lat="-26.990987" lon="-48.629323"><ele>-4.2</ele></trkpt><trkpt lat="-26.990987" lon="-48.629323"><ele>-4.2</ele></trkpt><trkpt lat="-26.990987" lon="-48.629323"><ele>-4.2</ele></trkpt><trkpt lat="-26.990987" lon="-48.629323"><ele>-4.2</ele></trkpt><trkpt lat="-26.990987" lon="-48.629323"><ele>-4.2</ele></trkpt><trkpt lat="-26.991013" lon="-48.62929"><ele>-2.4</ele></trkpt><trkpt lat="-26.991018" lon="-48.629298"><ele>-2.6</ele></trkpt><trkpt lat="-26.99102" lon="-48.629307"><ele>-2.7</ele></trkpt><trkpt lat="-26.991012" lon="-48.629308"><ele>-2.7</ele></trkpt><trkpt lat="-26.991012" lon="-48.629308"><ele>-2.7</ele></trkpt><trkpt lat="-26.991025" lon="-48.629317"><ele>-2.3</ele></trkpt><trkpt lat="-26.991035" lon="-48.629318"><ele>-1.7</ele></trkpt><trkpt lat="-26.991033" lon="-48.62932"><ele>-1.8</ele></trkpt><trkpt lat="-26.991032" lon="-48.62932"><ele>-2.1</ele></trkpt><trkpt lat="-26.991023" lon="-48.629318"><ele>-2.7</ele></trkpt><trkpt lat="-26.99102" lon="-48.629313"><ele>-2.8</ele></trkpt><trkpt lat="-26.991022" lon="-48.629308"><ele>-2.9</ele></trkpt><trkpt lat="-26.991023" lon="-48.629305"><ele>-3.3</ele></trkpt><trkpt lat="-26.991025" lon="-48.6293"><ele>-3.6</ele></trkpt><trkpt lat="-26.991028" lon="-48.629297"><ele>-3.8</ele></trkpt><trkpt lat="-26.991028" lon="-48.629297"><ele>-3.8</ele></trkpt><trkpt lat="-26.991028" lon="-48.629297"><ele>-3.8</ele></trkpt><trkpt lat="-26.991028" lon="-48.629297"><ele>-3.8</ele></trkpt><trkpt lat="-26.991028" lon="-48.629297"><ele>-3.8</ele></trkpt><trkpt lat="-26.991028" lon="-48.629297"><ele>-3.8</ele></trkpt><trkpt lat="-26.991028" lon="-48.629297"><ele>-3.8</ele></trkpt><trkpt lat="-26.991028" lon="-48.629297"><ele>-3.8</ele></trkpt><trkpt lat="-26.991028" lon="-48.629297"><ele>-3.8</ele></trkpt><trkpt lat="-26.991028" lon="-48.629297"><ele>-3.8</ele></trkpt><trkpt lat="-26.991028" lon="-48.629297"><ele>-3.8</ele></trkpt><trkpt lat="-26.991028" lon="-48.629297"><ele>-3.8</ele></trkpt><trkpt lat="-26.991028" lon="-48.629297"><ele>-3.8</ele></trkpt><trkpt lat="-26.991028" lon="-48.629297"><ele>-3.8</ele></trkpt><trkpt lat="-26.991028" lon="-48.629297"><ele>-3.8</ele></trkpt><trkpt lat="-26.991028" lon="-48.629297"><ele>-3.8</ele></trkpt><trkpt lat="-26.991028" lon="-48.629297"><ele>-3.8</ele></trkpt><trkpt lat="-26.991028" lon="-48.629297"><ele>-3.8</ele></trkpt><trkpt lat="-26.991028" lon="-48.629297"><ele>-3.8</ele></trkpt><trkpt lat="-26.991028" lon="-48.629297"><ele>-3.8</ele></trkpt><trkpt lat="-26.991028" lon="-48.629297"><ele>-3.8</ele></trkpt><trkpt lat="-26.991028" lon="-48.629297"><ele>-3.8</ele></trkpt><trkpt lat="-26.991028" lon="-48.629297"><ele>-3.8</ele></trkpt><trkpt lat="-26.991028" lon="-48.629297"><ele>-3.8</ele></trkpt><trkpt lat="-26.991028" lon="-48.629297"><ele>-3.8</ele></trkpt><trkpt lat="-26.991028" lon="-48.629297"><ele>-3.8</ele></trkpt><trkpt lat="-26.991028" lon="-48.629297"><ele>-3.8</ele></trkpt><trkpt lat="-26.991028" lon="-48.629297"><ele>-3.8</ele></trkpt><trkpt lat="-26.991028" lon="-48.629297"><ele>-3.8</ele></trkpt><trkpt lat="-26.991028" lon="-48.629297"><ele>-3.8</ele></trkpt><trkpt lat="-26.991028" lon="-48.629297"><ele>-3.8</ele></trkpt><trkpt lat="-26.991028" lon="-48.629297"><ele>-3.8</ele></trkpt><trkpt lat="-26.991028" lon="-48.629297"><ele>-3.8</ele></trkpt><trkpt lat="-26.991028" lon="-48.629297"><ele>-3.8</ele></trkpt><trkpt lat="-26.991028" lon="-48.629297"><ele>-3.8</ele></trkpt><trkpt lat="-26.991028" lon="-48.629297"><ele>-3.8</ele></trkpt><trkpt lat="-26.991028" lon="-48.629297"><ele>-3.8</ele></trkpt><trkpt lat="-26.991028" lon="-48.629297"><ele>-3.8</ele></trkpt><trkpt lat="-26.991028" lon="-48.629297"><ele>-3.8</ele></trkpt><trkpt lat="-26.991028" lon="-48.629297"><ele>-3.8</ele></trkpt><trkpt lat="-26.991028" lon="-48.629297"><ele>-3.8</ele></trkpt><trkpt lat="-26.991028" lon="-48.629297"><ele>-3.8</ele></trkpt><trkpt lat="-26.991028" lon="-48.629297"><ele>-3.8</ele></trkpt><trkpt lat="-26.991028" lon="-48.629297"><ele>-3.8</ele></trkpt><trkpt lat="-26.991028" lon="-48.629297"><ele>-3.8</ele></trkpt><trkpt lat="-26.991028" lon="-48.629297"><ele>-3.8</ele></trkpt><trkpt lat="-26.991028" lon="-48.629297"><ele>-3.8</ele></trkpt><trkpt lat="-26.991028" lon="-48.629297"><ele>-3.8</ele></trkpt><trkpt lat="-26.991028" lon="-48.629297"><ele>-3.8</ele></trkpt><trkpt lat="-26.991028" lon="-48.629297"><ele>-3.8</ele></trkpt><trkpt lat="-26.990972" lon="-48.62932"><ele>-6.3</ele></trkpt><trkpt lat="-26.990978" lon="-48.62932"><ele>-6.4</ele></trkpt><trkpt lat="-26.990987" lon="-48.629318"><ele>-6.2</ele></trkpt><trkpt lat="-26.99099" lon="-48.629323"><ele>-6</ele></trkpt><trkpt lat="-26.990993" lon="-48.629325"><ele>-5.9</ele></trkpt><trkpt lat="-26.991" lon="-48.629332"><ele>-5.9</ele></trkpt><trkpt lat="-26.991002" lon="-48.62934"><ele>-5.9</ele></trkpt><trkpt lat="-26.991007" lon="-48.62935"><ele>-5.9</ele></trkpt><trkpt lat="-26.991013" lon="-48.62936"><ele>-5.9</ele></trkpt><trkpt lat="-26.991018" lon="-48.62937"><ele>-5.9</ele></trkpt><trkpt lat="-26.991033" lon="-48.629383"><ele>-6.1</ele></trkpt><trkpt lat="-26.991033" lon="-48.629395"><ele>-5.5</ele></trkpt><trkpt lat="-26.991035" lon="-48.6294"><ele>-5.4</ele></trkpt><trkpt lat="-26.991042" lon="-48.629405"><ele>-5.2</ele></trkpt><trkpt lat="-26.99105" lon="-48.629412"><ele>-5</ele></trkpt><trkpt lat="-26.991058" lon="-48.629427"><ele>-4.5</ele></trkpt><trkpt lat="-26.991067" lon="-48.629443"><ele>-3.8</ele></trkpt><trkpt lat="-26.991073" lon="-48.629455"><ele>-3.7</ele></trkpt><trkpt lat="-26.991073" lon="-48.629458"><ele>-3.6</ele></trkpt><trkpt lat="-26.991073" lon="-48.629463"><ele>-3.4</ele></trkpt><trkpt lat="-26.991077" lon="-48.629467"><ele>-3.2</ele></trkpt><trkpt lat="-26.991078" lon="-48.629468"><ele>-2.8</ele></trkpt><trkpt lat="-26.991077" lon="-48.62947"><ele>-2.8</ele></trkpt><trkpt lat="-26.991078" lon="-48.629472"><ele>-2.8</ele></trkpt><trkpt lat="-26.991083" lon="-48.62947"><ele>-2.7</ele></trkpt><trkpt lat="-26.991095" lon="-48.629465"><ele>-2.7</ele></trkpt><trkpt lat="-26.9911" lon="-48.629472"><ele>-2.6</ele></trkpt><trkpt lat="-26.991097" lon="-48.629472"><ele>-2.4</ele></trkpt><trkpt lat="-26.991098" lon="-48.629478"><ele>-1.4</ele></trkpt><trkpt lat="-26.991097" lon="-48.629483"><ele>-1</ele></trkpt><trkpt lat="-26.991095" lon="-48.629485"><ele>-0.8</ele></trkpt><trkpt lat="-26.991093" lon="-48.629488"><ele>-0.5</ele></trkpt><trkpt lat="-26.991092" lon="-48.629488"><ele>-0.5</ele></trkpt><trkpt lat="-26.99109" lon="-48.629488"><ele>-0.5</ele></trkpt><trkpt lat="-26.99109" lon="-48.629487"><ele>-0.4</ele></trkpt><trkpt lat="-26.991095" lon="-48.629485"><ele>-0.4</ele></trkpt><trkpt lat="-26.991103" lon="-48.629483"><ele>-0.4</ele></trkpt><trkpt lat="-26.991103" lon="-48.629483"><ele>-0.4</ele></trkpt><trkpt lat="-26.991103" lon="-48.629483"><ele>-0.4</ele></trkpt><trkpt lat="-26.991103" lon="-48.629483"><ele>-0.4</ele></trkpt><trkpt lat="-26.991103" lon="-48.629483"><ele>-0.4</ele></trkpt><trkpt lat="-26.991103" lon="-48.629483"><ele>-0.4</ele></trkpt><trkpt lat="-26.991103" lon="-48.629483"><ele>-0.4</ele></trkpt><trkpt lat="-26.991103" lon="-48.629483"><ele>-0.4</ele></trkpt><trkpt lat="-26.991103" lon="-48.629483"><ele>-0.4</ele></trkpt><trkpt lat="-26.991103" lon="-48.629483"><ele>-0.4</ele></trkpt><trkpt lat="-26.991065" lon="-48.62953"><ele>-0.9</ele></trkpt><trkpt lat="-26.991058" lon="-48.629535"><ele>-0.9</ele></trkpt><trkpt lat="-26.991048" lon="-48.629542"><ele>-0.9</ele></trkpt><trkpt lat="-26.991055" lon="-48.629535"><ele>-1</ele></trkpt><trkpt lat="-26.991063" lon="-48.62953"><ele>-1.1</ele></trkpt><trkpt lat="-26.991073" lon="-48.629522"><ele>-1.1</ele></trkpt><trkpt lat="-26.991073" lon="-48.629522"><ele>-1.1</ele></trkpt><trkpt lat="-26.991073" lon="-48.629522"><ele>-1.1</ele></trkpt><trkpt lat="-26.991093" lon="-48.629497"><ele>-0.9</ele></trkpt><trkpt lat="-26.991105" lon="-48.629485"><ele>-0.5</ele></trkpt><trkpt lat="-26.991115" lon="-48.629477"><ele>-0.5</ele></trkpt><trkpt lat="-26.991118" lon="-48.629475"><ele>-0.5</ele></trkpt><trkpt lat="-26.991118" lon="-48.629475"><ele>-0.5</ele></trkpt><trkpt lat="-26.991118" lon="-48.629475"><ele>-0.5</ele></trkpt><trkpt lat="-26.991132" lon="-48.629472"><ele>-0.7</ele></trkpt><trkpt lat="-26.991135" lon="-48.62947"><ele>-0.7</ele></trkpt><trkpt lat="-26.991143" lon="-48.629465"><ele>-0.7</ele></trkpt><trkpt lat="-26.991172" lon="-48.629442"><ele>-0.9</ele></trkpt><trkpt lat="-26.991192" lon="-48.629427"><ele>-1</ele></trkpt><trkpt lat="-26.991205" lon="-48.62942"><ele>-0.9</ele></trkpt><trkpt lat="-26.991218" lon="-48.629412"><ele>-1</ele></trkpt><trkpt lat="-26.991228" lon="-48.629402"><ele>-1.1</ele></trkpt><trkpt lat="-26.99123" lon="-48.629393"><ele>-1.2</ele></trkpt><trkpt lat="-26.991232" lon="-48.62939"><ele>-1.2</ele></trkpt><trkpt lat="-26.99123" lon="-48.629385"><ele>-1.1</ele></trkpt><trkpt lat="-26.991227" lon="-48.629388"><ele>-1.2</ele></trkpt><trkpt lat="-26.991227" lon="-48.629388"><ele>-1.2</ele></trkpt><trkpt lat="-26.991227" lon="-48.629388"><ele>-1.2</ele></trkpt><trkpt lat="-26.991227" lon="-48.629388"><ele>-1.3</ele></trkpt><trkpt lat="-26.991223" lon="-48.62939"><ele>-1.4</ele></trkpt><trkpt lat="-26.991223" lon="-48.62939"><ele>-1.4</ele></trkpt><trkpt lat="-26.991223" lon="-48.62939"><ele>-1.4</ele></trkpt><trkpt lat="-26.991223" lon="-48.62939"><ele>-1.4</ele></trkpt><trkpt lat="-26.991223" lon="-48.62939"><ele>-1.4</ele></trkpt><trkpt lat="-26.991223" lon="-48.62939"><ele>-1.4</ele></trkpt><trkpt lat="-26.991223" lon="-48.62939"><ele>-1.4</ele></trkpt><trkpt lat="-26.991223" lon="-48.62939"><ele>-1.4</ele></trkpt><trkpt lat="-26.991223" lon="-48.62939"><ele>-1.4</ele></trkpt><trkpt lat="-26.991142" lon="-48.629402"><ele>0.1</ele></trkpt><trkpt lat="-26.991122" lon="-48.629413"><ele>0</ele></trkpt><trkpt lat="-26.991112" lon="-48.62942"><ele>-0.3</ele></trkpt><trkpt lat="-26.9911" lon="-48.629432"><ele>-0.9</ele></trkpt><trkpt lat="-26.99109" lon="-48.629442"><ele>-1</ele></trkpt><trkpt lat="-26.991088" lon="-48.629448"><ele>-1</ele></trkpt><trkpt lat="-26.991097" lon="-48.629453"><ele>-1.2</ele></trkpt><trkpt lat="-26.991095" lon="-48.629458"><ele>-1.2</ele></trkpt><trkpt lat="-26.991092" lon="-48.629463"><ele>-1.3</ele></trkpt><trkpt lat="-26.991097" lon="-48.62946"><ele>-1.3</ele></trkpt><trkpt lat="-26.99109" lon="-48.629467"><ele>-1.6</ele></trkpt><trkpt lat="-26.991082" lon="-48.629472"><ele>-1.8</ele></trkpt><trkpt lat="-26.991078" lon="-48.629472"><ele>-1.9</ele></trkpt><trkpt lat="-26.991075" lon="-48.629472"><ele>-2.1</ele></trkpt><trkpt lat="-26.99107" lon="-48.62947"><ele>-2.2</ele></trkpt><trkpt lat="-26.99107" lon="-48.62947"><ele>-2.2</ele></trkpt><trkpt lat="-26.99107" lon="-48.62947"><ele>-2.2</ele></trkpt><trkpt lat="-26.99107" lon="-48.62947"><ele>-2.2</ele></trkpt><trkpt lat="-26.99107" lon="-48.62947"><ele>-2.2</ele></trkpt><trkpt lat="-26.99107" lon="-48.62947"><ele>-2.2</ele></trkpt><trkpt lat="-26.99107" lon="-48.62947"><ele>-2.2</ele></trkpt><trkpt lat="-26.99107" lon="-48.62947"><ele>-2.2</ele></trkpt><trkpt lat="-26.99107" lon="-48.62947"><ele>-2.2</ele></trkpt><trkpt lat="-26.99107" lon="-48.62947"><ele>-2.2</ele></trkpt><trkpt lat="-26.99107" lon="-48.62947"><ele>-2.2</ele></trkpt><trkpt lat="-26.99107" lon="-48.62947"><ele>-2.2</ele></trkpt><trkpt lat="-26.99107" lon="-48.62947"><ele>-2.2</ele></trkpt><trkpt lat="-26.99107" lon="-48.62947"><ele>-2.2</ele></trkpt><trkpt lat="-26.99107" lon="-48.62947"><ele>-2.2</ele></trkpt><trkpt lat="-26.99107" lon="-48.62947"><ele>-2.2</ele></trkpt><trkpt lat="-26.99107" lon="-48.62947"><ele>-2.2</ele></trkpt><trkpt lat="-26.99107" lon="-48.62947"><ele>-2.2</ele></trkpt><trkpt lat="-26.99107" lon="-48.62947"><ele>-2.2</ele></trkpt><trkpt lat="-26.99107" lon="-48.62947"><ele>-2.2</ele></trkpt><trkpt lat="-26.99107" lon="-48.62947"><ele>-2.2</ele></trkpt><trkpt lat="-26.99107" lon="-48.62947"><ele>-2.2</ele></trkpt><trkpt lat="-26.99107" lon="-48.62947"><ele>-2.2</ele></trkpt><trkpt lat="-26.99107" lon="-48.62947"><ele>-2.2</ele></trkpt><trkpt lat="-26.991062" lon="-48.629458"><ele>-2.5</ele></trkpt><trkpt lat="-26.991057" lon="-48.629445"><ele>-2.5</ele></trkpt><trkpt lat="-26.991058" lon="-48.62943"><ele>-2.5</ele></trkpt><trkpt lat="-26.991047" lon="-48.629418"><ele>-2.3</ele></trkpt><trkpt lat="-26.99104" lon="-48.62941"><ele>-2.1</ele></trkpt><trkpt lat="-26.99104" lon="-48.629398"><ele>-2.3</ele></trkpt><trkpt lat="-26.99104" lon="-48.629388"><ele>-2.6</ele></trkpt><trkpt lat="-26.991038" lon="-48.629382"><ele>-3.1</ele></trkpt><trkpt lat="-26.991038" lon="-48.629375"><ele>-3.2</ele></trkpt><trkpt lat="-26.99104" lon="-48.629375"><ele>-3.3</ele></trkpt><trkpt lat="-26.99105" lon="-48.62938"><ele>-3.6</ele></trkpt><trkpt lat="-26.99105" lon="-48.62939"><ele>-3.6</ele></trkpt><trkpt lat="-26.991048" lon="-48.629403"><ele>-4</ele></trkpt><trkpt lat="-26.991047" lon="-48.629412"><ele>-4.4</ele></trkpt><trkpt lat="-26.991048" lon="-48.629417"><ele>-4.9</ele></trkpt><trkpt lat="-26.991048" lon="-48.629417"><ele>-4.9</ele></trkpt><trkpt lat="-26.991055" lon="-48.629422"><ele>-4.9</ele></trkpt><trkpt lat="-26.991065" lon="-48.629423"><ele>-5.3</ele></trkpt><trkpt lat="-26.991065" lon="-48.629423"><ele>-5.3</ele></trkpt><trkpt lat="-26.991075" lon="-48.629425"><ele>-5.8</ele></trkpt><trkpt lat="-26.991085" lon="-48.62943"><ele>-6.2</ele></trkpt><trkpt lat="-26.991093" lon="-48.629433"><ele>-6.5</ele></trkpt><trkpt lat="-26.991098" lon="-48.629435"><ele>-6.5</ele></trkpt><trkpt lat="-26.991105" lon="-48.62944"><ele>-6.5</ele></trkpt><trkpt lat="-26.991112" lon="-48.629448"><ele>-6.5</ele></trkpt><trkpt lat="-26.991117" lon="-48.62945"><ele>-6.3</ele></trkpt><trkpt lat="-26.991115" lon="-48.629447"><ele>-7</ele></trkpt><trkpt lat="-26.991117" lon="-48.629445"><ele>-6.9</ele></trkpt><trkpt lat="-26.99112" lon="-48.629447"><ele>-6.8</ele></trkpt><trkpt lat="-26.991123" lon="-48.62945"><ele>-6.6</ele></trkpt><trkpt lat="-26.991123" lon="-48.629453"><ele>-6.5</ele></trkpt><trkpt lat="-26.991122" lon="-48.629452"><ele>-6.4</ele></trkpt><trkpt lat="-26.991122" lon="-48.62945"><ele>-6.2</ele></trkpt><trkpt lat="-26.991123" lon="-48.629445"><ele>-5.9</ele></trkpt><trkpt lat="-26.991125" lon="-48.62944"><ele>-5.7</ele></trkpt><trkpt lat="-26.991128" lon="-48.629435"><ele>-5.5</ele></trkpt><trkpt lat="-26.991128" lon="-48.629435"><ele>-5.5</ele></trkpt><trkpt lat="-26.991128" lon="-48.629435"><ele>-5.5</ele></trkpt><trkpt lat="-26.991128" lon="-48.629435"><ele>-5.5</ele></trkpt><trkpt lat="-26.991128" lon="-48.629435"><ele>-5.5</ele></trkpt><trkpt lat="-26.991128" lon="-48.629435"><ele>-5.5</ele></trkpt><trkpt lat="-26.991153" lon="-48.629412"><ele>-4.3</ele></trkpt><trkpt lat="-26.991153" lon="-48.629407"><ele>-4</ele></trkpt><trkpt lat="-26.991155" lon="-48.6294"><ele>-3.9</ele></trkpt><trkpt lat="-26.991147" lon="-48.629397"><ele>-3.7</ele></trkpt><trkpt lat="-26.991143" lon="-48.629393"><ele>-3.6</ele></trkpt><trkpt lat="-26.991137" lon="-48.629393"><ele>-3.5</ele></trkpt><trkpt lat="-26.991142" lon="-48.62939"><ele>-3.6</ele></trkpt><trkpt lat="-26.991148" lon="-48.629393"><ele>-3.6</ele></trkpt><trkpt lat="-26.991152" lon="-48.629397"><ele>-3.5</ele></trkpt><trkpt lat="-26.991155" lon="-48.629403"><ele>-3.7</ele></trkpt><trkpt lat="-26.991162" lon="-48.62941"><ele>-3.8</ele></trkpt><trkpt lat="-26.991173" lon="-48.629413"><ele>-4.1</ele></trkpt><trkpt lat="-26.991175" lon="-48.629427"><ele>-4.2</ele></trkpt><trkpt lat="-26.991172" lon="-48.629433"><ele>-4.2</ele></trkpt><trkpt lat="-26.991173" lon="-48.629437"><ele>-3.9</ele></trkpt><trkpt lat="-26.991178" lon="-48.629438"><ele>-3.8</ele></trkpt><trkpt lat="-26.99118" lon="-48.629442"><ele>-3.8</ele></trkpt><trkpt lat="-26.991185" lon="-48.629445"><ele>-4.1</ele></trkpt><trkpt lat="-26.991192" lon="-48.629442"><ele>-4.4</ele></trkpt><trkpt lat="-26.99119" lon="-48.62944"><ele>-4.7</ele></trkpt><trkpt lat="-26.99119" lon="-48.629437"><ele>-4.9</ele></trkpt><trkpt lat="-26.991197" lon="-48.62944"><ele>-5.1</ele></trkpt><trkpt lat="-26.991212" lon="-48.62944"><ele>-5.2</ele></trkpt><trkpt lat="-26.991188" lon="-48.629393"><ele>-5.6</ele></trkpt><trkpt lat="-26.991158" lon="-48.629362"><ele>-5.2</ele></trkpt><trkpt lat="-26.991145" lon="-48.629392"><ele>-5.3</ele></trkpt><trkpt lat="-26.991163" lon="-48.629392"><ele>-5.4</ele></trkpt><trkpt lat="-26.991233" lon="-48.629412"><ele>-5.9</ele></trkpt><trkpt lat="-26.991242" lon="-48.629412"><ele>-6.1</ele></trkpt><trkpt lat="-26.991272" lon="-48.629442"><ele>-5.8</ele></trkpt><trkpt lat="-26.991285" lon="-48.629463"><ele>-5.5</ele></trkpt><trkpt lat="-26.99129" lon="-48.629452"><ele>-5.2</ele></trkpt><trkpt lat="-26.991282" lon="-48.629458"><ele>-5</ele></trkpt><trkpt lat="-26.991268" lon="-48.62945"><ele>-4.4</ele></trkpt><trkpt lat="-26.991258" lon="-48.629448"><ele>-3.7</ele></trkpt><trkpt lat="-26.991217" lon="-48.629463"><ele>-3.1</ele></trkpt><trkpt lat="-26.99119" lon="-48.62948"><ele>-2.7</ele></trkpt><trkpt lat="-26.991157" lon="-48.62947"><ele>-2.2</ele></trkpt><trkpt lat="-26.991155" lon="-48.629443"><ele>-1.9</ele></trkpt><trkpt lat="-26.991148" lon="-48.629423"><ele>-1.5</ele></trkpt><trkpt lat="-26.99116" lon="-48.629403"><ele>-1.4</ele></trkpt><trkpt lat="-26.991152" lon="-48.6294"><ele>-1.4</ele></trkpt><trkpt lat="-26.991138" lon="-48.629392"><ele>-1.6</ele></trkpt><trkpt lat="-26.991095" lon="-48.629425"><ele>-0.8</ele></trkpt><trkpt lat="-26.991103" lon="-48.629437"><ele>-2</ele></trkpt><trkpt lat="-26.991097" lon="-48.629448"><ele>-3.8</ele></trkpt><trkpt lat="-26.991092" lon="-48.629442"><ele>-4.6</ele></trkpt><trkpt lat="-26.991085" lon="-48.629443"><ele>-5.3</ele></trkpt><trkpt lat="-26.991082" lon="-48.62944"><ele>-5.8</ele></trkpt><trkpt lat="-26.99108" lon="-48.629437"><ele>-5.9</ele></trkpt><trkpt lat="-26.991075" lon="-48.629437"><ele>-6.6</ele></trkpt><trkpt lat="-26.991072" lon="-48.629435"><ele>-7.4</ele></trkpt><trkpt lat="-26.99104" lon="-48.629417"><ele>-6.1</ele></trkpt><trkpt lat="-26.991033" lon="-48.629407"><ele>-6.9</ele></trkpt><trkpt lat="-26.99103" lon="-48.629402"><ele>-7.1</ele></trkpt><trkpt lat="-26.991025" lon="-48.629395"><ele>-6.8</ele></trkpt><trkpt lat="-26.991022" lon="-48.629393"><ele>-6.6</ele></trkpt><trkpt lat="-26.991018" lon="-48.629387"><ele>-6.3</ele></trkpt><trkpt lat="-26.991022" lon="-48.629387"><ele>-6.3</ele></trkpt><trkpt lat="-26.991022" lon="-48.62938"><ele>-7.3</ele></trkpt><trkpt lat="-26.991023" lon="-48.62938"><ele>-7.6</ele></trkpt><trkpt lat="-26.99103" lon="-48.629382"><ele>-8.1</ele></trkpt><trkpt lat="-26.991027" lon="-48.629377"><ele>-8.4</ele></trkpt><trkpt lat="-26.991028" lon="-48.62937"><ele>-8.1</ele></trkpt><trkpt lat="-26.991037" lon="-48.629345"><ele>-8.1</ele></trkpt><trkpt lat="-26.991042" lon="-48.629332"><ele>-7.8</ele></trkpt><trkpt lat="-26.991042" lon="-48.629332"><ele>-7.7</ele></trkpt><trkpt lat="-26.991053" lon="-48.62934"><ele>-7.2</ele></trkpt><trkpt lat="-26.99107" lon="-48.629342"><ele>-6.7</ele></trkpt><trkpt lat="-26.991072" lon="-48.629343"><ele>-6.5</ele></trkpt><trkpt lat="-26.991078" lon="-48.629347"><ele>-6.5</ele></trkpt><trkpt lat="-26.99109" lon="-48.629357"><ele>-7</ele></trkpt><trkpt lat="-26.991098" lon="-48.629362"><ele>-7.3</ele></trkpt><trkpt lat="-26.9911" lon="-48.62937"><ele>-7.5</ele></trkpt><trkpt lat="-26.9911" lon="-48.629375"><ele>-8.1</ele></trkpt><trkpt lat="-26.991105" lon="-48.62937"><ele>-8.9</ele></trkpt><trkpt lat="-26.991115" lon="-48.629378"><ele>-10.1</ele></trkpt><trkpt lat="-26.991123" lon="-48.629377"><ele>-10.7</ele></trkpt><trkpt lat="-26.991127" lon="-48.629375"><ele>-11.4</ele></trkpt><trkpt lat="-26.991132" lon="-48.62937"><ele>-11.8</ele></trkpt><trkpt lat="-26.991132" lon="-48.629367"><ele>-11.8</ele></trkpt><trkpt lat="-26.991133" lon="-48.62936"><ele>-11.9</ele></trkpt><trkpt lat="-26.991133" lon="-48.62936"><ele>-11.8</ele></trkpt><trkpt lat="-26.991122" lon="-48.629362"><ele>-11.8</ele></trkpt><trkpt lat="-26.99111" lon="-48.629355"><ele>-11.6</ele></trkpt><trkpt lat="-26.99111" lon="-48.629352"><ele>-11.3</ele></trkpt><trkpt lat="-26.991108" lon="-48.629353"><ele>-11.1</ele></trkpt><trkpt lat="-26.991107" lon="-48.629358"><ele>-10.8</ele></trkpt><trkpt lat="-26.991107" lon="-48.62936"><ele>-10.3</ele></trkpt><trkpt lat="-26.991107" lon="-48.629358"><ele>-9.8</ele></trkpt><trkpt lat="-26.991103" lon="-48.62936"><ele>-9.4</ele></trkpt><trkpt lat="-26.991102" lon="-48.629357"><ele>-9.2</ele></trkpt><trkpt lat="-26.991085" lon="-48.629355"><ele>-8.8</ele></trkpt><trkpt lat="-26.99107" lon="-48.629353"><ele>-8</ele></trkpt><trkpt lat="-26.991048" lon="-48.629352"><ele>-6.3</ele></trkpt><trkpt lat="-26.99104" lon="-48.62935"><ele>-5.9</ele></trkpt><trkpt lat="-26.99103" lon="-48.629347"><ele>-5.7</ele></trkpt><trkpt lat="-26.991017" lon="-48.629347"><ele>-5.2</ele></trkpt><trkpt lat="-26.991012" lon="-48.629348"><ele>-4.8</ele></trkpt><trkpt lat="-26.991012" lon="-48.629358"><ele>-5</ele></trkpt><trkpt lat="-26.991012" lon="-48.62936"><ele>-5.2</ele></trkpt><trkpt lat="-26.991012" lon="-48.629362"><ele>-5.5</ele></trkpt><trkpt lat="-26.991012" lon="-48.629357"><ele>-5.3</ele></trkpt><trkpt lat="-26.991007" lon="-48.629353"><ele>-5.5</ele></trkpt><trkpt lat="-26.991012" lon="-48.629352"><ele>-6</ele></trkpt><trkpt lat="-26.991012" lon="-48.629348"><ele>-6.2</ele></trkpt><trkpt lat="-26.991008" lon="-48.629345"><ele>-6.1</ele></trkpt><trkpt lat="-26.991002" lon="-48.629345"><ele>-6.2</ele></trkpt><trkpt lat="-26.990997" lon="-48.629342"><ele>-6</ele></trkpt><trkpt lat="-26.990985" lon="-48.629348"><ele>-5.8</ele></trkpt><trkpt lat="-26.990977" lon="-48.629353"><ele>-5.9</ele></trkpt><trkpt lat="-26.99097" lon="-48.629362"><ele>-6.1</ele></trkpt><trkpt lat="-26.990977" lon="-48.629363"><ele>-6.4</ele></trkpt><trkpt lat="-26.990972" lon="-48.629368"><ele>-6.2</ele></trkpt><trkpt lat="-26.990965" lon="-48.629375"><ele>-5.9</ele></trkpt><trkpt lat="-26.990958" lon="-48.629383"><ele>-5.7</ele></trkpt><trkpt lat="-26.990967" lon="-48.629398"><ele>-5.1</ele></trkpt><trkpt lat="-26.990977" lon="-48.629403"><ele>-4.6</ele></trkpt><trkpt lat="-26.990975" lon="-48.629407"><ele>-4.6</ele></trkpt><trkpt lat="-26.99097" lon="-48.629413"><ele>-4.5</ele></trkpt><trkpt lat="-26.990968" lon="-48.62942"><ele>-4</ele></trkpt><trkpt lat="-26.990968" lon="-48.629417"><ele>-3.9</ele></trkpt><trkpt lat="-26.99097" lon="-48.629417"><ele>-3.9</ele></trkpt><trkpt lat="-26.990967" lon="-48.62941"><ele>-3</ele></trkpt><trkpt lat="-26.990965" lon="-48.629408"><ele>-2.5</ele></trkpt><trkpt lat="-26.990965" lon="-48.629407"><ele>-2.5</ele></trkpt><trkpt lat="-26.990963" lon="-48.629407"><ele>-2.4</ele></trkpt><trkpt lat="-26.990967" lon="-48.62941"><ele>-2.3</ele></trkpt><trkpt lat="-26.990967" lon="-48.629413"><ele>-2.1</ele></trkpt><trkpt lat="-26.990967" lon="-48.629423"><ele>-2.3</ele></trkpt><trkpt lat="-26.99097" lon="-48.629432"><ele>-2.2</ele></trkpt><trkpt lat="-26.990977" lon="-48.629438"><ele>-2.1</ele></trkpt><trkpt lat="-26.99098" lon="-48.629445"><ele>-2.1</ele></trkpt><trkpt lat="-26.990997" lon="-48.629443"><ele>-2.1</ele></trkpt><trkpt lat="-26.991005" lon="-48.629447"><ele>-2</ele></trkpt><trkpt lat="-26.99101" lon="-48.62945"><ele>-2</ele></trkpt><trkpt lat="-26.991018" lon="-48.629452"><ele>-1.7</ele></trkpt><trkpt lat="-26.991023" lon="-48.629453"><ele>-1.5</ele></trkpt><trkpt lat="-26.991027" lon="-48.629457"><ele>-1.2</ele></trkpt><trkpt lat="-26.991028" lon="-48.629453"><ele>-1</ele></trkpt><trkpt lat="-26.991033" lon="-48.629448"><ele>-1.3</ele></trkpt><trkpt lat="-26.991038" lon="-48.629443"><ele>-1.5</ele></trkpt><trkpt lat="-26.991042" lon="-48.629438"><ele>-1.5</ele></trkpt><trkpt lat="-26.991045" lon="-48.629438"><ele>-1.5</ele></trkpt><trkpt lat="-26.991048" lon="-48.629443"><ele>-1.5</ele></trkpt><trkpt lat="-26.991052" lon="-48.629448"><ele>-1.4</ele></trkpt><trkpt lat="-26.991057" lon="-48.629453"><ele>-1.5</ele></trkpt><trkpt lat="-26.991058" lon="-48.629458"><ele>-1.5</ele></trkpt><trkpt lat="-26.991062" lon="-48.629463"><ele>-1.6</ele></trkpt><trkpt lat="-26.991063" lon="-48.629465"><ele>-1.1</ele></trkpt><trkpt lat="-26.991063" lon="-48.629465"><ele>-0.7</ele></trkpt><trkpt lat="-26.991063" lon="-48.629465"><ele>-0.7</ele></trkpt><trkpt lat="-26.991063" lon="-48.629465"><ele>-0.7</ele></trkpt><trkpt lat="-26.991063" lon="-48.629465"><ele>-0.7</ele></trkpt><trkpt lat="-26.991063" lon="-48.629465"><ele>-0.7</ele></trkpt><trkpt lat="-26.991063" lon="-48.629465"><ele>-0.7</ele></trkpt><trkpt lat="-26.991063" lon="-48.629465"><ele>-0.7</ele></trkpt><trkpt lat="-26.991063" lon="-48.629465"><ele>-0.7</ele></trkpt><trkpt lat="-26.991063" lon="-48.629465"><ele>-0.7</ele></trkpt><trkpt lat="-26.991063" lon="-48.629465"><ele>-0.7</ele></trkpt><trkpt lat="-26.991063" lon="-48.629465"><ele>-0.7</ele></trkpt><trkpt lat="-26.991063" lon="-48.629465"><ele>-0.7</ele></trkpt><trkpt lat="-26.991063" lon="-48.629465"><ele>-0.7</ele></trkpt><trkpt lat="-26.991033" lon="-48.629483"><ele>0.6</ele></trkpt><trkpt lat="-26.991038" lon="-48.629483"><ele>0.4</ele></trkpt><trkpt lat="-26.99104" lon="-48.62948"><ele>0.4</ele></trkpt><trkpt lat="-26.99104" lon="-48.629478"><ele>0.1</ele></trkpt><trkpt lat="-26.99104" lon="-48.629478"><ele>0</ele></trkpt><trkpt lat="-26.99104" lon="-48.629478"><ele>0</ele></trkpt><trkpt lat="-26.99104" lon="-48.629478"><ele>0</ele></trkpt><trkpt lat="-26.99104" lon="-48.629478"><ele>0</ele></trkpt><trkpt lat="-26.99104" lon="-48.629478"><ele>0</ele></trkpt><trkpt lat="-26.99104" lon="-48.629478"><ele>0</ele></trkpt><trkpt lat="-26.99104" lon="-48.629478"><ele>0</ele></trkpt><trkpt lat="-26.99104" lon="-48.629478"><ele>0</ele></trkpt><trkpt lat="-26.99104" lon="-48.629478"><ele>0</ele></trkpt><trkpt lat="-26.99104" lon="-48.629478"><ele>0</ele></trkpt><trkpt lat="-26.99104" lon="-48.629478"><ele>0</ele></trkpt><trkpt lat="-26.99104" lon="-48.629478"><ele>0</ele></trkpt><trkpt lat="-26.99103" lon="-48.62947"><ele>-1.5</ele></trkpt><trkpt lat="-26.991023" lon="-48.629468"><ele>-1.7</ele></trkpt><trkpt lat="-26.991022" lon="-48.629465"><ele>-1.7</ele></trkpt><trkpt lat="-26.991023" lon="-48.629458"><ele>-1.7</ele></trkpt><trkpt lat="-26.991022" lon="-48.629453"><ele>-1.8</ele></trkpt><trkpt lat="-26.991022" lon="-48.629448"><ele>-2</ele></trkpt><trkpt lat="-26.991025" lon="-48.629438"><ele>-1.9</ele></trkpt><trkpt lat="-26.991028" lon="-48.629422"><ele>-1.6</ele></trkpt><trkpt lat="-26.991025" lon="-48.629405"><ele>-1.4</ele></trkpt><trkpt lat="-26.991023" lon="-48.629397"><ele>-1.5</ele></trkpt><trkpt lat="-26.991023" lon="-48.62939"><ele>-1.8</ele></trkpt><trkpt lat="-26.991022" lon="-48.629385"><ele>-1.7</ele></trkpt><trkpt lat="-26.991027" lon="-48.62938"><ele>-1.9</ele></trkpt><trkpt lat="-26.991035" lon="-48.629378"><ele>-2.2</ele></trkpt><trkpt lat="-26.99104" lon="-48.629378"><ele>-2.4</ele></trkpt><trkpt lat="-26.991042" lon="-48.629378"><ele>-2.8</ele></trkpt><trkpt lat="-26.991038" lon="-48.62938"><ele>-3</ele></trkpt><trkpt lat="-26.991045" lon="-48.62938"><ele>-3.3</ele></trkpt><trkpt lat="-26.991052" lon="-48.629382"><ele>-3.7</ele></trkpt><trkpt lat="-26.991063" lon="-48.62937"><ele>-4</ele></trkpt><trkpt lat="-26.991067" lon="-48.629367"><ele>-4</ele></trkpt><trkpt lat="-26.99107" lon="-48.62936"><ele>-4</ele></trkpt><trkpt lat="-26.991073" lon="-48.629353"><ele>-4.2</ele></trkpt><trkpt lat="-26.991073" lon="-48.629353"><ele>-4.2</ele></trkpt><trkpt lat="-26.991073" lon="-48.62935"><ele>-4.4</ele></trkpt><trkpt lat="-26.991073" lon="-48.62935"><ele>-4.4</ele></trkpt><trkpt lat="-26.991073" lon="-48.629342"><ele>-4.5</ele></trkpt><trkpt lat="-26.991073" lon="-48.629338"><ele>-4.7</ele></trkpt><trkpt lat="-26.991078" lon="-48.629337"><ele>-4.9</ele></trkpt><trkpt lat="-26.991077" lon="-48.629338"><ele>-4.9</ele></trkpt><trkpt lat="-26.991077" lon="-48.62934"><ele>-4.9</ele></trkpt><trkpt lat="-26.991077" lon="-48.62934"><ele>-4.9</ele></trkpt><trkpt lat="-26.991077" lon="-48.62934"><ele>-4.9</ele></trkpt><trkpt lat="-26.991077" lon="-48.62934"><ele>-4.9</ele></trkpt><trkpt lat="-26.991067" lon="-48.629338"><ele>-4.8</ele></trkpt><trkpt lat="-26.991063" lon="-48.629335"><ele>-4.9</ele></trkpt><trkpt lat="-26.991065" lon="-48.629332"><ele>-5.1</ele></trkpt><trkpt lat="-26.991063" lon="-48.62933"><ele>-5.2</ele></trkpt><trkpt lat="-26.991067" lon="-48.629323"><ele>-5.3</ele></trkpt><trkpt lat="-26.991067" lon="-48.629323"><ele>-5.3</ele></trkpt><trkpt lat="-26.991067" lon="-48.629323"><ele>-5.3</ele></trkpt><trkpt lat="-26.991067" lon="-48.629323"><ele>-5.3</ele></trkpt><trkpt lat="-26.991067" lon="-48.629323"><ele>-5.3</ele></trkpt><trkpt lat="-26.991057" lon="-48.629278"><ele>-5.7</ele></trkpt><trkpt lat="-26.991053" lon="-48.62927"><ele>-5.9</ele></trkpt><trkpt lat="-26.991053" lon="-48.629257"><ele>-6.4</ele></trkpt><trkpt lat="-26.991048" lon="-48.62925"><ele>-6.8</ele></trkpt><trkpt lat="-26.991042" lon="-48.629242"><ele>-7.1</ele></trkpt><trkpt lat="-26.991033" lon="-48.62923"><ele>-7.3</ele></trkpt><trkpt lat="-26.991018" lon="-48.629223"><ele>-7.5</ele></trkpt><trkpt lat="-26.991015" lon="-48.629212"><ele>-8</ele></trkpt><trkpt lat="-26.991005" lon="-48.629213"><ele>-7.9</ele></trkpt><trkpt lat="-26.991002" lon="-48.629217"><ele>-7.8</ele></trkpt><trkpt lat="-26.990998" lon="-48.629218"><ele>-7.7</ele></trkpt><trkpt lat="-26.990997" lon="-48.629218"><ele>-7.7</ele></trkpt><trkpt lat="-26.991" lon="-48.629218"><ele>-7.6</ele></trkpt><trkpt lat="-26.990998" lon="-48.629222"><ele>-7.6</ele></trkpt><trkpt lat="-26.990995" lon="-48.629227"><ele>-7.4</ele></trkpt><trkpt lat="-26.990992" lon="-48.62923"><ele>-7.2</ele></trkpt><trkpt lat="-26.99099" lon="-48.629233"><ele>-7.3</ele></trkpt><trkpt lat="-26.990987" lon="-48.629235"><ele>-7.1</ele></trkpt><trkpt lat="-26.990987" lon="-48.629235"><ele>-7.1</ele></trkpt><trkpt lat="-26.990987" lon="-48.629235"><ele>-7.1</ele></trkpt><trkpt lat="-26.990987" lon="-48.629235"><ele>-7.1</ele></trkpt><trkpt lat="-26.990987" lon="-48.629235"><ele>-7.1</ele></trkpt><trkpt lat="-26.990987" lon="-48.629235"><ele>-7.1</ele></trkpt><trkpt lat="-26.990987" lon="-48.629235"><ele>-7.1</ele></trkpt><trkpt lat="-26.990987" lon="-48.629235"><ele>-7.1</ele></trkpt><trkpt lat="-26.990987" lon="-48.629235"><ele>-7.1</ele></trkpt><trkpt lat="-26.990987" lon="-48.629235"><ele>-7.1</ele></trkpt><trkpt lat="-26.990987" lon="-48.629235"><ele>-7.1</ele></trkpt><trkpt lat="-26.990987" lon="-48.629235"><ele>-7.1</ele></trkpt><trkpt lat="-26.990987" lon="-48.629235"><ele>-7.1</ele></trkpt><trkpt lat="-26.990987" lon="-48.629235"><ele>-7.1</ele></trkpt><trkpt lat="-26.990987" lon="-48.629235"><ele>-7.1</ele></trkpt><trkpt lat="-26.990987" lon="-48.629235"><ele>-7.1</ele></trkpt><trkpt lat="-26.990987" lon="-48.629235"><ele>-7.1</ele></trkpt><trkpt lat="-26.990987" lon="-48.629235"><ele>-7.1</ele></trkpt><trkpt lat="-26.990987" lon="-48.629235"><ele>-7.1</ele></trkpt><trkpt lat="-26.990987" lon="-48.629235"><ele>-7.1</ele></trkpt><trkpt lat="-26.990987" lon="-48.629235"><ele>-7.1</ele></trkpt><trkpt lat="-26.990987" lon="-48.629235"><ele>-7.1</ele></trkpt><trkpt lat="-26.990987" lon="-48.629235"><ele>-7.1</ele></trkpt><trkpt lat="-26.990987" lon="-48.629235"><ele>-7.1</ele></trkpt><trkpt lat="-26.990987" lon="-48.629235"><ele>-7.1</ele></trkpt><trkpt lat="-26.990987" lon="-48.629235"><ele>-7.1</ele></trkpt><trkpt lat="-26.990987" lon="-48.629235"><ele>-7.1</ele></trkpt><trkpt lat="-26.990987" lon="-48.629235"><ele>-7.1</ele></trkpt><trkpt lat="-26.990987" lon="-48.629235"><ele>-7.1</ele></trkpt><trkpt lat="-26.990987" lon="-48.629235"><ele>-7.1</ele></trkpt><trkpt lat="-26.990987" lon="-48.629235"><ele>-7.1</ele></trkpt><trkpt lat="-26.990987" lon="-48.629235"><ele>-7.1</ele></trkpt><trkpt lat="-26.990987" lon="-48.629235"><ele>-7.1</ele></trkpt><trkpt lat="-26.990952" lon="-48.62921"><ele>-6</ele></trkpt><trkpt lat="-26.99095" lon="-48.62921"><ele>-5.7</ele></trkpt><trkpt lat="-26.99095" lon="-48.62921"><ele>-5.5</ele></trkpt><trkpt lat="-26.990952" lon="-48.62921"><ele>-5.4</ele></trkpt><trkpt lat="-26.990953" lon="-48.62921"><ele>-5.2</ele></trkpt><trkpt lat="-26.990957" lon="-48.62921"><ele>-5.2</ele></trkpt><trkpt lat="-26.990957" lon="-48.62921"><ele>-5.2</ele></trkpt><trkpt lat="-26.990963" lon="-48.629218"><ele>-4.9</ele></trkpt><trkpt lat="-26.990968" lon="-48.629228"><ele>-4.7</ele></trkpt><trkpt lat="-26.990973" lon="-48.629237"><ele>-4.5</ele></trkpt><trkpt lat="-26.990977" lon="-48.629243"><ele>-4.4</ele></trkpt><trkpt lat="-26.990987" lon="-48.629248"><ele>-4.2</ele></trkpt><trkpt lat="-26.990993" lon="-48.629252"><ele>-3.9</ele></trkpt><trkpt lat="-26.991" lon="-48.629253"><ele>-3.6</ele></trkpt><trkpt lat="-26.991015" lon="-48.629258"><ele>-3.4</ele></trkpt><trkpt lat="-26.991023" lon="-48.629258"><ele>-3.3</ele></trkpt><trkpt lat="-26.991033" lon="-48.629258"><ele>-3</ele></trkpt><trkpt lat="-26.991043" lon="-48.629255"><ele>-2.7</ele></trkpt><trkpt lat="-26.991045" lon="-48.629257"><ele>-2.4</ele></trkpt><trkpt lat="-26.991053" lon="-48.629257"><ele>-2.2</ele></trkpt><trkpt lat="-26.991068" lon="-48.629257"><ele>-2</ele></trkpt><trkpt lat="-26.991082" lon="-48.629257"><ele>-1.7</ele></trkpt><trkpt lat="-26.991087" lon="-48.629262"><ele>-1.1</ele></trkpt><trkpt lat="-26.991093" lon="-48.629265"><ele>-1</ele></trkpt><trkpt lat="-26.9911" lon="-48.62927"><ele>-0.5</ele></trkpt><trkpt lat="-26.991107" lon="-48.629282"><ele>-0.2</ele></trkpt><trkpt lat="-26.991113" lon="-48.629288"><ele>-0.1</ele></trkpt><trkpt lat="-26.991123" lon="-48.629292"><ele>0.1</ele></trkpt><trkpt lat="-26.991125" lon="-48.629297"><ele>0.4</ele></trkpt><trkpt lat="-26.991132" lon="-48.629302"><ele>0.6</ele></trkpt><trkpt lat="-26.991137" lon="-48.629307"><ele>0.5</ele></trkpt><trkpt lat="-26.991143" lon="-48.629315"><ele>0.6</ele></trkpt><trkpt lat="-26.991152" lon="-48.629317"><ele>0.7</ele></trkpt><trkpt lat="-26.991158" lon="-48.629315"><ele>0.8</ele></trkpt><trkpt lat="-26.991162" lon="-48.629312"><ele>0.8</ele></trkpt><trkpt lat="-26.99116" lon="-48.629312"><ele>0.8</ele></trkpt><trkpt lat="-26.991157" lon="-48.629313"><ele>0.8</ele></trkpt><trkpt lat="-26.991152" lon="-48.629317"><ele>0.6</ele></trkpt><trkpt lat="-26.991153" lon="-48.629327"><ele>0.1</ele></trkpt><trkpt lat="-26.991152" lon="-48.629335"><ele>-0.3</ele></trkpt><trkpt lat="-26.991153" lon="-48.629343"><ele>-0.7</ele></trkpt><trkpt lat="-26.99115" lon="-48.629348"><ele>-1</ele></trkpt><trkpt lat="-26.99115" lon="-48.62935"><ele>-1.2</ele></trkpt><trkpt lat="-26.99115" lon="-48.62935"><ele>-1.2</ele></trkpt><trkpt lat="-26.99115" lon="-48.62935"><ele>-1.2</ele></trkpt><trkpt lat="-26.99115" lon="-48.62935"><ele>-1.2</ele></trkpt><trkpt lat="-26.99115" lon="-48.62935"><ele>-1.2</ele></trkpt><trkpt lat="-26.99115" lon="-48.62935"><ele>-1.2</ele></trkpt><trkpt lat="-26.99115" lon="-48.62935"><ele>-1.2</ele></trkpt><trkpt lat="-26.99115" lon="-48.62935"><ele>-1.2</ele></trkpt><trkpt lat="-26.99115" lon="-48.62935"><ele>-1.2</ele></trkpt><trkpt lat="-26.99115" lon="-48.62935"><ele>-1.2</ele></trkpt><trkpt lat="-26.99115" lon="-48.62935"><ele>-1.2</ele></trkpt><trkpt lat="-26.99115" lon="-48.62935"><ele>-1.2</ele></trkpt><trkpt lat="-26.99115" lon="-48.62935"><ele>-1.2</ele></trkpt><trkpt lat="-26.99115" lon="-48.62935"><ele>-1.2</ele></trkpt><trkpt lat="-26.99115" lon="-48.62935"><ele>-1.2</ele></trkpt><trkpt lat="-26.99115" lon="-48.62935"><ele>-1.2</ele></trkpt><trkpt lat="-26.99115" lon="-48.62935"><ele>-1.2</ele></trkpt><trkpt lat="-26.99115" lon="-48.62935"><ele>-1.2</ele></trkpt><trkpt lat="-26.99115" lon="-48.62935"><ele>-1.2</ele></trkpt><trkpt lat="-26.99115" lon="-48.62935"><ele>-1.2</ele></trkpt><trkpt lat="-26.99115" lon="-48.62935"><ele>-1.2</ele></trkpt><trkpt lat="-26.99115" lon="-48.62935"><ele>-1.2</ele></trkpt><trkpt lat="-26.99115" lon="-48.62935"><ele>-1.2</ele></trkpt><trkpt lat="-26.99115" lon="-48.62935"><ele>-1.2</ele></trkpt><trkpt lat="-26.99115" lon="-48.62935"><ele>-1.2</ele></trkpt><trkpt lat="-26.99115" lon="-48.62935"><ele>-1.2</ele></trkpt><trkpt lat="-26.99115" lon="-48.62935"><ele>-1.2</ele></trkpt><trkpt lat="-26.99115" lon="-48.62935"><ele>-1.2</ele></trkpt><trkpt lat="-26.99115" lon="-48.62935"><ele>-1.2</ele></trkpt><trkpt lat="-26.99115" lon="-48.62935"><ele>-1.2</ele></trkpt><trkpt lat="-26.99115" lon="-48.62935"><ele>-1.2</ele></trkpt><trkpt lat="-26.99115" lon="-48.62935"><ele>-1.2</ele></trkpt><trkpt lat="-26.99115" lon="-48.62935"><ele>-1.2</ele></trkpt><trkpt lat="-26.99115" lon="-48.62935"><ele>-1.2</ele></trkpt><trkpt lat="-26.99115" lon="-48.62935"><ele>-1.2</ele></trkpt><trkpt lat="-26.99115" lon="-48.62935"><ele>-1.2</ele></trkpt><trkpt lat="-26.99115" lon="-48.62935"><ele>-1.2</ele></trkpt><trkpt lat="-26.99115" lon="-48.62935"><ele>-1.2</ele></trkpt><trkpt lat="-26.99115" lon="-48.62935"><ele>-1.2</ele></trkpt><trkpt lat="-26.99115" lon="-48.62935"><ele>-1.2</ele></trkpt><trkpt lat="-26.99115" lon="-48.62935"><ele>-1.2</ele></trkpt><trkpt lat="-26.99115" lon="-48.62935"><ele>-1.2</ele></trkpt><trkpt lat="-26.99115" lon="-48.62935"><ele>-1.2</ele></trkpt><trkpt lat="-26.99115" lon="-48.62935"><ele>-1.2</ele></trkpt><trkpt lat="-26.99115" lon="-48.62935"><ele>-1.2</ele></trkpt><trkpt lat="-26.99115" lon="-48.62935"><ele>-1.2</ele></trkpt><trkpt lat="-26.99115" lon="-48.62935"><ele>-1.2</ele></trkpt><trkpt lat="-26.99115" lon="-48.62935"><ele>-1.2</ele></trkpt><trkpt lat="-26.99115" lon="-48.62935"><ele>-1.2</ele></trkpt><trkpt lat="-26.99115" lon="-48.62935"><ele>-1.2</ele></trkpt><trkpt lat="-26.99115" lon="-48.62935"><ele>-1.2</ele></trkpt><trkpt lat="-26.99115" lon="-48.62935"><ele>-1.2</ele></trkpt><trkpt lat="-26.99115" lon="-48.62935"><ele>-1.2</ele></trkpt><trkpt lat="-26.99115" lon="-48.62935"><ele>-1.2</ele></trkpt><trkpt lat="-26.99115" lon="-48.62935"><ele>-1.2</ele></trkpt><trkpt lat="-26.99115" lon="-48.62935"><ele>-1.2</ele></trkpt><trkpt lat="-26.99115" lon="-48.62935"><ele>-1.2</ele></trkpt><trkpt lat="-26.99115" lon="-48.62935"><ele>-1.2</ele></trkpt><trkpt lat="-26.99115" lon="-48.62935"><ele>-1.2</ele></trkpt><trkpt lat="-26.99115" lon="-48.62935"><ele>-1.2</ele></trkpt><trkpt lat="-26.99115" lon="-48.62935"><ele>-1.2</ele></trkpt><trkpt lat="-26.99115" lon="-48.62935"><ele>-1.2</ele></trkpt><trkpt lat="-26.99115" lon="-48.62935"><ele>-1.2</ele></trkpt><trkpt lat="-26.99115" lon="-48.62935"><ele>-1.2</ele></trkpt><trkpt lat="-26.99115" lon="-48.62935"><ele>-1.2</ele></trkpt><trkpt lat="-26.99115" lon="-48.62935"><ele>-1.2</ele></trkpt><trkpt lat="-26.99115" lon="-48.62935"><ele>-1.2</ele></trkpt><trkpt lat="-26.99115" lon="-48.62935"><ele>-1.2</ele></trkpt><trkpt lat="-26.99115" lon="-48.62935"><ele>-1.2</ele></trkpt><trkpt lat="-26.99115" lon="-48.62935"><ele>-1.2</ele></trkpt><trkpt lat="-26.99115" lon="-48.62935"><ele>-1.2</ele></trkpt><trkpt lat="-26.99115" lon="-48.62935"><ele>-1.2</ele></trkpt><trkpt lat="-26.99115" lon="-48.62935"><ele>-1.2</ele></trkpt><trkpt lat="-26.99115" lon="-48.62935"><ele>-1.2</ele></trkpt><trkpt lat="-26.99115" lon="-48.62935"><ele>-1.2</ele></trkpt><trkpt lat="-26.99115" lon="-48.62935"><ele>-1.2</ele></trkpt><trkpt lat="-26.991065" lon="-48.629385"><ele>-3.1</ele></trkpt><trkpt lat="-26.991062" lon="-48.629383"><ele>-3</ele></trkpt><trkpt lat="-26.991063" lon="-48.629383"><ele>-3</ele></trkpt><trkpt lat="-26.991063" lon="-48.629385"><ele>-2.9</ele></trkpt><trkpt lat="-26.991063" lon="-48.629385"><ele>-2.9</ele></trkpt><trkpt lat="-26.991063" lon="-48.629385"><ele>-2.9</ele></trkpt><trkpt lat="-26.991063" lon="-48.629385"><ele>-2.9</ele></trkpt><trkpt lat="-26.991063" lon="-48.629385"><ele>-2.9</ele></trkpt><trkpt lat="-26.991063" lon="-48.629385"><ele>-2.9</ele></trkpt><trkpt lat="-26.991063" lon="-48.629385"><ele>-2.9</ele></trkpt><trkpt lat="-26.991063" lon="-48.629385"><ele>-2.9</ele></trkpt><trkpt lat="-26.991063" lon="-48.629385"><ele>-2.9</ele></trkpt><trkpt lat="-26.991063" lon="-48.629385"><ele>-2.9</ele></trkpt><trkpt lat="-26.991063" lon="-48.629385"><ele>-2.9</ele></trkpt><trkpt lat="-26.991063" lon="-48.629385"><ele>-2.9</ele></trkpt><trkpt lat="-26.991063" lon="-48.629385"><ele>-2.9</ele></trkpt><trkpt lat="-26.991063" lon="-48.629385"><ele>-2.9</ele></trkpt><trkpt lat="-26.991063" lon="-48.629385"><ele>-2.9</ele></trkpt><trkpt lat="-26.991063" lon="-48.629385"><ele>-2.9</ele></trkpt><trkpt lat="-26.991063" lon="-48.629385"><ele>-2.9</ele></trkpt><trkpt lat="-26.991063" lon="-48.629385"><ele>-2.9</ele></trkpt><trkpt lat="-26.991063" lon="-48.629385"><ele>-2.9</ele></trkpt><trkpt lat="-26.991063" lon="-48.629385"><ele>-2.9</ele></trkpt><trkpt lat="-26.991063" lon="-48.629385"><ele>-2.9</ele></trkpt><trkpt lat="-26.991063" lon="-48.629385"><ele>-2.9</ele></trkpt><trkpt lat="-26.991063" lon="-48.629385"><ele>-2.9</ele></trkpt><trkpt lat="-26.991063" lon="-48.629385"><ele>-2.9</ele></trkpt><trkpt lat="-26.991063" lon="-48.629385"><ele>-2.9</ele></trkpt><trkpt lat="-26.991063" lon="-48.629385"><ele>-2.9</ele></trkpt><trkpt lat="-26.991063" lon="-48.629385"><ele>-2.9</ele></trkpt><trkpt lat="-26.991063" lon="-48.629385"><ele>-2.9</ele></trkpt><trkpt lat="-26.991063" lon="-48.629385"><ele>-2.9</ele></trkpt><trkpt lat="-26.991063" lon="-48.629385"><ele>-2.9</ele></trkpt><trkpt lat="-26.991063" lon="-48.629385"><ele>-2.9</ele></trkpt><trkpt lat="-26.991063" lon="-48.629385"><ele>-2.9</ele></trkpt><trkpt lat="-26.991063" lon="-48.629385"><ele>-2.9</ele></trkpt><trkpt lat="-26.991063" lon="-48.629385"><ele>-2.9</ele></trkpt><trkpt lat="-26.991063" lon="-48.629385"><ele>-2.9</ele></trkpt><trkpt lat="-26.991063" lon="-48.629385"><ele>-2.9</ele></trkpt><trkpt lat="-26.991063" lon="-48.629385"><ele>-2.9</ele></trkpt><trkpt lat="-26.991063" lon="-48.629385"><ele>-2.9</ele></trkpt><trkpt lat="-26.991063" lon="-48.629385"><ele>-2.9</ele></trkpt><trkpt lat="-26.991063" lon="-48.629385"><ele>-2.9</ele></trkpt><trkpt lat="-26.991063" lon="-48.629385"><ele>-2.9</ele></trkpt><trkpt lat="-26.991063" lon="-48.629385"><ele>-2.9</ele></trkpt><trkpt lat="-26.991063" lon="-48.629385"><ele>-2.9</ele></trkpt><trkpt lat="-26.991063" lon="-48.629385"><ele>-2.9</ele></trkpt><trkpt lat="-26.991063" lon="-48.629385"><ele>-2.9</ele></trkpt><trkpt lat="-26.991063" lon="-48.629385"><ele>-2.9</ele></trkpt><trkpt lat="-26.991063" lon="-48.629385"><ele>-2.9</ele></trkpt><trkpt lat="-26.991063" lon="-48.629385"><ele>-2.9</ele></trkpt><trkpt lat="-26.991063" lon="-48.629385"><ele>-2.9</ele></trkpt><trkpt lat="-26.991063" lon="-48.629385"><ele>-2.9</ele></trkpt><trkpt lat="-26.991063" lon="-48.629385"><ele>-2.9</ele></trkpt><trkpt lat="-26.991063" lon="-48.629385"><ele>-2.9</ele></trkpt><trkpt lat="-26.991063" lon="-48.629385"><ele>-2.9</ele></trkpt><trkpt lat="-26.991063" lon="-48.629385"><ele>-2.9</ele></trkpt><trkpt lat="-26.991063" lon="-48.629385"><ele>-2.9</ele></trkpt><trkpt lat="-26.991018" lon="-48.629402"><ele>-1</ele></trkpt><trkpt lat="-26.991008" lon="-48.629407"><ele>-0.9</ele></trkpt><trkpt lat="-26.990995" lon="-48.629405"><ele>-0.4</ele></trkpt><trkpt lat="-26.991002" lon="-48.62941"><ele>-0.7</ele></trkpt><trkpt lat="-26.991005" lon="-48.629412"><ele>-0.7</ele></trkpt><trkpt lat="-26.991005" lon="-48.629412"><ele>-0.6</ele></trkpt><trkpt lat="-26.991007" lon="-48.629417"><ele>-1</ele></trkpt><trkpt lat="-26.99101" lon="-48.629413"><ele>-0.8</ele></trkpt><trkpt lat="-26.991018" lon="-48.62941"><ele>-0.7</ele></trkpt><trkpt lat="-26.99102" lon="-48.629413"><ele>-0.5</ele></trkpt><trkpt lat="-26.991022" lon="-48.629413"><ele>-0.3</ele></trkpt><trkpt lat="-26.991027" lon="-48.629412"><ele>-0.2</ele></trkpt><trkpt lat="-26.991023" lon="-48.629413"><ele>-0.3</ele></trkpt><trkpt lat="-26.991023" lon="-48.629413"><ele>-0.3</ele></trkpt><trkpt lat="-26.991023" lon="-48.629413"><ele>-0.3</ele></trkpt><trkpt lat="-26.991023" lon="-48.629413"><ele>-0.3</ele></trkpt><trkpt lat="-26.991023" lon="-48.629413"><ele>-0.3</ele></trkpt><trkpt lat="-26.991023" lon="-48.629413"><ele>-0.3</ele></trkpt><trkpt lat="-26.991023" lon="-48.629413"><ele>-0.3</ele></trkpt><trkpt lat="-26.991023" lon="-48.629413"><ele>-0.3</ele></trkpt><trkpt lat="-26.991023" lon="-48.629413"><ele>-0.3</ele></trkpt><trkpt lat="-26.991023" lon="-48.629413"><ele>-0.3</ele></trkpt><trkpt lat="-26.991023" lon="-48.629413"><ele>-0.3</ele></trkpt><trkpt lat="-26.991023" lon="-48.629413"><ele>-0.3</ele></trkpt><trkpt lat="-26.991023" lon="-48.629413"><ele>-0.3</ele></trkpt><trkpt lat="-26.991023" lon="-48.629413"><ele>-0.3</ele></trkpt><trkpt lat="-26.991023" lon="-48.629413"><ele>-0.3</ele></trkpt><trkpt lat="-26.991023" lon="-48.629413"><ele>-0.3</ele></trkpt><trkpt lat="-26.991023" lon="-48.629413"><ele>-0.3</ele></trkpt><trkpt lat="-26.991023" lon="-48.629413"><ele>-0.3</ele></trkpt><trkpt lat="-26.991023" lon="-48.629413"><ele>-0.3</ele></trkpt><trkpt lat="-26.991087" lon="-48.629387"><ele>-0.5</ele></trkpt><trkpt lat="-26.991085" lon="-48.629382"><ele>-0.6</ele></trkpt><trkpt lat="-26.991083" lon="-48.62938"><ele>-0.5</ele></trkpt><trkpt lat="-26.991083" lon="-48.629382"><ele>-0.6</ele></trkpt><trkpt lat="-26.99108" lon="-48.62938"><ele>-0.7</ele></trkpt><trkpt lat="-26.99108" lon="-48.62938"><ele>-0.7</ele></trkpt><trkpt lat="-26.99108" lon="-48.62938"><ele>-0.7</ele></trkpt><trkpt lat="-26.99108" lon="-48.62938"><ele>-0.7</ele></trkpt><trkpt lat="-26.99108" lon="-48.62938"><ele>-0.7</ele></trkpt><trkpt lat="-26.99108" lon="-48.62938"><ele>-0.7</ele></trkpt><trkpt lat="-26.99108" lon="-48.62938"><ele>-0.7</ele></trkpt><trkpt lat="-26.99108" lon="-48.62938"><ele>-0.7</ele></trkpt><trkpt lat="-26.99108" lon="-48.62938"><ele>-0.7</ele></trkpt><trkpt lat="-26.99108" lon="-48.62938"><ele>-0.7</ele></trkpt><trkpt lat="-26.99108" lon="-48.62938"><ele>-0.7</ele></trkpt><trkpt lat="-26.99108" lon="-48.62938"><ele>-0.7</ele></trkpt><trkpt lat="-26.99108" lon="-48.62938"><ele>-0.7</ele></trkpt><trkpt lat="-26.991098" lon="-48.629352"><ele>-1.6</ele></trkpt><trkpt lat="-26.991095" lon="-48.629343"><ele>-1.6</ele></trkpt><trkpt lat="-26.991088" lon="-48.629335"><ele>-1.5</ele></trkpt><trkpt lat="-26.991078" lon="-48.629325"><ele>-1.5</ele></trkpt><trkpt lat="-26.991067" lon="-48.629317"><ele>-1.5</ele></trkpt><trkpt lat="-26.991055" lon="-48.629308"><ele>-1.6</ele></trkpt><trkpt lat="-26.991042" lon="-48.6293"><ele>-1.7</ele></trkpt><trkpt lat="-26.991035" lon="-48.629292"><ele>-1.7</ele></trkpt><trkpt lat="-26.991023" lon="-48.629285"><ele>-1.8</ele></trkpt><trkpt lat="-26.99102" lon="-48.629277"><ele>-1.8</ele></trkpt><trkpt lat="-26.991018" lon="-48.629268"><ele>-1.8</ele></trkpt><trkpt lat="-26.991018" lon="-48.629253"><ele>-1.9</ele></trkpt><trkpt lat="-26.991015" lon="-48.62925"><ele>-1.9</ele></trkpt><trkpt lat="-26.99102" lon="-48.629248"><ele>-2</ele></trkpt><trkpt lat="-26.991027" lon="-48.629248"><ele>-2.3</ele></trkpt><trkpt lat="-26.99103" lon="-48.629248"><ele>-2.5</ele></trkpt><trkpt lat="-26.991033" lon="-48.629247"><ele>-2.7</ele></trkpt><trkpt lat="-26.991038" lon="-48.629242"><ele>-2.7</ele></trkpt><trkpt lat="-26.99104" lon="-48.629237"><ele>-2.7</ele></trkpt><trkpt lat="-26.991035" lon="-48.629232"><ele>-2.8</ele></trkpt><trkpt lat="-26.991033" lon="-48.629228"><ele>-2.8</ele></trkpt><trkpt lat="-26.991033" lon="-48.629225"><ele>-2.9</ele></trkpt><trkpt lat="-26.99104" lon="-48.629222"><ele>-3</ele></trkpt><trkpt lat="-26.99104" lon="-48.629222"><ele>-3</ele></trkpt><trkpt lat="-26.99104" lon="-48.629222"><ele>-3</ele></trkpt><trkpt lat="-26.99104" lon="-48.629222"><ele>-3</ele></trkpt><trkpt lat="-26.99104" lon="-48.629222"><ele>-3</ele></trkpt><trkpt lat="-26.99104" lon="-48.629222"><ele>-3</ele></trkpt><trkpt lat="-26.99104" lon="-48.629222"><ele>-3</ele></trkpt><trkpt lat="-26.99104" lon="-48.629222"><ele>-3</ele></trkpt><trkpt lat="-26.991027" lon="-48.629215"><ele>-3</ele></trkpt><trkpt lat="-26.991025" lon="-48.629215"><ele>-3.1</ele></trkpt><trkpt lat="-26.991025" lon="-48.629215"><ele>-3.1</ele></trkpt><trkpt lat="-26.991023" lon="-48.629213"><ele>-3.2</ele></trkpt><trkpt lat="-26.991013" lon="-48.629217"><ele>-2.9</ele></trkpt><trkpt lat="-26.991002" lon="-48.629215"><ele>-2.6</ele></trkpt><trkpt lat="-26.990982" lon="-48.629198"><ele>-2</ele></trkpt><trkpt lat="-26.990967" lon="-48.62919"><ele>-1.9</ele></trkpt><trkpt lat="-26.990958" lon="-48.629183"><ele>-1.4</ele></trkpt><trkpt lat="-26.990952" lon="-48.62918"><ele>-1.2</ele></trkpt><trkpt lat="-26.990957" lon="-48.629175"><ele>-1.1</ele></trkpt><trkpt lat="-26.990955" lon="-48.629168"><ele>-1</ele></trkpt><trkpt lat="-26.990945" lon="-48.629168"><ele>-0.7</ele></trkpt><trkpt lat="-26.990933" lon="-48.629163"><ele>-0.6</ele></trkpt><trkpt lat="-26.990923" lon="-48.629163"><ele>-0.2</ele></trkpt><trkpt lat="-26.990912" lon="-48.629153"><ele>0.3</ele></trkpt><trkpt lat="-26.990907" lon="-48.62915"><ele>0</ele></trkpt><trkpt lat="-26.9909" lon="-48.629145"><ele>-0.1</ele></trkpt><trkpt lat="-26.990898" lon="-48.629142"><ele>-0.3</ele></trkpt><trkpt lat="-26.990898" lon="-48.629133"><ele>-0.3</ele></trkpt><trkpt lat="-26.990893" lon="-48.62913"><ele>0</ele></trkpt><trkpt lat="-26.99089" lon="-48.629125"><ele>0</ele></trkpt><trkpt lat="-26.990885" lon="-48.629118"><ele>0.1</ele></trkpt><trkpt lat="-26.990882" lon="-48.629113"><ele>0.3</ele></trkpt><trkpt lat="-26.990883" lon="-48.629108"><ele>0.2</ele></trkpt><trkpt lat="-26.99089" lon="-48.629103"><ele>0</ele></trkpt><trkpt lat="-26.990892" lon="-48.6291"><ele>0.1</ele></trkpt><trkpt lat="-26.990895" lon="-48.629098"><ele>0.1</ele></trkpt><trkpt lat="-26.990895" lon="-48.629102"><ele>0.5</ele></trkpt><trkpt lat="-26.990897" lon="-48.629105"><ele>0.4</ele></trkpt><trkpt lat="-26.9909" lon="-48.62911"><ele>0.6</ele></trkpt><trkpt lat="-26.9909" lon="-48.629112"><ele>0.6</ele></trkpt><trkpt lat="-26.990902" lon="-48.629115"><ele>0.7</ele></trkpt><trkpt lat="-26.990898" lon="-48.629118"><ele>0.7</ele></trkpt><trkpt lat="-26.990895" lon="-48.629123"><ele>0.7</ele></trkpt><trkpt lat="-26.990897" lon="-48.629128"><ele>0.6</ele></trkpt><trkpt lat="-26.990898" lon="-48.629128"><ele>0.5</ele></trkpt><trkpt lat="-26.990895" lon="-48.629128"><ele>0.4</ele></trkpt><trkpt lat="-26.990895" lon="-48.629128"><ele>0.4</ele></trkpt><trkpt lat="-26.990895" lon="-48.629128"><ele>0.4</ele></trkpt><trkpt lat="-26.990895" lon="-48.629128"><ele>0.4</ele></trkpt><trkpt lat="-26.990895" lon="-48.629128"><ele>0.4</ele></trkpt><trkpt lat="-26.990895" lon="-48.629128"><ele>0.4</ele></trkpt><trkpt lat="-26.990895" lon="-48.629128"><ele>0.4</ele></trkpt><trkpt lat="-26.990895" lon="-48.629128"><ele>0.4</ele></trkpt><trkpt lat="-26.990895" lon="-48.629128"><ele>0.4</ele></trkpt><trkpt lat="-26.990895" lon="-48.629128"><ele>0.4</ele></trkpt><trkpt lat="-26.990895" lon="-48.629128"><ele>0.4</ele></trkpt><trkpt lat="-26.990895" lon="-48.629128"><ele>0.4</ele></trkpt><trkpt lat="-26.990895" lon="-48.629128"><ele>0.4</ele></trkpt><trkpt lat="-26.990895" lon="-48.629128"><ele>0.4</ele></trkpt><trkpt lat="-26.990895" lon="-48.629128"><ele>0.4</ele></trkpt><trkpt lat="-26.990895" lon="-48.629128"><ele>0.4</ele></trkpt><trkpt lat="-26.990895" lon="-48.629128"><ele>0.4</ele></trkpt><trkpt lat="-26.990895" lon="-48.629128"><ele>0.4</ele></trkpt><trkpt lat="-26.990895" lon="-48.629128"><ele>0.4</ele></trkpt><trkpt lat="-26.990895" lon="-48.629128"><ele>0.4</ele></trkpt><trkpt lat="-26.990895" lon="-48.629128"><ele>0.4</ele></trkpt><trkpt lat="-26.990895" lon="-48.629128"><ele>0.4</ele></trkpt><trkpt lat="-26.990902" lon="-48.629197"><ele>3</ele></trkpt><trkpt lat="-26.990902" lon="-48.629205"><ele>3.5</ele></trkpt><trkpt lat="-26.990907" lon="-48.629213"><ele>3.5</ele></trkpt><trkpt lat="-26.990915" lon="-48.62922"><ele>3</ele></trkpt><trkpt lat="-26.990925" lon="-48.629227"><ele>2.8</ele></trkpt><trkpt lat="-26.990932" lon="-48.62923"><ele>2.7</ele></trkpt><trkpt lat="-26.99094" lon="-48.629233"><ele>2.4</ele></trkpt><trkpt lat="-26.990945" lon="-48.629237"><ele>2.5</ele></trkpt><trkpt lat="-26.99095" lon="-48.629237"><ele>2.6</ele></trkpt><trkpt lat="-26.990955" lon="-48.629238"><ele>2.6</ele></trkpt><trkpt lat="-26.990958" lon="-48.62924"><ele>2.7</ele></trkpt><trkpt lat="-26.990955" lon="-48.62924"><ele>2.6</ele></trkpt><trkpt lat="-26.990953" lon="-48.629237"><ele>2.7</ele></trkpt><trkpt lat="-26.990948" lon="-48.629235"><ele>2.5</ele></trkpt><trkpt lat="-26.990945" lon="-48.629233"><ele>2.3</ele></trkpt><trkpt lat="-26.990945" lon="-48.62923"><ele>2.2</ele></trkpt><trkpt lat="-26.990945" lon="-48.62923"><ele>2.2</ele></trkpt><trkpt lat="-26.990948" lon="-48.62923"><ele>2</ele></trkpt><trkpt lat="-26.990957" lon="-48.629222"><ele>1.7</ele></trkpt><trkpt lat="-26.990963" lon="-48.629223"><ele>1.7</ele></trkpt><trkpt lat="-26.990972" lon="-48.629223"><ele>1.7</ele></trkpt><trkpt lat="-26.990978" lon="-48.629228"><ele>1.6</ele></trkpt><trkpt lat="-26.990983" lon="-48.629228"><ele>1.5</ele></trkpt><trkpt lat="-26.990987" lon="-48.629228"><ele>1.9</ele></trkpt><trkpt lat="-26.990987" lon="-48.629228"><ele>1.9</ele></trkpt><trkpt lat="-26.990987" lon="-48.629228"><ele>1.9</ele></trkpt><trkpt lat="-26.990987" lon="-48.629228"><ele>1.9</ele></trkpt><trkpt lat="-26.990987" lon="-48.629228"><ele>1.9</ele></trkpt><trkpt lat="-26.990987" lon="-48.629228"><ele>1.9</ele></trkpt><trkpt lat="-26.990987" lon="-48.629228"><ele>1.9</ele></trkpt><trkpt lat="-26.990987" lon="-48.629228"><ele>1.9</ele></trkpt><trkpt lat="-26.990987" lon="-48.629228"><ele>1.9</ele></trkpt><trkpt lat="-26.990987" lon="-48.629228"><ele>1.9</ele></trkpt><trkpt lat="-26.990987" lon="-48.629228"><ele>1.9</ele></trkpt><trkpt lat="-26.990987" lon="-48.629228"><ele>1.9</ele></trkpt><trkpt lat="-26.990987" lon="-48.629228"><ele>1.9</ele></trkpt><trkpt lat="-26.990987" lon="-48.629228"><ele>1.9</ele></trkpt><trkpt lat="-26.990987" lon="-48.629228"><ele>1.9</ele></trkpt><trkpt lat="-26.990987" lon="-48.629228"><ele>1.9</ele></trkpt><trkpt lat="-26.990987" lon="-48.629228"><ele>1.9</ele></trkpt><trkpt lat="-26.990987" lon="-48.629228"><ele>1.9</ele></trkpt><trkpt lat="-26.990987" lon="-48.629228"><ele>1.9</ele></trkpt><trkpt lat="-26.990987" lon="-48.629228"><ele>1.9</ele></trkpt><trkpt lat="-26.990987" lon="-48.629228"><ele>1.9</ele></trkpt><trkpt lat="-26.990987" lon="-48.629228"><ele>1.9</ele></trkpt><trkpt lat="-26.990987" lon="-48.629228"><ele>1.9</ele></trkpt><trkpt lat="-26.990987" lon="-48.629228"><ele>1.9</ele></trkpt><trkpt lat="-26.990987" lon="-48.629228"><ele>1.9</ele></trkpt><trkpt lat="-26.990987" lon="-48.629228"><ele>1.9</ele></trkpt><trkpt lat="-26.990987" lon="-48.629228"><ele>1.9</ele></trkpt><trkpt lat="-26.990987" lon="-48.629228"><ele>1.9</ele></trkpt><trkpt lat="-26.990998" lon="-48.629205"><ele>2.4</ele></trkpt><trkpt lat="-26.991005" lon="-48.629222"><ele>2.3</ele></trkpt><trkpt lat="-26.991015" lon="-48.629235"><ele>2.2</ele></trkpt><trkpt lat="-26.991023" lon="-48.629243"><ele>2.6</ele></trkpt><trkpt lat="-26.991028" lon="-48.629252"><ele>2.6</ele></trkpt><trkpt lat="-26.991032" lon="-48.629262"><ele>3.2</ele></trkpt><trkpt lat="-26.991035" lon="-48.62927"><ele>3.1</ele></trkpt><trkpt lat="-26.991035" lon="-48.629277"><ele>3.2</ele></trkpt><trkpt lat="-26.991033" lon="-48.629285"><ele>3.1</ele></trkpt><trkpt lat="-26.991032" lon="-48.629295"><ele>3</ele></trkpt><trkpt lat="-26.991032" lon="-48.629303"><ele>2.6</ele></trkpt><trkpt lat="-26.991028" lon="-48.629303"><ele>2.3</ele></trkpt><trkpt lat="-26.991027" lon="-48.629307"><ele>2.1</ele></trkpt><trkpt lat="-26.991027" lon="-48.629307"><ele>2.1</ele></trkpt><trkpt lat="-26.991025" lon="-48.629307"><ele>1.8</ele></trkpt><trkpt lat="-26.991025" lon="-48.629307"><ele>1.8</ele></trkpt><trkpt lat="-26.991023" lon="-48.629305"><ele>1.7</ele></trkpt><trkpt lat="-26.99102" lon="-48.629303"><ele>1.7</ele></trkpt><trkpt lat="-26.991017" lon="-48.629303"><ele>1.6</ele></trkpt><trkpt lat="-26.991013" lon="-48.629303"><ele>1.5</ele></trkpt><trkpt lat="-26.991013" lon="-48.629303"><ele>1.4</ele></trkpt><trkpt lat="-26.991013" lon="-48.629302"><ele>1.4</ele></trkpt><trkpt lat="-26.99101" lon="-48.629307"><ele>1.3</ele></trkpt><trkpt lat="-26.991007" lon="-48.629312"><ele>1.4</ele></trkpt><trkpt lat="-26.991007" lon="-48.629312"><ele>1.4</ele></trkpt><trkpt lat="-26.991007" lon="-48.629312"><ele>1.4</ele></trkpt><trkpt lat="-26.991007" lon="-48.629312"><ele>1.4</ele></trkpt><trkpt lat="-26.991007" lon="-48.629312"><ele>1.4</ele></trkpt><trkpt lat="-26.991007" lon="-48.629312"><ele>1.4</ele></trkpt><trkpt lat="-26.991007" lon="-48.629312"><ele>1.4</ele></trkpt><trkpt lat="-26.991007" lon="-48.629312"><ele>1.4</ele></trkpt><trkpt lat="-26.991007" lon="-48.629312"><ele>1.4</ele></trkpt><trkpt lat="-26.991007" lon="-48.629312"><ele>1.4</ele></trkpt><trkpt lat="-26.991007" lon="-48.629312"><ele>1.4</ele></trkpt><trkpt lat="-26.991007" lon="-48.629312"><ele>1.4</ele></trkpt><trkpt lat="-26.991007" lon="-48.629312"><ele>1.4</ele></trkpt><trkpt lat="-26.991007" lon="-48.629312"><ele>1.4</ele></trkpt><trkpt lat="-26.991007" lon="-48.629312"><ele>1.4</ele></trkpt><trkpt lat="-26.991007" lon="-48.629312"><ele>1.4</ele></trkpt><trkpt lat="-26.991007" lon="-48.629312"><ele>1.4</ele></trkpt><trkpt lat="-26.991007" lon="-48.629312"><ele>1.4</ele></trkpt><trkpt lat="-26.991007" lon="-48.629312"><ele>1.4</ele></trkpt><trkpt lat="-26.991007" lon="-48.629312"><ele>1.4</ele></trkpt><trkpt lat="-26.991007" lon="-48.629312"><ele>1.4</ele></trkpt><trkpt lat="-26.991007" lon="-48.629312"><ele>1.4</ele></trkpt><trkpt lat="-26.991058" lon="-48.629295"><ele>-0.2</ele></trkpt><trkpt lat="-26.991065" lon="-48.629297"><ele>-0.3</ele></trkpt><trkpt lat="-26.991062" lon="-48.6293"><ele>-0.3</ele></trkpt><trkpt lat="-26.99106" lon="-48.629303"><ele>-0.4</ele></trkpt><trkpt lat="-26.991057" lon="-48.629308"><ele>-0.4</ele></trkpt><trkpt lat="-26.991057" lon="-48.629308"><ele>-0.4</ele></trkpt><trkpt lat="-26.991057" lon="-48.629313"><ele>-0.5</ele></trkpt><trkpt lat="-26.991063" lon="-48.629315"><ele>-0.6</ele></trkpt><trkpt lat="-26.991072" lon="-48.62932"><ele>-0.7</ele></trkpt><trkpt lat="-26.99108" lon="-48.629325"><ele>-0.6</ele></trkpt><trkpt lat="-26.991085" lon="-48.62933"><ele>-0.7</ele></trkpt><trkpt lat="-26.991085" lon="-48.629348"><ele>-1.3</ele></trkpt><trkpt lat="-26.991098" lon="-48.629353"><ele>-2</ele></trkpt><trkpt lat="-26.991108" lon="-48.629353"><ele>-2.6</ele></trkpt><trkpt lat="-26.991098" lon="-48.629338"><ele>-3.2</ele></trkpt><trkpt lat="-26.991092" lon="-48.62933"><ele>-3.3</ele></trkpt><trkpt lat="-26.991088" lon="-48.629327"><ele>-3.3</ele></trkpt><trkpt lat="-26.99109" lon="-48.629333"><ele>-2.7</ele></trkpt><trkpt lat="-26.99109" lon="-48.629342"><ele>-2.4</ele></trkpt><trkpt lat="-26.991087" lon="-48.629348"><ele>-2</ele></trkpt><trkpt lat="-26.991087" lon="-48.629348"><ele>-1.8</ele></trkpt><trkpt lat="-26.991088" lon="-48.62935"><ele>-1.5</ele></trkpt><trkpt lat="-26.991095" lon="-48.629353"><ele>-1.5</ele></trkpt><trkpt lat="-26.991097" lon="-48.629347"><ele>-1.2</ele></trkpt><trkpt lat="-26.991097" lon="-48.629343"><ele>-1.1</ele></trkpt><trkpt lat="-26.9911" lon="-48.629345"><ele>-1</ele></trkpt><trkpt lat="-26.991097" lon="-48.629353"><ele>-0.9</ele></trkpt><trkpt lat="-26.991102" lon="-48.629358"><ele>-1</ele></trkpt><trkpt lat="-26.991095" lon="-48.629362"><ele>-1</ele></trkpt><trkpt lat="-26.991093" lon="-48.629363"><ele>-1.1</ele></trkpt><trkpt lat="-26.991092" lon="-48.629365"><ele>-1.2</ele></trkpt><trkpt lat="-26.991102" lon="-48.62936"><ele>-1.6</ele></trkpt><trkpt lat="-26.991108" lon="-48.62936"><ele>-2.1</ele></trkpt><trkpt lat="-26.991112" lon="-48.62936"><ele>-2.4</ele></trkpt><trkpt lat="-26.99112" lon="-48.629363"><ele>-2.7</ele></trkpt><trkpt lat="-26.991127" lon="-48.62936"><ele>-2.9</ele></trkpt><trkpt lat="-26.991132" lon="-48.629357"><ele>-3</ele></trkpt><trkpt lat="-26.991128" lon="-48.629355"><ele>-3.2</ele></trkpt><trkpt lat="-26.991128" lon="-48.629355"><ele>-3.2</ele></trkpt><trkpt lat="-26.991128" lon="-48.629355"><ele>-3.2</ele></trkpt><trkpt lat="-26.99113" lon="-48.629363"><ele>-2.8</ele></trkpt><trkpt lat="-26.991132" lon="-48.62937"><ele>-2.5</ele></trkpt><trkpt lat="-26.991135" lon="-48.629373"><ele>-2.3</ele></trkpt><trkpt lat="-26.99114" lon="-48.629377"><ele>-2</ele></trkpt><trkpt lat="-26.991142" lon="-48.629378"><ele>-1.6</ele></trkpt><trkpt lat="-26.991145" lon="-48.629378"><ele>-1.2</ele></trkpt><trkpt lat="-26.991148" lon="-48.629382"><ele>-0.6</ele></trkpt><trkpt lat="-26.991148" lon="-48.629383"><ele>-0.2</ele></trkpt><trkpt lat="-26.99115" lon="-48.62939"><ele>0</ele></trkpt><trkpt lat="-26.991148" lon="-48.629397"><ele>0</ele></trkpt><trkpt lat="-26.991148" lon="-48.629397"><ele>0.1</ele></trkpt><trkpt lat="-26.991142" lon="-48.629395"><ele>0.1</ele></trkpt><trkpt lat="-26.991142" lon="-48.629405"><ele>0.5</ele></trkpt><trkpt lat="-26.991145" lon="-48.629402"><ele>0.9</ele></trkpt><trkpt lat="-26.99114" lon="-48.629403"><ele>1.1</ele></trkpt><trkpt lat="-26.991132" lon="-48.6294"><ele>1.5</ele></trkpt><trkpt lat="-26.991123" lon="-48.629398"><ele>1.5</ele></trkpt><trkpt lat="-26.991122" lon="-48.629393"><ele>1.6</ele></trkpt><trkpt lat="-26.991117" lon="-48.629388"><ele>1.6</ele></trkpt><trkpt lat="-26.991118" lon="-48.629373"><ele>1.8</ele></trkpt><trkpt lat="-26.991123" lon="-48.629367"><ele>2.3</ele></trkpt><trkpt lat="-26.99113" lon="-48.629365"><ele>2.2</ele></trkpt><trkpt lat="-26.991133" lon="-48.629367"><ele>2.1</ele></trkpt><trkpt lat="-26.991133" lon="-48.62937"><ele>1.9</ele></trkpt><trkpt lat="-26.991135" lon="-48.629368"><ele>1.7</ele></trkpt><trkpt lat="-26.991132" lon="-48.62937"><ele>1.6</ele></trkpt><trkpt lat="-26.991135" lon="-48.62937"><ele>1.5</ele></trkpt><trkpt lat="-26.99114" lon="-48.629372"><ele>0.8</ele></trkpt><trkpt lat="-26.991142" lon="-48.629372"><ele>0.7</ele></trkpt><trkpt lat="-26.991142" lon="-48.629375"><ele>0.4</ele></trkpt><trkpt lat="-26.991143" lon="-48.629382"><ele>-0.1</ele></trkpt><trkpt lat="-26.991143" lon="-48.629388"><ele>-0.5</ele></trkpt><trkpt lat="-26.991147" lon="-48.6294"><ele>-0.8</ele></trkpt><trkpt lat="-26.991158" lon="-48.629408"><ele>-1.3</ele></trkpt><trkpt lat="-26.991158" lon="-48.629418"><ele>-1.4</ele></trkpt><trkpt lat="-26.991152" lon="-48.629423"><ele>-1.6</ele></trkpt><trkpt lat="-26.991145" lon="-48.629422"><ele>-1.6</ele></trkpt><trkpt lat="-26.99114" lon="-48.629428"><ele>-1.4</ele></trkpt><trkpt lat="-26.991128" lon="-48.629437"><ele>-1.2</ele></trkpt><trkpt lat="-26.99112" lon="-48.629445"><ele>-1.2</ele></trkpt><trkpt lat="-26.991113" lon="-48.62945"><ele>-1.2</ele></trkpt><trkpt lat="-26.991108" lon="-48.62946"><ele>-1.4</ele></trkpt><trkpt lat="-26.991103" lon="-48.62947"><ele>-1.4</ele></trkpt><trkpt lat="-26.991102" lon="-48.629483"><ele>-1.4</ele></trkpt><trkpt lat="-26.991098" lon="-48.629498"><ele>-1.7</ele></trkpt><trkpt lat="-26.991095" lon="-48.629512"><ele>-2.1</ele></trkpt><trkpt lat="-26.991095" lon="-48.62953"><ele>-2.1</ele></trkpt><trkpt lat="-26.991097" lon="-48.62955"><ele>-1.7</ele></trkpt><trkpt lat="-26.9911" lon="-48.629567"><ele>-1.3</ele></trkpt><trkpt lat="-26.991103" lon="-48.629582"><ele>-0.7</ele></trkpt><trkpt lat="-26.991117" lon="-48.629587"><ele>0.7</ele></trkpt><trkpt lat="-26.991142" lon="-48.629593"><ele>1.3</ele></trkpt><trkpt lat="-26.991168" lon="-48.62959"><ele>2.5</ele></trkpt><trkpt lat="-26.99119" lon="-48.629595"><ele>3.1</ele></trkpt><trkpt lat="-26.991227" lon="-48.629588"><ele>4.4</ele></trkpt><trkpt lat="-26.991253" lon="-48.629582"><ele>5.8</ele></trkpt><trkpt lat="-26.991282" lon="-48.629577"><ele>6.9</ele></trkpt><trkpt lat="-26.9913" lon="-48.629582"><ele>7.5</ele></trkpt><trkpt lat="-26.991318" lon="-48.629587"><ele>7.9</ele></trkpt><trkpt lat="-26.991335" lon="-48.629593"><ele>8.4</ele></trkpt><trkpt lat="-26.99135" lon="-48.629595"><ele>8.7</ele></trkpt><trkpt lat="-26.991363" lon="-48.629593"><ele>9.4</ele></trkpt><trkpt lat="-26.991372" lon="-48.629595"><ele>9.9</ele></trkpt><trkpt lat="-26.991377" lon="-48.629595"><ele>10.2</ele></trkpt><trkpt lat="-26.99138" lon="-48.629597"><ele>9.7</ele></trkpt><trkpt lat="-26.99138" lon="-48.6296"><ele>9.4</ele></trkpt><trkpt lat="-26.99138" lon="-48.629602"><ele>9.3</ele></trkpt><trkpt lat="-26.991378" lon="-48.629603"><ele>9.3</ele></trkpt><trkpt lat="-26.991377" lon="-48.629605"><ele>9.4</ele></trkpt><trkpt lat="-26.991375" lon="-48.629607"><ele>9.3</ele></trkpt><trkpt lat="-26.991375" lon="-48.629605"><ele>9.2</ele></trkpt><trkpt lat="-26.991373" lon="-48.629603"><ele>9.3</ele></trkpt><trkpt lat="-26.991373" lon="-48.629603"><ele>9.3</ele></trkpt><trkpt lat="-26.991373" lon="-48.629603"><ele>9.3</ele></trkpt><trkpt lat="-26.991373" lon="-48.629603"><ele>9.3</ele></trkpt><trkpt lat="-26.991373" lon="-48.629603"><ele>9.3</ele></trkpt><trkpt lat="-26.991373" lon="-48.629603"><ele>9.3</ele></trkpt><trkpt lat="-26.991373" lon="-48.629603"><ele>9.3</ele></trkpt><trkpt lat="-26.991367" lon="-48.629603"><ele>9.2</ele></trkpt><trkpt lat="-26.991365" lon="-48.62961"><ele>9.2</ele></trkpt><trkpt lat="-26.991367" lon="-48.629603"><ele>9.6</ele></trkpt><trkpt lat="-26.991368" lon="-48.629595"><ele>9.9</ele></trkpt><trkpt lat="-26.991368" lon="-48.629595"><ele>9.9</ele></trkpt><trkpt lat="-26.991387" lon="-48.629582"><ele>10.3</ele></trkpt><trkpt lat="-26.99139" lon="-48.62958"><ele>10.2</ele></trkpt><trkpt lat="-26.991392" lon="-48.629578"><ele>10.4</ele></trkpt><trkpt lat="-26.991395" lon="-48.629573"><ele>10.4</ele></trkpt><trkpt lat="-26.991398" lon="-48.629567"><ele>10.5</ele></trkpt><trkpt lat="-26.9914" lon="-48.629558"><ele>10.5</ele></trkpt><trkpt lat="-26.991397" lon="-48.629562"><ele>10.5</ele></trkpt><trkpt lat="-26.991397" lon="-48.629575"><ele>10.3</ele></trkpt><trkpt lat="-26.991393" lon="-48.629582"><ele>10.3</ele></trkpt><trkpt lat="-26.991393" lon="-48.629582"><ele>10.3</ele></trkpt><trkpt lat="-26.991393" lon="-48.629582"><ele>10.3</ele></trkpt><trkpt lat="-26.991393" lon="-48.629582"><ele>10.3</ele></trkpt><trkpt lat="-26.991393" lon="-48.629582"><ele>10.3</ele></trkpt><trkpt lat="-26.991393" lon="-48.629582"><ele>10.3</ele></trkpt><trkpt lat="-26.991393" lon="-48.629582"><ele>10.3</ele></trkpt><trkpt lat="-26.991393" lon="-48.629582"><ele>10.3</ele></trkpt><trkpt lat="-26.991393" lon="-48.629582"><ele>10.3</ele></trkpt><trkpt lat="-26.991355" lon="-48.629675"><ele>11</ele></trkpt><trkpt lat="-26.991347" lon="-48.629685"><ele>11.2</ele></trkpt><trkpt lat="-26.99134" lon="-48.629697"><ele>11.1</ele></trkpt><trkpt lat="-26.991338" lon="-48.629692"><ele>10.9</ele></trkpt><trkpt lat="-26.991338" lon="-48.629692"><ele>10.9</ele></trkpt><trkpt lat="-26.991338" lon="-48.629692"><ele>10.9</ele></trkpt><trkpt lat="-26.991338" lon="-48.629692"><ele>10.9</ele></trkpt><trkpt lat="-26.991338" lon="-48.629692"><ele>10.9</ele></trkpt><trkpt lat="-26.991338" lon="-48.629692"><ele>10.9</ele></trkpt><trkpt lat="-26.991338" lon="-48.629692"><ele>10.9</ele></trkpt><trkpt lat="-26.991338" lon="-48.629692"><ele>10.9</ele></trkpt><trkpt lat="-26.991338" lon="-48.629692"><ele>10.9</ele></trkpt><trkpt lat="-26.991338" lon="-48.629692"><ele>10.9</ele></trkpt><trkpt lat="-26.991338" lon="-48.629692"><ele>10.9</ele></trkpt><trkpt lat="-26.991338" lon="-48.629692"><ele>10.9</ele></trkpt><trkpt lat="-26.991338" lon="-48.629692"><ele>10.9</ele></trkpt><trkpt lat="-26.99138" lon="-48.629598"><ele>10.4</ele></trkpt><trkpt lat="-26.991382" lon="-48.629595"><ele>10.1</ele></trkpt><trkpt lat="-26.99139" lon="-48.62958"><ele>10.3</ele></trkpt><trkpt lat="-26.991398" lon="-48.629567"><ele>10.6</ele></trkpt><trkpt lat="-26.991398" lon="-48.629567"><ele>10.6</ele></trkpt><trkpt lat="-26.991398" lon="-48.629567"><ele>10.6</ele></trkpt><trkpt lat="-26.991398" lon="-48.629567"><ele>10.6</ele></trkpt><trkpt lat="-26.991398" lon="-48.629567"><ele>10.6</ele></trkpt><trkpt lat="-26.991398" lon="-48.629567"><ele>10.6</ele></trkpt><trkpt lat="-26.991398" lon="-48.629567"><ele>10.6</ele></trkpt><trkpt lat="-26.991398" lon="-48.629567"><ele>10.6</ele></trkpt><trkpt lat="-26.991398" lon="-48.629567"><ele>10.6</ele></trkpt><trkpt lat="-26.991398" lon="-48.629567"><ele>10.6</ele></trkpt><trkpt lat="-26.991398" lon="-48.629567"><ele>10.6</ele></trkpt><trkpt lat="-26.991398" lon="-48.629567"><ele>10.6</ele></trkpt><trkpt lat="-26.991398" lon="-48.629567"><ele>10.6</ele></trkpt><trkpt lat="-26.991398" lon="-48.629567"><ele>10.6</ele></trkpt><trkpt lat="-26.991398" lon="-48.629567"><ele>10.6</ele></trkpt><trkpt lat="-26.991398" lon="-48.629567"><ele>10.6</ele></trkpt><trkpt lat="-26.991398" lon="-48.629567"><ele>10.6</ele></trkpt><trkpt lat="-26.991398" lon="-48.629567"><ele>10.6</ele></trkpt><trkpt lat="-26.991398" lon="-48.629567"><ele>10.6</ele></trkpt><trkpt lat="-26.991398" lon="-48.629567"><ele>10.6</ele></trkpt><trkpt lat="-26.991398" lon="-48.629567"><ele>10.6</ele></trkpt><trkpt lat="-26.991398" lon="-48.629567"><ele>10.6</ele></trkpt><trkpt lat="-26.991398" lon="-48.629567"><ele>10.6</ele></trkpt><trkpt lat="-26.991413" lon="-48.629627"><ele>9.4</ele></trkpt><trkpt lat="-26.991425" lon="-48.629628"><ele>9.7</ele></trkpt><trkpt lat="-26.991435" lon="-48.629622"><ele>10.3</ele></trkpt><trkpt lat="-26.99144" lon="-48.629628"><ele>10.3</ele></trkpt><trkpt lat="-26.991445" lon="-48.629635"><ele>10.2</ele></trkpt><trkpt lat="-26.991448" lon="-48.629652"><ele>10</ele></trkpt><trkpt lat="-26.991443" lon="-48.629658"><ele>9.5</ele></trkpt><trkpt lat="-26.991433" lon="-48.629673"><ele>8.7</ele></trkpt><trkpt lat="-26.991425" lon="-48.629687"><ele>8.2</ele></trkpt><trkpt lat="-26.991427" lon="-48.629702"><ele>7.8</ele></trkpt><trkpt lat="-26.991428" lon="-48.629715"><ele>7.5</ele></trkpt><trkpt lat="-26.991433" lon="-48.629723"><ele>7.5</ele></trkpt><trkpt lat="-26.991435" lon="-48.629727"><ele>7.4</ele></trkpt><trkpt lat="-26.991435" lon="-48.629728"><ele>7.3</ele></trkpt><trkpt lat="-26.991437" lon="-48.629732"><ele>7.2</ele></trkpt><trkpt lat="-26.99144" lon="-48.62974"><ele>6.9</ele></trkpt><trkpt lat="-26.991445" lon="-48.629757"><ele>6.8</ele></trkpt><trkpt lat="-26.991448" lon="-48.629775"><ele>6.9</ele></trkpt><trkpt lat="-26.991452" lon="-48.629792"><ele>6.8</ele></trkpt><trkpt lat="-26.991458" lon="-48.629795"><ele>6.7</ele></trkpt><trkpt lat="-26.991473" lon="-48.629807"><ele>6.5</ele></trkpt><trkpt lat="-26.991488" lon="-48.629823"><ele>6.4</ele></trkpt><trkpt lat="-26.991498" lon="-48.629835"><ele>6.4</ele></trkpt><trkpt lat="-26.99152" lon="-48.629845"><ele>6.5</ele></trkpt><trkpt lat="-26.991547" lon="-48.629863"><ele>6.3</ele></trkpt><trkpt lat="-26.991568" lon="-48.629883"><ele>6.1</ele></trkpt><trkpt lat="-26.991597" lon="-48.629905"><ele>7.6</ele></trkpt><trkpt lat="-26.991625" lon="-48.629945"><ele>7.1</ele></trkpt><trkpt lat="-26.991633" lon="-48.629953"><ele>7.2</ele></trkpt><trkpt lat="-26.991635" lon="-48.62996"><ele>7</ele></trkpt><trkpt lat="-26.991638" lon="-48.629973"><ele>6.8</ele></trkpt><trkpt lat="-26.99164" lon="-48.629983"><ele>6.9</ele></trkpt><trkpt lat="-26.99164" lon="-48.629983"><ele>6.9</ele></trkpt><trkpt lat="-26.99166" lon="-48.629995"><ele>7.3</ele></trkpt><trkpt lat="-26.991673" lon="-48.630008"><ele>7.2</ele></trkpt><trkpt lat="-26.991688" lon="-48.630013"><ele>7.2</ele></trkpt><trkpt lat="-26.99169" lon="-48.630015"><ele>7.3</ele></trkpt><trkpt lat="-26.991693" lon="-48.630023"><ele>7.5</ele></trkpt><trkpt lat="-26.9917" lon="-48.630028"><ele>7.7</ele></trkpt><trkpt lat="-26.9917" lon="-48.630028"><ele>7.7</ele></trkpt><trkpt lat="-26.9917" lon="-48.630028"><ele>7.7</ele></trkpt><trkpt lat="-26.9917" lon="-48.630028"><ele>7.7</ele></trkpt><trkpt lat="-26.9917" lon="-48.630028"><ele>7.7</ele></trkpt><trkpt lat="-26.9917" lon="-48.630028"><ele>7.7</ele></trkpt><trkpt lat="-26.9917" lon="-48.630028"><ele>7.7</ele></trkpt><trkpt lat="-26.9917" lon="-48.630028"><ele>7.7</ele></trkpt><trkpt lat="-26.991775" lon="-48.63003"><ele>-13</ele></trkpt><trkpt lat="-26.991783" lon="-48.630038"><ele>-13</ele></trkpt><trkpt lat="-26.991795" lon="-48.63005"><ele>-13.1</ele></trkpt><trkpt lat="-26.991805" lon="-48.630062"><ele>-13.2</ele></trkpt><trkpt lat="-26.991813" lon="-48.630075"><ele>-13.1</ele></trkpt><trkpt lat="-26.991823" lon="-48.630088"><ele>-13.1</ele></trkpt><trkpt lat="-26.991828" lon="-48.630097"><ele>-13.1</ele></trkpt><trkpt lat="-26.99183" lon="-48.630108"><ele>-13.2</ele></trkpt><trkpt lat="-26.991827" lon="-48.630125"><ele>-13.4</ele></trkpt><trkpt lat="-26.991832" lon="-48.630138"><ele>-14.3</ele></trkpt><trkpt lat="-26.991837" lon="-48.630152"><ele>-13.7</ele></trkpt><trkpt lat="-26.99184" lon="-48.630162"><ele>-13.6</ele></trkpt><trkpt lat="-26.991847" lon="-48.630172"><ele>-13.4</ele></trkpt><trkpt lat="-26.991853" lon="-48.63018"><ele>-13.5</ele></trkpt><trkpt lat="-26.991868" lon="-48.630193"><ele>-13.5</ele></trkpt><trkpt lat="-26.991883" lon="-48.630215"><ele>-13.6</ele></trkpt><trkpt lat="-26.991897" lon="-48.630235"><ele>-13.6</ele></trkpt><trkpt lat="-26.991913" lon="-48.630252"><ele>-13.4</ele></trkpt><trkpt lat="-26.991925" lon="-48.630267"><ele>-13.4</ele></trkpt><trkpt lat="-26.991942" lon="-48.630282"><ele>-13.2</ele></trkpt><trkpt lat="-26.991968" lon="-48.630315"><ele>-10.3</ele></trkpt><trkpt lat="-26.991982" lon="-48.63032"><ele>-10.2</ele></trkpt><trkpt lat="-26.991997" lon="-48.630327"><ele>-10.3</ele></trkpt><trkpt lat="-26.992013" lon="-48.630338"><ele>-10.1</ele></trkpt><trkpt lat="-26.992022" lon="-48.630347"><ele>-9.8</ele></trkpt><trkpt lat="-26.992023" lon="-48.630348"><ele>-9.6</ele></trkpt><trkpt lat="-26.992025" lon="-48.630352"><ele>-9.5</ele></trkpt><trkpt lat="-26.992027" lon="-48.630355"><ele>-9.4</ele></trkpt><trkpt lat="-26.992028" lon="-48.63036"><ele>-9.3</ele></trkpt><trkpt lat="-26.992033" lon="-48.630372"><ele>-9</ele></trkpt><trkpt lat="-26.992038" lon="-48.630393"><ele>-8.9</ele></trkpt><trkpt lat="-26.992038" lon="-48.630393"><ele>-8.9</ele></trkpt><trkpt lat="-26.992048" lon="-48.630417"><ele>-8.3</ele></trkpt><trkpt lat="-26.992055" lon="-48.63044"><ele>-7.9</ele></trkpt><trkpt lat="-26.99206" lon="-48.630452"><ele>-7.5</ele></trkpt><trkpt lat="-26.992062" lon="-48.630463"><ele>-6.9</ele></trkpt><trkpt lat="-26.992063" lon="-48.630477"><ele>-6.4</ele></trkpt><trkpt lat="-26.992073" lon="-48.630495"><ele>-5.6</ele></trkpt><trkpt lat="-26.99208" lon="-48.630515"><ele>-5</ele></trkpt><trkpt lat="-26.992085" lon="-48.630535"><ele>-4.9</ele></trkpt><trkpt lat="-26.992097" lon="-48.630565"><ele>-4.5</ele></trkpt><trkpt lat="-26.992107" lon="-48.630585"><ele>-4.6</ele></trkpt><trkpt lat="-26.992117" lon="-48.630608"><ele>-4.5</ele></trkpt><trkpt lat="-26.992127" lon="-48.630623"><ele>-4.7</ele></trkpt><trkpt lat="-26.992142" lon="-48.630643"><ele>-4.2</ele></trkpt><trkpt lat="-26.992157" lon="-48.630662"><ele>-4</ele></trkpt><trkpt lat="-26.992173" lon="-48.630683"><ele>-3.4</ele></trkpt><trkpt lat="-26.992187" lon="-48.63071"><ele>-2.7</ele></trkpt><trkpt lat="-26.992197" lon="-48.630743"><ele>1.2</ele></trkpt><trkpt lat="-26.992207" lon="-48.630765"><ele>1.7</ele></trkpt><trkpt lat="-26.992212" lon="-48.630777"><ele>2.4</ele></trkpt><trkpt lat="-26.992212" lon="-48.630787"><ele>3.1</ele></trkpt><trkpt lat="-26.992213" lon="-48.630798"><ele>3.3</ele></trkpt><trkpt lat="-26.992213" lon="-48.630798"><ele>3.3</ele></trkpt><trkpt lat="-26.992213" lon="-48.630805"><ele>3.8</ele></trkpt><trkpt lat="-26.992215" lon="-48.630815"><ele>4.5</ele></trkpt><trkpt lat="-26.992217" lon="-48.63082"><ele>5</ele></trkpt><trkpt lat="-26.992215" lon="-48.630827"><ele>5.6</ele></trkpt><trkpt lat="-26.992213" lon="-48.630833"><ele>5.7</ele></trkpt><trkpt lat="-26.992213" lon="-48.63084"><ele>6.1</ele></trkpt><trkpt lat="-26.992213" lon="-48.630843"><ele>6.6</ele></trkpt><trkpt lat="-26.992212" lon="-48.630837"><ele>6.9</ele></trkpt><trkpt lat="-26.992213" lon="-48.63083"><ele>7.2</ele></trkpt><trkpt lat="-26.992213" lon="-48.63083"><ele>7.2</ele></trkpt><trkpt lat="-26.992213" lon="-48.63083"><ele>7.2</ele></trkpt><trkpt lat="-26.992213" lon="-48.63083"><ele>7.2</ele></trkpt><trkpt lat="-26.992213" lon="-48.63083"><ele>7.2</ele></trkpt><trkpt lat="-26.992213" lon="-48.63083"><ele>7.2</ele></trkpt><trkpt lat="-26.992213" lon="-48.63083"><ele>7.2</ele></trkpt><trkpt lat="-26.992213" lon="-48.63083"><ele>7.2</ele></trkpt><trkpt lat="-26.992213" lon="-48.63083"><ele>7.2</ele></trkpt><trkpt lat="-26.992213" lon="-48.63083"><ele>7.2</ele></trkpt><trkpt lat="-26.992213" lon="-48.63083"><ele>7.2</ele></trkpt><trkpt lat="-26.992213" lon="-48.63083"><ele>7.2</ele></trkpt><trkpt lat="-26.992213" lon="-48.63083"><ele>7.2</ele></trkpt><trkpt lat="-26.992213" lon="-48.63083"><ele>7.2</ele></trkpt><trkpt lat="-26.992213" lon="-48.63083"><ele>7.2</ele></trkpt><trkpt lat="-26.992213" lon="-48.63083"><ele>7.2</ele></trkpt><trkpt lat="-26.992213" lon="-48.63083"><ele>7.2</ele></trkpt><trkpt lat="-26.992185" lon="-48.630817"><ele>8.5</ele></trkpt><trkpt lat="-26.992177" lon="-48.630805"><ele>8.7</ele></trkpt><trkpt lat="-26.992168" lon="-48.630793"><ele>8.7</ele></trkpt><trkpt lat="-26.99216" lon="-48.630782"><ele>9.5</ele></trkpt><trkpt lat="-26.992155" lon="-48.630782"><ele>9.5</ele></trkpt><trkpt lat="-26.99215" lon="-48.630788"><ele>9.5</ele></trkpt><trkpt lat="-26.992155" lon="-48.6308"><ele>9.4</ele></trkpt><trkpt lat="-26.992157" lon="-48.63081"><ele>9.4</ele></trkpt><trkpt lat="-26.992162" lon="-48.630818"><ele>10.1</ele></trkpt><trkpt lat="-26.992168" lon="-48.630825"><ele>10.8</ele></trkpt><trkpt lat="-26.992175" lon="-48.630835"><ele>10.5</ele></trkpt><trkpt lat="-26.99218" lon="-48.630843"><ele>10.2</ele></trkpt><trkpt lat="-26.992183" lon="-48.630848"><ele>10</ele></trkpt><trkpt lat="-26.992187" lon="-48.630853"><ele>9.9</ele></trkpt><trkpt lat="-26.992185" lon="-48.63086"><ele>9.9</ele></trkpt><trkpt lat="-26.992183" lon="-48.630863"><ele>9.7</ele></trkpt><trkpt lat="-26.992183" lon="-48.630867"><ele>9.6</ele></trkpt><trkpt lat="-26.992182" lon="-48.630865"><ele>9.5</ele></trkpt><trkpt lat="-26.992182" lon="-48.630863"><ele>9.5</ele></trkpt><trkpt lat="-26.99218" lon="-48.630863"><ele>9.6</ele></trkpt><trkpt lat="-26.992178" lon="-48.630863"><ele>9.6</ele></trkpt><trkpt lat="-26.992177" lon="-48.630862"><ele>9.6</ele></trkpt><trkpt lat="-26.992177" lon="-48.630862"><ele>9.6</ele></trkpt><trkpt lat="-26.992177" lon="-48.630862"><ele>9.6</ele></trkpt><trkpt lat="-26.992177" lon="-48.630862"><ele>9.6</ele></trkpt><trkpt lat="-26.992177" lon="-48.630862"><ele>9.6</ele></trkpt><trkpt lat="-26.992177" lon="-48.630862"><ele>9.6</ele></trkpt><trkpt lat="-26.992177" lon="-48.630862"><ele>9.6</ele></trkpt><trkpt lat="-26.992177" lon="-48.630862"><ele>9.6</ele></trkpt><trkpt lat="-26.992177" lon="-48.630862"><ele>9.6</ele></trkpt><trkpt lat="-26.992177" lon="-48.630862"><ele>9.6</ele></trkpt><trkpt lat="-26.992177" lon="-48.630862"><ele>9.6</ele></trkpt><trkpt lat="-26.992177" lon="-48.630862"><ele>9.6</ele></trkpt><trkpt lat="-26.992177" lon="-48.630862"><ele>9.6</ele></trkpt><trkpt lat="-26.992177" lon="-48.630862"><ele>9.6</ele></trkpt><trkpt lat="-26.992177" lon="-48.630862"><ele>9.6</ele></trkpt><trkpt lat="-26.992177" lon="-48.630862"><ele>9.6</ele></trkpt><trkpt lat="-26.992177" lon="-48.630862"><ele>9.6</ele></trkpt><trkpt lat="-26.992177" lon="-48.630862"><ele>9.6</ele></trkpt><trkpt lat="-26.992177" lon="-48.630862"><ele>9.6</ele></trkpt><trkpt lat="-26.992177" lon="-48.630862"><ele>9.6</ele></trkpt><trkpt lat="-26.992177" lon="-48.630862"><ele>9.6</ele></trkpt><trkpt lat="-26.992177" lon="-48.630862"><ele>9.6</ele></trkpt><trkpt lat="-26.992177" lon="-48.630862"><ele>9.6</ele></trkpt><trkpt lat="-26.992177" lon="-48.630862"><ele>9.6</ele></trkpt><trkpt lat="-26.992177" lon="-48.630862"><ele>9.6</ele></trkpt><trkpt lat="-26.992177" lon="-48.630862"><ele>9.6</ele></trkpt><trkpt lat="-26.992182" lon="-48.630835"><ele>11.4</ele></trkpt><trkpt lat="-26.99218" lon="-48.630832"><ele>11.2</ele></trkpt><trkpt lat="-26.992175" lon="-48.63083"><ele>11.1</ele></trkpt><trkpt lat="-26.99217" lon="-48.630827"><ele>11.2</ele></trkpt><trkpt lat="-26.992167" lon="-48.630825"><ele>11.2</ele></trkpt><trkpt lat="-26.992165" lon="-48.630825"><ele>11.5</ele></trkpt><trkpt lat="-26.992162" lon="-48.630823"><ele>11.7</ele></trkpt><trkpt lat="-26.99216" lon="-48.630823"><ele>11.7</ele></trkpt><trkpt lat="-26.992157" lon="-48.630822"><ele>11.7</ele></trkpt><trkpt lat="-26.992155" lon="-48.630827"><ele>11.7</ele></trkpt><trkpt lat="-26.992153" lon="-48.630827"><ele>11.8</ele></trkpt><trkpt lat="-26.992153" lon="-48.630827"><ele>11.8</ele></trkpt><trkpt lat="-26.992153" lon="-48.630827"><ele>11.8</ele></trkpt><trkpt lat="-26.992153" lon="-48.630827"><ele>11.8</ele></trkpt><trkpt lat="-26.992153" lon="-48.630827"><ele>11.8</ele></trkpt><trkpt lat="-26.992153" lon="-48.630827"><ele>11.8</ele></trkpt><trkpt lat="-26.992153" lon="-48.630827"><ele>11.8</ele></trkpt><trkpt lat="-26.992153" lon="-48.630827"><ele>11.8</ele></trkpt><trkpt lat="-26.992153" lon="-48.630827"><ele>11.8</ele></trkpt><trkpt lat="-26.992153" lon="-48.630827"><ele>11.8</ele></trkpt><trkpt lat="-26.992153" lon="-48.630827"><ele>11.8</ele></trkpt><trkpt lat="-26.992153" lon="-48.630827"><ele>11.8</ele></trkpt><trkpt lat="-26.992153" lon="-48.630827"><ele>11.8</ele></trkpt><trkpt lat="-26.992153" lon="-48.630827"><ele>11.8</ele></trkpt><trkpt lat="-26.992153" lon="-48.630827"><ele>11.8</ele></trkpt><trkpt lat="-26.992153" lon="-48.630827"><ele>11.8</ele></trkpt><trkpt lat="-26.992153" lon="-48.630827"><ele>11.8</ele></trkpt><trkpt lat="-26.992153" lon="-48.630827"><ele>11.8</ele></trkpt><trkpt lat="-26.992153" lon="-48.630827"><ele>11.8</ele></trkpt><trkpt lat="-26.992153" lon="-48.630827"><ele>11.8</ele></trkpt><trkpt lat="-26.992153" lon="-48.630827"><ele>11.8</ele></trkpt><trkpt lat="-26.992153" lon="-48.630827"><ele>11.8</ele></trkpt><trkpt lat="-26.992153" lon="-48.630827"><ele>11.8</ele></trkpt><trkpt lat="-26.992153" lon="-48.630827"><ele>11.8</ele></trkpt><trkpt lat="-26.992193" lon="-48.630802"><ele>17.3</ele></trkpt><trkpt lat="-26.992192" lon="-48.630795"><ele>17</ele></trkpt><trkpt lat="-26.99219" lon="-48.63079"><ele>16.8</ele></trkpt><trkpt lat="-26.992192" lon="-48.630793"><ele>16.5</ele></trkpt><trkpt lat="-26.992192" lon="-48.630793"><ele>16.5</ele></trkpt><trkpt lat="-26.992192" lon="-48.630793"><ele>16.5</ele></trkpt><trkpt lat="-26.992192" lon="-48.630793"><ele>16.5</ele></trkpt><trkpt lat="-26.992192" lon="-48.630793"><ele>16.5</ele></trkpt><trkpt lat="-26.992192" lon="-48.630793"><ele>16.5</ele></trkpt><trkpt lat="-26.992192" lon="-48.630793"><ele>16.5</ele></trkpt><trkpt lat="-26.992192" lon="-48.630793"><ele>16.5</ele></trkpt><trkpt lat="-26.992192" lon="-48.630793"><ele>16.5</ele></trkpt><trkpt lat="-26.992192" lon="-48.630793"><ele>16.5</ele></trkpt><trkpt lat="-26.992192" lon="-48.630793"><ele>16.5</ele></trkpt><trkpt lat="-26.992192" lon="-48.630793"><ele>16.5</ele></trkpt><trkpt lat="-26.992192" lon="-48.630793"><ele>16.5</ele></trkpt><trkpt lat="-26.992192" lon="-48.630793"><ele>16.5</ele></trkpt><trkpt lat="-26.992192" lon="-48.630793"><ele>16.5</ele></trkpt><trkpt lat="-26.992192" lon="-48.630793"><ele>16.5</ele></trkpt><trkpt lat="-26.992192" lon="-48.630793"><ele>16.5</ele></trkpt><trkpt lat="-26.992192" lon="-48.630793"><ele>16.5</ele></trkpt><trkpt lat="-26.992192" lon="-48.630793"><ele>16.5</ele></trkpt><trkpt lat="-26.992192" lon="-48.630793"><ele>16.5</ele></trkpt><trkpt lat="-26.992192" lon="-48.630793"><ele>16.5</ele></trkpt><trkpt lat="-26.992192" lon="-48.630793"><ele>16.5</ele></trkpt><trkpt lat="-26.992192" lon="-48.630793"><ele>16.5</ele></trkpt><trkpt lat="-26.992192" lon="-48.630793"><ele>16.5</ele></trkpt><trkpt lat="-26.992192" lon="-48.630793"><ele>16.5</ele></trkpt><trkpt lat="-26.992192" lon="-48.630793"><ele>16.5</ele></trkpt><trkpt lat="-26.992192" lon="-48.630793"><ele>16.5</ele></trkpt><trkpt lat="-26.992192" lon="-48.630793"><ele>16.5</ele></trkpt><trkpt lat="-26.992192" lon="-48.630793"><ele>16.5</ele></trkpt><trkpt lat="-26.992192" lon="-48.630793"><ele>16.5</ele></trkpt><trkpt lat="-26.992192" lon="-48.630793"><ele>16.5</ele></trkpt><trkpt lat="-26.992192" lon="-48.630793"><ele>16.5</ele></trkpt><trkpt lat="-26.992192" lon="-48.630793"><ele>16.5</ele></trkpt><trkpt lat="-26.992192" lon="-48.630793"><ele>16.5</ele></trkpt><trkpt lat="-26.992192" lon="-48.630793"><ele>16.5</ele></trkpt><trkpt lat="-26.992192" lon="-48.630793"><ele>16.5</ele></trkpt><trkpt lat="-26.992192" lon="-48.630793"><ele>16.5</ele></trkpt><trkpt lat="-26.992192" lon="-48.630793"><ele>16.5</ele></trkpt><trkpt lat="-26.992192" lon="-48.630793"><ele>16.5</ele></trkpt><trkpt lat="-26.992192" lon="-48.630793"><ele>16.5</ele></trkpt><trkpt lat="-26.992192" lon="-48.630793"><ele>16.5</ele></trkpt><trkpt lat="-26.992192" lon="-48.630793"><ele>16.5</ele></trkpt><trkpt lat="-26.992192" lon="-48.630793"><ele>16.5</ele></trkpt><trkpt lat="-26.992192" lon="-48.630793"><ele>16.5</ele></trkpt><trkpt lat="-26.992192" lon="-48.630793"><ele>16.5</ele></trkpt><trkpt lat="-26.992192" lon="-48.630793"><ele>16.5</ele></trkpt><trkpt lat="-26.992192" lon="-48.630793"><ele>16.5</ele></trkpt><trkpt lat="-26.992192" lon="-48.630793"><ele>16.5</ele></trkpt><trkpt lat="-26.992192" lon="-48.630793"><ele>16.5</ele></trkpt><trkpt lat="-26.992192" lon="-48.630793"><ele>16.5</ele></trkpt><trkpt lat="-26.992192" lon="-48.630793"><ele>16.5</ele></trkpt><trkpt lat="-26.992192" lon="-48.630793"><ele>16.5</ele></trkpt><trkpt lat="-26.992192" lon="-48.630793"><ele>16.5</ele></trkpt><trkpt lat="-26.992192" lon="-48.630793"><ele>16.5</ele></trkpt><trkpt lat="-26.992192" lon="-48.630793"><ele>16.5</ele></trkpt><trkpt lat="-26.992192" lon="-48.630793"><ele>16.5</ele></trkpt><trkpt lat="-26.992192" lon="-48.630793"><ele>16.5</ele></trkpt><trkpt lat="-26.992192" lon="-48.630793"><ele>16.5</ele></trkpt><trkpt lat="-26.992192" lon="-48.630793"><ele>16.5</ele></trkpt><trkpt lat="-26.992192" lon="-48.630793"><ele>16.5</ele></trkpt><trkpt lat="-26.992192" lon="-48.630793"><ele>16.5</ele></trkpt><trkpt lat="-26.992192" lon="-48.630793"><ele>16.5</ele></trkpt><trkpt lat="-26.992192" lon="-48.630793"><ele>16.5</ele></trkpt><trkpt lat="-26.992192" lon="-48.630793"><ele>16.5</ele></trkpt><trkpt lat="-26.992192" lon="-48.630793"><ele>16.5</ele></trkpt><trkpt lat="-26.992192" lon="-48.630793"><ele>16.5</ele></trkpt><trkpt lat="-26.992192" lon="-48.630793"><ele>16.5</ele></trkpt><trkpt lat="-26.992192" lon="-48.630793"><ele>16.5</ele></trkpt><trkpt lat="-26.992182" lon="-48.630772"><ele>18.7</ele></trkpt><trkpt lat="-26.992193" lon="-48.630787"><ele>18.2</ele></trkpt><trkpt lat="-26.992205" lon="-48.630797"><ele>17.8</ele></trkpt><trkpt lat="-26.992218" lon="-48.630805"><ele>17.3</ele></trkpt><trkpt lat="-26.992235" lon="-48.630815"><ele>16.7</ele></trkpt><trkpt lat="-26.99225" lon="-48.630818"><ele>16.2</ele></trkpt><trkpt lat="-26.99226" lon="-48.630823"><ele>16</ele></trkpt><trkpt lat="-26.99227" lon="-48.630825"><ele>15.6</ele></trkpt><trkpt lat="-26.992277" lon="-48.630825"><ele>15.1</ele></trkpt><trkpt lat="-26.992273" lon="-48.63082"><ele>14.5</ele></trkpt><trkpt lat="-26.99227" lon="-48.630818"><ele>14.1</ele></trkpt><trkpt lat="-26.992267" lon="-48.630812"><ele>13.6</ele></trkpt><trkpt lat="-26.992263" lon="-48.630805"><ele>13.3</ele></trkpt><trkpt lat="-26.992258" lon="-48.630798"><ele>13</ele></trkpt><trkpt lat="-26.99225" lon="-48.630793"><ele>12.9</ele></trkpt><trkpt lat="-26.992247" lon="-48.630785"><ele>12.8</ele></trkpt><trkpt lat="-26.992247" lon="-48.63078"><ele>12.6</ele></trkpt><trkpt lat="-26.992243" lon="-48.630775"><ele>12.5</ele></trkpt><trkpt lat="-26.992243" lon="-48.630767"><ele>12.4</ele></trkpt><trkpt lat="-26.99224" lon="-48.630757"><ele>12.1</ele></trkpt><trkpt lat="-26.99224" lon="-48.630752"><ele>11.9</ele></trkpt><trkpt lat="-26.992235" lon="-48.630747"><ele>11.6</ele></trkpt><trkpt lat="-26.99223" lon="-48.630743"><ele>11.7</ele></trkpt><trkpt lat="-26.992225" lon="-48.630733"><ele>11.7</ele></trkpt><trkpt lat="-26.992217" lon="-48.630725"><ele>11.4</ele></trkpt><trkpt lat="-26.992208" lon="-48.630717"><ele>11</ele></trkpt><trkpt lat="-26.992195" lon="-48.630705"><ele>11</ele></trkpt><trkpt lat="-26.992178" lon="-48.630703"><ele>10.7</ele></trkpt><trkpt lat="-26.992162" lon="-48.630705"><ele>10.6</ele></trkpt><trkpt lat="-26.992145" lon="-48.630705"><ele>11</ele></trkpt><trkpt lat="-26.992127" lon="-48.630695"><ele>10.9</ele></trkpt><trkpt lat="-26.99211" lon="-48.63068"><ele>10.4</ele></trkpt><trkpt lat="-26.9921" lon="-48.63066"><ele>10.1</ele></trkpt><trkpt lat="-26.99209" lon="-48.630645"><ele>10</ele></trkpt><trkpt lat="-26.99208" lon="-48.630627"><ele>9.8</ele></trkpt><trkpt lat="-26.992072" lon="-48.630612"><ele>9.5</ele></trkpt><trkpt lat="-26.992063" lon="-48.630595"><ele>9.4</ele></trkpt><trkpt lat="-26.992055" lon="-48.630578"><ele>9.5</ele></trkpt><trkpt lat="-26.992042" lon="-48.630562"><ele>9.6</ele></trkpt><trkpt lat="-26.992023" lon="-48.630547"><ele>9.7</ele></trkpt><trkpt lat="-26.992005" lon="-48.630532"><ele>10</ele></trkpt><trkpt lat="-26.99199" lon="-48.630523"><ele>10.4</ele></trkpt><trkpt lat="-26.991987" lon="-48.630518"><ele>10.5</ele></trkpt><trkpt lat="-26.991985" lon="-48.630512"><ele>10.8</ele></trkpt><trkpt lat="-26.991982" lon="-48.630508"><ele>11</ele></trkpt><trkpt lat="-26.991985" lon="-48.630498"><ele>11.4</ele></trkpt><trkpt lat="-26.991985" lon="-48.630493"><ele>11.5</ele></trkpt><trkpt lat="-26.991987" lon="-48.630498"><ele>11.6</ele></trkpt><trkpt lat="-26.991985" lon="-48.630498"><ele>11.7</ele></trkpt><trkpt lat="-26.991982" lon="-48.630498"><ele>11.9</ele></trkpt><trkpt lat="-26.99198" lon="-48.630493"><ele>11.9</ele></trkpt><trkpt lat="-26.99198" lon="-48.630495"><ele>12</ele></trkpt><trkpt lat="-26.991982" lon="-48.630498"><ele>12</ele></trkpt><trkpt lat="-26.991982" lon="-48.630498"><ele>12</ele></trkpt><trkpt lat="-26.991983" lon="-48.6305"><ele>12.1</ele></trkpt><trkpt lat="-26.991983" lon="-48.6305"><ele>12.2</ele></trkpt><trkpt lat="-26.991982" lon="-48.630495"><ele>12.2</ele></trkpt><trkpt lat="-26.991982" lon="-48.630497"><ele>12.2</ele></trkpt><trkpt lat="-26.991982" lon="-48.630497"><ele>12.2</ele></trkpt><trkpt lat="-26.991982" lon="-48.630497"><ele>12.2</ele></trkpt><trkpt lat="-26.991982" lon="-48.630497"><ele>12.2</ele></trkpt><trkpt lat="-26.991982" lon="-48.630497"><ele>12.2</ele></trkpt><trkpt lat="-26.991982" lon="-48.630497"><ele>12.2</ele></trkpt><trkpt lat="-26.991982" lon="-48.630497"><ele>12.2</ele></trkpt><trkpt lat="-26.991982" lon="-48.630497"><ele>12.2</ele></trkpt><trkpt lat="-26.991982" lon="-48.630497"><ele>12.2</ele></trkpt><trkpt lat="-26.991982" lon="-48.630497"><ele>12.2</ele></trkpt><trkpt lat="-26.991982" lon="-48.630497"><ele>12.2</ele></trkpt><trkpt lat="-26.991982" lon="-48.630497"><ele>12.2</ele></trkpt><trkpt lat="-26.99199" lon="-48.630483"><ele>12.1</ele></trkpt><trkpt lat="-26.991992" lon="-48.63048"><ele>12.3</ele></trkpt><trkpt lat="-26.992" lon="-48.630478"><ele>12.4</ele></trkpt><trkpt lat="-26.992" lon="-48.630478"><ele>12.4</ele></trkpt><trkpt lat="-26.992005" lon="-48.63048"><ele>12.4</ele></trkpt><trkpt lat="-26.992005" lon="-48.63048"><ele>12.4</ele></trkpt><trkpt lat="-26.992017" lon="-48.630487"><ele>12.3</ele></trkpt><trkpt lat="-26.992012" lon="-48.63048"><ele>12.3</ele></trkpt><trkpt lat="-26.991995" lon="-48.630465"><ele>12.1</ele></trkpt><trkpt lat="-26.991975" lon="-48.630448"><ele>12</ele></trkpt><trkpt lat="-26.991958" lon="-48.630432"><ele>11.8</ele></trkpt><trkpt lat="-26.991945" lon="-48.630413"><ele>11.5</ele></trkpt><trkpt lat="-26.991935" lon="-48.630395"><ele>11.3</ele></trkpt><trkpt lat="-26.991915" lon="-48.630368"><ele>11</ele></trkpt><trkpt lat="-26.991898" lon="-48.630343"><ele>10.9</ele></trkpt><trkpt lat="-26.991893" lon="-48.63032"><ele>10.6</ele></trkpt><trkpt lat="-26.99189" lon="-48.6303"><ele>10.2</ele></trkpt><trkpt lat="-26.991888" lon="-48.630282"><ele>9.9</ele></trkpt><trkpt lat="-26.991875" lon="-48.630268"><ele>9.5</ele></trkpt><trkpt lat="-26.991862" lon="-48.630252"><ele>9</ele></trkpt><trkpt lat="-26.991848" lon="-48.63023"><ele>8.6</ele></trkpt><trkpt lat="-26.991833" lon="-48.630202"><ele>7.9</ele></trkpt><trkpt lat="-26.991813" lon="-48.630172"><ele>6.7</ele></trkpt><trkpt lat="-26.991797" lon="-48.63014"><ele>5.3</ele></trkpt><trkpt lat="-26.991787" lon="-48.630118"><ele>4.4</ele></trkpt><trkpt lat="-26.991778" lon="-48.630102"><ele>3.5</ele></trkpt><trkpt lat="-26.991758" lon="-48.63007"><ele>1.4</ele></trkpt><trkpt lat="-26.99172" lon="-48.630027"><ele>0.4</ele></trkpt><trkpt lat="-26.991707" lon="-48.630002"><ele>-0.6</ele></trkpt><trkpt lat="-26.99168" lon="-48.629953"><ele>-2.8</ele></trkpt><trkpt lat="-26.991665" lon="-48.62993"><ele>-4.1</ele></trkpt><trkpt lat="-26.991652" lon="-48.629907"><ele>-5.7</ele></trkpt><trkpt lat="-26.991637" lon="-48.629883"><ele>-7.3</ele></trkpt><trkpt lat="-26.991595" lon="-48.629818"><ele>-9.3</ele></trkpt><trkpt lat="-26.991583" lon="-48.629785"><ele>-10.9</ele></trkpt><trkpt lat="-26.991567" lon="-48.629748"><ele>-12.1</ele></trkpt><trkpt lat="-26.991558" lon="-48.629708"><ele>-13.2</ele></trkpt><trkpt lat="-26.991548" lon="-48.62966"><ele>-14.3</ele></trkpt><trkpt lat="-26.991535" lon="-48.629618"><ele>-15.4</ele></trkpt><trkpt lat="-26.991508" lon="-48.629557"><ele>-16</ele></trkpt><trkpt lat="-26.991428" lon="-48.629503"><ele>-11.9</ele></trkpt><trkpt lat="-26.991343" lon="-48.629452"><ele>-10.4</ele></trkpt><trkpt lat="-26.991265" lon="-48.629413"><ele>-9.1</ele></trkpt><trkpt lat="-26.991243" lon="-48.629383"><ele>-9.2</ele></trkpt><trkpt lat="-26.991207" lon="-48.629347"><ele>-7.5</ele></trkpt><trkpt lat="-26.991188" lon="-48.629312"><ele>-8.1</ele></trkpt><trkpt lat="-26.991142" lon="-48.629278"><ele>-8.3</ele></trkpt><trkpt lat="-26.991113" lon="-48.629258"><ele>-7.4</ele></trkpt><trkpt lat="-26.991077" lon="-48.62926"><ele>-6.8</ele></trkpt><trkpt lat="-26.991055" lon="-48.629257"><ele>-6.4</ele></trkpt><trkpt lat="-26.99104" lon="-48.629258"><ele>-5.5</ele></trkpt><trkpt lat="-26.991027" lon="-48.629263"><ele>-4.3</ele></trkpt><trkpt lat="-26.991013" lon="-48.629273"><ele>-3.7</ele></trkpt><trkpt lat="-26.991008" lon="-48.629277"><ele>-2.8</ele></trkpt><trkpt lat="-26.991012" lon="-48.629272"><ele>-2.3</ele></trkpt><trkpt lat="-26.991018" lon="-48.629273"><ele>-2</ele></trkpt><trkpt lat="-26.991023" lon="-48.629267"><ele>-1.7</ele></trkpt><trkpt lat="-26.991027" lon="-48.629267"><ele>-1</ele></trkpt><trkpt lat="-26.991028" lon="-48.629265"><ele>-1</ele></trkpt><trkpt lat="-26.991028" lon="-48.629267"><ele>-0.1</ele></trkpt><trkpt lat="-26.991033" lon="-48.629258"><ele>0.4</ele></trkpt><trkpt lat="-26.991033" lon="-48.629258"><ele>0.4</ele></trkpt><trkpt lat="-26.991033" lon="-48.629258"><ele>0.4</ele></trkpt><trkpt lat="-26.991033" lon="-48.629258"><ele>0.4</ele></trkpt><trkpt lat="-26.991033" lon="-48.629258"><ele>0.4</ele></trkpt><trkpt lat="-26.991033" lon="-48.629258"><ele>0.4</ele></trkpt><trkpt lat="-26.991033" lon="-48.629258"><ele>0.4</ele></trkpt><trkpt lat="-26.991033" lon="-48.629258"><ele>0.4</ele></trkpt><trkpt lat="-26.991033" lon="-48.629258"><ele>0.4</ele></trkpt><trkpt lat="-26.991033" lon="-48.629258"><ele>0.4</ele></trkpt><trkpt lat="-26.991033" lon="-48.629258"><ele>0.4</ele></trkpt><trkpt lat="-26.991033" lon="-48.629258"><ele>0.4</ele></trkpt><trkpt lat="-26.991033" lon="-48.629258"><ele>0.4</ele></trkpt><trkpt lat="-26.991033" lon="-48.629258"><ele>0.4</ele></trkpt><trkpt lat="-26.991033" lon="-48.629258"><ele>0.4</ele></trkpt><trkpt lat="-26.991033" lon="-48.629258"><ele>0.4</ele></trkpt><trkpt lat="-26.991033" lon="-48.629258"><ele>0.4</ele></trkpt><trkpt lat="-26.991033" lon="-48.629258"><ele>0.4</ele></trkpt><trkpt lat="-26.991033" lon="-48.629258"><ele>0.4</ele></trkpt><trkpt lat="-26.991033" lon="-48.629258"><ele>0.4</ele></trkpt><trkpt lat="-26.991033" lon="-48.629258"><ele>0.4</ele></trkpt><trkpt lat="-26.991033" lon="-48.629258"><ele>0.4</ele></trkpt><trkpt lat="-26.991033" lon="-48.629258"><ele>0.4</ele></trkpt><trkpt lat="-26.991033" lon="-48.629258"><ele>0.4</ele></trkpt><trkpt lat="-26.991033" lon="-48.629258"><ele>0.4</ele></trkpt><trkpt lat="-26.991033" lon="-48.629258"><ele>0.4</ele></trkpt><trkpt lat="-26.991033" lon="-48.629258"><ele>0.4</ele></trkpt><trkpt lat="-26.991033" lon="-48.629258"><ele>0.4</ele></trkpt><trkpt lat="-26.991033" lon="-48.629258"><ele>0.4</ele></trkpt><trkpt lat="-26.991033" lon="-48.629258"><ele>0.4</ele></trkpt><trkpt lat="-26.991033" lon="-48.629258"><ele>0.4</ele></trkpt><trkpt lat="-26.991033" lon="-48.629258"><ele>0.4</ele></trkpt><trkpt lat="-26.991033" lon="-48.629258"><ele>0.4</ele></trkpt><trkpt lat="-26.991033" lon="-48.629258"><ele>0.4</ele></trkpt><trkpt lat="-26.991033" lon="-48.629258"><ele>0.4</ele></trkpt><trkpt lat="-26.991033" lon="-48.629258"><ele>0.4</ele></trkpt><trkpt lat="-26.991033" lon="-48.629258"><ele>0.4</ele></trkpt><trkpt lat="-26.991033" lon="-48.629258"><ele>0.4</ele></trkpt><trkpt lat="-26.991033" lon="-48.629258"><ele>0.4</ele></trkpt><trkpt lat="-26.991033" lon="-48.629258"><ele>0.4</ele></trkpt><trkpt lat="-26.991045" lon="-48.629283"><ele>-0.2</ele></trkpt><trkpt lat="-26.991052" lon="-48.629285"><ele>-0.1</ele></trkpt><trkpt lat="-26.991055" lon="-48.629292"><ele>-0.2</ele></trkpt><trkpt lat="-26.991055" lon="-48.629297"><ele>-0.3</ele></trkpt><trkpt lat="-26.991058" lon="-48.629298"><ele>-0.4</ele></trkpt><trkpt lat="-26.991057" lon="-48.629298"><ele>-0.4</ele></trkpt><trkpt lat="-26.991057" lon="-48.629298"><ele>-0.4</ele></trkpt><trkpt lat="-26.991057" lon="-48.629298"><ele>-0.4</ele></trkpt><trkpt lat="-26.991057" lon="-48.629298"><ele>-0.4</ele></trkpt><trkpt lat="-26.991043" lon="-48.629283"><ele>-0.5</ele></trkpt><trkpt lat="-26.991043" lon="-48.62928"><ele>-0.2</ele></trkpt><trkpt lat="-26.99104" lon="-48.629277"><ele>0</ele></trkpt><trkpt lat="-26.991035" lon="-48.629275"><ele>0</ele></trkpt><trkpt lat="-26.991027" lon="-48.629277"><ele>0.3</ele></trkpt><trkpt lat="-26.99102" lon="-48.62928"><ele>0.5</ele></trkpt><trkpt lat="-26.991015" lon="-48.629282"><ele>0.4</ele></trkpt><trkpt lat="-26.991017" lon="-48.629288"><ele>0</ele></trkpt><trkpt lat="-26.99102" lon="-48.629303"><ele>-0.4</ele></trkpt><trkpt lat="-26.991025" lon="-48.629318"><ele>-0.8</ele></trkpt><trkpt lat="-26.991028" lon="-48.629333"><ele>-1.5</ele></trkpt><trkpt lat="-26.991037" lon="-48.629345"><ele>-1.8</ele></trkpt><trkpt lat="-26.991045" lon="-48.629355"><ele>-1.9</ele></trkpt><trkpt lat="-26.991057" lon="-48.629372"><ele>-2.2</ele></trkpt><trkpt lat="-26.991065" lon="-48.629388"><ele>-2.3</ele></trkpt><trkpt lat="-26.991077" lon="-48.62941"><ele>-2.4</ele></trkpt><trkpt lat="-26.99109" lon="-48.629427"><ele>-2.3</ele></trkpt><trkpt lat="-26.991108" lon="-48.62945"><ele>-2.3</ele></trkpt><trkpt lat="-26.99113" lon="-48.629478"><ele>-2.1</ele></trkpt><trkpt lat="-26.991153" lon="-48.629505"><ele>-2.4</ele></trkpt><trkpt lat="-26.991188" lon="-48.629525"><ele>-2.2</ele></trkpt><trkpt lat="-26.991213" lon="-48.629548"><ele>-2.1</ele></trkpt><trkpt lat="-26.99124" lon="-48.62957"><ele>-2.2</ele></trkpt><trkpt lat="-26.991253" lon="-48.629595"><ele>-2</ele></trkpt><trkpt lat="-26.991258" lon="-48.629622"><ele>-1.6</ele></trkpt><trkpt lat="-26.991263" lon="-48.629638"><ele>0</ele></trkpt><trkpt lat="-26.991275" lon="-48.629653"><ele>1.8</ele></trkpt><trkpt lat="-26.991287" lon="-48.629672"><ele>4.2</ele></trkpt><trkpt lat="-26.9913" lon="-48.629687"><ele>7.7</ele></trkpt><trkpt lat="-26.991307" lon="-48.629712"><ele>10.7</ele></trkpt><trkpt lat="-26.991292" lon="-48.62975"><ele>13.4</ele></trkpt><trkpt lat="-26.991288" lon="-48.629782"><ele>14.7</ele></trkpt><trkpt lat="-26.991303" lon="-48.629815"><ele>14.9</ele></trkpt><trkpt lat="-26.991345" lon="-48.629825"><ele>16.1</ele></trkpt><trkpt lat="-26.991367" lon="-48.62984"><ele>17.9</ele></trkpt><trkpt lat="-26.9914" lon="-48.629865"><ele>18.1</ele></trkpt><trkpt lat="-26.991442" lon="-48.629893"><ele>18.5</ele></trkpt><trkpt lat="-26.991465" lon="-48.629918"><ele>19.3</ele></trkpt><trkpt lat="-26.991512" lon="-48.629937"><ele>19.3</ele></trkpt><trkpt lat="-26.99154" lon="-48.629962"><ele>19.8</ele></trkpt><trkpt lat="-26.991563" lon="-48.629987"><ele>20.4</ele></trkpt><trkpt lat="-26.991597" lon="-48.630008"><ele>20.6</ele></trkpt><trkpt lat="-26.991595" lon="-48.630113"><ele>20</ele></trkpt><trkpt lat="-26.99162" lon="-48.630147"><ele>20</ele></trkpt><trkpt lat="-26.99164" lon="-48.630178"><ele>20.1</ele></trkpt><trkpt lat="-26.991655" lon="-48.630215"><ele>20</ele></trkpt><trkpt lat="-26.991677" lon="-48.630248"><ele>20.1</ele></trkpt><trkpt lat="-26.991695" lon="-48.630278"><ele>20.6</ele></trkpt><trkpt lat="-26.991717" lon="-48.630312"><ele>20.9</ele></trkpt><trkpt lat="-26.99171" lon="-48.63033"><ele>21.6</ele></trkpt><trkpt lat="-26.991735" lon="-48.630367"><ele>21.5</ele></trkpt><trkpt lat="-26.991767" lon="-48.630395"><ele>24.3</ele></trkpt><trkpt lat="-26.991812" lon="-48.630408"><ele>26.3</ele></trkpt><trkpt lat="-26.991845" lon="-48.630428"><ele>28.3</ele></trkpt><trkpt lat="-26.99188" lon="-48.630447"><ele>28.6</ele></trkpt><trkpt lat="-26.99193" lon="-48.630463"><ele>28.8</ele></trkpt><trkpt lat="-26.99198" lon="-48.630465"><ele>28.9</ele></trkpt><trkpt lat="-26.992008" lon="-48.630465"><ele>27.8</ele></trkpt><trkpt lat="-26.992025" lon="-48.630467"><ele>26.9</ele></trkpt><trkpt lat="-26.992033" lon="-48.630472"><ele>26.2</ele></trkpt><trkpt lat="-26.99204" lon="-48.630495"><ele>25.7</ele></trkpt><trkpt lat="-26.992048" lon="-48.630513"><ele>25.6</ele></trkpt><trkpt lat="-26.992055" lon="-48.630532"><ele>25.8</ele></trkpt><trkpt lat="-26.992063" lon="-48.630545"><ele>25</ele></trkpt><trkpt lat="-26.992075" lon="-48.630562"><ele>24.5</ele></trkpt><trkpt lat="-26.99209" lon="-48.630575"><ele>25.9</ele></trkpt><trkpt lat="-26.9921" lon="-48.630593"><ele>25.5</ele></trkpt><trkpt lat="-26.99211" lon="-48.6306"><ele>25.3</ele></trkpt><trkpt lat="-26.992125" lon="-48.63061"><ele>25.5</ele></trkpt><trkpt lat="-26.992148" lon="-48.630618"><ele>25.3</ele></trkpt><trkpt lat="-26.992173" lon="-48.630632"><ele>25</ele></trkpt><trkpt lat="-26.992203" lon="-48.63065"><ele>24.9</ele></trkpt><trkpt lat="-26.992235" lon="-48.630672"><ele>24.5</ele></trkpt><trkpt lat="-26.992263" lon="-48.63069"><ele>24</ele></trkpt><trkpt lat="-26.992287" lon="-48.630712"><ele>23.8</ele></trkpt><trkpt lat="-26.992308" lon="-48.63073"><ele>23.5</ele></trkpt><trkpt lat="-26.992325" lon="-48.630742"><ele>23.3</ele></trkpt><trkpt lat="-26.99233" lon="-48.630758"><ele>22.8</ele></trkpt><trkpt lat="-26.992333" lon="-48.63078"><ele>22.4</ele></trkpt><trkpt lat="-26.99234" lon="-48.630795"><ele>22.4</ele></trkpt><trkpt lat="-26.992342" lon="-48.630833"><ele>22.1</ele></trkpt><trkpt lat="-26.992347" lon="-48.63087"><ele>21.8</ele></trkpt><trkpt lat="-26.992352" lon="-48.630897"><ele>21.6</ele></trkpt><trkpt lat="-26.992357" lon="-48.630927"><ele>21.3</ele></trkpt><trkpt lat="-26.992365" lon="-48.630947"><ele>20.7</ele></trkpt><trkpt lat="-26.992382" lon="-48.630982"><ele>20.4</ele></trkpt><trkpt lat="-26.99239" lon="-48.630998"><ele>20.3</ele></trkpt><trkpt lat="-26.992405" lon="-48.631033"><ele>20.2</ele></trkpt><trkpt lat="-26.992443" lon="-48.631065"><ele>20</ele></trkpt><trkpt lat="-26.992452" lon="-48.631087"><ele>19.8</ele></trkpt><trkpt lat="-26.992457" lon="-48.631102"><ele>19.8</ele></trkpt><trkpt lat="-26.992465" lon="-48.631123"><ele>19.8</ele></trkpt><trkpt lat="-26.992475" lon="-48.631137"><ele>19.7</ele></trkpt><trkpt lat="-26.992475" lon="-48.631137"><ele>19.7</ele></trkpt><trkpt lat="-26.992493" lon="-48.631142"><ele>19.6</ele></trkpt><trkpt lat="-26.99251" lon="-48.631145"><ele>20</ele></trkpt><trkpt lat="-26.99253" lon="-48.631157"><ele>20</ele></trkpt><trkpt lat="-26.99254" lon="-48.631157"><ele>20.5</ele></trkpt><trkpt lat="-26.99255" lon="-48.631168"><ele>20</ele></trkpt><trkpt lat="-26.992552" lon="-48.631177"><ele>19.7</ele></trkpt><trkpt lat="-26.992562" lon="-48.631185"><ele>19.9</ele></trkpt><trkpt lat="-26.992567" lon="-48.631192"><ele>19.7</ele></trkpt><trkpt lat="-26.992567" lon="-48.631192"><ele>19.7</ele></trkpt><trkpt lat="-26.992575" lon="-48.631203"><ele>19.2</ele></trkpt><trkpt lat="-26.992575" lon="-48.631203"><ele>19.2</ele></trkpt><trkpt lat="-26.992575" lon="-48.631203"><ele>19.2</ele></trkpt><trkpt lat="-26.992575" lon="-48.631203"><ele>19.2</ele></trkpt><trkpt lat="-26.992605" lon="-48.631257"><ele>17.3</ele></trkpt><trkpt lat="-26.992608" lon="-48.63127"><ele>16.6</ele></trkpt><trkpt lat="-26.992613" lon="-48.631278"><ele>15.6</ele></trkpt><trkpt lat="-26.992618" lon="-48.63129"><ele>15.3</ele></trkpt><trkpt lat="-26.992625" lon="-48.631295"><ele>14.5</ele></trkpt><trkpt lat="-26.992635" lon="-48.631313"><ele>13.4</ele></trkpt><trkpt lat="-26.99265" lon="-48.631342"><ele>11.6</ele></trkpt><trkpt lat="-26.992667" lon="-48.631365"><ele>10.9</ele></trkpt><trkpt lat="-26.992683" lon="-48.631388"><ele>11.4</ele></trkpt><trkpt lat="-26.992713" lon="-48.6314"><ele>11.1</ele></trkpt><trkpt lat="-26.992732" lon="-48.63142"><ele>12.2</ele></trkpt><trkpt lat="-26.99275" lon="-48.63144"><ele>12.5</ele></trkpt><trkpt lat="-26.99277" lon="-48.631458"><ele>12.6</ele></trkpt><trkpt lat="-26.992785" lon="-48.63148"><ele>12.7</ele></trkpt><trkpt lat="-26.9928" lon="-48.631503"><ele>13.3</ele></trkpt><trkpt lat="-26.992822" lon="-48.631527"><ele>13.8</ele></trkpt><trkpt lat="-26.992842" lon="-48.631543"><ele>14.5</ele></trkpt><trkpt lat="-26.992862" lon="-48.631558"><ele>15.4</ele></trkpt><trkpt lat="-26.992882" lon="-48.631573"><ele>13.8</ele></trkpt><trkpt lat="-26.992897" lon="-48.631595"><ele>15.6</ele></trkpt><trkpt lat="-26.992908" lon="-48.631615"><ele>17.2</ele></trkpt><trkpt lat="-26.992922" lon="-48.631632"><ele>18.1</ele></trkpt><trkpt lat="-26.992928" lon="-48.63165"><ele>18.9</ele></trkpt><trkpt lat="-26.992935" lon="-48.631668"><ele>19.1</ele></trkpt><trkpt lat="-26.99294" lon="-48.631688"><ele>19.1</ele></trkpt><trkpt lat="-26.992948" lon="-48.631707"><ele>20.1</ele></trkpt><trkpt lat="-26.992955" lon="-48.63173"><ele>20.3</ele></trkpt><trkpt lat="-26.992958" lon="-48.631748"><ele>20.1</ele></trkpt><trkpt lat="-26.992975" lon="-48.631773"><ele>19.8</ele></trkpt><trkpt lat="-26.992993" lon="-48.6318"><ele>19.5</ele></trkpt><trkpt lat="-26.993012" lon="-48.631822"><ele>19.5</ele></trkpt><trkpt lat="-26.993028" lon="-48.631845"><ele>19</ele></trkpt><trkpt lat="-26.993043" lon="-48.631863"><ele>19.1</ele></trkpt><trkpt lat="-26.993063" lon="-48.631887"><ele>19.7</ele></trkpt><trkpt lat="-26.993078" lon="-48.631907"><ele>19.8</ele></trkpt><trkpt lat="-26.993095" lon="-48.631932"><ele>19.8</ele></trkpt><trkpt lat="-26.993115" lon="-48.631958"><ele>20.4</ele></trkpt><trkpt lat="-26.993133" lon="-48.631988"><ele>20.7</ele></trkpt><trkpt lat="-26.99315" lon="-48.632008"><ele>21.1</ele></trkpt><trkpt lat="-26.993167" lon="-48.63203"><ele>21.9</ele></trkpt><trkpt lat="-26.993193" lon="-48.632062"><ele>22</ele></trkpt><trkpt lat="-26.99321" lon="-48.632082"><ele>22.7</ele></trkpt><trkpt lat="-26.993228" lon="-48.63212"><ele>22.6</ele></trkpt><trkpt lat="-26.993248" lon="-48.632158"><ele>22.4</ele></trkpt><trkpt lat="-26.99327" lon="-48.632185"><ele>22.5</ele></trkpt><trkpt lat="-26.993292" lon="-48.632212"><ele>22.6</ele></trkpt><trkpt lat="-26.993308" lon="-48.632235"><ele>22.8</ele></trkpt><trkpt lat="-26.99333" lon="-48.63226"><ele>22.6</ele></trkpt><trkpt lat="-26.99335" lon="-48.632297"><ele>21.6</ele></trkpt><trkpt lat="-26.993367" lon="-48.632323"><ele>21.3</ele></trkpt><trkpt lat="-26.993382" lon="-48.632353"><ele>20.2</ele></trkpt><trkpt lat="-26.993407" lon="-48.632388"><ele>18.3</ele></trkpt><trkpt lat="-26.993422" lon="-48.632412"><ele>18.2</ele></trkpt><trkpt lat="-26.993437" lon="-48.632435"><ele>17.7</ele></trkpt><trkpt lat="-26.993447" lon="-48.632453"><ele>16.8</ele></trkpt><trkpt lat="-26.993458" lon="-48.632467"><ele>16</ele></trkpt><trkpt lat="-26.993465" lon="-48.632472"><ele>15.4</ele></trkpt><trkpt lat="-26.993472" lon="-48.632475"><ele>15.3</ele></trkpt><trkpt lat="-26.993472" lon="-48.632475"><ele>15.3</ele></trkpt><trkpt lat="-26.99348" lon="-48.63248"><ele>15.1</ele></trkpt><trkpt lat="-26.99349" lon="-48.632483"><ele>14.8</ele></trkpt><trkpt lat="-26.993497" lon="-48.632487"><ele>14.7</ele></trkpt><trkpt lat="-26.993502" lon="-48.63249"><ele>14.6</ele></trkpt><trkpt lat="-26.993507" lon="-48.632493"><ele>14.5</ele></trkpt><trkpt lat="-26.99351" lon="-48.632498"><ele>14.2</ele></trkpt><trkpt lat="-26.99351" lon="-48.632498"><ele>14.2</ele></trkpt><trkpt lat="-26.99351" lon="-48.632498"><ele>14.2</ele></trkpt><trkpt lat="-26.993522" lon="-48.632515"><ele>13.5</ele></trkpt><trkpt lat="-26.99353" lon="-48.632522"><ele>13.1</ele></trkpt><trkpt lat="-26.993537" lon="-48.632527"><ele>13.1</ele></trkpt><trkpt lat="-26.993547" lon="-48.63253"><ele>12.8</ele></trkpt><trkpt lat="-26.993555" lon="-48.632535"><ele>12.7</ele></trkpt><trkpt lat="-26.993568" lon="-48.632537"><ele>12.5</ele></trkpt><trkpt lat="-26.993575" lon="-48.632538"><ele>12.4</ele></trkpt><trkpt lat="-26.99358" lon="-48.632538"><ele>12.3</ele></trkpt><trkpt lat="-26.993582" lon="-48.632537"><ele>12.2</ele></trkpt><trkpt lat="-26.993585" lon="-48.632538"><ele>12.2</ele></trkpt><trkpt lat="-26.993583" lon="-48.632533"><ele>12.2</ele></trkpt><trkpt lat="-26.993582" lon="-48.632532"><ele>12</ele></trkpt><trkpt lat="-26.993582" lon="-48.632535"><ele>12</ele></trkpt><trkpt lat="-26.993582" lon="-48.632535"><ele>12</ele></trkpt><trkpt lat="-26.993582" lon="-48.632535"><ele>12</ele></trkpt><trkpt lat="-26.993582" lon="-48.632535"><ele>12</ele></trkpt><trkpt lat="-26.993582" lon="-48.632535"><ele>12</ele></trkpt><trkpt lat="-26.993582" lon="-48.632535"><ele>12</ele></trkpt><trkpt lat="-26.993582" lon="-48.632535"><ele>12</ele></trkpt><trkpt lat="-26.993582" lon="-48.632535"><ele>12</ele></trkpt><trkpt lat="-26.993582" lon="-48.632535"><ele>12</ele></trkpt><trkpt lat="-26.993582" lon="-48.632535"><ele>12</ele></trkpt><trkpt lat="-26.993582" lon="-48.632535"><ele>12</ele></trkpt><trkpt lat="-26.993582" lon="-48.632535"><ele>12</ele></trkpt><trkpt lat="-26.993582" lon="-48.632535"><ele>12</ele></trkpt><trkpt lat="-26.993582" lon="-48.632535"><ele>12</ele></trkpt><trkpt lat="-26.993582" lon="-48.632535"><ele>12</ele></trkpt><trkpt lat="-26.993582" lon="-48.632535"><ele>12</ele></trkpt><trkpt lat="-26.993582" lon="-48.632535"><ele>12</ele></trkpt><trkpt lat="-26.993582" lon="-48.632535"><ele>12</ele></trkpt><trkpt lat="-26.993582" lon="-48.632535"><ele>12</ele></trkpt><trkpt lat="-26.993582" lon="-48.632535"><ele>12</ele></trkpt><trkpt lat="-26.993582" lon="-48.632535"><ele>12</ele></trkpt><trkpt lat="-26.993582" lon="-48.632535"><ele>12</ele></trkpt><trkpt lat="-26.993582" lon="-48.632535"><ele>12</ele></trkpt><trkpt lat="-26.993582" lon="-48.632535"><ele>12</ele></trkpt><trkpt lat="-26.993582" lon="-48.632535"><ele>12</ele></trkpt><trkpt lat="-26.993582" lon="-48.632535"><ele>12</ele></trkpt><trkpt lat="-26.993582" lon="-48.632535"><ele>12</ele></trkpt><trkpt lat="-26.993582" lon="-48.632535"><ele>12</ele></trkpt><trkpt lat="-26.993582" lon="-48.632535"><ele>12</ele></trkpt><trkpt lat="-26.993582" lon="-48.632535"><ele>12</ele></trkpt><trkpt lat="-26.993582" lon="-48.632535"><ele>12</ele></trkpt><trkpt lat="-26.993582" lon="-48.632535"><ele>12</ele></trkpt><trkpt lat="-26.993582" lon="-48.632535"><ele>12</ele></trkpt><trkpt lat="-26.993582" lon="-48.632535"><ele>12</ele></trkpt><trkpt lat="-26.993582" lon="-48.632535"><ele>12</ele></trkpt><trkpt lat="-26.993582" lon="-48.632535"><ele>12</ele></trkpt><trkpt lat="-26.993582" lon="-48.632535"><ele>12</ele></trkpt><trkpt lat="-26.993582" lon="-48.632535"><ele>12</ele></trkpt><trkpt lat="-26.993582" lon="-48.632535"><ele>12</ele></trkpt><trkpt lat="-26.993582" lon="-48.632535"><ele>12</ele></trkpt><trkpt lat="-26.993582" lon="-48.632535"><ele>12</ele></trkpt><trkpt lat="-26.993582" lon="-48.632535"><ele>12</ele></trkpt><trkpt lat="-26.993582" lon="-48.632535"><ele>12</ele></trkpt><trkpt lat="-26.993582" lon="-48.632535"><ele>12</ele></trkpt><trkpt lat="-26.993582" lon="-48.632535"><ele>12</ele></trkpt><trkpt lat="-26.993582" lon="-48.632535"><ele>12</ele></trkpt><trkpt lat="-26.993582" lon="-48.632535"><ele>12</ele></trkpt><trkpt lat="-26.993582" lon="-48.632535"><ele>12</ele></trkpt><trkpt lat="-26.993582" lon="-48.632535"><ele>12</ele></trkpt><trkpt lat="-26.993592" lon="-48.632567"><ele>9.8</ele></trkpt><trkpt lat="-26.993598" lon="-48.632562"><ele>9.9</ele></trkpt><trkpt lat="-26.993593" lon="-48.63255"><ele>9.7</ele></trkpt><trkpt lat="-26.993587" lon="-48.63255"><ele>9.5</ele></trkpt><trkpt lat="-26.993582" lon="-48.632552"><ele>9.2</ele></trkpt><trkpt lat="-26.993578" lon="-48.63255"><ele>8.9</ele></trkpt><trkpt lat="-26.993578" lon="-48.632545"><ele>8.7</ele></trkpt><trkpt lat="-26.993578" lon="-48.632545"><ele>8.7</ele></trkpt><trkpt lat="-26.993575" lon="-48.632533"><ele>8.6</ele></trkpt><trkpt lat="-26.993575" lon="-48.63254"><ele>8.3</ele></trkpt><trkpt lat="-26.99357" lon="-48.632548"><ele>8</ele></trkpt><trkpt lat="-26.993565" lon="-48.632553"><ele>8.2</ele></trkpt><trkpt lat="-26.993565" lon="-48.632553"><ele>8.2</ele></trkpt><trkpt lat="-26.993565" lon="-48.632553"><ele>8.2</ele></trkpt><trkpt lat="-26.993565" lon="-48.632553"><ele>8.2</ele></trkpt><trkpt lat="-26.993565" lon="-48.632553"><ele>8.2</ele></trkpt><trkpt lat="-26.993565" lon="-48.632553"><ele>8.2</ele></trkpt><trkpt lat="-26.993565" lon="-48.632553"><ele>8.2</ele></trkpt><trkpt lat="-26.993565" lon="-48.632553"><ele>8.2</ele></trkpt><trkpt lat="-26.993565" lon="-48.632553"><ele>8.2</ele></trkpt><trkpt lat="-26.993565" lon="-48.632553"><ele>8.2</ele></trkpt><trkpt lat="-26.993565" lon="-48.632553"><ele>8.2</ele></trkpt><trkpt lat="-26.993565" lon="-48.632553"><ele>8.2</ele></trkpt><trkpt lat="-26.993565" lon="-48.632553"><ele>8.2</ele></trkpt><trkpt lat="-26.993565" lon="-48.632553"><ele>8.2</ele></trkpt><trkpt lat="-26.993565" lon="-48.632553"><ele>8.2</ele></trkpt><trkpt lat="-26.993565" lon="-48.632553"><ele>8.2</ele></trkpt><trkpt lat="-26.993565" lon="-48.632553"><ele>8.2</ele></trkpt><trkpt lat="-26.993565" lon="-48.632553"><ele>8.2</ele></trkpt><trkpt lat="-26.993565" lon="-48.632553"><ele>8.2</ele></trkpt><trkpt lat="-26.993565" lon="-48.632553"><ele>8.2</ele></trkpt><trkpt lat="-26.993565" lon="-48.632553"><ele>8.2</ele></trkpt><trkpt lat="-26.993565" lon="-48.632553"><ele>8.2</ele></trkpt><trkpt lat="-26.993565" lon="-48.632553"><ele>8.2</ele></trkpt><trkpt lat="-26.993565" lon="-48.632553"><ele>8.2</ele></trkpt><trkpt lat="-26.993565" lon="-48.632553"><ele>8.2</ele></trkpt><trkpt lat="-26.993565" lon="-48.632553"><ele>8.2</ele></trkpt><trkpt lat="-26.993565" lon="-48.632553"><ele>8.2</ele></trkpt><trkpt lat="-26.993565" lon="-48.632553"><ele>8.2</ele></trkpt><trkpt lat="-26.993565" lon="-48.632553"><ele>8.2</ele></trkpt><trkpt lat="-26.993565" lon="-48.632553"><ele>8.2</ele></trkpt><trkpt lat="-26.993565" lon="-48.632553"><ele>8.2</ele></trkpt><trkpt lat="-26.993565" lon="-48.632553"><ele>8.2</ele></trkpt><trkpt lat="-26.993565" lon="-48.632553"><ele>8.2</ele></trkpt><trkpt lat="-26.993565" lon="-48.632553"><ele>8.2</ele></trkpt><trkpt lat="-26.993565" lon="-48.632553"><ele>8.2</ele></trkpt><trkpt lat="-26.993565" lon="-48.632553"><ele>8.2</ele></trkpt><trkpt lat="-26.993565" lon="-48.632553"><ele>8.2</ele></trkpt><trkpt lat="-26.993565" lon="-48.632553"><ele>8.2</ele></trkpt><trkpt lat="-26.993565" lon="-48.632553"><ele>8.2</ele></trkpt><trkpt lat="-26.993565" lon="-48.632553"><ele>8.2</ele></trkpt><trkpt lat="-26.993565" lon="-48.632553"><ele>8.2</ele></trkpt><trkpt lat="-26.993565" lon="-48.632553"><ele>8.2</ele></trkpt><trkpt lat="-26.993565" lon="-48.632553"><ele>8.2</ele></trkpt><trkpt lat="-26.993565" lon="-48.632553"><ele>8.2</ele></trkpt><trkpt lat="-26.993565" lon="-48.632553"><ele>8.2</ele></trkpt><trkpt lat="-26.993608" lon="-48.632578"><ele>6.2</ele></trkpt><trkpt lat="-26.993617" lon="-48.6326"><ele>6.1</ele></trkpt><trkpt lat="-26.993628" lon="-48.63262"><ele>5.9</ele></trkpt><trkpt lat="-26.993617" lon="-48.632625"><ele>4.5</ele></trkpt><trkpt lat="-26.993627" lon="-48.632648"><ele>3.8</ele></trkpt><trkpt lat="-26.99365" lon="-48.632673"><ele>3.5</ele></trkpt><trkpt lat="-26.993673" lon="-48.632702"><ele>3.2</ele></trkpt><trkpt lat="-26.99369" lon="-48.632728"><ele>2.9</ele></trkpt><trkpt lat="-26.993712" lon="-48.632747"><ele>2.9</ele></trkpt><trkpt lat="-26.99373" lon="-48.632762"><ele>2.4</ele></trkpt><trkpt lat="-26.993752" lon="-48.632775"><ele>1.1</ele></trkpt><trkpt lat="-26.993758" lon="-48.632793"><ele>1</ele></trkpt><trkpt lat="-26.993762" lon="-48.632808"><ele>0.9</ele></trkpt><trkpt lat="-26.993762" lon="-48.632818"><ele>0.4</ele></trkpt><trkpt lat="-26.993762" lon="-48.632827"><ele>0.1</ele></trkpt><trkpt lat="-26.993763" lon="-48.632827"><ele>0.3</ele></trkpt><trkpt lat="-26.993755" lon="-48.63284"><ele>1.2</ele></trkpt><trkpt lat="-26.993753" lon="-48.632838"><ele>1.1</ele></trkpt><trkpt lat="-26.993757" lon="-48.632838"><ele>1.2</ele></trkpt><trkpt lat="-26.993765" lon="-48.63284"><ele>1.7</ele></trkpt><trkpt lat="-26.993772" lon="-48.632838"><ele>2</ele></trkpt><trkpt lat="-26.993775" lon="-48.632833"><ele>2.1</ele></trkpt><trkpt lat="-26.993773" lon="-48.632838"><ele>2.6</ele></trkpt><trkpt lat="-26.993773" lon="-48.632838"><ele>2.6</ele></trkpt><trkpt lat="-26.993777" lon="-48.632842"><ele>2.7</ele></trkpt><trkpt lat="-26.993778" lon="-48.632843"><ele>2.1</ele></trkpt><trkpt lat="-26.993782" lon="-48.632847"><ele>1.9</ele></trkpt><trkpt lat="-26.99378" lon="-48.632848"><ele>2.4</ele></trkpt><trkpt lat="-26.99378" lon="-48.632848"><ele>2.4</ele></trkpt><trkpt lat="-26.99378" lon="-48.632848"><ele>2.4</ele></trkpt><trkpt lat="-26.99378" lon="-48.632848"><ele>2.4</ele></trkpt><trkpt lat="-26.99378" lon="-48.632848"><ele>2.4</ele></trkpt><trkpt lat="-26.99378" lon="-48.632848"><ele>2.4</ele></trkpt><trkpt lat="-26.99378" lon="-48.632848"><ele>2.4</ele></trkpt><trkpt lat="-26.99378" lon="-48.632848"><ele>2.4</ele></trkpt><trkpt lat="-26.993755" lon="-48.632845"><ele>3.3</ele></trkpt><trkpt lat="-26.993758" lon="-48.632848"><ele>3.4</ele></trkpt><trkpt lat="-26.993762" lon="-48.632852"><ele>3.6</ele></trkpt><trkpt lat="-26.993767" lon="-48.632863"><ele>3.8</ele></trkpt><trkpt lat="-26.993763" lon="-48.632872"><ele>3.8</ele></trkpt><trkpt lat="-26.99377" lon="-48.632872"><ele>3.9</ele></trkpt><trkpt lat="-26.993778" lon="-48.63287"><ele>3.9</ele></trkpt><trkpt lat="-26.993782" lon="-48.632868"><ele>3.8</ele></trkpt><trkpt lat="-26.99378" lon="-48.63287"><ele>3.9</ele></trkpt><trkpt lat="-26.993777" lon="-48.632868"><ele>4.3</ele></trkpt><trkpt lat="-26.993777" lon="-48.632868"><ele>4.3</ele></trkpt><trkpt lat="-26.993777" lon="-48.632868"><ele>4.6</ele></trkpt><trkpt lat="-26.993777" lon="-48.632865"><ele>5</ele></trkpt><trkpt lat="-26.993777" lon="-48.632863"><ele>5.4</ele></trkpt><trkpt lat="-26.993777" lon="-48.632858"><ele>5.8</ele></trkpt><trkpt lat="-26.993777" lon="-48.63285"><ele>5.8</ele></trkpt><trkpt lat="-26.993777" lon="-48.63285"><ele>5.8</ele></trkpt><trkpt lat="-26.993777" lon="-48.63285"><ele>5.8</ele></trkpt><trkpt lat="-26.993777" lon="-48.63285"><ele>5.8</ele></trkpt><trkpt lat="-26.993777" lon="-48.63285"><ele>5.8</ele></trkpt><trkpt lat="-26.993777" lon="-48.63285"><ele>5.8</ele></trkpt><trkpt lat="-26.993777" lon="-48.63285"><ele>5.8</ele></trkpt><trkpt lat="-26.993777" lon="-48.63285"><ele>5.8</ele></trkpt><trkpt lat="-26.993777" lon="-48.63285"><ele>5.8</ele></trkpt><trkpt lat="-26.993777" lon="-48.63285"><ele>5.8</ele></trkpt><trkpt lat="-26.993777" lon="-48.63285"><ele>5.8</ele></trkpt><trkpt lat="-26.993777" lon="-48.63285"><ele>5.8</ele></trkpt><trkpt lat="-26.993777" lon="-48.63285"><ele>5.8</ele></trkpt><trkpt lat="-26.993777" lon="-48.63285"><ele>5.8</ele></trkpt><trkpt lat="-26.993777" lon="-48.63285"><ele>5.8</ele></trkpt><trkpt lat="-26.993785" lon="-48.632903"><ele>6.2</ele></trkpt><trkpt lat="-26.993793" lon="-48.632917"><ele>6.1</ele></trkpt><trkpt lat="-26.9938" lon="-48.632928"><ele>5.9</ele></trkpt><trkpt lat="-26.993803" lon="-48.632942"><ele>5.8</ele></trkpt><trkpt lat="-26.993808" lon="-48.632955"><ele>5.6</ele></trkpt><trkpt lat="-26.993813" lon="-48.632968"><ele>5.4</ele></trkpt><trkpt lat="-26.993817" lon="-48.632982"><ele>5.4</ele></trkpt><trkpt lat="-26.993825" lon="-48.632992"><ele>5.5</ele></trkpt><trkpt lat="-26.993838" lon="-48.63301"><ele>5.3</ele></trkpt><trkpt lat="-26.993852" lon="-48.633025"><ele>4.8</ele></trkpt><trkpt lat="-26.993863" lon="-48.633043"><ele>3.8</ele></trkpt><trkpt lat="-26.99388" lon="-48.633055"><ele>2.6</ele></trkpt><trkpt lat="-26.993893" lon="-48.633067"><ele>1.3</ele></trkpt><trkpt lat="-26.993898" lon="-48.633082"><ele>0.3</ele></trkpt><trkpt lat="-26.993895" lon="-48.633088"><ele>-0.4</ele></trkpt><trkpt lat="-26.993893" lon="-48.633087"><ele>-0.7</ele></trkpt><trkpt lat="-26.993893" lon="-48.633087"><ele>-0.8</ele></trkpt><trkpt lat="-26.993893" lon="-48.633093"><ele>-0.8</ele></trkpt><trkpt lat="-26.993898" lon="-48.633105"><ele>-0.4</ele></trkpt><trkpt lat="-26.993907" lon="-48.633118"><ele>0</ele></trkpt><trkpt lat="-26.99392" lon="-48.633132"><ele>0</ele></trkpt><trkpt lat="-26.993933" lon="-48.633145"><ele>-0.2</ele></trkpt><trkpt lat="-26.993948" lon="-48.633157"><ele>-0.2</ele></trkpt><trkpt lat="-26.993958" lon="-48.633175"><ele>0.1</ele></trkpt><trkpt lat="-26.993972" lon="-48.633195"><ele>0.9</ele></trkpt><trkpt lat="-26.993987" lon="-48.633213"><ele>1.7</ele></trkpt><trkpt lat="-26.993998" lon="-48.633237"><ele>1.9</ele></trkpt><trkpt lat="-26.99401" lon="-48.633263"><ele>2.2</ele></trkpt><trkpt lat="-26.994023" lon="-48.633287"><ele>2.3</ele></trkpt><trkpt lat="-26.99404" lon="-48.63331"><ele>2.3</ele></trkpt><trkpt lat="-26.994057" lon="-48.633335"><ele>2.4</ele></trkpt><trkpt lat="-26.994077" lon="-48.633363"><ele>2.5</ele></trkpt><trkpt lat="-26.994093" lon="-48.633392"><ele>2.5</ele></trkpt><trkpt lat="-26.99411" lon="-48.63342"><ele>2.5</ele></trkpt><trkpt lat="-26.994132" lon="-48.633447"><ele>2.5</ele></trkpt><trkpt lat="-26.994148" lon="-48.633473"><ele>2.7</ele></trkpt><trkpt lat="-26.99417" lon="-48.633498"><ele>2.8</ele></trkpt><trkpt lat="-26.994193" lon="-48.633522"><ele>2.8</ele></trkpt><trkpt lat="-26.994212" lon="-48.633548"><ele>2.5</ele></trkpt><trkpt lat="-26.994225" lon="-48.633575"><ele>2.2</ele></trkpt><trkpt lat="-26.994238" lon="-48.633603"><ele>2.1</ele></trkpt><trkpt lat="-26.99425" lon="-48.63363"><ele>2.3</ele></trkpt><trkpt lat="-26.994262" lon="-48.633658"><ele>2.3</ele></trkpt><trkpt lat="-26.994273" lon="-48.633688"><ele>2.4</ele></trkpt><trkpt lat="-26.994285" lon="-48.633717"><ele>2.5</ele></trkpt><trkpt lat="-26.994297" lon="-48.633743"><ele>2.5</ele></trkpt><trkpt lat="-26.994308" lon="-48.633775"><ele>2.7</ele></trkpt><trkpt lat="-26.99432" lon="-48.633807"><ele>2.8</ele></trkpt><trkpt lat="-26.99432" lon="-48.633807"><ele>2.8</ele></trkpt><trkpt lat="-26.994335" lon="-48.633832"><ele>2.9</ele></trkpt><trkpt lat="-26.994343" lon="-48.633855"><ele>3</ele></trkpt><trkpt lat="-26.994343" lon="-48.633855"><ele>3</ele></trkpt><trkpt lat="-26.994343" lon="-48.633855"><ele>3</ele></trkpt><trkpt lat="-26.994358" lon="-48.633878"><ele>2.7</ele></trkpt><trkpt lat="-26.994365" lon="-48.633902"><ele>2.5</ele></trkpt><trkpt lat="-26.994378" lon="-48.633925"><ele>2.1</ele></trkpt><trkpt lat="-26.994392" lon="-48.633947"><ele>1.7</ele></trkpt><trkpt lat="-26.994417" lon="-48.633958"><ele>1.3</ele></trkpt><trkpt lat="-26.994445" lon="-48.633967"><ele>0.7</ele></trkpt><trkpt lat="-26.994468" lon="-48.633978"><ele>0</ele></trkpt><trkpt lat="-26.994482" lon="-48.633997"><ele>-0.4</ele></trkpt><trkpt lat="-26.994503" lon="-48.63401"><ele>-0.6</ele></trkpt><trkpt lat="-26.99452" lon="-48.634025"><ele>-0.4</ele></trkpt><trkpt lat="-26.994535" lon="-48.63404"><ele>-0.7</ele></trkpt><trkpt lat="-26.994558" lon="-48.634062"><ele>-1</ele></trkpt><trkpt lat="-26.994573" lon="-48.634085"><ele>-1.1</ele></trkpt><trkpt lat="-26.994588" lon="-48.634107"><ele>-1.2</ele></trkpt><trkpt lat="-26.994603" lon="-48.634127"><ele>-1.4</ele></trkpt><trkpt lat="-26.99461" lon="-48.634142"><ele>-1.6</ele></trkpt><trkpt lat="-26.994608" lon="-48.634145"><ele>-1.4</ele></trkpt><trkpt lat="-26.994612" lon="-48.634155"><ele>-1</ele></trkpt><trkpt lat="-26.994615" lon="-48.634167"><ele>-1.1</ele></trkpt><trkpt lat="-26.99462" lon="-48.634183"><ele>-1.4</ele></trkpt><trkpt lat="-26.994628" lon="-48.634202"><ele>-1.4</ele></trkpt><trkpt lat="-26.994638" lon="-48.634225"><ele>-1.1</ele></trkpt><trkpt lat="-26.994657" lon="-48.63425"><ele>-0.8</ele></trkpt><trkpt lat="-26.994678" lon="-48.63428"><ele>-0.9</ele></trkpt><trkpt lat="-26.994697" lon="-48.634317"><ele>-0.1</ele></trkpt><trkpt lat="-26.994717" lon="-48.634352"><ele>0</ele></trkpt><trkpt lat="-26.994733" lon="-48.634388"><ele>0.5</ele></trkpt><trkpt lat="-26.994748" lon="-48.634427"><ele>0.3</ele></trkpt><trkpt lat="-26.99477" lon="-48.63446"><ele>0.6</ele></trkpt><trkpt lat="-26.994795" lon="-48.634487"><ele>1.5</ele></trkpt><trkpt lat="-26.994823" lon="-48.63451"><ele>1.9</ele></trkpt><trkpt lat="-26.994843" lon="-48.634537"><ele>2.9</ele></trkpt><trkpt lat="-26.994858" lon="-48.634562"><ele>3.3</ele></trkpt><trkpt lat="-26.994877" lon="-48.634588"><ele>3.3</ele></trkpt><trkpt lat="-26.994895" lon="-48.634615"><ele>3.2</ele></trkpt><trkpt lat="-26.994913" lon="-48.634642"><ele>3.1</ele></trkpt><trkpt lat="-26.994925" lon="-48.63467"><ele>3.2</ele></trkpt><trkpt lat="-26.994938" lon="-48.6347"><ele>3.2</ele></trkpt><trkpt lat="-26.994945" lon="-48.63473"><ele>3.4</ele></trkpt><trkpt lat="-26.994955" lon="-48.634758"><ele>3.5</ele></trkpt><trkpt lat="-26.994967" lon="-48.634783"><ele>2.8</ele></trkpt><trkpt lat="-26.994978" lon="-48.634802"><ele>2.7</ele></trkpt><trkpt lat="-26.994982" lon="-48.634813"><ele>2.6</ele></trkpt><trkpt lat="-26.994987" lon="-48.634817"><ele>2.6</ele></trkpt><trkpt lat="-26.994993" lon="-48.634808"><ele>2.9</ele></trkpt><trkpt lat="-26.995" lon="-48.634805"><ele>2.9</ele></trkpt><trkpt lat="-26.995005" lon="-48.634805"><ele>2.8</ele></trkpt><trkpt lat="-26.99501" lon="-48.634802"><ele>2.8</ele></trkpt><trkpt lat="-26.99501" lon="-48.6348"><ele>2.6</ele></trkpt><trkpt lat="-26.995017" lon="-48.634797"><ele>2.8</ele></trkpt><trkpt lat="-26.995022" lon="-48.634792"><ele>2.8</ele></trkpt><trkpt lat="-26.995023" lon="-48.634787"><ele>2.8</ele></trkpt><trkpt lat="-26.995023" lon="-48.634782"><ele>2.8</ele></trkpt><trkpt lat="-26.995022" lon="-48.634778"><ele>2.7</ele></trkpt><trkpt lat="-26.995022" lon="-48.634778"><ele>2.7</ele></trkpt><trkpt lat="-26.995022" lon="-48.634778"><ele>2.7</ele></trkpt><trkpt lat="-26.995022" lon="-48.634778"><ele>2.7</ele></trkpt><trkpt lat="-26.995022" lon="-48.634778"><ele>2.7</ele></trkpt><trkpt lat="-26.995022" lon="-48.634778"><ele>2.7</ele></trkpt><trkpt lat="-26.995022" lon="-48.634778"><ele>2.7</ele></trkpt><trkpt lat="-26.995022" lon="-48.634778"><ele>2.7</ele></trkpt><trkpt lat="-26.995022" lon="-48.634778"><ele>2.7</ele></trkpt><trkpt lat="-26.995022" lon="-48.634778"><ele>2.7</ele></trkpt><trkpt lat="-26.995022" lon="-48.634778"><ele>2.7</ele></trkpt><trkpt lat="-26.995022" lon="-48.634778"><ele>2.7</ele></trkpt><trkpt lat="-26.995022" lon="-48.634778"><ele>2.7</ele></trkpt><trkpt lat="-26.995022" lon="-48.634778"><ele>2.7</ele></trkpt><trkpt lat="-26.995022" lon="-48.634778"><ele>2.7</ele></trkpt><trkpt lat="-26.995022" lon="-48.634778"><ele>2.7</ele></trkpt><trkpt lat="-26.995022" lon="-48.634778"><ele>2.7</ele></trkpt><trkpt lat="-26.995022" lon="-48.634778"><ele>2.7</ele></trkpt><trkpt lat="-26.995022" lon="-48.634778"><ele>2.7</ele></trkpt><trkpt lat="-26.995027" lon="-48.63479"><ele>0.6</ele></trkpt><trkpt lat="-26.995038" lon="-48.634797"><ele>0.4</ele></trkpt><trkpt lat="-26.99505" lon="-48.6348"><ele>0</ele></trkpt><trkpt lat="-26.995062" lon="-48.634805"><ele>-0.7</ele></trkpt><trkpt lat="-26.99507" lon="-48.63481"><ele>-1.2</ele></trkpt><trkpt lat="-26.995088" lon="-48.634813"><ele>-1.8</ele></trkpt><trkpt lat="-26.995088" lon="-48.634813"><ele>-1.8</ele></trkpt><trkpt lat="-26.995107" lon="-48.634818"><ele>-1.9</ele></trkpt><trkpt lat="-26.995133" lon="-48.634825"><ele>-2.3</ele></trkpt><trkpt lat="-26.995152" lon="-48.634835"><ele>-2.8</ele></trkpt><trkpt lat="-26.995168" lon="-48.634847"><ele>-3.6</ele></trkpt><trkpt lat="-26.995185" lon="-48.634858"><ele>-4.7</ele></trkpt><trkpt lat="-26.995203" lon="-48.634868"><ele>-5.5</ele></trkpt><trkpt lat="-26.99522" lon="-48.63488"><ele>-6.6</ele></trkpt><trkpt lat="-26.995228" lon="-48.634897"><ele>-7.1</ele></trkpt><trkpt lat="-26.995233" lon="-48.63492"><ele>-7.4</ele></trkpt><trkpt lat="-26.995232" lon="-48.63494"><ele>-7.9</ele></trkpt><trkpt lat="-26.995225" lon="-48.634955"><ele>-8.1</ele></trkpt><trkpt lat="-26.995207" lon="-48.634973"><ele>-7.6</ele></trkpt><trkpt lat="-26.995195" lon="-48.634985"><ele>-7.2</ele></trkpt><trkpt lat="-26.995183" lon="-48.634993"><ele>-6.6</ele></trkpt><trkpt lat="-26.995173" lon="-48.635"><ele>-5.6</ele></trkpt><trkpt lat="-26.995165" lon="-48.635005"><ele>-4.7</ele></trkpt><trkpt lat="-26.995162" lon="-48.635007"><ele>-4</ele></trkpt><trkpt lat="-26.99516" lon="-48.635008"><ele>-3.5</ele></trkpt><trkpt lat="-26.995158" lon="-48.635008"><ele>-3.3</ele></trkpt><trkpt lat="-26.995158" lon="-48.635007"><ele>-3.1</ele></trkpt><trkpt lat="-26.995157" lon="-48.635007"><ele>-2.9</ele></trkpt><trkpt lat="-26.995157" lon="-48.635007"><ele>-2.6</ele></trkpt><trkpt lat="-26.995157" lon="-48.635007"><ele>-2.6</ele></trkpt><trkpt lat="-26.995157" lon="-48.635007"><ele>-2.6</ele></trkpt><trkpt lat="-26.995157" lon="-48.635007"><ele>-2.6</ele></trkpt><trkpt lat="-26.995157" lon="-48.635007"><ele>-2.6</ele></trkpt><trkpt lat="-26.995157" lon="-48.635007"><ele>-2.6</ele></trkpt><trkpt lat="-26.995157" lon="-48.635007"><ele>-2.6</ele></trkpt><trkpt lat="-26.995157" lon="-48.635007"><ele>-2.6</ele></trkpt><trkpt lat="-26.995157" lon="-48.635007"><ele>-2.6</ele></trkpt><trkpt lat="-26.995157" lon="-48.635007"><ele>-2.6</ele></trkpt><trkpt lat="-26.995157" lon="-48.635007"><ele>-2.6</ele></trkpt><trkpt lat="-26.995157" lon="-48.635007"><ele>-2.6</ele></trkpt><trkpt lat="-26.995157" lon="-48.635007"><ele>-2.6</ele></trkpt><trkpt lat="-26.995157" lon="-48.635007"><ele>-2.6</ele></trkpt><trkpt lat="-26.995157" lon="-48.635007"><ele>-2.6</ele></trkpt><trkpt lat="-26.995157" lon="-48.635007"><ele>-2.6</ele></trkpt><trkpt lat="-26.995157" lon="-48.635007"><ele>-2.6</ele></trkpt><trkpt lat="-26.995157" lon="-48.635007"><ele>-2.6</ele></trkpt><trkpt lat="-26.995157" lon="-48.635007"><ele>-2.6</ele></trkpt><trkpt lat="-26.995157" lon="-48.635007"><ele>-2.6</ele></trkpt><trkpt lat="-26.995157" lon="-48.635007"><ele>-2.6</ele></trkpt><trkpt lat="-26.995157" lon="-48.635007"><ele>-2.6</ele></trkpt><trkpt lat="-26.995157" lon="-48.635007"><ele>-2.6</ele></trkpt><trkpt lat="-26.995157" lon="-48.635007"><ele>-2.6</ele></trkpt><trkpt lat="-26.995157" lon="-48.635007"><ele>-2.6</ele></trkpt><trkpt lat="-26.995157" lon="-48.635007"><ele>-2.6</ele></trkpt><trkpt lat="-26.995157" lon="-48.635007"><ele>-2.6</ele></trkpt><trkpt lat="-26.995157" lon="-48.635007"><ele>-2.6</ele></trkpt><trkpt lat="-26.995157" lon="-48.635007"><ele>-2.6</ele></trkpt><trkpt lat="-26.995157" lon="-48.635007"><ele>-2.6</ele></trkpt><trkpt lat="-26.995157" lon="-48.635007"><ele>-2.6</ele></trkpt><trkpt lat="-26.995157" lon="-48.635007"><ele>-2.6</ele></trkpt><trkpt lat="-26.995157" lon="-48.635007"><ele>-2.6</ele></trkpt><trkpt lat="-26.995157" lon="-48.635007"><ele>-2.6</ele></trkpt><trkpt lat="-26.995157" lon="-48.635007"><ele>-2.6</ele></trkpt><trkpt lat="-26.995157" lon="-48.635007"><ele>-2.6</ele></trkpt><trkpt lat="-26.995157" lon="-48.635007"><ele>-2.6</ele></trkpt><trkpt lat="-26.995157" lon="-48.635007"><ele>-2.6</ele></trkpt><trkpt lat="-26.995157" lon="-48.635007"><ele>-2.6</ele></trkpt><trkpt lat="-26.995157" lon="-48.635007"><ele>-2.6</ele></trkpt><trkpt lat="-26.995157" lon="-48.635007"><ele>-2.6</ele></trkpt><trkpt lat="-26.995157" lon="-48.635007"><ele>-2.6</ele></trkpt><trkpt lat="-26.995157" lon="-48.635007"><ele>-2.6</ele></trkpt><trkpt lat="-26.995157" lon="-48.635007"><ele>-2.6</ele></trkpt><trkpt lat="-26.995215" lon="-48.63502"><ele>0.6</ele></trkpt><trkpt lat="-26.995218" lon="-48.635028"><ele>0.4</ele></trkpt><trkpt lat="-26.995222" lon="-48.63504"><ele>0.2</ele></trkpt><trkpt lat="-26.995228" lon="-48.635053"><ele>0.4</ele></trkpt><trkpt lat="-26.995238" lon="-48.63507"><ele>0.7</ele></trkpt><trkpt lat="-26.995247" lon="-48.635083"><ele>1.3</ele></trkpt><trkpt lat="-26.995253" lon="-48.635097"><ele>1.7</ele></trkpt><trkpt lat="-26.995257" lon="-48.63511"><ele>2.7</ele></trkpt><trkpt lat="-26.995263" lon="-48.63513"><ele>3.3</ele></trkpt><trkpt lat="-26.995272" lon="-48.635148"><ele>3.7</ele></trkpt><trkpt lat="-26.995278" lon="-48.635168"><ele>3.7</ele></trkpt><trkpt lat="-26.99529" lon="-48.63519"><ele>3.4</ele></trkpt><trkpt lat="-26.995303" lon="-48.635212"><ele>3.8</ele></trkpt><trkpt lat="-26.995315" lon="-48.635225"><ele>4.1</ele></trkpt><trkpt lat="-26.995317" lon="-48.635232"><ele>4.1</ele></trkpt><trkpt lat="-26.995315" lon="-48.635235"><ele>3.5</ele></trkpt><trkpt lat="-26.995312" lon="-48.635232"><ele>3</ele></trkpt><trkpt lat="-26.995308" lon="-48.63523"><ele>2.8</ele></trkpt><trkpt lat="-26.995305" lon="-48.635232"><ele>2.6</ele></trkpt><trkpt lat="-26.995305" lon="-48.63523"><ele>2.4</ele></trkpt><trkpt lat="-26.995302" lon="-48.635228"><ele>2.2</ele></trkpt><trkpt lat="-26.995302" lon="-48.635225"><ele>2</ele></trkpt><trkpt lat="-26.995303" lon="-48.63522"><ele>1.9</ele></trkpt><trkpt lat="-26.995307" lon="-48.635215"><ele>2.2</ele></trkpt><trkpt lat="-26.995308" lon="-48.63521"><ele>2.4</ele></trkpt><trkpt lat="-26.995308" lon="-48.63521"><ele>2.4</ele></trkpt><trkpt lat="-26.995308" lon="-48.63521"><ele>2.4</ele></trkpt><trkpt lat="-26.995308" lon="-48.63521"><ele>2.4</ele></trkpt><trkpt lat="-26.995308" lon="-48.63521"><ele>2.4</ele></trkpt><trkpt lat="-26.995308" lon="-48.63521"><ele>2.4</ele></trkpt><trkpt lat="-26.995308" lon="-48.63521"><ele>2.4</ele></trkpt><trkpt lat="-26.995308" lon="-48.63521"><ele>2.4</ele></trkpt><trkpt lat="-26.995308" lon="-48.63521"><ele>2.4</ele></trkpt><trkpt lat="-26.995308" lon="-48.63521"><ele>2.4</ele></trkpt><trkpt lat="-26.995308" lon="-48.63521"><ele>2.4</ele></trkpt><trkpt lat="-26.995308" lon="-48.63521"><ele>2.4</ele></trkpt><trkpt lat="-26.995308" lon="-48.63521"><ele>2.4</ele></trkpt><trkpt lat="-26.995308" lon="-48.63521"><ele>2.4</ele></trkpt><trkpt lat="-26.995308" lon="-48.63521"><ele>2.4</ele></trkpt><trkpt lat="-26.995308" lon="-48.63521"><ele>2.4</ele></trkpt><trkpt lat="-26.995308" lon="-48.63521"><ele>2.4</ele></trkpt><trkpt lat="-26.995308" lon="-48.63521"><ele>2.4</ele></trkpt><trkpt lat="-26.995308" lon="-48.63521"><ele>2.4</ele></trkpt><trkpt lat="-26.995312" lon="-48.635182"><ele>4.4</ele></trkpt><trkpt lat="-26.995312" lon="-48.635183"><ele>4.3</ele></trkpt><trkpt lat="-26.99531" lon="-48.635187"><ele>4.1</ele></trkpt><trkpt lat="-26.99531" lon="-48.635187"><ele>4</ele></trkpt><trkpt lat="-26.99531" lon="-48.635187"><ele>4</ele></trkpt><trkpt lat="-26.99531" lon="-48.635187"><ele>4</ele></trkpt><trkpt lat="-26.99531" lon="-48.635187"><ele>4</ele></trkpt><trkpt lat="-26.99531" lon="-48.635187"><ele>4</ele></trkpt><trkpt lat="-26.99531" lon="-48.635187"><ele>4</ele></trkpt><trkpt lat="-26.99531" lon="-48.635187"><ele>4</ele></trkpt><trkpt lat="-26.99531" lon="-48.635187"><ele>4</ele></trkpt><trkpt lat="-26.99531" lon="-48.635187"><ele>4</ele></trkpt><trkpt lat="-26.99531" lon="-48.635187"><ele>4</ele></trkpt><trkpt lat="-26.99531" lon="-48.635187"><ele>4</ele></trkpt><trkpt lat="-26.99531" lon="-48.635187"><ele>4</ele></trkpt><trkpt lat="-26.99531" lon="-48.635187"><ele>4</ele></trkpt><trkpt lat="-26.99531" lon="-48.635187"><ele>4</ele></trkpt><trkpt lat="-26.99531" lon="-48.635187"><ele>4</ele></trkpt><trkpt lat="-26.99531" lon="-48.635187"><ele>4</ele></trkpt><trkpt lat="-26.99531" lon="-48.635187"><ele>4</ele></trkpt><trkpt lat="-26.99531" lon="-48.635187"><ele>4</ele></trkpt><trkpt lat="-26.99531" lon="-48.635187"><ele>4</ele></trkpt><trkpt lat="-26.99531" lon="-48.635187"><ele>4</ele></trkpt><trkpt lat="-26.99531" lon="-48.635187"><ele>4</ele></trkpt><trkpt lat="-26.99531" lon="-48.635187"><ele>4</ele></trkpt><trkpt lat="-26.99531" lon="-48.635187"><ele>4</ele></trkpt><trkpt lat="-26.99531" lon="-48.635187"><ele>4</ele></trkpt><trkpt lat="-26.99531" lon="-48.635187"><ele>4</ele></trkpt><trkpt lat="-26.99531" lon="-48.635187"><ele>4</ele></trkpt><trkpt lat="-26.99531" lon="-48.635187"><ele>4</ele></trkpt><trkpt lat="-26.99531" lon="-48.635187"><ele>4</ele></trkpt><trkpt lat="-26.99531" lon="-48.635187"><ele>4</ele></trkpt><trkpt lat="-26.99531" lon="-48.635187"><ele>4</ele></trkpt><trkpt lat="-26.99531" lon="-48.635187"><ele>4</ele></trkpt><trkpt lat="-26.99531" lon="-48.635187"><ele>4</ele></trkpt><trkpt lat="-26.99531" lon="-48.635187"><ele>4</ele></trkpt><trkpt lat="-26.99531" lon="-48.635187"><ele>4</ele></trkpt><trkpt lat="-26.99531" lon="-48.635187"><ele>4</ele></trkpt><trkpt lat="-26.99531" lon="-48.635187"><ele>4</ele></trkpt><trkpt lat="-26.99531" lon="-48.635187"><ele>4</ele></trkpt><trkpt lat="-26.99531" lon="-48.635187"><ele>4</ele></trkpt><trkpt lat="-26.99531" lon="-48.635187"><ele>4</ele></trkpt><trkpt lat="-26.99531" lon="-48.635187"><ele>4</ele></trkpt><trkpt lat="-26.99531" lon="-48.635187"><ele>4</ele></trkpt><trkpt lat="-26.99531" lon="-48.635187"><ele>4</ele></trkpt><trkpt lat="-26.99531" lon="-48.635187"><ele>4</ele></trkpt><trkpt lat="-26.99531" lon="-48.635187"><ele>4</ele></trkpt><trkpt lat="-26.99531" lon="-48.635187"><ele>4</ele></trkpt><trkpt lat="-26.99531" lon="-48.635187"><ele>4</ele></trkpt><trkpt lat="-26.99531" lon="-48.635187"><ele>4</ele></trkpt><trkpt lat="-26.99531" lon="-48.635187"><ele>4</ele></trkpt><trkpt lat="-26.99531" lon="-48.635187"><ele>4</ele></trkpt><trkpt lat="-26.99531" lon="-48.635187"><ele>4</ele></trkpt><trkpt lat="-26.99531" lon="-48.635187"><ele>4</ele></trkpt><trkpt lat="-26.99531" lon="-48.635187"><ele>4</ele></trkpt><trkpt lat="-26.99531" lon="-48.635187"><ele>4</ele></trkpt><trkpt lat="-26.99531" lon="-48.635187"><ele>4</ele></trkpt><trkpt lat="-26.99531" lon="-48.635187"><ele>4</ele></trkpt><trkpt lat="-26.995323" lon="-48.635218"><ele>3.7</ele></trkpt><trkpt lat="-26.995318" lon="-48.635217"><ele>3.6</ele></trkpt><trkpt lat="-26.995313" lon="-48.635213"><ele>3.6</ele></trkpt><trkpt lat="-26.995312" lon="-48.635217"><ele>3.3</ele></trkpt><trkpt lat="-26.99531" lon="-48.635218"><ele>3.1</ele></trkpt><trkpt lat="-26.99531" lon="-48.63522"><ele>3</ele></trkpt><trkpt lat="-26.99531" lon="-48.63522"><ele>3</ele></trkpt><trkpt lat="-26.99531" lon="-48.63522"><ele>3</ele></trkpt><trkpt lat="-26.99531" lon="-48.63522"><ele>3</ele></trkpt><trkpt lat="-26.99531" lon="-48.63522"><ele>3</ele></trkpt><trkpt lat="-26.99531" lon="-48.63522"><ele>3</ele></trkpt><trkpt lat="-26.99531" lon="-48.63522"><ele>3</ele></trkpt><trkpt lat="-26.99531" lon="-48.63522"><ele>3</ele></trkpt><trkpt lat="-26.99531" lon="-48.63522"><ele>3</ele></trkpt><trkpt lat="-26.99531" lon="-48.63522"><ele>3</ele></trkpt><trkpt lat="-26.99531" lon="-48.63522"><ele>3</ele></trkpt><trkpt lat="-26.99531" lon="-48.63522"><ele>3</ele></trkpt><trkpt lat="-26.99531" lon="-48.63522"><ele>3</ele></trkpt><trkpt lat="-26.99531" lon="-48.63522"><ele>3</ele></trkpt><trkpt lat="-26.99531" lon="-48.63522"><ele>3</ele></trkpt><trkpt lat="-26.99531" lon="-48.63522"><ele>3</ele></trkpt><trkpt lat="-26.99531" lon="-48.63522"><ele>3</ele></trkpt><trkpt lat="-26.99531" lon="-48.63522"><ele>3</ele></trkpt><trkpt lat="-26.99531" lon="-48.63522"><ele>3</ele></trkpt><trkpt lat="-26.99531" lon="-48.63522"><ele>3</ele></trkpt><trkpt lat="-26.99531" lon="-48.63522"><ele>3</ele></trkpt><trkpt lat="-26.995288" lon="-48.635237"><ele>1.7</ele></trkpt><trkpt lat="-26.995278" lon="-48.635238"><ele>1.7</ele></trkpt><trkpt lat="-26.995273" lon="-48.63524"><ele>1.5</ele></trkpt><trkpt lat="-26.995265" lon="-48.635242"><ele>1.6</ele></trkpt><trkpt lat="-26.995257" lon="-48.635242"><ele>1.6</ele></trkpt><trkpt lat="-26.995252" lon="-48.635243"><ele>1.7</ele></trkpt><trkpt lat="-26.995253" lon="-48.635242"><ele>1.6</ele></trkpt><trkpt lat="-26.995253" lon="-48.635242"><ele>1.5</ele></trkpt><trkpt lat="-26.995253" lon="-48.635242"><ele>1.2</ele></trkpt><trkpt lat="-26.99525" lon="-48.635243"><ele>0.9</ele></trkpt><trkpt lat="-26.995245" lon="-48.635242"><ele>0.5</ele></trkpt><trkpt lat="-26.995243" lon="-48.63524"><ele>0.1</ele></trkpt><trkpt lat="-26.995243" lon="-48.635238"><ele>-0.3</ele></trkpt><trkpt lat="-26.995247" lon="-48.635237"><ele>-0.5</ele></trkpt><trkpt lat="-26.995248" lon="-48.635242"><ele>-0.9</ele></trkpt><trkpt lat="-26.995248" lon="-48.635243"><ele>-1.1</ele></trkpt><trkpt lat="-26.995248" lon="-48.635243"><ele>-1.1</ele></trkpt><trkpt lat="-26.995248" lon="-48.635243"><ele>-1.1</ele></trkpt><trkpt lat="-26.995248" lon="-48.635243"><ele>-1.1</ele></trkpt><trkpt lat="-26.995248" lon="-48.635243"><ele>-1.1</ele></trkpt><trkpt lat="-26.995248" lon="-48.635243"><ele>-1.1</ele></trkpt><trkpt lat="-26.995248" lon="-48.635243"><ele>-1.1</ele></trkpt><trkpt lat="-26.995248" lon="-48.635243"><ele>-1.1</ele></trkpt><trkpt lat="-26.995248" lon="-48.635243"><ele>-1.1</ele></trkpt><trkpt lat="-26.995248" lon="-48.635243"><ele>-1.1</ele></trkpt><trkpt lat="-26.995248" lon="-48.635243"><ele>-1.1</ele></trkpt><trkpt lat="-26.995248" lon="-48.635243"><ele>-1.1</ele></trkpt><trkpt lat="-26.995248" lon="-48.635243"><ele>-1.1</ele></trkpt><trkpt lat="-26.995248" lon="-48.635243"><ele>-1.1</ele></trkpt><trkpt lat="-26.995248" lon="-48.635243"><ele>-1.1</ele></trkpt><trkpt lat="-26.995248" lon="-48.635243"><ele>-1.1</ele></trkpt><trkpt lat="-26.995248" lon="-48.635243"><ele>-1.1</ele></trkpt><trkpt lat="-26.995248" lon="-48.635243"><ele>-1.1</ele></trkpt><trkpt lat="-26.995248" lon="-48.635243"><ele>-1.1</ele></trkpt><trkpt lat="-26.995248" lon="-48.635243"><ele>-1.1</ele></trkpt><trkpt lat="-26.995248" lon="-48.635243"><ele>-1.1</ele></trkpt><trkpt lat="-26.995248" lon="-48.635243"><ele>-1.1</ele></trkpt><trkpt lat="-26.995248" lon="-48.635243"><ele>-1.1</ele></trkpt><trkpt lat="-26.995248" lon="-48.635243"><ele>-1.1</ele></trkpt><trkpt lat="-26.995258" lon="-48.635267"><ele>-2.7</ele></trkpt><trkpt lat="-26.995262" lon="-48.635277"><ele>-2.6</ele></trkpt><trkpt lat="-26.995265" lon="-48.635292"><ele>-2.6</ele></trkpt><trkpt lat="-26.995268" lon="-48.635307"><ele>-2.5</ele></trkpt><trkpt lat="-26.995273" lon="-48.635317"><ele>-2.3</ele></trkpt><trkpt lat="-26.995283" lon="-48.635333"><ele>-2.2</ele></trkpt><trkpt lat="-26.9953" lon="-48.63535"><ele>-1.9</ele></trkpt><trkpt lat="-26.995313" lon="-48.635368"><ele>-1.5</ele></trkpt><trkpt lat="-26.99533" lon="-48.635388"><ele>-1.3</ele></trkpt><trkpt lat="-26.99535" lon="-48.635412"><ele>-0.6</ele></trkpt><trkpt lat="-26.99537" lon="-48.635437"><ele>-0.3</ele></trkpt><trkpt lat="-26.995388" lon="-48.635463"><ele>0.6</ele></trkpt><trkpt lat="-26.995412" lon="-48.635485"><ele>1</ele></trkpt><trkpt lat="-26.995445" lon="-48.635498"><ele>1</ele></trkpt><trkpt lat="-26.995473" lon="-48.635517"><ele>0.4</ele></trkpt><trkpt lat="-26.9955" lon="-48.635533"><ele>0.5</ele></trkpt><trkpt lat="-26.995522" lon="-48.63555"><ele>0.8</ele></trkpt><trkpt lat="-26.995542" lon="-48.635572"><ele>1</ele></trkpt><trkpt lat="-26.995557" lon="-48.63559"><ele>0.8</ele></trkpt><trkpt lat="-26.995572" lon="-48.635612"><ele>0.3</ele></trkpt><trkpt lat="-26.99559" lon="-48.635633"><ele>0</ele></trkpt><trkpt lat="-26.9956" lon="-48.635658"><ele>-0.1</ele></trkpt><trkpt lat="-26.995617" lon="-48.635685"><ele>-0.4</ele></trkpt><trkpt lat="-26.995632" lon="-48.635707"><ele>-0.4</ele></trkpt><trkpt lat="-26.995645" lon="-48.635733"><ele>0.3</ele></trkpt><trkpt lat="-26.995667" lon="-48.635752"><ele>1.4</ele></trkpt><trkpt lat="-26.995675" lon="-48.63577"><ele>2.2</ele></trkpt><trkpt lat="-26.99568" lon="-48.635783"><ele>3.6</ele></trkpt><trkpt lat="-26.99568" lon="-48.635785"><ele>4.5</ele></trkpt><trkpt lat="-26.995682" lon="-48.635787"><ele>5.3</ele></trkpt><trkpt lat="-26.995695" lon="-48.635785"><ele>6.4</ele></trkpt><trkpt lat="-26.995692" lon="-48.63578"><ele>6</ele></trkpt><trkpt lat="-26.995693" lon="-48.635775"><ele>5.9</ele></trkpt><trkpt lat="-26.995695" lon="-48.635778"><ele>6.5</ele></trkpt><trkpt lat="-26.995693" lon="-48.635783"><ele>6.4</ele></trkpt><trkpt lat="-26.995813" lon="-48.635718"><ele>39.1</ele></trkpt><trkpt lat="-26.99582" lon="-48.635725"><ele>40.4</ele></trkpt><trkpt lat="-26.995818" lon="-48.635735"><ele>40.6</ele></trkpt><trkpt lat="-26.995815" lon="-48.635738"><ele>40.6</ele></trkpt><trkpt lat="-26.995815" lon="-48.635738"><ele>40.6</ele></trkpt><trkpt lat="-26.995812" lon="-48.635737"><ele>40.2</ele></trkpt><trkpt lat="-26.995805" lon="-48.635727"><ele>37.4</ele></trkpt><trkpt lat="-26.995805" lon="-48.635727"><ele>37.4</ele></trkpt><trkpt lat="-26.995805" lon="-48.635727"><ele>37.4</ele></trkpt><trkpt lat="-26.995805" lon="-48.635727"><ele>37.4</ele></trkpt><trkpt lat="-26.995805" lon="-48.635727"><ele>37.4</ele></trkpt><trkpt lat="-26.995805" lon="-48.635727"><ele>37.4</ele></trkpt><trkpt lat="-26.995805" lon="-48.635727"><ele>37.4</ele></trkpt><trkpt lat="-26.995805" lon="-48.635727"><ele>37.4</ele></trkpt><trkpt lat="-26.995805" lon="-48.635727"><ele>37.4</ele></trkpt><trkpt lat="-26.995732" lon="-48.635742"><ele>21.4</ele></trkpt><trkpt lat="-26.995727" lon="-48.635748"><ele>20.4</ele></trkpt><trkpt lat="-26.995727" lon="-48.635748"><ele>20.4</ele></trkpt><trkpt lat="-26.995717" lon="-48.635743"><ele>19.5</ele></trkpt><trkpt lat="-26.995712" lon="-48.635747"><ele>18.7</ele></trkpt><trkpt lat="-26.995712" lon="-48.635747"><ele>18.7</ele></trkpt><trkpt lat="-26.995712" lon="-48.635747"><ele>18.7</ele></trkpt><trkpt lat="-26.995712" lon="-48.635747"><ele>18.7</ele></trkpt><trkpt lat="-26.995712" lon="-48.635747"><ele>18.7</ele></trkpt><trkpt lat="-26.995712" lon="-48.635747"><ele>18.7</ele></trkpt><trkpt lat="-26.995712" lon="-48.635747"><ele>18.7</ele></trkpt><trkpt lat="-26.995712" lon="-48.635747"><ele>18.7</ele></trkpt><trkpt lat="-26.995712" lon="-48.635747"><ele>18.7</ele></trkpt><trkpt lat="-26.995712" lon="-48.635747"><ele>18.7</ele></trkpt><trkpt lat="-26.995712" lon="-48.635747"><ele>18.7</ele></trkpt><trkpt lat="-26.995712" lon="-48.635747"><ele>18.7</ele></trkpt><trkpt lat="-26.995712" lon="-48.635747"><ele>18.7</ele></trkpt><trkpt lat="-26.995712" lon="-48.635747"><ele>18.7</ele></trkpt><trkpt lat="-26.995683" lon="-48.635807"><ele>10.1</ele></trkpt><trkpt lat="-26.995692" lon="-48.635815"><ele>9.7</ele></trkpt><trkpt lat="-26.9957" lon="-48.635827"><ele>9.4</ele></trkpt><trkpt lat="-26.995715" lon="-48.635842"><ele>8.5</ele></trkpt><trkpt lat="-26.995725" lon="-48.635852"><ele>7.8</ele></trkpt><trkpt lat="-26.995735" lon="-48.635863"><ele>7</ele></trkpt><trkpt lat="-26.995745" lon="-48.635875"><ele>6.6</ele></trkpt><trkpt lat="-26.99576" lon="-48.635888"><ele>5.9</ele></trkpt><trkpt lat="-26.995773" lon="-48.635895"><ele>5.1</ele></trkpt><trkpt lat="-26.995787" lon="-48.635908"><ele>4.8</ele></trkpt><trkpt lat="-26.995798" lon="-48.635918"><ele>4.7</ele></trkpt><trkpt lat="-26.995817" lon="-48.635925"><ele>4.6</ele></trkpt><trkpt lat="-26.995832" lon="-48.63593"><ele>4.3</ele></trkpt><trkpt lat="-26.995845" lon="-48.635933"><ele>4.2</ele></trkpt><trkpt lat="-26.995847" lon="-48.63593"><ele>3.1</ele></trkpt><trkpt lat="-26.995847" lon="-48.635937"><ele>2.4</ele></trkpt><trkpt lat="-26.995845" lon="-48.63595"><ele>1.8</ele></trkpt><trkpt lat="-26.99585" lon="-48.635955"><ele>1.9</ele></trkpt><trkpt lat="-26.995852" lon="-48.635958"><ele>1.9</ele></trkpt><trkpt lat="-26.995853" lon="-48.635965"><ele>1.6</ele></trkpt><trkpt lat="-26.995853" lon="-48.635965"><ele>1.9</ele></trkpt><trkpt lat="-26.995855" lon="-48.635967"><ele>1.7</ele></trkpt><trkpt lat="-26.995857" lon="-48.635967"><ele>1.7</ele></trkpt><trkpt lat="-26.995862" lon="-48.635965"><ele>1.6</ele></trkpt><trkpt lat="-26.995862" lon="-48.63596"><ele>1.6</ele></trkpt><trkpt lat="-26.99586" lon="-48.635948"><ele>1.7</ele></trkpt><trkpt lat="-26.99586" lon="-48.635938"><ele>1.8</ele></trkpt><trkpt lat="-26.995865" lon="-48.635932"><ele>2</ele></trkpt><trkpt lat="-26.99587" lon="-48.635923"><ele>2</ele></trkpt><trkpt lat="-26.995877" lon="-48.635918"><ele>1.9</ele></trkpt><trkpt lat="-26.995878" lon="-48.63592"><ele>1.8</ele></trkpt><trkpt lat="-26.99588" lon="-48.635918"><ele>1.4</ele></trkpt><trkpt lat="-26.995878" lon="-48.635922"><ele>0.7</ele></trkpt><trkpt lat="-26.995878" lon="-48.635927"><ele>0.2</ele></trkpt><trkpt lat="-26.995878" lon="-48.635932"><ele>0.1</ele></trkpt><trkpt lat="-26.995877" lon="-48.635937"><ele>-0.3</ele></trkpt><trkpt lat="-26.995875" lon="-48.63594"><ele>-0.1</ele></trkpt><trkpt lat="-26.995868" lon="-48.635943"><ele>0.3</ele></trkpt><trkpt lat="-26.99586" lon="-48.63594"><ele>0.2</ele></trkpt><trkpt lat="-26.995853" lon="-48.635938"><ele>0.3</ele></trkpt><trkpt lat="-26.995853" lon="-48.635938"><ele>0.3</ele></trkpt><trkpt lat="-26.995853" lon="-48.635938"><ele>0.3</ele></trkpt><trkpt lat="-26.995853" lon="-48.635938"><ele>0.3</ele></trkpt><trkpt lat="-26.995853" lon="-48.635938"><ele>0.3</ele></trkpt><trkpt lat="-26.995853" lon="-48.635938"><ele>0.3</ele></trkpt><trkpt lat="-26.995853" lon="-48.635938"><ele>0.3</ele></trkpt><trkpt lat="-26.995853" lon="-48.635938"><ele>0.3</ele></trkpt><trkpt lat="-26.995853" lon="-48.635938"><ele>0.3</ele></trkpt><trkpt lat="-26.995853" lon="-48.635938"><ele>0.3</ele></trkpt><trkpt lat="-26.995853" lon="-48.635938"><ele>0.3</ele></trkpt><trkpt lat="-26.995818" lon="-48.635953"><ele>1.5</ele></trkpt><trkpt lat="-26.995822" lon="-48.635952"><ele>1.2</ele></trkpt><trkpt lat="-26.995828" lon="-48.635947"><ele>1.3</ele></trkpt><trkpt lat="-26.995837" lon="-48.635942"><ele>1.5</ele></trkpt><trkpt lat="-26.99584" lon="-48.635942"><ele>1.8</ele></trkpt><trkpt lat="-26.995842" lon="-48.635938"><ele>2</ele></trkpt><trkpt lat="-26.995843" lon="-48.635935"><ele>2.1</ele></trkpt><trkpt lat="-26.995842" lon="-48.635933"><ele>2.1</ele></trkpt><trkpt lat="-26.995838" lon="-48.635933"><ele>1.9</ele></trkpt><trkpt lat="-26.995837" lon="-48.635937"><ele>2</ele></trkpt><trkpt lat="-26.995835" lon="-48.635937"><ele>1.8</ele></trkpt><trkpt lat="-26.995835" lon="-48.63594"><ele>1.8</ele></trkpt><trkpt lat="-26.995835" lon="-48.63594"><ele>1.8</ele></trkpt><trkpt lat="-26.995835" lon="-48.63594"><ele>1.8</ele></trkpt><trkpt lat="-26.995835" lon="-48.63594"><ele>1.8</ele></trkpt><trkpt lat="-26.995835" lon="-48.63594"><ele>1.8</ele></trkpt><trkpt lat="-26.995835" lon="-48.63594"><ele>1.8</ele></trkpt><trkpt lat="-26.995835" lon="-48.63594"><ele>1.8</ele></trkpt><trkpt lat="-26.995835" lon="-48.63594"><ele>1.8</ele></trkpt><trkpt lat="-26.995835" lon="-48.63594"><ele>1.8</ele></trkpt><trkpt lat="-26.995835" lon="-48.63594"><ele>1.8</ele></trkpt><trkpt lat="-26.995835" lon="-48.63594"><ele>1.8</ele></trkpt><trkpt lat="-26.995835" lon="-48.63594"><ele>1.8</ele></trkpt><trkpt lat="-26.995835" lon="-48.63594"><ele>1.8</ele></trkpt><trkpt lat="-26.995835" lon="-48.63594"><ele>1.8</ele></trkpt><trkpt lat="-26.995835" lon="-48.63594"><ele>1.8</ele></trkpt><trkpt lat="-26.995835" lon="-48.63594"><ele>1.8</ele></trkpt><trkpt lat="-26.995835" lon="-48.63594"><ele>1.8</ele></trkpt><trkpt lat="-26.995835" lon="-48.63594"><ele>1.8</ele></trkpt><trkpt lat="-26.995835" lon="-48.63594"><ele>1.8</ele></trkpt><trkpt lat="-26.995835" lon="-48.63594"><ele>1.8</ele></trkpt><trkpt lat="-26.995835" lon="-48.63594"><ele>1.8</ele></trkpt><trkpt lat="-26.995835" lon="-48.63594"><ele>1.8</ele></trkpt><trkpt lat="-26.995835" lon="-48.63594"><ele>1.8</ele></trkpt><trkpt lat="-26.995798" lon="-48.635992"><ele>-0.2</ele></trkpt><trkpt lat="-26.995797" lon="-48.63599"><ele>-0.3</ele></trkpt><trkpt lat="-26.995797" lon="-48.635985"><ele>-0.5</ele></trkpt><trkpt lat="-26.995792" lon="-48.635983"><ele>-0.5</ele></trkpt><trkpt lat="-26.995792" lon="-48.635983"><ele>-0.5</ele></trkpt><trkpt lat="-26.995792" lon="-48.635983"><ele>-0.5</ele></trkpt><trkpt lat="-26.995792" lon="-48.635983"><ele>-0.5</ele></trkpt><trkpt lat="-26.995792" lon="-48.635983"><ele>-0.5</ele></trkpt><trkpt lat="-26.995792" lon="-48.635983"><ele>-0.5</ele></trkpt><trkpt lat="-26.995792" lon="-48.635983"><ele>-0.5</ele></trkpt><trkpt lat="-26.995763" lon="-48.635997"><ele>0</ele></trkpt><trkpt lat="-26.995765" lon="-48.635998"><ele>0.2</ele></trkpt><trkpt lat="-26.99577" lon="-48.636003"><ele>0.3</ele></trkpt><trkpt lat="-26.995773" lon="-48.636002"><ele>0.5</ele></trkpt><trkpt lat="-26.995775" lon="-48.636"><ele>0.7</ele></trkpt><trkpt lat="-26.995775" lon="-48.636"><ele>0.7</ele></trkpt><trkpt lat="-26.99577" lon="-48.636005"><ele>0.7</ele></trkpt><trkpt lat="-26.995765" lon="-48.636007"><ele>0.8</ele></trkpt><trkpt lat="-26.995767" lon="-48.636005"><ele>0.8</ele></trkpt><trkpt lat="-26.995767" lon="-48.636002"><ele>0.8</ele></trkpt><trkpt lat="-26.995763" lon="-48.636002"><ele>0.5</ele></trkpt><trkpt lat="-26.995763" lon="-48.636002"><ele>0.5</ele></trkpt><trkpt lat="-26.995765" lon="-48.636003"><ele>0.4</ele></trkpt><trkpt lat="-26.995765" lon="-48.636003"><ele>0.4</ele></trkpt><trkpt lat="-26.995767" lon="-48.636002"><ele>0.3</ele></trkpt><trkpt lat="-26.995767" lon="-48.636002"><ele>0.3</ele></trkpt><trkpt lat="-26.995767" lon="-48.636002"><ele>0.3</ele></trkpt><trkpt lat="-26.995767" lon="-48.636002"><ele>0.3</ele></trkpt><trkpt lat="-26.995767" lon="-48.636002"><ele>0.3</ele></trkpt><trkpt lat="-26.995767" lon="-48.636002"><ele>0.3</ele></trkpt><trkpt lat="-26.995767" lon="-48.636002"><ele>0.3</ele></trkpt><trkpt lat="-26.995767" lon="-48.636002"><ele>0.3</ele></trkpt><trkpt lat="-26.995767" lon="-48.636002"><ele>0.3</ele></trkpt><trkpt lat="-26.995767" lon="-48.636002"><ele>0.3</ele></trkpt><trkpt lat="-26.995767" lon="-48.636002"><ele>0.3</ele></trkpt><trkpt lat="-26.995767" lon="-48.636002"><ele>0.3</ele></trkpt><trkpt lat="-26.995767" lon="-48.636002"><ele>0.3</ele></trkpt><trkpt lat="-26.995767" lon="-48.636002"><ele>0.3</ele></trkpt><trkpt lat="-26.995767" lon="-48.636002"><ele>0.3</ele></trkpt><trkpt lat="-26.995767" lon="-48.636002"><ele>0.3</ele></trkpt><trkpt lat="-26.995767" lon="-48.636002"><ele>0.3</ele></trkpt><trkpt lat="-26.995767" lon="-48.636002"><ele>0.3</ele></trkpt><trkpt lat="-26.995767" lon="-48.636002"><ele>0.3</ele></trkpt><trkpt lat="-26.995767" lon="-48.636002"><ele>0.3</ele></trkpt><trkpt lat="-26.995767" lon="-48.636002"><ele>0.3</ele></trkpt><trkpt lat="-26.995767" lon="-48.636002"><ele>0.3</ele></trkpt><trkpt lat="-26.995767" lon="-48.636002"><ele>0.3</ele></trkpt><trkpt lat="-26.995767" lon="-48.636002"><ele>0.3</ele></trkpt><trkpt lat="-26.995767" lon="-48.636002"><ele>0.3</ele></trkpt><trkpt lat="-26.995767" lon="-48.636002"><ele>0.3</ele></trkpt><trkpt lat="-26.995767" lon="-48.636002"><ele>0.3</ele></trkpt><trkpt lat="-26.995767" lon="-48.636002"><ele>0.3</ele></trkpt><trkpt lat="-26.995767" lon="-48.636002"><ele>0.3</ele></trkpt><trkpt lat="-26.995767" lon="-48.636002"><ele>0.3</ele></trkpt><trkpt lat="-26.995767" lon="-48.636002"><ele>0.3</ele></trkpt><trkpt lat="-26.995812" lon="-48.635978"><ele>1.4</ele></trkpt><trkpt lat="-26.995813" lon="-48.635985"><ele>1</ele></trkpt><trkpt lat="-26.995817" lon="-48.63599"><ele>0.7</ele></trkpt><trkpt lat="-26.995818" lon="-48.635997"><ele>0.6</ele></trkpt><trkpt lat="-26.995822" lon="-48.636002"><ele>0.6</ele></trkpt><trkpt lat="-26.995828" lon="-48.636003"><ele>0.7</ele></trkpt><trkpt lat="-26.995828" lon="-48.636003"><ele>0.7</ele></trkpt><trkpt lat="-26.995838" lon="-48.636003"><ele>0.9</ele></trkpt><trkpt lat="-26.99584" lon="-48.636005"><ele>0.8</ele></trkpt><trkpt lat="-26.995838" lon="-48.636008"><ele>0.8</ele></trkpt><trkpt lat="-26.995835" lon="-48.636012"><ele>0.7</ele></trkpt><trkpt lat="-26.995833" lon="-48.636015"><ele>0.5</ele></trkpt><trkpt lat="-26.995833" lon="-48.636015"><ele>0.5</ele></trkpt><trkpt lat="-26.995837" lon="-48.636017"><ele>0.3</ele></trkpt><trkpt lat="-26.995847" lon="-48.63601"><ele>0.3</ele></trkpt><trkpt lat="-26.995852" lon="-48.636005"><ele>0.4</ele></trkpt><trkpt lat="-26.995857" lon="-48.636003"><ele>0.2</ele></trkpt><trkpt lat="-26.995855" lon="-48.636003"><ele>-0.1</ele></trkpt><trkpt lat="-26.995857" lon="-48.636002"><ele>-0.2</ele></trkpt><trkpt lat="-26.995855" lon="-48.636"><ele>-0.3</ele></trkpt><trkpt lat="-26.995855" lon="-48.636"><ele>-0.3</ele></trkpt><trkpt lat="-26.995855" lon="-48.636"><ele>-0.3</ele></trkpt><trkpt lat="-26.995855" lon="-48.636"><ele>-0.3</ele></trkpt><trkpt lat="-26.995855" lon="-48.636"><ele>-0.3</ele></trkpt><trkpt lat="-26.995855" lon="-48.636"><ele>-0.3</ele></trkpt><trkpt lat="-26.995855" lon="-48.636"><ele>-0.3</ele></trkpt><trkpt lat="-26.995855" lon="-48.636"><ele>-0.3</ele></trkpt><trkpt lat="-26.995832" lon="-48.635998"><ele>-0.9</ele></trkpt><trkpt lat="-26.995833" lon="-48.636003"><ele>-1.3</ele></trkpt><trkpt lat="-26.995832" lon="-48.636007"><ele>-1.7</ele></trkpt><trkpt lat="-26.995835" lon="-48.636007"><ele>-2</ele></trkpt><trkpt lat="-26.995837" lon="-48.636005"><ele>-2.3</ele></trkpt><trkpt lat="-26.995837" lon="-48.636005"><ele>-2.3</ele></trkpt><trkpt lat="-26.995837" lon="-48.636005"><ele>-2.3</ele></trkpt><trkpt lat="-26.995837" lon="-48.636005"><ele>-2.3</ele></trkpt><trkpt lat="-26.995837" lon="-48.636005"><ele>-2.3</ele></trkpt><trkpt lat="-26.995837" lon="-48.636005"><ele>-2.3</ele></trkpt><trkpt lat="-26.995837" lon="-48.636005"><ele>-2.3</ele></trkpt><trkpt lat="-26.995837" lon="-48.636005"><ele>-2.3</ele></trkpt><trkpt lat="-26.995837" lon="-48.636005"><ele>-2.3</ele></trkpt><trkpt lat="-26.995837" lon="-48.636005"><ele>-2.3</ele></trkpt><trkpt lat="-26.995837" lon="-48.636005"><ele>-2.3</ele></trkpt><trkpt lat="-26.995837" lon="-48.636005"><ele>-2.3</ele></trkpt><trkpt lat="-26.995837" lon="-48.636005"><ele>-2.3</ele></trkpt><trkpt lat="-26.995837" lon="-48.636005"><ele>-2.3</ele></trkpt><trkpt lat="-26.995782" lon="-48.636015"><ele>-2.3</ele></trkpt><trkpt lat="-26.995777" lon="-48.636015"><ele>-2.3</ele></trkpt><trkpt lat="-26.995773" lon="-48.636018"><ele>-2.4</ele></trkpt><trkpt lat="-26.99577" lon="-48.636022"><ele>-2.7</ele></trkpt><trkpt lat="-26.995767" lon="-48.636022"><ele>-2.8</ele></trkpt><trkpt lat="-26.995765" lon="-48.636025"><ele>-2.6</ele></trkpt><trkpt lat="-26.995763" lon="-48.636027"><ele>-2.6</ele></trkpt><trkpt lat="-26.995762" lon="-48.636028"><ele>-2.6</ele></trkpt><trkpt lat="-26.995757" lon="-48.636032"><ele>-2.7</ele></trkpt><trkpt lat="-26.995757" lon="-48.636033"><ele>-2.6</ele></trkpt><trkpt lat="-26.99576" lon="-48.636032"><ele>-2.2</ele></trkpt><trkpt lat="-26.995765" lon="-48.63603"><ele>-1.8</ele></trkpt><trkpt lat="-26.995767" lon="-48.636032"><ele>-1.6</ele></trkpt><trkpt lat="-26.995767" lon="-48.636032"><ele>-1.6</ele></trkpt><trkpt lat="-26.995767" lon="-48.636032"><ele>-1.6</ele></trkpt><trkpt lat="-26.995767" lon="-48.636032"><ele>-1.6</ele></trkpt><trkpt lat="-26.995767" lon="-48.636032"><ele>-1.6</ele></trkpt><trkpt lat="-26.995767" lon="-48.636032"><ele>-1.6</ele></trkpt><trkpt lat="-26.995767" lon="-48.636032"><ele>-1.6</ele></trkpt><trkpt lat="-26.995767" lon="-48.636032"><ele>-1.6</ele></trkpt><trkpt lat="-26.995767" lon="-48.636032"><ele>-1.6</ele></trkpt><trkpt lat="-26.995767" lon="-48.636032"><ele>-1.6</ele></trkpt><trkpt lat="-26.995775" lon="-48.636013"><ele>0.3</ele></trkpt><trkpt lat="-26.995773" lon="-48.63601"><ele>0.5</ele></trkpt><trkpt lat="-26.995773" lon="-48.636008"><ele>0.9</ele></trkpt><trkpt lat="-26.995777" lon="-48.636005"><ele>1.4</ele></trkpt><trkpt lat="-26.995777" lon="-48.636005"><ele>1.4</ele></trkpt><trkpt lat="-26.995777" lon="-48.636005"><ele>1.4</ele></trkpt><trkpt lat="-26.995777" lon="-48.636005"><ele>1.4</ele></trkpt><trkpt lat="-26.995777" lon="-48.636005"><ele>1.4</ele></trkpt><trkpt lat="-26.995777" lon="-48.636005"><ele>1.4</ele></trkpt><trkpt lat="-26.9958" lon="-48.636008"><ele>3.6</ele></trkpt><trkpt lat="-26.99581" lon="-48.636022"><ele>4.1</ele></trkpt><trkpt lat="-26.995818" lon="-48.636035"><ele>4.5</ele></trkpt><trkpt lat="-26.995825" lon="-48.636043"><ele>4.5</ele></trkpt><trkpt lat="-26.995837" lon="-48.636048"><ele>4.6</ele></trkpt><trkpt lat="-26.995845" lon="-48.636055"><ele>4.3</ele></trkpt><trkpt lat="-26.995853" lon="-48.636063"><ele>4.1</ele></trkpt><trkpt lat="-26.99586" lon="-48.63607"><ele>3.9</ele></trkpt><trkpt lat="-26.995868" lon="-48.636075"><ele>3.6</ele></trkpt><trkpt lat="-26.995873" lon="-48.636073"><ele>2.8</ele></trkpt><trkpt lat="-26.995877" lon="-48.63607"><ele>2.6</ele></trkpt><trkpt lat="-26.99588" lon="-48.63607"><ele>2.4</ele></trkpt><trkpt lat="-26.995883" lon="-48.636067"><ele>2</ele></trkpt><trkpt lat="-26.995883" lon="-48.636067"><ele>2</ele></trkpt><trkpt lat="-26.995887" lon="-48.636067"><ele>1.5</ele></trkpt><trkpt lat="-26.995888" lon="-48.636068"><ele>1</ele></trkpt><trkpt lat="-26.995888" lon="-48.63607"><ele>0.7</ele></trkpt><trkpt lat="-26.99589" lon="-48.636072"><ele>0.5</ele></trkpt><trkpt lat="-26.995892" lon="-48.636072"><ele>0.3</ele></trkpt><trkpt lat="-26.995892" lon="-48.636072"><ele>0.3</ele></trkpt><trkpt lat="-26.995892" lon="-48.636072"><ele>0.3</ele></trkpt><trkpt lat="-26.995892" lon="-48.636072"><ele>0.3</ele></trkpt><trkpt lat="-26.995892" lon="-48.636072"><ele>0.3</ele></trkpt><trkpt lat="-26.995892" lon="-48.636065"><ele>-0.4</ele></trkpt><trkpt lat="-26.995887" lon="-48.636055"><ele>-0.5</ele></trkpt><trkpt lat="-26.995887" lon="-48.636055"><ele>-0.5</ele></trkpt><trkpt lat="-26.995877" lon="-48.636047"><ele>-0.7</ele></trkpt><trkpt lat="-26.995863" lon="-48.636038"><ele>-0.8</ele></trkpt><trkpt lat="-26.995857" lon="-48.636033"><ele>-1</ele></trkpt><trkpt lat="-26.99585" lon="-48.636027"><ele>-0.8</ele></trkpt><trkpt lat="-26.995845" lon="-48.636022"><ele>-1.3</ele></trkpt><trkpt lat="-26.995837" lon="-48.636012"><ele>-1.1</ele></trkpt><trkpt lat="-26.995827" lon="-48.636003"><ele>-0.9</ele></trkpt><trkpt lat="-26.99582" lon="-48.636"><ele>-1</ele></trkpt><trkpt lat="-26.995817" lon="-48.635995"><ele>-1.1</ele></trkpt><trkpt lat="-26.995812" lon="-48.635992"><ele>-0.9</ele></trkpt><trkpt lat="-26.995808" lon="-48.635992"><ele>-0.9</ele></trkpt><trkpt lat="-26.995807" lon="-48.635997"><ele>-0.8</ele></trkpt><trkpt lat="-26.995807" lon="-48.636002"><ele>-0.7</ele></trkpt><trkpt lat="-26.99581" lon="-48.636008"><ele>-0.6</ele></trkpt><trkpt lat="-26.99581" lon="-48.636018"><ele>-0.4</ele></trkpt><trkpt lat="-26.99581" lon="-48.636032"><ele>0</ele></trkpt><trkpt lat="-26.99581" lon="-48.63605"><ele>0.3</ele></trkpt><trkpt lat="-26.995818" lon="-48.636068"><ele>1.8</ele></trkpt><trkpt lat="-26.995827" lon="-48.636087"><ele>2.6</ele></trkpt><trkpt lat="-26.995838" lon="-48.636105"><ele>3.4</ele></trkpt><trkpt lat="-26.995852" lon="-48.636118"><ele>4.3</ele></trkpt><trkpt lat="-26.995865" lon="-48.636133"><ele>5.5</ele></trkpt><trkpt lat="-26.995885" lon="-48.636142"><ele>6.7</ele></trkpt><trkpt lat="-26.995902" lon="-48.636157"><ele>7.6</ele></trkpt><trkpt lat="-26.99592" lon="-48.636172"><ele>8.4</ele></trkpt><trkpt lat="-26.995938" lon="-48.636192"><ele>8.9</ele></trkpt><trkpt lat="-26.99595" lon="-48.636205"><ele>10.1</ele></trkpt><trkpt lat="-26.995955" lon="-48.636237"><ele>11.2</ele></trkpt><trkpt lat="-26.995963" lon="-48.636262"><ele>12.6</ele></trkpt><trkpt lat="-26.995978" lon="-48.636287"><ele>13.8</ele></trkpt><trkpt lat="-26.995987" lon="-48.636318"><ele>15</ele></trkpt><trkpt lat="-26.996002" lon="-48.636338"><ele>16.3</ele></trkpt><trkpt lat="-26.996017" lon="-48.63636"><ele>17.7</ele></trkpt><trkpt lat="-26.996032" lon="-48.636387"><ele>19.1</ele></trkpt><trkpt lat="-26.996045" lon="-48.636417"><ele>20.5</ele></trkpt><trkpt lat="-26.996067" lon="-48.636448"><ele>21.6</ele></trkpt><trkpt lat="-26.996085" lon="-48.636472"><ele>22.7</ele></trkpt><trkpt lat="-26.9961" lon="-48.636493"><ele>23.5</ele></trkpt><trkpt lat="-26.996112" lon="-48.636523"><ele>24.4</ele></trkpt><trkpt lat="-26.996125" lon="-48.636553"><ele>25.1</ele></trkpt><trkpt lat="-26.996135" lon="-48.636583"><ele>23.9</ele></trkpt><trkpt lat="-26.996145" lon="-48.636602"><ele>24.9</ele></trkpt><trkpt lat="-26.996155" lon="-48.636627"><ele>25.8</ele></trkpt><trkpt lat="-26.996168" lon="-48.636652"><ele>26.9</ele></trkpt><trkpt lat="-26.996183" lon="-48.636677"><ele>27.8</ele></trkpt><trkpt lat="-26.9962" lon="-48.636702"><ele>28.4</ele></trkpt><trkpt lat="-26.996223" lon="-48.636742"><ele>25.1</ele></trkpt><trkpt lat="-26.996248" lon="-48.636775"><ele>22.9</ele></trkpt><trkpt lat="-26.996272" lon="-48.636807"><ele>21.5</ele></trkpt><trkpt lat="-26.996297" lon="-48.636837"><ele>21.7</ele></trkpt><trkpt lat="-26.996318" lon="-48.636867"><ele>22</ele></trkpt><trkpt lat="-26.99634" lon="-48.636895"><ele>22</ele></trkpt><trkpt lat="-26.996358" lon="-48.63692"><ele>22.1</ele></trkpt><trkpt lat="-26.996382" lon="-48.63695"><ele>22.1</ele></trkpt><trkpt lat="-26.9964" lon="-48.636975"><ele>22.2</ele></trkpt><trkpt lat="-26.996418" lon="-48.636993"><ele>22.3</ele></trkpt><trkpt lat="-26.996433" lon="-48.637015"><ele>22.2</ele></trkpt><trkpt lat="-26.996452" lon="-48.637033"><ele>22.6</ele></trkpt><trkpt lat="-26.996467" lon="-48.637055"><ele>22.5</ele></trkpt><trkpt lat="-26.99648" lon="-48.63707"><ele>22.9</ele></trkpt><trkpt lat="-26.996495" lon="-48.63708"><ele>23.1</ele></trkpt><trkpt lat="-26.99651" lon="-48.6371"><ele>23.4</ele></trkpt><trkpt lat="-26.996528" lon="-48.637122"><ele>23.8</ele></trkpt><trkpt lat="-26.996542" lon="-48.637125"><ele>23.9</ele></trkpt><trkpt lat="-26.99655" lon="-48.637125"><ele>23.7</ele></trkpt><trkpt lat="-26.996557" lon="-48.637125"><ele>22.6</ele></trkpt><trkpt lat="-26.996567" lon="-48.637135"><ele>22.3</ele></trkpt><trkpt lat="-26.99657" lon="-48.637132"><ele>22.1</ele></trkpt><trkpt lat="-26.996582" lon="-48.63713"><ele>21.1</ele></trkpt><trkpt lat="-26.996593" lon="-48.63714"><ele>19.7</ele></trkpt><trkpt lat="-26.996618" lon="-48.637138"><ele>16.7</ele></trkpt><trkpt lat="-26.996622" lon="-48.637143"><ele>16.6</ele></trkpt><trkpt lat="-26.996625" lon="-48.637142"><ele>16.8</ele></trkpt><trkpt lat="-26.996625" lon="-48.637143"><ele>16.6</ele></trkpt><trkpt lat="-26.996625" lon="-48.637147"><ele>16.5</ele></trkpt><trkpt lat="-26.996627" lon="-48.637158"><ele>16.2</ele></trkpt><trkpt lat="-26.996625" lon="-48.637163"><ele>15.9</ele></trkpt><trkpt lat="-26.996625" lon="-48.637163"><ele>15.9</ele></trkpt><trkpt lat="-26.996625" lon="-48.637163"><ele>15.9</ele></trkpt><trkpt lat="-26.996625" lon="-48.637163"><ele>15.9</ele></trkpt><trkpt lat="-26.996625" lon="-48.637163"><ele>15.9</ele></trkpt><trkpt lat="-26.996625" lon="-48.637163"><ele>15.9</ele></trkpt><trkpt lat="-26.996625" lon="-48.637163"><ele>15.9</ele></trkpt><trkpt lat="-26.996625" lon="-48.637163"><ele>15.9</ele></trkpt><trkpt lat="-26.996625" lon="-48.637163"><ele>15.9</ele></trkpt><trkpt lat="-26.996625" lon="-48.637163"><ele>15.9</ele></trkpt><trkpt lat="-26.996625" lon="-48.637163"><ele>15.9</ele></trkpt><trkpt lat="-26.996625" lon="-48.637163"><ele>15.9</ele></trkpt><trkpt lat="-26.996625" lon="-48.637163"><ele>15.9</ele></trkpt><trkpt lat="-26.996625" lon="-48.637163"><ele>15.9</ele></trkpt><trkpt lat="-26.996625" lon="-48.637163"><ele>15.9</ele></trkpt><trkpt lat="-26.996625" lon="-48.637163"><ele>15.9</ele></trkpt><trkpt lat="-26.996632" lon="-48.637275"><ele>7.7</ele></trkpt><trkpt lat="-26.99664" lon="-48.63729"><ele>7.8</ele></trkpt><trkpt lat="-26.99665" lon="-48.637303"><ele>7.7</ele></trkpt><trkpt lat="-26.996662" lon="-48.637318"><ele>7.7</ele></trkpt><trkpt lat="-26.996668" lon="-48.637342"><ele>7.5</ele></trkpt><trkpt lat="-26.99668" lon="-48.637365"><ele>7.6</ele></trkpt><trkpt lat="-26.996698" lon="-48.63739"><ele>7.5</ele></trkpt><trkpt lat="-26.99672" lon="-48.63742"><ele>7.4</ele></trkpt><trkpt lat="-26.996743" lon="-48.63745"><ele>7.1</ele></trkpt><trkpt lat="-26.996762" lon="-48.63748"><ele>7</ele></trkpt><trkpt lat="-26.996783" lon="-48.637507"><ele>6.3</ele></trkpt><trkpt lat="-26.996797" lon="-48.637535"><ele>5.9</ele></trkpt><trkpt lat="-26.996812" lon="-48.63756"><ele>5.2</ele></trkpt><trkpt lat="-26.996832" lon="-48.637585"><ele>5.8</ele></trkpt><trkpt lat="-26.996847" lon="-48.637605"><ele>5.5</ele></trkpt><trkpt lat="-26.996863" lon="-48.637618"><ele>5</ele></trkpt><trkpt lat="-26.996877" lon="-48.637635"><ele>3.9</ele></trkpt><trkpt lat="-26.996893" lon="-48.63765"><ele>3.7</ele></trkpt><trkpt lat="-26.996903" lon="-48.637668"><ele>4.5</ele></trkpt><trkpt lat="-26.99692" lon="-48.63769"><ele>5.7</ele></trkpt><trkpt lat="-26.996937" lon="-48.637707"><ele>6.8</ele></trkpt><trkpt lat="-26.996943" lon="-48.63772"><ele>8.4</ele></trkpt><trkpt lat="-26.996957" lon="-48.63773"><ele>10.6</ele></trkpt><trkpt lat="-26.996975" lon="-48.637737"><ele>12.6</ele></trkpt><trkpt lat="-26.997013" lon="-48.637753"><ele>14.4</ele></trkpt><trkpt lat="-26.997033" lon="-48.637762"><ele>14.7</ele></trkpt><trkpt lat="-26.997052" lon="-48.637777"><ele>14.8</ele></trkpt><trkpt lat="-26.99708" lon="-48.637842"><ele>13.1</ele></trkpt><trkpt lat="-26.997113" lon="-48.63791"><ele>11.3</ele></trkpt><trkpt lat="-26.997138" lon="-48.637968"><ele>10.5</ele></trkpt><trkpt lat="-26.997157" lon="-48.63801"><ele>10.4</ele></trkpt><trkpt lat="-26.997177" lon="-48.638048"><ele>10.6</ele></trkpt><trkpt lat="-26.997195" lon="-48.638083"><ele>9.9</ele></trkpt><trkpt lat="-26.997215" lon="-48.63812"><ele>9.5</ele></trkpt><trkpt lat="-26.997215" lon="-48.63812"><ele>9.5</ele></trkpt><trkpt lat="-26.997237" lon="-48.638153"><ele>9</ele></trkpt><trkpt lat="-26.997267" lon="-48.638193"><ele>7.6</ele></trkpt><trkpt lat="-26.997293" lon="-48.63823"><ele>6.9</ele></trkpt><trkpt lat="-26.997318" lon="-48.638262"><ele>6.2</ele></trkpt><trkpt lat="-26.997333" lon="-48.63829"><ele>6.8</ele></trkpt><trkpt lat="-26.997352" lon="-48.638317"><ele>6.5</ele></trkpt><trkpt lat="-26.99737" lon="-48.638343"><ele>6.2</ele></trkpt><trkpt lat="-26.997385" lon="-48.638367"><ele>5.7</ele></trkpt><trkpt lat="-26.997398" lon="-48.638397"><ele>5</ele></trkpt><trkpt lat="-26.997413" lon="-48.638425"><ele>4.7</ele></trkpt><trkpt lat="-26.997428" lon="-48.638452"><ele>4.4</ele></trkpt><trkpt lat="-26.99744" lon="-48.638477"><ele>4.2</ele></trkpt><trkpt lat="-26.997455" lon="-48.6385"><ele>3.9</ele></trkpt><trkpt lat="-26.997468" lon="-48.63852"><ele>3.7</ele></trkpt><trkpt lat="-26.997478" lon="-48.638538"><ele>3</ele></trkpt><trkpt lat="-26.997482" lon="-48.638547"><ele>2.4</ele></trkpt><trkpt lat="-26.997482" lon="-48.638547"><ele>2</ele></trkpt><trkpt lat="-26.997483" lon="-48.63855"><ele>1.5</ele></trkpt><trkpt lat="-26.997488" lon="-48.638553"><ele>1</ele></trkpt><trkpt lat="-26.99749" lon="-48.638555"><ele>0.9</ele></trkpt><trkpt lat="-26.997497" lon="-48.638555"><ele>0.4</ele></trkpt><trkpt lat="-26.997503" lon="-48.638553"><ele>0.8</ele></trkpt><trkpt lat="-26.997505" lon="-48.638548"><ele>1.1</ele></trkpt><trkpt lat="-26.997507" lon="-48.638545"><ele>0.7</ele></trkpt><trkpt lat="-26.99751" lon="-48.63854"><ele>0.3</ele></trkpt><trkpt lat="-26.997512" lon="-48.638537"><ele>0.2</ele></trkpt><trkpt lat="-26.997512" lon="-48.638537"><ele>0.2</ele></trkpt><trkpt lat="-26.997512" lon="-48.638537"><ele>0.2</ele></trkpt><trkpt lat="-26.997512" lon="-48.638537"><ele>0.2</ele></trkpt><trkpt lat="-26.997512" lon="-48.638537"><ele>0.2</ele></trkpt><trkpt lat="-26.997512" lon="-48.638537"><ele>0.2</ele></trkpt><trkpt lat="-26.997512" lon="-48.638537"><ele>0.2</ele></trkpt><trkpt lat="-26.997527" lon="-48.638527"><ele>-0.7</ele></trkpt><trkpt lat="-26.997528" lon="-48.638523"><ele>-0.7</ele></trkpt><trkpt lat="-26.997528" lon="-48.63852"><ele>-0.6</ele></trkpt><trkpt lat="-26.997528" lon="-48.63852"><ele>-0.8</ele></trkpt><trkpt lat="-26.997528" lon="-48.63852"><ele>-0.8</ele></trkpt><trkpt lat="-26.997528" lon="-48.63852"><ele>-0.8</ele></trkpt><trkpt lat="-26.997528" lon="-48.63852"><ele>-0.8</ele></trkpt><trkpt lat="-26.997528" lon="-48.63852"><ele>-0.8</ele></trkpt><trkpt lat="-26.997528" lon="-48.63852"><ele>-0.8</ele></trkpt><trkpt lat="-26.997528" lon="-48.63852"><ele>-0.8</ele></trkpt><trkpt lat="-26.997528" lon="-48.63852"><ele>-0.8</ele></trkpt><trkpt lat="-26.997528" lon="-48.63852"><ele>-0.8</ele></trkpt><trkpt lat="-26.997528" lon="-48.63852"><ele>-0.8</ele></trkpt><trkpt lat="-26.997528" lon="-48.63852"><ele>-0.8</ele></trkpt><trkpt lat="-26.99754" lon="-48.638522"><ele>-1.8</ele></trkpt><trkpt lat="-26.99755" lon="-48.63853"><ele>-2.3</ele></trkpt><trkpt lat="-26.99756" lon="-48.638532"><ele>-2.6</ele></trkpt><trkpt lat="-26.997568" lon="-48.63853"><ele>-2.9</ele></trkpt><trkpt lat="-26.997575" lon="-48.63853"><ele>-3.2</ele></trkpt><trkpt lat="-26.997578" lon="-48.638533"><ele>-3.5</ele></trkpt><trkpt lat="-26.997585" lon="-48.638537"><ele>-3.9</ele></trkpt><trkpt lat="-26.997593" lon="-48.638543"><ele>-4.2</ele></trkpt><trkpt lat="-26.997598" lon="-48.638552"><ele>-4.5</ele></trkpt><trkpt lat="-26.997603" lon="-48.63856"><ele>-4.5</ele></trkpt><trkpt lat="-26.997605" lon="-48.638565"><ele>-4.2</ele></trkpt><trkpt lat="-26.997607" lon="-48.638578"><ele>-4.1</ele></trkpt><trkpt lat="-26.9976" lon="-48.638597"><ele>-3.8</ele></trkpt><trkpt lat="-26.997595" lon="-48.638613"><ele>-3.5</ele></trkpt><trkpt lat="-26.99759" lon="-48.63862"><ele>-3.6</ele></trkpt><trkpt lat="-26.997588" lon="-48.638625"><ele>-3.2</ele></trkpt><trkpt lat="-26.997583" lon="-48.638627"><ele>-3.2</ele></trkpt><trkpt lat="-26.997577" lon="-48.63863"><ele>-3</ele></trkpt><trkpt lat="-26.997577" lon="-48.638637"><ele>-2.6</ele></trkpt><trkpt lat="-26.997577" lon="-48.638643"><ele>-1.9</ele></trkpt><trkpt lat="-26.997577" lon="-48.638653"><ele>-1.1</ele></trkpt><trkpt lat="-26.997578" lon="-48.638655"><ele>-1</ele></trkpt><trkpt lat="-26.997575" lon="-48.638658"><ele>-0.8</ele></trkpt><trkpt lat="-26.997575" lon="-48.638658"><ele>-0.8</ele></trkpt><trkpt lat="-26.997575" lon="-48.638658"><ele>-0.8</ele></trkpt><trkpt lat="-26.997575" lon="-48.638658"><ele>-0.8</ele></trkpt><trkpt lat="-26.997575" lon="-48.638658"><ele>-0.8</ele></trkpt><trkpt lat="-26.997575" lon="-48.638658"><ele>-0.8</ele></trkpt><trkpt lat="-26.997575" lon="-48.638658"><ele>-0.8</ele></trkpt><trkpt lat="-26.997575" lon="-48.638658"><ele>-0.8</ele></trkpt><trkpt lat="-26.997575" lon="-48.638658"><ele>-0.8</ele></trkpt><trkpt lat="-26.997575" lon="-48.638658"><ele>-0.8</ele></trkpt><trkpt lat="-26.997575" lon="-48.638658"><ele>-0.8</ele></trkpt><trkpt lat="-26.997575" lon="-48.638658"><ele>-0.8</ele></trkpt><trkpt lat="-26.997575" lon="-48.638658"><ele>-0.8</ele></trkpt><trkpt lat="-26.997575" lon="-48.638658"><ele>-0.8</ele></trkpt><trkpt lat="-26.997575" lon="-48.638658"><ele>-0.8</ele></trkpt><trkpt lat="-26.997575" lon="-48.638658"><ele>-0.8</ele></trkpt><trkpt lat="-26.997575" lon="-48.638658"><ele>-0.8</ele></trkpt><trkpt lat="-26.997575" lon="-48.638658"><ele>-0.8</ele></trkpt><trkpt lat="-26.997575" lon="-48.638658"><ele>-0.8</ele></trkpt><trkpt lat="-26.997543" lon="-48.638665"><ele>1.3</ele></trkpt><trkpt lat="-26.997542" lon="-48.63866"><ele>1.2</ele></trkpt><trkpt lat="-26.99754" lon="-48.638655"><ele>1.1</ele></trkpt><trkpt lat="-26.997538" lon="-48.638652"><ele>0.9</ele></trkpt><trkpt lat="-26.997537" lon="-48.638652"><ele>0.9</ele></trkpt><trkpt lat="-26.997535" lon="-48.638652"><ele>0.9</ele></trkpt><trkpt lat="-26.997533" lon="-48.638652"><ele>0.9</ele></trkpt><trkpt lat="-26.997532" lon="-48.638653"><ele>0.9</ele></trkpt><trkpt lat="-26.997532" lon="-48.638653"><ele>0.9</ele></trkpt><trkpt lat="-26.997532" lon="-48.638653"><ele>0.9</ele></trkpt><trkpt lat="-26.997532" lon="-48.638653"><ele>0.9</ele></trkpt><trkpt lat="-26.997532" lon="-48.638653"><ele>0.9</ele></trkpt><trkpt lat="-26.997533" lon="-48.638662"><ele>0.5</ele></trkpt><trkpt lat="-26.997533" lon="-48.63866"><ele>0.4</ele></trkpt><trkpt lat="-26.997532" lon="-48.638655"><ele>0.2</ele></trkpt><trkpt lat="-26.997533" lon="-48.638653"><ele>0.1</ele></trkpt><trkpt lat="-26.997535" lon="-48.638653"><ele>0.1</ele></trkpt><trkpt lat="-26.997535" lon="-48.638653"><ele>0.1</ele></trkpt><trkpt lat="-26.997535" lon="-48.638653"><ele>0.1</ele></trkpt><trkpt lat="-26.997535" lon="-48.638653"><ele>0.1</ele></trkpt><trkpt lat="-26.997535" lon="-48.638653"><ele>0.1</ele></trkpt><trkpt lat="-26.997535" lon="-48.638653"><ele>0.1</ele></trkpt><trkpt lat="-26.997535" lon="-48.638653"><ele>0.1</ele></trkpt><trkpt lat="-26.997535" lon="-48.638653"><ele>0.1</ele></trkpt><trkpt lat="-26.997535" lon="-48.638653"><ele>0.1</ele></trkpt><trkpt lat="-26.997535" lon="-48.638653"><ele>0.1</ele></trkpt><trkpt lat="-26.997535" lon="-48.638653"><ele>0.1</ele></trkpt><trkpt lat="-26.997535" lon="-48.638653"><ele>0.1</ele></trkpt><trkpt lat="-26.997535" lon="-48.638653"><ele>0.1</ele></trkpt><trkpt lat="-26.997535" lon="-48.638653"><ele>0.1</ele></trkpt><trkpt lat="-26.997535" lon="-48.638653"><ele>0.1</ele></trkpt><trkpt lat="-26.997535" lon="-48.638653"><ele>0.1</ele></trkpt><trkpt lat="-26.997535" lon="-48.638653"><ele>0.1</ele></trkpt><trkpt lat="-26.997535" lon="-48.638653"><ele>0.1</ele></trkpt><trkpt lat="-26.997535" lon="-48.638653"><ele>0.1</ele></trkpt><trkpt lat="-26.997535" lon="-48.638653"><ele>0.1</ele></trkpt><trkpt lat="-26.997535" lon="-48.638653"><ele>0.1</ele></trkpt><trkpt lat="-26.997535" lon="-48.638653"><ele>0.1</ele></trkpt><trkpt lat="-26.997535" lon="-48.638653"><ele>0.1</ele></trkpt><trkpt lat="-26.997535" lon="-48.638653"><ele>0.1</ele></trkpt><trkpt lat="-26.997535" lon="-48.638653"><ele>0.1</ele></trkpt><trkpt lat="-26.997535" lon="-48.638653"><ele>0.1</ele></trkpt><trkpt lat="-26.997535" lon="-48.638653"><ele>0.1</ele></trkpt><trkpt lat="-26.997535" lon="-48.638653"><ele>0.1</ele></trkpt><trkpt lat="-26.997535" lon="-48.638653"><ele>0.1</ele></trkpt><trkpt lat="-26.997535" lon="-48.638653"><ele>0.1</ele></trkpt><trkpt lat="-26.997535" lon="-48.638653"><ele>0.1</ele></trkpt><trkpt lat="-26.997535" lon="-48.638653"><ele>0.1</ele></trkpt><trkpt lat="-26.997535" lon="-48.638653"><ele>0.1</ele></trkpt><trkpt lat="-26.997535" lon="-48.638653"><ele>0.1</ele></trkpt><trkpt lat="-26.997535" lon="-48.638653"><ele>0.1</ele></trkpt><trkpt lat="-26.997535" lon="-48.638653"><ele>0.1</ele></trkpt><trkpt lat="-26.997535" lon="-48.638653"><ele>0.1</ele></trkpt><trkpt lat="-26.997535" lon="-48.638653"><ele>0.1</ele></trkpt><trkpt lat="-26.997535" lon="-48.638653"><ele>0.1</ele></trkpt><trkpt lat="-26.997535" lon="-48.638653"><ele>0.1</ele></trkpt><trkpt lat="-26.997535" lon="-48.638653"><ele>0.1</ele></trkpt><trkpt lat="-26.997535" lon="-48.638653"><ele>0.1</ele></trkpt><trkpt lat="-26.997535" lon="-48.638653"><ele>0.1</ele></trkpt><trkpt lat="-26.997535" lon="-48.638653"><ele>0.1</ele></trkpt><trkpt lat="-26.997535" lon="-48.638653"><ele>0.1</ele></trkpt><trkpt lat="-26.997535" lon="-48.638653"><ele>0.1</ele></trkpt><trkpt lat="-26.997535" lon="-48.638653"><ele>0.1</ele></trkpt><trkpt lat="-26.997535" lon="-48.638653"><ele>0.1</ele></trkpt><trkpt lat="-26.997613" lon="-48.638595"><ele>-2</ele></trkpt><trkpt lat="-26.997617" lon="-48.638593"><ele>-2.1</ele></trkpt><trkpt lat="-26.997617" lon="-48.638592"><ele>-2.2</ele></trkpt><trkpt lat="-26.997618" lon="-48.63859"><ele>-2.3</ele></trkpt><trkpt lat="-26.997618" lon="-48.63859"><ele>-2.3</ele></trkpt><trkpt lat="-26.997618" lon="-48.63859"><ele>-2.3</ele></trkpt><trkpt lat="-26.997618" lon="-48.63859"><ele>-2.3</ele></trkpt><trkpt lat="-26.997618" lon="-48.63859"><ele>-2.3</ele></trkpt><trkpt lat="-26.997618" lon="-48.63859"><ele>-2.3</ele></trkpt><trkpt lat="-26.997618" lon="-48.63859"><ele>-2.3</ele></trkpt><trkpt lat="-26.997618" lon="-48.63859"><ele>-2.3</ele></trkpt><trkpt lat="-26.997618" lon="-48.63859"><ele>-2.3</ele></trkpt><trkpt lat="-26.997618" lon="-48.63859"><ele>-2.3</ele></trkpt><trkpt lat="-26.997618" lon="-48.63859"><ele>-2.3</ele></trkpt><trkpt lat="-26.997618" lon="-48.63859"><ele>-2.3</ele></trkpt><trkpt lat="-26.997618" lon="-48.63859"><ele>-2.3</ele></trkpt><trkpt lat="-26.997618" lon="-48.63859"><ele>-2.3</ele></trkpt><trkpt lat="-26.997618" lon="-48.63859"><ele>-2.3</ele></trkpt><trkpt lat="-26.997618" lon="-48.63859"><ele>-2.3</ele></trkpt></trkseg></trk></gpx>