<?xml version="1.0" encoding="UTF-8"?>
<gpx xmlns="http://www.topografix.com/GPX/1/1" version="1.1" creator="@dwayneparton/geojson-to-gpx"><wpt lat="-27.006163" lon="-48.623648"/><wpt lat="-27.000377" lon="-48.643306"><name>2 faixas</name></wpt><wpt lat="-27.000783" lon="-48.641988"><ele>1.2</ele><name>10</name></wpt><wpt lat="-27.004575" lon="-48.628947"><ele>5.3</ele><name>10</name></wpt><wpt lat="-27.000765" lon="-48.641953"><ele>1</ele><name>243</name></wpt><wpt lat="-27.004575" lon="-48.628947"><ele>5.3</ele><name>245</name></wpt><wpt lat="-27.004575" lon="-48.628947"><ele>5.3</ele><name>955</name></wpt><wpt lat="-27.00087" lon="-48.642015"><ele>1</ele><name>976</name></wpt><wpt lat="-27.006433" lon="-48.622723"><name>A ciclo é completamente reta.</name></wpt><wpt lat="-27.002435" lon="-48.636273"><ele>6.1</ele><name>acesso à ciclovia de má qualidade</name></wpt><wpt lat="-27.00386" lon="-48.631409"><name>acesso à ciclovia de má qualidade</name></wpt><wpt lat="-27.005517" lon="-48.625807"><ele>7</ele><name>acesso à ciclovia de má qualidade</name></wpt><wpt lat="-27.003747" lon="-48.631888"><ele>3.8</ele><name>acesso à ciclovia de má qualidade</name></wpt><wpt lat="-27.003477" lon="-48.63276"><ele>3.1</ele><name>Acesso sem uma via transversal</name></wpt><wpt lat="-27.004607" lon="-48.628958"><ele>4.6</ele><name>altura guia/mureta 20 cm</name></wpt><wpt lat="-27.000782" lon="-48.641983"><ele>2.2</ele><name>altura guia/mureta guia 33 cm </name></wpt><wpt lat="-27.000783" lon="-48.641988"><ele>1.2</ele><name>Área de amortecimento da ciclo (cm)</name></wpt><wpt lat="-27.004575" lon="-48.628947"><ele>5.3</ele><name>Área de amortecimento da ciclo (cm)</name></wpt><wpt lat="-27.000767" lon="-48.641967"><ele>-2</ele><name>Área transitável da ciclo (cm)</name></wpt><wpt lat="-27.004575" lon="-48.628947"><ele>5.3</ele><name>Área transitável da ciclo (cm)</name></wpt><wpt lat="-27.000391" lon="-48.643269"><name>Asfalto</name></wpt><wpt lat="-27.000293" lon="-48.643647"><ele>4.7</ele><name>Ausência de conexão entre ciclos.</name></wpt><wpt lat="-27.006484" lon="-48.622618"><name>Ausência de conexão entre ciclos.</name></wpt><wpt lat="-27.006515" lon="-48.622494"><name>Ausência de conexão entre ciclos.</name></wpt><wpt lat="-27.000283" lon="-48.643615"><ele>7.5</ele><name>Bidirecional</name></wpt><wpt lat="-27.001038" lon="-48.641133"><ele>1.2</ele><name>Bueiro</name></wpt><wpt lat="-27.002087" lon="-48.637467"><ele>3.7</ele><name>Bueiro</name></wpt><wpt lat="-27.00226" lon="-48.636915"><ele>4.5</ele><name>Bueiro</name></wpt><wpt lat="-27.002443" lon="-48.636333"><ele>7.3</ele><name>Bueiro</name></wpt><wpt lat="-27.002812" lon="-48.63501"><ele>5.2</ele><name>Bueiro</name></wpt><wpt lat="-27.003452" lon="-48.632805"><ele>4.8</ele><name>Bueiro</name></wpt><wpt lat="-27.000385" lon="-48.643187"><ele>2.1</ele><name>Buraco</name></wpt><wpt lat="-27.00051" lon="-48.642825"><ele>2.4</ele><name>Buraco</name></wpt><wpt lat="-27.000528" lon="-48.64265"><ele>2.2</ele><name>Buraco</name></wpt><wpt lat="-27.002" lon="-48.637777"><ele>3.6</ele><name>Buraco</name></wpt><wpt lat="-27.002635" lon="-48.635675"><ele>7.4</ele><name>Buraco</name></wpt><wpt lat="-27.00264" lon="-48.6356"><ele>5.6</ele><name>Buraco</name></wpt><wpt lat="-27.002813" lon="-48.635008"><ele>5.1</ele><name>Buraco</name></wpt><wpt lat="-27.002948" lon="-48.63454"><ele>8.4</ele><name>Buraco</name></wpt><wpt lat="-27.003297" lon="-48.633342"><ele>7.7</ele><name>Buraco</name></wpt><wpt lat="-27.003415" lon="-48.632947"><ele>2.3</ele><name>Buraco</name></wpt><wpt lat="-27.004315" lon="-48.629888"><ele>4.7</ele><name>Buraco</name></wpt><wpt lat="-27.004475" lon="-48.629353"><ele>5.7</ele><name>Buraco</name></wpt><wpt lat="-27.004635" lon="-48.62884"><ele>4.8</ele><name>Buraco</name></wpt><wpt lat="-27.004817" lon="-48.628215"><ele>5.7</ele><name>Buraco</name></wpt><wpt lat="-27.00488" lon="-48.627975"><ele>2.2</ele><name>Buraco</name></wpt><wpt lat="-27.00544" lon="-48.626083"><ele>5.5</ele><name>Buraco</name></wpt><wpt lat="-27.005465" lon="-48.62595"><ele>6.5</ele><name>Buraco</name></wpt><wpt lat="-27.000273" lon="-48.643628"><ele>7.4</ele><name>Ciclovia</name></wpt><wpt lat="-27.001807" lon="-48.638422"><ele>4.6</ele><name>Complementar</name></wpt><wpt lat="-27.001988" lon="-48.637803"><ele>4.1</ele><name>Complementar</name></wpt><wpt lat="-27.002957" lon="-48.63459"><ele>8.2</ele><name>Complementar</name></wpt><wpt lat="-27.004225" lon="-48.630198"><ele>4.9</ele><name>Complementar</name></wpt><wpt lat="-27.005235" lon="-48.626532"><ele>6.9</ele><name>Complementar</name></wpt><wpt lat="-27.000287" lon="-48.643683"><name>Complementar</name></wpt><wpt lat="-27.001807" lon="-48.638422"><ele>4.6</ele><name>Conversão perigosa. EXPLIQUE.</name></wpt><wpt lat="-27.001807" lon="-48.638422"><ele>4.6</ele><name>cruzamento de mão inglesa sobre a ciclovia sem sinalização para carros</name></wpt><wpt lat="-27.001932" lon="-48.638072"><ele>5.1</ele><name>cruzamento de mão inglesa sobre a ciclovia sem sinalização para carros</name></wpt><wpt lat="-27.004025" lon="-48.630927"><ele>3.4</ele><name>cruzamento de mão inglesa sobre ciclovia, sem sinalização para os carros</name></wpt><wpt lat="-27.004266" lon="-48.630284"><name>cruzamento de mão inglesa sobre ciclovia, sem sinalização para os carros</name></wpt><wpt lat="-27.000293" lon="-48.643647"><ele>4.7</ele><name>Cruzamento perigoso. EXPLIQUE.</name></wpt><wpt lat="-27.000292" lon="-48.643645"><ele>4.4</ele><name>Cruzamento perigoso. EXPLIQUE.</name></wpt><wpt lat="-27.000292" lon="-48.643643"><ele>3.5</ele><name>Cruzamento perigoso. EXPLIQUE.</name></wpt><wpt lat="-27.001807" lon="-48.638422"><ele>4.6</ele><name>Cruzamento perigoso. EXPLIQUE.</name></wpt><wpt lat="-27.00193" lon="-48.638065"><ele>5.8</ele><name>Cruzamento perigoso. EXPLIQUE.</name></wpt><wpt lat="-27.001932" lon="-48.63807"><ele>5.1</ele><name>Cruzamento perigoso. EXPLIQUE.</name></wpt><wpt lat="-27.002957" lon="-48.634592"><ele>8.4</ele><name>Cruzamento perigoso. EXPLIQUE.</name></wpt><wpt lat="-27.004025" lon="-48.630927"><ele>3.4</ele><name>Cruzamento perigoso. EXPLIQUE.</name></wpt><wpt lat="-27.004273" lon="-48.63033"><ele>6.6</ele><name>Cruzamento perigoso. EXPLIQUE.</name></wpt><wpt lat="-27.005237" lon="-48.626538"><ele>4.7</ele><name>Cruzamento perigoso. EXPLIQUE.</name></wpt><wpt lat="-27.006008" lon="-48.624147"><name>Cruzamento perigoso. EXPLIQUE.</name></wpt><wpt lat="-27.005251" lon="-48.626837"><name>cruzamento sobre entrada para rodovia, com alta velocidade, sem sinalização para carros </name></wpt><wpt lat="-27.006025" lon="-48.624112"><name>cruzamento sobre entrada para rodovia, com alta velocidade, sem sinalização para carros </name></wpt><wpt lat="-27.002957" lon="-48.63459"><ele>8.2</ele><name>cruzamento sobre saída de rodovia, com alta velocidade, sem sinalização para carros </name></wpt><wpt lat="-27.006387" lon="-48.622927"><name>Estacionamento proibido na via</name></wpt><wpt lat="-27.006406" lon="-48.622892"><name>Estacionamento proibido na via</name></wpt><wpt lat="-27.00033" lon="-48.643788"><ele>5.6</ele><name>Foto</name></wpt><wpt lat="-27.00033" lon="-48.643788"><ele>5.6</ele><name>Foto</name></wpt><wpt lat="-27.00031" lon="-48.643613"><ele>6</ele><name>Foto</name></wpt><wpt lat="-27.000305" lon="-48.643553"><ele>2</ele><name>Foto</name></wpt><wpt lat="-27.000318" lon="-48.643435"><ele>0.6</ele><name>Foto</name></wpt><wpt lat="-27.000388" lon="-48.643182"><ele>2.3</ele><name>Foto</name></wpt><wpt lat="-27.00047" lon="-48.64299"><ele>0.3</ele><name>Foto</name></wpt><wpt lat="-27.00051" lon="-48.642825"><ele>2.4</ele><name>Foto</name></wpt><wpt lat="-27.000495" lon="-48.642867"><ele>3</ele><name>Foto</name></wpt><wpt lat="-27.000513" lon="-48.642687"><ele>1.4</ele><name>Foto</name></wpt><wpt lat="-27.000528" lon="-48.64265"><ele>2.2</ele><name>Foto</name></wpt><wpt lat="-27.000643" lon="-48.642418"><ele>1.1</ele><name>Foto</name></wpt><wpt lat="-27.000707" lon="-48.642323"><ele>-0.4</ele><name>Foto</name></wpt><wpt lat="-27.000847" lon="-48.641768"><ele>3.6</ele><name>Foto</name></wpt><wpt lat="-27.001038" lon="-48.641133"><ele>1.2</ele><name>Foto</name></wpt><wpt lat="-27.0011" lon="-48.640857"><ele>4.9</ele><name>Foto</name></wpt><wpt lat="-27.001165" lon="-48.640677"><ele>3.2</ele><name>Foto</name></wpt><wpt lat="-27.001382" lon="-48.64004"><ele>3.6</ele><name>Foto</name></wpt><wpt lat="-27.001268" lon="-48.640275"><ele>2.7</ele><name>Foto</name></wpt><wpt lat="-27.001508" lon="-48.639485"><ele>5.5</ele><name>Foto</name></wpt><wpt lat="-27.001592" lon="-48.639213"><ele>3.7</ele><name>Foto</name></wpt><wpt lat="-27.001775" lon="-48.638623"><ele>2.9</ele><name>Foto</name></wpt><wpt lat="-27.001697" lon="-48.638817"><ele>6</ele><name>Foto</name></wpt><wpt lat="-27.001807" lon="-48.638422"><ele>4.6</ele><name>Foto</name></wpt><wpt lat="-27.001932" lon="-48.638072"><ele>5.1</ele><name>Foto</name></wpt><wpt lat="-27.001995" lon="-48.637803"><ele>3.4</ele><name>Foto</name></wpt><wpt lat="-27.002003" lon="-48.637775"><ele>3.3</ele><name>Foto</name></wpt><wpt lat="-27.00209" lon="-48.637477"><ele>2.8</ele><name>Foto</name></wpt><wpt lat="-27.002177" lon="-48.637227"><ele>2.2</ele><name>Foto</name></wpt><wpt lat="-27.00227" lon="-48.636908"><ele>4.4</ele><name>Foto</name></wpt><wpt lat="-27.00228" lon="-48.636912"><ele>5</ele><name>Foto</name></wpt><wpt lat="-27.002337" lon="-48.636718"><ele>3</ele><name>Foto</name></wpt><wpt lat="-27.002425" lon="-48.636323"><ele>7.7</ele><name>Foto</name></wpt><wpt lat="-27.002435" lon="-48.636273"><ele>6.1</ele><name>Foto</name></wpt><wpt lat="-27.002623" lon="-48.635655"><ele>6.6</ele><name>Foto</name></wpt><wpt lat="-27.002635" lon="-48.635618"><ele>5.7</ele><name>Foto</name></wpt><wpt lat="-27.002665" lon="-48.635537"><ele>4.5</ele><name>Foto</name></wpt><wpt lat="-27.002822" lon="-48.635017"><ele>3.2</ele><name>Foto</name></wpt><wpt lat="-27.002822" lon="-48.635022"><ele>3</ele><name>Foto</name></wpt><wpt lat="-27.002957" lon="-48.63459"><ele>8.2</ele><name>Foto</name></wpt><wpt lat="-27.002957" lon="-48.63459"><ele>8.2</ele><name>Foto</name></wpt><wpt lat="-27.002958" lon="-48.63453"><ele>7.7</ele><name>Foto</name></wpt><wpt lat="-27.002948" lon="-48.634328"><ele>6.3</ele><name>Foto</name></wpt><wpt lat="-27.00315" lon="-48.633878"><ele>5.6</ele><name>Foto</name></wpt><wpt lat="-27.0033" lon="-48.633342"><ele>6.9</ele><name>Foto</name></wpt><wpt lat="-27.00342" lon="-48.632945"><ele>3.3</ele><name>Foto</name></wpt><wpt lat="-27.003455" lon="-48.632807"><ele>3.8</ele><name>Foto</name></wpt><wpt lat="-27.003477" lon="-48.632757"><ele>2.6</ele><name>Foto</name></wpt><wpt lat="-27.003683" lon="-48.632075"><ele>4.9</ele><name>Foto</name></wpt><wpt lat="-27.003743" lon="-48.63189"><ele>3.6</ele><name>Foto</name></wpt><wpt lat="-27.003868" lon="-48.631428"><name>Foto</name></wpt><wpt lat="-27.003992" lon="-48.63098"><ele>5</ele><name>Foto</name></wpt><wpt lat="-27.004025" lon="-48.630927"><ele>3.4</ele><name>Foto</name></wpt><wpt lat="-27.004042" lon="-48.630843"><ele>4.5</ele><name>Foto</name></wpt><wpt lat="-27.00417" lon="-48.630622"><ele>5.6</ele><name>Foto</name></wpt><wpt lat="-27.004285" lon="-48.630385"><ele>4.2</ele><name>Foto</name></wpt><wpt lat="-27.004287" lon="-48.630378"><ele>4.8</ele><name>Foto</name></wpt><wpt lat="-27.004217" lon="-48.630195"><ele>4.7</ele><name>Foto</name></wpt><wpt lat="-27.004303" lon="-48.629928"><ele>6.5</ele><name>Foto</name></wpt><wpt lat="-27.004472" lon="-48.629317"><ele>4.7</ele><name>Foto</name></wpt><wpt lat="-27.004575" lon="-48.628947"><ele>5.3</ele><name>Foto</name></wpt><wpt lat="-27.004608" lon="-48.628883"><ele>5.2</ele><name>Foto</name></wpt><wpt lat="-27.004627" lon="-48.62883"><ele>5.5</ele><name>Foto</name></wpt><wpt lat="-27.00474" lon="-48.628503"><ele>6.2</ele><name>Foto</name></wpt><wpt lat="-27.00481" lon="-48.628222"><ele>4.5</ele><name>Foto</name></wpt><wpt lat="-27.00489" lon="-48.627962"><ele>2.8</ele><name>Foto</name></wpt><wpt lat="-27.00484" lon="-48.628187"><ele>4.6</ele><name>Foto</name></wpt><wpt lat="-27.005028" lon="-48.62747"><ele>6</ele><name>Foto</name></wpt><wpt lat="-27.005223" lon="-48.626723"><ele>6.8</ele><name>Foto</name></wpt><wpt lat="-27.005223" lon="-48.626723"><ele>6.8</ele><name>Foto</name></wpt><wpt lat="-27.005237" lon="-48.626538"><ele>4.7</ele><name>Foto</name></wpt><wpt lat="-27.005237" lon="-48.626592"><ele>7.4</ele><name>Foto</name></wpt><wpt lat="-27.005458" lon="-48.626037"><ele>6.1</ele><name>Foto</name></wpt><wpt lat="-27.00547" lon="-48.625947"><ele>7.3</ele><name>Foto</name></wpt><wpt lat="-27.005523" lon="-48.62578"><ele>6.3</ele><name>Foto</name></wpt><wpt lat="-27.005578" lon="-48.625617"><ele>6.6</ele><name>Foto</name></wpt><wpt lat="-27.005677" lon="-48.625283"><ele>7.6</ele><name>Foto</name></wpt><wpt lat="-27.005797" lon="-48.624945"><ele>6.8</ele><name>Foto</name></wpt><wpt lat="-27.005797" lon="-48.624945"><ele>6.8</ele><name>Foto</name></wpt><wpt lat="-27.005862" lon="-48.62471"><ele>4.1</ele><name>Foto</name></wpt><wpt lat="-27.005937" lon="-48.624437"><ele>4.4</ele><name>Foto</name></wpt><wpt lat="-27.006005" lon="-48.624247"><ele>6.2</ele><name>Foto</name></wpt><wpt lat="-27.006115" lon="-48.623888"><ele>6</ele><name>Foto</name></wpt><wpt lat="-27.00618" lon="-48.623693"><ele>5.6</ele><name>Foto</name></wpt><wpt lat="-27.006258" lon="-48.623375"><ele>5.8</ele><name>Foto</name></wpt><wpt lat="-27.006462" lon="-48.622628"><ele>1.7</ele><name>Foto</name></wpt><wpt lat="-27.00649" lon="-48.622572"><ele>2.4</ele><name>Foto</name></wpt><wpt lat="-27.001932" lon="-48.638072"><ele>5.1</ele><name>Gravação de voz</name></wpt><wpt lat="-27.001995" lon="-48.637803"><ele>3.4</ele><name>Gravação de voz</name></wpt><wpt lat="-27.002948" lon="-48.634328"><ele>6.3</ele><name>Gravação de voz</name></wpt><wpt lat="-27.004265" lon="-48.630327"><ele>6.9</ele><name>Gravação de voz</name></wpt><wpt lat="-27.004575" lon="-48.628947"><ele>5.3</ele><name>Gravação de voz</name></wpt><wpt lat="-27.005182" lon="-48.626973"><ele>6.1</ele><name>Gravação de voz</name></wpt><wpt lat="-27.005237" lon="-48.626538"><ele>4.7</ele><name>Gravação de voz</name></wpt><wpt lat="-27.0011" lon="-48.640858"><ele>5.3</ele><name>guia caída sobre a ciclovia</name></wpt><wpt lat="-27.005594" lon="-48.625515"><name>guia caída sobre a ciclovia</name></wpt><wpt lat="-27.000446" lon="-48.643043"><name>Guias</name></wpt><wpt lat="-27.002003" lon="-48.637775"><ele>3.3</ele><name>guias faltantes, pode entrar carro</name></wpt><wpt lat="-27.006155" lon="-48.623693"><name>guias faltantes, pode entrar carro</name></wpt><wpt lat="-27.001268" lon="-48.640275"><ele>2.7</ele><name>guias faltantes, pode entrar carro </name></wpt><wpt lat="-27.001508" lon="-48.63948"><ele>5.5</ele><name>guias faltantes, pode entrar carro </name></wpt><wpt lat="-27.001592" lon="-48.639215"><ele>3</ele><name>guias faltantes, pode entrar carro </name></wpt><wpt lat="-27.005926" lon="-48.624413"><name>guias faltantes, pode entrar carro </name></wpt><wpt lat="-27.006349" lon="-48.623018"><name>Iluminação geral na via do outro lado da infraestrutura</name></wpt><wpt lat="-27.003702" lon="-48.632012"><ele>5.3</ele><name>Lombadas físicas</name></wpt><wpt lat="-27.005802" lon="-48.624943"><ele>6.4</ele><name>Lombadas físicas</name></wpt><wpt lat="-27.000263" lon="-48.643605"><ele>7.4</ele><name>Mão Única</name></wpt><wpt lat="-27.000268" lon="-48.643615"><ele>7.3</ele><name>No bordo esquerdo de Via de Mão Única</name></wpt><wpt lat="-27.0011" lon="-48.640862"><ele>5.6</ele><name>Outro obstáculo</name></wpt><wpt lat="-27.005682" lon="-48.625263"><name>Outro obstáculo</name></wpt><wpt lat="-27.001268" lon="-48.640275"><ele>2.7</ele><name>Outro risco. EXPLIQUE.</name></wpt><wpt lat="-27.00159" lon="-48.639215"><ele>2.5</ele><name>Outro risco. EXPLIQUE.</name></wpt><wpt lat="-27.002003" lon="-48.637775"><ele>3.3</ele><name>Outro risco. EXPLIQUE.</name></wpt><wpt lat="-27.00558" lon="-48.625615"><ele>6.2</ele><name>Outro risco. EXPLIQUE.</name></wpt><wpt lat="-27.006135" lon="-48.623773"><name>Outro risco. EXPLIQUE.</name></wpt><wpt lat="-27.000272" lon="-48.643593"><ele>7.6</ele><name>Apenas faixas vermelhas nas bordas</name></wpt><wpt lat="-27.000272" lon="-48.643593"><ele>7.6</ele><name>Pintura APAGADA ou somente rastros de tinta</name></wpt><wpt lat="-27.006471" lon="-48.622675"><name>Pequenas imperfeições, como fissuras</name></wpt><wpt lat="-27.000293" lon="-48.643647"><ele>4.7</ele><name>Em cruzamento BOA condição</name></wpt><wpt lat="-27.000293" lon="-48.643647"><ele>4.7</ele><name>Em cruzamento BOA condição</name></wpt><wpt lat="-27.004287" lon="-48.630378"><ele>4.8</ele><name>Em cruzamento BOA condição</name></wpt><wpt lat="-27.001807" lon="-48.638422"><ele>4.6</ele><name>Em cruzamento MÁ condição</name></wpt><wpt lat="-27.001932" lon="-48.638072"><ele>5.1</ele><name>Em cruzamento MÁ condição</name></wpt><wpt lat="-27.004025" lon="-48.630927"><ele>3.4</ele><name>Em cruzamento MÁ condição</name></wpt><wpt lat="-27.002957" lon="-48.63459"><ele>8.2</ele><name>placa PARE (para ciclistas pararem)</name></wpt><wpt lat="-27.00028" lon="-48.643695"><name>placa PARE (para ciclistas pararem)</name></wpt><wpt lat="-27.001855" lon="-48.638353"><name>placa PARE (para ciclistas pararem)</name></wpt><wpt lat="-27.005235" lon="-48.626749"><name>placa PARE (para ciclistas pararem)</name></wpt><wpt lat="-27.000312" lon="-48.643557"><ele>2.5</ele><name>Raíz</name></wpt><wpt lat="-27.000472" lon="-48.642978"><ele>0.6</ele><name>Raíz</name></wpt><wpt lat="-27.000518" lon="-48.642698"><ele>0.6</ele><name>Raíz</name></wpt><wpt lat="-27.006354" lon="-48.62309"><name>SE CICLOVIA: segregação impede completamente a invasão de automóvel e não há trechos desprotegidos</name></wpt><wpt lat="-27.006413" lon="-48.622822"><name>Segregadores NÃO DIFICULTAM o acesso de ciclistas</name></wpt><wpt lat="-27.002957" lon="-48.63459"><ele>8.2</ele><name>SEM pintura no cruzamento</name></wpt><wpt lat="-27.005237" lon="-48.626538"><ele>4.7</ele><name>SEM pintura no cruzamento</name></wpt><wpt lat="-27.006034" lon="-48.624106"><name>SEM pintura no cruzamento</name></wpt><wpt lat="-27.006491" lon="-48.622457"><name>SEM pintura no cruzamento</name></wpt><wpt lat="-27.004043" lon="-48.630843"><ele>4.5</ele><name>SEM Semáforo exclusivo</name></wpt><wpt lat="-27.004043" lon="-48.630843"><ele>4.5</ele><name>Semáforo para motorizado</name></wpt><wpt lat="-27.004043" lon="-48.630843"><ele>4.5</ele><name>Semáforo para pedestres</name></wpt><wpt lat="-27.005983" lon="-48.624201"><name>Sinalização horizontal outra: pictograma PARE (ciclista parar para carros)</name></wpt><wpt lat="-27.006382" lon="-48.622999"><name>Situação da pintura: não existe pintura</name></wpt><wpt lat="-27.006447" lon="-48.622758"><name>Sombras em alguns trechos, SEM mudas novas</name></wpt><wpt lat="-27.00087" lon="-48.642015"><ele>1</ele><name>Total da via (incluindo a ciclo) (cm)</name></wpt><wpt lat="-27.004575" lon="-48.628947"><ele>5.3</ele><name>Total da via (incluindo a ciclo) (cm)</name></wpt><wpt lat="-27.001748" lon="-48.638642"><ele>2</ele><name>Travessia de pedestre em nível (lombofaixa)</name></wpt><wpt lat="-27.004712" lon="-48.628535"><ele>6.7</ele><name>Travessia de pedestre em nível (lombofaixa)</name></wpt><wpt lat="-27.000322" lon="-48.643443"><ele>1.2</ele><name>Vala profunda</name></wpt><wpt lat="-27.000495" lon="-48.642867"><ele>3</ele><name>Via transversal COM acesso à ciclovia</name></wpt><wpt lat="-27.00084" lon="-48.641762"><ele>3.4</ele><name>Via transversal COM acesso à ciclovia</name></wpt><wpt lat="-27.001043" lon="-48.641135"><ele>0.6</ele><name>Via transversal COM acesso à ciclovia</name></wpt><wpt lat="-27.001165" lon="-48.64066"><ele>4.7</ele><name>Via transversal COM acesso à ciclovia</name></wpt><wpt lat="-27.00137" lon="-48.640035"><ele>3</ele><name>Via transversal COM acesso à ciclovia</name></wpt><wpt lat="-27.001592" lon="-48.639225"><ele>1.4</ele><name>Via transversal COM acesso à ciclovia</name></wpt><wpt lat="-27.001592" lon="-48.639213"><ele>3.7</ele><name>Via transversal COM acesso à ciclovia</name></wpt><wpt lat="-27.00172" lon="-48.638782"><ele>4.3</ele><name>Via transversal COM acesso à ciclovia</name></wpt><wpt lat="-27.002118" lon="-48.637372"><ele>3.3</ele><name>Via transversal COM acesso à ciclovia</name></wpt><wpt lat="-27.002312" lon="-48.636738"><ele>4.6</ele><name>Via transversal COM acesso à ciclovia</name></wpt><wpt lat="-27.002438" lon="-48.636273"><ele>6.5</ele><name>Via transversal COM acesso à ciclovia</name></wpt><wpt lat="-27.003747" lon="-48.631888"><ele>3.8</ele><name>Via transversal COM acesso à ciclovia</name></wpt><wpt lat="-27.00386" lon="-48.631455"><name>Via transversal COM acesso à ciclovia</name></wpt><wpt lat="-27.003988" lon="-48.630972"><ele>7.3</ele><name>Via transversal COM acesso à ciclovia</name></wpt><wpt lat="-27.004305" lon="-48.629928"><ele>5.9</ele><name>Via transversal COM acesso à ciclovia</name></wpt><wpt lat="-27.004473" lon="-48.629353"><ele>6.3</ele><name>Via transversal COM acesso à ciclovia</name></wpt><wpt lat="-27.004603" lon="-48.628915"><ele>4.6</ele><name>Via transversal COM acesso à ciclovia</name></wpt><wpt lat="-27.005025" lon="-48.627458"><ele>5.6</ele><name>Via transversal COM acesso à ciclovia</name></wpt><wpt lat="-27.00537" lon="-48.626283"><ele>7.5</ele><name>Via transversal COM acesso à ciclovia</name></wpt><wpt lat="-27.005513" lon="-48.625813"><ele>6.2</ele><name>Via transversal COM acesso à ciclovia</name></wpt><wpt lat="-27.000642" lon="-48.642415"><ele>1.4</ele><name>Via transversal SEM acesso à ciclovia</name></wpt><wpt lat="-27.002633" lon="-48.635682"><ele>6.2</ele><name>Via transversal SEM acesso à ciclovia</name></wpt><wpt lat="-27.003155" lon="-48.633867"><ele>4.8</ele><name>Via transversal SEM acesso à ciclovia</name></wpt><wpt lat="-27.003683" lon="-48.632075"><ele>4.9</ele><name>Via transversal SEM acesso à ciclovia</name></wpt><wpt lat="-27.004853" lon="-48.628115"><ele>5.7</ele><name>Via transversal SEM acesso à ciclovia</name></wpt><wpt lat="-27.002039" lon="-48.637738"><name>placa PARE (para ciclistas pararem) </name></wpt><wpt lat="-27.002969" lon="-48.634338"><name>placa PARE (para ciclistas pararem)</name></wpt><wpt lat="-27.002962" lon="-48.634362"><name>Complementar</name></wpt><wpt lat="-27.002025" lon="-48.637761"><name>Complementar</name></wpt><trk><name>Ciclovia Av. Marg. Oeste BR 101 T1 - BC</name><trkseg><trkpt lat="-27.000267" lon="-48.643612"><ele>5.7</ele></trkpt><trkpt lat="-27.000277" lon="-48.643623"><ele>7.1</ele></trkpt><trkpt lat="-27.000272" lon="-48.643628"><ele>8.5</ele></trkpt><trkpt lat="-27.000215" lon="-48.643735"><ele>8</ele></trkpt><trkpt lat="-27.000227" lon="-48.643737"><ele>7.9</ele></trkpt><trkpt lat="-27.000305" lon="-48.643705"><ele>8.4</ele></trkpt><trkpt lat="-27.000313" lon="-48.643673"><ele>8.3</ele></trkpt><trkpt lat="-27.000307" lon="-48.643662"><ele>8.2</ele></trkpt><trkpt lat="-27.0003" lon="-48.643655"><ele>7.8</ele></trkpt><trkpt lat="-27.000295" lon="-48.643645"><ele>8</ele></trkpt><trkpt lat="-27.000283" lon="-48.643638"><ele>7.7</ele></trkpt><trkpt lat="-27.000278" lon="-48.643637"><ele>7.6</ele></trkpt><trkpt lat="-27.000275" lon="-48.643632"><ele>7.5</ele></trkpt><trkpt lat="-27.000273" lon="-48.643628"><ele>7.4</ele></trkpt><trkpt lat="-27.000273" lon="-48.643628"><ele>7.4</ele></trkpt><trkpt lat="-27.000283" lon="-48.643615"><ele>7.5</ele></trkpt><trkpt lat="-27.000283" lon="-48.643615"><ele>7.5</ele></trkpt><trkpt lat="-27.00028" lon="-48.643615"><ele>7.5</ele></trkpt><trkpt lat="-27.000277" lon="-48.643615"><ele>7.5</ele></trkpt><trkpt lat="-27.000273" lon="-48.643613"><ele>7.4</ele></trkpt><trkpt lat="-27.000273" lon="-48.643613"><ele>7.4</ele></trkpt><trkpt lat="-27.000272" lon="-48.643615"><ele>7.4</ele></trkpt><trkpt lat="-27.00027" lon="-48.643617"><ele>7.3</ele></trkpt><trkpt lat="-27.000268" lon="-48.643615"><ele>7.3</ele></trkpt><trkpt lat="-27.000268" lon="-48.643615"><ele>7.3</ele></trkpt><trkpt lat="-27.000267" lon="-48.643612"><ele>7.3</ele></trkpt><trkpt lat="-27.000265" lon="-48.64361"><ele>7.3</ele></trkpt><trkpt lat="-27.000262" lon="-48.643608"><ele>7.4</ele></trkpt><trkpt lat="-27.000262" lon="-48.643607"><ele>7.5</ele></trkpt><trkpt lat="-27.000263" lon="-48.643605"><ele>7.4</ele></trkpt><trkpt lat="-27.000263" lon="-48.643605"><ele>7.4</ele></trkpt><trkpt lat="-27.000265" lon="-48.643602"><ele>7.5</ele></trkpt><trkpt lat="-27.000267" lon="-48.6436"><ele>7.5</ele></trkpt><trkpt lat="-27.000267" lon="-48.643598"><ele>7.6</ele></trkpt><trkpt lat="-27.000268" lon="-48.643595"><ele>7.6</ele></trkpt><trkpt lat="-27.00027" lon="-48.643593"><ele>7.5</ele></trkpt><trkpt lat="-27.00027" lon="-48.643593"><ele>7.6</ele></trkpt><trkpt lat="-27.000272" lon="-48.643592"><ele>7.7</ele></trkpt><trkpt lat="-27.000272" lon="-48.643592"><ele>7.8</ele></trkpt><trkpt lat="-27.000272" lon="-48.643592"><ele>7.9</ele></trkpt><trkpt lat="-27.000272" lon="-48.643593"><ele>7.9</ele></trkpt><trkpt lat="-27.000272" lon="-48.643593"><ele>7.8</ele></trkpt><trkpt lat="-27.000272" lon="-48.643593"><ele>7.6</ele></trkpt><trkpt lat="-27.000272" lon="-48.643593"><ele>7.6</ele></trkpt><trkpt lat="-27.000272" lon="-48.643593"><ele>7.6</ele></trkpt><trkpt lat="-27.000272" lon="-48.643593"><ele>7.6</ele></trkpt><trkpt lat="-27.000272" lon="-48.643593"><ele>7.6</ele></trkpt><trkpt lat="-27.000272" lon="-48.643593"><ele>7.6</ele></trkpt><trkpt lat="-27.000272" lon="-48.643593"><ele>7.6</ele></trkpt><trkpt lat="-27.000272" lon="-48.643593"><ele>7.6</ele></trkpt><trkpt lat="-27.000272" lon="-48.643593"><ele>7.6</ele></trkpt><trkpt lat="-27.000272" lon="-48.643593"><ele>7.6</ele></trkpt><trkpt lat="-27.000272" lon="-48.643593"><ele>7.6</ele></trkpt><trkpt lat="-27.000272" lon="-48.643593"><ele>7.6</ele></trkpt><trkpt lat="-27.000272" lon="-48.643593"><ele>7.6</ele></trkpt><trkpt lat="-27.000272" lon="-48.643593"><ele>7.6</ele></trkpt><trkpt lat="-27.000272" lon="-48.643593"><ele>7.6</ele></trkpt><trkpt lat="-27.000272" lon="-48.643593"><ele>7.6</ele></trkpt><trkpt lat="-27.000272" lon="-48.643593"><ele>7.6</ele></trkpt><trkpt lat="-27.000272" lon="-48.643593"><ele>7.6</ele></trkpt><trkpt lat="-27.000272" lon="-48.643593"><ele>7.6</ele></trkpt><trkpt lat="-27.000272" lon="-48.643593"><ele>7.6</ele></trkpt><trkpt lat="-27.000272" lon="-48.643593"><ele>7.6</ele></trkpt><trkpt lat="-27.000272" lon="-48.643593"><ele>7.6</ele></trkpt><trkpt lat="-27.000272" lon="-48.643593"><ele>7.6</ele></trkpt><trkpt lat="-27.000272" lon="-48.643593"><ele>7.6</ele></trkpt><trkpt lat="-27.000272" lon="-48.643593"><ele>7.6</ele></trkpt><trkpt lat="-27.000272" lon="-48.643593"><ele>7.6</ele></trkpt><trkpt lat="-27.000272" lon="-48.643593"><ele>7.6</ele></trkpt><trkpt lat="-27.000272" lon="-48.643593"><ele>7.6</ele></trkpt><trkpt lat="-27.000272" lon="-48.643593"><ele>7.6</ele></trkpt><trkpt lat="-27.000272" lon="-48.643593"><ele>7.6</ele></trkpt><trkpt lat="-27.000272" lon="-48.643593"><ele>7.6</ele></trkpt><trkpt lat="-27.000272" lon="-48.643593"><ele>7.6</ele></trkpt><trkpt lat="-27.000272" lon="-48.643593"><ele>7.6</ele></trkpt><trkpt lat="-27.000272" lon="-48.643593"><ele>7.6</ele></trkpt><trkpt lat="-27.000272" lon="-48.643593"><ele>7.6</ele></trkpt><trkpt lat="-27.000272" lon="-48.643593"><ele>7.6</ele></trkpt><trkpt lat="-27.000272" lon="-48.643593"><ele>7.6</ele></trkpt><trkpt lat="-27.000272" lon="-48.643593"><ele>7.6</ele></trkpt><trkpt lat="-27.000272" lon="-48.643593"><ele>7.6</ele></trkpt><trkpt lat="-27.000272" lon="-48.643593"><ele>7.6</ele></trkpt><trkpt lat="-27.000272" lon="-48.643593"><ele>7.6</ele></trkpt><trkpt lat="-27.000272" lon="-48.643593"><ele>7.6</ele></trkpt><trkpt lat="-27.000273" lon="-48.643633"><ele>2</ele></trkpt><trkpt lat="-27.00028" lon="-48.643645"><ele>2</ele></trkpt><trkpt lat="-27.000288" lon="-48.643653"><ele>2</ele></trkpt><trkpt lat="-27.000292" lon="-48.64366"><ele>1.8</ele></trkpt><trkpt lat="-27.000298" lon="-48.643667"><ele>2</ele></trkpt><trkpt lat="-27.000308" lon="-48.643677"><ele>2.2</ele></trkpt><trkpt lat="-27.00032" lon="-48.643683"><ele>2.4</ele></trkpt><trkpt lat="-27.000332" lon="-48.643693"><ele>2.8</ele></trkpt><trkpt lat="-27.000342" lon="-48.643707"><ele>3</ele></trkpt><trkpt lat="-27.000352" lon="-48.643715"><ele>3.6</ele></trkpt><trkpt lat="-27.000358" lon="-48.643723"><ele>4</ele></trkpt><trkpt lat="-27.00036" lon="-48.643732"><ele>4.3</ele></trkpt><trkpt lat="-27.000362" lon="-48.64374"><ele>5.1</ele></trkpt><trkpt lat="-27.00036" lon="-48.64375"><ele>5.5</ele></trkpt><trkpt lat="-27.000358" lon="-48.64376"><ele>5.9</ele></trkpt><trkpt lat="-27.000358" lon="-48.643768"><ele>6.2</ele></trkpt><trkpt lat="-27.000357" lon="-48.64378"><ele>6.4</ele></trkpt><trkpt lat="-27.000357" lon="-48.643788"><ele>6.7</ele></trkpt><trkpt lat="-27.000353" lon="-48.643793"><ele>6.9</ele></trkpt><trkpt lat="-27.000347" lon="-48.643795"><ele>6.6</ele></trkpt><trkpt lat="-27.000342" lon="-48.643795"><ele>6.3</ele></trkpt><trkpt lat="-27.000338" lon="-48.643797"><ele>6</ele></trkpt><trkpt lat="-27.000335" lon="-48.64379"><ele>5.7</ele></trkpt><trkpt lat="-27.000333" lon="-48.643787"><ele>6.1</ele></trkpt><trkpt lat="-27.000335" lon="-48.643788"><ele>5.9</ele></trkpt><trkpt lat="-27.000335" lon="-48.643788"><ele>5.6</ele></trkpt><trkpt lat="-27.00033" lon="-48.643788"><ele>5.6</ele></trkpt><trkpt lat="-27.00033" lon="-48.643788"><ele>5.6</ele></trkpt><trkpt lat="-27.00033" lon="-48.643788"><ele>5.6</ele></trkpt><trkpt lat="-27.00033" lon="-48.643788"><ele>5.6</ele></trkpt><trkpt lat="-27.00033" lon="-48.643788"><ele>5.6</ele></trkpt><trkpt lat="-27.00033" lon="-48.643788"><ele>5.6</ele></trkpt><trkpt lat="-27.00033" lon="-48.643788"><ele>5.6</ele></trkpt><trkpt lat="-27.00033" lon="-48.643788"><ele>5.6</ele></trkpt><trkpt lat="-27.00033" lon="-48.643788"><ele>5.6</ele></trkpt><trkpt lat="-27.00033" lon="-48.643788"><ele>5.6</ele></trkpt><trkpt lat="-27.00033" lon="-48.643788"><ele>5.6</ele></trkpt><trkpt lat="-27.00033" lon="-48.643788"><ele>5.6</ele></trkpt><trkpt lat="-27.00033" lon="-48.643788"><ele>5.6</ele></trkpt><trkpt lat="-27.00033" lon="-48.643788"><ele>5.6</ele></trkpt><trkpt lat="-27.00033" lon="-48.643788"><ele>5.6</ele></trkpt><trkpt lat="-27.00033" lon="-48.643788"><ele>5.6</ele></trkpt><trkpt lat="-27.00033" lon="-48.643788"><ele>5.6</ele></trkpt><trkpt lat="-27.00033" lon="-48.643788"><ele>5.6</ele></trkpt><trkpt lat="-27.00033" lon="-48.643788"><ele>5.6</ele></trkpt><trkpt lat="-27.00033" lon="-48.643788"><ele>5.6</ele></trkpt><trkpt lat="-27.00033" lon="-48.643788"><ele>5.6</ele></trkpt><trkpt lat="-27.00033" lon="-48.643788"><ele>5.6</ele></trkpt><trkpt lat="-27.00033" lon="-48.643788"><ele>5.6</ele></trkpt><trkpt lat="-27.00033" lon="-48.643788"><ele>5.6</ele></trkpt><trkpt lat="-27.000378" lon="-48.643762"><ele>12.8</ele></trkpt><trkpt lat="-27.000378" lon="-48.643755"><ele>12.1</ele></trkpt><trkpt lat="-27.000373" lon="-48.64375"><ele>11.4</ele></trkpt><trkpt lat="-27.00037" lon="-48.643745"><ele>10.5</ele></trkpt><trkpt lat="-27.000372" lon="-48.643737"><ele>10</ele></trkpt><trkpt lat="-27.000375" lon="-48.643737"><ele>9.8</ele></trkpt><trkpt lat="-27.000375" lon="-48.64373"><ele>9.4</ele></trkpt><trkpt lat="-27.000372" lon="-48.643722"><ele>9.1</ele></trkpt><trkpt lat="-27.000362" lon="-48.643715"><ele>8.8</ele></trkpt><trkpt lat="-27.000353" lon="-48.643705"><ele>8.8</ele></trkpt><trkpt lat="-27.000345" lon="-48.6437"><ele>8.6</ele></trkpt><trkpt lat="-27.000337" lon="-48.643697"><ele>8.5</ele></trkpt><trkpt lat="-27.000323" lon="-48.643695"><ele>8.3</ele></trkpt><trkpt lat="-27.000312" lon="-48.64369"><ele>7.6</ele></trkpt><trkpt lat="-27.000307" lon="-48.643683"><ele>7</ele></trkpt><trkpt lat="-27.000298" lon="-48.643675"><ele>6.5</ele></trkpt><trkpt lat="-27.000292" lon="-48.64367"><ele>5.9</ele></trkpt><trkpt lat="-27.000288" lon="-48.64366"><ele>5.6</ele></trkpt><trkpt lat="-27.00029" lon="-48.64365"><ele>5.5</ele></trkpt><trkpt lat="-27.000292" lon="-48.643637"><ele>5.2</ele></trkpt><trkpt lat="-27.000295" lon="-48.643627"><ele>5</ele></trkpt><trkpt lat="-27.0003" lon="-48.64362"><ele>5.3</ele></trkpt><trkpt lat="-27.000302" lon="-48.643615"><ele>5.7</ele></trkpt><trkpt lat="-27.000307" lon="-48.643612"><ele>5.9</ele></trkpt><trkpt lat="-27.00031" lon="-48.643613"><ele>6</ele></trkpt><trkpt lat="-27.00031" lon="-48.643613"><ele>6</ele></trkpt><trkpt lat="-27.000313" lon="-48.643617"><ele>6</ele></trkpt><trkpt lat="-27.000317" lon="-48.643622"><ele>5.8</ele></trkpt><trkpt lat="-27.000318" lon="-48.643628"><ele>5.6</ele></trkpt><trkpt lat="-27.000322" lon="-48.64364"><ele>5.8</ele></trkpt><trkpt lat="-27.000315" lon="-48.64366"><ele>5.7</ele></trkpt><trkpt lat="-27.00031" lon="-48.643665"><ele>5.5</ele></trkpt><trkpt lat="-27.000308" lon="-48.643663"><ele>5.4</ele></trkpt><trkpt lat="-27.000303" lon="-48.643657"><ele>4.9</ele></trkpt><trkpt lat="-27.000298" lon="-48.643653"><ele>4.7</ele></trkpt><trkpt lat="-27.000295" lon="-48.64365"><ele>4.8</ele></trkpt><trkpt lat="-27.000293" lon="-48.643647"><ele>4.7</ele></trkpt><trkpt lat="-27.000293" lon="-48.643647"><ele>4.7</ele></trkpt><trkpt lat="-27.000293" lon="-48.643647"><ele>4.7</ele></trkpt><trkpt lat="-27.000293" lon="-48.643647"><ele>4.7</ele></trkpt><trkpt lat="-27.000293" lon="-48.643647"><ele>4.7</ele></trkpt><trkpt lat="-27.000293" lon="-48.643647"><ele>4.7</ele></trkpt><trkpt lat="-27.000292" lon="-48.643645"><ele>4.4</ele></trkpt><trkpt lat="-27.000292" lon="-48.643645"><ele>4.4</ele></trkpt><trkpt lat="-27.000292" lon="-48.643645"><ele>4.4</ele></trkpt><trkpt lat="-27.00029" lon="-48.643642"><ele>4.1</ele></trkpt><trkpt lat="-27.00029" lon="-48.643643"><ele>3.7</ele></trkpt><trkpt lat="-27.000292" lon="-48.643643"><ele>3.5</ele></trkpt><trkpt lat="-27.000292" lon="-48.643643"><ele>3.5</ele></trkpt><trkpt lat="-27.000292" lon="-48.643643"><ele>3.5</ele></trkpt><trkpt lat="-27.000292" lon="-48.643643"><ele>3.5</ele></trkpt><trkpt lat="-27.000292" lon="-48.643643"><ele>3.5</ele></trkpt><trkpt lat="-27.000292" lon="-48.643643"><ele>3.5</ele></trkpt><trkpt lat="-27.000292" lon="-48.643643"><ele>3.5</ele></trkpt><trkpt lat="-27.000292" lon="-48.643643"><ele>3.5</ele></trkpt><trkpt lat="-27.000292" lon="-48.643643"><ele>3.5</ele></trkpt><trkpt lat="-27.000292" lon="-48.643643"><ele>3.5</ele></trkpt><trkpt lat="-27.000292" lon="-48.643643"><ele>3.5</ele></trkpt><trkpt lat="-27.000292" lon="-48.643643"><ele>3.5</ele></trkpt><trkpt lat="-27.000292" lon="-48.643643"><ele>3.5</ele></trkpt><trkpt lat="-27.000292" lon="-48.643643"><ele>3.5</ele></trkpt><trkpt lat="-27.000292" lon="-48.643622"><ele>2.7</ele></trkpt><trkpt lat="-27.000292" lon="-48.643607"><ele>2.9</ele></trkpt><trkpt lat="-27.000292" lon="-48.643593"><ele>3</ele></trkpt><trkpt lat="-27.000288" lon="-48.643573"><ele>2.8</ele></trkpt><trkpt lat="-27.00029" lon="-48.643558"><ele>2.5</ele></trkpt><trkpt lat="-27.000293" lon="-48.643543"><ele>2.1</ele></trkpt><trkpt lat="-27.000302" lon="-48.643538"><ele>2</ele></trkpt><trkpt lat="-27.000308" lon="-48.643537"><ele>2.2</ele></trkpt><trkpt lat="-27.00031" lon="-48.643545"><ele>2.4</ele></trkpt><trkpt lat="-27.000308" lon="-48.643547"><ele>2.1</ele></trkpt><trkpt lat="-27.000307" lon="-48.643548"><ele>1.8</ele></trkpt><trkpt lat="-27.00031" lon="-48.643552"><ele>1.9</ele></trkpt><trkpt lat="-27.000312" lon="-48.643555"><ele>2.2</ele></trkpt><trkpt lat="-27.000312" lon="-48.643557"><ele>2.4</ele></trkpt><trkpt lat="-27.000312" lon="-48.643557"><ele>2.5</ele></trkpt><trkpt lat="-27.000312" lon="-48.643557"><ele>2.5</ele></trkpt><trkpt lat="-27.000308" lon="-48.643557"><ele>2.2</ele></trkpt><trkpt lat="-27.000307" lon="-48.643555"><ele>2.2</ele></trkpt><trkpt lat="-27.000305" lon="-48.643553"><ele>2</ele></trkpt><trkpt lat="-27.000305" lon="-48.643553"><ele>2</ele></trkpt><trkpt lat="-27.000305" lon="-48.643553"><ele>2</ele></trkpt><trkpt lat="-27.000305" lon="-48.643553"><ele>2</ele></trkpt><trkpt lat="-27.000305" lon="-48.643553"><ele>2</ele></trkpt><trkpt lat="-27.000305" lon="-48.643553"><ele>2</ele></trkpt><trkpt lat="-27.000313" lon="-48.643548"><ele>2.3</ele></trkpt><trkpt lat="-27.000315" lon="-48.64354"><ele>2.7</ele></trkpt><trkpt lat="-27.000312" lon="-48.643527"><ele>2.5</ele></trkpt><trkpt lat="-27.000308" lon="-48.643515"><ele>2.3</ele></trkpt><trkpt lat="-27.000305" lon="-48.643503"><ele>1.9</ele></trkpt><trkpt lat="-27.000307" lon="-48.643485"><ele>1.7</ele></trkpt><trkpt lat="-27.000317" lon="-48.643465"><ele>1.3</ele></trkpt><trkpt lat="-27.000327" lon="-48.643445"><ele>0.9</ele></trkpt><trkpt lat="-27.000335" lon="-48.643418"><ele>0.8</ele></trkpt><trkpt lat="-27.000343" lon="-48.6434"><ele>0.1</ele></trkpt><trkpt lat="-27.000343" lon="-48.643383"><ele>-0.5</ele></trkpt><trkpt lat="-27.00034" lon="-48.64338"><ele>-1</ele></trkpt><trkpt lat="-27.000335" lon="-48.643385"><ele>-0.9</ele></trkpt><trkpt lat="-27.00033" lon="-48.643395"><ele>-0.9</ele></trkpt><trkpt lat="-27.000325" lon="-48.643405"><ele>-0.6</ele></trkpt><trkpt lat="-27.00032" lon="-48.643418"><ele>-0.5</ele></trkpt><trkpt lat="-27.000315" lon="-48.643435"><ele>-0.1</ele></trkpt><trkpt lat="-27.000312" lon="-48.64344"><ele>0.5</ele></trkpt><trkpt lat="-27.000317" lon="-48.643442"><ele>1</ele></trkpt><trkpt lat="-27.00032" lon="-48.643443"><ele>1.2</ele></trkpt><trkpt lat="-27.00032" lon="-48.643443"><ele>1.2</ele></trkpt><trkpt lat="-27.000322" lon="-48.643443"><ele>1.2</ele></trkpt><trkpt lat="-27.000322" lon="-48.643443"><ele>1.2</ele></trkpt><trkpt lat="-27.00032" lon="-48.64344"><ele>1.1</ele></trkpt><trkpt lat="-27.000318" lon="-48.643438"><ele>0.8</ele></trkpt><trkpt lat="-27.000317" lon="-48.643437"><ele>0.6</ele></trkpt><trkpt lat="-27.000318" lon="-48.643435"><ele>0.6</ele></trkpt><trkpt lat="-27.000318" lon="-48.643435"><ele>0.6</ele></trkpt><trkpt lat="-27.000318" lon="-48.643435"><ele>0.6</ele></trkpt><trkpt lat="-27.000318" lon="-48.643435"><ele>0.6</ele></trkpt><trkpt lat="-27.000318" lon="-48.643435"><ele>0.6</ele></trkpt><trkpt lat="-27.000318" lon="-48.643435"><ele>0.6</ele></trkpt><trkpt lat="-27.000318" lon="-48.643435"><ele>0.6</ele></trkpt><trkpt lat="-27.000318" lon="-48.643435"><ele>0.6</ele></trkpt><trkpt lat="-27.00032" lon="-48.643437"><ele>1.2</ele></trkpt><trkpt lat="-27.000325" lon="-48.643435"><ele>1.7</ele></trkpt><trkpt lat="-27.000335" lon="-48.643417"><ele>2.2</ele></trkpt><trkpt lat="-27.000347" lon="-48.643397"><ele>2.8</ele></trkpt><trkpt lat="-27.00035" lon="-48.643375"><ele>3.1</ele></trkpt><trkpt lat="-27.000355" lon="-48.643347"><ele>3</ele></trkpt><trkpt lat="-27.000358" lon="-48.643313"><ele>2.8</ele></trkpt><trkpt lat="-27.000358" lon="-48.643293"><ele>2.1</ele></trkpt><trkpt lat="-27.000362" lon="-48.643262"><ele>1.7</ele></trkpt><trkpt lat="-27.000368" lon="-48.643233"><ele>1.8</ele></trkpt><trkpt lat="-27.000378" lon="-48.643212"><ele>1.4</ele></trkpt><trkpt lat="-27.000378" lon="-48.643202"><ele>1.2</ele></trkpt><trkpt lat="-27.000377" lon="-48.6432"><ele>1.4</ele></trkpt><trkpt lat="-27.000375" lon="-48.643197"><ele>1.3</ele></trkpt><trkpt lat="-27.000378" lon="-48.643192"><ele>1.3</ele></trkpt><trkpt lat="-27.000382" lon="-48.64319"><ele>1.5</ele></trkpt><trkpt lat="-27.000385" lon="-48.643187"><ele>1.7</ele></trkpt><trkpt lat="-27.000385" lon="-48.643187"><ele>1.9</ele></trkpt><trkpt lat="-27.000385" lon="-48.643187"><ele>2.1</ele></trkpt><trkpt lat="-27.000385" lon="-48.643187"><ele>2.1</ele></trkpt><trkpt lat="-27.000387" lon="-48.643187"><ele>2.2</ele></trkpt><trkpt lat="-27.000387" lon="-48.643183"><ele>2.3</ele></trkpt><trkpt lat="-27.000388" lon="-48.643182"><ele>2.3</ele></trkpt><trkpt lat="-27.000388" lon="-48.643182"><ele>2.3</ele></trkpt><trkpt lat="-27.000388" lon="-48.643182"><ele>2.3</ele></trkpt><trkpt lat="-27.000388" lon="-48.643182"><ele>2.3</ele></trkpt><trkpt lat="-27.000388" lon="-48.643182"><ele>2.3</ele></trkpt><trkpt lat="-27.000388" lon="-48.643182"><ele>2.3</ele></trkpt><trkpt lat="-27.000388" lon="-48.643182"><ele>2.3</ele></trkpt><trkpt lat="-27.000388" lon="-48.643182"><ele>2.3</ele></trkpt><trkpt lat="-27.000388" lon="-48.643182"><ele>2.3</ele></trkpt><trkpt lat="-27.000428" lon="-48.643172"><ele>1.9</ele></trkpt><trkpt lat="-27.000433" lon="-48.643152"><ele>1.9</ele></trkpt><trkpt lat="-27.000437" lon="-48.643127"><ele>2.3</ele></trkpt><trkpt lat="-27.00044" lon="-48.643103"><ele>2.4</ele></trkpt><trkpt lat="-27.000445" lon="-48.643077"><ele>2.2</ele></trkpt><trkpt lat="-27.00045" lon="-48.643048"><ele>2.3</ele></trkpt><trkpt lat="-27.000458" lon="-48.643023"><ele>2</ele></trkpt><trkpt lat="-27.000463" lon="-48.643003"><ele>1.9</ele></trkpt><trkpt lat="-27.000465" lon="-48.642993"><ele>1.9</ele></trkpt><trkpt lat="-27.000467" lon="-48.64299"><ele>1.6</ele></trkpt><trkpt lat="-27.000468" lon="-48.642983"><ele>1.1</ele></trkpt><trkpt lat="-27.000472" lon="-48.642978"><ele>0.6</ele></trkpt><trkpt lat="-27.000472" lon="-48.642978"><ele>0.6</ele></trkpt><trkpt lat="-27.00047" lon="-48.642977"><ele>0.3</ele></trkpt><trkpt lat="-27.00047" lon="-48.642977"><ele>0.5</ele></trkpt><trkpt lat="-27.000468" lon="-48.642978"><ele>0.7</ele></trkpt><trkpt lat="-27.000468" lon="-48.642983"><ele>0.7</ele></trkpt><trkpt lat="-27.000467" lon="-48.642983"><ele>0.7</ele></trkpt><trkpt lat="-27.000468" lon="-48.642985"><ele>0.5</ele></trkpt><trkpt lat="-27.00047" lon="-48.64299"><ele>0.3</ele></trkpt><trkpt lat="-27.00047" lon="-48.64299"><ele>0.3</ele></trkpt><trkpt lat="-27.000468" lon="-48.642992"><ele>0</ele></trkpt><trkpt lat="-27.00047" lon="-48.642987"><ele>-0.1</ele></trkpt><trkpt lat="-27.00047" lon="-48.642967"><ele>-0.5</ele></trkpt><trkpt lat="-27.00048" lon="-48.642943"><ele>-0.9</ele></trkpt><trkpt lat="-27.000492" lon="-48.642927"><ele>-1.3</ele></trkpt><trkpt lat="-27.000508" lon="-48.642913"><ele>-1.4</ele></trkpt><trkpt lat="-27.000523" lon="-48.642902"><ele>-1.8</ele></trkpt><trkpt lat="-27.00053" lon="-48.642895"><ele>-1.5</ele></trkpt><trkpt lat="-27.00053" lon="-48.642885"><ele>-1.4</ele></trkpt><trkpt lat="-27.00053" lon="-48.642878"><ele>-1.1</ele></trkpt><trkpt lat="-27.000525" lon="-48.64287"><ele>-1</ele></trkpt><trkpt lat="-27.000522" lon="-48.64286"><ele>-0.7</ele></trkpt><trkpt lat="-27.000517" lon="-48.642842"><ele>-0.3</ele></trkpt><trkpt lat="-27.000513" lon="-48.64283"><ele>0.2</ele></trkpt><trkpt lat="-27.000512" lon="-48.642827"><ele>1</ele></trkpt><trkpt lat="-27.000505" lon="-48.642825"><ele>1.1</ele></trkpt><trkpt lat="-27.0005" lon="-48.642822"><ele>1.3</ele></trkpt><trkpt lat="-27.000497" lon="-48.642823"><ele>1.4</ele></trkpt><trkpt lat="-27.000498" lon="-48.642823"><ele>1.5</ele></trkpt><trkpt lat="-27.000502" lon="-48.642822"><ele>1.7</ele></trkpt><trkpt lat="-27.000507" lon="-48.642823"><ele>2.1</ele></trkpt><trkpt lat="-27.000508" lon="-48.642823"><ele>2.3</ele></trkpt><trkpt lat="-27.00051" lon="-48.642825"><ele>2.4</ele></trkpt><trkpt lat="-27.00051" lon="-48.642825"><ele>2.4</ele></trkpt><trkpt lat="-27.00051" lon="-48.642825"><ele>2.4</ele></trkpt><trkpt lat="-27.00051" lon="-48.642825"><ele>2.4</ele></trkpt><trkpt lat="-27.00051" lon="-48.642825"><ele>2.4</ele></trkpt><trkpt lat="-27.00051" lon="-48.642825"><ele>2.4</ele></trkpt><trkpt lat="-27.00051" lon="-48.642825"><ele>2.4</ele></trkpt><trkpt lat="-27.00051" lon="-48.642825"><ele>2.4</ele></trkpt><trkpt lat="-27.00051" lon="-48.642825"><ele>2.4</ele></trkpt><trkpt lat="-27.00051" lon="-48.642825"><ele>2.4</ele></trkpt><trkpt lat="-27.00051" lon="-48.642825"><ele>2.4</ele></trkpt><trkpt lat="-27.00051" lon="-48.642825"><ele>2.4</ele></trkpt><trkpt lat="-27.00051" lon="-48.642825"><ele>2.4</ele></trkpt><trkpt lat="-27.00051" lon="-48.642825"><ele>2.4</ele></trkpt><trkpt lat="-27.00051" lon="-48.642825"><ele>2.4</ele></trkpt><trkpt lat="-27.0005" lon="-48.642857"><ele>3.2</ele></trkpt><trkpt lat="-27.000497" lon="-48.642863"><ele>3.3</ele></trkpt><trkpt lat="-27.000498" lon="-48.642867"><ele>3.2</ele></trkpt><trkpt lat="-27.000497" lon="-48.642867"><ele>3.2</ele></trkpt><trkpt lat="-27.000495" lon="-48.642867"><ele>3</ele></trkpt><trkpt lat="-27.000495" lon="-48.642867"><ele>3</ele></trkpt><trkpt lat="-27.000495" lon="-48.642867"><ele>3</ele></trkpt><trkpt lat="-27.000495" lon="-48.642867"><ele>3</ele></trkpt><trkpt lat="-27.000495" lon="-48.642867"><ele>3</ele></trkpt><trkpt lat="-27.000495" lon="-48.642867"><ele>3</ele></trkpt><trkpt lat="-27.000495" lon="-48.642867"><ele>3</ele></trkpt><trkpt lat="-27.000495" lon="-48.642867"><ele>3</ele></trkpt><trkpt lat="-27.000495" lon="-48.642867"><ele>3</ele></trkpt><trkpt lat="-27.000495" lon="-48.642867"><ele>3</ele></trkpt><trkpt lat="-27.000495" lon="-48.642867"><ele>3</ele></trkpt><trkpt lat="-27.000495" lon="-48.642867"><ele>3</ele></trkpt><trkpt lat="-27.000495" lon="-48.642867"><ele>3</ele></trkpt><trkpt lat="-27.000495" lon="-48.642867"><ele>3</ele></trkpt><trkpt lat="-27.000495" lon="-48.642867"><ele>3</ele></trkpt><trkpt lat="-27.000495" lon="-48.642867"><ele>3</ele></trkpt><trkpt lat="-27.000495" lon="-48.642867"><ele>3</ele></trkpt><trkpt lat="-27.00048" lon="-48.64284"><ele>3.7</ele></trkpt><trkpt lat="-27.000483" lon="-48.642832"><ele>3.9</ele></trkpt><trkpt lat="-27.000487" lon="-48.642827"><ele>3.6</ele></trkpt><trkpt lat="-27.000492" lon="-48.642815"><ele>3.5</ele></trkpt><trkpt lat="-27.000497" lon="-48.64281"><ele>3.1</ele></trkpt><trkpt lat="-27.000498" lon="-48.642802"><ele>2.5</ele></trkpt><trkpt lat="-27.000503" lon="-48.642787"><ele>2</ele></trkpt><trkpt lat="-27.00051" lon="-48.642763"><ele>1.8</ele></trkpt><trkpt lat="-27.000515" lon="-48.642745"><ele>1.8</ele></trkpt><trkpt lat="-27.000515" lon="-48.642722"><ele>1.2</ele></trkpt><trkpt lat="-27.000515" lon="-48.642707"><ele>1.3</ele></trkpt><trkpt lat="-27.000515" lon="-48.642702"><ele>1.5</ele></trkpt><trkpt lat="-27.000513" lon="-48.642703"><ele>1.1</ele></trkpt><trkpt lat="-27.000515" lon="-48.642705"><ele>0.6</ele></trkpt><trkpt lat="-27.00052" lon="-48.642705"><ele>0.8</ele></trkpt><trkpt lat="-27.00052" lon="-48.642703"><ele>0.7</ele></trkpt><trkpt lat="-27.000518" lon="-48.642698"><ele>0.6</ele></trkpt><trkpt lat="-27.000518" lon="-48.642698"><ele>0.6</ele></trkpt><trkpt lat="-27.000517" lon="-48.642695"><ele>0.6</ele></trkpt><trkpt lat="-27.000517" lon="-48.64269"><ele>1</ele></trkpt><trkpt lat="-27.000515" lon="-48.642688"><ele>1.2</ele></trkpt><trkpt lat="-27.000513" lon="-48.642687"><ele>1.4</ele></trkpt><trkpt lat="-27.000513" lon="-48.642687"><ele>1.4</ele></trkpt><trkpt lat="-27.000513" lon="-48.642687"><ele>1.4</ele></trkpt><trkpt lat="-27.000513" lon="-48.642687"><ele>1.4</ele></trkpt><trkpt lat="-27.000517" lon="-48.642678"><ele>1.8</ele></trkpt><trkpt lat="-27.00052" lon="-48.642673"><ele>1.7</ele></trkpt><trkpt lat="-27.000525" lon="-48.642668"><ele>1.9</ele></trkpt><trkpt lat="-27.000528" lon="-48.64266"><ele>2.1</ele></trkpt><trkpt lat="-27.000528" lon="-48.642658"><ele>1.9</ele></trkpt><trkpt lat="-27.000528" lon="-48.64265"><ele>2.2</ele></trkpt><trkpt lat="-27.000528" lon="-48.64265"><ele>2.2</ele></trkpt><trkpt lat="-27.000528" lon="-48.64265"><ele>2.2</ele></trkpt><trkpt lat="-27.000528" lon="-48.64265"><ele>2.2</ele></trkpt><trkpt lat="-27.000528" lon="-48.64265"><ele>2.2</ele></trkpt><trkpt lat="-27.000528" lon="-48.64265"><ele>2.2</ele></trkpt><trkpt lat="-27.000528" lon="-48.64265"><ele>2.2</ele></trkpt><trkpt lat="-27.000528" lon="-48.64265"><ele>2.2</ele></trkpt><trkpt lat="-27.000528" lon="-48.64265"><ele>2.2</ele></trkpt><trkpt lat="-27.000528" lon="-48.64265"><ele>2.2</ele></trkpt><trkpt lat="-27.000528" lon="-48.64265"><ele>2.2</ele></trkpt><trkpt lat="-27.000528" lon="-48.64265"><ele>2.2</ele></trkpt><trkpt lat="-27.000528" lon="-48.64265"><ele>2.2</ele></trkpt><trkpt lat="-27.000542" lon="-48.642637"><ele>1.2</ele></trkpt><trkpt lat="-27.000552" lon="-48.642622"><ele>1.2</ele></trkpt><trkpt lat="-27.000563" lon="-48.6426"><ele>1.2</ele></trkpt><trkpt lat="-27.000578" lon="-48.642573"><ele>0.9</ele></trkpt><trkpt lat="-27.000592" lon="-48.642548"><ele>0.2</ele></trkpt><trkpt lat="-27.000602" lon="-48.642525"><ele>-0.1</ele></trkpt><trkpt lat="-27.000615" lon="-48.6425"><ele>-0.3</ele></trkpt><trkpt lat="-27.000628" lon="-48.642473"><ele>0</ele></trkpt><trkpt lat="-27.000637" lon="-48.642447"><ele>0.6</ele></trkpt><trkpt lat="-27.00064" lon="-48.642427"><ele>0.5</ele></trkpt><trkpt lat="-27.00065" lon="-48.642412"><ele>0.8</ele></trkpt><trkpt lat="-27.000647" lon="-48.642408"><ele>1</ele></trkpt><trkpt lat="-27.000643" lon="-48.642412"><ele>1.2</ele></trkpt><trkpt lat="-27.000643" lon="-48.642413"><ele>1.3</ele></trkpt><trkpt lat="-27.000642" lon="-48.642417"><ele>1.3</ele></trkpt><trkpt lat="-27.000643" lon="-48.642417"><ele>1.5</ele></trkpt><trkpt lat="-27.000643" lon="-48.642417"><ele>1.4</ele></trkpt><trkpt lat="-27.000642" lon="-48.642415"><ele>1.4</ele></trkpt><trkpt lat="-27.000642" lon="-48.642415"><ele>1.4</ele></trkpt><trkpt lat="-27.000642" lon="-48.642415"><ele>1.3</ele></trkpt><trkpt lat="-27.000642" lon="-48.642415"><ele>1.3</ele></trkpt><trkpt lat="-27.000642" lon="-48.642417"><ele>1.1</ele></trkpt><trkpt lat="-27.000643" lon="-48.642418"><ele>1.1</ele></trkpt><trkpt lat="-27.000643" lon="-48.642418"><ele>1.1</ele></trkpt><trkpt lat="-27.000643" lon="-48.642418"><ele>1.1</ele></trkpt><trkpt lat="-27.000643" lon="-48.642418"><ele>1.1</ele></trkpt><trkpt lat="-27.000643" lon="-48.642418"><ele>1.1</ele></trkpt><trkpt lat="-27.000643" lon="-48.642418"><ele>1.1</ele></trkpt><trkpt lat="-27.000643" lon="-48.642418"><ele>1.1</ele></trkpt><trkpt lat="-27.000657" lon="-48.642422"><ele>0.1</ele></trkpt><trkpt lat="-27.000665" lon="-48.642403"><ele>0.1</ele></trkpt><trkpt lat="-27.00068" lon="-48.64238"><ele>0</ele></trkpt><trkpt lat="-27.000693" lon="-48.642352"><ele>-0.1</ele></trkpt><trkpt lat="-27.000707" lon="-48.642323"><ele>-0.4</ele></trkpt><trkpt lat="-27.000707" lon="-48.642323"><ele>-0.4</ele></trkpt><trkpt lat="-27.000718" lon="-48.642295"><ele>-0.5</ele></trkpt><trkpt lat="-27.000735" lon="-48.642263"><ele>-0.1</ele></trkpt><trkpt lat="-27.000748" lon="-48.642235"><ele>0.7</ele></trkpt><trkpt lat="-27.00076" lon="-48.642205"><ele>1</ele></trkpt><trkpt lat="-27.000767" lon="-48.642173"><ele>1.5</ele></trkpt><trkpt lat="-27.000772" lon="-48.642138"><ele>2.8</ele></trkpt><trkpt lat="-27.000778" lon="-48.642115"><ele>2.5</ele></trkpt><trkpt lat="-27.000783" lon="-48.642082"><ele>2.3</ele></trkpt><trkpt lat="-27.00079" lon="-48.642048"><ele>2.6</ele></trkpt><trkpt lat="-27.000795" lon="-48.642018"><ele>2.4</ele></trkpt><trkpt lat="-27.000797" lon="-48.641993"><ele>2.3</ele></trkpt><trkpt lat="-27.000802" lon="-48.641978"><ele>1.7</ele></trkpt><trkpt lat="-27.000807" lon="-48.641968"><ele>1.4</ele></trkpt><trkpt lat="-27.000813" lon="-48.641962"><ele>1.9</ele></trkpt><trkpt lat="-27.000813" lon="-48.64196"><ele>1.5</ele></trkpt><trkpt lat="-27.000817" lon="-48.64196"><ele>1.5</ele></trkpt><trkpt lat="-27.000817" lon="-48.641962"><ele>2.2</ele></trkpt><trkpt lat="-27.00082" lon="-48.64197"><ele>2.5</ele></trkpt><trkpt lat="-27.000822" lon="-48.64198"><ele>3</ele></trkpt><trkpt lat="-27.000818" lon="-48.641992"><ele>3.5</ele></trkpt><trkpt lat="-27.000815" lon="-48.642002"><ele>3.5</ele></trkpt><trkpt lat="-27.000822" lon="-48.64201"><ele>3.6</ele></trkpt><trkpt lat="-27.000838" lon="-48.64202"><ele>3.5</ele></trkpt><trkpt lat="-27.000853" lon="-48.642023"><ele>3.5</ele></trkpt><trkpt lat="-27.000865" lon="-48.642025"><ele>3.6</ele></trkpt><trkpt lat="-27.000877" lon="-48.642025"><ele>3.6</ele></trkpt><trkpt lat="-27.000887" lon="-48.642022"><ele>3.7</ele></trkpt><trkpt lat="-27.000885" lon="-48.642018"><ele>3.9</ele></trkpt><trkpt lat="-27.000882" lon="-48.64202"><ele>3.7</ele></trkpt><trkpt lat="-27.000882" lon="-48.64202"><ele>3.4</ele></trkpt><trkpt lat="-27.000877" lon="-48.642022"><ele>3</ele></trkpt><trkpt lat="-27.000875" lon="-48.64202"><ele>2.7</ele></trkpt><trkpt lat="-27.000873" lon="-48.642018"><ele>2.2</ele></trkpt><trkpt lat="-27.000873" lon="-48.642018"><ele>1.8</ele></trkpt><trkpt lat="-27.000872" lon="-48.642018"><ele>1.8</ele></trkpt><trkpt lat="-27.00087" lon="-48.642017"><ele>1.5</ele></trkpt><trkpt lat="-27.00087" lon="-48.642015"><ele>1</ele></trkpt><trkpt lat="-27.00087" lon="-48.642015"><ele>1</ele></trkpt><trkpt lat="-27.00087" lon="-48.642015"><ele>1</ele></trkpt><trkpt lat="-27.00087" lon="-48.642015"><ele>1</ele></trkpt><trkpt lat="-27.00087" lon="-48.642015"><ele>1</ele></trkpt><trkpt lat="-27.00087" lon="-48.642015"><ele>1</ele></trkpt><trkpt lat="-27.00087" lon="-48.642015"><ele>1</ele></trkpt><trkpt lat="-27.00087" lon="-48.642015"><ele>1</ele></trkpt><trkpt lat="-27.00087" lon="-48.642015"><ele>1</ele></trkpt><trkpt lat="-27.00087" lon="-48.642015"><ele>1</ele></trkpt><trkpt lat="-27.00087" lon="-48.642015"><ele>1</ele></trkpt><trkpt lat="-27.00087" lon="-48.642015"><ele>1</ele></trkpt><trkpt lat="-27.00087" lon="-48.642015"><ele>1</ele></trkpt><trkpt lat="-27.00087" lon="-48.642015"><ele>1</ele></trkpt><trkpt lat="-27.00087" lon="-48.642015"><ele>1</ele></trkpt><trkpt lat="-27.00087" lon="-48.642015"><ele>1</ele></trkpt><trkpt lat="-27.00087" lon="-48.642015"><ele>1</ele></trkpt><trkpt lat="-27.00087" lon="-48.642015"><ele>1</ele></trkpt><trkpt lat="-27.00087" lon="-48.642015"><ele>1</ele></trkpt><trkpt lat="-27.00087" lon="-48.642015"><ele>1</ele></trkpt><trkpt lat="-27.00087" lon="-48.642015"><ele>1</ele></trkpt><trkpt lat="-27.00087" lon="-48.642015"><ele>1</ele></trkpt><trkpt lat="-27.00087" lon="-48.642015"><ele>1</ele></trkpt><trkpt lat="-27.00087" lon="-48.642015"><ele>1</ele></trkpt><trkpt lat="-27.00087" lon="-48.642015"><ele>1</ele></trkpt><trkpt lat="-27.00087" lon="-48.642015"><ele>1</ele></trkpt><trkpt lat="-27.00087" lon="-48.642015"><ele>1</ele></trkpt><trkpt lat="-27.00087" lon="-48.642015"><ele>1</ele></trkpt><trkpt lat="-27.00087" lon="-48.642015"><ele>1</ele></trkpt><trkpt lat="-27.00087" lon="-48.642015"><ele>1</ele></trkpt><trkpt lat="-27.00087" lon="-48.642015"><ele>1</ele></trkpt><trkpt lat="-27.00087" lon="-48.642015"><ele>1</ele></trkpt><trkpt lat="-27.00087" lon="-48.642015"><ele>1</ele></trkpt><trkpt lat="-27.00087" lon="-48.642015"><ele>1</ele></trkpt><trkpt lat="-27.00087" lon="-48.642015"><ele>1</ele></trkpt><trkpt lat="-27.00087" lon="-48.642015"><ele>1</ele></trkpt><trkpt lat="-27.00087" lon="-48.642015"><ele>1</ele></trkpt><trkpt lat="-27.00087" lon="-48.642015"><ele>1</ele></trkpt><trkpt lat="-27.00087" lon="-48.642015"><ele>1</ele></trkpt><trkpt lat="-27.00087" lon="-48.642015"><ele>1</ele></trkpt><trkpt lat="-27.00087" lon="-48.642015"><ele>1</ele></trkpt><trkpt lat="-27.00087" lon="-48.642015"><ele>1</ele></trkpt><trkpt lat="-27.00087" lon="-48.642015"><ele>1</ele></trkpt><trkpt lat="-27.00087" lon="-48.642015"><ele>1</ele></trkpt><trkpt lat="-27.00087" lon="-48.642015"><ele>1</ele></trkpt><trkpt lat="-27.00087" lon="-48.642015"><ele>1</ele></trkpt><trkpt lat="-27.00087" lon="-48.642015"><ele>1</ele></trkpt><trkpt lat="-27.00087" lon="-48.642015"><ele>1</ele></trkpt><trkpt lat="-27.00087" lon="-48.642015"><ele>1</ele></trkpt><trkpt lat="-27.00087" lon="-48.642015"><ele>1</ele></trkpt><trkpt lat="-27.00087" lon="-48.642015"><ele>1</ele></trkpt><trkpt lat="-27.00087" lon="-48.642015"><ele>1</ele></trkpt><trkpt lat="-27.00087" lon="-48.642015"><ele>1</ele></trkpt><trkpt lat="-27.00087" lon="-48.642015"><ele>1</ele></trkpt><trkpt lat="-27.00087" lon="-48.642015"><ele>1</ele></trkpt><trkpt lat="-27.00087" lon="-48.642015"><ele>1</ele></trkpt><trkpt lat="-27.00087" lon="-48.642015"><ele>1</ele></trkpt><trkpt lat="-27.00087" lon="-48.642015"><ele>1</ele></trkpt><trkpt lat="-27.00087" lon="-48.642015"><ele>1</ele></trkpt><trkpt lat="-27.00087" lon="-48.642015"><ele>1</ele></trkpt><trkpt lat="-27.00087" lon="-48.642015"><ele>1</ele></trkpt><trkpt lat="-27.00087" lon="-48.642015"><ele>1</ele></trkpt><trkpt lat="-27.00087" lon="-48.642015"><ele>1</ele></trkpt><trkpt lat="-27.00087" lon="-48.642015"><ele>1</ele></trkpt><trkpt lat="-27.00087" lon="-48.642015"><ele>1</ele></trkpt><trkpt lat="-27.00087" lon="-48.642015"><ele>1</ele></trkpt><trkpt lat="-27.00087" lon="-48.642015"><ele>1</ele></trkpt><trkpt lat="-27.00087" lon="-48.642015"><ele>1</ele></trkpt><trkpt lat="-27.00087" lon="-48.642015"><ele>1</ele></trkpt><trkpt lat="-27.00087" lon="-48.642015"><ele>1</ele></trkpt><trkpt lat="-27.00087" lon="-48.642015"><ele>1</ele></trkpt><trkpt lat="-27.00087" lon="-48.642015"><ele>1</ele></trkpt><trkpt lat="-27.00087" lon="-48.642015"><ele>1</ele></trkpt><trkpt lat="-27.000835" lon="-48.642003"><ele>1.3</ele></trkpt><trkpt lat="-27.000827" lon="-48.641997"><ele>1.1</ele></trkpt><trkpt lat="-27.000813" lon="-48.64199"><ele>1</ele></trkpt><trkpt lat="-27.0008" lon="-48.64198"><ele>0.9</ele></trkpt><trkpt lat="-27.000793" lon="-48.641973"><ele>0.8</ele></trkpt><trkpt lat="-27.000788" lon="-48.641967"><ele>1.3</ele></trkpt><trkpt lat="-27.000785" lon="-48.641962"><ele>1.3</ele></trkpt><trkpt lat="-27.00078" lon="-48.641958"><ele>1.5</ele></trkpt><trkpt lat="-27.000777" lon="-48.641953"><ele>1.5</ele></trkpt><trkpt lat="-27.000773" lon="-48.641947"><ele>1.6</ele></trkpt><trkpt lat="-27.00077" lon="-48.641945"><ele>1.5</ele></trkpt><trkpt lat="-27.000768" lon="-48.641948"><ele>1.4</ele></trkpt><trkpt lat="-27.000767" lon="-48.64195"><ele>1.3</ele></trkpt><trkpt lat="-27.000767" lon="-48.641952"><ele>1.3</ele></trkpt><trkpt lat="-27.000765" lon="-48.641953"><ele>1.2</ele></trkpt><trkpt lat="-27.000765" lon="-48.641953"><ele>1</ele></trkpt><trkpt lat="-27.000765" lon="-48.641953"><ele>1</ele></trkpt><trkpt lat="-27.000765" lon="-48.641953"><ele>1</ele></trkpt><trkpt lat="-27.000765" lon="-48.641953"><ele>1</ele></trkpt><trkpt lat="-27.000765" lon="-48.641953"><ele>1</ele></trkpt><trkpt lat="-27.000765" lon="-48.641953"><ele>1</ele></trkpt><trkpt lat="-27.000765" lon="-48.641953"><ele>1</ele></trkpt><trkpt lat="-27.000765" lon="-48.641953"><ele>1</ele></trkpt><trkpt lat="-27.000765" lon="-48.641953"><ele>1</ele></trkpt><trkpt lat="-27.000765" lon="-48.641953"><ele>1</ele></trkpt><trkpt lat="-27.000765" lon="-48.641953"><ele>1</ele></trkpt><trkpt lat="-27.000765" lon="-48.641953"><ele>1</ele></trkpt><trkpt lat="-27.000765" lon="-48.641953"><ele>1</ele></trkpt><trkpt lat="-27.000765" lon="-48.641953"><ele>1</ele></trkpt><trkpt lat="-27.000765" lon="-48.641953"><ele>1</ele></trkpt><trkpt lat="-27.000765" lon="-48.641953"><ele>1</ele></trkpt><trkpt lat="-27.000765" lon="-48.641953"><ele>1</ele></trkpt><trkpt lat="-27.000765" lon="-48.641953"><ele>1</ele></trkpt><trkpt lat="-27.000765" lon="-48.641953"><ele>1</ele></trkpt><trkpt lat="-27.000765" lon="-48.641953"><ele>1</ele></trkpt><trkpt lat="-27.000765" lon="-48.641953"><ele>1</ele></trkpt><trkpt lat="-27.000785" lon="-48.641973"><ele>1.6</ele></trkpt><trkpt lat="-27.000787" lon="-48.641967"><ele>1.6</ele></trkpt><trkpt lat="-27.000787" lon="-48.641962"><ele>1.9</ele></trkpt><trkpt lat="-27.00079" lon="-48.641962"><ele>1.8</ele></trkpt><trkpt lat="-27.000792" lon="-48.641963"><ele>1.6</ele></trkpt><trkpt lat="-27.000792" lon="-48.641967"><ele>1.4</ele></trkpt><trkpt lat="-27.000792" lon="-48.641967"><ele>1.3</ele></trkpt><trkpt lat="-27.000793" lon="-48.641967"><ele>1.1</ele></trkpt><trkpt lat="-27.000795" lon="-48.641967"><ele>1</ele></trkpt><trkpt lat="-27.000797" lon="-48.641967"><ele>0.9</ele></trkpt><trkpt lat="-27.000798" lon="-48.641967"><ele>0.8</ele></trkpt><trkpt lat="-27.000798" lon="-48.641965"><ele>0.7</ele></trkpt><trkpt lat="-27.000798" lon="-48.641965"><ele>0.7</ele></trkpt><trkpt lat="-27.000798" lon="-48.641965"><ele>0.7</ele></trkpt><trkpt lat="-27.000778" lon="-48.641957"><ele>0</ele></trkpt><trkpt lat="-27.000775" lon="-48.641953"><ele>-0.3</ele></trkpt><trkpt lat="-27.000772" lon="-48.641952"><ele>-0.4</ele></trkpt><trkpt lat="-27.000768" lon="-48.641952"><ele>-0.9</ele></trkpt><trkpt lat="-27.000768" lon="-48.641957"><ele>-1.4</ele></trkpt><trkpt lat="-27.000768" lon="-48.641962"><ele>-1.8</ele></trkpt><trkpt lat="-27.000768" lon="-48.641965"><ele>-2</ele></trkpt><trkpt lat="-27.000767" lon="-48.641965"><ele>-2.1</ele></trkpt><trkpt lat="-27.000767" lon="-48.641967"><ele>-2</ele></trkpt><trkpt lat="-27.000767" lon="-48.641967"><ele>-2</ele></trkpt><trkpt lat="-27.000767" lon="-48.641967"><ele>-2</ele></trkpt><trkpt lat="-27.000767" lon="-48.641967"><ele>-2</ele></trkpt><trkpt lat="-27.000767" lon="-48.641967"><ele>-2</ele></trkpt><trkpt lat="-27.000767" lon="-48.641967"><ele>-2</ele></trkpt><trkpt lat="-27.000767" lon="-48.641967"><ele>-2</ele></trkpt><trkpt lat="-27.000767" lon="-48.641967"><ele>-2</ele></trkpt><trkpt lat="-27.000767" lon="-48.641967"><ele>-2</ele></trkpt><trkpt lat="-27.000767" lon="-48.641967"><ele>-2</ele></trkpt><trkpt lat="-27.000767" lon="-48.641967"><ele>-2</ele></trkpt><trkpt lat="-27.000767" lon="-48.641967"><ele>-2</ele></trkpt><trkpt lat="-27.000767" lon="-48.641967"><ele>-2</ele></trkpt><trkpt lat="-27.000767" lon="-48.641967"><ele>-2</ele></trkpt><trkpt lat="-27.000767" lon="-48.641967"><ele>-2</ele></trkpt><trkpt lat="-27.000767" lon="-48.641967"><ele>-2</ele></trkpt><trkpt lat="-27.000767" lon="-48.641967"><ele>-2</ele></trkpt><trkpt lat="-27.000767" lon="-48.641967"><ele>-2</ele></trkpt><trkpt lat="-27.000767" lon="-48.641967"><ele>-2</ele></trkpt><trkpt lat="-27.000767" lon="-48.641967"><ele>-2</ele></trkpt><trkpt lat="-27.000767" lon="-48.641967"><ele>-2</ele></trkpt><trkpt lat="-27.000767" lon="-48.641967"><ele>-2</ele></trkpt><trkpt lat="-27.000767" lon="-48.641967"><ele>-2</ele></trkpt><trkpt lat="-27.000767" lon="-48.641967"><ele>-2</ele></trkpt><trkpt lat="-27.000767" lon="-48.641967"><ele>-2</ele></trkpt><trkpt lat="-27.000767" lon="-48.641967"><ele>-2</ele></trkpt><trkpt lat="-27.000767" lon="-48.641967"><ele>-2</ele></trkpt><trkpt lat="-27.000767" lon="-48.641967"><ele>-2</ele></trkpt><trkpt lat="-27.000767" lon="-48.641967"><ele>-2</ele></trkpt><trkpt lat="-27.000767" lon="-48.641967"><ele>-2</ele></trkpt><trkpt lat="-27.000767" lon="-48.641967"><ele>-2</ele></trkpt><trkpt lat="-27.000767" lon="-48.641967"><ele>-2</ele></trkpt><trkpt lat="-27.000767" lon="-48.641967"><ele>-2</ele></trkpt><trkpt lat="-27.000767" lon="-48.641967"><ele>-2</ele></trkpt><trkpt lat="-27.000767" lon="-48.641967"><ele>-2</ele></trkpt><trkpt lat="-27.000767" lon="-48.641967"><ele>-2</ele></trkpt><trkpt lat="-27.000767" lon="-48.641967"><ele>-2</ele></trkpt><trkpt lat="-27.000767" lon="-48.641967"><ele>-2</ele></trkpt><trkpt lat="-27.000767" lon="-48.641967"><ele>-2</ele></trkpt><trkpt lat="-27.000807" lon="-48.642015"><ele>0</ele></trkpt><trkpt lat="-27.000802" lon="-48.642008"><ele>0.3</ele></trkpt><trkpt lat="-27.000795" lon="-48.642"><ele>0.5</ele></trkpt><trkpt lat="-27.000788" lon="-48.641993"><ele>0.9</ele></trkpt><trkpt lat="-27.000783" lon="-48.641988"><ele>1.2</ele></trkpt><trkpt lat="-27.000783" lon="-48.641988"><ele>1.2</ele></trkpt><trkpt lat="-27.000783" lon="-48.641988"><ele>1.2</ele></trkpt><trkpt lat="-27.000785" lon="-48.641987"><ele>1.6</ele></trkpt><trkpt lat="-27.000783" lon="-48.641985"><ele>1.8</ele></trkpt><trkpt lat="-27.000783" lon="-48.641985"><ele>2</ele></trkpt><trkpt lat="-27.000782" lon="-48.641983"><ele>2.2</ele></trkpt><trkpt lat="-27.000782" lon="-48.641983"><ele>2.2</ele></trkpt><trkpt lat="-27.000782" lon="-48.641983"><ele>2.2</ele></trkpt><trkpt lat="-27.000782" lon="-48.641983"><ele>2.2</ele></trkpt><trkpt lat="-27.000782" lon="-48.641983"><ele>2.2</ele></trkpt><trkpt lat="-27.000782" lon="-48.641983"><ele>2.2</ele></trkpt><trkpt lat="-27.000782" lon="-48.641983"><ele>2.2</ele></trkpt><trkpt lat="-27.000782" lon="-48.641983"><ele>2.2</ele></trkpt><trkpt lat="-27.000782" lon="-48.641983"><ele>2.2</ele></trkpt><trkpt lat="-27.000782" lon="-48.641983"><ele>2.2</ele></trkpt><trkpt lat="-27.000782" lon="-48.641983"><ele>2.2</ele></trkpt><trkpt lat="-27.000782" lon="-48.641983"><ele>2.2</ele></trkpt><trkpt lat="-27.000782" lon="-48.641983"><ele>2.2</ele></trkpt><trkpt lat="-27.000782" lon="-48.641983"><ele>2.2</ele></trkpt><trkpt lat="-27.000782" lon="-48.641983"><ele>2.2</ele></trkpt><trkpt lat="-27.000782" lon="-48.641983"><ele>2.2</ele></trkpt><trkpt lat="-27.000782" lon="-48.641983"><ele>2.9</ele></trkpt><trkpt lat="-27.000787" lon="-48.641985"><ele>2.8</ele></trkpt><trkpt lat="-27.00079" lon="-48.641985"><ele>2.6</ele></trkpt><trkpt lat="-27.000793" lon="-48.641985"><ele>2.3</ele></trkpt><trkpt lat="-27.000793" lon="-48.641985"><ele>2.3</ele></trkpt><trkpt lat="-27.000793" lon="-48.641985"><ele>2.3</ele></trkpt><trkpt lat="-27.000793" lon="-48.641985"><ele>2.3</ele></trkpt><trkpt lat="-27.000793" lon="-48.641985"><ele>2.3</ele></trkpt><trkpt lat="-27.000793" lon="-48.641985"><ele>2.3</ele></trkpt><trkpt lat="-27.000793" lon="-48.641985"><ele>2.3</ele></trkpt><trkpt lat="-27.000793" lon="-48.641985"><ele>2.3</ele></trkpt><trkpt lat="-27.000793" lon="-48.641985"><ele>2.3</ele></trkpt><trkpt lat="-27.000793" lon="-48.641985"><ele>2.3</ele></trkpt><trkpt lat="-27.000793" lon="-48.641985"><ele>2.3</ele></trkpt><trkpt lat="-27.000793" lon="-48.641985"><ele>2.3</ele></trkpt><trkpt lat="-27.000807" lon="-48.64197"><ele>2.2</ele></trkpt><trkpt lat="-27.000803" lon="-48.64197"><ele>2.1</ele></trkpt><trkpt lat="-27.000802" lon="-48.64197"><ele>1.6</ele></trkpt><trkpt lat="-27.000798" lon="-48.641968"><ele>1.7</ele></trkpt><trkpt lat="-27.000798" lon="-48.641968"><ele>1.7</ele></trkpt><trkpt lat="-27.000798" lon="-48.641958"><ele>1.9</ele></trkpt><trkpt lat="-27.000797" lon="-48.641953"><ele>1.8</ele></trkpt><trkpt lat="-27.000797" lon="-48.64195"><ele>1.9</ele></trkpt><trkpt lat="-27.000797" lon="-48.641943"><ele>2</ele></trkpt><trkpt lat="-27.000798" lon="-48.641938"><ele>2</ele></trkpt><trkpt lat="-27.0008" lon="-48.64194"><ele>1.9</ele></trkpt><trkpt lat="-27.000802" lon="-48.641943"><ele>1.8</ele></trkpt><trkpt lat="-27.0008" lon="-48.641945"><ele>1.7</ele></trkpt><trkpt lat="-27.0008" lon="-48.641945"><ele>1.7</ele></trkpt><trkpt lat="-27.0008" lon="-48.641945"><ele>1.7</ele></trkpt><trkpt lat="-27.0008" lon="-48.641945"><ele>1.7</ele></trkpt><trkpt lat="-27.0008" lon="-48.641945"><ele>1.7</ele></trkpt><trkpt lat="-27.0008" lon="-48.641945"><ele>1.7</ele></trkpt><trkpt lat="-27.0008" lon="-48.641945"><ele>1.7</ele></trkpt><trkpt lat="-27.0008" lon="-48.641945"><ele>1.7</ele></trkpt><trkpt lat="-27.000798" lon="-48.641933"><ele>0.6</ele></trkpt><trkpt lat="-27.000802" lon="-48.641932"><ele>0.4</ele></trkpt><trkpt lat="-27.000807" lon="-48.641925"><ele>-0.1</ele></trkpt><trkpt lat="-27.00081" lon="-48.641913"><ele>-0.3</ele></trkpt><trkpt lat="-27.000815" lon="-48.641897"><ele>-0.6</ele></trkpt><trkpt lat="-27.00082" lon="-48.64188"><ele>-0.7</ele></trkpt><trkpt lat="-27.000823" lon="-48.641862"><ele>-0.9</ele></trkpt><trkpt lat="-27.00083" lon="-48.641837"><ele>-1.1</ele></trkpt><trkpt lat="-27.000838" lon="-48.641818"><ele>-0.8</ele></trkpt><trkpt lat="-27.000847" lon="-48.641803"><ele>-0.1</ele></trkpt><trkpt lat="-27.000848" lon="-48.641795"><ele>0.5</ele></trkpt><trkpt lat="-27.000837" lon="-48.641788"><ele>1.1</ele></trkpt><trkpt lat="-27.000833" lon="-48.641778"><ele>1.8</ele></trkpt><trkpt lat="-27.000835" lon="-48.641768"><ele>2.5</ele></trkpt><trkpt lat="-27.00084" lon="-48.641763"><ele>3.1</ele></trkpt><trkpt lat="-27.00084" lon="-48.641762"><ele>3.5</ele></trkpt><trkpt lat="-27.00084" lon="-48.641762"><ele>3.6</ele></trkpt><trkpt lat="-27.00084" lon="-48.641762"><ele>3.4</ele></trkpt><trkpt lat="-27.00084" lon="-48.641762"><ele>3.4</ele></trkpt><trkpt lat="-27.00084" lon="-48.641762"><ele>3.3</ele></trkpt><trkpt lat="-27.000842" lon="-48.641763"><ele>3.3</ele></trkpt><trkpt lat="-27.000842" lon="-48.641765"><ele>3.4</ele></trkpt><trkpt lat="-27.000843" lon="-48.641767"><ele>3.4</ele></trkpt><trkpt lat="-27.000845" lon="-48.641767"><ele>3.5</ele></trkpt><trkpt lat="-27.000847" lon="-48.641768"><ele>3.6</ele></trkpt><trkpt lat="-27.000847" lon="-48.641768"><ele>3.6</ele></trkpt><trkpt lat="-27.000847" lon="-48.641768"><ele>3.6</ele></trkpt><trkpt lat="-27.000847" lon="-48.641768"><ele>3.6</ele></trkpt><trkpt lat="-27.000847" lon="-48.641768"><ele>3.6</ele></trkpt><trkpt lat="-27.000847" lon="-48.641768"><ele>3.6</ele></trkpt><trkpt lat="-27.000847" lon="-48.641768"><ele>3.6</ele></trkpt><trkpt lat="-27.000862" lon="-48.641763"><ele>3</ele></trkpt><trkpt lat="-27.000872" lon="-48.641752"><ele>2.5</ele></trkpt><trkpt lat="-27.000883" lon="-48.641735"><ele>2.3</ele></trkpt><trkpt lat="-27.000888" lon="-48.641713"><ele>2.4</ele></trkpt><trkpt lat="-27.000897" lon="-48.641692"><ele>2.3</ele></trkpt><trkpt lat="-27.000905" lon="-48.641663"><ele>2</ele></trkpt><trkpt lat="-27.000912" lon="-48.641642"><ele>1.9</ele></trkpt><trkpt lat="-27.000923" lon="-48.641613"><ele>2</ele></trkpt><trkpt lat="-27.000938" lon="-48.641582"><ele>2.4</ele></trkpt><trkpt lat="-27.000945" lon="-48.641552"><ele>2.6</ele></trkpt><trkpt lat="-27.000955" lon="-48.641527"><ele>2.9</ele></trkpt><trkpt lat="-27.000978" lon="-48.641495"><ele>3.8</ele></trkpt><trkpt lat="-27.000997" lon="-48.641465"><ele>4.9</ele></trkpt><trkpt lat="-27.001013" lon="-48.641432"><ele>5.1</ele></trkpt><trkpt lat="-27.001023" lon="-48.641395"><ele>5.2</ele></trkpt><trkpt lat="-27.001028" lon="-48.641357"><ele>4.6</ele></trkpt><trkpt lat="-27.001032" lon="-48.641317"><ele>4.2</ele></trkpt><trkpt lat="-27.001038" lon="-48.641278"><ele>4</ele></trkpt><trkpt lat="-27.001043" lon="-48.641238"><ele>3</ele></trkpt><trkpt lat="-27.001052" lon="-48.641213"><ele>3.2</ele></trkpt><trkpt lat="-27.001052" lon="-48.64119"><ele>2</ele></trkpt><trkpt lat="-27.001053" lon="-48.641172"><ele>1.3</ele></trkpt><trkpt lat="-27.001058" lon="-48.641158"><ele>0.2</ele></trkpt><trkpt lat="-27.001062" lon="-48.641152"><ele>0</ele></trkpt><trkpt lat="-27.00106" lon="-48.641148"><ele>-0.2</ele></trkpt><trkpt lat="-27.001057" lon="-48.641145"><ele>-0.5</ele></trkpt><trkpt lat="-27.001053" lon="-48.641143"><ele>-0.5</ele></trkpt><trkpt lat="-27.001048" lon="-48.641142"><ele>0</ele></trkpt><trkpt lat="-27.001043" lon="-48.641138"><ele>0.3</ele></trkpt><trkpt lat="-27.001043" lon="-48.641135"><ele>0.6</ele></trkpt><trkpt lat="-27.001043" lon="-48.641135"><ele>0.6</ele></trkpt><trkpt lat="-27.001042" lon="-48.641135"><ele>1</ele></trkpt><trkpt lat="-27.001042" lon="-48.641135"><ele>1.2</ele></trkpt><trkpt lat="-27.00104" lon="-48.641135"><ele>1.3</ele></trkpt><trkpt lat="-27.001038" lon="-48.641133"><ele>1.2</ele></trkpt><trkpt lat="-27.001038" lon="-48.641133"><ele>1.2</ele></trkpt><trkpt lat="-27.001038" lon="-48.641133"><ele>1.2</ele></trkpt><trkpt lat="-27.001038" lon="-48.641133"><ele>1.2</ele></trkpt><trkpt lat="-27.001038" lon="-48.641133"><ele>1.2</ele></trkpt><trkpt lat="-27.001038" lon="-48.641133"><ele>1.2</ele></trkpt><trkpt lat="-27.001038" lon="-48.641133"><ele>1.2</ele></trkpt><trkpt lat="-27.001038" lon="-48.641133"><ele>1.2</ele></trkpt><trkpt lat="-27.001038" lon="-48.641133"><ele>1.2</ele></trkpt><trkpt lat="-27.001038" lon="-48.641133"><ele>1.2</ele></trkpt><trkpt lat="-27.001038" lon="-48.641133"><ele>1.2</ele></trkpt><trkpt lat="-27.001038" lon="-48.641133"><ele>1.2</ele></trkpt><trkpt lat="-27.001038" lon="-48.641133"><ele>1.2</ele></trkpt><trkpt lat="-27.001038" lon="-48.641133"><ele>1.2</ele></trkpt><trkpt lat="-27.001038" lon="-48.641133"><ele>1.2</ele></trkpt><trkpt lat="-27.001038" lon="-48.641133"><ele>1.2</ele></trkpt><trkpt lat="-27.001038" lon="-48.641133"><ele>1.2</ele></trkpt><trkpt lat="-27.001042" lon="-48.641115"><ele>2.5</ele></trkpt><trkpt lat="-27.001047" lon="-48.641093"><ele>3.1</ele></trkpt><trkpt lat="-27.001055" lon="-48.641065"><ele>3.6</ele></trkpt><trkpt lat="-27.001062" lon="-48.641038"><ele>4</ele></trkpt><trkpt lat="-27.00107" lon="-48.641008"><ele>4.5</ele></trkpt><trkpt lat="-27.001078" lon="-48.640975"><ele>4.8</ele></trkpt><trkpt lat="-27.00109" lon="-48.64094"><ele>5.3</ele></trkpt><trkpt lat="-27.001098" lon="-48.640908"><ele>5.7</ele></trkpt><trkpt lat="-27.0011" lon="-48.640883"><ele>5.5</ele></trkpt><trkpt lat="-27.001103" lon="-48.640868"><ele>5.3</ele></trkpt><trkpt lat="-27.001102" lon="-48.640863"><ele>5.6</ele></trkpt><trkpt lat="-27.001102" lon="-48.640865"><ele>5.5</ele></trkpt><trkpt lat="-27.0011" lon="-48.640865"><ele>5.6</ele></trkpt><trkpt lat="-27.0011" lon="-48.640865"><ele>5.8</ele></trkpt><trkpt lat="-27.0011" lon="-48.640863"><ele>5.8</ele></trkpt><trkpt lat="-27.0011" lon="-48.640862"><ele>5.6</ele></trkpt><trkpt lat="-27.0011" lon="-48.640862"><ele>5.6</ele></trkpt><trkpt lat="-27.0011" lon="-48.64086"><ele>5.5</ele></trkpt><trkpt lat="-27.0011" lon="-48.640858"><ele>5.3</ele></trkpt><trkpt lat="-27.0011" lon="-48.640858"><ele>5.3</ele></trkpt><trkpt lat="-27.0011" lon="-48.640857"><ele>5.1</ele></trkpt><trkpt lat="-27.0011" lon="-48.640857"><ele>4.9</ele></trkpt><trkpt lat="-27.0011" lon="-48.640857"><ele>4.9</ele></trkpt><trkpt lat="-27.0011" lon="-48.640857"><ele>4.9</ele></trkpt><trkpt lat="-27.0011" lon="-48.640857"><ele>4.9</ele></trkpt><trkpt lat="-27.0011" lon="-48.640857"><ele>4.9</ele></trkpt><trkpt lat="-27.0011" lon="-48.640857"><ele>4.9</ele></trkpt><trkpt lat="-27.0011" lon="-48.640857"><ele>4.9</ele></trkpt><trkpt lat="-27.0011" lon="-48.640857"><ele>4.9</ele></trkpt><trkpt lat="-27.0011" lon="-48.640857"><ele>4.9</ele></trkpt><trkpt lat="-27.0011" lon="-48.640857"><ele>4.9</ele></trkpt><trkpt lat="-27.0011" lon="-48.640857"><ele>4.9</ele></trkpt><trkpt lat="-27.0011" lon="-48.640857"><ele>4.9</ele></trkpt><trkpt lat="-27.0011" lon="-48.640857"><ele>4.9</ele></trkpt><trkpt lat="-27.0011" lon="-48.640857"><ele>4.9</ele></trkpt><trkpt lat="-27.0011" lon="-48.640857"><ele>4.9</ele></trkpt><trkpt lat="-27.0011" lon="-48.640857"><ele>4.9</ele></trkpt><trkpt lat="-27.0011" lon="-48.640857"><ele>4.9</ele></trkpt><trkpt lat="-27.001098" lon="-48.640873"><ele>2.8</ele></trkpt><trkpt lat="-27.001103" lon="-48.640868"><ele>3.2</ele></trkpt><trkpt lat="-27.00111" lon="-48.640853"><ele>3.5</ele></trkpt><trkpt lat="-27.001117" lon="-48.640837"><ele>3.7</ele></trkpt><trkpt lat="-27.001122" lon="-48.640818"><ele>3.6</ele></trkpt><trkpt lat="-27.001128" lon="-48.6408"><ele>3.7</ele></trkpt><trkpt lat="-27.001137" lon="-48.640775"><ele>3.8</ele></trkpt><trkpt lat="-27.001143" lon="-48.640747"><ele>3.8</ele></trkpt><trkpt lat="-27.001147" lon="-48.640718"><ele>3.9</ele></trkpt><trkpt lat="-27.001153" lon="-48.640697"><ele>3.6</ele></trkpt><trkpt lat="-27.001162" lon="-48.640678"><ele>3.9</ele></trkpt><trkpt lat="-27.001165" lon="-48.640665"><ele>4.7</ele></trkpt><trkpt lat="-27.001165" lon="-48.64066"><ele>4.7</ele></trkpt><trkpt lat="-27.001165" lon="-48.64066"><ele>4.7</ele></trkpt><trkpt lat="-27.001163" lon="-48.640662"><ele>4.8</ele></trkpt><trkpt lat="-27.001162" lon="-48.640662"><ele>4.4</ele></trkpt><trkpt lat="-27.001162" lon="-48.640663"><ele>4.2</ele></trkpt><trkpt lat="-27.001165" lon="-48.64067"><ele>4.2</ele></trkpt><trkpt lat="-27.001167" lon="-48.640672"><ele>4</ele></trkpt><trkpt lat="-27.001167" lon="-48.640672"><ele>3.7</ele></trkpt><trkpt lat="-27.001165" lon="-48.640672"><ele>3.4</ele></trkpt><trkpt lat="-27.001163" lon="-48.640673"><ele>3.3</ele></trkpt><trkpt lat="-27.001165" lon="-48.640677"><ele>3.2</ele></trkpt><trkpt lat="-27.001165" lon="-48.640677"><ele>3.2</ele></trkpt><trkpt lat="-27.001165" lon="-48.640677"><ele>3.2</ele></trkpt><trkpt lat="-27.001165" lon="-48.640677"><ele>3.2</ele></trkpt><trkpt lat="-27.001165" lon="-48.640677"><ele>3.2</ele></trkpt><trkpt lat="-27.001165" lon="-48.640677"><ele>3.2</ele></trkpt><trkpt lat="-27.001165" lon="-48.640677"><ele>3.2</ele></trkpt><trkpt lat="-27.001165" lon="-48.640677"><ele>3.2</ele></trkpt><trkpt lat="-27.001165" lon="-48.640677"><ele>3.2</ele></trkpt><trkpt lat="-27.001195" lon="-48.640677"><ele>3.9</ele></trkpt><trkpt lat="-27.001203" lon="-48.64066"><ele>3.9</ele></trkpt><trkpt lat="-27.001218" lon="-48.640642"><ele>4.4</ele></trkpt><trkpt lat="-27.00123" lon="-48.640615"><ele>4.4</ele></trkpt><trkpt lat="-27.00124" lon="-48.640582"><ele>4.7</ele></trkpt><trkpt lat="-27.001255" lon="-48.64055"><ele>4.6</ele></trkpt><trkpt lat="-27.001268" lon="-48.640512"><ele>5.3</ele></trkpt><trkpt lat="-27.00128" lon="-48.64048"><ele>5.2</ele></trkpt><trkpt lat="-27.001292" lon="-48.640447"><ele>5</ele></trkpt><trkpt lat="-27.001298" lon="-48.640412"><ele>4.5</ele></trkpt><trkpt lat="-27.001307" lon="-48.640383"><ele>4.4</ele></trkpt><trkpt lat="-27.001308" lon="-48.640353"><ele>3.7</ele></trkpt><trkpt lat="-27.001317" lon="-48.640323"><ele>2.9</ele></trkpt><trkpt lat="-27.001322" lon="-48.640293"><ele>2.4</ele></trkpt><trkpt lat="-27.001322" lon="-48.640267"><ele>1.9</ele></trkpt><trkpt lat="-27.001323" lon="-48.64024"><ele>1.7</ele></trkpt><trkpt lat="-27.001327" lon="-48.640213"><ele>1.6</ele></trkpt><trkpt lat="-27.001328" lon="-48.640183"><ele>1.1</ele></trkpt><trkpt lat="-27.001335" lon="-48.64016"><ele>0.6</ele></trkpt><trkpt lat="-27.00134" lon="-48.640137"><ele>0.5</ele></trkpt><trkpt lat="-27.001347" lon="-48.640117"><ele>0.5</ele></trkpt><trkpt lat="-27.001352" lon="-48.6401"><ele>0.8</ele></trkpt><trkpt lat="-27.001355" lon="-48.640083"><ele>1.1</ele></trkpt><trkpt lat="-27.00136" lon="-48.64007"><ele>1.3</ele></trkpt><trkpt lat="-27.001368" lon="-48.640057"><ele>2</ele></trkpt><trkpt lat="-27.001375" lon="-48.640048"><ele>2.8</ele></trkpt><trkpt lat="-27.001378" lon="-48.640042"><ele>3.4</ele></trkpt><trkpt lat="-27.001373" lon="-48.640037"><ele>3.2</ele></trkpt><trkpt lat="-27.00137" lon="-48.640033"><ele>3</ele></trkpt><trkpt lat="-27.00137" lon="-48.640035"><ele>3</ele></trkpt><trkpt lat="-27.00137" lon="-48.640035"><ele>3</ele></trkpt><trkpt lat="-27.001368" lon="-48.640033"><ele>3.1</ele></trkpt><trkpt lat="-27.001367" lon="-48.640033"><ele>3.1</ele></trkpt><trkpt lat="-27.001368" lon="-48.640037"><ele>3.1</ele></trkpt><trkpt lat="-27.00137" lon="-48.640038"><ele>3.2</ele></trkpt><trkpt lat="-27.001373" lon="-48.640038"><ele>3.3</ele></trkpt><trkpt lat="-27.001382" lon="-48.64004"><ele>3.6</ele></trkpt><trkpt lat="-27.001382" lon="-48.64004"><ele>3.6</ele></trkpt><trkpt lat="-27.001382" lon="-48.64004"><ele>3.6</ele></trkpt><trkpt lat="-27.001382" lon="-48.64004"><ele>3.6</ele></trkpt><trkpt lat="-27.001382" lon="-48.64004"><ele>3.6</ele></trkpt><trkpt lat="-27.001382" lon="-48.64004"><ele>3.6</ele></trkpt><trkpt lat="-27.001382" lon="-48.64004"><ele>3.6</ele></trkpt><trkpt lat="-27.001382" lon="-48.64004"><ele>3.6</ele></trkpt><trkpt lat="-27.001382" lon="-48.640053"><ele>4.3</ele></trkpt><trkpt lat="-27.001368" lon="-48.640067"><ele>4.1</ele></trkpt><trkpt lat="-27.001357" lon="-48.640095"><ele>4</ele></trkpt><trkpt lat="-27.001342" lon="-48.640125"><ele>4.1</ele></trkpt><trkpt lat="-27.001327" lon="-48.640155"><ele>4.2</ele></trkpt><trkpt lat="-27.001313" lon="-48.64018"><ele>4</ele></trkpt><trkpt lat="-27.001307" lon="-48.640213"><ele>4.2</ele></trkpt><trkpt lat="-27.0013" lon="-48.640243"><ele>4</ele></trkpt><trkpt lat="-27.001292" lon="-48.640272"><ele>4</ele></trkpt><trkpt lat="-27.001285" lon="-48.640293"><ele>3.8</ele></trkpt><trkpt lat="-27.001283" lon="-48.640313"><ele>3.3</ele></trkpt><trkpt lat="-27.001285" lon="-48.640323"><ele>3.1</ele></trkpt><trkpt lat="-27.001288" lon="-48.640317"><ele>3</ele></trkpt><trkpt lat="-27.001288" lon="-48.640303"><ele>2.8</ele></trkpt><trkpt lat="-27.001283" lon="-48.640293"><ele>2.4</ele></trkpt><trkpt lat="-27.001277" lon="-48.640285"><ele>2.1</ele></trkpt><trkpt lat="-27.001275" lon="-48.640287"><ele>2.3</ele></trkpt><trkpt lat="-27.001272" lon="-48.640283"><ele>2.3</ele></trkpt><trkpt lat="-27.00127" lon="-48.640282"><ele>2.7</ele></trkpt><trkpt lat="-27.00127" lon="-48.64028"><ele>2.7</ele></trkpt><trkpt lat="-27.00127" lon="-48.640278"><ele>2.8</ele></trkpt><trkpt lat="-27.00127" lon="-48.640277"><ele>2.7</ele></trkpt><trkpt lat="-27.001268" lon="-48.640275"><ele>2.7</ele></trkpt><trkpt lat="-27.001268" lon="-48.640275"><ele>2.7</ele></trkpt><trkpt lat="-27.001268" lon="-48.640275"><ele>2.7</ele></trkpt><trkpt lat="-27.001268" lon="-48.640275"><ele>2.7</ele></trkpt><trkpt lat="-27.001268" lon="-48.640275"><ele>2.7</ele></trkpt><trkpt lat="-27.001268" lon="-48.640275"><ele>2.7</ele></trkpt><trkpt lat="-27.001268" lon="-48.640275"><ele>2.7</ele></trkpt><trkpt lat="-27.001268" lon="-48.640275"><ele>2.7</ele></trkpt><trkpt lat="-27.001268" lon="-48.640275"><ele>2.7</ele></trkpt><trkpt lat="-27.001268" lon="-48.640275"><ele>2.7</ele></trkpt><trkpt lat="-27.001268" lon="-48.640275"><ele>2.7</ele></trkpt><trkpt lat="-27.001268" lon="-48.640275"><ele>2.7</ele></trkpt><trkpt lat="-27.001268" lon="-48.640275"><ele>2.7</ele></trkpt><trkpt lat="-27.001268" lon="-48.640275"><ele>2.7</ele></trkpt><trkpt lat="-27.001268" lon="-48.640275"><ele>2.7</ele></trkpt><trkpt lat="-27.001268" lon="-48.640275"><ele>2.7</ele></trkpt><trkpt lat="-27.001268" lon="-48.640275"><ele>2.7</ele></trkpt><trkpt lat="-27.001268" lon="-48.640275"><ele>2.7</ele></trkpt><trkpt lat="-27.001268" lon="-48.640275"><ele>2.7</ele></trkpt><trkpt lat="-27.001268" lon="-48.640275"><ele>2.7</ele></trkpt><trkpt lat="-27.001268" lon="-48.640275"><ele>2.7</ele></trkpt><trkpt lat="-27.001268" lon="-48.640275"><ele>2.7</ele></trkpt><trkpt lat="-27.001268" lon="-48.640275"><ele>2.7</ele></trkpt><trkpt lat="-27.001268" lon="-48.640275"><ele>2.7</ele></trkpt><trkpt lat="-27.001268" lon="-48.640275"><ele>2.7</ele></trkpt><trkpt lat="-27.001268" lon="-48.640275"><ele>2.7</ele></trkpt><trkpt lat="-27.001268" lon="-48.640275"><ele>2.7</ele></trkpt><trkpt lat="-27.001268" lon="-48.640275"><ele>2.7</ele></trkpt><trkpt lat="-27.001268" lon="-48.640275"><ele>2.7</ele></trkpt><trkpt lat="-27.001268" lon="-48.640275"><ele>2.7</ele></trkpt><trkpt lat="-27.001268" lon="-48.640275"><ele>2.7</ele></trkpt><trkpt lat="-27.001268" lon="-48.640275"><ele>2.7</ele></trkpt><trkpt lat="-27.001268" lon="-48.640295"><ele>1</ele></trkpt><trkpt lat="-27.001265" lon="-48.64029"><ele>1</ele></trkpt><trkpt lat="-27.001272" lon="-48.640278"><ele>0.6</ele></trkpt><trkpt lat="-27.00128" lon="-48.640263"><ele>0.4</ele></trkpt><trkpt lat="-27.001285" lon="-48.640245"><ele>0.5</ele></trkpt><trkpt lat="-27.00129" lon="-48.640212"><ele>0.4</ele></trkpt><trkpt lat="-27.001295" lon="-48.640172"><ele>0.2</ele></trkpt><trkpt lat="-27.001302" lon="-48.64013"><ele>0.5</ele></trkpt><trkpt lat="-27.001312" lon="-48.640093"><ele>1</ele></trkpt><trkpt lat="-27.001325" lon="-48.640058"><ele>1.3</ele></trkpt><trkpt lat="-27.00134" lon="-48.640027"><ele>1.9</ele></trkpt><trkpt lat="-27.001353" lon="-48.639995"><ele>1.8</ele></trkpt><trkpt lat="-27.00137" lon="-48.639955"><ele>2.6</ele></trkpt><trkpt lat="-27.00138" lon="-48.639922"><ele>2.7</ele></trkpt><trkpt lat="-27.001392" lon="-48.639888"><ele>3.1</ele></trkpt><trkpt lat="-27.001403" lon="-48.639853"><ele>3.5</ele></trkpt><trkpt lat="-27.001415" lon="-48.639818"><ele>3.8</ele></trkpt><trkpt lat="-27.001427" lon="-48.639782"><ele>3.9</ele></trkpt><trkpt lat="-27.001435" lon="-48.639745"><ele>4</ele></trkpt><trkpt lat="-27.001447" lon="-48.639707"><ele>4.2</ele></trkpt><trkpt lat="-27.001458" lon="-48.639668"><ele>4.2</ele></trkpt><trkpt lat="-27.001468" lon="-48.639628"><ele>4.2</ele></trkpt><trkpt lat="-27.001482" lon="-48.639595"><ele>4.8</ele></trkpt><trkpt lat="-27.001488" lon="-48.639563"><ele>4.9</ele></trkpt><trkpt lat="-27.0015" lon="-48.639518"><ele>4.9</ele></trkpt><trkpt lat="-27.00151" lon="-48.639488"><ele>3.5</ele></trkpt><trkpt lat="-27.001515" lon="-48.639473"><ele>4</ele></trkpt><trkpt lat="-27.001517" lon="-48.639465"><ele>4.8</ele></trkpt><trkpt lat="-27.001517" lon="-48.639463"><ele>5.4</ele></trkpt><trkpt lat="-27.001515" lon="-48.639473"><ele>5.8</ele></trkpt><trkpt lat="-27.00151" lon="-48.639475"><ele>5.7</ele></trkpt><trkpt lat="-27.00151" lon="-48.639478"><ele>5.7</ele></trkpt><trkpt lat="-27.001508" lon="-48.63948"><ele>5.6</ele></trkpt><trkpt lat="-27.001508" lon="-48.63948"><ele>5.5</ele></trkpt><trkpt lat="-27.001508" lon="-48.63948"><ele>5.5</ele></trkpt><trkpt lat="-27.001508" lon="-48.639482"><ele>5.6</ele></trkpt><trkpt lat="-27.00151" lon="-48.639482"><ele>5.7</ele></trkpt><trkpt lat="-27.001508" lon="-48.639485"><ele>5.6</ele></trkpt><trkpt lat="-27.001508" lon="-48.639485"><ele>5.5</ele></trkpt><trkpt lat="-27.001508" lon="-48.639485"><ele>5.5</ele></trkpt><trkpt lat="-27.001508" lon="-48.639485"><ele>5.5</ele></trkpt><trkpt lat="-27.001508" lon="-48.639485"><ele>5.5</ele></trkpt><trkpt lat="-27.001508" lon="-48.639485"><ele>5.5</ele></trkpt><trkpt lat="-27.001508" lon="-48.639485"><ele>5.5</ele></trkpt><trkpt lat="-27.001508" lon="-48.639485"><ele>5.5</ele></trkpt><trkpt lat="-27.001508" lon="-48.639485"><ele>5.5</ele></trkpt><trkpt lat="-27.001508" lon="-48.639485"><ele>5.5</ele></trkpt><trkpt lat="-27.001508" lon="-48.639485"><ele>5.5</ele></trkpt><trkpt lat="-27.001508" lon="-48.639485"><ele>5.5</ele></trkpt><trkpt lat="-27.001508" lon="-48.639485"><ele>5.5</ele></trkpt><trkpt lat="-27.001508" lon="-48.639485"><ele>5.5</ele></trkpt><trkpt lat="-27.001508" lon="-48.639485"><ele>5.5</ele></trkpt><trkpt lat="-27.001508" lon="-48.639485"><ele>5.5</ele></trkpt><trkpt lat="-27.001508" lon="-48.639485"><ele>5.5</ele></trkpt><trkpt lat="-27.001508" lon="-48.639485"><ele>5.5</ele></trkpt><trkpt lat="-27.001508" lon="-48.639485"><ele>5.5</ele></trkpt><trkpt lat="-27.001508" lon="-48.639485"><ele>5.5</ele></trkpt><trkpt lat="-27.001508" lon="-48.639485"><ele>5.5</ele></trkpt><trkpt lat="-27.001508" lon="-48.639485"><ele>5.5</ele></trkpt><trkpt lat="-27.001508" lon="-48.639485"><ele>5.5</ele></trkpt><trkpt lat="-27.001508" lon="-48.639485"><ele>5.5</ele></trkpt><trkpt lat="-27.001508" lon="-48.639485"><ele>5.5</ele></trkpt><trkpt lat="-27.00152" lon="-48.639468"><ele>3.5</ele></trkpt><trkpt lat="-27.00153" lon="-48.639448"><ele>3</ele></trkpt><trkpt lat="-27.001542" lon="-48.639425"><ele>2.6</ele></trkpt><trkpt lat="-27.001552" lon="-48.6394"><ele>2</ele></trkpt><trkpt lat="-27.001562" lon="-48.639373"><ele>1.7</ele></trkpt><trkpt lat="-27.001567" lon="-48.639345"><ele>1.5</ele></trkpt><trkpt lat="-27.001577" lon="-48.639312"><ele>1.5</ele></trkpt><trkpt lat="-27.001582" lon="-48.639282"><ele>1.6</ele></trkpt><trkpt lat="-27.001592" lon="-48.639258"><ele>1.4</ele></trkpt><trkpt lat="-27.001595" lon="-48.639237"><ele>1</ele></trkpt><trkpt lat="-27.001593" lon="-48.639227"><ele>1.1</ele></trkpt><trkpt lat="-27.001593" lon="-48.639225"><ele>1.1</ele></trkpt><trkpt lat="-27.001592" lon="-48.639225"><ele>1.4</ele></trkpt><trkpt lat="-27.001592" lon="-48.639225"><ele>1.4</ele></trkpt><trkpt lat="-27.001592" lon="-48.639223"><ele>1.5</ele></trkpt><trkpt lat="-27.001592" lon="-48.63922"><ele>1.6</ele></trkpt><trkpt lat="-27.00159" lon="-48.639218"><ele>1.6</ele></trkpt><trkpt lat="-27.00159" lon="-48.639217"><ele>2.1</ele></trkpt><trkpt lat="-27.00159" lon="-48.639215"><ele>2.5</ele></trkpt><trkpt lat="-27.00159" lon="-48.639215"><ele>2.5</ele></trkpt><trkpt lat="-27.001592" lon="-48.639215"><ele>3</ele></trkpt><trkpt lat="-27.001592" lon="-48.639215"><ele>3</ele></trkpt><trkpt lat="-27.001592" lon="-48.639215"><ele>3.5</ele></trkpt><trkpt lat="-27.001592" lon="-48.639213"><ele>3.7</ele></trkpt><trkpt lat="-27.001592" lon="-48.639213"><ele>3.7</ele></trkpt><trkpt lat="-27.001592" lon="-48.639213"><ele>3.7</ele></trkpt><trkpt lat="-27.001592" lon="-48.639213"><ele>3.7</ele></trkpt><trkpt lat="-27.001592" lon="-48.639213"><ele>3.7</ele></trkpt><trkpt lat="-27.001592" lon="-48.639213"><ele>3.7</ele></trkpt><trkpt lat="-27.001592" lon="-48.639213"><ele>3.7</ele></trkpt><trkpt lat="-27.001592" lon="-48.639213"><ele>3.7</ele></trkpt><trkpt lat="-27.001592" lon="-48.639213"><ele>3.7</ele></trkpt><trkpt lat="-27.001592" lon="-48.639213"><ele>3.7</ele></trkpt><trkpt lat="-27.001592" lon="-48.639213"><ele>3.7</ele></trkpt><trkpt lat="-27.001592" lon="-48.639213"><ele>3.7</ele></trkpt><trkpt lat="-27.001592" lon="-48.639213"><ele>3.7</ele></trkpt><trkpt lat="-27.001592" lon="-48.639213"><ele>3.7</ele></trkpt><trkpt lat="-27.001592" lon="-48.639213"><ele>3.7</ele></trkpt><trkpt lat="-27.001592" lon="-48.639213"><ele>3.7</ele></trkpt><trkpt lat="-27.001592" lon="-48.639213"><ele>3.7</ele></trkpt><trkpt lat="-27.001592" lon="-48.639213"><ele>3.7</ele></trkpt><trkpt lat="-27.001592" lon="-48.639213"><ele>3.7</ele></trkpt><trkpt lat="-27.001592" lon="-48.639213"><ele>3.7</ele></trkpt><trkpt lat="-27.001592" lon="-48.639213"><ele>3.7</ele></trkpt><trkpt lat="-27.001592" lon="-48.639213"><ele>3.7</ele></trkpt><trkpt lat="-27.001592" lon="-48.639213"><ele>3.7</ele></trkpt><trkpt lat="-27.001592" lon="-48.639213"><ele>3.7</ele></trkpt><trkpt lat="-27.001592" lon="-48.639213"><ele>3.7</ele></trkpt><trkpt lat="-27.001592" lon="-48.639213"><ele>3.7</ele></trkpt><trkpt lat="-27.001592" lon="-48.639213"><ele>3.7</ele></trkpt><trkpt lat="-27.001592" lon="-48.639213"><ele>3.7</ele></trkpt><trkpt lat="-27.001592" lon="-48.639213"><ele>3.7</ele></trkpt><trkpt lat="-27.001592" lon="-48.639213"><ele>3.7</ele></trkpt><trkpt lat="-27.001592" lon="-48.639213"><ele>3.7</ele></trkpt><trkpt lat="-27.001592" lon="-48.639213"><ele>3.7</ele></trkpt><trkpt lat="-27.001592" lon="-48.639213"><ele>3.7</ele></trkpt><trkpt lat="-27.001592" lon="-48.639213"><ele>3.7</ele></trkpt><trkpt lat="-27.001592" lon="-48.639213"><ele>3.7</ele></trkpt><trkpt lat="-27.001592" lon="-48.639213"><ele>3.7</ele></trkpt><trkpt lat="-27.001592" lon="-48.639213"><ele>3.7</ele></trkpt><trkpt lat="-27.001592" lon="-48.639213"><ele>3.7</ele></trkpt><trkpt lat="-27.001592" lon="-48.639213"><ele>3.7</ele></trkpt><trkpt lat="-27.001595" lon="-48.639212"><ele>3.6</ele></trkpt><trkpt lat="-27.0016" lon="-48.639198"><ele>3.8</ele></trkpt><trkpt lat="-27.001605" lon="-48.639177"><ele>3.9</ele></trkpt><trkpt lat="-27.001613" lon="-48.639145"><ele>3.7</ele></trkpt><trkpt lat="-27.00162" lon="-48.639115"><ele>3.3</ele></trkpt><trkpt lat="-27.00163" lon="-48.639087"><ele>2.7</ele></trkpt><trkpt lat="-27.00164" lon="-48.63906"><ele>2.1</ele></trkpt><trkpt lat="-27.001652" lon="-48.639032"><ele>1.9</ele></trkpt><trkpt lat="-27.001663" lon="-48.638998"><ele>2.5</ele></trkpt><trkpt lat="-27.001673" lon="-48.638953"><ele>2.5</ele></trkpt><trkpt lat="-27.001685" lon="-48.638912"><ele>2.5</ele></trkpt><trkpt lat="-27.001697" lon="-48.638875"><ele>2.1</ele></trkpt><trkpt lat="-27.0017" lon="-48.638833"><ele>2.1</ele></trkpt><trkpt lat="-27.001707" lon="-48.6388"><ele>1.5</ele></trkpt><trkpt lat="-27.001717" lon="-48.638767"><ele>1.5</ele></trkpt><trkpt lat="-27.001723" lon="-48.638733"><ele>1</ele></trkpt><trkpt lat="-27.001735" lon="-48.6387"><ele>1.4</ele></trkpt><trkpt lat="-27.001743" lon="-48.63867"><ele>1.6</ele></trkpt><trkpt lat="-27.001748" lon="-48.638642"><ele>2</ele></trkpt><trkpt lat="-27.001748" lon="-48.638642"><ele>2</ele></trkpt><trkpt lat="-27.001752" lon="-48.638618"><ele>2.3</ele></trkpt><trkpt lat="-27.001758" lon="-48.638608"><ele>2.2</ele></trkpt><trkpt lat="-27.00176" lon="-48.638607"><ele>2</ele></trkpt><trkpt lat="-27.001763" lon="-48.638607"><ele>1.8</ele></trkpt><trkpt lat="-27.001765" lon="-48.638608"><ele>1.8</ele></trkpt><trkpt lat="-27.001767" lon="-48.638612"><ele>1.8</ele></trkpt><trkpt lat="-27.001767" lon="-48.638613"><ele>1.8</ele></trkpt><trkpt lat="-27.001765" lon="-48.638617"><ele>2.2</ele></trkpt><trkpt lat="-27.00177" lon="-48.63862"><ele>2.3</ele></trkpt><trkpt lat="-27.001772" lon="-48.638622"><ele>2.4</ele></trkpt><trkpt lat="-27.001772" lon="-48.638623"><ele>2.6</ele></trkpt><trkpt lat="-27.001775" lon="-48.638623"><ele>2.9</ele></trkpt><trkpt lat="-27.001775" lon="-48.638623"><ele>2.9</ele></trkpt><trkpt lat="-27.00178" lon="-48.638625"><ele>3.4</ele></trkpt><trkpt lat="-27.00178" lon="-48.638625"><ele>3.4</ele></trkpt><trkpt lat="-27.00178" lon="-48.638625"><ele>3.4</ele></trkpt><trkpt lat="-27.00178" lon="-48.638625"><ele>3.4</ele></trkpt><trkpt lat="-27.00178" lon="-48.638625"><ele>3.4</ele></trkpt><trkpt lat="-27.00179" lon="-48.638617"><ele>2.9</ele></trkpt><trkpt lat="-27.001797" lon="-48.638623"><ele>2.5</ele></trkpt><trkpt lat="-27.001798" lon="-48.63863"><ele>2.4</ele></trkpt><trkpt lat="-27.001793" lon="-48.63864"><ele>2.5</ele></trkpt><trkpt lat="-27.001782" lon="-48.63865"><ele>2.5</ele></trkpt><trkpt lat="-27.001772" lon="-48.638663"><ele>2.6</ele></trkpt><trkpt lat="-27.001762" lon="-48.63868"><ele>2.5</ele></trkpt><trkpt lat="-27.001752" lon="-48.638698"><ele>2.7</ele></trkpt><trkpt lat="-27.001743" lon="-48.63872"><ele>3.1</ele></trkpt><trkpt lat="-27.001735" lon="-48.638742"><ele>3.5</ele></trkpt><trkpt lat="-27.001727" lon="-48.638765"><ele>3.9</ele></trkpt><trkpt lat="-27.00172" lon="-48.638782"><ele>4.3</ele></trkpt><trkpt lat="-27.00172" lon="-48.638782"><ele>4.3</ele></trkpt><trkpt lat="-27.001717" lon="-48.638802"><ele>4.5</ele></trkpt><trkpt lat="-27.001712" lon="-48.63882"><ele>4.8</ele></trkpt><trkpt lat="-27.001703" lon="-48.638835"><ele>4.9</ele></trkpt><trkpt lat="-27.0017" lon="-48.638847"><ele>4.8</ele></trkpt><trkpt lat="-27.001697" lon="-48.63886"><ele>4.7</ele></trkpt><trkpt lat="-27.00169" lon="-48.638877"><ele>4.7</ele></trkpt><trkpt lat="-27.001685" lon="-48.638898"><ele>4.9</ele></trkpt><trkpt lat="-27.001685" lon="-48.638912"><ele>5.4</ele></trkpt><trkpt lat="-27.001687" lon="-48.638912"><ele>5.6</ele></trkpt><trkpt lat="-27.00169" lon="-48.638907"><ele>5.7</ele></trkpt><trkpt lat="-27.001693" lon="-48.638895"><ele>5.7</ele></trkpt><trkpt lat="-27.001695" lon="-48.638878"><ele>5.5</ele></trkpt><trkpt lat="-27.001697" lon="-48.63886"><ele>5.4</ele></trkpt><trkpt lat="-27.001693" lon="-48.638847"><ele>5.4</ele></trkpt><trkpt lat="-27.001693" lon="-48.63883"><ele>5.6</ele></trkpt><trkpt lat="-27.001697" lon="-48.638817"><ele>6</ele></trkpt><trkpt lat="-27.001697" lon="-48.638817"><ele>6</ele></trkpt><trkpt lat="-27.001703" lon="-48.638798"><ele>6.1</ele></trkpt><trkpt lat="-27.001707" lon="-48.63877"><ele>6.2</ele></trkpt><trkpt lat="-27.001712" lon="-48.638743"><ele>6</ele></trkpt><trkpt lat="-27.00172" lon="-48.638717"><ele>6</ele></trkpt><trkpt lat="-27.001733" lon="-48.63869"><ele>6.4</ele></trkpt><trkpt lat="-27.001742" lon="-48.638662"><ele>6.6</ele></trkpt><trkpt lat="-27.001752" lon="-48.638633"><ele>6.4</ele></trkpt><trkpt lat="-27.00176" lon="-48.638603"><ele>6.1</ele></trkpt><trkpt lat="-27.001768" lon="-48.638575"><ele>5.9</ele></trkpt><trkpt lat="-27.00178" lon="-48.638543"><ele>5.4</ele></trkpt><trkpt lat="-27.001787" lon="-48.638518"><ele>4.9</ele></trkpt><trkpt lat="-27.00179" lon="-48.638495"><ele>4.5</ele></trkpt><trkpt lat="-27.001793" lon="-48.638475"><ele>4.3</ele></trkpt><trkpt lat="-27.001798" lon="-48.638455"><ele>4.1</ele></trkpt><trkpt lat="-27.001805" lon="-48.638433"><ele>4.1</ele></trkpt><trkpt lat="-27.001812" lon="-48.638427"><ele>3.7</ele></trkpt><trkpt lat="-27.00181" lon="-48.638427"><ele>3.9</ele></trkpt><trkpt lat="-27.00181" lon="-48.638428"><ele>4</ele></trkpt><trkpt lat="-27.00181" lon="-48.638427"><ele>4.2</ele></trkpt><trkpt lat="-27.00181" lon="-48.638425"><ele>4.2</ele></trkpt><trkpt lat="-27.00181" lon="-48.638423"><ele>4.3</ele></trkpt><trkpt lat="-27.00181" lon="-48.638423"><ele>4.4</ele></trkpt><trkpt lat="-27.00181" lon="-48.63842"><ele>4.4</ele></trkpt><trkpt lat="-27.00181" lon="-48.638422"><ele>4.6</ele></trkpt><trkpt lat="-27.001808" lon="-48.638422"><ele>4.6</ele></trkpt><trkpt lat="-27.001807" lon="-48.638422"><ele>4.6</ele></trkpt><trkpt lat="-27.001807" lon="-48.638422"><ele>4.6</ele></trkpt><trkpt lat="-27.001807" lon="-48.638422"><ele>4.6</ele></trkpt><trkpt lat="-27.001807" lon="-48.638422"><ele>4.6</ele></trkpt><trkpt lat="-27.001807" lon="-48.638422"><ele>4.6</ele></trkpt><trkpt lat="-27.001807" lon="-48.638422"><ele>4.6</ele></trkpt><trkpt lat="-27.001807" lon="-48.638422"><ele>4.6</ele></trkpt><trkpt lat="-27.001807" lon="-48.638422"><ele>4.6</ele></trkpt><trkpt lat="-27.001807" lon="-48.638422"><ele>4.6</ele></trkpt><trkpt lat="-27.001807" lon="-48.638422"><ele>4.6</ele></trkpt><trkpt lat="-27.001807" lon="-48.638422"><ele>4.6</ele></trkpt><trkpt lat="-27.001807" lon="-48.638422"><ele>4.6</ele></trkpt><trkpt lat="-27.001807" lon="-48.638422"><ele>4.6</ele></trkpt><trkpt lat="-27.001807" lon="-48.638422"><ele>4.6</ele></trkpt><trkpt lat="-27.001807" lon="-48.638422"><ele>4.6</ele></trkpt><trkpt lat="-27.001807" lon="-48.638422"><ele>4.6</ele></trkpt><trkpt lat="-27.001807" lon="-48.638422"><ele>4.6</ele></trkpt><trkpt lat="-27.001807" lon="-48.638422"><ele>4.6</ele></trkpt><trkpt lat="-27.001807" lon="-48.638422"><ele>4.6</ele></trkpt><trkpt lat="-27.001807" lon="-48.638422"><ele>4.6</ele></trkpt><trkpt lat="-27.001807" lon="-48.638422"><ele>4.6</ele></trkpt><trkpt lat="-27.001807" lon="-48.638422"><ele>4.6</ele></trkpt><trkpt lat="-27.001807" lon="-48.638422"><ele>4.6</ele></trkpt><trkpt lat="-27.001807" lon="-48.638422"><ele>4.6</ele></trkpt><trkpt lat="-27.001807" lon="-48.638422"><ele>4.6</ele></trkpt><trkpt lat="-27.001807" lon="-48.638422"><ele>4.6</ele></trkpt><trkpt lat="-27.001807" lon="-48.638422"><ele>4.6</ele></trkpt><trkpt lat="-27.001807" lon="-48.638422"><ele>4.6</ele></trkpt><trkpt lat="-27.001807" lon="-48.638422"><ele>4.6</ele></trkpt><trkpt lat="-27.001807" lon="-48.638422"><ele>4.6</ele></trkpt><trkpt lat="-27.001807" lon="-48.638422"><ele>4.6</ele></trkpt><trkpt lat="-27.001807" lon="-48.638422"><ele>4.6</ele></trkpt><trkpt lat="-27.001807" lon="-48.638422"><ele>4.6</ele></trkpt><trkpt lat="-27.001807" lon="-48.638422"><ele>4.6</ele></trkpt><trkpt lat="-27.001807" lon="-48.638422"><ele>4.6</ele></trkpt><trkpt lat="-27.001807" lon="-48.638422"><ele>4.6</ele></trkpt><trkpt lat="-27.001807" lon="-48.638422"><ele>4.6</ele></trkpt><trkpt lat="-27.001807" lon="-48.638422"><ele>4.6</ele></trkpt><trkpt lat="-27.001807" lon="-48.638422"><ele>4.6</ele></trkpt><trkpt lat="-27.001807" lon="-48.638422"><ele>4.6</ele></trkpt><trkpt lat="-27.001807" lon="-48.638422"><ele>4.6</ele></trkpt><trkpt lat="-27.001807" lon="-48.638422"><ele>4.6</ele></trkpt><trkpt lat="-27.001807" lon="-48.638422"><ele>4.6</ele></trkpt><trkpt lat="-27.001807" lon="-48.638422"><ele>4.6</ele></trkpt><trkpt lat="-27.001807" lon="-48.638422"><ele>4.6</ele></trkpt><trkpt lat="-27.001807" lon="-48.638422"><ele>4.6</ele></trkpt><trkpt lat="-27.001807" lon="-48.638422"><ele>4.6</ele></trkpt><trkpt lat="-27.001807" lon="-48.638422"><ele>4.6</ele></trkpt><trkpt lat="-27.001807" lon="-48.638422"><ele>4.6</ele></trkpt><trkpt lat="-27.001807" lon="-48.638422"><ele>4.6</ele></trkpt><trkpt lat="-27.001807" lon="-48.638422"><ele>4.6</ele></trkpt><trkpt lat="-27.001807" lon="-48.638422"><ele>4.6</ele></trkpt><trkpt lat="-27.001807" lon="-48.638422"><ele>4.6</ele></trkpt><trkpt lat="-27.001807" lon="-48.638422"><ele>4.6</ele></trkpt><trkpt lat="-27.001807" lon="-48.638422"><ele>4.6</ele></trkpt><trkpt lat="-27.001807" lon="-48.638422"><ele>4.6</ele></trkpt><trkpt lat="-27.001807" lon="-48.638422"><ele>4.6</ele></trkpt><trkpt lat="-27.001807" lon="-48.638422"><ele>4.6</ele></trkpt><trkpt lat="-27.001807" lon="-48.638422"><ele>4.6</ele></trkpt><trkpt lat="-27.001807" lon="-48.638422"><ele>4.6</ele></trkpt><trkpt lat="-27.001807" lon="-48.638422"><ele>4.6</ele></trkpt><trkpt lat="-27.001807" lon="-48.638422"><ele>4.6</ele></trkpt><trkpt lat="-27.001807" lon="-48.638422"><ele>4.6</ele></trkpt><trkpt lat="-27.001807" lon="-48.638422"><ele>4.6</ele></trkpt><trkpt lat="-27.001807" lon="-48.638422"><ele>4.6</ele></trkpt><trkpt lat="-27.001807" lon="-48.638422"><ele>4.6</ele></trkpt><trkpt lat="-27.001818" lon="-48.638407"><ele>6.5</ele></trkpt><trkpt lat="-27.001823" lon="-48.63839"><ele>6.3</ele></trkpt><trkpt lat="-27.001832" lon="-48.638365"><ele>5.8</ele></trkpt><trkpt lat="-27.00184" lon="-48.638342"><ele>5.1</ele></trkpt><trkpt lat="-27.00185" lon="-48.638318"><ele>4.6</ele></trkpt><trkpt lat="-27.001858" lon="-48.638288"><ele>4.5</ele></trkpt><trkpt lat="-27.001867" lon="-48.638257"><ele>4.5</ele></trkpt><trkpt lat="-27.001872" lon="-48.638225"><ele>4.4</ele></trkpt><trkpt lat="-27.001882" lon="-48.6382"><ele>4.7</ele></trkpt><trkpt lat="-27.001893" lon="-48.638175"><ele>5.1</ele></trkpt><trkpt lat="-27.001902" lon="-48.638153"><ele>5.2</ele></trkpt><trkpt lat="-27.001908" lon="-48.638133"><ele>5.5</ele></trkpt><trkpt lat="-27.001912" lon="-48.638112"><ele>5.6</ele></trkpt><trkpt lat="-27.001915" lon="-48.638092"><ele>5.8</ele></trkpt><trkpt lat="-27.001925" lon="-48.638075"><ele>5.7</ele></trkpt><trkpt lat="-27.001927" lon="-48.638068"><ele>5.8</ele></trkpt><trkpt lat="-27.001927" lon="-48.638065"><ele>5.9</ele></trkpt><trkpt lat="-27.001925" lon="-48.638063"><ele>5.8</ele></trkpt><trkpt lat="-27.001928" lon="-48.638063"><ele>5.8</ele></trkpt><trkpt lat="-27.00193" lon="-48.638065"><ele>5.8</ele></trkpt><trkpt lat="-27.00193" lon="-48.638065"><ele>5.8</ele></trkpt><trkpt lat="-27.001932" lon="-48.638068"><ele>5.5</ele></trkpt><trkpt lat="-27.001932" lon="-48.638068"><ele>5.2</ele></trkpt><trkpt lat="-27.001932" lon="-48.638068"><ele>5</ele></trkpt><trkpt lat="-27.001932" lon="-48.638068"><ele>5</ele></trkpt><trkpt lat="-27.001932" lon="-48.63807"><ele>5.1</ele></trkpt><trkpt lat="-27.001932" lon="-48.63807"><ele>5.1</ele></trkpt><trkpt lat="-27.001932" lon="-48.638072"><ele>5.1</ele></trkpt><trkpt lat="-27.001932" lon="-48.638072"><ele>5.1</ele></trkpt><trkpt lat="-27.001932" lon="-48.638072"><ele>5.1</ele></trkpt><trkpt lat="-27.001932" lon="-48.638072"><ele>5.1</ele></trkpt><trkpt lat="-27.001932" lon="-48.638072"><ele>5.1</ele></trkpt><trkpt lat="-27.001932" lon="-48.638072"><ele>5.1</ele></trkpt><trkpt lat="-27.001932" lon="-48.638072"><ele>5.1</ele></trkpt><trkpt lat="-27.001932" lon="-48.638072"><ele>5.1</ele></trkpt><trkpt lat="-27.001932" lon="-48.638072"><ele>5.1</ele></trkpt><trkpt lat="-27.001932" lon="-48.638072"><ele>5.1</ele></trkpt><trkpt lat="-27.001932" lon="-48.638072"><ele>5.1</ele></trkpt><trkpt lat="-27.001932" lon="-48.638072"><ele>5.1</ele></trkpt><trkpt lat="-27.001932" lon="-48.638072"><ele>5.1</ele></trkpt><trkpt lat="-27.001932" lon="-48.638072"><ele>5.1</ele></trkpt><trkpt lat="-27.001932" lon="-48.638072"><ele>5.1</ele></trkpt><trkpt lat="-27.001932" lon="-48.638072"><ele>5.1</ele></trkpt><trkpt lat="-27.001932" lon="-48.638072"><ele>5.1</ele></trkpt><trkpt lat="-27.001932" lon="-48.638072"><ele>5.1</ele></trkpt><trkpt lat="-27.001932" lon="-48.638072"><ele>5.1</ele></trkpt><trkpt lat="-27.001932" lon="-48.638072"><ele>5.1</ele></trkpt><trkpt lat="-27.001932" lon="-48.638072"><ele>5.1</ele></trkpt><trkpt lat="-27.001932" lon="-48.638072"><ele>5.1</ele></trkpt><trkpt lat="-27.001932" lon="-48.638072"><ele>5.1</ele></trkpt><trkpt lat="-27.001932" lon="-48.638072"><ele>5.1</ele></trkpt><trkpt lat="-27.001932" lon="-48.638072"><ele>5.1</ele></trkpt><trkpt lat="-27.001932" lon="-48.638072"><ele>5.1</ele></trkpt><trkpt lat="-27.001932" lon="-48.638072"><ele>5.1</ele></trkpt><trkpt lat="-27.001932" lon="-48.638072"><ele>5.1</ele></trkpt><trkpt lat="-27.001932" lon="-48.638072"><ele>5.1</ele></trkpt><trkpt lat="-27.001932" lon="-48.638072"><ele>5.1</ele></trkpt><trkpt lat="-27.001932" lon="-48.638072"><ele>5.1</ele></trkpt><trkpt lat="-27.001932" lon="-48.638072"><ele>5.1</ele></trkpt><trkpt lat="-27.001932" lon="-48.638072"><ele>5.1</ele></trkpt><trkpt lat="-27.001932" lon="-48.638072"><ele>5.1</ele></trkpt><trkpt lat="-27.001932" lon="-48.638072"><ele>5.1</ele></trkpt><trkpt lat="-27.001932" lon="-48.638072"><ele>5.1</ele></trkpt><trkpt lat="-27.001932" lon="-48.638072"><ele>5.1</ele></trkpt><trkpt lat="-27.001932" lon="-48.638072"><ele>5.1</ele></trkpt><trkpt lat="-27.001932" lon="-48.638072"><ele>5.1</ele></trkpt><trkpt lat="-27.001932" lon="-48.638072"><ele>5.1</ele></trkpt><trkpt lat="-27.001932" lon="-48.638072"><ele>5.1</ele></trkpt><trkpt lat="-27.001932" lon="-48.638072"><ele>5.1</ele></trkpt><trkpt lat="-27.001932" lon="-48.638072"><ele>5.1</ele></trkpt><trkpt lat="-27.001932" lon="-48.638072"><ele>5.1</ele></trkpt><trkpt lat="-27.001932" lon="-48.638072"><ele>5.1</ele></trkpt><trkpt lat="-27.001932" lon="-48.638072"><ele>5.1</ele></trkpt><trkpt lat="-27.001932" lon="-48.638072"><ele>5.1</ele></trkpt><trkpt lat="-27.001932" lon="-48.638072"><ele>5.1</ele></trkpt><trkpt lat="-27.001932" lon="-48.638072"><ele>5.1</ele></trkpt><trkpt lat="-27.001932" lon="-48.638072"><ele>5.1</ele></trkpt><trkpt lat="-27.001932" lon="-48.638072"><ele>5.1</ele></trkpt><trkpt lat="-27.001932" lon="-48.638072"><ele>5.1</ele></trkpt><trkpt lat="-27.001932" lon="-48.638072"><ele>5.1</ele></trkpt><trkpt lat="-27.001932" lon="-48.638072"><ele>5.1</ele></trkpt><trkpt lat="-27.001932" lon="-48.638072"><ele>5.1</ele></trkpt><trkpt lat="-27.001932" lon="-48.638072"><ele>5.1</ele></trkpt><trkpt lat="-27.001932" lon="-48.638072"><ele>5.1</ele></trkpt><trkpt lat="-27.001932" lon="-48.638072"><ele>5.1</ele></trkpt><trkpt lat="-27.001932" lon="-48.638072"><ele>5.1</ele></trkpt><trkpt lat="-27.001932" lon="-48.638072"><ele>5.1</ele></trkpt><trkpt lat="-27.001932" lon="-48.638072"><ele>5.1</ele></trkpt><trkpt lat="-27.001932" lon="-48.638072"><ele>5.1</ele></trkpt><trkpt lat="-27.001932" lon="-48.638072"><ele>5.1</ele></trkpt><trkpt lat="-27.001932" lon="-48.638072"><ele>5.1</ele></trkpt><trkpt lat="-27.001932" lon="-48.638072"><ele>5.1</ele></trkpt><trkpt lat="-27.001932" lon="-48.638072"><ele>5.1</ele></trkpt><trkpt lat="-27.001932" lon="-48.638072"><ele>5.1</ele></trkpt><trkpt lat="-27.001928" lon="-48.638057"><ele>4.6</ele></trkpt><trkpt lat="-27.001932" lon="-48.63805"><ele>4.3</ele></trkpt><trkpt lat="-27.001935" lon="-48.63804"><ele>4.4</ele></trkpt><trkpt lat="-27.001933" lon="-48.638033"><ele>4.3</ele></trkpt><trkpt lat="-27.001932" lon="-48.63803"><ele>4.4</ele></trkpt><trkpt lat="-27.001932" lon="-48.63803"><ele>4.5</ele></trkpt><trkpt lat="-27.001932" lon="-48.63803"><ele>4.5</ele></trkpt><trkpt lat="-27.001932" lon="-48.63803"><ele>4.5</ele></trkpt><trkpt lat="-27.001932" lon="-48.63803"><ele>4.5</ele></trkpt><trkpt lat="-27.001932" lon="-48.63803"><ele>4.5</ele></trkpt><trkpt lat="-27.001932" lon="-48.63803"><ele>4.5</ele></trkpt><trkpt lat="-27.001932" lon="-48.63803"><ele>4.5</ele></trkpt><trkpt lat="-27.001932" lon="-48.63803"><ele>4.5</ele></trkpt><trkpt lat="-27.001932" lon="-48.63803"><ele>4.5</ele></trkpt><trkpt lat="-27.001932" lon="-48.63803"><ele>4.5</ele></trkpt><trkpt lat="-27.001932" lon="-48.63803"><ele>4.5</ele></trkpt><trkpt lat="-27.001932" lon="-48.63803"><ele>4.5</ele></trkpt><trkpt lat="-27.001932" lon="-48.63803"><ele>4.5</ele></trkpt><trkpt lat="-27.001932" lon="-48.63803"><ele>4.5</ele></trkpt><trkpt lat="-27.001932" lon="-48.63803"><ele>4.5</ele></trkpt><trkpt lat="-27.001932" lon="-48.63803"><ele>4.5</ele></trkpt><trkpt lat="-27.001932" lon="-48.63803"><ele>4.5</ele></trkpt><trkpt lat="-27.001953" lon="-48.638015"><ele>6.7</ele></trkpt><trkpt lat="-27.001963" lon="-48.637988"><ele>6.7</ele></trkpt><trkpt lat="-27.001973" lon="-48.63796"><ele>6.4</ele></trkpt><trkpt lat="-27.001983" lon="-48.637927"><ele>6.4</ele></trkpt><trkpt lat="-27.00199" lon="-48.637897"><ele>6.2</ele></trkpt><trkpt lat="-27.001997" lon="-48.637868"><ele>5.6</ele></trkpt><trkpt lat="-27.002002" lon="-48.637842"><ele>5</ele></trkpt><trkpt lat="-27.001993" lon="-48.63782"><ele>4.8</ele></trkpt><trkpt lat="-27.001985" lon="-48.637807"><ele>4.1</ele></trkpt><trkpt lat="-27.001983" lon="-48.637803"><ele>4</ele></trkpt><trkpt lat="-27.001983" lon="-48.637803"><ele>3.8</ele></trkpt><trkpt lat="-27.001983" lon="-48.637803"><ele>3.9</ele></trkpt><trkpt lat="-27.001985" lon="-48.637803"><ele>4</ele></trkpt><trkpt lat="-27.001987" lon="-48.637805"><ele>4.1</ele></trkpt><trkpt lat="-27.001988" lon="-48.637805"><ele>4.2</ele></trkpt><trkpt lat="-27.001988" lon="-48.637803"><ele>4.1</ele></trkpt><trkpt lat="-27.001988" lon="-48.637803"><ele>4.1</ele></trkpt><trkpt lat="-27.00199" lon="-48.637802"><ele>3.9</ele></trkpt><trkpt lat="-27.001992" lon="-48.637803"><ele>3.6</ele></trkpt><trkpt lat="-27.001995" lon="-48.637803"><ele>3.4</ele></trkpt><trkpt lat="-27.001995" lon="-48.637803"><ele>3.4</ele></trkpt><trkpt lat="-27.001995" lon="-48.637803"><ele>3.4</ele></trkpt><trkpt lat="-27.001995" lon="-48.637803"><ele>3.4</ele></trkpt><trkpt lat="-27.001995" lon="-48.637803"><ele>3.4</ele></trkpt><trkpt lat="-27.001995" lon="-48.637803"><ele>3.4</ele></trkpt><trkpt lat="-27.001995" lon="-48.637803"><ele>3.4</ele></trkpt><trkpt lat="-27.001995" lon="-48.637803"><ele>3.4</ele></trkpt><trkpt lat="-27.001995" lon="-48.637803"><ele>3.4</ele></trkpt><trkpt lat="-27.001995" lon="-48.637803"><ele>3.4</ele></trkpt><trkpt lat="-27.001995" lon="-48.637803"><ele>3.4</ele></trkpt><trkpt lat="-27.001995" lon="-48.637803"><ele>3.4</ele></trkpt><trkpt lat="-27.001995" lon="-48.637803"><ele>3.4</ele></trkpt><trkpt lat="-27.001995" lon="-48.637803"><ele>3.4</ele></trkpt><trkpt lat="-27.001995" lon="-48.637803"><ele>3.4</ele></trkpt><trkpt lat="-27.001995" lon="-48.637803"><ele>3.4</ele></trkpt><trkpt lat="-27.001995" lon="-48.637803"><ele>3.4</ele></trkpt><trkpt lat="-27.001995" lon="-48.637803"><ele>3.4</ele></trkpt><trkpt lat="-27.001995" lon="-48.637803"><ele>3.4</ele></trkpt><trkpt lat="-27.001995" lon="-48.637803"><ele>3.4</ele></trkpt><trkpt lat="-27.001995" lon="-48.637803"><ele>3.4</ele></trkpt><trkpt lat="-27.001995" lon="-48.637803"><ele>3.4</ele></trkpt><trkpt lat="-27.001995" lon="-48.637803"><ele>3.4</ele></trkpt><trkpt lat="-27.001995" lon="-48.637803"><ele>3.4</ele></trkpt><trkpt lat="-27.001995" lon="-48.637803"><ele>3.4</ele></trkpt><trkpt lat="-27.001995" lon="-48.637803"><ele>3.4</ele></trkpt><trkpt lat="-27.001995" lon="-48.637803"><ele>3.4</ele></trkpt><trkpt lat="-27.001995" lon="-48.637803"><ele>3.4</ele></trkpt><trkpt lat="-27.001995" lon="-48.637803"><ele>3.4</ele></trkpt><trkpt lat="-27.001995" lon="-48.637803"><ele>3.4</ele></trkpt><trkpt lat="-27.00199" lon="-48.637792"><ele>4</ele></trkpt><trkpt lat="-27.001995" lon="-48.637783"><ele>4</ele></trkpt><trkpt lat="-27.002" lon="-48.637778"><ele>4</ele></trkpt><trkpt lat="-27.002" lon="-48.637777"><ele>3.7</ele></trkpt><trkpt lat="-27.002" lon="-48.637777"><ele>3.6</ele></trkpt><trkpt lat="-27.002" lon="-48.637777"><ele>3.6</ele></trkpt><trkpt lat="-27.002003" lon="-48.637775"><ele>3.3</ele></trkpt><trkpt lat="-27.002003" lon="-48.637775"><ele>3.3</ele></trkpt><trkpt lat="-27.002003" lon="-48.637775"><ele>3.3</ele></trkpt><trkpt lat="-27.002003" lon="-48.637775"><ele>3.3</ele></trkpt><trkpt lat="-27.002003" lon="-48.637775"><ele>3.3</ele></trkpt><trkpt lat="-27.002003" lon="-48.637775"><ele>3.3</ele></trkpt><trkpt lat="-27.002003" lon="-48.637775"><ele>3.3</ele></trkpt><trkpt lat="-27.002003" lon="-48.637775"><ele>3.3</ele></trkpt><trkpt lat="-27.002003" lon="-48.637775"><ele>3.3</ele></trkpt><trkpt lat="-27.002003" lon="-48.637775"><ele>3.3</ele></trkpt><trkpt lat="-27.002003" lon="-48.637775"><ele>3.3</ele></trkpt><trkpt lat="-27.002003" lon="-48.637775"><ele>3.3</ele></trkpt><trkpt lat="-27.002003" lon="-48.637775"><ele>3.3</ele></trkpt><trkpt lat="-27.002003" lon="-48.637775"><ele>3.3</ele></trkpt><trkpt lat="-27.002003" lon="-48.637775"><ele>3.3</ele></trkpt><trkpt lat="-27.002003" lon="-48.637775"><ele>3.3</ele></trkpt><trkpt lat="-27.002003" lon="-48.637775"><ele>3.3</ele></trkpt><trkpt lat="-27.002003" lon="-48.637775"><ele>3.3</ele></trkpt><trkpt lat="-27.002003" lon="-48.637775"><ele>3.3</ele></trkpt><trkpt lat="-27.002003" lon="-48.637775"><ele>3.3</ele></trkpt><trkpt lat="-27.002003" lon="-48.637775"><ele>3.3</ele></trkpt><trkpt lat="-27.002003" lon="-48.637775"><ele>3.3</ele></trkpt><trkpt lat="-27.002003" lon="-48.637775"><ele>3.3</ele></trkpt><trkpt lat="-27.002003" lon="-48.637775"><ele>3.3</ele></trkpt><trkpt lat="-27.002003" lon="-48.637775"><ele>3.3</ele></trkpt><trkpt lat="-27.002003" lon="-48.637775"><ele>3.3</ele></trkpt><trkpt lat="-27.002003" lon="-48.637775"><ele>3.3</ele></trkpt><trkpt lat="-27.002003" lon="-48.637775"><ele>3.3</ele></trkpt><trkpt lat="-27.002003" lon="-48.637775"><ele>3.3</ele></trkpt><trkpt lat="-27.002003" lon="-48.637775"><ele>3.3</ele></trkpt><trkpt lat="-27.002003" lon="-48.637775"><ele>3.3</ele></trkpt><trkpt lat="-27.001997" lon="-48.63776"><ele>3.5</ele></trkpt><trkpt lat="-27.002002" lon="-48.637747"><ele>3.2</ele></trkpt><trkpt lat="-27.002013" lon="-48.637727"><ele>2.8</ele></trkpt><trkpt lat="-27.002025" lon="-48.637702"><ele>2.4</ele></trkpt><trkpt lat="-27.002037" lon="-48.637673"><ele>2.3</ele></trkpt><trkpt lat="-27.002047" lon="-48.637643"><ele>2.6</ele></trkpt><trkpt lat="-27.002057" lon="-48.637613"><ele>2.9</ele></trkpt><trkpt lat="-27.00207" lon="-48.637582"><ele>2.7</ele></trkpt><trkpt lat="-27.002078" lon="-48.63755"><ele>2.8</ele></trkpt><trkpt lat="-27.002087" lon="-48.637522"><ele>3.2</ele></trkpt><trkpt lat="-27.00209" lon="-48.637493"><ele>3.4</ele></trkpt><trkpt lat="-27.002085" lon="-48.637473"><ele>3.7</ele></trkpt><trkpt lat="-27.002087" lon="-48.637467"><ele>3.7</ele></trkpt><trkpt lat="-27.002087" lon="-48.637467"><ele>3.7</ele></trkpt><trkpt lat="-27.002083" lon="-48.637468"><ele>3.8</ele></trkpt><trkpt lat="-27.002085" lon="-48.63747"><ele>3.4</ele></trkpt><trkpt lat="-27.002087" lon="-48.637473"><ele>3.4</ele></trkpt><trkpt lat="-27.002088" lon="-48.637475"><ele>3.2</ele></trkpt><trkpt lat="-27.00209" lon="-48.637477"><ele>2.8</ele></trkpt><trkpt lat="-27.00209" lon="-48.637477"><ele>2.8</ele></trkpt><trkpt lat="-27.002095" lon="-48.637477"><ele>2.8</ele></trkpt><trkpt lat="-27.002098" lon="-48.637477"><ele>2.7</ele></trkpt><trkpt lat="-27.002102" lon="-48.63747"><ele>2.6</ele></trkpt><trkpt lat="-27.002108" lon="-48.637455"><ele>2.9</ele></trkpt><trkpt lat="-27.002113" lon="-48.637437"><ele>3.1</ele></trkpt><trkpt lat="-27.002117" lon="-48.637413"><ele>3.3</ele></trkpt><trkpt lat="-27.002115" lon="-48.637392"><ele>3.2</ele></trkpt><trkpt lat="-27.002118" lon="-48.637372"><ele>3.3</ele></trkpt><trkpt lat="-27.002118" lon="-48.637372"><ele>3.3</ele></trkpt><trkpt lat="-27.002122" lon="-48.637352"><ele>2.9</ele></trkpt><trkpt lat="-27.002128" lon="-48.637333"><ele>2.3</ele></trkpt><trkpt lat="-27.002133" lon="-48.637318"><ele>1.9</ele></trkpt><trkpt lat="-27.002137" lon="-48.637307"><ele>1.4</ele></trkpt><trkpt lat="-27.002143" lon="-48.637292"><ele>1.4</ele></trkpt><trkpt lat="-27.00215" lon="-48.637277"><ele>1.5</ele></trkpt><trkpt lat="-27.002158" lon="-48.637258"><ele>1.8</ele></trkpt><trkpt lat="-27.00217" lon="-48.637245"><ele>1.9</ele></trkpt><trkpt lat="-27.002177" lon="-48.637227"><ele>2.2</ele></trkpt><trkpt lat="-27.002177" lon="-48.637227"><ele>2.2</ele></trkpt><trkpt lat="-27.002182" lon="-48.637208"><ele>2.5</ele></trkpt><trkpt lat="-27.002183" lon="-48.637187"><ele>2.3</ele></trkpt><trkpt lat="-27.002192" lon="-48.63716"><ele>2.5</ele></trkpt><trkpt lat="-27.0022" lon="-48.637133"><ele>2.4</ele></trkpt><trkpt lat="-27.002208" lon="-48.637103"><ele>2.1</ele></trkpt><trkpt lat="-27.002217" lon="-48.637073"><ele>2.7</ele></trkpt><trkpt lat="-27.002228" lon="-48.637042"><ele>3.1</ele></trkpt><trkpt lat="-27.002238" lon="-48.637012"><ele>3.2</ele></trkpt><trkpt lat="-27.002248" lon="-48.636988"><ele>2.9</ele></trkpt><trkpt lat="-27.002255" lon="-48.636963"><ele>2.7</ele></trkpt><trkpt lat="-27.002257" lon="-48.636933"><ele>3.8</ele></trkpt><trkpt lat="-27.00226" lon="-48.636915"><ele>4.5</ele></trkpt><trkpt lat="-27.00226" lon="-48.636915"><ele>4.5</ele></trkpt><trkpt lat="-27.00226" lon="-48.63691"><ele>4.2</ele></trkpt><trkpt lat="-27.002263" lon="-48.636905"><ele>4.3</ele></trkpt><trkpt lat="-27.002262" lon="-48.636903"><ele>4.3</ele></trkpt><trkpt lat="-27.002263" lon="-48.636905"><ele>4.2</ele></trkpt><trkpt lat="-27.002265" lon="-48.636907"><ele>4.3</ele></trkpt><trkpt lat="-27.00227" lon="-48.636908"><ele>4.4</ele></trkpt><trkpt lat="-27.00227" lon="-48.636908"><ele>4.4</ele></trkpt><trkpt lat="-27.002273" lon="-48.636913"><ele>4.5</ele></trkpt><trkpt lat="-27.002277" lon="-48.636915"><ele>4.8</ele></trkpt><trkpt lat="-27.002282" lon="-48.636915"><ele>5</ele></trkpt><trkpt lat="-27.002282" lon="-48.636913"><ele>5</ele></trkpt><trkpt lat="-27.00228" lon="-48.636912"><ele>5</ele></trkpt><trkpt lat="-27.00228" lon="-48.636912"><ele>5</ele></trkpt><trkpt lat="-27.00228" lon="-48.636912"><ele>5</ele></trkpt><trkpt lat="-27.00228" lon="-48.636912"><ele>5</ele></trkpt><trkpt lat="-27.00228" lon="-48.636912"><ele>5</ele></trkpt><trkpt lat="-27.00228" lon="-48.636912"><ele>5</ele></trkpt><trkpt lat="-27.002283" lon="-48.636908"><ele>4.3</ele></trkpt><trkpt lat="-27.002287" lon="-48.636895"><ele>4</ele></trkpt><trkpt lat="-27.002295" lon="-48.636875"><ele>3.8</ele></trkpt><trkpt lat="-27.002302" lon="-48.636855"><ele>3.6</ele></trkpt><trkpt lat="-27.002308" lon="-48.63683"><ele>3.4</ele></trkpt><trkpt lat="-27.002312" lon="-48.636803"><ele>3.5</ele></trkpt><trkpt lat="-27.002308" lon="-48.63678"><ele>3.9</ele></trkpt><trkpt lat="-27.00231" lon="-48.636763"><ele>4.3</ele></trkpt><trkpt lat="-27.002313" lon="-48.636748"><ele>4.4</ele></trkpt><trkpt lat="-27.002312" lon="-48.636738"><ele>4.6</ele></trkpt><trkpt lat="-27.002312" lon="-48.636738"><ele>4.6</ele></trkpt><trkpt lat="-27.002312" lon="-48.636737"><ele>4.7</ele></trkpt><trkpt lat="-27.002312" lon="-48.636738"><ele>4.8</ele></trkpt><trkpt lat="-27.002313" lon="-48.63674"><ele>4.7</ele></trkpt><trkpt lat="-27.002313" lon="-48.636742"><ele>4.5</ele></trkpt><trkpt lat="-27.002315" lon="-48.636743"><ele>4.3</ele></trkpt><trkpt lat="-27.002317" lon="-48.636743"><ele>4.2</ele></trkpt><trkpt lat="-27.002318" lon="-48.636737"><ele>4.1</ele></trkpt><trkpt lat="-27.002322" lon="-48.63673"><ele>4.1</ele></trkpt><trkpt lat="-27.00233" lon="-48.63672"><ele>3.9</ele></trkpt><trkpt lat="-27.002333" lon="-48.636713"><ele>3.8</ele></trkpt><trkpt lat="-27.002337" lon="-48.636715"><ele>3.8</ele></trkpt><trkpt lat="-27.002337" lon="-48.636717"><ele>3.5</ele></trkpt><trkpt lat="-27.002337" lon="-48.636718"><ele>3</ele></trkpt><trkpt lat="-27.002337" lon="-48.636718"><ele>3</ele></trkpt><trkpt lat="-27.002333" lon="-48.636718"><ele>2.9</ele></trkpt><trkpt lat="-27.00233" lon="-48.636718"><ele>2.8</ele></trkpt><trkpt lat="-27.002327" lon="-48.636713"><ele>2.9</ele></trkpt><trkpt lat="-27.002327" lon="-48.636707"><ele>2.7</ele></trkpt><trkpt lat="-27.002332" lon="-48.636695"><ele>2.5</ele></trkpt><trkpt lat="-27.002343" lon="-48.63668"><ele>2.5</ele></trkpt><trkpt lat="-27.002352" lon="-48.636658"><ele>2.3</ele></trkpt><trkpt lat="-27.002363" lon="-48.636637"><ele>2.3</ele></trkpt><trkpt lat="-27.002377" lon="-48.636608"><ele>2.7</ele></trkpt><trkpt lat="-27.002385" lon="-48.636577"><ele>2.7</ele></trkpt><trkpt lat="-27.002393" lon="-48.636545"><ele>3.1</ele></trkpt><trkpt lat="-27.002407" lon="-48.636517"><ele>4</ele></trkpt><trkpt lat="-27.002423" lon="-48.636483"><ele>5.2</ele></trkpt><trkpt lat="-27.002435" lon="-48.636448"><ele>6.1</ele></trkpt><trkpt lat="-27.002443" lon="-48.636413"><ele>6.8</ele></trkpt><trkpt lat="-27.002453" lon="-48.636383"><ele>6.9</ele></trkpt><trkpt lat="-27.002455" lon="-48.636357"><ele>7.3</ele></trkpt><trkpt lat="-27.002453" lon="-48.636335"><ele>7.3</ele></trkpt><trkpt lat="-27.002453" lon="-48.636325"><ele>7.2</ele></trkpt><trkpt lat="-27.00245" lon="-48.636328"><ele>7.2</ele></trkpt><trkpt lat="-27.002447" lon="-48.636332"><ele>7.1</ele></trkpt><trkpt lat="-27.002443" lon="-48.636333"><ele>7.3</ele></trkpt><trkpt lat="-27.002443" lon="-48.636333"><ele>7.3</ele></trkpt><trkpt lat="-27.002442" lon="-48.636333"><ele>7.3</ele></trkpt><trkpt lat="-27.002438" lon="-48.636328"><ele>7.3</ele></trkpt><trkpt lat="-27.002433" lon="-48.636325"><ele>7.5</ele></trkpt><trkpt lat="-27.002428" lon="-48.636323"><ele>7.6</ele></trkpt><trkpt lat="-27.002425" lon="-48.636323"><ele>7.7</ele></trkpt><trkpt lat="-27.002425" lon="-48.636323"><ele>7.7</ele></trkpt><trkpt lat="-27.002425" lon="-48.636315"><ele>7.7</ele></trkpt><trkpt lat="-27.002428" lon="-48.636302"><ele>7.7</ele></trkpt><trkpt lat="-27.00243" lon="-48.636287"><ele>7.4</ele></trkpt><trkpt lat="-27.002433" lon="-48.636278"><ele>7.2</ele></trkpt><trkpt lat="-27.002435" lon="-48.636273"><ele>6.9</ele></trkpt><trkpt lat="-27.002435" lon="-48.63627"><ele>6.8</ele></trkpt><trkpt lat="-27.002438" lon="-48.636268"><ele>6.7</ele></trkpt><trkpt lat="-27.00244" lon="-48.63627"><ele>6.6</ele></trkpt><trkpt lat="-27.002442" lon="-48.636273"><ele>6.7</ele></trkpt><trkpt lat="-27.00244" lon="-48.636273"><ele>6.6</ele></trkpt><trkpt lat="-27.002438" lon="-48.636273"><ele>6.5</ele></trkpt><trkpt lat="-27.002438" lon="-48.636273"><ele>6.5</ele></trkpt><trkpt lat="-27.002437" lon="-48.636273"><ele>6.5</ele></trkpt><trkpt lat="-27.002435" lon="-48.636273"><ele>6.4</ele></trkpt><trkpt lat="-27.002435" lon="-48.636273"><ele>6.1</ele></trkpt><trkpt lat="-27.002435" lon="-48.636273"><ele>6.1</ele></trkpt><trkpt lat="-27.002435" lon="-48.636273"><ele>6.1</ele></trkpt><trkpt lat="-27.002435" lon="-48.636273"><ele>6.1</ele></trkpt><trkpt lat="-27.002435" lon="-48.636273"><ele>6.1</ele></trkpt><trkpt lat="-27.002435" lon="-48.636273"><ele>6.1</ele></trkpt><trkpt lat="-27.002435" lon="-48.636273"><ele>6.1</ele></trkpt><trkpt lat="-27.002435" lon="-48.636273"><ele>6.1</ele></trkpt><trkpt lat="-27.002435" lon="-48.636273"><ele>6.1</ele></trkpt><trkpt lat="-27.002435" lon="-48.636273"><ele>6.1</ele></trkpt><trkpt lat="-27.002435" lon="-48.636273"><ele>6.1</ele></trkpt><trkpt lat="-27.002435" lon="-48.636273"><ele>6.1</ele></trkpt><trkpt lat="-27.002435" lon="-48.636273"><ele>6.1</ele></trkpt><trkpt lat="-27.002435" lon="-48.636273"><ele>6.1</ele></trkpt><trkpt lat="-27.002435" lon="-48.636273"><ele>6.1</ele></trkpt><trkpt lat="-27.002435" lon="-48.636273"><ele>6.1</ele></trkpt><trkpt lat="-27.002435" lon="-48.636273"><ele>6.1</ele></trkpt><trkpt lat="-27.002435" lon="-48.636273"><ele>6.1</ele></trkpt><trkpt lat="-27.002435" lon="-48.636273"><ele>6.1</ele></trkpt><trkpt lat="-27.002435" lon="-48.636273"><ele>6.1</ele></trkpt><trkpt lat="-27.002435" lon="-48.636273"><ele>6.1</ele></trkpt><trkpt lat="-27.002435" lon="-48.636273"><ele>6.1</ele></trkpt><trkpt lat="-27.002435" lon="-48.636273"><ele>6.1</ele></trkpt><trkpt lat="-27.002435" lon="-48.636273"><ele>6.1</ele></trkpt><trkpt lat="-27.002435" lon="-48.636273"><ele>6.1</ele></trkpt><trkpt lat="-27.002435" lon="-48.636273"><ele>6.1</ele></trkpt><trkpt lat="-27.002435" lon="-48.636273"><ele>6.1</ele></trkpt><trkpt lat="-27.002435" lon="-48.636273"><ele>6.1</ele></trkpt><trkpt lat="-27.002435" lon="-48.636273"><ele>6.1</ele></trkpt><trkpt lat="-27.002435" lon="-48.636273"><ele>6.1</ele></trkpt><trkpt lat="-27.002435" lon="-48.636273"><ele>6.1</ele></trkpt><trkpt lat="-27.002435" lon="-48.636273"><ele>6.1</ele></trkpt><trkpt lat="-27.002435" lon="-48.636273"><ele>6.1</ele></trkpt><trkpt lat="-27.002435" lon="-48.636273"><ele>6.1</ele></trkpt><trkpt lat="-27.002435" lon="-48.636273"><ele>6.1</ele></trkpt><trkpt lat="-27.002435" lon="-48.636273"><ele>6.1</ele></trkpt><trkpt lat="-27.002435" lon="-48.636273"><ele>6.1</ele></trkpt><trkpt lat="-27.002435" lon="-48.636273"><ele>6.1</ele></trkpt><trkpt lat="-27.002435" lon="-48.636273"><ele>6.1</ele></trkpt><trkpt lat="-27.002452" lon="-48.636257"><ele>7.2</ele></trkpt><trkpt lat="-27.002457" lon="-48.636235"><ele>6.9</ele></trkpt><trkpt lat="-27.002465" lon="-48.636207"><ele>6.4</ele></trkpt><trkpt lat="-27.002475" lon="-48.63618"><ele>6.1</ele></trkpt><trkpt lat="-27.002485" lon="-48.636148"><ele>5.4</ele></trkpt><trkpt lat="-27.002495" lon="-48.636115"><ele>5.3</ele></trkpt><trkpt lat="-27.002505" lon="-48.636082"><ele>4.9</ele></trkpt><trkpt lat="-27.002522" lon="-48.636047"><ele>4.5</ele></trkpt><trkpt lat="-27.002537" lon="-48.636012"><ele>4.2</ele></trkpt><trkpt lat="-27.00255" lon="-48.635975"><ele>4.2</ele></trkpt><trkpt lat="-27.00256" lon="-48.635937"><ele>4.3</ele></trkpt><trkpt lat="-27.00257" lon="-48.635898"><ele>4.5</ele></trkpt><trkpt lat="-27.002578" lon="-48.635865"><ele>4.9</ele></trkpt><trkpt lat="-27.00259" lon="-48.635832"><ele>5.3</ele></trkpt><trkpt lat="-27.002597" lon="-48.6358"><ele>5.7</ele></trkpt><trkpt lat="-27.002602" lon="-48.635768"><ele>6.1</ele></trkpt><trkpt lat="-27.00261" lon="-48.635735"><ele>6.6</ele></trkpt><trkpt lat="-27.002613" lon="-48.635713"><ele>6.6</ele></trkpt><trkpt lat="-27.00262" lon="-48.635697"><ele>6.9</ele></trkpt><trkpt lat="-27.002628" lon="-48.635683"><ele>7.3</ele></trkpt><trkpt lat="-27.002632" lon="-48.635678"><ele>7.8</ele></trkpt><trkpt lat="-27.002635" lon="-48.635675"><ele>8.1</ele></trkpt><trkpt lat="-27.002635" lon="-48.635673"><ele>8.2</ele></trkpt><trkpt lat="-27.002637" lon="-48.635673"><ele>7.9</ele></trkpt><trkpt lat="-27.002635" lon="-48.635675"><ele>7.4</ele></trkpt><trkpt lat="-27.002635" lon="-48.635675"><ele>7.4</ele></trkpt><trkpt lat="-27.002635" lon="-48.635677"><ele>7.1</ele></trkpt><trkpt lat="-27.002633" lon="-48.635678"><ele>6.9</ele></trkpt><trkpt lat="-27.002635" lon="-48.63568"><ele>6.6</ele></trkpt><trkpt lat="-27.002635" lon="-48.635682"><ele>6.4</ele></trkpt><trkpt lat="-27.002633" lon="-48.635682"><ele>6.2</ele></trkpt><trkpt lat="-27.002633" lon="-48.635682"><ele>6.2</ele></trkpt><trkpt lat="-27.002633" lon="-48.635682"><ele>6</ele></trkpt><trkpt lat="-27.002633" lon="-48.635682"><ele>6</ele></trkpt><trkpt lat="-27.002633" lon="-48.635682"><ele>6</ele></trkpt><trkpt lat="-27.002633" lon="-48.635682"><ele>6</ele></trkpt><trkpt lat="-27.002633" lon="-48.635682"><ele>6</ele></trkpt><trkpt lat="-27.002633" lon="-48.635682"><ele>6</ele></trkpt><trkpt lat="-27.002633" lon="-48.635682"><ele>6</ele></trkpt><trkpt lat="-27.002633" lon="-48.635682"><ele>6</ele></trkpt><trkpt lat="-27.002627" lon="-48.635662"><ele>6.6</ele></trkpt><trkpt lat="-27.002623" lon="-48.635655"><ele>6.6</ele></trkpt><trkpt lat="-27.002623" lon="-48.635655"><ele>6.6</ele></trkpt><trkpt lat="-27.002627" lon="-48.635642"><ele>6.5</ele></trkpt><trkpt lat="-27.002627" lon="-48.635628"><ele>6.4</ele></trkpt><trkpt lat="-27.002632" lon="-48.635617"><ele>6.2</ele></trkpt><trkpt lat="-27.002632" lon="-48.635612"><ele>6</ele></trkpt><trkpt lat="-27.002633" lon="-48.635607"><ele>6</ele></trkpt><trkpt lat="-27.002632" lon="-48.635607"><ele>6.2</ele></trkpt><trkpt lat="-27.002632" lon="-48.635607"><ele>6.1</ele></trkpt><trkpt lat="-27.002632" lon="-48.635605"><ele>6.1</ele></trkpt><trkpt lat="-27.002635" lon="-48.635607"><ele>6.1</ele></trkpt><trkpt lat="-27.002635" lon="-48.635608"><ele>5.9</ele></trkpt><trkpt lat="-27.002635" lon="-48.635612"><ele>5.9</ele></trkpt><trkpt lat="-27.002635" lon="-48.635618"><ele>5.7</ele></trkpt><trkpt lat="-27.002635" lon="-48.635618"><ele>5.7</ele></trkpt><trkpt lat="-27.002635" lon="-48.635618"><ele>5.7</ele></trkpt><trkpt lat="-27.002635" lon="-48.635618"><ele>5.7</ele></trkpt><trkpt lat="-27.002635" lon="-48.635618"><ele>5.7</ele></trkpt><trkpt lat="-27.002635" lon="-48.635618"><ele>5.7</ele></trkpt><trkpt lat="-27.002633" lon="-48.635615"><ele>5.6</ele></trkpt><trkpt lat="-27.00264" lon="-48.6356"><ele>5.6</ele></trkpt><trkpt lat="-27.00264" lon="-48.6356"><ele>5.6</ele></trkpt><trkpt lat="-27.002645" lon="-48.635583"><ele>5.7</ele></trkpt><trkpt lat="-27.002647" lon="-48.635565"><ele>5.6</ele></trkpt><trkpt lat="-27.002648" lon="-48.635547"><ele>5.4</ele></trkpt><trkpt lat="-27.002652" lon="-48.635533"><ele>5.3</ele></trkpt><trkpt lat="-27.002657" lon="-48.635532"><ele>5.2</ele></trkpt><trkpt lat="-27.002658" lon="-48.635533"><ele>5.1</ele></trkpt><trkpt lat="-27.002662" lon="-48.635535"><ele>5</ele></trkpt><trkpt lat="-27.002665" lon="-48.635535"><ele>4.8</ele></trkpt><trkpt lat="-27.002665" lon="-48.635537"><ele>4.5</ele></trkpt><trkpt lat="-27.002665" lon="-48.635537"><ele>4.5</ele></trkpt><trkpt lat="-27.002662" lon="-48.635537"><ele>4.1</ele></trkpt><trkpt lat="-27.002662" lon="-48.635533"><ele>4.4</ele></trkpt><trkpt lat="-27.00266" lon="-48.635527"><ele>4.7</ele></trkpt><trkpt lat="-27.002667" lon="-48.635512"><ele>4.9</ele></trkpt><trkpt lat="-27.002673" lon="-48.635488"><ele>5.1</ele></trkpt><trkpt lat="-27.002682" lon="-48.635463"><ele>5.4</ele></trkpt><trkpt lat="-27.002687" lon="-48.635438"><ele>5.8</ele></trkpt><trkpt lat="-27.002692" lon="-48.635407"><ele>5.8</ele></trkpt><trkpt lat="-27.0027" lon="-48.635375"><ele>5.5</ele></trkpt><trkpt lat="-27.002712" lon="-48.63534"><ele>5.6</ele></trkpt><trkpt lat="-27.002722" lon="-48.635305"><ele>5.4</ele></trkpt><trkpt lat="-27.002735" lon="-48.635273"><ele>5.1</ele></trkpt><trkpt lat="-27.002747" lon="-48.635243"><ele>5.3</ele></trkpt><trkpt lat="-27.002755" lon="-48.635215"><ele>5.6</ele></trkpt><trkpt lat="-27.002765" lon="-48.635188"><ele>5.6</ele></trkpt><trkpt lat="-27.002772" lon="-48.63516"><ele>5.4</ele></trkpt><trkpt lat="-27.00278" lon="-48.63513"><ele>4.7</ele></trkpt><trkpt lat="-27.002788" lon="-48.635097"><ele>4.3</ele></trkpt><trkpt lat="-27.002797" lon="-48.635063"><ele>4</ele></trkpt><trkpt lat="-27.002807" lon="-48.635032"><ele>3.8</ele></trkpt><trkpt lat="-27.002812" lon="-48.635007"><ele>3.8</ele></trkpt><trkpt lat="-27.00281" lon="-48.635002"><ele>4.4</ele></trkpt><trkpt lat="-27.002807" lon="-48.635007"><ele>4.6</ele></trkpt><trkpt lat="-27.002812" lon="-48.63501"><ele>5.2</ele></trkpt><trkpt lat="-27.002812" lon="-48.63501"><ele>5.2</ele></trkpt><trkpt lat="-27.002813" lon="-48.635008"><ele>5.1</ele></trkpt><trkpt lat="-27.002813" lon="-48.635008"><ele>5.1</ele></trkpt><trkpt lat="-27.002815" lon="-48.63501"><ele>4.8</ele></trkpt><trkpt lat="-27.002815" lon="-48.63501"><ele>4.7</ele></trkpt><trkpt lat="-27.002817" lon="-48.63501"><ele>4.4</ele></trkpt><trkpt lat="-27.002817" lon="-48.635012"><ele>4</ele></trkpt><trkpt lat="-27.002818" lon="-48.635013"><ele>3.7</ele></trkpt><trkpt lat="-27.002822" lon="-48.635017"><ele>3.2</ele></trkpt><trkpt lat="-27.002822" lon="-48.635017"><ele>3.2</ele></trkpt><trkpt lat="-27.002822" lon="-48.635022"><ele>3</ele></trkpt><trkpt lat="-27.002822" lon="-48.635022"><ele>3</ele></trkpt><trkpt lat="-27.002822" lon="-48.635022"><ele>3</ele></trkpt><trkpt lat="-27.002822" lon="-48.635022"><ele>3</ele></trkpt><trkpt lat="-27.002822" lon="-48.635022"><ele>3</ele></trkpt><trkpt lat="-27.002822" lon="-48.635022"><ele>3</ele></trkpt><trkpt lat="-27.002822" lon="-48.635022"><ele>3</ele></trkpt><trkpt lat="-27.002822" lon="-48.635022"><ele>3</ele></trkpt><trkpt lat="-27.002843" lon="-48.635012"><ele>2.6</ele></trkpt><trkpt lat="-27.002847" lon="-48.634998"><ele>2.5</ele></trkpt><trkpt lat="-27.002852" lon="-48.63499"><ele>2.4</ele></trkpt><trkpt lat="-27.002855" lon="-48.63497"><ele>2.3</ele></trkpt><trkpt lat="-27.002865" lon="-48.634947"><ele>2.2</ele></trkpt><trkpt lat="-27.002878" lon="-48.634905"><ele>3</ele></trkpt><trkpt lat="-27.002887" lon="-48.634855"><ele>4.3</ele></trkpt><trkpt lat="-27.002895" lon="-48.634822"><ele>4</ele></trkpt><trkpt lat="-27.002903" lon="-48.634793"><ele>3.7</ele></trkpt><trkpt lat="-27.002907" lon="-48.634758"><ele>4.6</ele></trkpt><trkpt lat="-27.002912" lon="-48.634727"><ele>4.8</ele></trkpt><trkpt lat="-27.002917" lon="-48.634703"><ele>5.6</ele></trkpt><trkpt lat="-27.002927" lon="-48.634678"><ele>5.7</ele></trkpt><trkpt lat="-27.002935" lon="-48.634655"><ele>6.5</ele></trkpt><trkpt lat="-27.00294" lon="-48.634635"><ele>7.5</ele></trkpt><trkpt lat="-27.002947" lon="-48.634617"><ele>8</ele></trkpt><trkpt lat="-27.002953" lon="-48.634602"><ele>8</ele></trkpt><trkpt lat="-27.002953" lon="-48.634597"><ele>8</ele></trkpt><trkpt lat="-27.002953" lon="-48.634592"><ele>7.9</ele></trkpt><trkpt lat="-27.002953" lon="-48.634593"><ele>8.1</ele></trkpt><trkpt lat="-27.002953" lon="-48.634593"><ele>8.3</ele></trkpt><trkpt lat="-27.002952" lon="-48.634597"><ele>8.6</ele></trkpt><trkpt lat="-27.002953" lon="-48.634597"><ele>8.6</ele></trkpt><trkpt lat="-27.002955" lon="-48.634597"><ele>8.4</ele></trkpt><trkpt lat="-27.002957" lon="-48.634595"><ele>8.4</ele></trkpt><trkpt lat="-27.002957" lon="-48.634592"><ele>8.4</ele></trkpt><trkpt lat="-27.002957" lon="-48.634592"><ele>8.4</ele></trkpt><trkpt lat="-27.002957" lon="-48.63459"><ele>8.2</ele></trkpt><trkpt lat="-27.002957" lon="-48.63459"><ele>8.2</ele></trkpt><trkpt lat="-27.002957" lon="-48.63459"><ele>8.2</ele></trkpt><trkpt lat="-27.002957" lon="-48.63459"><ele>8.2</ele></trkpt><trkpt lat="-27.002957" lon="-48.63459"><ele>8.2</ele></trkpt><trkpt lat="-27.002957" lon="-48.63459"><ele>8.2</ele></trkpt><trkpt lat="-27.002957" lon="-48.63459"><ele>8.2</ele></trkpt><trkpt lat="-27.002957" lon="-48.63459"><ele>8.2</ele></trkpt><trkpt lat="-27.002957" lon="-48.63459"><ele>8.2</ele></trkpt><trkpt lat="-27.002957" lon="-48.63459"><ele>8.2</ele></trkpt><trkpt lat="-27.002957" lon="-48.63459"><ele>8.2</ele></trkpt><trkpt lat="-27.002957" lon="-48.63459"><ele>8.2</ele></trkpt><trkpt lat="-27.002957" lon="-48.63459"><ele>8.2</ele></trkpt><trkpt lat="-27.002957" lon="-48.63459"><ele>8.2</ele></trkpt><trkpt lat="-27.002957" lon="-48.63459"><ele>8.2</ele></trkpt><trkpt lat="-27.002957" lon="-48.63459"><ele>8.2</ele></trkpt><trkpt lat="-27.002957" lon="-48.63459"><ele>8.2</ele></trkpt><trkpt lat="-27.002957" lon="-48.63459"><ele>8.2</ele></trkpt><trkpt lat="-27.002957" lon="-48.63459"><ele>8.2</ele></trkpt><trkpt lat="-27.002957" lon="-48.63459"><ele>8.2</ele></trkpt><trkpt lat="-27.002957" lon="-48.63459"><ele>8.2</ele></trkpt><trkpt lat="-27.002957" lon="-48.63459"><ele>8.2</ele></trkpt><trkpt lat="-27.002957" lon="-48.63459"><ele>8.2</ele></trkpt><trkpt lat="-27.002957" lon="-48.63459"><ele>8.2</ele></trkpt><trkpt lat="-27.002957" lon="-48.63459"><ele>8.2</ele></trkpt><trkpt lat="-27.002957" lon="-48.63459"><ele>8.2</ele></trkpt><trkpt lat="-27.002957" lon="-48.63459"><ele>8.2</ele></trkpt><trkpt lat="-27.002957" lon="-48.63459"><ele>8.2</ele></trkpt><trkpt lat="-27.002957" lon="-48.63459"><ele>8.2</ele></trkpt><trkpt lat="-27.002957" lon="-48.63459"><ele>8.2</ele></trkpt><trkpt lat="-27.002957" lon="-48.63459"><ele>8.2</ele></trkpt><trkpt lat="-27.002957" lon="-48.63459"><ele>8.2</ele></trkpt><trkpt lat="-27.002957" lon="-48.63459"><ele>8.2</ele></trkpt><trkpt lat="-27.002957" lon="-48.63459"><ele>8.2</ele></trkpt><trkpt lat="-27.002957" lon="-48.63459"><ele>8.2</ele></trkpt><trkpt lat="-27.002957" lon="-48.63459"><ele>8.2</ele></trkpt><trkpt lat="-27.002957" lon="-48.63459"><ele>8.2</ele></trkpt><trkpt lat="-27.002957" lon="-48.63459"><ele>8.2</ele></trkpt><trkpt lat="-27.002957" lon="-48.63459"><ele>8.2</ele></trkpt><trkpt lat="-27.002957" lon="-48.63459"><ele>8.2</ele></trkpt><trkpt lat="-27.002957" lon="-48.63459"><ele>8.2</ele></trkpt><trkpt lat="-27.002957" lon="-48.63459"><ele>8.2</ele></trkpt><trkpt lat="-27.002957" lon="-48.63459"><ele>8.2</ele></trkpt><trkpt lat="-27.002957" lon="-48.63459"><ele>8.2</ele></trkpt><trkpt lat="-27.002957" lon="-48.63459"><ele>8.2</ele></trkpt><trkpt lat="-27.002957" lon="-48.63459"><ele>8.2</ele></trkpt><trkpt lat="-27.002957" lon="-48.63459"><ele>8.2</ele></trkpt><trkpt lat="-27.002957" lon="-48.63459"><ele>8.2</ele></trkpt><trkpt lat="-27.002957" lon="-48.63459"><ele>8.2</ele></trkpt><trkpt lat="-27.002957" lon="-48.63459"><ele>8.2</ele></trkpt><trkpt lat="-27.002957" lon="-48.63459"><ele>8.2</ele></trkpt><trkpt lat="-27.002957" lon="-48.63459"><ele>8.2</ele></trkpt><trkpt lat="-27.002957" lon="-48.63459"><ele>8.2</ele></trkpt><trkpt lat="-27.002957" lon="-48.63459"><ele>8.2</ele></trkpt><trkpt lat="-27.002957" lon="-48.63459"><ele>8.2</ele></trkpt><trkpt lat="-27.002957" lon="-48.63459"><ele>8.2</ele></trkpt><trkpt lat="-27.002957" lon="-48.63459"><ele>8.2</ele></trkpt><trkpt lat="-27.002957" lon="-48.63459"><ele>8.2</ele></trkpt><trkpt lat="-27.002957" lon="-48.63459"><ele>8.2</ele></trkpt><trkpt lat="-27.002957" lon="-48.63459"><ele>8.2</ele></trkpt><trkpt lat="-27.002957" lon="-48.63459"><ele>8.2</ele></trkpt><trkpt lat="-27.002957" lon="-48.63459"><ele>8.2</ele></trkpt><trkpt lat="-27.002957" lon="-48.63459"><ele>8.2</ele></trkpt><trkpt lat="-27.002957" lon="-48.63459"><ele>8.2</ele></trkpt><trkpt lat="-27.002957" lon="-48.63459"><ele>8.2</ele></trkpt><trkpt lat="-27.002957" lon="-48.63459"><ele>8.2</ele></trkpt><trkpt lat="-27.002957" lon="-48.63459"><ele>8.2</ele></trkpt><trkpt lat="-27.002957" lon="-48.63459"><ele>8.2</ele></trkpt><trkpt lat="-27.002957" lon="-48.63459"><ele>8.2</ele></trkpt><trkpt lat="-27.002957" lon="-48.63459"><ele>8.2</ele></trkpt><trkpt lat="-27.002957" lon="-48.63459"><ele>8.2</ele></trkpt><trkpt lat="-27.002957" lon="-48.63459"><ele>8.2</ele></trkpt><trkpt lat="-27.002957" lon="-48.63459"><ele>8.2</ele></trkpt><trkpt lat="-27.002957" lon="-48.63459"><ele>8.2</ele></trkpt><trkpt lat="-27.002957" lon="-48.63459"><ele>8.2</ele></trkpt><trkpt lat="-27.002957" lon="-48.63459"><ele>8.2</ele></trkpt><trkpt lat="-27.002957" lon="-48.63459"><ele>8.2</ele></trkpt><trkpt lat="-27.002957" lon="-48.63459"><ele>8.2</ele></trkpt><trkpt lat="-27.002957" lon="-48.63459"><ele>8.2</ele></trkpt><trkpt lat="-27.002957" lon="-48.63459"><ele>8.2</ele></trkpt><trkpt lat="-27.002957" lon="-48.63459"><ele>8.2</ele></trkpt><trkpt lat="-27.002957" lon="-48.63459"><ele>8.2</ele></trkpt><trkpt lat="-27.002957" lon="-48.63459"><ele>8.2</ele></trkpt><trkpt lat="-27.002957" lon="-48.63459"><ele>8.2</ele></trkpt><trkpt lat="-27.002957" lon="-48.63459"><ele>8.2</ele></trkpt><trkpt lat="-27.002957" lon="-48.63459"><ele>8.2</ele></trkpt><trkpt lat="-27.002957" lon="-48.63459"><ele>8.2</ele></trkpt><trkpt lat="-27.002957" lon="-48.63459"><ele>8.2</ele></trkpt><trkpt lat="-27.002957" lon="-48.63459"><ele>8.2</ele></trkpt><trkpt lat="-27.002957" lon="-48.63459"><ele>8.2</ele></trkpt><trkpt lat="-27.002957" lon="-48.63459"><ele>8.2</ele></trkpt><trkpt lat="-27.002957" lon="-48.63459"><ele>8.2</ele></trkpt><trkpt lat="-27.002957" lon="-48.63459"><ele>8.2</ele></trkpt><trkpt lat="-27.00294" lon="-48.634557"><ele>8.3</ele></trkpt><trkpt lat="-27.002945" lon="-48.63455"><ele>8.5</ele></trkpt><trkpt lat="-27.002945" lon="-48.634543"><ele>8.6</ele></trkpt><trkpt lat="-27.002948" lon="-48.63454"><ele>8.4</ele></trkpt><trkpt lat="-27.002948" lon="-48.63454"><ele>8.4</ele></trkpt><trkpt lat="-27.002948" lon="-48.634533"><ele>8.2</ele></trkpt><trkpt lat="-27.00295" lon="-48.634532"><ele>8.2</ele></trkpt><trkpt lat="-27.00295" lon="-48.63453"><ele>8.4</ele></trkpt><trkpt lat="-27.002948" lon="-48.63453"><ele>8.2</ele></trkpt><trkpt lat="-27.00295" lon="-48.634532"><ele>8</ele></trkpt><trkpt lat="-27.002953" lon="-48.634532"><ele>7.7</ele></trkpt><trkpt lat="-27.002958" lon="-48.63453"><ele>7.7</ele></trkpt><trkpt lat="-27.002958" lon="-48.63453"><ele>7.7</ele></trkpt><trkpt lat="-27.002962" lon="-48.634532"><ele>7.6</ele></trkpt><trkpt lat="-27.002965" lon="-48.634533"><ele>7.8</ele></trkpt><trkpt lat="-27.002965" lon="-48.634533"><ele>7.8</ele></trkpt><trkpt lat="-27.002965" lon="-48.634533"><ele>7.8</ele></trkpt><trkpt lat="-27.002965" lon="-48.634533"><ele>7.8</ele></trkpt><trkpt lat="-27.002965" lon="-48.634533"><ele>7.8</ele></trkpt><trkpt lat="-27.002965" lon="-48.634533"><ele>7.8</ele></trkpt><trkpt lat="-27.002975" lon="-48.634515"><ele>7.2</ele></trkpt><trkpt lat="-27.002973" lon="-48.634497"><ele>7.4</ele></trkpt><trkpt lat="-27.00297" lon="-48.634475"><ele>7.5</ele></trkpt><trkpt lat="-27.00296" lon="-48.63445"><ele>7.6</ele></trkpt><trkpt lat="-27.002953" lon="-48.634427"><ele>7.8</ele></trkpt><trkpt lat="-27.002948" lon="-48.63441"><ele>7.9</ele></trkpt><trkpt lat="-27.002945" lon="-48.634393"><ele>7.3</ele></trkpt><trkpt lat="-27.002945" lon="-48.634373"><ele>7.4</ele></trkpt><trkpt lat="-27.002945" lon="-48.634368"><ele>7</ele></trkpt><trkpt lat="-27.002943" lon="-48.634367"><ele>6.5</ele></trkpt><trkpt lat="-27.002942" lon="-48.634368"><ele>6.4</ele></trkpt><trkpt lat="-27.002935" lon="-48.63437"><ele>6.4</ele></trkpt><trkpt lat="-27.002935" lon="-48.63437"><ele>6.7</ele></trkpt><trkpt lat="-27.002938" lon="-48.634368"><ele>6.6</ele></trkpt><trkpt lat="-27.00294" lon="-48.634368"><ele>6.4</ele></trkpt><trkpt lat="-27.00294" lon="-48.634367"><ele>6.5</ele></trkpt><trkpt lat="-27.002937" lon="-48.63436"><ele>6.5</ele></trkpt><trkpt lat="-27.002937" lon="-48.63435"><ele>6.4</ele></trkpt><trkpt lat="-27.00294" lon="-48.634342"><ele>6</ele></trkpt><trkpt lat="-27.002945" lon="-48.634337"><ele>5.5</ele></trkpt><trkpt lat="-27.002947" lon="-48.634332"><ele>5.2</ele></trkpt><trkpt lat="-27.002947" lon="-48.634333"><ele>5</ele></trkpt><trkpt lat="-27.002947" lon="-48.634332"><ele>5.3</ele></trkpt><trkpt lat="-27.002947" lon="-48.63433"><ele>5.6</ele></trkpt><trkpt lat="-27.002948" lon="-48.634328"><ele>6</ele></trkpt><trkpt lat="-27.002948" lon="-48.634328"><ele>6.3</ele></trkpt><trkpt lat="-27.002948" lon="-48.634328"><ele>6.3</ele></trkpt><trkpt lat="-27.002948" lon="-48.634328"><ele>6.3</ele></trkpt><trkpt lat="-27.002948" lon="-48.634328"><ele>6.3</ele></trkpt><trkpt lat="-27.002948" lon="-48.634328"><ele>6.3</ele></trkpt><trkpt lat="-27.002948" lon="-48.634328"><ele>6.3</ele></trkpt><trkpt lat="-27.002948" lon="-48.634328"><ele>6.3</ele></trkpt><trkpt lat="-27.002948" lon="-48.634328"><ele>6.3</ele></trkpt><trkpt lat="-27.002948" lon="-48.634328"><ele>6.3</ele></trkpt><trkpt lat="-27.002948" lon="-48.634328"><ele>6.3</ele></trkpt><trkpt lat="-27.002948" lon="-48.634328"><ele>6.3</ele></trkpt><trkpt lat="-27.002948" lon="-48.634328"><ele>6.3</ele></trkpt><trkpt lat="-27.002948" lon="-48.634328"><ele>6.3</ele></trkpt><trkpt lat="-27.002948" lon="-48.634328"><ele>6.3</ele></trkpt><trkpt lat="-27.002948" lon="-48.634328"><ele>6.3</ele></trkpt><trkpt lat="-27.002948" lon="-48.634328"><ele>6.3</ele></trkpt><trkpt lat="-27.00295" lon="-48.634325"><ele>6.7</ele></trkpt><trkpt lat="-27.002953" lon="-48.634328"><ele>6.7</ele></trkpt><trkpt lat="-27.002955" lon="-48.634328"><ele>6.9</ele></trkpt><trkpt lat="-27.00296" lon="-48.634323"><ele>7.1</ele></trkpt><trkpt lat="-27.00296" lon="-48.634323"><ele>7.1</ele></trkpt><trkpt lat="-27.00296" lon="-48.634323"><ele>7.1</ele></trkpt><trkpt lat="-27.00296" lon="-48.634323"><ele>7.1</ele></trkpt><trkpt lat="-27.002977" lon="-48.6343"><ele>6.8</ele></trkpt><trkpt lat="-27.002985" lon="-48.634278"><ele>6.6</ele></trkpt><trkpt lat="-27.002998" lon="-48.634257"><ele>6.3</ele></trkpt><trkpt lat="-27.003008" lon="-48.634233"><ele>5.9</ele></trkpt><trkpt lat="-27.003018" lon="-48.634213"><ele>6</ele></trkpt><trkpt lat="-27.003028" lon="-48.634188"><ele>6</ele></trkpt><trkpt lat="-27.00304" lon="-48.63416"><ele>5.5</ele></trkpt><trkpt lat="-27.003053" lon="-48.634138"><ele>5.3</ele></trkpt><trkpt lat="-27.003065" lon="-48.634112"><ele>5.4</ele></trkpt><trkpt lat="-27.00308" lon="-48.634078"><ele>5.5</ele></trkpt><trkpt lat="-27.003092" lon="-48.634047"><ele>5.4</ele></trkpt><trkpt lat="-27.003102" lon="-48.634015"><ele>5.3</ele></trkpt><trkpt lat="-27.003115" lon="-48.633985"><ele>5.2</ele></trkpt><trkpt lat="-27.003122" lon="-48.633958"><ele>5.1</ele></trkpt><trkpt lat="-27.003128" lon="-48.633933"><ele>4.2</ele></trkpt><trkpt lat="-27.00314" lon="-48.63391"><ele>4.5</ele></trkpt><trkpt lat="-27.003147" lon="-48.633887"><ele>4.7</ele></trkpt><trkpt lat="-27.003152" lon="-48.633872"><ele>4.7</ele></trkpt><trkpt lat="-27.003152" lon="-48.633868"><ele>4.4</ele></trkpt><trkpt lat="-27.003155" lon="-48.633868"><ele>4.3</ele></trkpt><trkpt lat="-27.003157" lon="-48.633868"><ele>4.5</ele></trkpt><trkpt lat="-27.003155" lon="-48.633867"><ele>4.8</ele></trkpt><trkpt lat="-27.003155" lon="-48.633867"><ele>4.8</ele></trkpt><trkpt lat="-27.003155" lon="-48.633865"><ele>4.9</ele></trkpt><trkpt lat="-27.003155" lon="-48.633865"><ele>4.8</ele></trkpt><trkpt lat="-27.003153" lon="-48.633867"><ele>4.9</ele></trkpt><trkpt lat="-27.003153" lon="-48.63387"><ele>5</ele></trkpt><trkpt lat="-27.003152" lon="-48.633875"><ele>5.3</ele></trkpt><trkpt lat="-27.00315" lon="-48.633878"><ele>5.6</ele></trkpt><trkpt lat="-27.00315" lon="-48.633878"><ele>5.6</ele></trkpt><trkpt lat="-27.00315" lon="-48.633878"><ele>5.6</ele></trkpt><trkpt lat="-27.003153" lon="-48.633873"><ele>5</ele></trkpt><trkpt lat="-27.003165" lon="-48.633865"><ele>4.6</ele></trkpt><trkpt lat="-27.003168" lon="-48.633852"><ele>4.3</ele></trkpt><trkpt lat="-27.00317" lon="-48.633838"><ele>3.6</ele></trkpt><trkpt lat="-27.003167" lon="-48.63383"><ele>3.7</ele></trkpt><trkpt lat="-27.003163" lon="-48.633827"><ele>3.9</ele></trkpt><trkpt lat="-27.003158" lon="-48.633823"><ele>3.9</ele></trkpt><trkpt lat="-27.003155" lon="-48.633822"><ele>3.9</ele></trkpt><trkpt lat="-27.003153" lon="-48.63382"><ele>3.9</ele></trkpt><trkpt lat="-27.003152" lon="-48.633817"><ele>4</ele></trkpt><trkpt lat="-27.003152" lon="-48.633807"><ele>4.4</ele></trkpt><trkpt lat="-27.00316" lon="-48.633792"><ele>4.6</ele></trkpt><trkpt lat="-27.003163" lon="-48.633773"><ele>4.6</ele></trkpt><trkpt lat="-27.003167" lon="-48.633757"><ele>4.8</ele></trkpt><trkpt lat="-27.00317" lon="-48.633735"><ele>4.9</ele></trkpt><trkpt lat="-27.00318" lon="-48.633712"><ele>5</ele></trkpt><trkpt lat="-27.003188" lon="-48.633685"><ele>5.3</ele></trkpt><trkpt lat="-27.003203" lon="-48.633657"><ele>5.3</ele></trkpt><trkpt lat="-27.003215" lon="-48.63363"><ele>5.4</ele></trkpt><trkpt lat="-27.003227" lon="-48.633598"><ele>5.7</ele></trkpt><trkpt lat="-27.003235" lon="-48.633565"><ele>6</ele></trkpt><trkpt lat="-27.003238" lon="-48.63353"><ele>6.4</ele></trkpt><trkpt lat="-27.00325" lon="-48.633495"><ele>6.3</ele></trkpt><trkpt lat="-27.003258" lon="-48.633462"><ele>6.1</ele></trkpt><trkpt lat="-27.003268" lon="-48.63343"><ele>6.7</ele></trkpt><trkpt lat="-27.00328" lon="-48.633398"><ele>6.8</ele></trkpt><trkpt lat="-27.00329" lon="-48.63337"><ele>6.6</ele></trkpt><trkpt lat="-27.003293" lon="-48.633348"><ele>6.9</ele></trkpt><trkpt lat="-27.003297" lon="-48.633342"><ele>7.7</ele></trkpt><trkpt lat="-27.003297" lon="-48.633342"><ele>7.7</ele></trkpt><trkpt lat="-27.003297" lon="-48.633342"><ele>7.6</ele></trkpt><trkpt lat="-27.003297" lon="-48.633345"><ele>7.5</ele></trkpt><trkpt lat="-27.003297" lon="-48.633342"><ele>7.4</ele></trkpt><trkpt lat="-27.003297" lon="-48.633342"><ele>7.2</ele></trkpt><trkpt lat="-27.003298" lon="-48.633342"><ele>7</ele></trkpt><trkpt lat="-27.0033" lon="-48.633342"><ele>6.9</ele></trkpt><trkpt lat="-27.0033" lon="-48.633342"><ele>6.9</ele></trkpt><trkpt lat="-27.003297" lon="-48.633345"><ele>6.6</ele></trkpt><trkpt lat="-27.003295" lon="-48.633347"><ele>6.3</ele></trkpt><trkpt lat="-27.003297" lon="-48.63335"><ele>6.4</ele></trkpt><trkpt lat="-27.003298" lon="-48.633345"><ele>6.1</ele></trkpt><trkpt lat="-27.003303" lon="-48.633332"><ele>5.4</ele></trkpt><trkpt lat="-27.003307" lon="-48.633315"><ele>5.1</ele></trkpt><trkpt lat="-27.003312" lon="-48.633293"><ele>4.6</ele></trkpt><trkpt lat="-27.003318" lon="-48.633267"><ele>3.9</ele></trkpt><trkpt lat="-27.00333" lon="-48.633238"><ele>2.9</ele></trkpt><trkpt lat="-27.003343" lon="-48.633205"><ele>2</ele></trkpt><trkpt lat="-27.003355" lon="-48.633173"><ele>1.6</ele></trkpt><trkpt lat="-27.003365" lon="-48.63314"><ele>1.6</ele></trkpt><trkpt lat="-27.003375" lon="-48.633103"><ele>1.7</ele></trkpt><trkpt lat="-27.003387" lon="-48.633063"><ele>1.9</ele></trkpt><trkpt lat="-27.003397" lon="-48.63303"><ele>2</ele></trkpt><trkpt lat="-27.0034" lon="-48.632998"><ele>2.1</ele></trkpt><trkpt lat="-27.003407" lon="-48.632967"><ele>2.2</ele></trkpt><trkpt lat="-27.003415" lon="-48.632947"><ele>2.3</ele></trkpt><trkpt lat="-27.003415" lon="-48.632947"><ele>2.3</ele></trkpt><trkpt lat="-27.003415" lon="-48.632945"><ele>2.8</ele></trkpt><trkpt lat="-27.003418" lon="-48.632947"><ele>3.2</ele></trkpt><trkpt lat="-27.003418" lon="-48.632947"><ele>3.2</ele></trkpt><trkpt lat="-27.003418" lon="-48.632947"><ele>3.2</ele></trkpt><trkpt lat="-27.00342" lon="-48.632945"><ele>3.3</ele></trkpt><trkpt lat="-27.00342" lon="-48.632945"><ele>3.3</ele></trkpt><trkpt lat="-27.003418" lon="-48.632945"><ele>3.6</ele></trkpt><trkpt lat="-27.003417" lon="-48.632943"><ele>4</ele></trkpt><trkpt lat="-27.003418" lon="-48.632935"><ele>4.1</ele></trkpt><trkpt lat="-27.00342" lon="-48.632918"><ele>4.7</ele></trkpt><trkpt lat="-27.003425" lon="-48.632897"><ele>5</ele></trkpt><trkpt lat="-27.003433" lon="-48.632872"><ele>5.3</ele></trkpt><trkpt lat="-27.003442" lon="-48.632845"><ele>5.7</ele></trkpt><trkpt lat="-27.003447" lon="-48.632822"><ele>5.8</ele></trkpt><trkpt lat="-27.003448" lon="-48.632805"><ele>5.4</ele></trkpt><trkpt lat="-27.003448" lon="-48.632802"><ele>5.1</ele></trkpt><trkpt lat="-27.003448" lon="-48.632803"><ele>5.3</ele></trkpt><trkpt lat="-27.00345" lon="-48.632803"><ele>5.3</ele></trkpt><trkpt lat="-27.003452" lon="-48.632805"><ele>5.1</ele></trkpt><trkpt lat="-27.003452" lon="-48.632805"><ele>4.8</ele></trkpt><trkpt lat="-27.003452" lon="-48.632805"><ele>4.8</ele></trkpt><trkpt lat="-27.003453" lon="-48.632807"><ele>4.2</ele></trkpt><trkpt lat="-27.003457" lon="-48.632808"><ele>3.9</ele></trkpt><trkpt lat="-27.003457" lon="-48.632808"><ele>3.9</ele></trkpt><trkpt lat="-27.003455" lon="-48.632808"><ele>3.9</ele></trkpt><trkpt lat="-27.003455" lon="-48.632807"><ele>3.8</ele></trkpt><trkpt lat="-27.003455" lon="-48.632807"><ele>3.8</ele></trkpt><trkpt lat="-27.00346" lon="-48.63281"><ele>3.5</ele></trkpt><trkpt lat="-27.00346" lon="-48.63281"><ele>3.5</ele></trkpt><trkpt lat="-27.00346" lon="-48.63281"><ele>3.5</ele></trkpt><trkpt lat="-27.003465" lon="-48.632808"><ele>3.8</ele></trkpt><trkpt lat="-27.003473" lon="-48.632797"><ele>4.4</ele></trkpt><trkpt lat="-27.003478" lon="-48.632783"><ele>4.4</ele></trkpt><trkpt lat="-27.00348" lon="-48.63277"><ele>4.1</ele></trkpt><trkpt lat="-27.00348" lon="-48.63276"><ele>4</ele></trkpt><trkpt lat="-27.00348" lon="-48.632753"><ele>3.7</ele></trkpt><trkpt lat="-27.00348" lon="-48.632755"><ele>3.7</ele></trkpt><trkpt lat="-27.003478" lon="-48.632757"><ele>3.4</ele></trkpt><trkpt lat="-27.003478" lon="-48.63276"><ele>3.2</ele></trkpt><trkpt lat="-27.003477" lon="-48.63276"><ele>3.1</ele></trkpt><trkpt lat="-27.003477" lon="-48.63276"><ele>3.1</ele></trkpt><trkpt lat="-27.003477" lon="-48.63276"><ele>3.1</ele></trkpt><trkpt lat="-27.003477" lon="-48.632758"><ele>3.2</ele></trkpt><trkpt lat="-27.003478" lon="-48.632758"><ele>2.9</ele></trkpt><trkpt lat="-27.003478" lon="-48.632757"><ele>2.9</ele></trkpt><trkpt lat="-27.003477" lon="-48.632757"><ele>2.6</ele></trkpt><trkpt lat="-27.003477" lon="-48.632757"><ele>2.6</ele></trkpt><trkpt lat="-27.003477" lon="-48.632757"><ele>2.6</ele></trkpt><trkpt lat="-27.003477" lon="-48.632757"><ele>2.6</ele></trkpt><trkpt lat="-27.003477" lon="-48.632757"><ele>2.6</ele></trkpt><trkpt lat="-27.003477" lon="-48.632757"><ele>2.6</ele></trkpt><trkpt lat="-27.003482" lon="-48.632748"><ele>2</ele></trkpt><trkpt lat="-27.003487" lon="-48.632733"><ele>1.9</ele></trkpt><trkpt lat="-27.003492" lon="-48.632715"><ele>1.8</ele></trkpt><trkpt lat="-27.003495" lon="-48.632692"><ele>1.6</ele></trkpt><trkpt lat="-27.003495" lon="-48.632667"><ele>1.2</ele></trkpt><trkpt lat="-27.003498" lon="-48.632642"><ele>0.6</ele></trkpt><trkpt lat="-27.003507" lon="-48.63261"><ele>0.5</ele></trkpt><trkpt lat="-27.003518" lon="-48.632577"><ele>0.4</ele></trkpt><trkpt lat="-27.003532" lon="-48.632542"><ele>0.5</ele></trkpt><trkpt lat="-27.003547" lon="-48.632505"><ele>0.4</ele></trkpt><trkpt lat="-27.003557" lon="-48.632463"><ele>0.4</ele></trkpt><trkpt lat="-27.003568" lon="-48.632418"><ele>0.4</ele></trkpt><trkpt lat="-27.003578" lon="-48.632378"><ele>0.4</ele></trkpt><trkpt lat="-27.003588" lon="-48.632342"><ele>0.7</ele></trkpt><trkpt lat="-27.003598" lon="-48.632305"><ele>1.1</ele></trkpt><trkpt lat="-27.003608" lon="-48.632267"><ele>1.4</ele></trkpt><trkpt lat="-27.00362" lon="-48.632232"><ele>1.5</ele></trkpt><trkpt lat="-27.003632" lon="-48.632192"><ele>1.6</ele></trkpt><trkpt lat="-27.003642" lon="-48.632162"><ele>2.3</ele></trkpt><trkpt lat="-27.00365" lon="-48.632135"><ele>2.4</ele></trkpt><trkpt lat="-27.003672" lon="-48.632108"><ele>2.5</ele></trkpt><trkpt lat="-27.003682" lon="-48.63209"><ele>2.3</ele></trkpt><trkpt lat="-27.003687" lon="-48.632082"><ele>2.5</ele></trkpt><trkpt lat="-27.003693" lon="-48.632077"><ele>2.8</ele></trkpt><trkpt lat="-27.00369" lon="-48.63208"><ele>2.8</ele></trkpt><trkpt lat="-27.003688" lon="-48.632078"><ele>2.8</ele></trkpt><trkpt lat="-27.003692" lon="-48.632078"><ele>2.9</ele></trkpt><trkpt lat="-27.00369" lon="-48.63208"><ele>3.4</ele></trkpt><trkpt lat="-27.00369" lon="-48.632078"><ele>3.7</ele></trkpt><trkpt lat="-27.00369" lon="-48.632075"><ele>4.1</ele></trkpt><trkpt lat="-27.003687" lon="-48.632073"><ele>4.3</ele></trkpt><trkpt lat="-27.003687" lon="-48.632073"><ele>4.6</ele></trkpt><trkpt lat="-27.003685" lon="-48.632073"><ele>4.7</ele></trkpt><trkpt lat="-27.003683" lon="-48.632075"><ele>4.9</ele></trkpt><trkpt lat="-27.003683" lon="-48.632075"><ele>4.9</ele></trkpt><trkpt lat="-27.003683" lon="-48.632075"><ele>4.9</ele></trkpt><trkpt lat="-27.003683" lon="-48.632075"><ele>4.9</ele></trkpt><trkpt lat="-27.003683" lon="-48.632075"><ele>4.9</ele></trkpt><trkpt lat="-27.003683" lon="-48.632075"><ele>4.9</ele></trkpt><trkpt lat="-27.003683" lon="-48.632075"><ele>4.9</ele></trkpt><trkpt lat="-27.003683" lon="-48.632075"><ele>4.9</ele></trkpt><trkpt lat="-27.003683" lon="-48.632075"><ele>4.9</ele></trkpt><trkpt lat="-27.003683" lon="-48.632075"><ele>4.9</ele></trkpt><trkpt lat="-27.003683" lon="-48.632075"><ele>4.9</ele></trkpt><trkpt lat="-27.003683" lon="-48.632075"><ele>4.9</ele></trkpt><trkpt lat="-27.003683" lon="-48.632075"><ele>4.9</ele></trkpt><trkpt lat="-27.003683" lon="-48.632075"><ele>4.9</ele></trkpt><trkpt lat="-27.003683" lon="-48.632075"><ele>4.9</ele></trkpt><trkpt lat="-27.003683" lon="-48.632075"><ele>4.9</ele></trkpt><trkpt lat="-27.003683" lon="-48.632075"><ele>4.9</ele></trkpt><trkpt lat="-27.003683" lon="-48.632075"><ele>4.9</ele></trkpt><trkpt lat="-27.003683" lon="-48.632075"><ele>4.9</ele></trkpt><trkpt lat="-27.003683" lon="-48.632075"><ele>4.9</ele></trkpt><trkpt lat="-27.003683" lon="-48.632075"><ele>4.9</ele></trkpt><trkpt lat="-27.003683" lon="-48.632075"><ele>4.9</ele></trkpt><trkpt lat="-27.003683" lon="-48.632075"><ele>4.9</ele></trkpt><trkpt lat="-27.003683" lon="-48.632075"><ele>4.9</ele></trkpt><trkpt lat="-27.003683" lon="-48.632075"><ele>4.9</ele></trkpt><trkpt lat="-27.003682" lon="-48.632067"><ele>5.5</ele></trkpt><trkpt lat="-27.003688" lon="-48.632053"><ele>5.1</ele></trkpt><trkpt lat="-27.003697" lon="-48.632035"><ele>5</ele></trkpt><trkpt lat="-27.003702" lon="-48.632012"><ele>5.3</ele></trkpt><trkpt lat="-27.003702" lon="-48.632012"><ele>5.3</ele></trkpt><trkpt lat="-27.003708" lon="-48.631983"><ele>5.2</ele></trkpt><trkpt lat="-27.003715" lon="-48.631957"><ele>5.2</ele></trkpt><trkpt lat="-27.003722" lon="-48.63193"><ele>5</ele></trkpt><trkpt lat="-27.003732" lon="-48.631907"><ele>4.8</ele></trkpt><trkpt lat="-27.003738" lon="-48.631888"><ele>4.5</ele></trkpt><trkpt lat="-27.003742" lon="-48.631887"><ele>4.2</ele></trkpt><trkpt lat="-27.003742" lon="-48.631887"><ele>4.3</ele></trkpt><trkpt lat="-27.00374" lon="-48.631888"><ele>4.3</ele></trkpt><trkpt lat="-27.00374" lon="-48.63189"><ele>4.1</ele></trkpt><trkpt lat="-27.00374" lon="-48.631888"><ele>4.2</ele></trkpt><trkpt lat="-27.00374" lon="-48.631888"><ele>3.8</ele></trkpt><trkpt lat="-27.00374" lon="-48.631888"><ele>3.6</ele></trkpt><trkpt lat="-27.00374" lon="-48.631888"><ele>3.6</ele></trkpt><trkpt lat="-27.003743" lon="-48.63189"><ele>3.6</ele></trkpt><trkpt lat="-27.003743" lon="-48.63189"><ele>3.6</ele></trkpt><trkpt lat="-27.003747" lon="-48.631888"><ele>3.8</ele></trkpt><trkpt lat="-27.003747" lon="-48.631888"><ele>3.8</ele></trkpt><trkpt lat="-27.003747" lon="-48.631888"><ele>3.8</ele></trkpt><trkpt lat="-27.003747" lon="-48.631888"><ele>3.8</ele></trkpt><trkpt lat="-27.003747" lon="-48.631888"><ele>3.8</ele></trkpt><trkpt lat="-27.003747" lon="-48.631888"><ele>3.8</ele></trkpt><trkpt lat="-27.003747" lon="-48.631888"><ele>3.8</ele></trkpt><trkpt lat="-27.003747" lon="-48.631888"><ele>3.8</ele></trkpt><trkpt lat="-27.003747" lon="-48.631888"><ele>3.8</ele></trkpt><trkpt lat="-27.003747" lon="-48.631888"><ele>3.8</ele></trkpt><trkpt lat="-27.003747" lon="-48.631888"><ele>3.8</ele></trkpt><trkpt lat="-27.003747" lon="-48.631888"><ele>3.8</ele></trkpt><trkpt lat="-27.003747" lon="-48.631888"><ele>3.8</ele></trkpt><trkpt lat="-27.003747" lon="-48.631888"><ele>3.8</ele></trkpt><trkpt lat="-27.003747" lon="-48.631888"><ele>3.8</ele></trkpt><trkpt lat="-27.003747" lon="-48.631888"><ele>3.8</ele></trkpt><trkpt lat="-27.003747" lon="-48.631888"><ele>3.8</ele></trkpt><trkpt lat="-27.003747" lon="-48.631888"><ele>3.8</ele></trkpt><trkpt lat="-27.003747" lon="-48.631888"><ele>3.8</ele></trkpt><trkpt lat="-27.003747" lon="-48.631888"><ele>3.8</ele></trkpt><trkpt lat="-27.003747" lon="-48.631888"><ele>3.8</ele></trkpt><trkpt lat="-27.003747" lon="-48.631888"><ele>3.8</ele></trkpt><trkpt lat="-27.003747" lon="-48.631888"><ele>3.8</ele></trkpt><trkpt lat="-27.003747" lon="-48.631888"><ele>3.8</ele></trkpt><trkpt lat="-27.003747" lon="-48.631888"><ele>3.8</ele></trkpt><trkpt lat="-27.003747" lon="-48.631888"><ele>3.8</ele></trkpt><trkpt lat="-27.003747" lon="-48.631888"><ele>3.8</ele></trkpt><trkpt lat="-27.003717" lon="-48.631862"><ele>3.3</ele></trkpt><trkpt lat="-27.00372" lon="-48.631843"><ele>3.5</ele></trkpt><trkpt lat="-27.003727" lon="-48.631822"><ele>3.6</ele></trkpt><trkpt lat="-27.003737" lon="-48.631797"><ele>3.6</ele></trkpt><trkpt lat="-27.003753" lon="-48.631765"><ele>3.7</ele></trkpt><trkpt lat="-27.003765" lon="-48.631733"><ele>4.1</ele></trkpt><trkpt lat="-27.003778" lon="-48.6317"><ele>4.3</ele></trkpt><trkpt lat="-27.003785" lon="-48.631667"><ele>4.5</ele></trkpt><trkpt lat="-27.003798" lon="-48.631632"><ele>4.5</ele></trkpt><trkpt lat="-27.003812" lon="-48.631597"><ele>4.5</ele></trkpt><trkpt lat="-27.003823" lon="-48.631567"><ele>4.7</ele></trkpt><trkpt lat="-27.003832" lon="-48.63154"><ele>4.7</ele></trkpt><trkpt lat="-27.003832" lon="-48.63154"><ele>4.7</ele></trkpt><trkpt lat="-27.003842" lon="-48.63151"><ele>4.9</ele></trkpt><trkpt lat="-27.003847" lon="-48.631483"><ele>4.7</ele></trkpt><trkpt lat="-27.00385" lon="-48.631457"><ele>4.6</ele></trkpt><trkpt lat="-27.003852" lon="-48.63144"><ele>4.5</ele></trkpt><trkpt lat="-27.003855" lon="-48.631432"><ele>4.5</ele></trkpt><trkpt lat="-27.003855" lon="-48.631433"><ele>4.5</ele></trkpt><trkpt lat="-27.003857" lon="-48.631433"><ele>4.9</ele></trkpt><trkpt lat="-27.003858" lon="-48.631432"><ele>5.1</ele></trkpt><trkpt lat="-27.003858" lon="-48.631433"><ele>5</ele></trkpt><trkpt lat="-27.003858" lon="-48.631433"><ele>5</ele></trkpt><trkpt lat="-27.003858" lon="-48.631435"><ele>5</ele></trkpt><trkpt lat="-27.003858" lon="-48.631435"><ele>5</ele></trkpt><trkpt lat="-27.003858" lon="-48.631437"><ele>5.1</ele></trkpt><trkpt lat="-27.003858" lon="-48.631435"><ele>5.1</ele></trkpt><trkpt lat="-27.003858" lon="-48.631435"><ele>5</ele></trkpt><trkpt lat="-27.003858" lon="-48.631435"><ele>5</ele></trkpt><trkpt lat="-27.003858" lon="-48.631435"><ele>5</ele></trkpt><trkpt lat="-27.003858" lon="-48.631433"><ele>4.9</ele></trkpt><trkpt lat="-27.003858" lon="-48.631433"><ele>4.9</ele></trkpt><trkpt lat="-27.003858" lon="-48.631433"><ele>4.9</ele></trkpt><trkpt lat="-27.003858" lon="-48.631433"><ele>4.9</ele></trkpt><trkpt lat="-27.003858" lon="-48.631433"><ele>4.9</ele></trkpt><trkpt lat="-27.003858" lon="-48.631433"><ele>4.9</ele></trkpt><trkpt lat="-27.003858" lon="-48.631433"><ele>4.9</ele></trkpt><trkpt lat="-27.003858" lon="-48.631433"><ele>4.9</ele></trkpt><trkpt lat="-27.003858" lon="-48.631433"><ele>4.9</ele></trkpt><trkpt lat="-27.003858" lon="-48.631433"><ele>4.9</ele></trkpt><trkpt lat="-27.003858" lon="-48.631433"><ele>4.9</ele></trkpt><trkpt lat="-27.003858" lon="-48.631433"><ele>4.9</ele></trkpt><trkpt lat="-27.003858" lon="-48.631433"><ele>4.9</ele></trkpt><trkpt lat="-27.003858" lon="-48.631433"><ele>4.9</ele></trkpt><trkpt lat="-27.003858" lon="-48.631433"><ele>4.9</ele></trkpt><trkpt lat="-27.003858" lon="-48.631433"><ele>4.9</ele></trkpt><trkpt lat="-27.003858" lon="-48.631433"><ele>4.9</ele></trkpt><trkpt lat="-27.003858" lon="-48.631433"><ele>4.9</ele></trkpt><trkpt lat="-27.003858" lon="-48.631433"><ele>4.9</ele></trkpt><trkpt lat="-27.003867" lon="-48.631433"><ele>4.1</ele></trkpt><trkpt lat="-27.00387" lon="-48.631418"><ele>3.9</ele></trkpt><trkpt lat="-27.00388" lon="-48.631395"><ele>3.9</ele></trkpt><trkpt lat="-27.003888" lon="-48.631375"><ele>3.7</ele></trkpt><trkpt lat="-27.003893" lon="-48.63135"><ele>3.6</ele></trkpt><trkpt lat="-27.0039" lon="-48.631323"><ele>3.2</ele></trkpt><trkpt lat="-27.003905" lon="-48.631295"><ele>3.2</ele></trkpt><trkpt lat="-27.003912" lon="-48.631263"><ele>3.4</ele></trkpt><trkpt lat="-27.00392" lon="-48.631233"><ele>3.8</ele></trkpt><trkpt lat="-27.003928" lon="-48.631207"><ele>3.9</ele></trkpt><trkpt lat="-27.003937" lon="-48.63118"><ele>4.2</ele></trkpt><trkpt lat="-27.003943" lon="-48.631152"><ele>4.5</ele></trkpt><trkpt lat="-27.003948" lon="-48.631123"><ele>5.1</ele></trkpt><trkpt lat="-27.003952" lon="-48.6311"><ele>5.4</ele></trkpt><trkpt lat="-27.003957" lon="-48.631073"><ele>5.8</ele></trkpt><trkpt lat="-27.003963" lon="-48.631052"><ele>6.1</ele></trkpt><trkpt lat="-27.003975" lon="-48.63103"><ele>6.5</ele></trkpt><trkpt lat="-27.00398" lon="-48.631008"><ele>6.8</ele></trkpt><trkpt lat="-27.003982" lon="-48.630988"><ele>7.1</ele></trkpt><trkpt lat="-27.003987" lon="-48.630977"><ele>7.2</ele></trkpt><trkpt lat="-27.003987" lon="-48.630975"><ele>7.7</ele></trkpt><trkpt lat="-27.003987" lon="-48.630975"><ele>7.4</ele></trkpt><trkpt lat="-27.003987" lon="-48.630975"><ele>7.3</ele></trkpt><trkpt lat="-27.003988" lon="-48.630972"><ele>7.3</ele></trkpt><trkpt lat="-27.003988" lon="-48.630972"><ele>7.3</ele></trkpt><trkpt lat="-27.003988" lon="-48.630972"><ele>7.2</ele></trkpt><trkpt lat="-27.003992" lon="-48.63097"><ele>6.8</ele></trkpt><trkpt lat="-27.003992" lon="-48.630973"><ele>6.2</ele></trkpt><trkpt lat="-27.003992" lon="-48.630977"><ele>5.6</ele></trkpt><trkpt lat="-27.003992" lon="-48.63098"><ele>5</ele></trkpt><trkpt lat="-27.003992" lon="-48.63098"><ele>5</ele></trkpt><trkpt lat="-27.003993" lon="-48.630983"><ele>4.7</ele></trkpt><trkpt lat="-27.003993" lon="-48.630983"><ele>4.7</ele></trkpt><trkpt lat="-27.003993" lon="-48.630983"><ele>4.7</ele></trkpt><trkpt lat="-27.003993" lon="-48.630983"><ele>4.7</ele></trkpt><trkpt lat="-27.004005" lon="-48.630987"><ele>3.9</ele></trkpt><trkpt lat="-27.00401" lon="-48.630973"><ele>3.7</ele></trkpt><trkpt lat="-27.004015" lon="-48.630957"><ele>3.3</ele></trkpt><trkpt lat="-27.004022" lon="-48.630947"><ele>3.1</ele></trkpt><trkpt lat="-27.004027" lon="-48.630935"><ele>3</ele></trkpt><trkpt lat="-27.004032" lon="-48.630928"><ele>2.9</ele></trkpt><trkpt lat="-27.004038" lon="-48.630923"><ele>2.8</ele></trkpt><trkpt lat="-27.004042" lon="-48.630922"><ele>3.1</ele></trkpt><trkpt lat="-27.004045" lon="-48.630923"><ele>3.2</ele></trkpt><trkpt lat="-27.004045" lon="-48.630923"><ele>3.2</ele></trkpt><trkpt lat="-27.004043" lon="-48.630923"><ele>3.1</ele></trkpt><trkpt lat="-27.004038" lon="-48.630925"><ele>3.1</ele></trkpt><trkpt lat="-27.004033" lon="-48.630925"><ele>3.1</ele></trkpt><trkpt lat="-27.004028" lon="-48.630927"><ele>3.2</ele></trkpt><trkpt lat="-27.004025" lon="-48.630927"><ele>3.4</ele></trkpt><trkpt lat="-27.004025" lon="-48.630927"><ele>3.4</ele></trkpt><trkpt lat="-27.004025" lon="-48.630927"><ele>3.4</ele></trkpt><trkpt lat="-27.004025" lon="-48.630927"><ele>3.4</ele></trkpt><trkpt lat="-27.004025" lon="-48.630927"><ele>3.4</ele></trkpt><trkpt lat="-27.004025" lon="-48.630927"><ele>3.4</ele></trkpt><trkpt lat="-27.004025" lon="-48.630927"><ele>3.4</ele></trkpt><trkpt lat="-27.004025" lon="-48.630927"><ele>3.4</ele></trkpt><trkpt lat="-27.004025" lon="-48.630927"><ele>3.4</ele></trkpt><trkpt lat="-27.004025" lon="-48.630927"><ele>3.4</ele></trkpt><trkpt lat="-27.004025" lon="-48.630927"><ele>3.4</ele></trkpt><trkpt lat="-27.004025" lon="-48.630927"><ele>3.4</ele></trkpt><trkpt lat="-27.004025" lon="-48.630927"><ele>3.4</ele></trkpt><trkpt lat="-27.004025" lon="-48.630927"><ele>3.4</ele></trkpt><trkpt lat="-27.004025" lon="-48.630927"><ele>3.4</ele></trkpt><trkpt lat="-27.004025" lon="-48.630927"><ele>3.4</ele></trkpt><trkpt lat="-27.004025" lon="-48.630927"><ele>3.4</ele></trkpt><trkpt lat="-27.004025" lon="-48.630927"><ele>3.4</ele></trkpt><trkpt lat="-27.004025" lon="-48.630927"><ele>3.4</ele></trkpt><trkpt lat="-27.004025" lon="-48.630927"><ele>3.4</ele></trkpt><trkpt lat="-27.004025" lon="-48.630927"><ele>3.4</ele></trkpt><trkpt lat="-27.004025" lon="-48.630927"><ele>3.4</ele></trkpt><trkpt lat="-27.004025" lon="-48.630927"><ele>3.4</ele></trkpt><trkpt lat="-27.004025" lon="-48.630927"><ele>3.4</ele></trkpt><trkpt lat="-27.004025" lon="-48.630927"><ele>3.4</ele></trkpt><trkpt lat="-27.004025" lon="-48.630927"><ele>3.4</ele></trkpt><trkpt lat="-27.004025" lon="-48.630927"><ele>3.4</ele></trkpt><trkpt lat="-27.004025" lon="-48.630927"><ele>3.4</ele></trkpt><trkpt lat="-27.004025" lon="-48.630927"><ele>3.4</ele></trkpt><trkpt lat="-27.004025" lon="-48.630927"><ele>3.4</ele></trkpt><trkpt lat="-27.004025" lon="-48.630927"><ele>3.4</ele></trkpt><trkpt lat="-27.004025" lon="-48.630927"><ele>3.4</ele></trkpt><trkpt lat="-27.004025" lon="-48.630927"><ele>3.4</ele></trkpt><trkpt lat="-27.004025" lon="-48.630927"><ele>3.4</ele></trkpt><trkpt lat="-27.004025" lon="-48.630927"><ele>3.4</ele></trkpt><trkpt lat="-27.004025" lon="-48.630927"><ele>3.4</ele></trkpt><trkpt lat="-27.004025" lon="-48.630927"><ele>3.4</ele></trkpt><trkpt lat="-27.004025" lon="-48.630927"><ele>3.4</ele></trkpt><trkpt lat="-27.004025" lon="-48.630927"><ele>3.4</ele></trkpt><trkpt lat="-27.003995" lon="-48.63088"><ele>4.2</ele></trkpt><trkpt lat="-27.004002" lon="-48.630872"><ele>4.4</ele></trkpt><trkpt lat="-27.004008" lon="-48.630868"><ele>4.5</ele></trkpt><trkpt lat="-27.00401" lon="-48.630857"><ele>4.5</ele></trkpt><trkpt lat="-27.004017" lon="-48.630845"><ele>4.9</ele></trkpt><trkpt lat="-27.004018" lon="-48.630835"><ele>5</ele></trkpt><trkpt lat="-27.004023" lon="-48.630828"><ele>5.1</ele></trkpt><trkpt lat="-27.004028" lon="-48.630828"><ele>5.1</ele></trkpt><trkpt lat="-27.004032" lon="-48.630832"><ele>5.1</ele></trkpt><trkpt lat="-27.004035" lon="-48.630833"><ele>5</ele></trkpt><trkpt lat="-27.004037" lon="-48.630837"><ele>4.8</ele></trkpt><trkpt lat="-27.00404" lon="-48.63084"><ele>4.6</ele></trkpt><trkpt lat="-27.004042" lon="-48.630843"><ele>4.5</ele></trkpt><trkpt lat="-27.004042" lon="-48.630843"><ele>4.5</ele></trkpt><trkpt lat="-27.004043" lon="-48.630843"><ele>4.3</ele></trkpt><trkpt lat="-27.004043" lon="-48.630843"><ele>4.4</ele></trkpt><trkpt lat="-27.004043" lon="-48.630843"><ele>4.5</ele></trkpt><trkpt lat="-27.004043" lon="-48.630843"><ele>4.5</ele></trkpt><trkpt lat="-27.004043" lon="-48.630843"><ele>4.5</ele></trkpt><trkpt lat="-27.004043" lon="-48.630843"><ele>4.5</ele></trkpt><trkpt lat="-27.004043" lon="-48.630843"><ele>4.5</ele></trkpt><trkpt lat="-27.004043" lon="-48.630843"><ele>4.5</ele></trkpt><trkpt lat="-27.004043" lon="-48.630843"><ele>4.5</ele></trkpt><trkpt lat="-27.004043" lon="-48.630843"><ele>4.5</ele></trkpt><trkpt lat="-27.004043" lon="-48.630843"><ele>4.5</ele></trkpt><trkpt lat="-27.004043" lon="-48.630843"><ele>4.5</ele></trkpt><trkpt lat="-27.004043" lon="-48.630843"><ele>4.5</ele></trkpt><trkpt lat="-27.004043" lon="-48.630843"><ele>4.5</ele></trkpt><trkpt lat="-27.004043" lon="-48.630843"><ele>4.5</ele></trkpt><trkpt lat="-27.004043" lon="-48.630843"><ele>4.5</ele></trkpt><trkpt lat="-27.004043" lon="-48.630843"><ele>4.5</ele></trkpt><trkpt lat="-27.004043" lon="-48.630843"><ele>4.5</ele></trkpt><trkpt lat="-27.004043" lon="-48.630843"><ele>4.5</ele></trkpt><trkpt lat="-27.004043" lon="-48.630843"><ele>4.5</ele></trkpt><trkpt lat="-27.004043" lon="-48.630843"><ele>4.5</ele></trkpt><trkpt lat="-27.004043" lon="-48.630843"><ele>4.5</ele></trkpt><trkpt lat="-27.004043" lon="-48.630843"><ele>4.5</ele></trkpt><trkpt lat="-27.004043" lon="-48.630843"><ele>4.5</ele></trkpt><trkpt lat="-27.004043" lon="-48.630843"><ele>4.5</ele></trkpt><trkpt lat="-27.004043" lon="-48.630812"><ele>5</ele></trkpt><trkpt lat="-27.004048" lon="-48.6308"><ele>4.7</ele></trkpt><trkpt lat="-27.004057" lon="-48.630777"><ele>4.3</ele></trkpt><trkpt lat="-27.004075" lon="-48.630748"><ele>4.2</ele></trkpt><trkpt lat="-27.00409" lon="-48.630715"><ele>4.1</ele></trkpt><trkpt lat="-27.004113" lon="-48.630685"><ele>3.8</ele></trkpt><trkpt lat="-27.004133" lon="-48.630657"><ele>3.2</ele></trkpt><trkpt lat="-27.004155" lon="-48.630632"><ele>2.8</ele></trkpt><trkpt lat="-27.004167" lon="-48.630613"><ele>3.3</ele></trkpt><trkpt lat="-27.00417" lon="-48.63061"><ele>2.7</ele></trkpt><trkpt lat="-27.004172" lon="-48.63061"><ele>2.9</ele></trkpt><trkpt lat="-27.004172" lon="-48.630612"><ele>3.1</ele></trkpt><trkpt lat="-27.004172" lon="-48.630612"><ele>3.4</ele></trkpt><trkpt lat="-27.004168" lon="-48.630615"><ele>4</ele></trkpt><trkpt lat="-27.004168" lon="-48.630618"><ele>4.6</ele></trkpt><trkpt lat="-27.00417" lon="-48.630622"><ele>5.6</ele></trkpt><trkpt lat="-27.00417" lon="-48.630622"><ele>5.6</ele></trkpt><trkpt lat="-27.004175" lon="-48.630623"><ele>6</ele></trkpt><trkpt lat="-27.004177" lon="-48.630622"><ele>6.1</ele></trkpt><trkpt lat="-27.004182" lon="-48.630608"><ele>6.2</ele></trkpt><trkpt lat="-27.004192" lon="-48.63059"><ele>6.5</ele></trkpt><trkpt lat="-27.004197" lon="-48.630573"><ele>6.7</ele></trkpt><trkpt lat="-27.004203" lon="-48.63055"><ele>6.4</ele></trkpt><trkpt lat="-27.004215" lon="-48.630533"><ele>6.4</ele></trkpt><trkpt lat="-27.004222" lon="-48.630512"><ele>5.9</ele></trkpt><trkpt lat="-27.004228" lon="-48.630487"><ele>5.1</ele></trkpt><trkpt lat="-27.004233" lon="-48.63046"><ele>4.6</ele></trkpt><trkpt lat="-27.004237" lon="-48.630433"><ele>3.9</ele></trkpt><trkpt lat="-27.004243" lon="-48.630408"><ele>3.7</ele></trkpt><trkpt lat="-27.004252" lon="-48.630393"><ele>3.4</ele></trkpt><trkpt lat="-27.004262" lon="-48.63039"><ele>3.3</ele></trkpt><trkpt lat="-27.004268" lon="-48.63039"><ele>3.2</ele></trkpt><trkpt lat="-27.004272" lon="-48.630388"><ele>3.4</ele></trkpt><trkpt lat="-27.004277" lon="-48.630388"><ele>3.7</ele></trkpt><trkpt lat="-27.004282" lon="-48.630387"><ele>4</ele></trkpt><trkpt lat="-27.004282" lon="-48.630387"><ele>4.1</ele></trkpt><trkpt lat="-27.004285" lon="-48.630385"><ele>4.2</ele></trkpt><trkpt lat="-27.004285" lon="-48.630385"><ele>4.2</ele></trkpt><trkpt lat="-27.004285" lon="-48.630383"><ele>4.6</ele></trkpt><trkpt lat="-27.004285" lon="-48.630382"><ele>4.8</ele></trkpt><trkpt lat="-27.004285" lon="-48.63038"><ele>4.9</ele></trkpt><trkpt lat="-27.004287" lon="-48.630378"><ele>4.8</ele></trkpt><trkpt lat="-27.004287" lon="-48.630378"><ele>4.8</ele></trkpt><trkpt lat="-27.004287" lon="-48.630378"><ele>4.8</ele></trkpt><trkpt lat="-27.004287" lon="-48.630378"><ele>4.8</ele></trkpt><trkpt lat="-27.004287" lon="-48.630378"><ele>4.8</ele></trkpt><trkpt lat="-27.004287" lon="-48.630378"><ele>4.8</ele></trkpt><trkpt lat="-27.004287" lon="-48.630378"><ele>4.8</ele></trkpt><trkpt lat="-27.004287" lon="-48.630378"><ele>4.8</ele></trkpt><trkpt lat="-27.004287" lon="-48.630378"><ele>4.8</ele></trkpt><trkpt lat="-27.004287" lon="-48.630378"><ele>4.8</ele></trkpt><trkpt lat="-27.004287" lon="-48.630378"><ele>4.8</ele></trkpt><trkpt lat="-27.004287" lon="-48.630378"><ele>4.8</ele></trkpt><trkpt lat="-27.004287" lon="-48.630378"><ele>4.8</ele></trkpt><trkpt lat="-27.004287" lon="-48.630378"><ele>4.8</ele></trkpt><trkpt lat="-27.004287" lon="-48.630378"><ele>4.8</ele></trkpt><trkpt lat="-27.004287" lon="-48.630378"><ele>4.8</ele></trkpt><trkpt lat="-27.004287" lon="-48.630378"><ele>4.8</ele></trkpt><trkpt lat="-27.004268" lon="-48.63038"><ele>4.5</ele></trkpt><trkpt lat="-27.00427" lon="-48.630363"><ele>4.9</ele></trkpt><trkpt lat="-27.004273" lon="-48.630348"><ele>5.4</ele></trkpt><trkpt lat="-27.004273" lon="-48.630333"><ele>6</ele></trkpt><trkpt lat="-27.004273" lon="-48.63033"><ele>6.6</ele></trkpt><trkpt lat="-27.004273" lon="-48.63033"><ele>6.6</ele></trkpt><trkpt lat="-27.00427" lon="-48.630328"><ele>6.9</ele></trkpt><trkpt lat="-27.004268" lon="-48.630327"><ele>6.8</ele></trkpt><trkpt lat="-27.004265" lon="-48.630327"><ele>6.9</ele></trkpt><trkpt lat="-27.004265" lon="-48.630327"><ele>6.9</ele></trkpt><trkpt lat="-27.004265" lon="-48.630325"><ele>6.9</ele></trkpt><trkpt lat="-27.004265" lon="-48.630327"><ele>7.2</ele></trkpt><trkpt lat="-27.004265" lon="-48.630328"><ele>7.5</ele></trkpt><trkpt lat="-27.004267" lon="-48.63033"><ele>7.7</ele></trkpt><trkpt lat="-27.004267" lon="-48.630333"><ele>7.8</ele></trkpt><trkpt lat="-27.004267" lon="-48.630333"><ele>7.8</ele></trkpt><trkpt lat="-27.004267" lon="-48.630333"><ele>7.8</ele></trkpt><trkpt lat="-27.004267" lon="-48.630325"><ele>7.3</ele></trkpt><trkpt lat="-27.004265" lon="-48.630315"><ele>7.1</ele></trkpt><trkpt lat="-27.00426" lon="-48.630302"><ele>7</ele></trkpt><trkpt lat="-27.00425" lon="-48.630287"><ele>6.9</ele></trkpt><trkpt lat="-27.004238" lon="-48.630272"><ele>6.6</ele></trkpt><trkpt lat="-27.004228" lon="-48.630242"><ele>6.1</ele></trkpt><trkpt lat="-27.00423" lon="-48.630217"><ele>6</ele></trkpt><trkpt lat="-27.00423" lon="-48.630197"><ele>6.2</ele></trkpt><trkpt lat="-27.004228" lon="-48.630185"><ele>6.4</ele></trkpt><trkpt lat="-27.004228" lon="-48.63018"><ele>6.4</ele></trkpt><trkpt lat="-27.00423" lon="-48.630182"><ele>6.1</ele></trkpt><trkpt lat="-27.004227" lon="-48.630187"><ele>5.7</ele></trkpt><trkpt lat="-27.004225" lon="-48.63019"><ele>5.5</ele></trkpt><trkpt lat="-27.004222" lon="-48.630193"><ele>5</ele></trkpt><trkpt lat="-27.004217" lon="-48.630195"><ele>4.7</ele></trkpt><trkpt lat="-27.004217" lon="-48.630195"><ele>4.7</ele></trkpt><trkpt lat="-27.004217" lon="-48.630198"><ele>4.3</ele></trkpt><trkpt lat="-27.00422" lon="-48.630197"><ele>4.5</ele></trkpt><trkpt lat="-27.004218" lon="-48.630195"><ele>4.5</ele></trkpt><trkpt lat="-27.004225" lon="-48.630198"><ele>4.9</ele></trkpt><trkpt lat="-27.004225" lon="-48.630198"><ele>4.9</ele></trkpt><trkpt lat="-27.004225" lon="-48.630198"><ele>4.9</ele></trkpt><trkpt lat="-27.004225" lon="-48.630198"><ele>4.9</ele></trkpt><trkpt lat="-27.004225" lon="-48.630198"><ele>4.9</ele></trkpt><trkpt lat="-27.004225" lon="-48.630198"><ele>4.9</ele></trkpt><trkpt lat="-27.004225" lon="-48.630198"><ele>4.9</ele></trkpt><trkpt lat="-27.004225" lon="-48.630198"><ele>4.9</ele></trkpt><trkpt lat="-27.004225" lon="-48.630198"><ele>4.9</ele></trkpt><trkpt lat="-27.004242" lon="-48.630178"><ele>5.3</ele></trkpt><trkpt lat="-27.004253" lon="-48.630162"><ele>6</ele></trkpt><trkpt lat="-27.004258" lon="-48.63014"><ele>6.2</ele></trkpt><trkpt lat="-27.004265" lon="-48.630108"><ele>6.2</ele></trkpt><trkpt lat="-27.004272" lon="-48.630077"><ele>6.5</ele></trkpt><trkpt lat="-27.004275" lon="-48.630048"><ele>6.5</ele></trkpt><trkpt lat="-27.00428" lon="-48.63002"><ele>6.6</ele></trkpt><trkpt lat="-27.004287" lon="-48.629997"><ele>6.3</ele></trkpt><trkpt lat="-27.004292" lon="-48.629977"><ele>5.7</ele></trkpt><trkpt lat="-27.004298" lon="-48.62996"><ele>5.5</ele></trkpt><trkpt lat="-27.004305" lon="-48.629942"><ele>5.5</ele></trkpt><trkpt lat="-27.004305" lon="-48.629933"><ele>5.6</ele></trkpt><trkpt lat="-27.004305" lon="-48.629928"><ele>5.9</ele></trkpt><trkpt lat="-27.004305" lon="-48.629928"><ele>5.9</ele></trkpt><trkpt lat="-27.004305" lon="-48.629925"><ele>6.3</ele></trkpt><trkpt lat="-27.004305" lon="-48.629923"><ele>6.2</ele></trkpt><trkpt lat="-27.004305" lon="-48.629925"><ele>6.4</ele></trkpt><trkpt lat="-27.004303" lon="-48.629925"><ele>6.5</ele></trkpt><trkpt lat="-27.004303" lon="-48.629928"><ele>6.5</ele></trkpt><trkpt lat="-27.004303" lon="-48.629928"><ele>6.5</ele></trkpt><trkpt lat="-27.004305" lon="-48.62993"><ele>6.4</ele></trkpt><trkpt lat="-27.004305" lon="-48.62993"><ele>5.9</ele></trkpt><trkpt lat="-27.004307" lon="-48.62993"><ele>5.8</ele></trkpt><trkpt lat="-27.00431" lon="-48.629923"><ele>5.7</ele></trkpt><trkpt lat="-27.004312" lon="-48.629912"><ele>5.1</ele></trkpt><trkpt lat="-27.004315" lon="-48.629898"><ele>4.9</ele></trkpt><trkpt lat="-27.004315" lon="-48.629888"><ele>4.7</ele></trkpt><trkpt lat="-27.004315" lon="-48.629888"><ele>4.7</ele></trkpt><trkpt lat="-27.004315" lon="-48.629878"><ele>4.2</ele></trkpt><trkpt lat="-27.004317" lon="-48.629872"><ele>4</ele></trkpt><trkpt lat="-27.004317" lon="-48.629873"><ele>3.5</ele></trkpt><trkpt lat="-27.004317" lon="-48.629877"><ele>3.8</ele></trkpt><trkpt lat="-27.004315" lon="-48.629878"><ele>4</ele></trkpt><trkpt lat="-27.004317" lon="-48.629877"><ele>4.1</ele></trkpt><trkpt lat="-27.004318" lon="-48.629872"><ele>4.1</ele></trkpt><trkpt lat="-27.004318" lon="-48.629867"><ele>4.2</ele></trkpt><trkpt lat="-27.004323" lon="-48.629855"><ele>4.5</ele></trkpt><trkpt lat="-27.00433" lon="-48.629845"><ele>4.7</ele></trkpt><trkpt lat="-27.00434" lon="-48.62983"><ele>5.1</ele></trkpt><trkpt lat="-27.004345" lon="-48.629812"><ele>5.4</ele></trkpt><trkpt lat="-27.004357" lon="-48.629788"><ele>5.7</ele></trkpt><trkpt lat="-27.004365" lon="-48.629768"><ele>6</ele></trkpt><trkpt lat="-27.004372" lon="-48.629738"><ele>6.1</ele></trkpt><trkpt lat="-27.004378" lon="-48.629708"><ele>5.9</ele></trkpt><trkpt lat="-27.004388" lon="-48.629678"><ele>5.3</ele></trkpt><trkpt lat="-27.004398" lon="-48.62965"><ele>5.1</ele></trkpt><trkpt lat="-27.004407" lon="-48.62962"><ele>5.1</ele></trkpt><trkpt lat="-27.004418" lon="-48.629592"><ele>4.9</ele></trkpt><trkpt lat="-27.00443" lon="-48.629562"><ele>5.2</ele></trkpt><trkpt lat="-27.004433" lon="-48.62954"><ele>5.1</ele></trkpt><trkpt lat="-27.004438" lon="-48.629515"><ele>4.7</ele></trkpt><trkpt lat="-27.004442" lon="-48.629492"><ele>4.6</ele></trkpt><trkpt lat="-27.004448" lon="-48.629468"><ele>4.4</ele></trkpt><trkpt lat="-27.004453" lon="-48.629448"><ele>4.1</ele></trkpt><trkpt lat="-27.004452" lon="-48.629432"><ele>3.9</ele></trkpt><trkpt lat="-27.00445" lon="-48.62942"><ele>4.1</ele></trkpt><trkpt lat="-27.004447" lon="-48.629408"><ele>4.3</ele></trkpt><trkpt lat="-27.004447" lon="-48.6294"><ele>4.3</ele></trkpt><trkpt lat="-27.004447" lon="-48.6294"><ele>4.8</ele></trkpt><trkpt lat="-27.004448" lon="-48.629397"><ele>4.9</ele></trkpt><trkpt lat="-27.004448" lon="-48.629393"><ele>5.2</ele></trkpt><trkpt lat="-27.00445" lon="-48.629393"><ele>5.3</ele></trkpt><trkpt lat="-27.004455" lon="-48.629385"><ele>5.6</ele></trkpt><trkpt lat="-27.004465" lon="-48.629377"><ele>5.6</ele></trkpt><trkpt lat="-27.004468" lon="-48.629367"><ele>5.9</ele></trkpt><trkpt lat="-27.004472" lon="-48.62936"><ele>6.2</ele></trkpt><trkpt lat="-27.004473" lon="-48.629353"><ele>6.3</ele></trkpt><trkpt lat="-27.004473" lon="-48.629353"><ele>6.3</ele></trkpt><trkpt lat="-27.004475" lon="-48.629348"><ele>6</ele></trkpt><trkpt lat="-27.004475" lon="-48.629338"><ele>5.7</ele></trkpt><trkpt lat="-27.004472" lon="-48.629325"><ele>5.6</ele></trkpt><trkpt lat="-27.004472" lon="-48.629315"><ele>5.5</ele></trkpt><trkpt lat="-27.004472" lon="-48.629308"><ele>5.3</ele></trkpt><trkpt lat="-27.004468" lon="-48.62931"><ele>4.9</ele></trkpt><trkpt lat="-27.00447" lon="-48.62931"><ele>4.6</ele></trkpt><trkpt lat="-27.004472" lon="-48.629313"><ele>4.6</ele></trkpt><trkpt lat="-27.004472" lon="-48.629317"><ele>4.7</ele></trkpt><trkpt lat="-27.004472" lon="-48.629317"><ele>4.7</ele></trkpt><trkpt lat="-27.004472" lon="-48.62932"><ele>4.9</ele></trkpt><trkpt lat="-27.004473" lon="-48.629332"><ele>5.1</ele></trkpt><trkpt lat="-27.004475" lon="-48.62934"><ele>5.4</ele></trkpt><trkpt lat="-27.004473" lon="-48.629348"><ele>5.7</ele></trkpt><trkpt lat="-27.004475" lon="-48.629353"><ele>5.7</ele></trkpt><trkpt lat="-27.004475" lon="-48.629353"><ele>5.7</ele></trkpt><trkpt lat="-27.004475" lon="-48.629357"><ele>5.6</ele></trkpt><trkpt lat="-27.004475" lon="-48.62936"><ele>5.7</ele></trkpt><trkpt lat="-27.004477" lon="-48.629363"><ele>5.8</ele></trkpt><trkpt lat="-27.004477" lon="-48.629363"><ele>5.8</ele></trkpt><trkpt lat="-27.004475" lon="-48.62937"><ele>5.7</ele></trkpt><trkpt lat="-27.004472" lon="-48.629375"><ele>5.4</ele></trkpt><trkpt lat="-27.004467" lon="-48.629383"><ele>5.2</ele></trkpt><trkpt lat="-27.004467" lon="-48.629393"><ele>5.6</ele></trkpt><trkpt lat="-27.004468" lon="-48.629403"><ele>6.1</ele></trkpt><trkpt lat="-27.004468" lon="-48.629408"><ele>6.1</ele></trkpt><trkpt lat="-27.00447" lon="-48.629407"><ele>6</ele></trkpt><trkpt lat="-27.004472" lon="-48.629402"><ele>6</ele></trkpt><trkpt lat="-27.004472" lon="-48.629397"><ele>6.4</ele></trkpt><trkpt lat="-27.004475" lon="-48.629392"><ele>6.5</ele></trkpt><trkpt lat="-27.004475" lon="-48.629392"><ele>6.6</ele></trkpt><trkpt lat="-27.004475" lon="-48.629392"><ele>6.8</ele></trkpt><trkpt lat="-27.004475" lon="-48.629395"><ele>6.9</ele></trkpt><trkpt lat="-27.004475" lon="-48.629395"><ele>6.9</ele></trkpt><trkpt lat="-27.004475" lon="-48.629395"><ele>6.9</ele></trkpt><trkpt lat="-27.004475" lon="-48.629395"><ele>6.9</ele></trkpt><trkpt lat="-27.004478" lon="-48.629377"><ele>7</ele></trkpt><trkpt lat="-27.004482" lon="-48.629358"><ele>6.6</ele></trkpt><trkpt lat="-27.004487" lon="-48.629333"><ele>6.2</ele></trkpt><trkpt lat="-27.004492" lon="-48.629307"><ele>5.5</ele></trkpt><trkpt lat="-27.004495" lon="-48.629278"><ele>5.1</ele></trkpt><trkpt lat="-27.004508" lon="-48.62925"><ele>4.8</ele></trkpt><trkpt lat="-27.004518" lon="-48.629213"><ele>4.4</ele></trkpt><trkpt lat="-27.004523" lon="-48.629183"><ele>4</ele></trkpt><trkpt lat="-27.004532" lon="-48.629148"><ele>3.8</ele></trkpt><trkpt lat="-27.004537" lon="-48.629118"><ele>3.5</ele></trkpt><trkpt lat="-27.004543" lon="-48.629088"><ele>3.2</ele></trkpt><trkpt lat="-27.004558" lon="-48.62905"><ele>2.3</ele></trkpt><trkpt lat="-27.004567" lon="-48.62902"><ele>2.3</ele></trkpt><trkpt lat="-27.004587" lon="-48.62899"><ele>1.8</ele></trkpt><trkpt lat="-27.004592" lon="-48.628968"><ele>1.4</ele></trkpt><trkpt lat="-27.004595" lon="-48.628957"><ele>1.7</ele></trkpt><trkpt lat="-27.004597" lon="-48.628953"><ele>2</ele></trkpt><trkpt lat="-27.0046" lon="-48.628953"><ele>2.4</ele></trkpt><trkpt lat="-27.004602" lon="-48.628953"><ele>2.6</ele></trkpt><trkpt lat="-27.004603" lon="-48.628953"><ele>2.9</ele></trkpt><trkpt lat="-27.004603" lon="-48.628953"><ele>2.9</ele></trkpt><trkpt lat="-27.004603" lon="-48.628948"><ele>2.9</ele></trkpt><trkpt lat="-27.004607" lon="-48.628945"><ele>3</ele></trkpt><trkpt lat="-27.004612" lon="-48.628943"><ele>2.9</ele></trkpt><trkpt lat="-27.004612" lon="-48.62894"><ele>2.9</ele></trkpt><trkpt lat="-27.004618" lon="-48.62894"><ele>2.9</ele></trkpt><trkpt lat="-27.004622" lon="-48.628938"><ele>2.9</ele></trkpt><trkpt lat="-27.004623" lon="-48.62894"><ele>3.1</ele></trkpt><trkpt lat="-27.004625" lon="-48.62894"><ele>3.2</ele></trkpt><trkpt lat="-27.004623" lon="-48.628942"><ele>3.3</ele></trkpt><trkpt lat="-27.004623" lon="-48.628945"><ele>3.5</ele></trkpt><trkpt lat="-27.004622" lon="-48.628945"><ele>3.7</ele></trkpt><trkpt lat="-27.004625" lon="-48.628945"><ele>4</ele></trkpt><trkpt lat="-27.004632" lon="-48.628945"><ele>4.1</ele></trkpt><trkpt lat="-27.004645" lon="-48.628947"><ele>4.4</ele></trkpt><trkpt lat="-27.004655" lon="-48.628947"><ele>4.7</ele></trkpt><trkpt lat="-27.004665" lon="-48.628947"><ele>4.6</ele></trkpt><trkpt lat="-27.004672" lon="-48.628942"><ele>4.3</ele></trkpt><trkpt lat="-27.004682" lon="-48.628937"><ele>4.1</ele></trkpt><trkpt lat="-27.004692" lon="-48.628933"><ele>4</ele></trkpt><trkpt lat="-27.004695" lon="-48.62893"><ele>3.8</ele></trkpt><trkpt lat="-27.004698" lon="-48.628927"><ele>3.9</ele></trkpt><trkpt lat="-27.004702" lon="-48.628927"><ele>3.7</ele></trkpt><trkpt lat="-27.004703" lon="-48.628925"><ele>4</ele></trkpt><trkpt lat="-27.004703" lon="-48.628925"><ele>5</ele></trkpt><trkpt lat="-27.004707" lon="-48.62892"><ele>6.1</ele></trkpt><trkpt lat="-27.004705" lon="-48.628922"><ele>6.2</ele></trkpt><trkpt lat="-27.004708" lon="-48.628923"><ele>6.7</ele></trkpt><trkpt lat="-27.0047" lon="-48.628925"><ele>7.5</ele></trkpt><trkpt lat="-27.0047" lon="-48.628928"><ele>7.7</ele></trkpt><trkpt lat="-27.004697" lon="-48.628932"><ele>7.9</ele></trkpt><trkpt lat="-27.004695" lon="-48.628937"><ele>8</ele></trkpt><trkpt lat="-27.004693" lon="-48.628938"><ele>8.1</ele></trkpt><trkpt lat="-27.004693" lon="-48.628937"><ele>8.5</ele></trkpt><trkpt lat="-27.004693" lon="-48.628932"><ele>8.8</ele></trkpt><trkpt lat="-27.004692" lon="-48.628932"><ele>9.1</ele></trkpt><trkpt lat="-27.004688" lon="-48.628932"><ele>9.2</ele></trkpt><trkpt lat="-27.004688" lon="-48.628932"><ele>9.2</ele></trkpt><trkpt lat="-27.004688" lon="-48.628932"><ele>9.2</ele></trkpt><trkpt lat="-27.004688" lon="-48.628932"><ele>9.2</ele></trkpt><trkpt lat="-27.004688" lon="-48.628932"><ele>9.2</ele></trkpt><trkpt lat="-27.004688" lon="-48.628932"><ele>9.2</ele></trkpt><trkpt lat="-27.004688" lon="-48.628932"><ele>9.2</ele></trkpt><trkpt lat="-27.004688" lon="-48.628932"><ele>9.2</ele></trkpt><trkpt lat="-27.004688" lon="-48.628932"><ele>9.2</ele></trkpt><trkpt lat="-27.004688" lon="-48.628932"><ele>9.2</ele></trkpt><trkpt lat="-27.004688" lon="-48.628932"><ele>9.2</ele></trkpt><trkpt lat="-27.004688" lon="-48.628932"><ele>9.2</ele></trkpt><trkpt lat="-27.004688" lon="-48.628932"><ele>9.2</ele></trkpt><trkpt lat="-27.004685" lon="-48.628923"><ele>9.9</ele></trkpt><trkpt lat="-27.004675" lon="-48.628922"><ele>9.9</ele></trkpt><trkpt lat="-27.004667" lon="-48.628923"><ele>9.5</ele></trkpt><trkpt lat="-27.004657" lon="-48.62892"><ele>9.3</ele></trkpt><trkpt lat="-27.004642" lon="-48.628917"><ele>9.1</ele></trkpt><trkpt lat="-27.00463" lon="-48.628915"><ele>8.8</ele></trkpt><trkpt lat="-27.004625" lon="-48.628913"><ele>8.3</ele></trkpt><trkpt lat="-27.004625" lon="-48.628912"><ele>7.8</ele></trkpt><trkpt lat="-27.004622" lon="-48.62891"><ele>7.5</ele></trkpt><trkpt lat="-27.00462" lon="-48.628912"><ele>7.3</ele></trkpt><trkpt lat="-27.00462" lon="-48.628913"><ele>7</ele></trkpt><trkpt lat="-27.004618" lon="-48.628915"><ele>6.9</ele></trkpt><trkpt lat="-27.004618" lon="-48.628918"><ele>6.8</ele></trkpt><trkpt lat="-27.004618" lon="-48.628915"><ele>6.7</ele></trkpt><trkpt lat="-27.004617" lon="-48.628913"><ele>6.5</ele></trkpt><trkpt lat="-27.004612" lon="-48.628912"><ele>6.2</ele></trkpt><trkpt lat="-27.004612" lon="-48.628912"><ele>6.2</ele></trkpt><trkpt lat="-27.004612" lon="-48.628912"><ele>6.2</ele></trkpt><trkpt lat="-27.004612" lon="-48.628912"><ele>6.2</ele></trkpt><trkpt lat="-27.004612" lon="-48.628912"><ele>6.2</ele></trkpt><trkpt lat="-27.004612" lon="-48.628912"><ele>6.2</ele></trkpt><trkpt lat="-27.004612" lon="-48.628912"><ele>6.2</ele></trkpt><trkpt lat="-27.004592" lon="-48.628908"><ele>5.2</ele></trkpt><trkpt lat="-27.004583" lon="-48.62891"><ele>5.1</ele></trkpt><trkpt lat="-27.004578" lon="-48.628908"><ele>5.1</ele></trkpt><trkpt lat="-27.004572" lon="-48.628912"><ele>4.8</ele></trkpt><trkpt lat="-27.004572" lon="-48.628918"><ele>4.6</ele></trkpt><trkpt lat="-27.00457" lon="-48.628927"><ele>4.5</ele></trkpt><trkpt lat="-27.004568" lon="-48.628933"><ele>4.5</ele></trkpt><trkpt lat="-27.004568" lon="-48.628937"><ele>4.4</ele></trkpt><trkpt lat="-27.004568" lon="-48.628942"><ele>5.4</ele></trkpt><trkpt lat="-27.004572" lon="-48.628945"><ele>5.2</ele></trkpt><trkpt lat="-27.004572" lon="-48.628945"><ele>5.6</ele></trkpt><trkpt lat="-27.004575" lon="-48.628947"><ele>5.5</ele></trkpt><trkpt lat="-27.004575" lon="-48.628947"><ele>5.3</ele></trkpt><trkpt lat="-27.004575" lon="-48.628947"><ele>5.3</ele></trkpt><trkpt lat="-27.004575" lon="-48.628947"><ele>5.3</ele></trkpt><trkpt lat="-27.004575" lon="-48.628947"><ele>5.3</ele></trkpt><trkpt lat="-27.004575" lon="-48.628947"><ele>5.3</ele></trkpt><trkpt lat="-27.004575" lon="-48.628947"><ele>5.3</ele></trkpt><trkpt lat="-27.004575" lon="-48.628947"><ele>5.3</ele></trkpt><trkpt lat="-27.004575" lon="-48.628947"><ele>5.3</ele></trkpt><trkpt lat="-27.004575" lon="-48.628947"><ele>5.3</ele></trkpt><trkpt lat="-27.004575" lon="-48.628947"><ele>5.3</ele></trkpt><trkpt lat="-27.004575" lon="-48.628947"><ele>5.3</ele></trkpt><trkpt lat="-27.004575" lon="-48.628947"><ele>5.3</ele></trkpt><trkpt lat="-27.004575" lon="-48.628947"><ele>5.3</ele></trkpt><trkpt lat="-27.004575" lon="-48.628947"><ele>5.3</ele></trkpt><trkpt lat="-27.004575" lon="-48.628947"><ele>5.3</ele></trkpt><trkpt lat="-27.004575" lon="-48.628947"><ele>5.3</ele></trkpt><trkpt lat="-27.004575" lon="-48.628947"><ele>5.3</ele></trkpt><trkpt lat="-27.004575" lon="-48.628947"><ele>5.3</ele></trkpt><trkpt lat="-27.004575" lon="-48.628947"><ele>5.3</ele></trkpt><trkpt lat="-27.004575" lon="-48.628947"><ele>5.3</ele></trkpt><trkpt lat="-27.004575" lon="-48.628947"><ele>5.3</ele></trkpt><trkpt lat="-27.004575" lon="-48.628947"><ele>5.3</ele></trkpt><trkpt lat="-27.004575" lon="-48.628947"><ele>5.3</ele></trkpt><trkpt lat="-27.004575" lon="-48.628947"><ele>5.3</ele></trkpt><trkpt lat="-27.004575" lon="-48.628947"><ele>5.3</ele></trkpt><trkpt lat="-27.004575" lon="-48.628947"><ele>5.3</ele></trkpt><trkpt lat="-27.004575" lon="-48.628947"><ele>5.3</ele></trkpt><trkpt lat="-27.004575" lon="-48.628947"><ele>5.3</ele></trkpt><trkpt lat="-27.004575" lon="-48.628947"><ele>5.3</ele></trkpt><trkpt lat="-27.004575" lon="-48.628947"><ele>5.3</ele></trkpt><trkpt lat="-27.004575" lon="-48.628947"><ele>5.3</ele></trkpt><trkpt lat="-27.004575" lon="-48.628947"><ele>5.3</ele></trkpt><trkpt lat="-27.004575" lon="-48.628947"><ele>5.3</ele></trkpt><trkpt lat="-27.004575" lon="-48.628947"><ele>5.3</ele></trkpt><trkpt lat="-27.004575" lon="-48.628947"><ele>5.3</ele></trkpt><trkpt lat="-27.004575" lon="-48.628947"><ele>5.3</ele></trkpt><trkpt lat="-27.004575" lon="-48.628947"><ele>5.3</ele></trkpt><trkpt lat="-27.004575" lon="-48.628947"><ele>5.3</ele></trkpt><trkpt lat="-27.004575" lon="-48.628947"><ele>5.3</ele></trkpt><trkpt lat="-27.004575" lon="-48.628947"><ele>5.3</ele></trkpt><trkpt lat="-27.004575" lon="-48.628947"><ele>5.3</ele></trkpt><trkpt lat="-27.004575" lon="-48.628947"><ele>5.3</ele></trkpt><trkpt lat="-27.004575" lon="-48.628947"><ele>5.3</ele></trkpt><trkpt lat="-27.004575" lon="-48.628947"><ele>5.3</ele></trkpt><trkpt lat="-27.004575" lon="-48.628947"><ele>5.3</ele></trkpt><trkpt lat="-27.004575" lon="-48.628947"><ele>5.3</ele></trkpt><trkpt lat="-27.004575" lon="-48.628947"><ele>5.3</ele></trkpt><trkpt lat="-27.004575" lon="-48.628947"><ele>5.3</ele></trkpt><trkpt lat="-27.004575" lon="-48.628947"><ele>5.3</ele></trkpt><trkpt lat="-27.004575" lon="-48.628947"><ele>5.3</ele></trkpt><trkpt lat="-27.004575" lon="-48.628947"><ele>5.3</ele></trkpt><trkpt lat="-27.004575" lon="-48.628947"><ele>5.3</ele></trkpt><trkpt lat="-27.004575" lon="-48.628947"><ele>5.3</ele></trkpt><trkpt lat="-27.004575" lon="-48.628947"><ele>5.3</ele></trkpt><trkpt lat="-27.004575" lon="-48.628947"><ele>5.3</ele></trkpt><trkpt lat="-27.004575" lon="-48.628947"><ele>5.3</ele></trkpt><trkpt lat="-27.004575" lon="-48.628947"><ele>5.3</ele></trkpt><trkpt lat="-27.004575" lon="-48.628947"><ele>5.3</ele></trkpt><trkpt lat="-27.004575" lon="-48.628947"><ele>5.3</ele></trkpt><trkpt lat="-27.004575" lon="-48.628947"><ele>5.3</ele></trkpt><trkpt lat="-27.004575" lon="-48.628947"><ele>5.3</ele></trkpt><trkpt lat="-27.004575" lon="-48.628947"><ele>5.3</ele></trkpt><trkpt lat="-27.004575" lon="-48.628947"><ele>5.3</ele></trkpt><trkpt lat="-27.004575" lon="-48.628947"><ele>5.3</ele></trkpt><trkpt lat="-27.004575" lon="-48.628947"><ele>5.3</ele></trkpt><trkpt lat="-27.004575" lon="-48.628947"><ele>5.3</ele></trkpt><trkpt lat="-27.004575" lon="-48.628947"><ele>5.3</ele></trkpt><trkpt lat="-27.004575" lon="-48.628947"><ele>5.3</ele></trkpt><trkpt lat="-27.004575" lon="-48.628947"><ele>5.3</ele></trkpt><trkpt lat="-27.004575" lon="-48.628947"><ele>5.3</ele></trkpt><trkpt lat="-27.004575" lon="-48.628947"><ele>5.3</ele></trkpt><trkpt lat="-27.004575" lon="-48.628947"><ele>5.3</ele></trkpt><trkpt lat="-27.004575" lon="-48.628947"><ele>5.3</ele></trkpt><trkpt lat="-27.004575" lon="-48.628947"><ele>5.3</ele></trkpt><trkpt lat="-27.004575" lon="-48.628947"><ele>5.3</ele></trkpt><trkpt lat="-27.004575" lon="-48.628947"><ele>5.3</ele></trkpt><trkpt lat="-27.004575" lon="-48.628947"><ele>5.3</ele></trkpt><trkpt lat="-27.004575" lon="-48.628947"><ele>5.3</ele></trkpt><trkpt lat="-27.004575" lon="-48.628947"><ele>5.3</ele></trkpt><trkpt lat="-27.004575" lon="-48.628947"><ele>5.3</ele></trkpt><trkpt lat="-27.004575" lon="-48.628947"><ele>5.3</ele></trkpt><trkpt lat="-27.004575" lon="-48.628947"><ele>5.3</ele></trkpt><trkpt lat="-27.004575" lon="-48.628947"><ele>5.3</ele></trkpt><trkpt lat="-27.004575" lon="-48.628947"><ele>5.3</ele></trkpt><trkpt lat="-27.004575" lon="-48.628947"><ele>5.3</ele></trkpt><trkpt lat="-27.004575" lon="-48.628947"><ele>5.3</ele></trkpt><trkpt lat="-27.004575" lon="-48.628947"><ele>5.3</ele></trkpt><trkpt lat="-27.004575" lon="-48.628947"><ele>5.3</ele></trkpt><trkpt lat="-27.004575" lon="-48.628947"><ele>5.3</ele></trkpt><trkpt lat="-27.004575" lon="-48.628947"><ele>5.3</ele></trkpt><trkpt lat="-27.004575" lon="-48.628947"><ele>5.3</ele></trkpt><trkpt lat="-27.00462" lon="-48.628968"><ele>5.7</ele></trkpt><trkpt lat="-27.00462" lon="-48.628972"><ele>5.6</ele></trkpt><trkpt lat="-27.00462" lon="-48.628972"><ele>5.4</ele></trkpt><trkpt lat="-27.004618" lon="-48.628972"><ele>5.2</ele></trkpt><trkpt lat="-27.004618" lon="-48.628972"><ele>5.2</ele></trkpt><trkpt lat="-27.004618" lon="-48.628972"><ele>5.2</ele></trkpt><trkpt lat="-27.004618" lon="-48.628972"><ele>5.2</ele></trkpt><trkpt lat="-27.004618" lon="-48.628972"><ele>5.2</ele></trkpt><trkpt lat="-27.004607" lon="-48.628958"><ele>4.6</ele></trkpt><trkpt lat="-27.004607" lon="-48.628958"><ele>4.6</ele></trkpt><trkpt lat="-27.004607" lon="-48.628955"><ele>4.5</ele></trkpt><trkpt lat="-27.004602" lon="-48.628953"><ele>4.4</ele></trkpt><trkpt lat="-27.0046" lon="-48.628952"><ele>4.4</ele></trkpt><trkpt lat="-27.0046" lon="-48.628952"><ele>4.4</ele></trkpt><trkpt lat="-27.0046" lon="-48.628952"><ele>4.4</ele></trkpt><trkpt lat="-27.0046" lon="-48.628952"><ele>4.4</ele></trkpt><trkpt lat="-27.0046" lon="-48.628952"><ele>4.4</ele></trkpt><trkpt lat="-27.0046" lon="-48.628952"><ele>4.4</ele></trkpt><trkpt lat="-27.0046" lon="-48.628952"><ele>4.4</ele></trkpt><trkpt lat="-27.0046" lon="-48.628952"><ele>4.4</ele></trkpt><trkpt lat="-27.0046" lon="-48.628952"><ele>4.4</ele></trkpt><trkpt lat="-27.0046" lon="-48.628952"><ele>4.4</ele></trkpt><trkpt lat="-27.0046" lon="-48.628952"><ele>4.4</ele></trkpt><trkpt lat="-27.004602" lon="-48.628947"><ele>5.2</ele></trkpt><trkpt lat="-27.004608" lon="-48.62895"><ele>5.2</ele></trkpt><trkpt lat="-27.004612" lon="-48.628952"><ele>5.4</ele></trkpt><trkpt lat="-27.004615" lon="-48.628953"><ele>5.5</ele></trkpt><trkpt lat="-27.00462" lon="-48.628955"><ele>5.5</ele></trkpt><trkpt lat="-27.00462" lon="-48.628955"><ele>5.5</ele></trkpt><trkpt lat="-27.00462" lon="-48.628955"><ele>5.5</ele></trkpt><trkpt lat="-27.00462" lon="-48.628955"><ele>5.5</ele></trkpt><trkpt lat="-27.00462" lon="-48.628955"><ele>5.5</ele></trkpt><trkpt lat="-27.00462" lon="-48.628955"><ele>5.5</ele></trkpt><trkpt lat="-27.00462" lon="-48.628955"><ele>5.5</ele></trkpt><trkpt lat="-27.00462" lon="-48.628955"><ele>5.5</ele></trkpt><trkpt lat="-27.00462" lon="-48.628955"><ele>5.5</ele></trkpt><trkpt lat="-27.00462" lon="-48.628955"><ele>5.5</ele></trkpt><trkpt lat="-27.00462" lon="-48.628955"><ele>5.5</ele></trkpt><trkpt lat="-27.00462" lon="-48.628955"><ele>5.5</ele></trkpt><trkpt lat="-27.00462" lon="-48.628955"><ele>5.5</ele></trkpt><trkpt lat="-27.004605" lon="-48.628968"><ele>3.5</ele></trkpt><trkpt lat="-27.004607" lon="-48.62897"><ele>3.4</ele></trkpt><trkpt lat="-27.004607" lon="-48.628972"><ele>3.3</ele></trkpt><trkpt lat="-27.004605" lon="-48.628973"><ele>3.3</ele></trkpt><trkpt lat="-27.004603" lon="-48.62897"><ele>3.4</ele></trkpt><trkpt lat="-27.004607" lon="-48.628967"><ele>3.3</ele></trkpt><trkpt lat="-27.004607" lon="-48.628962"><ele>3.2</ele></trkpt><trkpt lat="-27.004608" lon="-48.62896"><ele>3.1</ele></trkpt><trkpt lat="-27.00461" lon="-48.62896"><ele>3.1</ele></trkpt><trkpt lat="-27.004612" lon="-48.628958"><ele>3.1</ele></trkpt><trkpt lat="-27.004612" lon="-48.628958"><ele>3.1</ele></trkpt><trkpt lat="-27.004612" lon="-48.628958"><ele>3.1</ele></trkpt><trkpt lat="-27.004612" lon="-48.628958"><ele>3.1</ele></trkpt><trkpt lat="-27.004612" lon="-48.628958"><ele>3.1</ele></trkpt><trkpt lat="-27.004612" lon="-48.628958"><ele>3.1</ele></trkpt><trkpt lat="-27.004612" lon="-48.628958"><ele>3.1</ele></trkpt><trkpt lat="-27.004612" lon="-48.628958"><ele>3.1</ele></trkpt><trkpt lat="-27.004612" lon="-48.628958"><ele>3.1</ele></trkpt><trkpt lat="-27.004612" lon="-48.628958"><ele>3.1</ele></trkpt><trkpt lat="-27.004612" lon="-48.628958"><ele>3.1</ele></trkpt><trkpt lat="-27.004612" lon="-48.628958"><ele>3.1</ele></trkpt><trkpt lat="-27.004612" lon="-48.628958"><ele>3.1</ele></trkpt><trkpt lat="-27.004612" lon="-48.628958"><ele>3.1</ele></trkpt><trkpt lat="-27.004612" lon="-48.628958"><ele>3.1</ele></trkpt><trkpt lat="-27.004598" lon="-48.62893"><ele>4.7</ele></trkpt><trkpt lat="-27.004603" lon="-48.628915"><ele>4.6</ele></trkpt><trkpt lat="-27.004603" lon="-48.628915"><ele>4.6</ele></trkpt><trkpt lat="-27.004607" lon="-48.628898"><ele>4.4</ele></trkpt><trkpt lat="-27.00461" lon="-48.628892"><ele>4.3</ele></trkpt><trkpt lat="-27.00461" lon="-48.628888"><ele>4.1</ele></trkpt><trkpt lat="-27.00461" lon="-48.628887"><ele>4.3</ele></trkpt><trkpt lat="-27.004608" lon="-48.628882"><ele>4.5</ele></trkpt><trkpt lat="-27.004608" lon="-48.628882"><ele>4.6</ele></trkpt><trkpt lat="-27.004607" lon="-48.62888"><ele>4.8</ele></trkpt><trkpt lat="-27.004607" lon="-48.62888"><ele>4.9</ele></trkpt><trkpt lat="-27.004607" lon="-48.628882"><ele>5.1</ele></trkpt><trkpt lat="-27.004608" lon="-48.628883"><ele>5.2</ele></trkpt><trkpt lat="-27.004608" lon="-48.628883"><ele>5.2</ele></trkpt><trkpt lat="-27.004612" lon="-48.628885"><ele>5.1</ele></trkpt><trkpt lat="-27.004612" lon="-48.628885"><ele>5.1</ele></trkpt><trkpt lat="-27.004612" lon="-48.628885"><ele>5.1</ele></trkpt><trkpt lat="-27.00462" lon="-48.62888"><ele>5</ele></trkpt><trkpt lat="-27.004628" lon="-48.628872"><ele>4.8</ele></trkpt><trkpt lat="-27.004633" lon="-48.628862"><ele>4.8</ele></trkpt><trkpt lat="-27.004633" lon="-48.62885"><ele>4.8</ele></trkpt><trkpt lat="-27.004635" lon="-48.62884"><ele>4.8</ele></trkpt><trkpt lat="-27.004635" lon="-48.62884"><ele>4.8</ele></trkpt><trkpt lat="-27.004633" lon="-48.628837"><ele>4.6</ele></trkpt><trkpt lat="-27.004632" lon="-48.628832"><ele>4.5</ele></trkpt><trkpt lat="-27.00463" lon="-48.62883"><ele>4.8</ele></trkpt><trkpt lat="-27.004628" lon="-48.628828"><ele>5.1</ele></trkpt><trkpt lat="-27.004628" lon="-48.628827"><ele>5.3</ele></trkpt><trkpt lat="-27.004627" lon="-48.62883"><ele>5.5</ele></trkpt><trkpt lat="-27.004627" lon="-48.62883"><ele>5.5</ele></trkpt><trkpt lat="-27.004628" lon="-48.62883"><ele>5.7</ele></trkpt><trkpt lat="-27.004637" lon="-48.628817"><ele>6</ele></trkpt><trkpt lat="-27.004637" lon="-48.628802"><ele>6.2</ele></trkpt><trkpt lat="-27.00464" lon="-48.62878"><ele>6.3</ele></trkpt><trkpt lat="-27.004647" lon="-48.628758"><ele>6.5</ele></trkpt><trkpt lat="-27.004653" lon="-48.628733"><ele>6.1</ele></trkpt><trkpt lat="-27.004662" lon="-48.628705"><ele>6.1</ele></trkpt><trkpt lat="-27.00467" lon="-48.628673"><ele>6.1</ele></trkpt><trkpt lat="-27.004683" lon="-48.628637"><ele>6.6</ele></trkpt><trkpt lat="-27.004693" lon="-48.628602"><ele>6.7</ele></trkpt><trkpt lat="-27.004703" lon="-48.628567"><ele>6.7</ele></trkpt><trkpt lat="-27.004712" lon="-48.628535"><ele>6.7</ele></trkpt><trkpt lat="-27.004712" lon="-48.628535"><ele>6.7</ele></trkpt><trkpt lat="-27.004723" lon="-48.628505"><ele>6.8</ele></trkpt><trkpt lat="-27.004727" lon="-48.628483"><ele>6.8</ele></trkpt><trkpt lat="-27.004728" lon="-48.628485"><ele>6.8</ele></trkpt><trkpt lat="-27.004732" lon="-48.628485"><ele>6.5</ele></trkpt><trkpt lat="-27.004733" lon="-48.628487"><ele>6.7</ele></trkpt><trkpt lat="-27.004735" lon="-48.62849"><ele>6.7</ele></trkpt><trkpt lat="-27.004735" lon="-48.628495"><ele>6.9</ele></trkpt><trkpt lat="-27.004738" lon="-48.628498"><ele>7</ele></trkpt><trkpt lat="-27.004742" lon="-48.628502"><ele>6.8</ele></trkpt><trkpt lat="-27.00474" lon="-48.628502"><ele>6.4</ele></trkpt><trkpt lat="-27.00474" lon="-48.628503"><ele>6.2</ele></trkpt><trkpt lat="-27.00474" lon="-48.628503"><ele>6.2</ele></trkpt><trkpt lat="-27.00474" lon="-48.628503"><ele>5.9</ele></trkpt><trkpt lat="-27.004742" lon="-48.628502"><ele>5.6</ele></trkpt><trkpt lat="-27.004745" lon="-48.628495"><ele>5.3</ele></trkpt><trkpt lat="-27.004752" lon="-48.628482"><ele>5.1</ele></trkpt><trkpt lat="-27.00476" lon="-48.62846"><ele>5.3</ele></trkpt><trkpt lat="-27.004768" lon="-48.628437"><ele>5.1</ele></trkpt><trkpt lat="-27.004777" lon="-48.62841"><ele>5</ele></trkpt><trkpt lat="-27.004785" lon="-48.62838"><ele>4.9</ele></trkpt><trkpt lat="-27.004792" lon="-48.628345"><ele>5.1</ele></trkpt><trkpt lat="-27.0048" lon="-48.62831"><ele>5.7</ele></trkpt><trkpt lat="-27.004808" lon="-48.628278"><ele>5.5</ele></trkpt><trkpt lat="-27.004815" lon="-48.628252"><ele>5.3</ele></trkpt><trkpt lat="-27.004818" lon="-48.628232"><ele>5.4</ele></trkpt><trkpt lat="-27.00482" lon="-48.628222"><ele>5.6</ele></trkpt><trkpt lat="-27.004817" lon="-48.628215"><ele>5.7</ele></trkpt><trkpt lat="-27.004817" lon="-48.628215"><ele>5.7</ele></trkpt><trkpt lat="-27.004813" lon="-48.628215"><ele>5.7</ele></trkpt><trkpt lat="-27.00481" lon="-48.628215"><ele>5.9</ele></trkpt><trkpt lat="-27.004805" lon="-48.628217"><ele>5.6</ele></trkpt><trkpt lat="-27.004807" lon="-48.628218"><ele>5.5</ele></trkpt><trkpt lat="-27.00481" lon="-48.628222"><ele>4.5</ele></trkpt><trkpt lat="-27.00481" lon="-48.628222"><ele>4.5</ele></trkpt><trkpt lat="-27.004813" lon="-48.628227"><ele>3.6</ele></trkpt><trkpt lat="-27.004817" lon="-48.628227"><ele>3.1</ele></trkpt><trkpt lat="-27.004822" lon="-48.628225"><ele>2.7</ele></trkpt><trkpt lat="-27.004832" lon="-48.628213"><ele>2.5</ele></trkpt><trkpt lat="-27.004838" lon="-48.628197"><ele>2.3</ele></trkpt><trkpt lat="-27.00484" lon="-48.628177"><ele>2.3</ele></trkpt><trkpt lat="-27.004843" lon="-48.628155"><ele>2.3</ele></trkpt><trkpt lat="-27.00485" lon="-48.628133"><ele>2</ele></trkpt><trkpt lat="-27.00486" lon="-48.628108"><ele>2</ele></trkpt><trkpt lat="-27.00486" lon="-48.628082"><ele>1.9</ele></trkpt><trkpt lat="-27.00487" lon="-48.628055"><ele>1.4</ele></trkpt><trkpt lat="-27.004877" lon="-48.628025"><ele>1.4</ele></trkpt><trkpt lat="-27.004878" lon="-48.628003"><ele>0.4</ele></trkpt><trkpt lat="-27.004882" lon="-48.627992"><ele>0.3</ele></trkpt><trkpt lat="-27.004882" lon="-48.627985"><ele>0.3</ele></trkpt><trkpt lat="-27.00488" lon="-48.627975"><ele>1</ele></trkpt><trkpt lat="-27.004878" lon="-48.627977"><ele>1.3</ele></trkpt><trkpt lat="-27.004878" lon="-48.627977"><ele>1.6</ele></trkpt><trkpt lat="-27.00488" lon="-48.627975"><ele>2.2</ele></trkpt><trkpt lat="-27.00488" lon="-48.627975"><ele>2.2</ele></trkpt><trkpt lat="-27.00488" lon="-48.627973"><ele>2.5</ele></trkpt><trkpt lat="-27.004882" lon="-48.627973"><ele>2.6</ele></trkpt><trkpt lat="-27.004883" lon="-48.62797"><ele>2.5</ele></trkpt><trkpt lat="-27.004888" lon="-48.62797"><ele>2.7</ele></trkpt><trkpt lat="-27.004892" lon="-48.627967"><ele>2.6</ele></trkpt><trkpt lat="-27.00489" lon="-48.627962"><ele>2.8</ele></trkpt><trkpt lat="-27.00489" lon="-48.627962"><ele>2.8</ele></trkpt><trkpt lat="-27.00489" lon="-48.627962"><ele>2.8</ele></trkpt><trkpt lat="-27.004898" lon="-48.627952"><ele>3.6</ele></trkpt><trkpt lat="-27.004893" lon="-48.627942"><ele>4.2</ele></trkpt><trkpt lat="-27.004903" lon="-48.62792"><ele>4.8</ele></trkpt><trkpt lat="-27.004915" lon="-48.627895"><ele>4.3</ele></trkpt><trkpt lat="-27.004923" lon="-48.627868"><ele>3.8</ele></trkpt><trkpt lat="-27.004937" lon="-48.627843"><ele>3.5</ele></trkpt><trkpt lat="-27.004945" lon="-48.627822"><ele>2.8</ele></trkpt><trkpt lat="-27.004957" lon="-48.627802"><ele>3</ele></trkpt><trkpt lat="-27.004965" lon="-48.627782"><ele>3.2</ele></trkpt><trkpt lat="-27.004972" lon="-48.627768"><ele>3.2</ele></trkpt><trkpt lat="-27.00497" lon="-48.627762"><ele>3.4</ele></trkpt><trkpt lat="-27.004968" lon="-48.627758"><ele>3.7</ele></trkpt><trkpt lat="-27.004967" lon="-48.627758"><ele>3.7</ele></trkpt><trkpt lat="-27.004963" lon="-48.627757"><ele>4</ele></trkpt><trkpt lat="-27.00496" lon="-48.627755"><ele>3.7</ele></trkpt><trkpt lat="-27.004958" lon="-48.627753"><ele>3.8</ele></trkpt><trkpt lat="-27.004958" lon="-48.627752"><ele>4.1</ele></trkpt><trkpt lat="-27.00496" lon="-48.627752"><ele>4.3</ele></trkpt><trkpt lat="-27.004965" lon="-48.62775"><ele>4.6</ele></trkpt><trkpt lat="-27.004965" lon="-48.627755"><ele>4.7</ele></trkpt><trkpt lat="-27.004965" lon="-48.627763"><ele>4.5</ele></trkpt><trkpt lat="-27.00496" lon="-48.62777"><ele>4.2</ele></trkpt><trkpt lat="-27.004953" lon="-48.627783"><ele>4.2</ele></trkpt><trkpt lat="-27.004947" lon="-48.627808"><ele>4.2</ele></trkpt><trkpt lat="-27.004938" lon="-48.627828"><ele>4</ele></trkpt><trkpt lat="-27.004928" lon="-48.62785"><ele>3.6</ele></trkpt><trkpt lat="-27.004923" lon="-48.627873"><ele>3.8</ele></trkpt><trkpt lat="-27.00492" lon="-48.627893"><ele>3.9</ele></trkpt><trkpt lat="-27.004915" lon="-48.627912"><ele>4.1</ele></trkpt><trkpt lat="-27.004907" lon="-48.627933"><ele>4.3</ele></trkpt><trkpt lat="-27.004898" lon="-48.627955"><ele>3.9</ele></trkpt><trkpt lat="-27.004893" lon="-48.627978"><ele>3.8</ele></trkpt><trkpt lat="-27.004887" lon="-48.628003"><ele>3.5</ele></trkpt><trkpt lat="-27.004878" lon="-48.628028"><ele>3.6</ele></trkpt><trkpt lat="-27.004875" lon="-48.628055"><ele>4</ele></trkpt><trkpt lat="-27.004868" lon="-48.628078"><ele>4.4</ele></trkpt><trkpt lat="-27.004858" lon="-48.628098"><ele>4.8</ele></trkpt><trkpt lat="-27.004853" lon="-48.628115"><ele>5.7</ele></trkpt><trkpt lat="-27.004853" lon="-48.628115"><ele>5.7</ele></trkpt><trkpt lat="-27.004852" lon="-48.628127"><ele>6</ele></trkpt><trkpt lat="-27.004843" lon="-48.628132"><ele>5.9</ele></trkpt><trkpt lat="-27.004838" lon="-48.628145"><ele>5.4</ele></trkpt><trkpt lat="-27.004835" lon="-48.62816"><ele>5.1</ele></trkpt><trkpt lat="-27.004837" lon="-48.62817"><ele>5.1</ele></trkpt><trkpt lat="-27.004838" lon="-48.62818"><ele>5.1</ele></trkpt><trkpt lat="-27.004835" lon="-48.628188"><ele>4.9</ele></trkpt><trkpt lat="-27.004835" lon="-48.62819"><ele>4.7</ele></trkpt><trkpt lat="-27.00484" lon="-48.628187"><ele>4.6</ele></trkpt><trkpt lat="-27.00484" lon="-48.628187"><ele>4.6</ele></trkpt><trkpt lat="-27.004838" lon="-48.628185"><ele>4.6</ele></trkpt><trkpt lat="-27.004833" lon="-48.628188"><ele>4.2</ele></trkpt><trkpt lat="-27.004837" lon="-48.628185"><ele>4</ele></trkpt><trkpt lat="-27.004843" lon="-48.628187"><ele>3.5</ele></trkpt><trkpt lat="-27.00485" lon="-48.628187"><ele>3.2</ele></trkpt><trkpt lat="-27.00485" lon="-48.628185"><ele>3</ele></trkpt><trkpt lat="-27.004857" lon="-48.62818"><ele>2.9</ele></trkpt><trkpt lat="-27.004858" lon="-48.628168"><ele>2.6</ele></trkpt><trkpt lat="-27.00486" lon="-48.62815"><ele>1.9</ele></trkpt><trkpt lat="-27.004863" lon="-48.628127"><ele>1.1</ele></trkpt><trkpt lat="-27.004868" lon="-48.6281"><ele>0.8</ele></trkpt><trkpt lat="-27.004873" lon="-48.628063"><ele>-0.3</ele></trkpt><trkpt lat="-27.004878" lon="-48.628022"><ele>-1.1</ele></trkpt><trkpt lat="-27.004885" lon="-48.62798"><ele>-1.4</ele></trkpt><trkpt lat="-27.004887" lon="-48.627958"><ele>-1.7</ele></trkpt><trkpt lat="-27.004902" lon="-48.627913"><ele>-0.2</ele></trkpt><trkpt lat="-27.00492" lon="-48.62787"><ele>0.5</ele></trkpt><trkpt lat="-27.004937" lon="-48.62782"><ele>1.6</ele></trkpt><trkpt lat="-27.004952" lon="-48.627773"><ele>2.3</ele></trkpt><trkpt lat="-27.00496" lon="-48.627743"><ele>2.3</ele></trkpt><trkpt lat="-27.004963" lon="-48.627713"><ele>2.4</ele></trkpt><trkpt lat="-27.004968" lon="-48.627672"><ele>3</ele></trkpt><trkpt lat="-27.004968" lon="-48.627643"><ele>3.5</ele></trkpt><trkpt lat="-27.004977" lon="-48.627617"><ele>3.8</ele></trkpt><trkpt lat="-27.00498" lon="-48.627592"><ele>4.5</ele></trkpt><trkpt lat="-27.004983" lon="-48.627568"><ele>4.9</ele></trkpt><trkpt lat="-27.004988" lon="-48.627547"><ele>5.3</ele></trkpt><trkpt lat="-27.004998" lon="-48.627523"><ele>5.1</ele></trkpt><trkpt lat="-27.005007" lon="-48.6275"><ele>5</ele></trkpt><trkpt lat="-27.005012" lon="-48.62748"><ele>5.2</ele></trkpt><trkpt lat="-27.00502" lon="-48.627468"><ele>5.2</ele></trkpt><trkpt lat="-27.005023" lon="-48.627463"><ele>5.7</ele></trkpt><trkpt lat="-27.005025" lon="-48.627458"><ele>5.6</ele></trkpt><trkpt lat="-27.005025" lon="-48.627458"><ele>5.6</ele></trkpt><trkpt lat="-27.005027" lon="-48.627458"><ele>5.5</ele></trkpt><trkpt lat="-27.005027" lon="-48.627462"><ele>5.5</ele></trkpt><trkpt lat="-27.005023" lon="-48.627463"><ele>5.8</ele></trkpt><trkpt lat="-27.005025" lon="-48.627467"><ele>6</ele></trkpt><trkpt lat="-27.005028" lon="-48.62747"><ele>6</ele></trkpt><trkpt lat="-27.005028" lon="-48.62747"><ele>6</ele></trkpt><trkpt lat="-27.00503" lon="-48.627468"><ele>6</ele></trkpt><trkpt lat="-27.005033" lon="-48.627467"><ele>6</ele></trkpt><trkpt lat="-27.005037" lon="-48.627462"><ele>6</ele></trkpt><trkpt lat="-27.005047" lon="-48.62745"><ele>6</ele></trkpt><trkpt lat="-27.005055" lon="-48.62744"><ele>5.9</ele></trkpt><trkpt lat="-27.005067" lon="-48.627423"><ele>5.6</ele></trkpt><trkpt lat="-27.005072" lon="-48.627405"><ele>5.6</ele></trkpt><trkpt lat="-27.005077" lon="-48.627382"><ele>5.4</ele></trkpt><trkpt lat="-27.005088" lon="-48.62735"><ele>5.8</ele></trkpt><trkpt lat="-27.005102" lon="-48.62732"><ele>6.5</ele></trkpt><trkpt lat="-27.005108" lon="-48.627288"><ele>7.2</ele></trkpt><trkpt lat="-27.005117" lon="-48.627255"><ele>7.7</ele></trkpt><trkpt lat="-27.005128" lon="-48.627223"><ele>7.4</ele></trkpt><trkpt lat="-27.00514" lon="-48.627195"><ele>7.6</ele></trkpt><trkpt lat="-27.005152" lon="-48.627163"><ele>6.7</ele></trkpt><trkpt lat="-27.005165" lon="-48.627133"><ele>6.5</ele></trkpt><trkpt lat="-27.005177" lon="-48.62711"><ele>6.9</ele></trkpt><trkpt lat="-27.005182" lon="-48.62708"><ele>6.7</ele></trkpt><trkpt lat="-27.005192" lon="-48.627055"><ele>6.8</ele></trkpt><trkpt lat="-27.005202" lon="-48.627033"><ele>6.5</ele></trkpt><trkpt lat="-27.0052" lon="-48.627012"><ele>6.7</ele></trkpt><trkpt lat="-27.0052" lon="-48.627003"><ele>6.9</ele></trkpt><trkpt lat="-27.005195" lon="-48.626998"><ele>6.8</ele></trkpt><trkpt lat="-27.005192" lon="-48.626997"><ele>6.7</ele></trkpt><trkpt lat="-27.005188" lon="-48.626993"><ele>6.5</ele></trkpt><trkpt lat="-27.005187" lon="-48.62699"><ele>6.4</ele></trkpt><trkpt lat="-27.005185" lon="-48.626987"><ele>6.3</ele></trkpt><trkpt lat="-27.005183" lon="-48.626983"><ele>6</ele></trkpt><trkpt lat="-27.005182" lon="-48.62698"><ele>5.9</ele></trkpt><trkpt lat="-27.005182" lon="-48.626978"><ele>5.9</ele></trkpt><trkpt lat="-27.005182" lon="-48.626977"><ele>6.1</ele></trkpt><trkpt lat="-27.005182" lon="-48.626973"><ele>6.1</ele></trkpt><trkpt lat="-27.005182" lon="-48.626973"><ele>6.1</ele></trkpt><trkpt lat="-27.005182" lon="-48.626973"><ele>6.1</ele></trkpt><trkpt lat="-27.005182" lon="-48.626973"><ele>6.1</ele></trkpt><trkpt lat="-27.005182" lon="-48.626973"><ele>6.1</ele></trkpt><trkpt lat="-27.005182" lon="-48.626973"><ele>6.1</ele></trkpt><trkpt lat="-27.005182" lon="-48.626973"><ele>6.1</ele></trkpt><trkpt lat="-27.005182" lon="-48.626973"><ele>6.1</ele></trkpt><trkpt lat="-27.005182" lon="-48.626973"><ele>6.1</ele></trkpt><trkpt lat="-27.005182" lon="-48.626973"><ele>6.1</ele></trkpt><trkpt lat="-27.005182" lon="-48.626973"><ele>6.1</ele></trkpt><trkpt lat="-27.005182" lon="-48.626973"><ele>6.1</ele></trkpt><trkpt lat="-27.005182" lon="-48.626973"><ele>6.1</ele></trkpt><trkpt lat="-27.005182" lon="-48.626973"><ele>6.1</ele></trkpt><trkpt lat="-27.005182" lon="-48.626973"><ele>6.1</ele></trkpt><trkpt lat="-27.005182" lon="-48.626973"><ele>6.1</ele></trkpt><trkpt lat="-27.005182" lon="-48.626973"><ele>6.1</ele></trkpt><trkpt lat="-27.005182" lon="-48.626973"><ele>6.1</ele></trkpt><trkpt lat="-27.005182" lon="-48.626973"><ele>6.1</ele></trkpt><trkpt lat="-27.005182" lon="-48.626973"><ele>6.1</ele></trkpt><trkpt lat="-27.005182" lon="-48.626973"><ele>6.1</ele></trkpt><trkpt lat="-27.005182" lon="-48.626973"><ele>6.1</ele></trkpt><trkpt lat="-27.005182" lon="-48.626973"><ele>6.1</ele></trkpt><trkpt lat="-27.005182" lon="-48.626973"><ele>6.1</ele></trkpt><trkpt lat="-27.005182" lon="-48.626973"><ele>6.1</ele></trkpt><trkpt lat="-27.005157" lon="-48.626975"><ele>5.7</ele></trkpt><trkpt lat="-27.005165" lon="-48.626958"><ele>5.7</ele></trkpt><trkpt lat="-27.005178" lon="-48.626932"><ele>5.9</ele></trkpt><trkpt lat="-27.005192" lon="-48.626903"><ele>6.2</ele></trkpt><trkpt lat="-27.005202" lon="-48.626873"><ele>6.3</ele></trkpt><trkpt lat="-27.005215" lon="-48.62684"><ele>6.5</ele></trkpt><trkpt lat="-27.005227" lon="-48.626807"><ele>6.7</ele></trkpt><trkpt lat="-27.005232" lon="-48.626773"><ele>6.9</ele></trkpt><trkpt lat="-27.005233" lon="-48.626742"><ele>7</ele></trkpt><trkpt lat="-27.005235" lon="-48.626713"><ele>7.1</ele></trkpt><trkpt lat="-27.005233" lon="-48.626695"><ele>6.7</ele></trkpt><trkpt lat="-27.005228" lon="-48.626687"><ele>6.3</ele></trkpt><trkpt lat="-27.00523" lon="-48.626682"><ele>6.5</ele></trkpt><trkpt lat="-27.005225" lon="-48.626687"><ele>6.3</ele></trkpt><trkpt lat="-27.005225" lon="-48.626693"><ele>5.9</ele></trkpt><trkpt lat="-27.005225" lon="-48.626702"><ele>5.7</ele></trkpt><trkpt lat="-27.00523" lon="-48.626712"><ele>5.4</ele></trkpt><trkpt lat="-27.005238" lon="-48.62672"><ele>5.1</ele></trkpt><trkpt lat="-27.005245" lon="-48.626722"><ele>5</ele></trkpt><trkpt lat="-27.005255" lon="-48.626722"><ele>5</ele></trkpt><trkpt lat="-27.005263" lon="-48.62672"><ele>5.3</ele></trkpt><trkpt lat="-27.00526" lon="-48.626723"><ele>5.4</ele></trkpt><trkpt lat="-27.00526" lon="-48.626722"><ele>5.2</ele></trkpt><trkpt lat="-27.005265" lon="-48.626722"><ele>5.3</ele></trkpt><trkpt lat="-27.005265" lon="-48.626722"><ele>5.5</ele></trkpt><trkpt lat="-27.005257" lon="-48.626722"><ele>5.7</ele></trkpt><trkpt lat="-27.00525" lon="-48.626723"><ele>5.9</ele></trkpt><trkpt lat="-27.005238" lon="-48.626725"><ele>6.1</ele></trkpt><trkpt lat="-27.005223" lon="-48.626723"><ele>6.8</ele></trkpt><trkpt lat="-27.005223" lon="-48.626723"><ele>6.8</ele></trkpt><trkpt lat="-27.005223" lon="-48.626723"><ele>6.8</ele></trkpt><trkpt lat="-27.005223" lon="-48.626723"><ele>6.8</ele></trkpt><trkpt lat="-27.005223" lon="-48.626723"><ele>6.8</ele></trkpt><trkpt lat="-27.005223" lon="-48.626723"><ele>6.8</ele></trkpt><trkpt lat="-27.005223" lon="-48.626723"><ele>6.8</ele></trkpt><trkpt lat="-27.005223" lon="-48.626723"><ele>6.8</ele></trkpt><trkpt lat="-27.005223" lon="-48.626723"><ele>6.8</ele></trkpt><trkpt lat="-27.005223" lon="-48.626723"><ele>6.8</ele></trkpt><trkpt lat="-27.005223" lon="-48.626723"><ele>6.8</ele></trkpt><trkpt lat="-27.005223" lon="-48.626723"><ele>6.8</ele></trkpt><trkpt lat="-27.005223" lon="-48.626723"><ele>6.8</ele></trkpt><trkpt lat="-27.005223" lon="-48.626723"><ele>6.8</ele></trkpt><trkpt lat="-27.005223" lon="-48.626723"><ele>6.8</ele></trkpt><trkpt lat="-27.005223" lon="-48.626723"><ele>6.8</ele></trkpt><trkpt lat="-27.005223" lon="-48.626723"><ele>6.8</ele></trkpt><trkpt lat="-27.005223" lon="-48.626723"><ele>6.8</ele></trkpt><trkpt lat="-27.005223" lon="-48.626723"><ele>6.8</ele></trkpt><trkpt lat="-27.005223" lon="-48.626723"><ele>6.8</ele></trkpt><trkpt lat="-27.005223" lon="-48.626723"><ele>6.8</ele></trkpt><trkpt lat="-27.005223" lon="-48.626723"><ele>6.8</ele></trkpt><trkpt lat="-27.005223" lon="-48.626723"><ele>6.8</ele></trkpt><trkpt lat="-27.005223" lon="-48.626723"><ele>6.8</ele></trkpt><trkpt lat="-27.005223" lon="-48.626723"><ele>6.8</ele></trkpt><trkpt lat="-27.005223" lon="-48.626723"><ele>6.8</ele></trkpt><trkpt lat="-27.005258" lon="-48.626707"><ele>5.8</ele></trkpt><trkpt lat="-27.005262" lon="-48.626703"><ele>5.5</ele></trkpt><trkpt lat="-27.005258" lon="-48.626698"><ele>6</ele></trkpt><trkpt lat="-27.005262" lon="-48.626683"><ele>6.2</ele></trkpt><trkpt lat="-27.005265" lon="-48.62667"><ele>6.3</ele></trkpt><trkpt lat="-27.005265" lon="-48.626657"><ele>5.9</ele></trkpt><trkpt lat="-27.005263" lon="-48.626645"><ele>5.5</ele></trkpt><trkpt lat="-27.005262" lon="-48.626632"><ele>5.3</ele></trkpt><trkpt lat="-27.005255" lon="-48.626617"><ele>5.1</ele></trkpt><trkpt lat="-27.005253" lon="-48.626602"><ele>5.9</ele></trkpt><trkpt lat="-27.00525" lon="-48.626592"><ele>6.2</ele></trkpt><trkpt lat="-27.005247" lon="-48.626583"><ele>6.2</ele></trkpt><trkpt lat="-27.005245" lon="-48.626575"><ele>6.6</ele></trkpt><trkpt lat="-27.005247" lon="-48.626563"><ele>6.8</ele></trkpt><trkpt lat="-27.005245" lon="-48.62655"><ele>7.2</ele></trkpt><trkpt lat="-27.005242" lon="-48.626543"><ele>7.1</ele></trkpt><trkpt lat="-27.005238" lon="-48.626537"><ele>7</ele></trkpt><trkpt lat="-27.005235" lon="-48.626532"><ele>6.9</ele></trkpt><trkpt lat="-27.005235" lon="-48.626532"><ele>6.9</ele></trkpt><trkpt lat="-27.005235" lon="-48.626527"><ele>6.9</ele></trkpt><trkpt lat="-27.005233" lon="-48.626525"><ele>6.6</ele></trkpt><trkpt lat="-27.00523" lon="-48.626528"><ele>6.4</ele></trkpt><trkpt lat="-27.005233" lon="-48.626532"><ele>5.9</ele></trkpt><trkpt lat="-27.005237" lon="-48.626535"><ele>5.4</ele></trkpt><trkpt lat="-27.005238" lon="-48.626537"><ele>5</ele></trkpt><trkpt lat="-27.005237" lon="-48.626537"><ele>4.8</ele></trkpt><trkpt lat="-27.005237" lon="-48.626538"><ele>4.7</ele></trkpt><trkpt lat="-27.005237" lon="-48.626538"><ele>4.7</ele></trkpt><trkpt lat="-27.005237" lon="-48.626538"><ele>4.7</ele></trkpt><trkpt lat="-27.005237" lon="-48.626538"><ele>4.7</ele></trkpt><trkpt lat="-27.005237" lon="-48.626538"><ele>4.7</ele></trkpt><trkpt lat="-27.005237" lon="-48.626538"><ele>4.7</ele></trkpt><trkpt lat="-27.005237" lon="-48.626538"><ele>4.7</ele></trkpt><trkpt lat="-27.005237" lon="-48.626538"><ele>4.7</ele></trkpt><trkpt lat="-27.005237" lon="-48.626538"><ele>4.7</ele></trkpt><trkpt lat="-27.005237" lon="-48.626538"><ele>4.7</ele></trkpt><trkpt lat="-27.005237" lon="-48.626538"><ele>4.7</ele></trkpt><trkpt lat="-27.005237" lon="-48.626538"><ele>4.7</ele></trkpt><trkpt lat="-27.005237" lon="-48.626538"><ele>4.7</ele></trkpt><trkpt lat="-27.005237" lon="-48.626538"><ele>4.7</ele></trkpt><trkpt lat="-27.005237" lon="-48.626538"><ele>4.7</ele></trkpt><trkpt lat="-27.005237" lon="-48.626538"><ele>4.7</ele></trkpt><trkpt lat="-27.005237" lon="-48.626538"><ele>4.7</ele></trkpt><trkpt lat="-27.005237" lon="-48.626538"><ele>4.7</ele></trkpt><trkpt lat="-27.005237" lon="-48.626538"><ele>4.7</ele></trkpt><trkpt lat="-27.005237" lon="-48.626538"><ele>4.7</ele></trkpt><trkpt lat="-27.005237" lon="-48.626538"><ele>4.7</ele></trkpt><trkpt lat="-27.005237" lon="-48.626538"><ele>4.7</ele></trkpt><trkpt lat="-27.005237" lon="-48.626538"><ele>4.7</ele></trkpt><trkpt lat="-27.005237" lon="-48.626538"><ele>4.7</ele></trkpt><trkpt lat="-27.005237" lon="-48.626538"><ele>4.7</ele></trkpt><trkpt lat="-27.005243" lon="-48.62655"><ele>6.4</ele></trkpt><trkpt lat="-27.005242" lon="-48.626562"><ele>6.6</ele></trkpt><trkpt lat="-27.00524" lon="-48.626572"><ele>6.5</ele></trkpt><trkpt lat="-27.00524" lon="-48.626582"><ele>6.5</ele></trkpt><trkpt lat="-27.005238" lon="-48.626588"><ele>6.6</ele></trkpt><trkpt lat="-27.005238" lon="-48.62659"><ele>6.5</ele></trkpt><trkpt lat="-27.005238" lon="-48.626595"><ele>6.4</ele></trkpt><trkpt lat="-27.005238" lon="-48.626597"><ele>6.8</ele></trkpt><trkpt lat="-27.005238" lon="-48.626595"><ele>7.1</ele></trkpt><trkpt lat="-27.005238" lon="-48.626593"><ele>7.3</ele></trkpt><trkpt lat="-27.005237" lon="-48.626592"><ele>7.3</ele></trkpt><trkpt lat="-27.005237" lon="-48.626592"><ele>7.4</ele></trkpt><trkpt lat="-27.005237" lon="-48.626592"><ele>7.4</ele></trkpt><trkpt lat="-27.00524" lon="-48.62659"><ele>7.2</ele></trkpt><trkpt lat="-27.005242" lon="-48.626582"><ele>7.2</ele></trkpt><trkpt lat="-27.00524" lon="-48.626572"><ele>7.1</ele></trkpt><trkpt lat="-27.005242" lon="-48.62657"><ele>7.2</ele></trkpt><trkpt lat="-27.00524" lon="-48.626567"><ele>7.2</ele></trkpt><trkpt lat="-27.00524" lon="-48.626567"><ele>7.2</ele></trkpt><trkpt lat="-27.00524" lon="-48.626567"><ele>7.2</ele></trkpt><trkpt lat="-27.005243" lon="-48.626542"><ele>7.1</ele></trkpt><trkpt lat="-27.005243" lon="-48.626527"><ele>6.9</ele></trkpt><trkpt lat="-27.00524" lon="-48.626517"><ele>6.2</ele></trkpt><trkpt lat="-27.005238" lon="-48.62651"><ele>5.7</ele></trkpt><trkpt lat="-27.005237" lon="-48.626508"><ele>5.3</ele></trkpt><trkpt lat="-27.005237" lon="-48.626508"><ele>5.1</ele></trkpt><trkpt lat="-27.005238" lon="-48.626508"><ele>5.2</ele></trkpt><trkpt lat="-27.00524" lon="-48.62651"><ele>5</ele></trkpt><trkpt lat="-27.005245" lon="-48.62651"><ele>4.9</ele></trkpt><trkpt lat="-27.005245" lon="-48.626505"><ele>5</ele></trkpt><trkpt lat="-27.005255" lon="-48.626497"><ele>5.6</ele></trkpt><trkpt lat="-27.005272" lon="-48.626485"><ele>5.8</ele></trkpt><trkpt lat="-27.00529" lon="-48.626477"><ele>6.1</ele></trkpt><trkpt lat="-27.005308" lon="-48.62647"><ele>6.4</ele></trkpt><trkpt lat="-27.005328" lon="-48.626453"><ele>6.7</ele></trkpt><trkpt lat="-27.00534" lon="-48.62643"><ele>6.5</ele></trkpt><trkpt lat="-27.005352" lon="-48.626405"><ele>6.3</ele></trkpt><trkpt lat="-27.00536" lon="-48.62638"><ele>6.4</ele></trkpt><trkpt lat="-27.005363" lon="-48.626357"><ele>6.3</ele></trkpt><trkpt lat="-27.005367" lon="-48.626337"><ele>6.2</ele></trkpt><trkpt lat="-27.005373" lon="-48.626315"><ele>6.4</ele></trkpt><trkpt lat="-27.005375" lon="-48.626295"><ele>6.4</ele></trkpt><trkpt lat="-27.005372" lon="-48.626278"><ele>6.6</ele></trkpt><trkpt lat="-27.00537" lon="-48.626275"><ele>6.8</ele></trkpt><trkpt lat="-27.005372" lon="-48.626277"><ele>7.2</ele></trkpt><trkpt lat="-27.00537" lon="-48.62628"><ele>7.5</ele></trkpt><trkpt lat="-27.00537" lon="-48.626283"><ele>7.5</ele></trkpt><trkpt lat="-27.00537" lon="-48.626283"><ele>7.5</ele></trkpt><trkpt lat="-27.00537" lon="-48.626283"><ele>7.6</ele></trkpt><trkpt lat="-27.00537" lon="-48.626282"><ele>7.7</ele></trkpt><trkpt lat="-27.005373" lon="-48.62627"><ele>7.6</ele></trkpt><trkpt lat="-27.005378" lon="-48.626258"><ele>7.5</ele></trkpt><trkpt lat="-27.005385" lon="-48.62624"><ele>6.9</ele></trkpt><trkpt lat="-27.005395" lon="-48.626218"><ele>6.6</ele></trkpt><trkpt lat="-27.005405" lon="-48.626195"><ele>6.1</ele></trkpt><trkpt lat="-27.005412" lon="-48.626165"><ele>5.7</ele></trkpt><trkpt lat="-27.00542" lon="-48.626137"><ele>5.5</ele></trkpt><trkpt lat="-27.005428" lon="-48.62611"><ele>5.7</ele></trkpt><trkpt lat="-27.00544" lon="-48.626083"><ele>5.5</ele></trkpt><trkpt lat="-27.00544" lon="-48.626083"><ele>5.5</ele></trkpt><trkpt lat="-27.005445" lon="-48.626062"><ele>6</ele></trkpt><trkpt lat="-27.005452" lon="-48.626043"><ele>6.1</ele></trkpt><trkpt lat="-27.005455" lon="-48.626037"><ele>6.5</ele></trkpt><trkpt lat="-27.005457" lon="-48.626035"><ele>6.7</ele></trkpt><trkpt lat="-27.005458" lon="-48.626035"><ele>6.7</ele></trkpt><trkpt lat="-27.005458" lon="-48.626037"><ele>6.4</ele></trkpt><trkpt lat="-27.005458" lon="-48.626037"><ele>6.1</ele></trkpt><trkpt lat="-27.005458" lon="-48.626037"><ele>6.1</ele></trkpt><trkpt lat="-27.005458" lon="-48.626037"><ele>6.3</ele></trkpt><trkpt lat="-27.005458" lon="-48.626035"><ele>6.4</ele></trkpt><trkpt lat="-27.005458" lon="-48.626027"><ele>6.5</ele></trkpt><trkpt lat="-27.005462" lon="-48.626013"><ele>6.5</ele></trkpt><trkpt lat="-27.005465" lon="-48.625995"><ele>6.5</ele></trkpt><trkpt lat="-27.005467" lon="-48.625973"><ele>6.6</ele></trkpt><trkpt lat="-27.005468" lon="-48.625958"><ele>6.3</ele></trkpt><trkpt lat="-27.005465" lon="-48.62595"><ele>6.5</ele></trkpt><trkpt lat="-27.005465" lon="-48.62595"><ele>6.5</ele></trkpt><trkpt lat="-27.005463" lon="-48.62595"><ele>7</ele></trkpt><trkpt lat="-27.005463" lon="-48.625948"><ele>7.2</ele></trkpt><trkpt lat="-27.005463" lon="-48.625947"><ele>7.4</ele></trkpt><trkpt lat="-27.005465" lon="-48.625947"><ele>7.4</ele></trkpt><trkpt lat="-27.005467" lon="-48.625947"><ele>7.4</ele></trkpt><trkpt lat="-27.00547" lon="-48.625947"><ele>7.3</ele></trkpt><trkpt lat="-27.00547" lon="-48.625947"><ele>7.3</ele></trkpt><trkpt lat="-27.00547" lon="-48.62595"><ele>7.1</ele></trkpt><trkpt lat="-27.005472" lon="-48.625952"><ele>7.1</ele></trkpt><trkpt lat="-27.00548" lon="-48.625942"><ele>7.2</ele></trkpt><trkpt lat="-27.005487" lon="-48.625927"><ele>7.1</ele></trkpt><trkpt lat="-27.005492" lon="-48.625905"><ele>7</ele></trkpt><trkpt lat="-27.005497" lon="-48.625882"><ele>6.6</ele></trkpt><trkpt lat="-27.005503" lon="-48.625857"><ele>6.3</ele></trkpt><trkpt lat="-27.005507" lon="-48.625838"><ele>5.9</ele></trkpt><trkpt lat="-27.005512" lon="-48.625825"><ele>5.9</ele></trkpt><trkpt lat="-27.005515" lon="-48.625818"><ele>6.1</ele></trkpt><trkpt lat="-27.005513" lon="-48.625815"><ele>6.3</ele></trkpt><trkpt lat="-27.005512" lon="-48.625815"><ele>6.1</ele></trkpt><trkpt lat="-27.005513" lon="-48.625813"><ele>6.2</ele></trkpt><trkpt lat="-27.005513" lon="-48.625813"><ele>6.2</ele></trkpt><trkpt lat="-27.005513" lon="-48.625812"><ele>6.7</ele></trkpt><trkpt lat="-27.005515" lon="-48.62581"><ele>7</ele></trkpt><trkpt lat="-27.005517" lon="-48.625807"><ele>7</ele></trkpt><trkpt lat="-27.005517" lon="-48.625807"><ele>7</ele></trkpt><trkpt lat="-27.005517" lon="-48.625807"><ele>7.2</ele></trkpt><trkpt lat="-27.005517" lon="-48.625807"><ele>7.1</ele></trkpt><trkpt lat="-27.005517" lon="-48.625805"><ele>6.9</ele></trkpt><trkpt lat="-27.005517" lon="-48.625805"><ele>6.9</ele></trkpt><trkpt lat="-27.005517" lon="-48.625805"><ele>6.9</ele></trkpt><trkpt lat="-27.005517" lon="-48.625805"><ele>6.9</ele></trkpt><trkpt lat="-27.005517" lon="-48.625805"><ele>6.9</ele></trkpt><trkpt lat="-27.005517" lon="-48.625805"><ele>6.9</ele></trkpt><trkpt lat="-27.005517" lon="-48.625805"><ele>6.9</ele></trkpt><trkpt lat="-27.005517" lon="-48.625805"><ele>6.9</ele></trkpt><trkpt lat="-27.005517" lon="-48.625805"><ele>6.9</ele></trkpt><trkpt lat="-27.005517" lon="-48.625805"><ele>6.9</ele></trkpt><trkpt lat="-27.005517" lon="-48.625805"><ele>6.9</ele></trkpt><trkpt lat="-27.005517" lon="-48.625805"><ele>6.9</ele></trkpt><trkpt lat="-27.005517" lon="-48.625805"><ele>6.9</ele></trkpt><trkpt lat="-27.005517" lon="-48.625805"><ele>6.9</ele></trkpt><trkpt lat="-27.005517" lon="-48.625805"><ele>6.9</ele></trkpt><trkpt lat="-27.005517" lon="-48.625805"><ele>6.9</ele></trkpt><trkpt lat="-27.005515" lon="-48.625793"><ele>7.1</ele></trkpt><trkpt lat="-27.005515" lon="-48.625787"><ele>7.1</ele></trkpt><trkpt lat="-27.00552" lon="-48.62578"><ele>6.7</ele></trkpt><trkpt lat="-27.005523" lon="-48.625775"><ele>6.7</ele></trkpt><trkpt lat="-27.005525" lon="-48.625777"><ele>6.6</ele></trkpt><trkpt lat="-27.005525" lon="-48.625778"><ele>6.4</ele></trkpt><trkpt lat="-27.005523" lon="-48.62578"><ele>6.3</ele></trkpt><trkpt lat="-27.005523" lon="-48.62578"><ele>6.3</ele></trkpt><trkpt lat="-27.005523" lon="-48.62578"><ele>6.2</ele></trkpt><trkpt lat="-27.005532" lon="-48.62577"><ele>6.4</ele></trkpt><trkpt lat="-27.005537" lon="-48.625757"><ele>6.3</ele></trkpt><trkpt lat="-27.005548" lon="-48.625737"><ele>5.8</ele></trkpt><trkpt lat="-27.005558" lon="-48.625715"><ele>5.7</ele></trkpt><trkpt lat="-27.00557" lon="-48.625687"><ele>5.4</ele></trkpt><trkpt lat="-27.005575" lon="-48.625662"><ele>5.3</ele></trkpt><trkpt lat="-27.00558" lon="-48.625638"><ele>5.1</ele></trkpt><trkpt lat="-27.005587" lon="-48.625623"><ele>5.1</ele></trkpt><trkpt lat="-27.00559" lon="-48.625613"><ele>5.1</ele></trkpt><trkpt lat="-27.005593" lon="-48.625613"><ele>5.3</ele></trkpt><trkpt lat="-27.005593" lon="-48.625615"><ele>5.5</ele></trkpt><trkpt lat="-27.005593" lon="-48.625613"><ele>5.4</ele></trkpt><trkpt lat="-27.005593" lon="-48.625613"><ele>5.5</ele></trkpt><trkpt lat="-27.00559" lon="-48.625612"><ele>5.4</ele></trkpt><trkpt lat="-27.005587" lon="-48.625612"><ele>5.2</ele></trkpt><trkpt lat="-27.005585" lon="-48.625612"><ele>5.6</ele></trkpt><trkpt lat="-27.005583" lon="-48.625613"><ele>6</ele></trkpt><trkpt lat="-27.00558" lon="-48.625615"><ele>6.2</ele></trkpt><trkpt lat="-27.00558" lon="-48.625615"><ele>6.2</ele></trkpt><trkpt lat="-27.00558" lon="-48.625615"><ele>6.2</ele></trkpt><trkpt lat="-27.005578" lon="-48.625617"><ele>6.6</ele></trkpt><trkpt lat="-27.005578" lon="-48.625617"><ele>6.6</ele></trkpt><trkpt lat="-27.005578" lon="-48.625617"><ele>6.6</ele></trkpt><trkpt lat="-27.005578" lon="-48.625617"><ele>6.6</ele></trkpt><trkpt lat="-27.005578" lon="-48.625617"><ele>6.6</ele></trkpt><trkpt lat="-27.005578" lon="-48.625617"><ele>6.6</ele></trkpt><trkpt lat="-27.005578" lon="-48.625617"><ele>6.6</ele></trkpt><trkpt lat="-27.005578" lon="-48.625617"><ele>6.6</ele></trkpt><trkpt lat="-27.005578" lon="-48.625617"><ele>6.6</ele></trkpt><trkpt lat="-27.005578" lon="-48.625617"><ele>6.6</ele></trkpt><trkpt lat="-27.005578" lon="-48.625617"><ele>6.6</ele></trkpt><trkpt lat="-27.005578" lon="-48.625617"><ele>6.6</ele></trkpt><trkpt lat="-27.005578" lon="-48.625617"><ele>6.6</ele></trkpt><trkpt lat="-27.005578" lon="-48.625617"><ele>6.6</ele></trkpt><trkpt lat="-27.005578" lon="-48.625617"><ele>6.6</ele></trkpt><trkpt lat="-27.005578" lon="-48.625617"><ele>6.6</ele></trkpt><trkpt lat="-27.005578" lon="-48.625617"><ele>6.6</ele></trkpt><trkpt lat="-27.005578" lon="-48.625617"><ele>6.6</ele></trkpt><trkpt lat="-27.005578" lon="-48.625617"><ele>6.6</ele></trkpt><trkpt lat="-27.005578" lon="-48.625617"><ele>6.6</ele></trkpt><trkpt lat="-27.005578" lon="-48.625617"><ele>6.6</ele></trkpt><trkpt lat="-27.005578" lon="-48.625617"><ele>6.6</ele></trkpt><trkpt lat="-27.005578" lon="-48.625617"><ele>6.6</ele></trkpt><trkpt lat="-27.005578" lon="-48.625617"><ele>6.6</ele></trkpt><trkpt lat="-27.005577" lon="-48.625622"><ele>5.7</ele></trkpt><trkpt lat="-27.005587" lon="-48.625612"><ele>6</ele></trkpt><trkpt lat="-27.005602" lon="-48.6256"><ele>5.7</ele></trkpt><trkpt lat="-27.005608" lon="-48.625575"><ele>5.9</ele></trkpt><trkpt lat="-27.005613" lon="-48.62554"><ele>6.2</ele></trkpt><trkpt lat="-27.00562" lon="-48.625507"><ele>6</ele></trkpt><trkpt lat="-27.00563" lon="-48.62548"><ele>6</ele></trkpt><trkpt lat="-27.005645" lon="-48.62545"><ele>6.5</ele></trkpt><trkpt lat="-27.005655" lon="-48.625422"><ele>6.5</ele></trkpt><trkpt lat="-27.005668" lon="-48.625387"><ele>7.6</ele></trkpt><trkpt lat="-27.005675" lon="-48.62536"><ele>7.9</ele></trkpt><trkpt lat="-27.005683" lon="-48.625335"><ele>8.6</ele></trkpt><trkpt lat="-27.00569" lon="-48.625308"><ele>8.5</ele></trkpt><trkpt lat="-27.005693" lon="-48.625297"><ele>8.2</ele></trkpt><trkpt lat="-27.005695" lon="-48.625292"><ele>7.6</ele></trkpt><trkpt lat="-27.005695" lon="-48.62529"><ele>7.5</ele></trkpt><trkpt lat="-27.005693" lon="-48.625292"><ele>7.3</ele></trkpt><trkpt lat="-27.00569" lon="-48.625293"><ele>6.9</ele></trkpt><trkpt lat="-27.00569" lon="-48.625295"><ele>6.9</ele></trkpt><trkpt lat="-27.005688" lon="-48.625293"><ele>6.8</ele></trkpt><trkpt lat="-27.005685" lon="-48.62529"><ele>6.7</ele></trkpt><trkpt lat="-27.005682" lon="-48.625288"><ele>6.9</ele></trkpt><trkpt lat="-27.00568" lon="-48.625285"><ele>7.2</ele></trkpt><trkpt lat="-27.005677" lon="-48.625283"><ele>7.6</ele></trkpt><trkpt lat="-27.005677" lon="-48.625283"><ele>7.6</ele></trkpt><trkpt lat="-27.005677" lon="-48.625283"><ele>7.6</ele></trkpt><trkpt lat="-27.005677" lon="-48.625283"><ele>7.6</ele></trkpt><trkpt lat="-27.005677" lon="-48.625283"><ele>7.6</ele></trkpt><trkpt lat="-27.005677" lon="-48.625283"><ele>7.6</ele></trkpt><trkpt lat="-27.005677" lon="-48.625283"><ele>7.6</ele></trkpt><trkpt lat="-27.005677" lon="-48.625283"><ele>7.6</ele></trkpt><trkpt lat="-27.005677" lon="-48.625283"><ele>7.6</ele></trkpt><trkpt lat="-27.005677" lon="-48.625283"><ele>7.6</ele></trkpt><trkpt lat="-27.005677" lon="-48.625283"><ele>7.6</ele></trkpt><trkpt lat="-27.005677" lon="-48.625283"><ele>7.6</ele></trkpt><trkpt lat="-27.005677" lon="-48.625283"><ele>7.6</ele></trkpt><trkpt lat="-27.005677" lon="-48.625283"><ele>7.6</ele></trkpt><trkpt lat="-27.005677" lon="-48.625283"><ele>7.6</ele></trkpt><trkpt lat="-27.005677" lon="-48.625283"><ele>7.6</ele></trkpt><trkpt lat="-27.005677" lon="-48.625283"><ele>7.6</ele></trkpt><trkpt lat="-27.005677" lon="-48.625283"><ele>7.6</ele></trkpt><trkpt lat="-27.005677" lon="-48.625283"><ele>7.6</ele></trkpt><trkpt lat="-27.005677" lon="-48.625283"><ele>7.6</ele></trkpt><trkpt lat="-27.005677" lon="-48.625283"><ele>7.6</ele></trkpt><trkpt lat="-27.005677" lon="-48.625283"><ele>7.6</ele></trkpt><trkpt lat="-27.005677" lon="-48.625283"><ele>7.6</ele></trkpt><trkpt lat="-27.005677" lon="-48.625283"><ele>7.6</ele></trkpt><trkpt lat="-27.005677" lon="-48.625283"><ele>7.6</ele></trkpt><trkpt lat="-27.005677" lon="-48.625283"><ele>7.6</ele></trkpt><trkpt lat="-27.005677" lon="-48.625283"><ele>7.6</ele></trkpt><trkpt lat="-27.005677" lon="-48.625283"><ele>7.6</ele></trkpt><trkpt lat="-27.005677" lon="-48.625283"><ele>7.6</ele></trkpt><trkpt lat="-27.005677" lon="-48.625283"><ele>7.6</ele></trkpt><trkpt lat="-27.005677" lon="-48.625283"><ele>7.6</ele></trkpt><trkpt lat="-27.005677" lon="-48.625283"><ele>7.6</ele></trkpt><trkpt lat="-27.005673" lon="-48.625263"><ele>6.6</ele></trkpt><trkpt lat="-27.005677" lon="-48.625245"><ele>6.4</ele></trkpt><trkpt lat="-27.005687" lon="-48.625225"><ele>6.3</ele></trkpt><trkpt lat="-27.005697" lon="-48.625198"><ele>6</ele></trkpt><trkpt lat="-27.005707" lon="-48.62517"><ele>5.8</ele></trkpt><trkpt lat="-27.005713" lon="-48.625143"><ele>5.6</ele></trkpt><trkpt lat="-27.005723" lon="-48.625115"><ele>5.8</ele></trkpt><trkpt lat="-27.005733" lon="-48.625085"><ele>6.6</ele></trkpt><trkpt lat="-27.00574" lon="-48.625057"><ele>6.6</ele></trkpt><trkpt lat="-27.005753" lon="-48.62503"><ele>7.6</ele></trkpt><trkpt lat="-27.005768" lon="-48.625003"><ele>7.6</ele></trkpt><trkpt lat="-27.005783" lon="-48.624983"><ele>7.8</ele></trkpt><trkpt lat="-27.00579" lon="-48.624963"><ele>7.7</ele></trkpt><trkpt lat="-27.005793" lon="-48.624948"><ele>7.3</ele></trkpt><trkpt lat="-27.005797" lon="-48.624945"><ele>7.3</ele></trkpt><trkpt lat="-27.005798" lon="-48.624943"><ele>7.2</ele></trkpt><trkpt lat="-27.0058" lon="-48.624943"><ele>7.1</ele></trkpt><trkpt lat="-27.005803" lon="-48.62494"><ele>7.1</ele></trkpt><trkpt lat="-27.005802" lon="-48.62494"><ele>6.8</ele></trkpt><trkpt lat="-27.0058" lon="-48.624943"><ele>6.2</ele></trkpt><trkpt lat="-27.005802" lon="-48.624943"><ele>6.3</ele></trkpt><trkpt lat="-27.005802" lon="-48.624943"><ele>6.4</ele></trkpt><trkpt lat="-27.005802" lon="-48.624943"><ele>6.4</ele></trkpt><trkpt lat="-27.0058" lon="-48.624943"><ele>6.8</ele></trkpt><trkpt lat="-27.005798" lon="-48.624945"><ele>6.8</ele></trkpt><trkpt lat="-27.005797" lon="-48.624945"><ele>6.8</ele></trkpt><trkpt lat="-27.005797" lon="-48.624945"><ele>6.8</ele></trkpt><trkpt lat="-27.005797" lon="-48.624945"><ele>6.8</ele></trkpt><trkpt lat="-27.005797" lon="-48.624945"><ele>6.8</ele></trkpt><trkpt lat="-27.005797" lon="-48.624945"><ele>6.8</ele></trkpt><trkpt lat="-27.005797" lon="-48.624945"><ele>6.8</ele></trkpt><trkpt lat="-27.005797" lon="-48.624945"><ele>6.8</ele></trkpt><trkpt lat="-27.005797" lon="-48.624945"><ele>6.8</ele></trkpt><trkpt lat="-27.005797" lon="-48.624945"><ele>6.8</ele></trkpt><trkpt lat="-27.005797" lon="-48.624945"><ele>6.8</ele></trkpt><trkpt lat="-27.005797" lon="-48.624945"><ele>6.8</ele></trkpt><trkpt lat="-27.005797" lon="-48.624945"><ele>6.8</ele></trkpt><trkpt lat="-27.005797" lon="-48.624945"><ele>6.8</ele></trkpt><trkpt lat="-27.005797" lon="-48.624945"><ele>6.8</ele></trkpt><trkpt lat="-27.005797" lon="-48.624945"><ele>6.8</ele></trkpt><trkpt lat="-27.005797" lon="-48.624945"><ele>6.8</ele></trkpt><trkpt lat="-27.00579" lon="-48.624942"><ele>7.4</ele></trkpt><trkpt lat="-27.005795" lon="-48.624923"><ele>7.1</ele></trkpt><trkpt lat="-27.005803" lon="-48.624902"><ele>7</ele></trkpt><trkpt lat="-27.005812" lon="-48.624873"><ele>6.6</ele></trkpt><trkpt lat="-27.005823" lon="-48.624838"><ele>5.8</ele></trkpt><trkpt lat="-27.00583" lon="-48.624802"><ele>4.2</ele></trkpt><trkpt lat="-27.00584" lon="-48.624773"><ele>3.9</ele></trkpt><trkpt lat="-27.005852" lon="-48.624742"><ele>4.2</ele></trkpt><trkpt lat="-27.005862" lon="-48.62471"><ele>4.1</ele></trkpt><trkpt lat="-27.005862" lon="-48.62471"><ele>4.1</ele></trkpt><trkpt lat="-27.00587" lon="-48.624678"><ele>3.9</ele></trkpt><trkpt lat="-27.005877" lon="-48.624647"><ele>4</ele></trkpt><trkpt lat="-27.005883" lon="-48.624622"><ele>4.4</ele></trkpt><trkpt lat="-27.00589" lon="-48.624597"><ele>4.3</ele></trkpt><trkpt lat="-27.005895" lon="-48.624568"><ele>4.4</ele></trkpt><trkpt lat="-27.0059" lon="-48.624542"><ele>4.2</ele></trkpt><trkpt lat="-27.005905" lon="-48.624517"><ele>4</ele></trkpt><trkpt lat="-27.005913" lon="-48.624493"><ele>4.3</ele></trkpt><trkpt lat="-27.005927" lon="-48.624467"><ele>4.4</ele></trkpt><trkpt lat="-27.005937" lon="-48.624437"><ele>4.4</ele></trkpt><trkpt lat="-27.005937" lon="-48.624437"><ele>4.4</ele></trkpt><trkpt lat="-27.00595" lon="-48.624403"><ele>4.4</ele></trkpt><trkpt lat="-27.005963" lon="-48.624372"><ele>4.5</ele></trkpt><trkpt lat="-27.005977" lon="-48.624333"><ele>4.4</ele></trkpt><trkpt lat="-27.005988" lon="-48.624293"><ele>6.1</ele></trkpt><trkpt lat="-27.006005" lon="-48.624247"><ele>6.2</ele></trkpt><trkpt lat="-27.006005" lon="-48.624247"><ele>6.2</ele></trkpt><trkpt lat="-27.006022" lon="-48.624202"><ele>6.5</ele></trkpt><trkpt lat="-27.006038" lon="-48.624155"><ele>6.3</ele></trkpt><trkpt lat="-27.006052" lon="-48.624107"><ele>6.2</ele></trkpt><trkpt lat="-27.006063" lon="-48.624058"><ele>6.4</ele></trkpt><trkpt lat="-27.00608" lon="-48.624015"><ele>6.3</ele></trkpt><trkpt lat="-27.006093" lon="-48.623972"><ele>6.4</ele></trkpt><trkpt lat="-27.006103" lon="-48.62393"><ele>6.1</ele></trkpt><trkpt lat="-27.006115" lon="-48.623888"><ele>6</ele></trkpt><trkpt lat="-27.006115" lon="-48.623888"><ele>6</ele></trkpt><trkpt lat="-27.006133" lon="-48.623848"><ele>6</ele></trkpt><trkpt lat="-27.006147" lon="-48.623812"><ele>6.2</ele></trkpt><trkpt lat="-27.00616" lon="-48.623777"><ele>6.2</ele></trkpt><trkpt lat="-27.006168" lon="-48.623748"><ele>6.4</ele></trkpt><trkpt lat="-27.006173" lon="-48.623725"><ele>6.5</ele></trkpt><trkpt lat="-27.006177" lon="-48.623707"><ele>5.9</ele></trkpt><trkpt lat="-27.00618" lon="-48.623693"><ele>5.6</ele></trkpt><trkpt lat="-27.00618" lon="-48.623693"><ele>5.6</ele></trkpt><trkpt lat="-27.006192" lon="-48.623675"><ele>5.5</ele></trkpt><trkpt lat="-27.006202" lon="-48.623648"><ele>5.6</ele></trkpt><trkpt lat="-27.006208" lon="-48.623623"><ele>5.8</ele></trkpt><trkpt lat="-27.006208" lon="-48.6236"><ele>5.6</ele></trkpt><trkpt lat="-27.006205" lon="-48.623588"><ele>5.2</ele></trkpt><trkpt lat="-27.006198" lon="-48.623587"><ele>5.1</ele></trkpt><trkpt lat="-27.006198" lon="-48.623583"><ele>5.2</ele></trkpt><trkpt lat="-27.006198" lon="-48.62358"><ele>5</ele></trkpt><trkpt lat="-27.006203" lon="-48.62357"><ele>4.9</ele></trkpt><trkpt lat="-27.006217" lon="-48.623552"><ele>4.9</ele></trkpt><trkpt lat="-27.006222" lon="-48.623528"><ele>4.9</ele></trkpt><trkpt lat="-27.006225" lon="-48.623505"><ele>4.9</ele></trkpt><trkpt lat="-27.006228" lon="-48.62348"><ele>5</ele></trkpt><trkpt lat="-27.006235" lon="-48.623448"><ele>4.1</ele></trkpt><trkpt lat="-27.006242" lon="-48.623423"><ele>4.2</ele></trkpt><trkpt lat="-27.006248" lon="-48.623408"><ele>4.7</ele></trkpt><trkpt lat="-27.006253" lon="-48.623392"><ele>5.1</ele></trkpt><trkpt lat="-27.006258" lon="-48.623375"><ele>5.8</ele></trkpt><trkpt lat="-27.006258" lon="-48.623375"><ele>5.8</ele></trkpt><trkpt lat="-27.006262" lon="-48.623357"><ele>6</ele></trkpt><trkpt lat="-27.006267" lon="-48.623332"><ele>6.3</ele></trkpt><trkpt lat="-27.006275" lon="-48.623303"><ele>6</ele></trkpt><trkpt lat="-27.00629" lon="-48.62327"><ele>5.8</ele></trkpt><trkpt lat="-27.006302" lon="-48.623235"><ele>6.1</ele></trkpt><trkpt lat="-27.006313" lon="-48.623198"><ele>5.9</ele></trkpt><trkpt lat="-27.006325" lon="-48.623158"><ele>5.8</ele></trkpt><trkpt lat="-27.00634" lon="-48.623117"><ele>5.5</ele></trkpt><trkpt lat="-27.00635" lon="-48.623072"><ele>5.5</ele></trkpt><trkpt lat="-27.006358" lon="-48.623023"><ele>5.5</ele></trkpt><trkpt lat="-27.006365" lon="-48.622977"><ele>4.6</ele></trkpt><trkpt lat="-27.006378" lon="-48.622932"><ele>4.2</ele></trkpt><trkpt lat="-27.006388" lon="-48.622883"><ele>4.1</ele></trkpt><trkpt lat="-27.006398" lon="-48.622843"><ele>3.3</ele></trkpt><trkpt lat="-27.006407" lon="-48.622805"><ele>3.1</ele></trkpt><trkpt lat="-27.006417" lon="-48.622767"><ele>2.7</ele></trkpt><trkpt lat="-27.006428" lon="-48.622733"><ele>1.7</ele></trkpt><trkpt lat="-27.006432" lon="-48.622705"><ele>1.2</ele></trkpt><trkpt lat="-27.006438" lon="-48.622675"><ele>1.1</ele></trkpt><trkpt lat="-27.006447" lon="-48.622655"><ele>1.4</ele></trkpt><trkpt lat="-27.006453" lon="-48.622643"><ele>1.7</ele></trkpt><trkpt lat="-27.006462" lon="-48.622628"><ele>1.7</ele></trkpt><trkpt lat="-27.006462" lon="-48.622628"><ele>1.7</ele></trkpt><trkpt lat="-27.00647" lon="-48.622613"><ele>1.7</ele></trkpt><trkpt lat="-27.00648" lon="-48.6226"><ele>1.9</ele></trkpt><trkpt lat="-27.006487" lon="-48.622588"><ele>2.1</ele></trkpt><trkpt lat="-27.006487" lon="-48.622578"><ele>2.1</ele></trkpt><trkpt lat="-27.006488" lon="-48.622573"><ele>2.3</ele></trkpt><trkpt lat="-27.00649" lon="-48.622572"><ele>2.4</ele></trkpt><trkpt lat="-27.00649" lon="-48.622572"><ele>2.4</ele></trkpt><trkpt lat="-27.00649" lon="-48.622572"><ele>2.4</ele></trkpt><trkpt lat="-27.006488" lon="-48.62257"><ele>2.4</ele></trkpt><trkpt lat="-27.00649" lon="-48.622572"><ele>2.6</ele></trkpt><trkpt lat="-27.006495" lon="-48.622573"><ele>2.8</ele></trkpt><trkpt lat="-27.006497" lon="-48.622583"><ele>3</ele></trkpt><trkpt lat="-27.006493" lon="-48.622598"><ele>3.3</ele></trkpt><trkpt lat="-27.006483" lon="-48.622612"><ele>3.5</ele></trkpt><trkpt lat="-27.006483" lon="-48.622612"><ele>3.5</ele></trkpt><trkpt lat="-27.00647" lon="-48.622627"><ele>3.8</ele></trkpt><trkpt lat="-27.006452" lon="-48.622642"><ele>3.9</ele></trkpt><trkpt lat="-27.00644" lon="-48.622658"><ele>3.9</ele></trkpt><trkpt lat="-27.006432" lon="-48.622682"><ele>3.9</ele></trkpt><trkpt lat="-27.006423" lon="-48.622708"><ele>3.8</ele></trkpt><trkpt lat="-27.006415" lon="-48.622733"><ele>3.7</ele></trkpt><trkpt lat="-27.00641" lon="-48.622758"><ele>3.9</ele></trkpt><trkpt lat="-27.0064" lon="-48.622785"><ele>4.1</ele></trkpt><trkpt lat="-27.00639" lon="-48.622813"><ele>3.8</ele></trkpt><trkpt lat="-27.006385" lon="-48.62283"><ele>3.5</ele></trkpt><trkpt lat="-27.00638" lon="-48.622835"><ele>3.6</ele></trkpt></trkseg></trk></gpx>