<?xml version="1.0" encoding="UTF-8"?>
<gpx xmlns="http://www.topografix.com/GPX/1/1" version="1.1" creator="@dwayneparton/geojson-to-gpx"><wpt lat="-26.998705" lon="-48.645708"><ele>25.2</ele><name>4 faixas</name></wpt><wpt lat="-26.991502" lon="-48.642618"><ele>17.4</ele><name>4 faixas (na ciclofaixa)</name></wpt><wpt lat="-26.991418" lon="-48.643292"><ele>10.8</ele><name>10</name></wpt><wpt lat="-26.991142" lon="-48.642992"><ele>24</ele><name>12</name></wpt><wpt lat="-26.991502" lon="-48.642618"><ele>17.4</ele><name>23 (na ciclofaixa)</name></wpt><wpt lat="-26.996423" lon="-48.644925"><ele>2.3</ele><name>50km/h</name></wpt><wpt lat="-26.9948" lon="-48.645255"><ele>7.4</ele><name>50km/h</name></wpt><wpt lat="-26.993397" lon="-48.645122"><ele>2.7</ele><name>50km/h</name></wpt><wpt lat="-26.991608" lon="-48.643415"><ele>6.8</ele><name>50km/h</name></wpt><wpt lat="-26.991443" lon="-48.64274"><ele>5.4</ele><name>50km/h (na ciclofaixa)</name></wpt><wpt lat="-26.998428" lon="-48.645607"><ele>8.1</ele><name>55</name></wpt><wpt lat="-26.998428" lon="-48.645607"><ele>8.1</ele><name>200</name></wpt><wpt lat="-26.991542" lon="-48.642698"><ele>4.8</ele><name>200 (na ciclofaixa)</name></wpt><wpt lat="-26.994419" lon="-48.645251"><name>A ciclo é completamente reta.</name></wpt><wpt lat="-26.991502" lon="-48.642618"><ele>17.4</ele><name>A ciclo é completamente reta. (na ciclofaixa)</name></wpt><wpt lat="-26.99513" lon="-48.645266"><name>A pintura está boa, mas FALHA em ALGUNS pontos</name></wpt><wpt lat="-26.991502" lon="-48.642618"><ele>17.4</ele><name>A pintura está boa, mas FALHA em ALGUNS pontos (na ciclofaixa)</name></wpt><wpt lat="-26.992352" lon="-48.644217"><ele>3.5</ele><name>A-30</name></wpt><wpt lat="-26.991502" lon="-48.642618"><ele>17.4</ele><name>Apenas faixas vermelhas nas bordas (na ciclofaixa)</name></wpt><wpt lat="-26.995168" lon="-48.645244"><name>Apenas faixas vermelhas nas bordas, com travessias pintadas nos cruzamentos</name></wpt><wpt lat="-26.998428" lon="-48.645607"><ele>8.1</ele><name>Área de amortecimento da ciclo (cm)</name></wpt><wpt lat="-26.991542" lon="-48.642698"><ele>4.8</ele><name>Área de amortecimento da ciclo (cm) (na ciclofaixa)</name></wpt><wpt lat="-26.998428" lon="-48.645607"><ele>8.1</ele><name>Área transitável da ciclo (cm)</name></wpt><wpt lat="-26.991502" lon="-48.642618"><ele>17.4</ele><name>Área transitável da ciclo (cm) (na ciclofaixa)</name></wpt><wpt lat="-26.998705" lon="-48.645708"><ele>25.2</ele><name>Asfalto</name></wpt><wpt lat="-26.991468" lon="-48.642679"><name>Asfalto (na ciclofaixa)</name></wpt><wpt lat="-26.992318" lon="-48.644245"><ele>5.9</ele><name>Ausência de conexão entre ciclos.</name></wpt><wpt lat="-26.991528" lon="-48.642628"><ele>13.3</ele><name>Ausência de conexão entre ciclos.</name></wpt><wpt lat="-26.998732" lon="-48.645643"><ele>27.7</ele><name>Bidirecional</name></wpt><wpt lat="-26.991502" lon="-48.642618"><ele>17.4</ele><name>Bidirecional (na ciclofaixa)</name></wpt><wpt lat="-26.991502" lon="-48.642618"><ele>17.4</ele><name>Bom estado</name></wpt><wpt lat="-26.997052" lon="-48.645183"><ele>9.6</ele><name>Bueiro</name></wpt><wpt lat="-26.994573" lon="-48.645233"><ele>2.8</ele><name>Bueiro</name></wpt><wpt lat="-26.993927" lon="-48.645272"><ele>7.4</ele><name>Buraco</name></wpt><wpt lat="-26.998705" lon="-48.645708"><ele>25.2</ele><name>Canteiros</name></wpt><wpt lat="-26.991502" lon="-48.642618"><ele>17.4</ele><name>Ciclofaixa</name></wpt><wpt lat="-26.998738" lon="-48.645638"><ele>29.4</ele><name>Ciclovia</name></wpt><wpt lat="-26.998047" lon="-48.645385"><ele>4.3</ele><name>ciclovia muda de lado sem pintura </name></wpt><wpt lat="-26.99232" lon="-48.644242"><ele>6</ele><name>conexão ruim com outra ciclovia </name></wpt><wpt lat="-26.997047" lon="-48.645197"><ele>8.7</ele><name>conversão de carros sobre o cruzamento </name></wpt><wpt lat="-26.997047" lon="-48.645197"><ele>8.7</ele><name>Cruzamento perigoso. EXPLIQUE.</name></wpt><wpt lat="-26.994868" lon="-48.645262"><name>Estacionamento em algumas áreas em lados alternados da via</name></wpt><wpt lat="-26.991502" lon="-48.642618"><ele>17.4</ele><name>Estacionamento proibido na via (na ciclofaixa)</name></wpt><wpt lat="-26.991128" lon="-48.64285"><name>Este levantamento/coleta inclui, no final, trecho de 45 m de ciclofaixa da 4a. Av.</name></wpt><wpt lat="-26.998763" lon="-48.646012"><ele>36.8</ele><name>Foto</name></wpt><wpt lat="-26.999073" lon="-48.646028"><ele>24.3</ele><name>Foto</name></wpt><wpt lat="-26.998595" lon="-48.645828"><ele>16.8</ele><name>Foto</name></wpt><wpt lat="-26.998047" lon="-48.645385"><ele>4.3</ele><name>Foto</name></wpt><wpt lat="-26.998" lon="-48.645218"><ele>16.7</ele><name>Foto</name></wpt><wpt lat="-26.997787" lon="-48.645117"><ele>9.5</ele><name>Foto</name></wpt><wpt lat="-26.99733" lon="-48.645158"><ele>5.9</ele><name>Foto</name></wpt><wpt lat="-26.997165" lon="-48.645187"><ele>7.3</ele><name>Foto</name></wpt><wpt lat="-26.997047" lon="-48.645203"><ele>8.8</ele><name>Foto</name></wpt><wpt lat="-26.997047" lon="-48.645197"><ele>8.7</ele><name>Foto</name></wpt><wpt lat="-26.996585" lon="-48.644988"><ele>2.6</ele><name>Foto</name></wpt><wpt lat="-26.99641" lon="-48.644935"><ele>1.8</ele><name>Foto</name></wpt><wpt lat="-26.9953" lon="-48.645243"><ele>8.8</ele><name>Foto</name></wpt><wpt lat="-26.99501" lon="-48.645252"><ele>4</ele><name>Foto</name></wpt><wpt lat="-26.994802" lon="-48.645257"><ele>7</ele><name>Foto</name></wpt><wpt lat="-26.994747" lon="-48.645252"><ele>2.5</ele><name>Foto</name></wpt><wpt lat="-26.994575" lon="-48.645233"><ele>3.2</ele><name>Foto</name></wpt><wpt lat="-26.994258" lon="-48.645282"><ele>5.4</ele><name>Foto</name></wpt><wpt lat="-26.993913" lon="-48.645262"><ele>7.5</ele><name>Foto</name></wpt><wpt lat="-26.99363" lon="-48.645208"><ele>2.9</ele><name>Foto</name></wpt><wpt lat="-26.993303" lon="-48.645103"><ele>2.2</ele><name>Foto</name></wpt><wpt lat="-26.993028" lon="-48.645015"><ele>4.9</ele><name>Foto</name></wpt><wpt lat="-26.9928" lon="-48.64486"><ele>7.2</ele><name>Foto</name></wpt><wpt lat="-26.992803" lon="-48.644857"><ele>7.3</ele><name>Foto</name></wpt><wpt lat="-26.99231" lon="-48.644252"><ele>5.7</ele><name>Foto</name></wpt><wpt lat="-26.992307" lon="-48.644258"><ele>1</ele><name>Foto</name></wpt><wpt lat="-26.992352" lon="-48.644217"><ele>3.5</ele><name>Foto</name></wpt><wpt lat="-26.992005" lon="-48.64396"><ele>12.3</ele><name>Foto</name></wpt><wpt lat="-26.992002" lon="-48.643945"><ele>8.2</ele><name>Foto</name></wpt><wpt lat="-26.991595" lon="-48.643415"><ele>6.5</ele><name>Foto</name></wpt><wpt lat="-26.991295" lon="-48.643188"><ele>8.7</ele><name>Foto</name></wpt><wpt lat="-26.991248" lon="-48.64314"><ele>5</ele><name>Foto</name></wpt><wpt lat="-26.991217" lon="-48.643092"><ele>4.6</ele><name>Foto</name></wpt><wpt lat="-26.99123" lon="-48.642913"><ele>3.4</ele><name>Foto</name></wpt><wpt lat="-26.991278" lon="-48.64285"><ele>3.8</ele><name>Foto</name></wpt><wpt lat="-26.991142" lon="-48.642992"><ele>24</ele><name>Foto</name></wpt><wpt lat="-26.991438" lon="-48.642742"><ele>4.6</ele><name>Foto</name></wpt><wpt lat="-26.991527" lon="-48.642625"><ele>13.3</ele><name>Foto</name></wpt><wpt lat="-26.99143" lon="-48.643272"><ele>10.6</ele><name>Foto</name></wpt><wpt lat="-26.99733" lon="-48.645158"><ele>5.9</ele><name>Gravação de voz</name></wpt><wpt lat="-26.995086" lon="-48.64527"><name>Iluminação geral dos dois lados da via</name></wpt><wpt lat="-26.991502" lon="-48.642618"><ele>17.4</ele><name>Iluminação geral dos dois lados da via (na ciclofaixa)</name></wpt><wpt lat="-26.998447" lon="-48.645622"><ele>9.4</ele><name>Lombadas físicas</name></wpt><wpt lat="-26.998707" lon="-48.645698"><ele>25.4</ele><name>Mão Única</name></wpt><wpt lat="-26.991502" lon="-48.642618"><ele>17.4</ele><name>Mão Única</name></wpt><wpt lat="-26.995086" lon="-48.645323"><name>Não há árvores nem mudas</name></wpt><wpt lat="-26.991502" lon="-48.642618"><ele>17.4</ele><name>Não há árvores nem mudas (na ciclofaixa)</name></wpt><wpt lat="-26.991473" lon="-48.642697"><name>Nenhum elemento de controle de velocidade na via (na ciclofaixa)</name></wpt><wpt lat="-26.998717" lon="-48.645672"><ele>25.9</ele><name>No bordo direito de Via de Mão Única</name></wpt><wpt lat="-26.991502" lon="-48.642618"><ele>17.4</ele><name>No bordo direito de Via de Mão Única (na ciclofaixa)</name></wpt><wpt lat="-26.99232" lon="-48.644242"><ele>6</ele><name>Outras características. EXPLIQUE.</name></wpt><wpt lat="-26.992803" lon="-48.644857"><ele>7.3</ele><name>Pictograma BOA condição</name></wpt><wpt lat="-26.99198" lon="-48.643867"><ele>9.4</ele><name>Pictograma BOA condição</name></wpt><wpt lat="-26.991855" lon="-48.643768"><ele>11.4</ele><name>Pictograma BOA condição</name></wpt><wpt lat="-26.991248" lon="-48.64314"><ele>5</ele><name>Pictograma BOA condição</name></wpt><wpt lat="-26.991205" lon="-48.643068"><ele>5.8</ele><name>Pictograma BOA condição</name></wpt><wpt lat="-26.997782" lon="-48.64512"><ele>9.9</ele><name>Pictograma MÁ condição</name></wpt><wpt lat="-26.992803" lon="-48.644857"><ele>7.3</ele><name>Pictograma MÁ condição</name></wpt><wpt lat="-26.992305" lon="-48.644262"><ele>1.1</ele><name>Pictograma MÁ condição</name></wpt><wpt lat="-26.992803" lon="-48.644857"><ele>7.3</ele><name>pictograma PARE</name></wpt><wpt lat="-26.99186" lon="-48.643773"><ele>10.1</ele><name>pictograma PARE (cilistas parar para pedestres)</name></wpt><wpt lat="-26.992003" lon="-48.643945"><ele>7.9</ele><name>pictograma PARE (cilistas parar para pedestres)</name></wpt><wpt lat="-26.991205" lon="-48.643068"><ele>5.8</ele><name>pictograma PARE (cilistas parar para pedestres)</name></wpt><wpt lat="-26.998015" lon="-48.645237"><ele>18.9</ele><name>Em cruzamento BOA condição</name></wpt><wpt lat="-26.997337" lon="-48.645162"><ele>5.6</ele><name>Em cruzamento BOA condição</name></wpt><wpt lat="-26.997047" lon="-48.645197"><ele>8.7</ele><name>Em cruzamento BOA condição</name></wpt><wpt lat="-26.996682" lon="-48.645045"><ele>5</ele><name>Em cruzamento BOA condição</name></wpt><wpt lat="-26.995315" lon="-48.645242"><ele>8.1</ele><name>Em cruzamento BOA condição</name></wpt><wpt lat="-26.994773" lon="-48.645248"><ele>4.2</ele><name>Em cruzamento BOA condição</name></wpt><wpt lat="-26.994273" lon="-48.645262"><ele>5.9</ele><name>Em cruzamento BOA condição</name></wpt><wpt lat="-26.993642" lon="-48.6452"><ele>2.7</ele><name>Em cruzamento BOA condição</name></wpt><wpt lat="-26.99231" lon="-48.64424"><ele>5.9</ele><name>Em cruzamento MÁ condição</name></wpt><wpt lat="-26.991138" lon="-48.642988"><ele>24.8</ele><name>Quantidade de vagas</name></wpt><wpt lat="-26.991417" lon="-48.643295"><ele>11.1</ele><name>Quantidade de vagas</name></wpt><wpt lat="-26.998402" lon="-48.645642"><ele>9.7</ele><name>Radar/Lombada Eletrônica</name></wpt><wpt lat="-26.993032" lon="-48.645003"><ele>6.2</ele><name>Radar/Lombada Eletrônica</name></wpt><wpt lat="-26.995187" lon="-48.645244"><name>SE CICLOVIA: segregação impede completamente a invasão de automóvel e não há trechos desprotegidos</name></wpt><wpt lat="-26.991933" lon="-48.64388"><ele>9.7</ele><name>Segregadores NÃO DIFICULTAM o acesso de ciclistas</name></wpt><wpt lat="-26.991528" lon="-48.642642"><ele>13.1</ele><name>SEM pintura no cruzamento (na ciclofaixa)</name></wpt><wpt lat="-26.994263" lon="-48.64528"><ele>5.3</ele><name>SEM Semáforo exclusivo</name></wpt><wpt lat="-26.993633" lon="-48.645207"><ele>3</ele><name>SEM Semáforo exclusivo</name></wpt><wpt lat="-26.991533" lon="-48.642628"><ele>15.3</ele><name>SEM Semáforo exclusivo (na ciclofaixa)</name></wpt><wpt lat="-26.994265" lon="-48.645277"><ele>5.4</ele><name>Semáforo para motorizado</name></wpt><wpt lat="-26.993635" lon="-48.645203"><ele>2.9</ele><name>Semáforo para motorizado</name></wpt><wpt lat="-26.991545" lon="-48.642628"><ele>14</ele><name>Semáforo para motorizado (na ciclofaixa)</name></wpt><wpt lat="-26.991533" lon="-48.642628"><ele>15.3</ele><name>Semáforo para pedestres (na ciclofaixa)</name></wpt><wpt lat="-26.991385" lon="-48.642703"><name>Tachões (na ciclofaixa)</name></wpt><wpt lat="-26.998047" lon="-48.645385"><ele>4.3</ele><name>Travessia de pedestre em nível (lombofaixa)</name></wpt><wpt lat="-26.997158" lon="-48.645182"><ele>6.8</ele><name>Travessia de pedestre em nível (lombofaixa)</name></wpt><wpt lat="-26.99504" lon="-48.645265"><ele>4.1</ele><name>Travessia de pedestre em nível (lombofaixa)</name></wpt><wpt lat="-26.992793" lon="-48.64486"><ele>6.4</ele><name>Travessia de pedestre em nível (lombofaixa)</name></wpt><wpt lat="-26.99129" lon="-48.643193"><ele>8.2</ele><name>Travessia de pedestre em nível (lombofaixa)</name></wpt><wpt lat="-26.992003" lon="-48.643962"><ele>12.4</ele><name>trecho 20 m sobre calçada sem sinalização </name></wpt><wpt lat="-26.991135" lon="-48.642983"><ele>25.7</ele><name>U invertido</name></wpt><wpt lat="-26.991417" lon="-48.643295"><ele>11.1</ele><name>U invertido</name></wpt><wpt lat="-26.991106" lon="-48.64303"><name>Outro obstáculo</name></wpt><wpt lat="-26.991111" lon="-48.643051"><name>tampa de inspeção rebaixada</name></wpt><trk><name>Ciclovia Av. Estado T1 - BC</name><trkseg><trkpt lat="-27.001025" lon="-48.638722"><ele>1824</ele></trkpt><trkpt lat="-26.998367" lon="-48.646903"><ele>638.6</ele></trkpt><trkpt lat="-26.998508" lon="-48.645875"><ele>293.1</ele></trkpt><trkpt lat="-26.998632" lon="-48.645815"><ele>152.1</ele></trkpt><trkpt lat="-26.998675" lon="-48.64568"><ele>58.8</ele></trkpt><trkpt lat="-26.998672" lon="-48.64561"><ele>47.9</ele></trkpt><trkpt lat="-26.9987" lon="-48.64563"><ele>42.1</ele></trkpt><trkpt lat="-26.998705" lon="-48.645668"><ele>37.8</ele></trkpt><trkpt lat="-26.998712" lon="-48.645655"><ele>37.8</ele></trkpt><trkpt lat="-26.9987" lon="-48.64566"><ele>37.8</ele></trkpt><trkpt lat="-26.998695" lon="-48.645663"><ele>37.6</ele></trkpt><trkpt lat="-26.998692" lon="-48.645675"><ele>37</ele></trkpt><trkpt lat="-26.998715" lon="-48.645673"><ele>36.9</ele></trkpt><trkpt lat="-26.998745" lon="-48.645657"><ele>37.4</ele></trkpt><trkpt lat="-26.998763" lon="-48.645653"><ele>37.4</ele></trkpt><trkpt lat="-26.998767" lon="-48.645648"><ele>36.7</ele></trkpt><trkpt lat="-26.998765" lon="-48.645645"><ele>35.9</ele></trkpt><trkpt lat="-26.998765" lon="-48.645642"><ele>35.3</ele></trkpt><trkpt lat="-26.998763" lon="-48.645638"><ele>34.6</ele></trkpt><trkpt lat="-26.998758" lon="-48.645637"><ele>33.5</ele></trkpt><trkpt lat="-26.998753" lon="-48.645637"><ele>32.5</ele></trkpt><trkpt lat="-26.998748" lon="-48.645638"><ele>31.3</ele></trkpt><trkpt lat="-26.998743" lon="-48.645638"><ele>30.2</ele></trkpt><trkpt lat="-26.998738" lon="-48.645638"><ele>29.4</ele></trkpt><trkpt lat="-26.998738" lon="-48.645638"><ele>29.4</ele></trkpt><trkpt lat="-26.998737" lon="-48.64564"><ele>28.7</ele></trkpt><trkpt lat="-26.998733" lon="-48.645642"><ele>28.2</ele></trkpt><trkpt lat="-26.998732" lon="-48.645643"><ele>27.7</ele></trkpt><trkpt lat="-26.998732" lon="-48.645643"><ele>27.7</ele></trkpt><trkpt lat="-26.998732" lon="-48.645645"><ele>27.3</ele></trkpt><trkpt lat="-26.99873" lon="-48.645648"><ele>27</ele></trkpt><trkpt lat="-26.998728" lon="-48.645653"><ele>26.9</ele></trkpt><trkpt lat="-26.998723" lon="-48.645657"><ele>26.4</ele></trkpt><trkpt lat="-26.998722" lon="-48.645662"><ele>26.1</ele></trkpt><trkpt lat="-26.998718" lon="-48.645668"><ele>26</ele></trkpt><trkpt lat="-26.998717" lon="-48.645672"><ele>25.9</ele></trkpt><trkpt lat="-26.998717" lon="-48.645672"><ele>25.9</ele></trkpt><trkpt lat="-26.998713" lon="-48.645677"><ele>25.7</ele></trkpt><trkpt lat="-26.998712" lon="-48.64568"><ele>25.5</ele></trkpt><trkpt lat="-26.998712" lon="-48.645683"><ele>25.4</ele></trkpt><trkpt lat="-26.99871" lon="-48.645687"><ele>25.4</ele></trkpt><trkpt lat="-26.99871" lon="-48.645692"><ele>25.4</ele></trkpt><trkpt lat="-26.998708" lon="-48.645695"><ele>25.4</ele></trkpt><trkpt lat="-26.998707" lon="-48.645698"><ele>25.4</ele></trkpt><trkpt lat="-26.998707" lon="-48.645698"><ele>25.4</ele></trkpt><trkpt lat="-26.998707" lon="-48.6457"><ele>25.5</ele></trkpt><trkpt lat="-26.998707" lon="-48.645705"><ele>25.4</ele></trkpt><trkpt lat="-26.998705" lon="-48.645708"><ele>25.2</ele></trkpt><trkpt lat="-26.998705" lon="-48.645708"><ele>25.2</ele></trkpt><trkpt lat="-26.998705" lon="-48.645708"><ele>25.2</ele></trkpt><trkpt lat="-26.998705" lon="-48.645708"><ele>25.2</ele></trkpt><trkpt lat="-26.998705" lon="-48.645708"><ele>25.2</ele></trkpt><trkpt lat="-26.998705" lon="-48.645708"><ele>25.2</ele></trkpt><trkpt lat="-26.998705" lon="-48.645708"><ele>25.2</ele></trkpt><trkpt lat="-26.998705" lon="-48.645708"><ele>25.2</ele></trkpt><trkpt lat="-26.998705" lon="-48.645708"><ele>25.2</ele></trkpt><trkpt lat="-26.998705" lon="-48.645708"><ele>25.2</ele></trkpt><trkpt lat="-26.998705" lon="-48.645708"><ele>25.2</ele></trkpt><trkpt lat="-26.998705" lon="-48.645708"><ele>25.2</ele></trkpt><trkpt lat="-26.998705" lon="-48.645708"><ele>25.2</ele></trkpt><trkpt lat="-26.998705" lon="-48.645708"><ele>25.2</ele></trkpt><trkpt lat="-26.998705" lon="-48.645708"><ele>25.2</ele></trkpt><trkpt lat="-26.998705" lon="-48.645708"><ele>25.2</ele></trkpt><trkpt lat="-26.998705" lon="-48.645708"><ele>25.2</ele></trkpt><trkpt lat="-26.998705" lon="-48.645708"><ele>25.2</ele></trkpt><trkpt lat="-26.998705" lon="-48.645708"><ele>25.2</ele></trkpt><trkpt lat="-26.998705" lon="-48.645708"><ele>25.2</ele></trkpt><trkpt lat="-26.998705" lon="-48.645708"><ele>25.2</ele></trkpt><trkpt lat="-26.998705" lon="-48.645708"><ele>25.2</ele></trkpt><trkpt lat="-26.998705" lon="-48.645708"><ele>25.2</ele></trkpt><trkpt lat="-26.998705" lon="-48.645708"><ele>25.2</ele></trkpt><trkpt lat="-26.998705" lon="-48.645708"><ele>25.2</ele></trkpt><trkpt lat="-26.998705" lon="-48.645708"><ele>25.2</ele></trkpt><trkpt lat="-26.998705" lon="-48.645708"><ele>25.2</ele></trkpt><trkpt lat="-26.998705" lon="-48.645708"><ele>25.2</ele></trkpt><trkpt lat="-26.998705" lon="-48.645708"><ele>25.2</ele></trkpt><trkpt lat="-26.998705" lon="-48.645708"><ele>25.2</ele></trkpt><trkpt lat="-26.998705" lon="-48.645708"><ele>25.2</ele></trkpt><trkpt lat="-26.998705" lon="-48.645708"><ele>25.2</ele></trkpt><trkpt lat="-26.998705" lon="-48.645708"><ele>25.2</ele></trkpt><trkpt lat="-26.998705" lon="-48.645708"><ele>25.2</ele></trkpt><trkpt lat="-26.998705" lon="-48.645708"><ele>25.2</ele></trkpt><trkpt lat="-26.998705" lon="-48.645708"><ele>25.2</ele></trkpt><trkpt lat="-26.998705" lon="-48.645708"><ele>25.2</ele></trkpt><trkpt lat="-26.998705" lon="-48.645708"><ele>25.2</ele></trkpt><trkpt lat="-26.998705" lon="-48.645708"><ele>25.2</ele></trkpt><trkpt lat="-26.998705" lon="-48.645708"><ele>25.2</ele></trkpt><trkpt lat="-26.998705" lon="-48.645708"><ele>25.2</ele></trkpt><trkpt lat="-26.998705" lon="-48.645708"><ele>25.2</ele></trkpt><trkpt lat="-26.998705" lon="-48.645708"><ele>25.2</ele></trkpt><trkpt lat="-26.998705" lon="-48.645708"><ele>25.2</ele></trkpt><trkpt lat="-26.998705" lon="-48.645708"><ele>25.2</ele></trkpt><trkpt lat="-26.998705" lon="-48.645708"><ele>25.2</ele></trkpt><trkpt lat="-26.998705" lon="-48.645708"><ele>25.2</ele></trkpt><trkpt lat="-26.998705" lon="-48.645708"><ele>25.2</ele></trkpt><trkpt lat="-26.998705" lon="-48.645708"><ele>25.2</ele></trkpt><trkpt lat="-26.998705" lon="-48.645708"><ele>25.2</ele></trkpt><trkpt lat="-26.998705" lon="-48.645708"><ele>25.2</ele></trkpt><trkpt lat="-26.998705" lon="-48.645708"><ele>25.2</ele></trkpt><trkpt lat="-26.998705" lon="-48.645708"><ele>25.2</ele></trkpt><trkpt lat="-26.998705" lon="-48.645708"><ele>25.2</ele></trkpt><trkpt lat="-26.998705" lon="-48.645708"><ele>25.2</ele></trkpt><trkpt lat="-26.998705" lon="-48.645708"><ele>25.2</ele></trkpt><trkpt lat="-26.998705" lon="-48.645708"><ele>25.2</ele></trkpt><trkpt lat="-26.998705" lon="-48.645708"><ele>25.2</ele></trkpt><trkpt lat="-26.998705" lon="-48.645708"><ele>25.2</ele></trkpt><trkpt lat="-26.998705" lon="-48.645708"><ele>25.2</ele></trkpt><trkpt lat="-26.998705" lon="-48.645708"><ele>25.2</ele></trkpt><trkpt lat="-26.998705" lon="-48.645708"><ele>25.2</ele></trkpt><trkpt lat="-26.998705" lon="-48.645708"><ele>25.2</ele></trkpt><trkpt lat="-26.998705" lon="-48.645708"><ele>25.2</ele></trkpt><trkpt lat="-26.998705" lon="-48.645708"><ele>25.2</ele></trkpt><trkpt lat="-26.998705" lon="-48.645708"><ele>25.2</ele></trkpt><trkpt lat="-26.998705" lon="-48.645708"><ele>25.2</ele></trkpt><trkpt lat="-26.998705" lon="-48.645708"><ele>25.2</ele></trkpt><trkpt lat="-26.998705" lon="-48.645708"><ele>25.2</ele></trkpt><trkpt lat="-26.998705" lon="-48.645708"><ele>25.2</ele></trkpt><trkpt lat="-26.998705" lon="-48.645708"><ele>25.2</ele></trkpt><trkpt lat="-26.998705" lon="-48.645708"><ele>25.2</ele></trkpt><trkpt lat="-26.998705" lon="-48.645708"><ele>25.2</ele></trkpt><trkpt lat="-26.998705" lon="-48.645708"><ele>25.2</ele></trkpt><trkpt lat="-26.998705" lon="-48.645708"><ele>25.2</ele></trkpt><trkpt lat="-26.998705" lon="-48.645708"><ele>25.2</ele></trkpt><trkpt lat="-26.998705" lon="-48.645708"><ele>25.2</ele></trkpt><trkpt lat="-26.998705" lon="-48.645708"><ele>25.2</ele></trkpt><trkpt lat="-26.998705" lon="-48.645708"><ele>25.2</ele></trkpt><trkpt lat="-26.998705" lon="-48.645708"><ele>25.2</ele></trkpt><trkpt lat="-26.998705" lon="-48.645708"><ele>25.2</ele></trkpt><trkpt lat="-26.998705" lon="-48.645708"><ele>25.2</ele></trkpt><trkpt lat="-26.998705" lon="-48.645708"><ele>25.2</ele></trkpt><trkpt lat="-26.998705" lon="-48.645708"><ele>25.2</ele></trkpt><trkpt lat="-26.998705" lon="-48.645708"><ele>25.2</ele></trkpt><trkpt lat="-26.998705" lon="-48.645708"><ele>25.2</ele></trkpt><trkpt lat="-26.998705" lon="-48.645708"><ele>25.2</ele></trkpt><trkpt lat="-26.998705" lon="-48.645708"><ele>25.2</ele></trkpt><trkpt lat="-26.998705" lon="-48.645708"><ele>25.2</ele></trkpt><trkpt lat="-26.998705" lon="-48.645708"><ele>25.2</ele></trkpt><trkpt lat="-26.998705" lon="-48.645708"><ele>25.2</ele></trkpt><trkpt lat="-26.998705" lon="-48.645708"><ele>25.2</ele></trkpt><trkpt lat="-26.998705" lon="-48.645708"><ele>25.2</ele></trkpt><trkpt lat="-26.998705" lon="-48.645708"><ele>25.2</ele></trkpt><trkpt lat="-26.998705" lon="-48.645708"><ele>25.2</ele></trkpt><trkpt lat="-26.998705" lon="-48.645708"><ele>25.2</ele></trkpt><trkpt lat="-26.998705" lon="-48.645708"><ele>25.2</ele></trkpt><trkpt lat="-26.998705" lon="-48.645708"><ele>25.2</ele></trkpt><trkpt lat="-26.998705" lon="-48.645708"><ele>25.2</ele></trkpt><trkpt lat="-26.998705" lon="-48.645708"><ele>25.2</ele></trkpt><trkpt lat="-26.998678" lon="-48.645753"><ele>22.1</ele></trkpt><trkpt lat="-26.998688" lon="-48.645762"><ele>23.1</ele></trkpt><trkpt lat="-26.998698" lon="-48.645775"><ele>24.1</ele></trkpt><trkpt lat="-26.998707" lon="-48.645792"><ele>24.9</ele></trkpt><trkpt lat="-26.998717" lon="-48.64581"><ele>25.9</ele></trkpt><trkpt lat="-26.998728" lon="-48.64583"><ele>27.1</ele></trkpt><trkpt lat="-26.998743" lon="-48.645853"><ele>28</ele></trkpt><trkpt lat="-26.99876" lon="-48.645872"><ele>29.5</ele></trkpt><trkpt lat="-26.998773" lon="-48.645887"><ele>30.4</ele></trkpt><trkpt lat="-26.998777" lon="-48.645898"><ele>31.2</ele></trkpt><trkpt lat="-26.998778" lon="-48.645905"><ele>32</ele></trkpt><trkpt lat="-26.998783" lon="-48.645915"><ele>32.5</ele></trkpt><trkpt lat="-26.99879" lon="-48.645925"><ele>32.1</ele></trkpt><trkpt lat="-26.998797" lon="-48.645927"><ele>32.8</ele></trkpt><trkpt lat="-26.998803" lon="-48.645932"><ele>33.7</ele></trkpt><trkpt lat="-26.998805" lon="-48.645947"><ele>33.7</ele></trkpt><trkpt lat="-26.998795" lon="-48.64596"><ele>34.9</ele></trkpt><trkpt lat="-26.998773" lon="-48.645995"><ele>36.3</ele></trkpt><trkpt lat="-26.998763" lon="-48.646012"><ele>36.8</ele></trkpt><trkpt lat="-26.998763" lon="-48.646012"><ele>36.8</ele></trkpt><trkpt lat="-26.998762" lon="-48.646023"><ele>37.3</ele></trkpt><trkpt lat="-26.998803" lon="-48.646027"><ele>49.4</ele></trkpt><trkpt lat="-26.998802" lon="-48.646028"><ele>44.1</ele></trkpt><trkpt lat="-26.998798" lon="-48.646043"><ele>41.3</ele></trkpt><trkpt lat="-26.998803" lon="-48.646047"><ele>40.7</ele></trkpt><trkpt lat="-26.998818" lon="-48.64606"><ele>39.7</ele></trkpt><trkpt lat="-26.998848" lon="-48.646085"><ele>38.7</ele></trkpt><trkpt lat="-26.998862" lon="-48.646102"><ele>37.8</ele></trkpt><trkpt lat="-26.998875" lon="-48.646105"><ele>36.3</ele></trkpt><trkpt lat="-26.998877" lon="-48.646095"><ele>33.5</ele></trkpt><trkpt lat="-26.998892" lon="-48.646093"><ele>33.2</ele></trkpt><trkpt lat="-26.9989" lon="-48.646085"><ele>31.8</ele></trkpt><trkpt lat="-26.998915" lon="-48.64608"><ele>31.2</ele></trkpt><trkpt lat="-26.998925" lon="-48.646078"><ele>30.4</ele></trkpt><trkpt lat="-26.998943" lon="-48.646085"><ele>29.8</ele></trkpt><trkpt lat="-26.998965" lon="-48.64609"><ele>29.5</ele></trkpt><trkpt lat="-26.998987" lon="-48.646098"><ele>29.3</ele></trkpt><trkpt lat="-26.999008" lon="-48.646102"><ele>28.2</ele></trkpt><trkpt lat="-26.999028" lon="-48.646107"><ele>26.5</ele></trkpt><trkpt lat="-26.999043" lon="-48.6461"><ele>26.1</ele></trkpt><trkpt lat="-26.999055" lon="-48.64609"><ele>26.2</ele></trkpt><trkpt lat="-26.999073" lon="-48.64607"><ele>27.2</ele></trkpt><trkpt lat="-26.999073" lon="-48.646055"><ele>27.2</ele></trkpt><trkpt lat="-26.999065" lon="-48.646052"><ele>25.9</ele></trkpt><trkpt lat="-26.999055" lon="-48.646048"><ele>25.6</ele></trkpt><trkpt lat="-26.999053" lon="-48.646052"><ele>25.1</ele></trkpt><trkpt lat="-26.999058" lon="-48.646043"><ele>24.9</ele></trkpt><trkpt lat="-26.999062" lon="-48.646037"><ele>25</ele></trkpt><trkpt lat="-26.99907" lon="-48.646035"><ele>24.8</ele></trkpt><trkpt lat="-26.999075" lon="-48.64603"><ele>24.7</ele></trkpt><trkpt lat="-26.999077" lon="-48.646027"><ele>24.6</ele></trkpt><trkpt lat="-26.999075" lon="-48.646027"><ele>24.4</ele></trkpt><trkpt lat="-26.999073" lon="-48.646028"><ele>24.3</ele></trkpt><trkpt lat="-26.999073" lon="-48.646028"><ele>24.3</ele></trkpt><trkpt lat="-26.999072" lon="-48.646033"><ele>24.1</ele></trkpt><trkpt lat="-26.99907" lon="-48.646035"><ele>23.9</ele></trkpt><trkpt lat="-26.999072" lon="-48.646038"><ele>23.8</ele></trkpt><trkpt lat="-26.999072" lon="-48.646038"><ele>23.8</ele></trkpt><trkpt lat="-26.99908" lon="-48.646045"><ele>23.4</ele></trkpt><trkpt lat="-26.999077" lon="-48.64607"><ele>22.3</ele></trkpt><trkpt lat="-26.999072" lon="-48.64607"><ele>22.1</ele></trkpt><trkpt lat="-26.999063" lon="-48.646068"><ele>21.6</ele></trkpt><trkpt lat="-26.999047" lon="-48.646065"><ele>21.4</ele></trkpt><trkpt lat="-26.99903" lon="-48.646057"><ele>20.9</ele></trkpt><trkpt lat="-26.999008" lon="-48.646043"><ele>20.3</ele></trkpt><trkpt lat="-26.998982" lon="-48.646025"><ele>19.3</ele></trkpt><trkpt lat="-26.998955" lon="-48.64601"><ele>17.6</ele></trkpt><trkpt lat="-26.99893" lon="-48.645993"><ele>16.3</ele></trkpt><trkpt lat="-26.998902" lon="-48.645972"><ele>15.2</ele></trkpt><trkpt lat="-26.998875" lon="-48.645947"><ele>13.8</ele></trkpt><trkpt lat="-26.998855" lon="-48.645923"><ele>13.4</ele></trkpt><trkpt lat="-26.998832" lon="-48.645897"><ele>13.2</ele></trkpt><trkpt lat="-26.998808" lon="-48.645867"><ele>12.8</ele></trkpt><trkpt lat="-26.998782" lon="-48.64584"><ele>12.1</ele></trkpt><trkpt lat="-26.998743" lon="-48.645832"><ele>13.4</ele></trkpt><trkpt lat="-26.998703" lon="-48.645832"><ele>15.1</ele></trkpt><trkpt lat="-26.998678" lon="-48.64582"><ele>15.2</ele></trkpt><trkpt lat="-26.998642" lon="-48.645822"><ele>16.1</ele></trkpt><trkpt lat="-26.998595" lon="-48.645828"><ele>16.8</ele></trkpt><trkpt lat="-26.998595" lon="-48.645828"><ele>16.8</ele></trkpt><trkpt lat="-26.998577" lon="-48.645817"><ele>17.6</ele></trkpt><trkpt lat="-26.998573" lon="-48.645762"><ele>16.5</ele></trkpt><trkpt lat="-26.998557" lon="-48.645728"><ele>16</ele></trkpt><trkpt lat="-26.998535" lon="-48.645707"><ele>15</ele></trkpt><trkpt lat="-26.998518" lon="-48.64569"><ele>13.5</ele></trkpt><trkpt lat="-26.998503" lon="-48.64567"><ele>12</ele></trkpt><trkpt lat="-26.998493" lon="-48.645657"><ele>10.6</ele></trkpt><trkpt lat="-26.998488" lon="-48.645643"><ele>9.5</ele></trkpt><trkpt lat="-26.998468" lon="-48.645627"><ele>8.5</ele></trkpt><trkpt lat="-26.998448" lon="-48.645618"><ele>8.6</ele></trkpt><trkpt lat="-26.998433" lon="-48.645607"><ele>8.4</ele></trkpt><trkpt lat="-26.998423" lon="-48.6456"><ele>8.7</ele></trkpt><trkpt lat="-26.998423" lon="-48.645605"><ele>8.2</ele></trkpt><trkpt lat="-26.998425" lon="-48.64561"><ele>8.4</ele></trkpt><trkpt lat="-26.99843" lon="-48.645612"><ele>8.6</ele></trkpt><trkpt lat="-26.998432" lon="-48.645613"><ele>8.6</ele></trkpt><trkpt lat="-26.998438" lon="-48.645617"><ele>8.9</ele></trkpt><trkpt lat="-26.998438" lon="-48.645618"><ele>9.1</ele></trkpt><trkpt lat="-26.998442" lon="-48.645617"><ele>9.1</ele></trkpt><trkpt lat="-26.998447" lon="-48.645617"><ele>9.3</ele></trkpt><trkpt lat="-26.998447" lon="-48.64562"><ele>9.4</ele></trkpt><trkpt lat="-26.998447" lon="-48.645622"><ele>9.4</ele></trkpt><trkpt lat="-26.998447" lon="-48.645622"><ele>9.4</ele></trkpt><trkpt lat="-26.998447" lon="-48.645622"><ele>9.4</ele></trkpt><trkpt lat="-26.998447" lon="-48.645622"><ele>9.4</ele></trkpt><trkpt lat="-26.998447" lon="-48.645622"><ele>9.4</ele></trkpt><trkpt lat="-26.998447" lon="-48.645622"><ele>9.4</ele></trkpt><trkpt lat="-26.998447" lon="-48.645622"><ele>9.4</ele></trkpt><trkpt lat="-26.998447" lon="-48.645622"><ele>9.4</ele></trkpt><trkpt lat="-26.998447" lon="-48.645622"><ele>9.4</ele></trkpt><trkpt lat="-26.998447" lon="-48.645622"><ele>9.4</ele></trkpt><trkpt lat="-26.998447" lon="-48.645622"><ele>9.4</ele></trkpt><trkpt lat="-26.998447" lon="-48.645622"><ele>9.4</ele></trkpt><trkpt lat="-26.998447" lon="-48.645622"><ele>9.4</ele></trkpt><trkpt lat="-26.998447" lon="-48.645622"><ele>9.4</ele></trkpt><trkpt lat="-26.998447" lon="-48.645622"><ele>9.4</ele></trkpt><trkpt lat="-26.998447" lon="-48.645622"><ele>9.4</ele></trkpt><trkpt lat="-26.998447" lon="-48.645622"><ele>9.4</ele></trkpt><trkpt lat="-26.998447" lon="-48.645622"><ele>9.4</ele></trkpt><trkpt lat="-26.998447" lon="-48.645622"><ele>9.4</ele></trkpt><trkpt lat="-26.998447" lon="-48.645622"><ele>9.4</ele></trkpt><trkpt lat="-26.998447" lon="-48.645622"><ele>9.4</ele></trkpt><trkpt lat="-26.998447" lon="-48.645622"><ele>9.4</ele></trkpt><trkpt lat="-26.998447" lon="-48.645622"><ele>9.4</ele></trkpt><trkpt lat="-26.998447" lon="-48.645622"><ele>9.4</ele></trkpt><trkpt lat="-26.998447" lon="-48.645622"><ele>9.4</ele></trkpt><trkpt lat="-26.998447" lon="-48.645622"><ele>9.4</ele></trkpt><trkpt lat="-26.998447" lon="-48.645622"><ele>9.4</ele></trkpt><trkpt lat="-26.998447" lon="-48.645622"><ele>9.4</ele></trkpt><trkpt lat="-26.998447" lon="-48.645622"><ele>9.4</ele></trkpt><trkpt lat="-26.998447" lon="-48.645622"><ele>9.4</ele></trkpt><trkpt lat="-26.998447" lon="-48.645622"><ele>9.4</ele></trkpt><trkpt lat="-26.998447" lon="-48.645622"><ele>9.4</ele></trkpt><trkpt lat="-26.998447" lon="-48.645622"><ele>9.4</ele></trkpt><trkpt lat="-26.998447" lon="-48.645622"><ele>9.4</ele></trkpt><trkpt lat="-26.998447" lon="-48.645622"><ele>9.4</ele></trkpt><trkpt lat="-26.998447" lon="-48.645622"><ele>9.4</ele></trkpt><trkpt lat="-26.998447" lon="-48.645622"><ele>9.4</ele></trkpt><trkpt lat="-26.998447" lon="-48.645622"><ele>9.4</ele></trkpt><trkpt lat="-26.998435" lon="-48.645653"><ele>8.1</ele></trkpt><trkpt lat="-26.998438" lon="-48.645653"><ele>8.4</ele></trkpt><trkpt lat="-26.998442" lon="-48.645655"><ele>8.9</ele></trkpt><trkpt lat="-26.998442" lon="-48.645653"><ele>9.4</ele></trkpt><trkpt lat="-26.99844" lon="-48.645653"><ele>9.4</ele></trkpt><trkpt lat="-26.998435" lon="-48.645653"><ele>9.4</ele></trkpt><trkpt lat="-26.998435" lon="-48.645653"><ele>9.4</ele></trkpt><trkpt lat="-26.998417" lon="-48.645647"><ele>9.7</ele></trkpt><trkpt lat="-26.998412" lon="-48.645643"><ele>9.8</ele></trkpt><trkpt lat="-26.998407" lon="-48.645642"><ele>9.7</ele></trkpt><trkpt lat="-26.998405" lon="-48.645642"><ele>9.7</ele></trkpt><trkpt lat="-26.998405" lon="-48.645642"><ele>9.7</ele></trkpt><trkpt lat="-26.998405" lon="-48.645642"><ele>9.7</ele></trkpt><trkpt lat="-26.998405" lon="-48.645642"><ele>9.7</ele></trkpt><trkpt lat="-26.998405" lon="-48.645642"><ele>9.7</ele></trkpt><trkpt lat="-26.998402" lon="-48.645642"><ele>9.7</ele></trkpt><trkpt lat="-26.998402" lon="-48.645642"><ele>9.7</ele></trkpt><trkpt lat="-26.998402" lon="-48.645642"><ele>9.7</ele></trkpt><trkpt lat="-26.998402" lon="-48.645642"><ele>9.7</ele></trkpt><trkpt lat="-26.998402" lon="-48.645642"><ele>9.6</ele></trkpt><trkpt lat="-26.998402" lon="-48.645642"><ele>9.6</ele></trkpt><trkpt lat="-26.998402" lon="-48.645642"><ele>9.6</ele></trkpt><trkpt lat="-26.998402" lon="-48.645642"><ele>9.6</ele></trkpt><trkpt lat="-26.998402" lon="-48.645642"><ele>9.6</ele></trkpt><trkpt lat="-26.998402" lon="-48.645642"><ele>9.6</ele></trkpt><trkpt lat="-26.998402" lon="-48.645642"><ele>9.6</ele></trkpt><trkpt lat="-26.998402" lon="-48.645642"><ele>9.6</ele></trkpt><trkpt lat="-26.998402" lon="-48.645642"><ele>9.6</ele></trkpt><trkpt lat="-26.998402" lon="-48.645642"><ele>9.6</ele></trkpt><trkpt lat="-26.998402" lon="-48.645642"><ele>9.6</ele></trkpt><trkpt lat="-26.998402" lon="-48.645642"><ele>9.6</ele></trkpt><trkpt lat="-26.998402" lon="-48.645642"><ele>9.6</ele></trkpt><trkpt lat="-26.998402" lon="-48.645642"><ele>9.6</ele></trkpt><trkpt lat="-26.998402" lon="-48.645642"><ele>9.6</ele></trkpt><trkpt lat="-26.998402" lon="-48.645642"><ele>9.6</ele></trkpt><trkpt lat="-26.998402" lon="-48.645642"><ele>9.6</ele></trkpt><trkpt lat="-26.998402" lon="-48.645642"><ele>9.6</ele></trkpt><trkpt lat="-26.998402" lon="-48.645642"><ele>9.6</ele></trkpt><trkpt lat="-26.998402" lon="-48.645642"><ele>9.6</ele></trkpt><trkpt lat="-26.998402" lon="-48.645642"><ele>9.6</ele></trkpt><trkpt lat="-26.998402" lon="-48.645642"><ele>9.6</ele></trkpt><trkpt lat="-26.998402" lon="-48.645642"><ele>9.6</ele></trkpt><trkpt lat="-26.998402" lon="-48.645642"><ele>9.6</ele></trkpt><trkpt lat="-26.998402" lon="-48.645642"><ele>9.6</ele></trkpt><trkpt lat="-26.998428" lon="-48.645612"><ele>8.1</ele></trkpt><trkpt lat="-26.99843" lon="-48.64561"><ele>7.9</ele></trkpt><trkpt lat="-26.998428" lon="-48.645608"><ele>8</ele></trkpt><trkpt lat="-26.998428" lon="-48.645607"><ele>8.1</ele></trkpt><trkpt lat="-26.998428" lon="-48.645607"><ele>8.1</ele></trkpt><trkpt lat="-26.998428" lon="-48.645607"><ele>8.1</ele></trkpt><trkpt lat="-26.998428" lon="-48.645607"><ele>8.1</ele></trkpt><trkpt lat="-26.998428" lon="-48.645607"><ele>8.1</ele></trkpt><trkpt lat="-26.998428" lon="-48.645607"><ele>8.1</ele></trkpt><trkpt lat="-26.998428" lon="-48.645607"><ele>8.1</ele></trkpt><trkpt lat="-26.998428" lon="-48.645607"><ele>8.1</ele></trkpt><trkpt lat="-26.998428" lon="-48.645607"><ele>8.1</ele></trkpt><trkpt lat="-26.998428" lon="-48.645607"><ele>8.1</ele></trkpt><trkpt lat="-26.998428" lon="-48.645607"><ele>8.1</ele></trkpt><trkpt lat="-26.998428" lon="-48.645607"><ele>8.1</ele></trkpt><trkpt lat="-26.998428" lon="-48.645607"><ele>8.1</ele></trkpt><trkpt lat="-26.998428" lon="-48.645607"><ele>8.1</ele></trkpt><trkpt lat="-26.998428" lon="-48.645607"><ele>8.1</ele></trkpt><trkpt lat="-26.998428" lon="-48.645607"><ele>8.1</ele></trkpt><trkpt lat="-26.998428" lon="-48.645607"><ele>8.1</ele></trkpt><trkpt lat="-26.998428" lon="-48.645607"><ele>8.1</ele></trkpt><trkpt lat="-26.998428" lon="-48.645607"><ele>8.1</ele></trkpt><trkpt lat="-26.998428" lon="-48.645607"><ele>8.1</ele></trkpt><trkpt lat="-26.998428" lon="-48.645607"><ele>8.1</ele></trkpt><trkpt lat="-26.998428" lon="-48.645607"><ele>8.1</ele></trkpt><trkpt lat="-26.998428" lon="-48.645607"><ele>8.1</ele></trkpt><trkpt lat="-26.998428" lon="-48.645607"><ele>8.1</ele></trkpt><trkpt lat="-26.998428" lon="-48.645607"><ele>8.1</ele></trkpt><trkpt lat="-26.998428" lon="-48.645607"><ele>8.1</ele></trkpt><trkpt lat="-26.998428" lon="-48.645607"><ele>8.1</ele></trkpt><trkpt lat="-26.998428" lon="-48.645607"><ele>8.1</ele></trkpt><trkpt lat="-26.998428" lon="-48.645607"><ele>8.1</ele></trkpt><trkpt lat="-26.998403" lon="-48.645587"><ele>8.7</ele></trkpt><trkpt lat="-26.998392" lon="-48.645575"><ele>8.6</ele></trkpt><trkpt lat="-26.998375" lon="-48.64556"><ele>8.6</ele></trkpt><trkpt lat="-26.998352" lon="-48.64554"><ele>8.6</ele></trkpt><trkpt lat="-26.998327" lon="-48.64552"><ele>8.5</ele></trkpt><trkpt lat="-26.998297" lon="-48.645498"><ele>8.3</ele></trkpt><trkpt lat="-26.998268" lon="-48.645478"><ele>8.1</ele></trkpt><trkpt lat="-26.998242" lon="-48.64546"><ele>8</ele></trkpt><trkpt lat="-26.998215" lon="-48.645443"><ele>7.7</ele></trkpt><trkpt lat="-26.998192" lon="-48.64543"><ele>7.1</ele></trkpt><trkpt lat="-26.998167" lon="-48.645417"><ele>7</ele></trkpt><trkpt lat="-26.99814" lon="-48.645408"><ele>7.1</ele></trkpt><trkpt lat="-26.998113" lon="-48.645402"><ele>7.1</ele></trkpt><trkpt lat="-26.998088" lon="-48.645397"><ele>6.5</ele></trkpt><trkpt lat="-26.998065" lon="-48.64539"><ele>6.1</ele></trkpt><trkpt lat="-26.998055" lon="-48.645387"><ele>6</ele></trkpt><trkpt lat="-26.998053" lon="-48.645388"><ele>5.5</ele></trkpt><trkpt lat="-26.99805" lon="-48.645388"><ele>5.2</ele></trkpt><trkpt lat="-26.99805" lon="-48.645388"><ele>5</ele></trkpt><trkpt lat="-26.99805" lon="-48.645383"><ele>4.3</ele></trkpt><trkpt lat="-26.998053" lon="-48.645383"><ele>4.4</ele></trkpt><trkpt lat="-26.998052" lon="-48.645385"><ele>4.5</ele></trkpt><trkpt lat="-26.998048" lon="-48.645387"><ele>4.5</ele></trkpt><trkpt lat="-26.998047" lon="-48.645385"><ele>4.5</ele></trkpt><trkpt lat="-26.998047" lon="-48.645383"><ele>4.4</ele></trkpt><trkpt lat="-26.998047" lon="-48.645385"><ele>4.3</ele></trkpt><trkpt lat="-26.998047" lon="-48.645385"><ele>4.3</ele></trkpt><trkpt lat="-26.998047" lon="-48.645385"><ele>4.3</ele></trkpt><trkpt lat="-26.998047" lon="-48.645385"><ele>4.3</ele></trkpt><trkpt lat="-26.998047" lon="-48.645385"><ele>4.3</ele></trkpt><trkpt lat="-26.998047" lon="-48.645385"><ele>4.3</ele></trkpt><trkpt lat="-26.998047" lon="-48.645385"><ele>4.3</ele></trkpt><trkpt lat="-26.998047" lon="-48.645385"><ele>4.3</ele></trkpt><trkpt lat="-26.998047" lon="-48.645385"><ele>4.3</ele></trkpt><trkpt lat="-26.998047" lon="-48.645385"><ele>4.3</ele></trkpt><trkpt lat="-26.998047" lon="-48.645385"><ele>4.3</ele></trkpt><trkpt lat="-26.998047" lon="-48.645385"><ele>4.3</ele></trkpt><trkpt lat="-26.998047" lon="-48.645385"><ele>4.3</ele></trkpt><trkpt lat="-26.998047" lon="-48.645385"><ele>4.3</ele></trkpt><trkpt lat="-26.998047" lon="-48.645385"><ele>4.3</ele></trkpt><trkpt lat="-26.998047" lon="-48.645385"><ele>4.3</ele></trkpt><trkpt lat="-26.998047" lon="-48.645385"><ele>4.3</ele></trkpt><trkpt lat="-26.998047" lon="-48.645385"><ele>4.3</ele></trkpt><trkpt lat="-26.998047" lon="-48.645385"><ele>4.3</ele></trkpt><trkpt lat="-26.998047" lon="-48.645385"><ele>4.3</ele></trkpt><trkpt lat="-26.998047" lon="-48.645385"><ele>4.3</ele></trkpt><trkpt lat="-26.998047" lon="-48.645385"><ele>4.3</ele></trkpt><trkpt lat="-26.998047" lon="-48.645385"><ele>4.3</ele></trkpt><trkpt lat="-26.998047" lon="-48.645385"><ele>4.3</ele></trkpt><trkpt lat="-26.998047" lon="-48.645385"><ele>4.3</ele></trkpt><trkpt lat="-26.998047" lon="-48.645385"><ele>4.3</ele></trkpt><trkpt lat="-26.998047" lon="-48.645385"><ele>4.3</ele></trkpt><trkpt lat="-26.998047" lon="-48.645385"><ele>4.3</ele></trkpt><trkpt lat="-26.998047" lon="-48.645385"><ele>4.3</ele></trkpt><trkpt lat="-26.998047" lon="-48.645385"><ele>4.3</ele></trkpt><trkpt lat="-26.998047" lon="-48.645385"><ele>4.3</ele></trkpt><trkpt lat="-26.998047" lon="-48.645385"><ele>4.3</ele></trkpt><trkpt lat="-26.998047" lon="-48.645385"><ele>4.3</ele></trkpt><trkpt lat="-26.998047" lon="-48.645385"><ele>4.3</ele></trkpt><trkpt lat="-26.998047" lon="-48.645385"><ele>4.3</ele></trkpt><trkpt lat="-26.998047" lon="-48.645385"><ele>4.3</ele></trkpt><trkpt lat="-26.998047" lon="-48.645385"><ele>4.3</ele></trkpt><trkpt lat="-26.998047" lon="-48.645385"><ele>4.3</ele></trkpt><trkpt lat="-26.998047" lon="-48.645385"><ele>4.3</ele></trkpt><trkpt lat="-26.998047" lon="-48.645385"><ele>4.3</ele></trkpt><trkpt lat="-26.998047" lon="-48.645385"><ele>4.3</ele></trkpt><trkpt lat="-26.998047" lon="-48.645385"><ele>4.3</ele></trkpt><trkpt lat="-26.998047" lon="-48.645385"><ele>4.3</ele></trkpt><trkpt lat="-26.998047" lon="-48.645385"><ele>4.3</ele></trkpt><trkpt lat="-26.997978" lon="-48.645392"><ele>14.4</ele></trkpt><trkpt lat="-26.997973" lon="-48.645378"><ele>14.1</ele></trkpt><trkpt lat="-26.997955" lon="-48.64537"><ele>13.9</ele></trkpt><trkpt lat="-26.997938" lon="-48.645365"><ele>14.5</ele></trkpt><trkpt lat="-26.997928" lon="-48.645353"><ele>15.1</ele></trkpt><trkpt lat="-26.997935" lon="-48.645343"><ele>15</ele></trkpt><trkpt lat="-26.997937" lon="-48.645338"><ele>15.7</ele></trkpt><trkpt lat="-26.997935" lon="-48.645335"><ele>15.9</ele></trkpt><trkpt lat="-26.997938" lon="-48.645322"><ele>16.1</ele></trkpt><trkpt lat="-26.997942" lon="-48.645308"><ele>16.3</ele></trkpt><trkpt lat="-26.997948" lon="-48.645293"><ele>16.8</ele></trkpt><trkpt lat="-26.997953" lon="-48.645277"><ele>17.7</ele></trkpt><trkpt lat="-26.997962" lon="-48.645258"><ele>18.8</ele></trkpt><trkpt lat="-26.997962" lon="-48.645245"><ele>19.2</ele></trkpt><trkpt lat="-26.997962" lon="-48.64524"><ele>19.9</ele></trkpt><trkpt lat="-26.997963" lon="-48.645238"><ele>20.4</ele></trkpt><trkpt lat="-26.997965" lon="-48.645237"><ele>20.6</ele></trkpt><trkpt lat="-26.997965" lon="-48.645233"><ele>21</ele></trkpt><trkpt lat="-26.997963" lon="-48.645232"><ele>20.5</ele></trkpt><trkpt lat="-26.99796" lon="-48.645225"><ele>20</ele></trkpt><trkpt lat="-26.997957" lon="-48.645218"><ele>19.6</ele></trkpt><trkpt lat="-26.997958" lon="-48.645217"><ele>19.3</ele></trkpt><trkpt lat="-26.997965" lon="-48.64522"><ele>19</ele></trkpt><trkpt lat="-26.997985" lon="-48.645228"><ele>18.3</ele></trkpt><trkpt lat="-26.998008" lon="-48.645233"><ele>17.9</ele></trkpt><trkpt lat="-26.998022" lon="-48.645235"><ele>17.9</ele></trkpt><trkpt lat="-26.99803" lon="-48.645237"><ele>17.9</ele></trkpt><trkpt lat="-26.998025" lon="-48.645238"><ele>17.7</ele></trkpt><trkpt lat="-26.998022" lon="-48.645242"><ele>17.8</ele></trkpt><trkpt lat="-26.99802" lon="-48.645242"><ele>18</ele></trkpt><trkpt lat="-26.998018" lon="-48.645243"><ele>18.3</ele></trkpt><trkpt lat="-26.998018" lon="-48.645243"><ele>18.4</ele></trkpt><trkpt lat="-26.99802" lon="-48.645243"><ele>18.7</ele></trkpt><trkpt lat="-26.998022" lon="-48.645245"><ele>19</ele></trkpt><trkpt lat="-26.998022" lon="-48.645247"><ele>19.3</ele></trkpt><trkpt lat="-26.998022" lon="-48.64525"><ele>19.6</ele></trkpt><trkpt lat="-26.998022" lon="-48.645248"><ele>19.7</ele></trkpt><trkpt lat="-26.998015" lon="-48.645243"><ele>19.4</ele></trkpt><trkpt lat="-26.998013" lon="-48.645238"><ele>19.1</ele></trkpt><trkpt lat="-26.998015" lon="-48.645237"><ele>18.9</ele></trkpt><trkpt lat="-26.998015" lon="-48.645237"><ele>18.9</ele></trkpt><trkpt lat="-26.998015" lon="-48.645237"><ele>18.9</ele></trkpt><trkpt lat="-26.998015" lon="-48.645235"><ele>18.7</ele></trkpt><trkpt lat="-26.998012" lon="-48.645232"><ele>18.4</ele></trkpt><trkpt lat="-26.998008" lon="-48.645228"><ele>18.1</ele></trkpt><trkpt lat="-26.998005" lon="-48.645225"><ele>17.5</ele></trkpt><trkpt lat="-26.998" lon="-48.64522"><ele>16.9</ele></trkpt><trkpt lat="-26.998" lon="-48.645218"><ele>16.7</ele></trkpt><trkpt lat="-26.998" lon="-48.645218"><ele>16.7</ele></trkpt><trkpt lat="-26.998" lon="-48.645218"><ele>16.7</ele></trkpt><trkpt lat="-26.998" lon="-48.645218"><ele>16.7</ele></trkpt><trkpt lat="-26.998" lon="-48.645218"><ele>16.7</ele></trkpt><trkpt lat="-26.998" lon="-48.645218"><ele>16.7</ele></trkpt><trkpt lat="-26.998" lon="-48.645218"><ele>16.7</ele></trkpt><trkpt lat="-26.998" lon="-48.645218"><ele>16.7</ele></trkpt><trkpt lat="-26.997988" lon="-48.645192"><ele>15.7</ele></trkpt><trkpt lat="-26.997995" lon="-48.645192"><ele>15.4</ele></trkpt><trkpt lat="-26.998002" lon="-48.64519"><ele>15.5</ele></trkpt><trkpt lat="-26.998003" lon="-48.645192"><ele>15.3</ele></trkpt><trkpt lat="-26.998003" lon="-48.645192"><ele>15.3</ele></trkpt><trkpt lat="-26.998003" lon="-48.645192"><ele>15.3</ele></trkpt><trkpt lat="-26.998003" lon="-48.645192"><ele>15.3</ele></trkpt><trkpt lat="-26.998003" lon="-48.645192"><ele>15.3</ele></trkpt><trkpt lat="-26.99799" lon="-48.645203"><ele>14.6</ele></trkpt><trkpt lat="-26.997978" lon="-48.645213"><ele>14.2</ele></trkpt><trkpt lat="-26.997963" lon="-48.645228"><ele>13.8</ele></trkpt><trkpt lat="-26.997942" lon="-48.645228"><ele>12.6</ele></trkpt><trkpt lat="-26.99791" lon="-48.645222"><ele>12.4</ele></trkpt><trkpt lat="-26.99789" lon="-48.645212"><ele>12.5</ele></trkpt><trkpt lat="-26.99787" lon="-48.645197"><ele>12.9</ele></trkpt><trkpt lat="-26.997847" lon="-48.645167"><ele>12.8</ele></trkpt><trkpt lat="-26.997823" lon="-48.64514"><ele>12.3</ele></trkpt><trkpt lat="-26.997807" lon="-48.645135"><ele>12.1</ele></trkpt><trkpt lat="-26.997793" lon="-48.645137"><ele>11.8</ele></trkpt><trkpt lat="-26.997787" lon="-48.645132"><ele>11.1</ele></trkpt><trkpt lat="-26.99778" lon="-48.645127"><ele>10.9</ele></trkpt><trkpt lat="-26.997778" lon="-48.645118"><ele>10.6</ele></trkpt><trkpt lat="-26.997782" lon="-48.645112"><ele>10.8</ele></trkpt><trkpt lat="-26.99778" lon="-48.645117"><ele>10.7</ele></trkpt><trkpt lat="-26.997778" lon="-48.645118"><ele>10.5</ele></trkpt><trkpt lat="-26.997782" lon="-48.64512"><ele>9.9</ele></trkpt><trkpt lat="-26.997782" lon="-48.64512"><ele>9.9</ele></trkpt><trkpt lat="-26.997782" lon="-48.64512"><ele>9.6</ele></trkpt><trkpt lat="-26.997783" lon="-48.645118"><ele>9.5</ele></trkpt><trkpt lat="-26.997783" lon="-48.645118"><ele>9.4</ele></trkpt><trkpt lat="-26.997787" lon="-48.645117"><ele>9.5</ele></trkpt><trkpt lat="-26.997787" lon="-48.645117"><ele>9.5</ele></trkpt><trkpt lat="-26.997787" lon="-48.645117"><ele>9.5</ele></trkpt><trkpt lat="-26.997787" lon="-48.645117"><ele>9.5</ele></trkpt><trkpt lat="-26.997787" lon="-48.645117"><ele>9.5</ele></trkpt><trkpt lat="-26.997787" lon="-48.645117"><ele>9.5</ele></trkpt><trkpt lat="-26.997787" lon="-48.645117"><ele>9.5</ele></trkpt><trkpt lat="-26.997777" lon="-48.645123"><ele>8.5</ele></trkpt><trkpt lat="-26.99776" lon="-48.645133"><ele>8.6</ele></trkpt><trkpt lat="-26.997738" lon="-48.645142"><ele>8.7</ele></trkpt><trkpt lat="-26.99771" lon="-48.645142"><ele>8.7</ele></trkpt><trkpt lat="-26.99768" lon="-48.64514"><ele>8.5</ele></trkpt><trkpt lat="-26.997645" lon="-48.645132"><ele>8.2</ele></trkpt><trkpt lat="-26.9976" lon="-48.645127"><ele>7.9</ele></trkpt><trkpt lat="-26.997552" lon="-48.645123"><ele>7.7</ele></trkpt><trkpt lat="-26.997505" lon="-48.645127"><ele>7.7</ele></trkpt><trkpt lat="-26.997465" lon="-48.645128"><ele>7.6</ele></trkpt><trkpt lat="-26.99743" lon="-48.645132"><ele>7.1</ele></trkpt><trkpt lat="-26.997398" lon="-48.645135"><ele>6.9</ele></trkpt><trkpt lat="-26.997375" lon="-48.645133"><ele>6.4</ele></trkpt><trkpt lat="-26.997353" lon="-48.64514"><ele>6.1</ele></trkpt><trkpt lat="-26.997343" lon="-48.645148"><ele>5.4</ele></trkpt><trkpt lat="-26.997337" lon="-48.645155"><ele>5.1</ele></trkpt><trkpt lat="-26.997337" lon="-48.645157"><ele>5.3</ele></trkpt><trkpt lat="-26.997337" lon="-48.645158"><ele>5.6</ele></trkpt><trkpt lat="-26.997337" lon="-48.645162"><ele>5.6</ele></trkpt><trkpt lat="-26.997337" lon="-48.645162"><ele>5.6</ele></trkpt><trkpt lat="-26.997337" lon="-48.645163"><ele>5.9</ele></trkpt><trkpt lat="-26.997338" lon="-48.645167"><ele>6</ele></trkpt><trkpt lat="-26.997337" lon="-48.645165"><ele>6</ele></trkpt><trkpt lat="-26.997337" lon="-48.645167"><ele>6.1</ele></trkpt><trkpt lat="-26.997333" lon="-48.645167"><ele>6.2</ele></trkpt><trkpt lat="-26.99733" lon="-48.645158"><ele>5.9</ele></trkpt><trkpt lat="-26.99733" lon="-48.645158"><ele>5.9</ele></trkpt><trkpt lat="-26.99733" lon="-48.645158"><ele>5.9</ele></trkpt><trkpt lat="-26.99733" lon="-48.645158"><ele>5.9</ele></trkpt><trkpt lat="-26.99733" lon="-48.645158"><ele>5.9</ele></trkpt><trkpt lat="-26.99733" lon="-48.645158"><ele>5.9</ele></trkpt><trkpt lat="-26.99733" lon="-48.645158"><ele>5.9</ele></trkpt><trkpt lat="-26.99733" lon="-48.645158"><ele>5.9</ele></trkpt><trkpt lat="-26.99733" lon="-48.645158"><ele>5.9</ele></trkpt><trkpt lat="-26.99733" lon="-48.645158"><ele>5.9</ele></trkpt><trkpt lat="-26.997312" lon="-48.645165"><ele>6.4</ele></trkpt><trkpt lat="-26.997302" lon="-48.645158"><ele>6.5</ele></trkpt><trkpt lat="-26.99729" lon="-48.645142"><ele>6.7</ele></trkpt><trkpt lat="-26.997275" lon="-48.645122"><ele>6.3</ele></trkpt><trkpt lat="-26.997252" lon="-48.645112"><ele>5.9</ele></trkpt><trkpt lat="-26.997228" lon="-48.645118"><ele>5.6</ele></trkpt><trkpt lat="-26.997207" lon="-48.645132"><ele>5.1</ele></trkpt><trkpt lat="-26.997187" lon="-48.645142"><ele>5.2</ele></trkpt><trkpt lat="-26.997175" lon="-48.645155"><ele>6.1</ele></trkpt><trkpt lat="-26.997168" lon="-48.645158"><ele>6.5</ele></trkpt><trkpt lat="-26.997165" lon="-48.645162"><ele>7</ele></trkpt><trkpt lat="-26.99716" lon="-48.64517"><ele>7.3</ele></trkpt><trkpt lat="-26.997158" lon="-48.645175"><ele>7.3</ele></trkpt><trkpt lat="-26.997158" lon="-48.645182"><ele>6.8</ele></trkpt><trkpt lat="-26.997158" lon="-48.645182"><ele>6.8</ele></trkpt><trkpt lat="-26.997158" lon="-48.645188"><ele>6.7</ele></trkpt><trkpt lat="-26.997158" lon="-48.645192"><ele>6.5</ele></trkpt><trkpt lat="-26.997157" lon="-48.645192"><ele>6.4</ele></trkpt><trkpt lat="-26.997162" lon="-48.64519"><ele>6.8</ele></trkpt><trkpt lat="-26.997165" lon="-48.645188"><ele>7.3</ele></trkpt><trkpt lat="-26.997165" lon="-48.645187"><ele>7.3</ele></trkpt><trkpt lat="-26.997165" lon="-48.645187"><ele>7.3</ele></trkpt><trkpt lat="-26.997162" lon="-48.645185"><ele>7.4</ele></trkpt><trkpt lat="-26.997165" lon="-48.645183"><ele>7.4</ele></trkpt><trkpt lat="-26.997168" lon="-48.645182"><ele>7.4</ele></trkpt><trkpt lat="-26.997168" lon="-48.645183"><ele>7.6</ele></trkpt><trkpt lat="-26.997165" lon="-48.64519"><ele>8.1</ele></trkpt><trkpt lat="-26.997155" lon="-48.645195"><ele>8.5</ele></trkpt><trkpt lat="-26.99714" lon="-48.645188"><ele>8.4</ele></trkpt><trkpt lat="-26.997123" lon="-48.645185"><ele>8.2</ele></trkpt><trkpt lat="-26.997105" lon="-48.645185"><ele>8.4</ele></trkpt><trkpt lat="-26.997087" lon="-48.645182"><ele>9.6</ele></trkpt><trkpt lat="-26.997072" lon="-48.645178"><ele>9.8</ele></trkpt><trkpt lat="-26.997065" lon="-48.64518"><ele>9.8</ele></trkpt><trkpt lat="-26.997058" lon="-48.645182"><ele>9.7</ele></trkpt><trkpt lat="-26.997052" lon="-48.645183"><ele>9.6</ele></trkpt><trkpt lat="-26.997052" lon="-48.645183"><ele>9.6</ele></trkpt><trkpt lat="-26.997047" lon="-48.64519"><ele>9.4</ele></trkpt><trkpt lat="-26.997045" lon="-48.645193"><ele>9.1</ele></trkpt><trkpt lat="-26.997045" lon="-48.645195"><ele>8.9</ele></trkpt><trkpt lat="-26.997045" lon="-48.645195"><ele>8.8</ele></trkpt><trkpt lat="-26.997045" lon="-48.645197"><ele>8.6</ele></trkpt><trkpt lat="-26.997043" lon="-48.645197"><ele>8.4</ele></trkpt><trkpt lat="-26.997047" lon="-48.645203"><ele>8.8</ele></trkpt><trkpt lat="-26.997047" lon="-48.645203"><ele>8.8</ele></trkpt><trkpt lat="-26.997048" lon="-48.645207"><ele>8.9</ele></trkpt><trkpt lat="-26.997047" lon="-48.645203"><ele>8.8</ele></trkpt><trkpt lat="-26.997047" lon="-48.645197"><ele>8.7</ele></trkpt><trkpt lat="-26.997047" lon="-48.645197"><ele>8.7</ele></trkpt><trkpt lat="-26.997047" lon="-48.645197"><ele>8.7</ele></trkpt><trkpt lat="-26.997047" lon="-48.645197"><ele>8.7</ele></trkpt><trkpt lat="-26.997047" lon="-48.645197"><ele>8.7</ele></trkpt><trkpt lat="-26.997047" lon="-48.645197"><ele>8.7</ele></trkpt><trkpt lat="-26.997047" lon="-48.645197"><ele>8.7</ele></trkpt><trkpt lat="-26.997047" lon="-48.645197"><ele>8.7</ele></trkpt><trkpt lat="-26.997047" lon="-48.645197"><ele>8.7</ele></trkpt><trkpt lat="-26.997047" lon="-48.645197"><ele>8.7</ele></trkpt><trkpt lat="-26.997047" lon="-48.645197"><ele>8.7</ele></trkpt><trkpt lat="-26.997047" lon="-48.645197"><ele>8.7</ele></trkpt><trkpt lat="-26.997047" lon="-48.645197"><ele>8.7</ele></trkpt><trkpt lat="-26.997047" lon="-48.645197"><ele>8.7</ele></trkpt><trkpt lat="-26.997047" lon="-48.645197"><ele>8.7</ele></trkpt><trkpt lat="-26.997047" lon="-48.645197"><ele>8.7</ele></trkpt><trkpt lat="-26.997047" lon="-48.645197"><ele>8.7</ele></trkpt><trkpt lat="-26.997047" lon="-48.645197"><ele>8.7</ele></trkpt><trkpt lat="-26.997047" lon="-48.645197"><ele>8.7</ele></trkpt><trkpt lat="-26.997047" lon="-48.645197"><ele>8.7</ele></trkpt><trkpt lat="-26.997047" lon="-48.645197"><ele>8.7</ele></trkpt><trkpt lat="-26.997047" lon="-48.645197"><ele>8.7</ele></trkpt><trkpt lat="-26.997047" lon="-48.645197"><ele>8.7</ele></trkpt><trkpt lat="-26.997047" lon="-48.645197"><ele>8.7</ele></trkpt><trkpt lat="-26.997047" lon="-48.645197"><ele>8.7</ele></trkpt><trkpt lat="-26.997047" lon="-48.645197"><ele>8.7</ele></trkpt><trkpt lat="-26.997047" lon="-48.645197"><ele>8.7</ele></trkpt><trkpt lat="-26.997047" lon="-48.645197"><ele>8.7</ele></trkpt><trkpt lat="-26.997047" lon="-48.645197"><ele>8.7</ele></trkpt><trkpt lat="-26.997047" lon="-48.645197"><ele>8.7</ele></trkpt><trkpt lat="-26.997047" lon="-48.645197"><ele>8.7</ele></trkpt><trkpt lat="-26.997047" lon="-48.645197"><ele>8.7</ele></trkpt><trkpt lat="-26.997047" lon="-48.645197"><ele>8.7</ele></trkpt><trkpt lat="-26.997047" lon="-48.645197"><ele>8.7</ele></trkpt><trkpt lat="-26.997047" lon="-48.645197"><ele>8.7</ele></trkpt><trkpt lat="-26.997047" lon="-48.645197"><ele>8.7</ele></trkpt><trkpt lat="-26.997047" lon="-48.645197"><ele>8.7</ele></trkpt><trkpt lat="-26.997047" lon="-48.645197"><ele>8.7</ele></trkpt><trkpt lat="-26.997047" lon="-48.645197"><ele>8.7</ele></trkpt><trkpt lat="-26.997047" lon="-48.645197"><ele>8.7</ele></trkpt><trkpt lat="-26.997047" lon="-48.645197"><ele>8.7</ele></trkpt><trkpt lat="-26.997035" lon="-48.645177"><ele>7.3</ele></trkpt><trkpt lat="-26.997023" lon="-48.645173"><ele>7.3</ele></trkpt><trkpt lat="-26.997002" lon="-48.645172"><ele>7.3</ele></trkpt><trkpt lat="-26.996968" lon="-48.645163"><ele>7.2</ele></trkpt><trkpt lat="-26.996933" lon="-48.645152"><ele>7.3</ele></trkpt><trkpt lat="-26.996903" lon="-48.645137"><ele>7.2</ele></trkpt><trkpt lat="-26.996875" lon="-48.645122"><ele>7.3</ele></trkpt><trkpt lat="-26.996847" lon="-48.64511"><ele>7.5</ele></trkpt><trkpt lat="-26.996818" lon="-48.645092"><ele>6.4</ele></trkpt><trkpt lat="-26.996793" lon="-48.64508"><ele>6.2</ele></trkpt><trkpt lat="-26.996767" lon="-48.645068"><ele>5.9</ele></trkpt><trkpt lat="-26.99674" lon="-48.64506"><ele>5.8</ele></trkpt><trkpt lat="-26.99671" lon="-48.645055"><ele>5.2</ele></trkpt><trkpt lat="-26.996682" lon="-48.645045"><ele>5</ele></trkpt><trkpt lat="-26.996682" lon="-48.645045"><ele>5</ele></trkpt><trkpt lat="-26.99666" lon="-48.645032"><ele>4.4</ele></trkpt><trkpt lat="-26.996638" lon="-48.64502"><ele>4</ele></trkpt><trkpt lat="-26.996622" lon="-48.64501"><ele>3.3</ele></trkpt><trkpt lat="-26.996608" lon="-48.645003"><ele>3.1</ele></trkpt><trkpt lat="-26.996603" lon="-48.645003"><ele>3</ele></trkpt><trkpt lat="-26.996598" lon="-48.645"><ele>3.2</ele></trkpt><trkpt lat="-26.996595" lon="-48.644997"><ele>3.1</ele></trkpt><trkpt lat="-26.99659" lon="-48.644993"><ele>2.9</ele></trkpt><trkpt lat="-26.996585" lon="-48.644988"><ele>2.6</ele></trkpt><trkpt lat="-26.996585" lon="-48.644988"><ele>2.6</ele></trkpt><trkpt lat="-26.996577" lon="-48.644978"><ele>2.7</ele></trkpt><trkpt lat="-26.996562" lon="-48.64497"><ele>3.1</ele></trkpt><trkpt lat="-26.996543" lon="-48.64496"><ele>3.1</ele></trkpt><trkpt lat="-26.996517" lon="-48.64495"><ele>2.7</ele></trkpt><trkpt lat="-26.996495" lon="-48.644943"><ele>2.5</ele></trkpt><trkpt lat="-26.996475" lon="-48.644938"><ele>2.1</ele></trkpt><trkpt lat="-26.996452" lon="-48.64493"><ele>2.3</ele></trkpt><trkpt lat="-26.996433" lon="-48.644928"><ele>2.5</ele></trkpt><trkpt lat="-26.996423" lon="-48.644925"><ele>2.3</ele></trkpt><trkpt lat="-26.996423" lon="-48.644925"><ele>2.3</ele></trkpt><trkpt lat="-26.996417" lon="-48.644925"><ele>2.3</ele></trkpt><trkpt lat="-26.996408" lon="-48.644927"><ele>2</ele></trkpt><trkpt lat="-26.996407" lon="-48.64493"><ele>1.4</ele></trkpt><trkpt lat="-26.996407" lon="-48.644933"><ele>1</ele></trkpt><trkpt lat="-26.996408" lon="-48.644935"><ele>1</ele></trkpt><trkpt lat="-26.99641" lon="-48.644935"><ele>0.9</ele></trkpt><trkpt lat="-26.99641" lon="-48.644935"><ele>1.1</ele></trkpt><trkpt lat="-26.99641" lon="-48.644935"><ele>1.4</ele></trkpt><trkpt lat="-26.99641" lon="-48.644933"><ele>1.8</ele></trkpt><trkpt lat="-26.99641" lon="-48.644935"><ele>1.8</ele></trkpt><trkpt lat="-26.99641" lon="-48.644935"><ele>1.8</ele></trkpt><trkpt lat="-26.99641" lon="-48.644932"><ele>1.8</ele></trkpt><trkpt lat="-26.99641" lon="-48.644932"><ele>1.8</ele></trkpt><trkpt lat="-26.99641" lon="-48.644932"><ele>1.8</ele></trkpt><trkpt lat="-26.996382" lon="-48.644933"><ele>2.1</ele></trkpt><trkpt lat="-26.996365" lon="-48.644938"><ele>2.2</ele></trkpt><trkpt lat="-26.996348" lon="-48.644942"><ele>2.8</ele></trkpt><trkpt lat="-26.996323" lon="-48.644943"><ele>3.4</ele></trkpt><trkpt lat="-26.996297" lon="-48.644947"><ele>3.6</ele></trkpt><trkpt lat="-26.996268" lon="-48.64495"><ele>3.8</ele></trkpt><trkpt lat="-26.996238" lon="-48.644953"><ele>4.1</ele></trkpt><trkpt lat="-26.996208" lon="-48.64496"><ele>4.4</ele></trkpt><trkpt lat="-26.996178" lon="-48.644968"><ele>4.4</ele></trkpt><trkpt lat="-26.996152" lon="-48.64498"><ele>4.7</ele></trkpt><trkpt lat="-26.996123" lon="-48.644987"><ele>4.4</ele></trkpt><trkpt lat="-26.996095" lon="-48.644997"><ele>4.2</ele></trkpt><trkpt lat="-26.996058" lon="-48.645007"><ele>3.9</ele></trkpt><trkpt lat="-26.99602" lon="-48.645022"><ele>3.7</ele></trkpt><trkpt lat="-26.995982" lon="-48.645035"><ele>3.3</ele></trkpt><trkpt lat="-26.995943" lon="-48.64504"><ele>2.7</ele></trkpt><trkpt lat="-26.99591" lon="-48.645048"><ele>2.4</ele></trkpt><trkpt lat="-26.995882" lon="-48.645055"><ele>2.3</ele></trkpt><trkpt lat="-26.995853" lon="-48.645062"><ele>2.4</ele></trkpt><trkpt lat="-26.995825" lon="-48.645067"><ele>3</ele></trkpt><trkpt lat="-26.995797" lon="-48.645085"><ele>4.9</ele></trkpt><trkpt lat="-26.995765" lon="-48.645098"><ele>5.6</ele></trkpt><trkpt lat="-26.995738" lon="-48.64511"><ele>6</ele></trkpt><trkpt lat="-26.995708" lon="-48.645125"><ele>6.2</ele></trkpt><trkpt lat="-26.995682" lon="-48.64514"><ele>6.1</ele></trkpt><trkpt lat="-26.995653" lon="-48.645153"><ele>5.8</ele></trkpt><trkpt lat="-26.995622" lon="-48.64517"><ele>5.3</ele></trkpt><trkpt lat="-26.99559" lon="-48.64518"><ele>5.2</ele></trkpt><trkpt lat="-26.995557" lon="-48.645188"><ele>5</ele></trkpt><trkpt lat="-26.995523" lon="-48.645198"><ele>5.1</ele></trkpt><trkpt lat="-26.995492" lon="-48.64521"><ele>6</ele></trkpt><trkpt lat="-26.995462" lon="-48.645213"><ele>6.6</ele></trkpt><trkpt lat="-26.995432" lon="-48.645217"><ele>7.6</ele></trkpt><trkpt lat="-26.99541" lon="-48.645217"><ele>8.2</ele></trkpt><trkpt lat="-26.99538" lon="-48.64522"><ele>8</ele></trkpt><trkpt lat="-26.995357" lon="-48.645215"><ele>7.7</ele></trkpt><trkpt lat="-26.995343" lon="-48.645218"><ele>7.1</ele></trkpt><trkpt lat="-26.995332" lon="-48.645228"><ele>7.3</ele></trkpt><trkpt lat="-26.995322" lon="-48.645232"><ele>7.3</ele></trkpt><trkpt lat="-26.995322" lon="-48.645235"><ele>7.4</ele></trkpt><trkpt lat="-26.995318" lon="-48.645238"><ele>7.6</ele></trkpt><trkpt lat="-26.995315" lon="-48.645242"><ele>8.1</ele></trkpt><trkpt lat="-26.995315" lon="-48.645242"><ele>8.1</ele></trkpt><trkpt lat="-26.995313" lon="-48.645247"><ele>8.5</ele></trkpt><trkpt lat="-26.995315" lon="-48.645247"><ele>8.7</ele></trkpt><trkpt lat="-26.995312" lon="-48.645247"><ele>8.7</ele></trkpt><trkpt lat="-26.995307" lon="-48.645245"><ele>8.6</ele></trkpt><trkpt lat="-26.995303" lon="-48.645245"><ele>8.8</ele></trkpt><trkpt lat="-26.9953" lon="-48.645243"><ele>8.8</ele></trkpt><trkpt lat="-26.9953" lon="-48.645243"><ele>8.8</ele></trkpt><trkpt lat="-26.9953" lon="-48.645243"><ele>8.8</ele></trkpt><trkpt lat="-26.9953" lon="-48.645243"><ele>8.8</ele></trkpt><trkpt lat="-26.995302" lon="-48.645258"><ele>10.6</ele></trkpt><trkpt lat="-26.9953" lon="-48.64525"><ele>10.9</ele></trkpt><trkpt lat="-26.995288" lon="-48.645242"><ele>10.8</ele></trkpt><trkpt lat="-26.995277" lon="-48.645235"><ele>10.7</ele></trkpt><trkpt lat="-26.995265" lon="-48.645228"><ele>10</ele></trkpt><trkpt lat="-26.995255" lon="-48.645223"><ele>9.3</ele></trkpt><trkpt lat="-26.995245" lon="-48.645222"><ele>8.4</ele></trkpt><trkpt lat="-26.995238" lon="-48.645228"><ele>7.7</ele></trkpt><trkpt lat="-26.99523" lon="-48.645233"><ele>7.3</ele></trkpt><trkpt lat="-26.99522" lon="-48.645232"><ele>7</ele></trkpt><trkpt lat="-26.995205" lon="-48.64523"><ele>6.5</ele></trkpt><trkpt lat="-26.995192" lon="-48.645235"><ele>6.8</ele></trkpt><trkpt lat="-26.995177" lon="-48.645243"><ele>7</ele></trkpt><trkpt lat="-26.99516" lon="-48.645248"><ele>6.8</ele></trkpt><trkpt lat="-26.995147" lon="-48.64525"><ele>6.6</ele></trkpt><trkpt lat="-26.995137" lon="-48.645248"><ele>6.1</ele></trkpt><trkpt lat="-26.995132" lon="-48.64525"><ele>5.9</ele></trkpt><trkpt lat="-26.995132" lon="-48.645247"><ele>5.7</ele></trkpt><trkpt lat="-26.99513" lon="-48.645248"><ele>5.7</ele></trkpt><trkpt lat="-26.995128" lon="-48.645248"><ele>5.6</ele></trkpt><trkpt lat="-26.995125" lon="-48.645243"><ele>5.3</ele></trkpt><trkpt lat="-26.995123" lon="-48.64525"><ele>5.3</ele></trkpt><trkpt lat="-26.995127" lon="-48.645257"><ele>5.6</ele></trkpt><trkpt lat="-26.995123" lon="-48.645268"><ele>5.9</ele></trkpt><trkpt lat="-26.99512" lon="-48.64527"><ele>6</ele></trkpt><trkpt lat="-26.995122" lon="-48.645267"><ele>5.9</ele></trkpt><trkpt lat="-26.995122" lon="-48.645267"><ele>5.9</ele></trkpt><trkpt lat="-26.995122" lon="-48.645267"><ele>5.9</ele></trkpt><trkpt lat="-26.995122" lon="-48.645267"><ele>5.9</ele></trkpt><trkpt lat="-26.995122" lon="-48.645267"><ele>5.9</ele></trkpt><trkpt lat="-26.995108" lon="-48.645262"><ele>4.1</ele></trkpt><trkpt lat="-26.995095" lon="-48.645263"><ele>4</ele></trkpt><trkpt lat="-26.995075" lon="-48.645265"><ele>3.9</ele></trkpt><trkpt lat="-26.995057" lon="-48.645265"><ele>4.1</ele></trkpt><trkpt lat="-26.99504" lon="-48.645265"><ele>4.1</ele></trkpt><trkpt lat="-26.99504" lon="-48.645265"><ele>4.1</ele></trkpt><trkpt lat="-26.995028" lon="-48.645265"><ele>4.2</ele></trkpt><trkpt lat="-26.995017" lon="-48.645265"><ele>3.9</ele></trkpt><trkpt lat="-26.995007" lon="-48.645265"><ele>3.8</ele></trkpt><trkpt lat="-26.995005" lon="-48.645268"><ele>4.1</ele></trkpt><trkpt lat="-26.995005" lon="-48.645268"><ele>4.3</ele></trkpt><trkpt lat="-26.995005" lon="-48.645267"><ele>4.3</ele></trkpt><trkpt lat="-26.995008" lon="-48.645263"><ele>4.2</ele></trkpt><trkpt lat="-26.995007" lon="-48.645262"><ele>4.1</ele></trkpt><trkpt lat="-26.995008" lon="-48.645258"><ele>4</ele></trkpt><trkpt lat="-26.995008" lon="-48.645255"><ele>4</ele></trkpt><trkpt lat="-26.995007" lon="-48.645253"><ele>3.9</ele></trkpt><trkpt lat="-26.99501" lon="-48.645252"><ele>4</ele></trkpt><trkpt lat="-26.99501" lon="-48.645252"><ele>4</ele></trkpt><trkpt lat="-26.99501" lon="-48.645252"><ele>4</ele></trkpt><trkpt lat="-26.99501" lon="-48.645252"><ele>4</ele></trkpt><trkpt lat="-26.99501" lon="-48.645252"><ele>4</ele></trkpt><trkpt lat="-26.995007" lon="-48.645258"><ele>4</ele></trkpt><trkpt lat="-26.995" lon="-48.645258"><ele>4</ele></trkpt><trkpt lat="-26.99499" lon="-48.645258"><ele>3.9</ele></trkpt><trkpt lat="-26.994978" lon="-48.645257"><ele>3.9</ele></trkpt><trkpt lat="-26.99496" lon="-48.645255"><ele>4.5</ele></trkpt><trkpt lat="-26.994945" lon="-48.645255"><ele>4.8</ele></trkpt><trkpt lat="-26.994927" lon="-48.645257"><ele>4.9</ele></trkpt><trkpt lat="-26.9949" lon="-48.645258"><ele>5.6</ele></trkpt><trkpt lat="-26.994878" lon="-48.645258"><ele>6.1</ele></trkpt><trkpt lat="-26.994857" lon="-48.645257"><ele>6.6</ele></trkpt><trkpt lat="-26.994835" lon="-48.645253"><ele>7.4</ele></trkpt><trkpt lat="-26.994815" lon="-48.645252"><ele>7.3</ele></trkpt><trkpt lat="-26.994805" lon="-48.64525"><ele>7</ele></trkpt><trkpt lat="-26.994803" lon="-48.64525"><ele>7.2</ele></trkpt><trkpt lat="-26.9948" lon="-48.645248"><ele>7.5</ele></trkpt><trkpt lat="-26.994798" lon="-48.64525"><ele>8</ele></trkpt><trkpt lat="-26.994797" lon="-48.645253"><ele>8.4</ele></trkpt><trkpt lat="-26.994797" lon="-48.645252"><ele>8.3</ele></trkpt><trkpt lat="-26.994795" lon="-48.645253"><ele>8.3</ele></trkpt><trkpt lat="-26.994795" lon="-48.645255"><ele>8</ele></trkpt><trkpt lat="-26.994797" lon="-48.645255"><ele>7.7</ele></trkpt><trkpt lat="-26.9948" lon="-48.645255"><ele>7.4</ele></trkpt><trkpt lat="-26.9948" lon="-48.645255"><ele>7.4</ele></trkpt><trkpt lat="-26.994802" lon="-48.645257"><ele>7</ele></trkpt><trkpt lat="-26.994802" lon="-48.645257"><ele>7</ele></trkpt><trkpt lat="-26.994802" lon="-48.645257"><ele>7</ele></trkpt><trkpt lat="-26.994802" lon="-48.645257"><ele>7</ele></trkpt><trkpt lat="-26.994802" lon="-48.645257"><ele>7</ele></trkpt><trkpt lat="-26.994802" lon="-48.645257"><ele>7</ele></trkpt><trkpt lat="-26.994802" lon="-48.645257"><ele>7</ele></trkpt><trkpt lat="-26.994802" lon="-48.645257"><ele>7</ele></trkpt><trkpt lat="-26.994802" lon="-48.645257"><ele>7</ele></trkpt><trkpt lat="-26.994802" lon="-48.645257"><ele>7</ele></trkpt><trkpt lat="-26.994798" lon="-48.645253"><ele>4.7</ele></trkpt><trkpt lat="-26.994793" lon="-48.645257"><ele>4.6</ele></trkpt><trkpt lat="-26.994785" lon="-48.645253"><ele>4.6</ele></trkpt><trkpt lat="-26.994773" lon="-48.645248"><ele>4.2</ele></trkpt><trkpt lat="-26.994773" lon="-48.645248"><ele>4.2</ele></trkpt><trkpt lat="-26.99476" lon="-48.645248"><ele>3.3</ele></trkpt><trkpt lat="-26.99475" lon="-48.645252"><ele>3.2</ele></trkpt><trkpt lat="-26.994747" lon="-48.645255"><ele>2.8</ele></trkpt><trkpt lat="-26.994743" lon="-48.645258"><ele>2.4</ele></trkpt><trkpt lat="-26.994743" lon="-48.64526"><ele>1.9</ele></trkpt><trkpt lat="-26.994747" lon="-48.645257"><ele>2.3</ele></trkpt><trkpt lat="-26.994747" lon="-48.645252"><ele>2.5</ele></trkpt><trkpt lat="-26.994747" lon="-48.645252"><ele>2.5</ele></trkpt><trkpt lat="-26.994745" lon="-48.645247"><ele>2.2</ele></trkpt><trkpt lat="-26.994745" lon="-48.645242"><ele>2.1</ele></trkpt><trkpt lat="-26.99474" lon="-48.645243"><ele>2.5</ele></trkpt><trkpt lat="-26.994735" lon="-48.645245"><ele>2.9</ele></trkpt><trkpt lat="-26.99472" lon="-48.645242"><ele>3</ele></trkpt><trkpt lat="-26.994702" lon="-48.645235"><ele>2.8</ele></trkpt><trkpt lat="-26.994687" lon="-48.64522"><ele>2.3</ele></trkpt><trkpt lat="-26.994668" lon="-48.64521"><ele>2</ele></trkpt><trkpt lat="-26.994652" lon="-48.645207"><ele>1.5</ele></trkpt><trkpt lat="-26.994635" lon="-48.645208"><ele>1.4</ele></trkpt><trkpt lat="-26.994615" lon="-48.64521"><ele>1.2</ele></trkpt><trkpt lat="-26.994597" lon="-48.64522"><ele>0.9</ele></trkpt><trkpt lat="-26.99458" lon="-48.645227"><ele>1.5</ele></trkpt><trkpt lat="-26.994575" lon="-48.64523"><ele>2</ele></trkpt><trkpt lat="-26.994573" lon="-48.64523"><ele>2.8</ele></trkpt><trkpt lat="-26.994573" lon="-48.645232"><ele>2.8</ele></trkpt><trkpt lat="-26.994573" lon="-48.645233"><ele>2.8</ele></trkpt><trkpt lat="-26.994573" lon="-48.645233"><ele>2.8</ele></trkpt><trkpt lat="-26.994572" lon="-48.645235"><ele>2.8</ele></trkpt><trkpt lat="-26.994572" lon="-48.645237"><ele>3</ele></trkpt><trkpt lat="-26.994573" lon="-48.645238"><ele>3.2</ele></trkpt><trkpt lat="-26.994573" lon="-48.645237"><ele>3.2</ele></trkpt><trkpt lat="-26.994575" lon="-48.645233"><ele>3.3</ele></trkpt><trkpt lat="-26.994575" lon="-48.645233"><ele>3.2</ele></trkpt><trkpt lat="-26.994575" lon="-48.645233"><ele>3.2</ele></trkpt><trkpt lat="-26.994575" lon="-48.645233"><ele>3.2</ele></trkpt><trkpt lat="-26.994575" lon="-48.645233"><ele>3.2</ele></trkpt><trkpt lat="-26.994575" lon="-48.645233"><ele>3.2</ele></trkpt><trkpt lat="-26.994562" lon="-48.645233"><ele>3.7</ele></trkpt><trkpt lat="-26.994553" lon="-48.64524"><ele>3.9</ele></trkpt><trkpt lat="-26.994537" lon="-48.64524"><ele>3.8</ele></trkpt><trkpt lat="-26.994523" lon="-48.64524"><ele>3.8</ele></trkpt><trkpt lat="-26.994515" lon="-48.645233"><ele>3.6</ele></trkpt><trkpt lat="-26.994512" lon="-48.645232"><ele>3.2</ele></trkpt><trkpt lat="-26.994508" lon="-48.645233"><ele>3</ele></trkpt><trkpt lat="-26.994512" lon="-48.645238"><ele>3.2</ele></trkpt><trkpt lat="-26.99451" lon="-48.645237"><ele>3.1</ele></trkpt><trkpt lat="-26.99451" lon="-48.645237"><ele>3.1</ele></trkpt><trkpt lat="-26.994508" lon="-48.645235"><ele>3.2</ele></trkpt><trkpt lat="-26.994508" lon="-48.645232"><ele>3</ele></trkpt><trkpt lat="-26.994508" lon="-48.64523"><ele>3.1</ele></trkpt><trkpt lat="-26.994507" lon="-48.645228"><ele>2.6</ele></trkpt><trkpt lat="-26.994507" lon="-48.645227"><ele>2.5</ele></trkpt><trkpt lat="-26.994507" lon="-48.645227"><ele>2.5</ele></trkpt><trkpt lat="-26.994507" lon="-48.645227"><ele>2.5</ele></trkpt><trkpt lat="-26.994507" lon="-48.645227"><ele>2.5</ele></trkpt><trkpt lat="-26.994507" lon="-48.645227"><ele>2.5</ele></trkpt><trkpt lat="-26.994507" lon="-48.645227"><ele>2.5</ele></trkpt><trkpt lat="-26.994507" lon="-48.645227"><ele>2.5</ele></trkpt><trkpt lat="-26.994507" lon="-48.645227"><ele>2.5</ele></trkpt><trkpt lat="-26.994475" lon="-48.645218"><ele>1.1</ele></trkpt><trkpt lat="-26.994462" lon="-48.645213"><ele>1</ele></trkpt><trkpt lat="-26.994445" lon="-48.64521"><ele>0.5</ele></trkpt><trkpt lat="-26.994432" lon="-48.645208"><ele>0.6</ele></trkpt><trkpt lat="-26.994415" lon="-48.645208"><ele>1.2</ele></trkpt><trkpt lat="-26.994397" lon="-48.64521"><ele>1.7</ele></trkpt><trkpt lat="-26.994385" lon="-48.645213"><ele>2.2</ele></trkpt><trkpt lat="-26.994373" lon="-48.645217"><ele>2.8</ele></trkpt><trkpt lat="-26.994362" lon="-48.645223"><ele>3.4</ele></trkpt><trkpt lat="-26.99434" lon="-48.645235"><ele>4.3</ele></trkpt><trkpt lat="-26.994318" lon="-48.645242"><ele>4.7</ele></trkpt><trkpt lat="-26.994298" lon="-48.645245"><ele>4.7</ele></trkpt><trkpt lat="-26.994285" lon="-48.645252"><ele>4.9</ele></trkpt><trkpt lat="-26.994278" lon="-48.645255"><ele>5.4</ele></trkpt><trkpt lat="-26.994275" lon="-48.645258"><ele>5.8</ele></trkpt><trkpt lat="-26.994273" lon="-48.645262"><ele>5.9</ele></trkpt><trkpt lat="-26.994273" lon="-48.645262"><ele>5.9</ele></trkpt><trkpt lat="-26.994272" lon="-48.645265"><ele>5.9</ele></trkpt><trkpt lat="-26.994268" lon="-48.645268"><ele>5.8</ele></trkpt><trkpt lat="-26.994267" lon="-48.645273"><ele>5.6</ele></trkpt><trkpt lat="-26.994265" lon="-48.645277"><ele>5.4</ele></trkpt><trkpt lat="-26.994265" lon="-48.645277"><ele>5.4</ele></trkpt><trkpt lat="-26.994263" lon="-48.645278"><ele>5.4</ele></trkpt><trkpt lat="-26.994263" lon="-48.64528"><ele>5.3</ele></trkpt><trkpt lat="-26.994263" lon="-48.64528"><ele>5.3</ele></trkpt><trkpt lat="-26.994258" lon="-48.645282"><ele>5.4</ele></trkpt><trkpt lat="-26.994258" lon="-48.645282"><ele>5.4</ele></trkpt><trkpt lat="-26.994258" lon="-48.645282"><ele>5.4</ele></trkpt><trkpt lat="-26.994258" lon="-48.645282"><ele>5.4</ele></trkpt><trkpt lat="-26.994258" lon="-48.645282"><ele>5.4</ele></trkpt><trkpt lat="-26.994258" lon="-48.645282"><ele>5.4</ele></trkpt><trkpt lat="-26.994258" lon="-48.645282"><ele>5.4</ele></trkpt><trkpt lat="-26.994258" lon="-48.645282"><ele>5.4</ele></trkpt><trkpt lat="-26.994258" lon="-48.645282"><ele>5.4</ele></trkpt><trkpt lat="-26.994258" lon="-48.645282"><ele>5.4</ele></trkpt><trkpt lat="-26.994258" lon="-48.645282"><ele>5.4</ele></trkpt><trkpt lat="-26.99423" lon="-48.645272"><ele>5</ele></trkpt><trkpt lat="-26.994222" lon="-48.64527"><ele>4.8</ele></trkpt><trkpt lat="-26.994212" lon="-48.645268"><ele>4.5</ele></trkpt><trkpt lat="-26.994198" lon="-48.645263"><ele>4.2</ele></trkpt><trkpt lat="-26.994175" lon="-48.645262"><ele>4</ele></trkpt><trkpt lat="-26.99415" lon="-48.645253"><ele>3.8</ele></trkpt><trkpt lat="-26.994125" lon="-48.645255"><ele>3.7</ele></trkpt><trkpt lat="-26.994098" lon="-48.645258"><ele>3.8</ele></trkpt><trkpt lat="-26.994072" lon="-48.645263"><ele>3.8</ele></trkpt><trkpt lat="-26.994043" lon="-48.645268"><ele>4</ele></trkpt><trkpt lat="-26.99402" lon="-48.64527"><ele>4.6</ele></trkpt><trkpt lat="-26.993995" lon="-48.645277"><ele>5.1</ele></trkpt><trkpt lat="-26.993967" lon="-48.645278"><ele>5.8</ele></trkpt><trkpt lat="-26.99394" lon="-48.645275"><ele>6.8</ele></trkpt><trkpt lat="-26.993927" lon="-48.645272"><ele>7.4</ele></trkpt><trkpt lat="-26.993927" lon="-48.645272"><ele>7.4</ele></trkpt><trkpt lat="-26.99392" lon="-48.64527"><ele>7.7</ele></trkpt><trkpt lat="-26.993917" lon="-48.64527"><ele>7.6</ele></trkpt><trkpt lat="-26.993915" lon="-48.645268"><ele>7.6</ele></trkpt><trkpt lat="-26.993915" lon="-48.645268"><ele>7.7</ele></trkpt><trkpt lat="-26.993913" lon="-48.645268"><ele>7.5</ele></trkpt><trkpt lat="-26.993913" lon="-48.645262"><ele>7.5</ele></trkpt><trkpt lat="-26.993913" lon="-48.645262"><ele>7.5</ele></trkpt><trkpt lat="-26.99391" lon="-48.645258"><ele>7.5</ele></trkpt><trkpt lat="-26.993905" lon="-48.645253"><ele>7.7</ele></trkpt><trkpt lat="-26.993892" lon="-48.645252"><ele>7.5</ele></trkpt><trkpt lat="-26.993875" lon="-48.645248"><ele>6.9</ele></trkpt><trkpt lat="-26.993863" lon="-48.645242"><ele>6.4</ele></trkpt><trkpt lat="-26.993848" lon="-48.645235"><ele>5.5</ele></trkpt><trkpt lat="-26.99383" lon="-48.645227"><ele>4.4</ele></trkpt><trkpt lat="-26.993813" lon="-48.645217"><ele>3.5</ele></trkpt><trkpt lat="-26.993793" lon="-48.64521"><ele>2.5</ele></trkpt><trkpt lat="-26.993772" lon="-48.645208"><ele>2</ele></trkpt><trkpt lat="-26.993747" lon="-48.645208"><ele>1.8</ele></trkpt><trkpt lat="-26.993722" lon="-48.645205"><ele>1.5</ele></trkpt><trkpt lat="-26.9937" lon="-48.645202"><ele>1.4</ele></trkpt><trkpt lat="-26.993682" lon="-48.645195"><ele>2</ele></trkpt><trkpt lat="-26.993662" lon="-48.645193"><ele>2.2</ele></trkpt><trkpt lat="-26.993653" lon="-48.645195"><ele>2.8</ele></trkpt><trkpt lat="-26.993648" lon="-48.645198"><ele>3</ele></trkpt><trkpt lat="-26.993648" lon="-48.645198"><ele>2.9</ele></trkpt><trkpt lat="-26.993645" lon="-48.6452"><ele>2.6</ele></trkpt><trkpt lat="-26.993642" lon="-48.6452"><ele>2.7</ele></trkpt><trkpt lat="-26.993642" lon="-48.6452"><ele>2.7</ele></trkpt><trkpt lat="-26.993638" lon="-48.645203"><ele>2.8</ele></trkpt><trkpt lat="-26.993635" lon="-48.645203"><ele>2.9</ele></trkpt><trkpt lat="-26.993635" lon="-48.645203"><ele>2.9</ele></trkpt><trkpt lat="-26.993633" lon="-48.645207"><ele>3</ele></trkpt><trkpt lat="-26.993633" lon="-48.645207"><ele>3</ele></trkpt><trkpt lat="-26.993632" lon="-48.645207"><ele>3</ele></trkpt><trkpt lat="-26.99363" lon="-48.645208"><ele>2.9</ele></trkpt><trkpt lat="-26.99363" lon="-48.645208"><ele>2.9</ele></trkpt><trkpt lat="-26.99363" lon="-48.645208"><ele>2.9</ele></trkpt><trkpt lat="-26.99363" lon="-48.645208"><ele>2.9</ele></trkpt><trkpt lat="-26.99363" lon="-48.645208"><ele>2.9</ele></trkpt><trkpt lat="-26.99363" lon="-48.645208"><ele>2.9</ele></trkpt><trkpt lat="-26.99363" lon="-48.645208"><ele>2.9</ele></trkpt><trkpt lat="-26.99363" lon="-48.645208"><ele>2.9</ele></trkpt><trkpt lat="-26.99363" lon="-48.645208"><ele>2.9</ele></trkpt><trkpt lat="-26.99363" lon="-48.645208"><ele>2.9</ele></trkpt><trkpt lat="-26.99363" lon="-48.645208"><ele>2.9</ele></trkpt><trkpt lat="-26.99363" lon="-48.645208"><ele>2.9</ele></trkpt><trkpt lat="-26.99363" lon="-48.645208"><ele>2.9</ele></trkpt><trkpt lat="-26.99363" lon="-48.645208"><ele>2.9</ele></trkpt><trkpt lat="-26.993615" lon="-48.645165"><ele>4.3</ele></trkpt><trkpt lat="-26.993608" lon="-48.64516"><ele>4.4</ele></trkpt><trkpt lat="-26.9936" lon="-48.645157"><ele>4.1</ele></trkpt><trkpt lat="-26.993588" lon="-48.64515"><ele>3.9</ele></trkpt><trkpt lat="-26.99358" lon="-48.645142"><ele>3.7</ele></trkpt><trkpt lat="-26.993567" lon="-48.645133"><ele>3.4</ele></trkpt><trkpt lat="-26.993542" lon="-48.645137"><ele>3.1</ele></trkpt><trkpt lat="-26.993513" lon="-48.645133"><ele>2.5</ele></trkpt><trkpt lat="-26.993483" lon="-48.645133"><ele>2.1</ele></trkpt><trkpt lat="-26.993455" lon="-48.645128"><ele>2.3</ele></trkpt><trkpt lat="-26.993423" lon="-48.645128"><ele>2.5</ele></trkpt><trkpt lat="-26.993397" lon="-48.645122"><ele>2.7</ele></trkpt><trkpt lat="-26.993397" lon="-48.645122"><ele>2.7</ele></trkpt><trkpt lat="-26.993372" lon="-48.645113"><ele>2.7</ele></trkpt><trkpt lat="-26.993352" lon="-48.645108"><ele>2.4</ele></trkpt><trkpt lat="-26.993332" lon="-48.645102"><ele>2.1</ele></trkpt><trkpt lat="-26.993313" lon="-48.645098"><ele>2</ele></trkpt><trkpt lat="-26.993303" lon="-48.645095"><ele>2</ele></trkpt><trkpt lat="-26.993303" lon="-48.645097"><ele>1.8</ele></trkpt><trkpt lat="-26.993303" lon="-48.645097"><ele>2.1</ele></trkpt><trkpt lat="-26.993305" lon="-48.645098"><ele>2.2</ele></trkpt><trkpt lat="-26.993303" lon="-48.645103"><ele>2.2</ele></trkpt><trkpt lat="-26.993303" lon="-48.645103"><ele>2.2</ele></trkpt><trkpt lat="-26.993302" lon="-48.6451"><ele>2.1</ele></trkpt><trkpt lat="-26.9933" lon="-48.6451"><ele>2.2</ele></trkpt><trkpt lat="-26.993295" lon="-48.645102"><ele>2.2</ele></trkpt><trkpt lat="-26.993288" lon="-48.645103"><ele>2.4</ele></trkpt><trkpt lat="-26.993287" lon="-48.645103"><ele>2.5</ele></trkpt><trkpt lat="-26.993282" lon="-48.645102"><ele>2.6</ele></trkpt><trkpt lat="-26.99328" lon="-48.6451"><ele>2.6</ele></trkpt><trkpt lat="-26.993277" lon="-48.645097"><ele>2.4</ele></trkpt><trkpt lat="-26.993275" lon="-48.645095"><ele>2.3</ele></trkpt><trkpt lat="-26.993277" lon="-48.645092"><ele>2</ele></trkpt><trkpt lat="-26.993282" lon="-48.645092"><ele>1.9</ele></trkpt><trkpt lat="-26.993282" lon="-48.645092"><ele>1.9</ele></trkpt><trkpt lat="-26.993282" lon="-48.645092"><ele>1.9</ele></trkpt><trkpt lat="-26.993277" lon="-48.64509"><ele>1.3</ele></trkpt><trkpt lat="-26.993263" lon="-48.645087"><ele>1.1</ele></trkpt><trkpt lat="-26.993245" lon="-48.645085"><ele>1</ele></trkpt><trkpt lat="-26.993225" lon="-48.645083"><ele>1.2</ele></trkpt><trkpt lat="-26.993202" lon="-48.645078"><ele>1.5</ele></trkpt><trkpt lat="-26.993178" lon="-48.645068"><ele>1.9</ele></trkpt><trkpt lat="-26.993157" lon="-48.64506"><ele>2.7</ele></trkpt><trkpt lat="-26.993135" lon="-48.64505"><ele>3.4</ele></trkpt><trkpt lat="-26.993113" lon="-48.645042"><ele>4.3</ele></trkpt><trkpt lat="-26.99309" lon="-48.645033"><ele>5</ele></trkpt><trkpt lat="-26.993072" lon="-48.645022"><ele>5.6</ele></trkpt><trkpt lat="-26.993057" lon="-48.645013"><ele>6</ele></trkpt><trkpt lat="-26.993042" lon="-48.645005"><ele>6.1</ele></trkpt><trkpt lat="-26.993032" lon="-48.645003"><ele>6.2</ele></trkpt><trkpt lat="-26.993032" lon="-48.645003"><ele>6.2</ele></trkpt><trkpt lat="-26.993027" lon="-48.645002"><ele>6.3</ele></trkpt><trkpt lat="-26.993025" lon="-48.645002"><ele>6.3</ele></trkpt><trkpt lat="-26.993027" lon="-48.645005"><ele>6</ele></trkpt><trkpt lat="-26.993027" lon="-48.645008"><ele>5.8</ele></trkpt><trkpt lat="-26.993027" lon="-48.645012"><ele>5.7</ele></trkpt><trkpt lat="-26.993028" lon="-48.645015"><ele>5.6</ele></trkpt><trkpt lat="-26.993028" lon="-48.645017"><ele>5.4</ele></trkpt><trkpt lat="-26.993028" lon="-48.645018"><ele>5.1</ele></trkpt><trkpt lat="-26.993028" lon="-48.645018"><ele>4.9</ele></trkpt><trkpt lat="-26.993028" lon="-48.645015"><ele>4.9</ele></trkpt><trkpt lat="-26.993028" lon="-48.645015"><ele>4.9</ele></trkpt><trkpt lat="-26.993028" lon="-48.645015"><ele>4.9</ele></trkpt><trkpt lat="-26.993028" lon="-48.645015"><ele>4.9</ele></trkpt><trkpt lat="-26.993028" lon="-48.645015"><ele>4.9</ele></trkpt><trkpt lat="-26.993028" lon="-48.645015"><ele>4.9</ele></trkpt><trkpt lat="-26.993028" lon="-48.645015"><ele>4.9</ele></trkpt><trkpt lat="-26.993012" lon="-48.644993"><ele>5.4</ele></trkpt><trkpt lat="-26.992998" lon="-48.644987"><ele>5.2</ele></trkpt><trkpt lat="-26.992985" lon="-48.644977"><ele>4.8</ele></trkpt><trkpt lat="-26.992968" lon="-48.644963"><ele>4.5</ele></trkpt><trkpt lat="-26.992948" lon="-48.644952"><ele>4.2</ele></trkpt><trkpt lat="-26.99293" lon="-48.644938"><ele>3.8</ele></trkpt><trkpt lat="-26.992913" lon="-48.644925"><ele>3.5</ele></trkpt><trkpt lat="-26.992893" lon="-48.644912"><ele>3.5</ele></trkpt><trkpt lat="-26.992873" lon="-48.644902"><ele>3.6</ele></trkpt><trkpt lat="-26.992852" lon="-48.644888"><ele>4.2</ele></trkpt><trkpt lat="-26.992835" lon="-48.644877"><ele>4.4</ele></trkpt><trkpt lat="-26.992818" lon="-48.644863"><ele>4.9</ele></trkpt><trkpt lat="-26.992808" lon="-48.644853"><ele>5</ele></trkpt><trkpt lat="-26.992803" lon="-48.644853"><ele>5.2</ele></trkpt><trkpt lat="-26.992797" lon="-48.644858"><ele>5.6</ele></trkpt><trkpt lat="-26.992795" lon="-48.64486"><ele>6.1</ele></trkpt><trkpt lat="-26.992793" lon="-48.64486"><ele>6.4</ele></trkpt><trkpt lat="-26.992793" lon="-48.64486"><ele>6.4</ele></trkpt><trkpt lat="-26.992795" lon="-48.644862"><ele>6.6</ele></trkpt><trkpt lat="-26.992795" lon="-48.644862"><ele>6.7</ele></trkpt><trkpt lat="-26.992797" lon="-48.64486"><ele>6.8</ele></trkpt><trkpt lat="-26.992798" lon="-48.644862"><ele>6.8</ele></trkpt><trkpt lat="-26.9928" lon="-48.644862"><ele>7</ele></trkpt><trkpt lat="-26.9928" lon="-48.64486"><ele>7.2</ele></trkpt><trkpt lat="-26.9928" lon="-48.64486"><ele>7.2</ele></trkpt><trkpt lat="-26.992803" lon="-48.644857"><ele>7.3</ele></trkpt><trkpt lat="-26.992803" lon="-48.644857"><ele>7.3</ele></trkpt><trkpt lat="-26.992803" lon="-48.644857"><ele>7.3</ele></trkpt><trkpt lat="-26.992803" lon="-48.644857"><ele>7.3</ele></trkpt><trkpt lat="-26.992803" lon="-48.644857"><ele>7.3</ele></trkpt><trkpt lat="-26.992803" lon="-48.644857"><ele>7.3</ele></trkpt><trkpt lat="-26.992803" lon="-48.644857"><ele>7.3</ele></trkpt><trkpt lat="-26.992803" lon="-48.644857"><ele>7.3</ele></trkpt><trkpt lat="-26.992803" lon="-48.644857"><ele>7.3</ele></trkpt><trkpt lat="-26.992803" lon="-48.644857"><ele>7.3</ele></trkpt><trkpt lat="-26.992803" lon="-48.644857"><ele>7.3</ele></trkpt><trkpt lat="-26.992803" lon="-48.644857"><ele>7.3</ele></trkpt><trkpt lat="-26.992803" lon="-48.644857"><ele>7.3</ele></trkpt><trkpt lat="-26.992803" lon="-48.644857"><ele>7.3</ele></trkpt><trkpt lat="-26.992803" lon="-48.644857"><ele>7.3</ele></trkpt><trkpt lat="-26.992803" lon="-48.644857"><ele>7.3</ele></trkpt><trkpt lat="-26.992803" lon="-48.644857"><ele>7.3</ele></trkpt><trkpt lat="-26.992803" lon="-48.644857"><ele>7.3</ele></trkpt><trkpt lat="-26.992803" lon="-48.644857"><ele>7.3</ele></trkpt><trkpt lat="-26.992803" lon="-48.644857"><ele>7.3</ele></trkpt><trkpt lat="-26.992803" lon="-48.644857"><ele>7.3</ele></trkpt><trkpt lat="-26.992803" lon="-48.644857"><ele>7.3</ele></trkpt><trkpt lat="-26.992803" lon="-48.644857"><ele>7.3</ele></trkpt><trkpt lat="-26.992803" lon="-48.644857"><ele>7.3</ele></trkpt><trkpt lat="-26.992803" lon="-48.644857"><ele>7.3</ele></trkpt><trkpt lat="-26.992803" lon="-48.644857"><ele>7.3</ele></trkpt><trkpt lat="-26.992803" lon="-48.644857"><ele>7.3</ele></trkpt><trkpt lat="-26.992803" lon="-48.644857"><ele>7.3</ele></trkpt><trkpt lat="-26.992803" lon="-48.644857"><ele>7.3</ele></trkpt><trkpt lat="-26.992803" lon="-48.644857"><ele>7.3</ele></trkpt><trkpt lat="-26.992803" lon="-48.644857"><ele>7.3</ele></trkpt><trkpt lat="-26.992803" lon="-48.644857"><ele>7.3</ele></trkpt><trkpt lat="-26.992803" lon="-48.644857"><ele>7.3</ele></trkpt><trkpt lat="-26.992803" lon="-48.644857"><ele>7.3</ele></trkpt><trkpt lat="-26.992803" lon="-48.644857"><ele>7.3</ele></trkpt><trkpt lat="-26.992803" lon="-48.644857"><ele>7.3</ele></trkpt><trkpt lat="-26.992803" lon="-48.644857"><ele>7.3</ele></trkpt><trkpt lat="-26.992803" lon="-48.644857"><ele>7.3</ele></trkpt><trkpt lat="-26.992803" lon="-48.644857"><ele>7.3</ele></trkpt><trkpt lat="-26.992803" lon="-48.644857"><ele>7.3</ele></trkpt><trkpt lat="-26.992803" lon="-48.644857"><ele>7.3</ele></trkpt><trkpt lat="-26.992803" lon="-48.644857"><ele>7.3</ele></trkpt><trkpt lat="-26.992803" lon="-48.644857"><ele>7.3</ele></trkpt><trkpt lat="-26.992803" lon="-48.644857"><ele>7.3</ele></trkpt><trkpt lat="-26.992803" lon="-48.644857"><ele>7.3</ele></trkpt><trkpt lat="-26.992803" lon="-48.644857"><ele>7.3</ele></trkpt><trkpt lat="-26.992803" lon="-48.644857"><ele>7.3</ele></trkpt><trkpt lat="-26.992803" lon="-48.644857"><ele>7.3</ele></trkpt><trkpt lat="-26.992803" lon="-48.644857"><ele>7.3</ele></trkpt><trkpt lat="-26.992803" lon="-48.644857"><ele>7.3</ele></trkpt><trkpt lat="-26.992803" lon="-48.644857"><ele>7.3</ele></trkpt><trkpt lat="-26.992803" lon="-48.644857"><ele>7.3</ele></trkpt><trkpt lat="-26.992792" lon="-48.644842"><ele>8.9</ele></trkpt><trkpt lat="-26.992782" lon="-48.644837"><ele>8.9</ele></trkpt><trkpt lat="-26.992773" lon="-48.644832"><ele>8.9</ele></trkpt><trkpt lat="-26.992765" lon="-48.644823"><ele>9.1</ele></trkpt><trkpt lat="-26.992758" lon="-48.644812"><ele>9.1</ele></trkpt><trkpt lat="-26.99275" lon="-48.644807"><ele>8.5</ele></trkpt><trkpt lat="-26.99274" lon="-48.644797"><ele>8</ele></trkpt><trkpt lat="-26.99273" lon="-48.644783"><ele>7.5</ele></trkpt><trkpt lat="-26.992715" lon="-48.644762"><ele>7</ele></trkpt><trkpt lat="-26.992707" lon="-48.644738"><ele>6.6</ele></trkpt><trkpt lat="-26.992692" lon="-48.644717"><ele>6.1</ele></trkpt><trkpt lat="-26.992677" lon="-48.64469"><ele>5.7</ele></trkpt><trkpt lat="-26.992657" lon="-48.644668"><ele>4.6</ele></trkpt><trkpt lat="-26.992637" lon="-48.644645"><ele>3.9</ele></trkpt><trkpt lat="-26.992617" lon="-48.644627"><ele>2.9</ele></trkpt><trkpt lat="-26.9926" lon="-48.644603"><ele>1.9</ele></trkpt><trkpt lat="-26.992582" lon="-48.644582"><ele>1.1</ele></trkpt><trkpt lat="-26.992565" lon="-48.644558"><ele>0.8</ele></trkpt><trkpt lat="-26.992547" lon="-48.644537"><ele>0.1</ele></trkpt><trkpt lat="-26.992532" lon="-48.644513"><ele>0.2</ele></trkpt><trkpt lat="-26.992515" lon="-48.644493"><ele>0.3</ele></trkpt><trkpt lat="-26.9925" lon="-48.644472"><ele>0</ele></trkpt><trkpt lat="-26.992482" lon="-48.644448"><ele>0.5</ele></trkpt><trkpt lat="-26.99246" lon="-48.644423"><ele>0.6</ele></trkpt><trkpt lat="-26.992438" lon="-48.644402"><ele>0.6</ele></trkpt><trkpt lat="-26.992418" lon="-48.644382"><ele>0.8</ele></trkpt><trkpt lat="-26.992397" lon="-48.644362"><ele>1.1</ele></trkpt><trkpt lat="-26.99238" lon="-48.644335"><ele>1.7</ele></trkpt><trkpt lat="-26.992363" lon="-48.644313"><ele>2.2</ele></trkpt><trkpt lat="-26.992348" lon="-48.644297"><ele>2.7</ele></trkpt><trkpt lat="-26.992335" lon="-48.644283"><ele>3.3</ele></trkpt><trkpt lat="-26.992322" lon="-48.644272"><ele>3.7</ele></trkpt><trkpt lat="-26.992315" lon="-48.644263"><ele>3.9</ele></trkpt><trkpt lat="-26.992317" lon="-48.644263"><ele>4.1</ele></trkpt><trkpt lat="-26.992313" lon="-48.644263"><ele>4.4</ele></trkpt><trkpt lat="-26.992312" lon="-48.644265"><ele>4.8</ele></trkpt><trkpt lat="-26.992312" lon="-48.644267"><ele>4.9</ele></trkpt><trkpt lat="-26.992312" lon="-48.644267"><ele>4.8</ele></trkpt><trkpt lat="-26.992313" lon="-48.644267"><ele>4.7</ele></trkpt><trkpt lat="-26.992312" lon="-48.644267"><ele>4.8</ele></trkpt><trkpt lat="-26.992313" lon="-48.644265"><ele>4.7</ele></trkpt><trkpt lat="-26.99231" lon="-48.644265"><ele>4.9</ele></trkpt><trkpt lat="-26.99231" lon="-48.644268"><ele>4.8</ele></trkpt><trkpt lat="-26.99231" lon="-48.644268"><ele>4.8</ele></trkpt><trkpt lat="-26.99231" lon="-48.644268"><ele>4.8</ele></trkpt><trkpt lat="-26.99231" lon="-48.644268"><ele>4.8</ele></trkpt><trkpt lat="-26.99231" lon="-48.644268"><ele>4.8</ele></trkpt><trkpt lat="-26.99231" lon="-48.644268"><ele>4.8</ele></trkpt><trkpt lat="-26.99231" lon="-48.644268"><ele>4.8</ele></trkpt><trkpt lat="-26.992283" lon="-48.644293"><ele>5.6</ele></trkpt><trkpt lat="-26.992278" lon="-48.644292"><ele>5.7</ele></trkpt><trkpt lat="-26.992275" lon="-48.644292"><ele>5.8</ele></trkpt><trkpt lat="-26.99227" lon="-48.644298"><ele>5.8</ele></trkpt><trkpt lat="-26.992268" lon="-48.644298"><ele>5.9</ele></trkpt><trkpt lat="-26.992268" lon="-48.644293"><ele>6.1</ele></trkpt><trkpt lat="-26.992272" lon="-48.64429"><ele>6.2</ele></trkpt><trkpt lat="-26.992283" lon="-48.644282"><ele>6.4</ele></trkpt><trkpt lat="-26.992298" lon="-48.644268"><ele>6.3</ele></trkpt><trkpt lat="-26.992307" lon="-48.644257"><ele>6.3</ele></trkpt><trkpt lat="-26.99231" lon="-48.64425"><ele>6.4</ele></trkpt><trkpt lat="-26.99231" lon="-48.644252"><ele>5.7</ele></trkpt><trkpt lat="-26.99231" lon="-48.644252"><ele>5.7</ele></trkpt><trkpt lat="-26.992312" lon="-48.64425"><ele>5.1</ele></trkpt><trkpt lat="-26.992313" lon="-48.644243"><ele>4.1</ele></trkpt><trkpt lat="-26.99231" lon="-48.644237"><ele>4</ele></trkpt><trkpt lat="-26.992303" lon="-48.644233"><ele>4.6</ele></trkpt><trkpt lat="-26.9923" lon="-48.644223"><ele>4.4</ele></trkpt><trkpt lat="-26.992298" lon="-48.644215"><ele>3.5</ele></trkpt><trkpt lat="-26.9923" lon="-48.644213"><ele>3.4</ele></trkpt><trkpt lat="-26.992303" lon="-48.644208"><ele>3.2</ele></trkpt><trkpt lat="-26.992303" lon="-48.644207"><ele>2.9</ele></trkpt><trkpt lat="-26.992303" lon="-48.644207"><ele>2.9</ele></trkpt><trkpt lat="-26.992303" lon="-48.644205"><ele>3.3</ele></trkpt><trkpt lat="-26.992302" lon="-48.644213"><ele>4</ele></trkpt><trkpt lat="-26.9923" lon="-48.644223"><ele>4.5</ele></trkpt><trkpt lat="-26.9923" lon="-48.644232"><ele>4.8</ele></trkpt><trkpt lat="-26.992302" lon="-48.644232"><ele>4.9</ele></trkpt><trkpt lat="-26.992302" lon="-48.644233"><ele>5</ele></trkpt><trkpt lat="-26.992298" lon="-48.644237"><ele>5</ele></trkpt><trkpt lat="-26.992298" lon="-48.644238"><ele>5.2</ele></trkpt><trkpt lat="-26.992297" lon="-48.644238"><ele>5.4</ele></trkpt><trkpt lat="-26.992297" lon="-48.644238"><ele>5.4</ele></trkpt><trkpt lat="-26.992297" lon="-48.644238"><ele>5.4</ele></trkpt><trkpt lat="-26.99231" lon="-48.64424"><ele>5.9</ele></trkpt><trkpt lat="-26.99231" lon="-48.64424"><ele>5.9</ele></trkpt><trkpt lat="-26.992315" lon="-48.644243"><ele>5.9</ele></trkpt><trkpt lat="-26.992317" lon="-48.644247"><ele>6</ele></trkpt><trkpt lat="-26.992318" lon="-48.644245"><ele>5.9</ele></trkpt><trkpt lat="-26.992318" lon="-48.644245"><ele>5.9</ele></trkpt><trkpt lat="-26.99232" lon="-48.644242"><ele>6</ele></trkpt><trkpt lat="-26.99232" lon="-48.644242"><ele>6</ele></trkpt><trkpt lat="-26.99232" lon="-48.644242"><ele>6</ele></trkpt><trkpt lat="-26.99232" lon="-48.644242"><ele>6</ele></trkpt><trkpt lat="-26.99232" lon="-48.644242"><ele>6</ele></trkpt><trkpt lat="-26.99232" lon="-48.644242"><ele>6</ele></trkpt><trkpt lat="-26.99232" lon="-48.644242"><ele>6</ele></trkpt><trkpt lat="-26.99232" lon="-48.644242"><ele>6</ele></trkpt><trkpt lat="-26.99232" lon="-48.644242"><ele>6</ele></trkpt><trkpt lat="-26.99232" lon="-48.644242"><ele>6</ele></trkpt><trkpt lat="-26.99232" lon="-48.644242"><ele>6</ele></trkpt><trkpt lat="-26.992315" lon="-48.644258"><ele>6.4</ele></trkpt><trkpt lat="-26.992317" lon="-48.64426"><ele>6.4</ele></trkpt><trkpt lat="-26.992317" lon="-48.64426"><ele>6.3</ele></trkpt><trkpt lat="-26.992315" lon="-48.644262"><ele>6.2</ele></trkpt><trkpt lat="-26.992315" lon="-48.644262"><ele>6.2</ele></trkpt><trkpt lat="-26.992315" lon="-48.644262"><ele>6.2</ele></trkpt><trkpt lat="-26.992315" lon="-48.644262"><ele>6.2</ele></trkpt><trkpt lat="-26.992315" lon="-48.644262"><ele>6.2</ele></trkpt><trkpt lat="-26.992315" lon="-48.644262"><ele>6.2</ele></trkpt><trkpt lat="-26.992315" lon="-48.644262"><ele>6.2</ele></trkpt><trkpt lat="-26.992315" lon="-48.644262"><ele>6.2</ele></trkpt><trkpt lat="-26.992315" lon="-48.644262"><ele>6.2</ele></trkpt><trkpt lat="-26.992315" lon="-48.644262"><ele>6.2</ele></trkpt><trkpt lat="-26.992315" lon="-48.644262"><ele>6.2</ele></trkpt><trkpt lat="-26.992315" lon="-48.644262"><ele>6.2</ele></trkpt><trkpt lat="-26.992315" lon="-48.644262"><ele>6.2</ele></trkpt><trkpt lat="-26.992297" lon="-48.64427"><ele>4.4</ele></trkpt><trkpt lat="-26.9923" lon="-48.644265"><ele>4.3</ele></trkpt><trkpt lat="-26.992302" lon="-48.644263"><ele>4.1</ele></trkpt><trkpt lat="-26.992305" lon="-48.644257"><ele>3.5</ele></trkpt><trkpt lat="-26.992305" lon="-48.644257"><ele>3.5</ele></trkpt><trkpt lat="-26.992305" lon="-48.644257"><ele>3.5</ele></trkpt><trkpt lat="-26.992305" lon="-48.644257"><ele>3.5</ele></trkpt><trkpt lat="-26.992305" lon="-48.644257"><ele>3.5</ele></trkpt><trkpt lat="-26.992305" lon="-48.644257"><ele>3.5</ele></trkpt><trkpt lat="-26.992305" lon="-48.644257"><ele>3.5</ele></trkpt><trkpt lat="-26.992305" lon="-48.644257"><ele>3.5</ele></trkpt><trkpt lat="-26.992305" lon="-48.644257"><ele>3.5</ele></trkpt><trkpt lat="-26.992305" lon="-48.644257"><ele>3.5</ele></trkpt><trkpt lat="-26.992305" lon="-48.644257"><ele>3.5</ele></trkpt><trkpt lat="-26.992305" lon="-48.644257"><ele>3.5</ele></trkpt><trkpt lat="-26.992305" lon="-48.644257"><ele>3.5</ele></trkpt><trkpt lat="-26.992305" lon="-48.644257"><ele>3.5</ele></trkpt><trkpt lat="-26.992323" lon="-48.644265"><ele>1.8</ele></trkpt><trkpt lat="-26.992327" lon="-48.644268"><ele>1.7</ele></trkpt><trkpt lat="-26.992325" lon="-48.644272"><ele>1.7</ele></trkpt><trkpt lat="-26.992332" lon="-48.644268"><ele>1.6</ele></trkpt><trkpt lat="-26.992328" lon="-48.644272"><ele>1.7</ele></trkpt><trkpt lat="-26.992328" lon="-48.644273"><ele>1.7</ele></trkpt><trkpt lat="-26.99233" lon="-48.644273"><ele>1.8</ele></trkpt><trkpt lat="-26.992332" lon="-48.644272"><ele>1.7</ele></trkpt><trkpt lat="-26.992323" lon="-48.644267"><ele>1.8</ele></trkpt><trkpt lat="-26.992317" lon="-48.644265"><ele>1.7</ele></trkpt><trkpt lat="-26.992312" lon="-48.644263"><ele>1.6</ele></trkpt><trkpt lat="-26.992307" lon="-48.64426"><ele>1.4</ele></trkpt><trkpt lat="-26.992305" lon="-48.644262"><ele>1.1</ele></trkpt><trkpt lat="-26.992305" lon="-48.644262"><ele>1.1</ele></trkpt><trkpt lat="-26.992307" lon="-48.644258"><ele>1</ele></trkpt><trkpt lat="-26.992307" lon="-48.644258"><ele>1</ele></trkpt><trkpt lat="-26.992307" lon="-48.644258"><ele>1</ele></trkpt><trkpt lat="-26.992307" lon="-48.644258"><ele>1</ele></trkpt><trkpt lat="-26.992307" lon="-48.644258"><ele>1</ele></trkpt><trkpt lat="-26.992307" lon="-48.644258"><ele>1</ele></trkpt><trkpt lat="-26.992307" lon="-48.644258"><ele>1</ele></trkpt><trkpt lat="-26.992307" lon="-48.644258"><ele>1</ele></trkpt><trkpt lat="-26.992307" lon="-48.644258"><ele>1</ele></trkpt><trkpt lat="-26.992307" lon="-48.644258"><ele>1</ele></trkpt><trkpt lat="-26.992307" lon="-48.644258"><ele>1</ele></trkpt><trkpt lat="-26.992307" lon="-48.644258"><ele>1</ele></trkpt><trkpt lat="-26.992305" lon="-48.64429"><ele>0.7</ele></trkpt><trkpt lat="-26.992308" lon="-48.644298"><ele>1.1</ele></trkpt><trkpt lat="-26.992312" lon="-48.6443"><ele>1.1</ele></trkpt><trkpt lat="-26.992318" lon="-48.644298"><ele>1</ele></trkpt><trkpt lat="-26.992327" lon="-48.644292"><ele>1</ele></trkpt><trkpt lat="-26.992337" lon="-48.64428"><ele>1</ele></trkpt><trkpt lat="-26.992342" lon="-48.644273"><ele>1.1</ele></trkpt><trkpt lat="-26.992348" lon="-48.644262"><ele>0.9</ele></trkpt><trkpt lat="-26.99235" lon="-48.644255"><ele>0.7</ele></trkpt><trkpt lat="-26.992343" lon="-48.644247"><ele>0.7</ele></trkpt><trkpt lat="-26.992333" lon="-48.644242"><ele>0.5</ele></trkpt><trkpt lat="-26.992332" lon="-48.644232"><ele>0.5</ele></trkpt><trkpt lat="-26.992333" lon="-48.64423"><ele>0.8</ele></trkpt><trkpt lat="-26.992338" lon="-48.644227"><ele>1.2</ele></trkpt><trkpt lat="-26.992342" lon="-48.644225"><ele>1.4</ele></trkpt><trkpt lat="-26.992345" lon="-48.644223"><ele>1.5</ele></trkpt><trkpt lat="-26.992347" lon="-48.644222"><ele>1.8</ele></trkpt><trkpt lat="-26.99235" lon="-48.64422"><ele>2.5</ele></trkpt><trkpt lat="-26.992352" lon="-48.644218"><ele>3</ele></trkpt><trkpt lat="-26.99235" lon="-48.644217"><ele>3.2</ele></trkpt><trkpt lat="-26.992352" lon="-48.644217"><ele>3.5</ele></trkpt><trkpt lat="-26.992352" lon="-48.644217"><ele>3.5</ele></trkpt><trkpt lat="-26.992352" lon="-48.644217"><ele>3.5</ele></trkpt><trkpt lat="-26.992352" lon="-48.644217"><ele>3.5</ele></trkpt><trkpt lat="-26.992352" lon="-48.644217"><ele>3.5</ele></trkpt><trkpt lat="-26.992352" lon="-48.644217"><ele>3.5</ele></trkpt><trkpt lat="-26.992352" lon="-48.644217"><ele>3.5</ele></trkpt><trkpt lat="-26.992352" lon="-48.644217"><ele>3.5</ele></trkpt><trkpt lat="-26.992352" lon="-48.644217"><ele>3.5</ele></trkpt><trkpt lat="-26.992352" lon="-48.644217"><ele>3.5</ele></trkpt><trkpt lat="-26.992352" lon="-48.644217"><ele>3.5</ele></trkpt><trkpt lat="-26.992352" lon="-48.644217"><ele>3.5</ele></trkpt><trkpt lat="-26.992352" lon="-48.644217"><ele>3.5</ele></trkpt><trkpt lat="-26.992352" lon="-48.644217"><ele>3.5</ele></trkpt><trkpt lat="-26.992352" lon="-48.644217"><ele>3.5</ele></trkpt><trkpt lat="-26.992352" lon="-48.644217"><ele>3.5</ele></trkpt><trkpt lat="-26.992352" lon="-48.644217"><ele>3.5</ele></trkpt><trkpt lat="-26.992352" lon="-48.644217"><ele>3.5</ele></trkpt><trkpt lat="-26.992332" lon="-48.644185"><ele>6.4</ele></trkpt><trkpt lat="-26.992323" lon="-48.644177"><ele>6.1</ele></trkpt><trkpt lat="-26.992315" lon="-48.644168"><ele>6.1</ele></trkpt><trkpt lat="-26.992305" lon="-48.644152"><ele>6.1</ele></trkpt><trkpt lat="-26.992295" lon="-48.644137"><ele>6.1</ele></trkpt><trkpt lat="-26.992282" lon="-48.64412"><ele>6.4</ele></trkpt><trkpt lat="-26.992273" lon="-48.644107"><ele>7.2</ele></trkpt><trkpt lat="-26.992255" lon="-48.644102"><ele>8.3</ele></trkpt><trkpt lat="-26.992227" lon="-48.64409"><ele>9</ele></trkpt><trkpt lat="-26.992207" lon="-48.644082"><ele>9.7</ele></trkpt><trkpt lat="-26.992187" lon="-48.644068"><ele>10.5</ele></trkpt><trkpt lat="-26.992163" lon="-48.644057"><ele>10.9</ele></trkpt><trkpt lat="-26.99214" lon="-48.644037"><ele>11.7</ele></trkpt><trkpt lat="-26.992112" lon="-48.644022"><ele>12.2</ele></trkpt><trkpt lat="-26.992092" lon="-48.644007"><ele>12.3</ele></trkpt><trkpt lat="-26.992075" lon="-48.643987"><ele>11.5</ele></trkpt><trkpt lat="-26.99206" lon="-48.643972"><ele>11.4</ele></trkpt><trkpt lat="-26.992048" lon="-48.64396"><ele>11</ele></trkpt><trkpt lat="-26.992037" lon="-48.643953"><ele>10.8</ele></trkpt><trkpt lat="-26.99203" lon="-48.643948"><ele>11.1</ele></trkpt><trkpt lat="-26.992023" lon="-48.643948"><ele>11.5</ele></trkpt><trkpt lat="-26.992018" lon="-48.643948"><ele>11.6</ele></trkpt><trkpt lat="-26.992013" lon="-48.643952"><ele>11.6</ele></trkpt><trkpt lat="-26.99201" lon="-48.643955"><ele>11.6</ele></trkpt><trkpt lat="-26.992008" lon="-48.643957"><ele>11.8</ele></trkpt><trkpt lat="-26.992007" lon="-48.64396"><ele>12.1</ele></trkpt><trkpt lat="-26.992005" lon="-48.64396"><ele>12.3</ele></trkpt><trkpt lat="-26.992005" lon="-48.64396"><ele>12.3</ele></trkpt><trkpt lat="-26.992003" lon="-48.643962"><ele>12.4</ele></trkpt><trkpt lat="-26.992003" lon="-48.643962"><ele>12.4</ele></trkpt><trkpt lat="-26.992002" lon="-48.643962"><ele>12.3</ele></trkpt><trkpt lat="-26.992002" lon="-48.643962"><ele>12.3</ele></trkpt><trkpt lat="-26.992002" lon="-48.643962"><ele>12.3</ele></trkpt><trkpt lat="-26.992002" lon="-48.643962"><ele>12.3</ele></trkpt><trkpt lat="-26.992002" lon="-48.643962"><ele>12.3</ele></trkpt><trkpt lat="-26.992002" lon="-48.643962"><ele>12.3</ele></trkpt><trkpt lat="-26.992002" lon="-48.643962"><ele>12.3</ele></trkpt><trkpt lat="-26.992002" lon="-48.643962"><ele>12.3</ele></trkpt><trkpt lat="-26.992002" lon="-48.643962"><ele>12.3</ele></trkpt><trkpt lat="-26.992002" lon="-48.643962"><ele>12.3</ele></trkpt><trkpt lat="-26.992002" lon="-48.643962"><ele>12.3</ele></trkpt><trkpt lat="-26.992002" lon="-48.643962"><ele>12.3</ele></trkpt><trkpt lat="-26.992002" lon="-48.643962"><ele>12.3</ele></trkpt><trkpt lat="-26.992002" lon="-48.643962"><ele>12.3</ele></trkpt><trkpt lat="-26.992002" lon="-48.643962"><ele>12.3</ele></trkpt><trkpt lat="-26.992002" lon="-48.643962"><ele>12.3</ele></trkpt><trkpt lat="-26.992002" lon="-48.643962"><ele>12.3</ele></trkpt><trkpt lat="-26.992002" lon="-48.643962"><ele>12.3</ele></trkpt><trkpt lat="-26.992002" lon="-48.643962"><ele>12.3</ele></trkpt><trkpt lat="-26.992002" lon="-48.643962"><ele>12.3</ele></trkpt><trkpt lat="-26.992002" lon="-48.643962"><ele>12.3</ele></trkpt><trkpt lat="-26.992002" lon="-48.643962"><ele>12.3</ele></trkpt><trkpt lat="-26.992002" lon="-48.643962"><ele>12.3</ele></trkpt><trkpt lat="-26.992002" lon="-48.643962"><ele>12.3</ele></trkpt><trkpt lat="-26.992002" lon="-48.643962"><ele>12.3</ele></trkpt><trkpt lat="-26.992002" lon="-48.643962"><ele>12.3</ele></trkpt><trkpt lat="-26.99201" lon="-48.64394"><ele>8</ele></trkpt><trkpt lat="-26.991997" lon="-48.643932"><ele>8.1</ele></trkpt><trkpt lat="-26.99198" lon="-48.643917"><ele>8.2</ele></trkpt><trkpt lat="-26.991962" lon="-48.643898"><ele>8.6</ele></trkpt><trkpt lat="-26.991943" lon="-48.643882"><ele>8.9</ele></trkpt><trkpt lat="-26.991933" lon="-48.643867"><ele>9.2</ele></trkpt><trkpt lat="-26.99193" lon="-48.64385"><ele>9.3</ele></trkpt><trkpt lat="-26.991935" lon="-48.643842"><ele>9.6</ele></trkpt><trkpt lat="-26.99194" lon="-48.643842"><ele>9.7</ele></trkpt><trkpt lat="-26.991952" lon="-48.643843"><ele>9.6</ele></trkpt><trkpt lat="-26.991965" lon="-48.643853"><ele>9.6</ele></trkpt><trkpt lat="-26.99198" lon="-48.643867"><ele>9.4</ele></trkpt><trkpt lat="-26.99198" lon="-48.643867"><ele>9.4</ele></trkpt><trkpt lat="-26.991997" lon="-48.643883"><ele>9</ele></trkpt><trkpt lat="-26.992007" lon="-48.643897"><ele>8.9</ele></trkpt><trkpt lat="-26.992015" lon="-48.643908"><ele>8.9</ele></trkpt><trkpt lat="-26.992018" lon="-48.643915"><ele>8.6</ele></trkpt><trkpt lat="-26.992017" lon="-48.643918"><ele>8.6</ele></trkpt><trkpt lat="-26.992015" lon="-48.643923"><ele>8.6</ele></trkpt><trkpt lat="-26.992013" lon="-48.643927"><ele>8.4</ele></trkpt><trkpt lat="-26.992012" lon="-48.64393"><ele>8.4</ele></trkpt><trkpt lat="-26.99201" lon="-48.643933"><ele>8.5</ele></trkpt><trkpt lat="-26.992008" lon="-48.643938"><ele>8.3</ele></trkpt><trkpt lat="-26.992005" lon="-48.643943"><ele>8.3</ele></trkpt><trkpt lat="-26.992002" lon="-48.643945"><ele>8.2</ele></trkpt><trkpt lat="-26.992002" lon="-48.643945"><ele>8.2</ele></trkpt><trkpt lat="-26.992003" lon="-48.643945"><ele>7.9</ele></trkpt><trkpt lat="-26.992003" lon="-48.643945"><ele>7.9</ele></trkpt><trkpt lat="-26.992012" lon="-48.643942"><ele>7.9</ele></trkpt><trkpt lat="-26.992018" lon="-48.643937"><ele>8.1</ele></trkpt><trkpt lat="-26.992018" lon="-48.643937"><ele>8.1</ele></trkpt><trkpt lat="-26.992018" lon="-48.643937"><ele>8.1</ele></trkpt><trkpt lat="-26.992018" lon="-48.643937"><ele>8.1</ele></trkpt><trkpt lat="-26.992018" lon="-48.643937"><ele>8.1</ele></trkpt><trkpt lat="-26.992018" lon="-48.643937"><ele>8.1</ele></trkpt><trkpt lat="-26.992028" lon="-48.64393"><ele>8.2</ele></trkpt><trkpt lat="-26.992025" lon="-48.64393"><ele>8</ele></trkpt><trkpt lat="-26.992022" lon="-48.643933"><ele>7.9</ele></trkpt><trkpt lat="-26.992015" lon="-48.643938"><ele>7.6</ele></trkpt><trkpt lat="-26.992012" lon="-48.643943"><ele>7.3</ele></trkpt><trkpt lat="-26.992007" lon="-48.643947"><ele>7.3</ele></trkpt><trkpt lat="-26.992007" lon="-48.643947"><ele>7.3</ele></trkpt><trkpt lat="-26.992007" lon="-48.643947"><ele>7.3</ele></trkpt><trkpt lat="-26.992007" lon="-48.643947"><ele>7.3</ele></trkpt><trkpt lat="-26.992007" lon="-48.643947"><ele>7.3</ele></trkpt><trkpt lat="-26.992007" lon="-48.643947"><ele>7.3</ele></trkpt><trkpt lat="-26.991983" lon="-48.64397"><ele>5.9</ele></trkpt><trkpt lat="-26.991973" lon="-48.643967"><ele>5.5</ele></trkpt><trkpt lat="-26.991962" lon="-48.643958"><ele>5.3</ele></trkpt><trkpt lat="-26.991957" lon="-48.643928"><ele>5.4</ele></trkpt><trkpt lat="-26.991945" lon="-48.643905"><ele>5.8</ele></trkpt><trkpt lat="-26.99193" lon="-48.643885"><ele>6.3</ele></trkpt><trkpt lat="-26.991913" lon="-48.643862"><ele>6.9</ele></trkpt><trkpt lat="-26.991895" lon="-48.643842"><ele>7.8</ele></trkpt><trkpt lat="-26.99188" lon="-48.64382"><ele>8.9</ele></trkpt><trkpt lat="-26.991867" lon="-48.643803"><ele>10.2</ele></trkpt><trkpt lat="-26.991855" lon="-48.643787"><ele>10.9</ele></trkpt><trkpt lat="-26.991852" lon="-48.643778"><ele>11.6</ele></trkpt><trkpt lat="-26.99185" lon="-48.643773"><ele>12</ele></trkpt><trkpt lat="-26.991847" lon="-48.643773"><ele>11.9</ele></trkpt><trkpt lat="-26.99185" lon="-48.64377"><ele>11.6</ele></trkpt><trkpt lat="-26.991853" lon="-48.643768"><ele>11.6</ele></trkpt><trkpt lat="-26.991855" lon="-48.643768"><ele>11.4</ele></trkpt><trkpt lat="-26.991855" lon="-48.643768"><ele>11.4</ele></trkpt><trkpt lat="-26.991858" lon="-48.64377"><ele>10.8</ele></trkpt><trkpt lat="-26.99186" lon="-48.643772"><ele>10.4</ele></trkpt><trkpt lat="-26.99186" lon="-48.643773"><ele>10.1</ele></trkpt><trkpt lat="-26.99186" lon="-48.643773"><ele>10.1</ele></trkpt><trkpt lat="-26.991858" lon="-48.643773"><ele>9.8</ele></trkpt><trkpt lat="-26.991857" lon="-48.643773"><ele>9.6</ele></trkpt><trkpt lat="-26.991857" lon="-48.643773"><ele>9.6</ele></trkpt><trkpt lat="-26.991857" lon="-48.643773"><ele>9.6</ele></trkpt><trkpt lat="-26.991857" lon="-48.643773"><ele>9.6</ele></trkpt><trkpt lat="-26.991857" lon="-48.643773"><ele>9.6</ele></trkpt><trkpt lat="-26.991857" lon="-48.643773"><ele>9.6</ele></trkpt><trkpt lat="-26.991857" lon="-48.643773"><ele>9.6</ele></trkpt><trkpt lat="-26.991857" lon="-48.643773"><ele>9.6</ele></trkpt><trkpt lat="-26.991857" lon="-48.643773"><ele>9.6</ele></trkpt><trkpt lat="-26.991857" lon="-48.643773"><ele>9.6</ele></trkpt><trkpt lat="-26.991857" lon="-48.643773"><ele>9.6</ele></trkpt><trkpt lat="-26.991857" lon="-48.643773"><ele>9.6</ele></trkpt><trkpt lat="-26.991857" lon="-48.643773"><ele>9.6</ele></trkpt><trkpt lat="-26.991857" lon="-48.643773"><ele>9.6</ele></trkpt><trkpt lat="-26.991857" lon="-48.643773"><ele>9.6</ele></trkpt><trkpt lat="-26.991857" lon="-48.643773"><ele>9.6</ele></trkpt><trkpt lat="-26.991857" lon="-48.643773"><ele>9.6</ele></trkpt><trkpt lat="-26.991857" lon="-48.643773"><ele>9.6</ele></trkpt><trkpt lat="-26.991857" lon="-48.643773"><ele>9.6</ele></trkpt><trkpt lat="-26.991857" lon="-48.643773"><ele>9.6</ele></trkpt><trkpt lat="-26.991853" lon="-48.643732"><ele>10</ele></trkpt><trkpt lat="-26.991847" lon="-48.643722"><ele>10</ele></trkpt><trkpt lat="-26.991833" lon="-48.643707"><ele>9.8</ele></trkpt><trkpt lat="-26.991818" lon="-48.643692"><ele>9.7</ele></trkpt><trkpt lat="-26.991802" lon="-48.643672"><ele>9.6</ele></trkpt><trkpt lat="-26.991785" lon="-48.643647"><ele>9.3</ele></trkpt><trkpt lat="-26.991768" lon="-48.64362"><ele>9</ele></trkpt><trkpt lat="-26.991753" lon="-48.643593"><ele>8.8</ele></trkpt><trkpt lat="-26.991737" lon="-48.643568"><ele>8.5</ele></trkpt><trkpt lat="-26.991717" lon="-48.643548"><ele>8.3</ele></trkpt><trkpt lat="-26.9917" lon="-48.643525"><ele>8.8</ele></trkpt><trkpt lat="-26.991685" lon="-48.643507"><ele>9.2</ele></trkpt><trkpt lat="-26.991667" lon="-48.643487"><ele>8.6</ele></trkpt><trkpt lat="-26.99165" lon="-48.643478"><ele>7.6</ele></trkpt><trkpt lat="-26.991637" lon="-48.643462"><ele>7.7</ele></trkpt><trkpt lat="-26.991622" lon="-48.64344"><ele>6.9</ele></trkpt><trkpt lat="-26.991612" lon="-48.643425"><ele>7.1</ele></trkpt><trkpt lat="-26.991608" lon="-48.643415"><ele>6.8</ele></trkpt><trkpt lat="-26.991608" lon="-48.643415"><ele>6.8</ele></trkpt><trkpt lat="-26.991608" lon="-48.643417"><ele>6.2</ele></trkpt><trkpt lat="-26.991607" lon="-48.64342"><ele>6.3</ele></trkpt><trkpt lat="-26.991605" lon="-48.643422"><ele>6.4</ele></trkpt><trkpt lat="-26.991603" lon="-48.64342"><ele>6.4</ele></trkpt><trkpt lat="-26.991602" lon="-48.643418"><ele>6.5</ele></trkpt><trkpt lat="-26.991598" lon="-48.643417"><ele>6.5</ele></trkpt><trkpt lat="-26.991595" lon="-48.643417"><ele>6.5</ele></trkpt><trkpt lat="-26.991595" lon="-48.643415"><ele>6.5</ele></trkpt><trkpt lat="-26.991595" lon="-48.643415"><ele>6.5</ele></trkpt><trkpt lat="-26.991593" lon="-48.643413"><ele>6.5</ele></trkpt><trkpt lat="-26.991592" lon="-48.643413"><ele>6.7</ele></trkpt><trkpt lat="-26.991592" lon="-48.643413"><ele>6.7</ele></trkpt><trkpt lat="-26.991592" lon="-48.643413"><ele>6.7</ele></trkpt><trkpt lat="-26.991582" lon="-48.643408"><ele>6.5</ele></trkpt><trkpt lat="-26.991575" lon="-48.6434"><ele>6.4</ele></trkpt><trkpt lat="-26.991565" lon="-48.643388"><ele>6.3</ele></trkpt><trkpt lat="-26.991542" lon="-48.643372"><ele>6</ele></trkpt><trkpt lat="-26.991522" lon="-48.643358"><ele>5.7</ele></trkpt><trkpt lat="-26.991505" lon="-48.643343"><ele>5</ele></trkpt><trkpt lat="-26.991487" lon="-48.643325"><ele>4.9</ele></trkpt><trkpt lat="-26.991468" lon="-48.643307"><ele>4.7</ele></trkpt><trkpt lat="-26.991448" lon="-48.643292"><ele>4.6</ele></trkpt><trkpt lat="-26.991428" lon="-48.643275"><ele>4.9</ele></trkpt><trkpt lat="-26.991412" lon="-48.643258"><ele>4.8</ele></trkpt><trkpt lat="-26.991392" lon="-48.64324"><ele>4.5</ele></trkpt><trkpt lat="-26.991372" lon="-48.643222"><ele>4.6</ele></trkpt><trkpt lat="-26.991347" lon="-48.643203"><ele>4.5</ele></trkpt><trkpt lat="-26.99132" lon="-48.643192"><ele>3.9</ele></trkpt><trkpt lat="-26.991302" lon="-48.643187"><ele>3.5</ele></trkpt><trkpt lat="-26.991292" lon="-48.643187"><ele>3.7</ele></trkpt><trkpt lat="-26.991288" lon="-48.64319"><ele>4.5</ele></trkpt><trkpt lat="-26.991285" lon="-48.643192"><ele>5.4</ele></trkpt><trkpt lat="-26.991285" lon="-48.643192"><ele>6.2</ele></trkpt><trkpt lat="-26.991287" lon="-48.643193"><ele>6.9</ele></trkpt><trkpt lat="-26.991288" lon="-48.643193"><ele>7.5</ele></trkpt><trkpt lat="-26.991288" lon="-48.643195"><ele>7.9</ele></trkpt><trkpt lat="-26.99129" lon="-48.643193"><ele>8.2</ele></trkpt><trkpt lat="-26.99129" lon="-48.643193"><ele>8.2</ele></trkpt><trkpt lat="-26.991293" lon="-48.643192"><ele>8.4</ele></trkpt><trkpt lat="-26.991295" lon="-48.64319"><ele>8.5</ele></trkpt><trkpt lat="-26.991295" lon="-48.643188"><ele>8.7</ele></trkpt><trkpt lat="-26.991295" lon="-48.643188"><ele>8.7</ele></trkpt><trkpt lat="-26.991295" lon="-48.643188"><ele>8.7</ele></trkpt><trkpt lat="-26.991295" lon="-48.643188"><ele>8.7</ele></trkpt><trkpt lat="-26.991295" lon="-48.643188"><ele>8.7</ele></trkpt><trkpt lat="-26.991295" lon="-48.643188"><ele>8.7</ele></trkpt><trkpt lat="-26.991295" lon="-48.643188"><ele>8.7</ele></trkpt><trkpt lat="-26.991295" lon="-48.643188"><ele>8.7</ele></trkpt><trkpt lat="-26.991295" lon="-48.643188"><ele>8.7</ele></trkpt><trkpt lat="-26.991295" lon="-48.643188"><ele>8.7</ele></trkpt><trkpt lat="-26.991295" lon="-48.643188"><ele>8.7</ele></trkpt><trkpt lat="-26.991295" lon="-48.643188"><ele>8.7</ele></trkpt><trkpt lat="-26.991275" lon="-48.643163"><ele>7.5</ele></trkpt><trkpt lat="-26.991263" lon="-48.643157"><ele>7</ele></trkpt><trkpt lat="-26.991252" lon="-48.643152"><ele>6.7</ele></trkpt><trkpt lat="-26.99125" lon="-48.643145"><ele>6.1</ele></trkpt><trkpt lat="-26.991253" lon="-48.643135"><ele>5.7</ele></trkpt><trkpt lat="-26.991253" lon="-48.64313"><ele>5.3</ele></trkpt><trkpt lat="-26.991253" lon="-48.64313"><ele>5.1</ele></trkpt><trkpt lat="-26.99125" lon="-48.643135"><ele>5.1</ele></trkpt><trkpt lat="-26.991252" lon="-48.643138"><ele>5.2</ele></trkpt><trkpt lat="-26.991248" lon="-48.643142"><ele>5.3</ele></trkpt><trkpt lat="-26.991243" lon="-48.643142"><ele>5.2</ele></trkpt><trkpt lat="-26.991243" lon="-48.643142"><ele>5.3</ele></trkpt><trkpt lat="-26.991243" lon="-48.643142"><ele>5</ele></trkpt><trkpt lat="-26.991245" lon="-48.643142"><ele>4.7</ele></trkpt><trkpt lat="-26.991247" lon="-48.643142"><ele>4.8</ele></trkpt><trkpt lat="-26.991248" lon="-48.64314"><ele>5</ele></trkpt><trkpt lat="-26.991248" lon="-48.64314"><ele>5</ele></trkpt><trkpt lat="-26.991248" lon="-48.64314"><ele>5</ele></trkpt><trkpt lat="-26.991248" lon="-48.64314"><ele>5</ele></trkpt><trkpt lat="-26.991248" lon="-48.64314"><ele>5</ele></trkpt><trkpt lat="-26.991248" lon="-48.64314"><ele>5</ele></trkpt><trkpt lat="-26.991248" lon="-48.64314"><ele>5</ele></trkpt><trkpt lat="-26.991248" lon="-48.64314"><ele>5</ele></trkpt><trkpt lat="-26.991248" lon="-48.64314"><ele>5</ele></trkpt><trkpt lat="-26.991248" lon="-48.64314"><ele>5</ele></trkpt><trkpt lat="-26.991248" lon="-48.64314"><ele>5</ele></trkpt><trkpt lat="-26.991248" lon="-48.64314"><ele>5</ele></trkpt><trkpt lat="-26.991248" lon="-48.64314"><ele>5</ele></trkpt><trkpt lat="-26.991248" lon="-48.64314"><ele>5</ele></trkpt><trkpt lat="-26.991248" lon="-48.64314"><ele>5</ele></trkpt><trkpt lat="-26.991248" lon="-48.64314"><ele>5</ele></trkpt><trkpt lat="-26.991248" lon="-48.64314"><ele>5</ele></trkpt><trkpt lat="-26.991248" lon="-48.64314"><ele>5</ele></trkpt><trkpt lat="-26.991248" lon="-48.64314"><ele>5</ele></trkpt><trkpt lat="-26.991248" lon="-48.64314"><ele>5</ele></trkpt><trkpt lat="-26.991248" lon="-48.64314"><ele>5</ele></trkpt><trkpt lat="-26.991235" lon="-48.643143"><ele>7</ele></trkpt><trkpt lat="-26.99123" lon="-48.643135"><ele>7.1</ele></trkpt><trkpt lat="-26.99122" lon="-48.643125"><ele>6.7</ele></trkpt><trkpt lat="-26.991207" lon="-48.643118"><ele>6.4</ele></trkpt><trkpt lat="-26.991205" lon="-48.643108"><ele>5.8</ele></trkpt><trkpt lat="-26.991207" lon="-48.643102"><ele>5.4</ele></trkpt><trkpt lat="-26.991207" lon="-48.643098"><ele>5.2</ele></trkpt><trkpt lat="-26.99121" lon="-48.643095"><ele>4.9</ele></trkpt><trkpt lat="-26.991217" lon="-48.643092"><ele>4.6</ele></trkpt><trkpt lat="-26.991217" lon="-48.643092"><ele>4.6</ele></trkpt><trkpt lat="-26.991222" lon="-48.64309"><ele>4.5</ele></trkpt><trkpt lat="-26.991227" lon="-48.643092"><ele>4.8</ele></trkpt><trkpt lat="-26.991225" lon="-48.64309"><ele>4.7</ele></trkpt><trkpt lat="-26.991225" lon="-48.643083"><ele>5</ele></trkpt><trkpt lat="-26.99122" lon="-48.643073"><ele>5.2</ele></trkpt><trkpt lat="-26.991215" lon="-48.643072"><ele>5.6</ele></trkpt><trkpt lat="-26.99121" lon="-48.64307"><ele>5.6</ele></trkpt><trkpt lat="-26.991205" lon="-48.643068"><ele>5.8</ele></trkpt><trkpt lat="-26.991205" lon="-48.643068"><ele>5.8</ele></trkpt><trkpt lat="-26.991205" lon="-48.643068"><ele>5.8</ele></trkpt><trkpt lat="-26.991205" lon="-48.643068"><ele>5.8</ele></trkpt><trkpt lat="-26.991205" lon="-48.643068"><ele>5.8</ele></trkpt><trkpt lat="-26.991205" lon="-48.643068"><ele>5.8</ele></trkpt><trkpt lat="-26.991205" lon="-48.643068"><ele>5.8</ele></trkpt><trkpt lat="-26.991205" lon="-48.643068"><ele>5.8</ele></trkpt><trkpt lat="-26.991205" lon="-48.643068"><ele>5.8</ele></trkpt><trkpt lat="-26.991205" lon="-48.643068"><ele>5.8</ele></trkpt><trkpt lat="-26.991205" lon="-48.643068"><ele>5.8</ele></trkpt><trkpt lat="-26.991205" lon="-48.643068"><ele>5.8</ele></trkpt><trkpt lat="-26.991205" lon="-48.643068"><ele>5.8</ele></trkpt><trkpt lat="-26.991205" lon="-48.643068"><ele>5.8</ele></trkpt><trkpt lat="-26.991205" lon="-48.643068"><ele>5.8</ele></trkpt><trkpt lat="-26.991205" lon="-48.643068"><ele>5.8</ele></trkpt><trkpt lat="-26.991205" lon="-48.643068"><ele>5.8</ele></trkpt><trkpt lat="-26.991205" lon="-48.643068"><ele>5.8</ele></trkpt><trkpt lat="-26.991205" lon="-48.643068"><ele>5.8</ele></trkpt><trkpt lat="-26.991205" lon="-48.643068"><ele>5.8</ele></trkpt><trkpt lat="-26.991205" lon="-48.643068"><ele>5.8</ele></trkpt><trkpt lat="-26.991205" lon="-48.643068"><ele>5.8</ele></trkpt><trkpt lat="-26.991205" lon="-48.643068"><ele>5.8</ele></trkpt><trkpt lat="-26.991205" lon="-48.643068"><ele>5.8</ele></trkpt><trkpt lat="-26.991205" lon="-48.643068"><ele>5.8</ele></trkpt><trkpt lat="-26.991207" lon="-48.643077"><ele>3.6</ele></trkpt><trkpt lat="-26.991202" lon="-48.643067"><ele>3.4</ele></trkpt><trkpt lat="-26.991195" lon="-48.643048"><ele>3.4</ele></trkpt><trkpt lat="-26.991188" lon="-48.643018"><ele>3.5</ele></trkpt><trkpt lat="-26.99119" lon="-48.642983"><ele>3.4</ele></trkpt><trkpt lat="-26.991193" lon="-48.642953"><ele>3.5</ele></trkpt><trkpt lat="-26.9912" lon="-48.642933"><ele>3.2</ele></trkpt><trkpt lat="-26.991213" lon="-48.642918"><ele>3.1</ele></trkpt><trkpt lat="-26.991223" lon="-48.642912"><ele>3.1</ele></trkpt><trkpt lat="-26.99123" lon="-48.642913"><ele>3.4</ele></trkpt><trkpt lat="-26.99123" lon="-48.642913"><ele>3.4</ele></trkpt><trkpt lat="-26.991235" lon="-48.642907"><ele>3.4</ele></trkpt><trkpt lat="-26.991243" lon="-48.642897"><ele>3.4</ele></trkpt><trkpt lat="-26.991248" lon="-48.642885"><ele>3.4</ele></trkpt><trkpt lat="-26.991258" lon="-48.642873"><ele>3.8</ele></trkpt><trkpt lat="-26.99127" lon="-48.642867"><ele>4.1</ele></trkpt><trkpt lat="-26.991273" lon="-48.642855"><ele>4.5</ele></trkpt><trkpt lat="-26.991275" lon="-48.64285"><ele>4.2</ele></trkpt><trkpt lat="-26.991278" lon="-48.64285"><ele>3.9</ele></trkpt><trkpt lat="-26.991278" lon="-48.64285"><ele>3.8</ele></trkpt><trkpt lat="-26.991278" lon="-48.64285"><ele>3.8</ele></trkpt><trkpt lat="-26.991282" lon="-48.64285"><ele>3.8</ele></trkpt><trkpt lat="-26.991283" lon="-48.64285"><ele>4</ele></trkpt><trkpt lat="-26.991285" lon="-48.64285"><ele>3.8</ele></trkpt><trkpt lat="-26.991287" lon="-48.642845"><ele>3.5</ele></trkpt><trkpt lat="-26.99129" lon="-48.642838"><ele>3</ele></trkpt><trkpt lat="-26.991292" lon="-48.642835"><ele>2.8</ele></trkpt><trkpt lat="-26.991295" lon="-48.642835"><ele>2.6</ele></trkpt><trkpt lat="-26.991297" lon="-48.642837"><ele>2.6</ele></trkpt><trkpt lat="-26.991297" lon="-48.642837"><ele>2.6</ele></trkpt><trkpt lat="-26.991297" lon="-48.642837"><ele>2.6</ele></trkpt><trkpt lat="-26.991297" lon="-48.642837"><ele>2.6</ele></trkpt><trkpt lat="-26.991297" lon="-48.642837"><ele>2.6</ele></trkpt><trkpt lat="-26.991297" lon="-48.642837"><ele>2.6</ele></trkpt><trkpt lat="-26.991297" lon="-48.642837"><ele>2.6</ele></trkpt><trkpt lat="-26.991297" lon="-48.642837"><ele>2.6</ele></trkpt><trkpt lat="-26.991297" lon="-48.642837"><ele>2.6</ele></trkpt><trkpt lat="-26.991297" lon="-48.642837"><ele>2.6</ele></trkpt><trkpt lat="-26.991297" lon="-48.642837"><ele>2.6</ele></trkpt><trkpt lat="-26.991297" lon="-48.642837"><ele>2.6</ele></trkpt><trkpt lat="-26.991297" lon="-48.642837"><ele>2.6</ele></trkpt><trkpt lat="-26.991297" lon="-48.642837"><ele>2.6</ele></trkpt><trkpt lat="-26.991297" lon="-48.642837"><ele>2.6</ele></trkpt><trkpt lat="-26.991272" lon="-48.642845"><ele>2.2</ele></trkpt><trkpt lat="-26.991268" lon="-48.642847"><ele>2.2</ele></trkpt><trkpt lat="-26.991265" lon="-48.64285"><ele>2.1</ele></trkpt><trkpt lat="-26.991262" lon="-48.642853"><ele>2.2</ele></trkpt><trkpt lat="-26.991258" lon="-48.642853"><ele>2.3</ele></trkpt><trkpt lat="-26.991255" lon="-48.642855"><ele>2.3</ele></trkpt><trkpt lat="-26.991252" lon="-48.642857"><ele>2.4</ele></trkpt><trkpt lat="-26.99125" lon="-48.642862"><ele>2.5</ele></trkpt><trkpt lat="-26.991248" lon="-48.64287"><ele>2.7</ele></trkpt><trkpt lat="-26.991245" lon="-48.642877"><ele>2.9</ele></trkpt><trkpt lat="-26.991245" lon="-48.642878"><ele>3</ele></trkpt><trkpt lat="-26.991247" lon="-48.642877"><ele>2.9</ele></trkpt><trkpt lat="-26.991248" lon="-48.642877"><ele>2.6</ele></trkpt><trkpt lat="-26.99125" lon="-48.642875"><ele>2.5</ele></trkpt><trkpt lat="-26.991252" lon="-48.642872"><ele>2.6</ele></trkpt><trkpt lat="-26.991253" lon="-48.64287"><ele>2.6</ele></trkpt><trkpt lat="-26.991255" lon="-48.642868"><ele>2.8</ele></trkpt><trkpt lat="-26.991258" lon="-48.642862"><ele>3</ele></trkpt><trkpt lat="-26.991258" lon="-48.642862"><ele>3</ele></trkpt><trkpt lat="-26.991258" lon="-48.642862"><ele>3</ele></trkpt><trkpt lat="-26.991258" lon="-48.642862"><ele>3</ele></trkpt><trkpt lat="-26.991258" lon="-48.642862"><ele>3</ele></trkpt><trkpt lat="-26.991258" lon="-48.642862"><ele>3</ele></trkpt><trkpt lat="-26.991258" lon="-48.642862"><ele>3</ele></trkpt><trkpt lat="-26.991258" lon="-48.642862"><ele>3</ele></trkpt><trkpt lat="-26.991258" lon="-48.642862"><ele>3</ele></trkpt><trkpt lat="-26.991207" lon="-48.64276"><ele>24.9</ele></trkpt><trkpt lat="-26.9912" lon="-48.64276"><ele>26.8</ele></trkpt><trkpt lat="-26.991178" lon="-48.6426"><ele>53.2</ele></trkpt><trkpt lat="-26.991177" lon="-48.6426"><ele>55.8</ele></trkpt><trkpt lat="-26.991177" lon="-48.6426"><ele>55.8</ele></trkpt><trkpt lat="-26.991157" lon="-48.642457"><ele>81.5</ele></trkpt><trkpt lat="-26.99115" lon="-48.64246"><ele>83.3</ele></trkpt><trkpt lat="-26.991147" lon="-48.642458"><ele>86.9</ele></trkpt><trkpt lat="-26.991153" lon="-48.642467"><ele>90.1</ele></trkpt><trkpt lat="-26.991155" lon="-48.642462"><ele>90.3</ele></trkpt><trkpt lat="-26.991157" lon="-48.642462"><ele>90.1</ele></trkpt><trkpt lat="-26.991138" lon="-48.642468"><ele>89.4</ele></trkpt><trkpt lat="-26.991123" lon="-48.642473"><ele>88.9</ele></trkpt><trkpt lat="-26.991123" lon="-48.642473"><ele>88.9</ele></trkpt><trkpt lat="-26.991123" lon="-48.642473"><ele>88.9</ele></trkpt><trkpt lat="-26.991102" lon="-48.642503"><ele>87.5</ele></trkpt><trkpt lat="-26.9911" lon="-48.642507"><ele>86.7</ele></trkpt><trkpt lat="-26.991093" lon="-48.64251"><ele>86.8</ele></trkpt><trkpt lat="-26.99109" lon="-48.642507"><ele>86.6</ele></trkpt><trkpt lat="-26.99109" lon="-48.642507"><ele>86.5</ele></trkpt><trkpt lat="-26.991088" lon="-48.642507"><ele>86.2</ele></trkpt><trkpt lat="-26.991088" lon="-48.642507"><ele>86</ele></trkpt><trkpt lat="-26.991085" lon="-48.64251"><ele>86</ele></trkpt><trkpt lat="-26.991082" lon="-48.642512"><ele>86.2</ele></trkpt><trkpt lat="-26.991082" lon="-48.642512"><ele>86.2</ele></trkpt><trkpt lat="-26.991082" lon="-48.642517"><ele>86.2</ele></trkpt><trkpt lat="-26.991087" lon="-48.642518"><ele>85.9</ele></trkpt><trkpt lat="-26.991092" lon="-48.642517"><ele>85.7</ele></trkpt><trkpt lat="-26.991092" lon="-48.64251"><ele>85.6</ele></trkpt><trkpt lat="-26.991097" lon="-48.642505"><ele>85.5</ele></trkpt><trkpt lat="-26.991105" lon="-48.642508"><ele>85.2</ele></trkpt><trkpt lat="-26.991103" lon="-48.642512"><ele>84.8</ele></trkpt><trkpt lat="-26.991102" lon="-48.642512"><ele>84.2</ele></trkpt><trkpt lat="-26.9911" lon="-48.642508"><ele>83.5</ele></trkpt><trkpt lat="-26.9911" lon="-48.642513"><ele>82.9</ele></trkpt><trkpt lat="-26.991097" lon="-48.642517"><ele>82.1</ele></trkpt><trkpt lat="-26.991093" lon="-48.64252"><ele>81.4</ele></trkpt><trkpt lat="-26.99109" lon="-48.642525"><ele>80.8</ele></trkpt><trkpt lat="-26.99109" lon="-48.642525"><ele>80.8</ele></trkpt><trkpt lat="-26.99109" lon="-48.642525"><ele>80.8</ele></trkpt><trkpt lat="-26.99109" lon="-48.642525"><ele>80.8</ele></trkpt><trkpt lat="-26.99109" lon="-48.642525"><ele>80.8</ele></trkpt><trkpt lat="-26.99109" lon="-48.642525"><ele>80.8</ele></trkpt><trkpt lat="-26.99109" lon="-48.642525"><ele>80.8</ele></trkpt><trkpt lat="-26.99109" lon="-48.642525"><ele>80.8</ele></trkpt><trkpt lat="-26.99109" lon="-48.642525"><ele>80.8</ele></trkpt><trkpt lat="-26.99109" lon="-48.642525"><ele>80.8</ele></trkpt><trkpt lat="-26.99109" lon="-48.642525"><ele>80.8</ele></trkpt><trkpt lat="-26.99109" lon="-48.642525"><ele>80.8</ele></trkpt><trkpt lat="-26.99109" lon="-48.642525"><ele>80.8</ele></trkpt><trkpt lat="-26.99109" lon="-48.642525"><ele>80.8</ele></trkpt><trkpt lat="-26.99109" lon="-48.642525"><ele>80.8</ele></trkpt><trkpt lat="-26.99109" lon="-48.642525"><ele>80.8</ele></trkpt><trkpt lat="-26.99109" lon="-48.642525"><ele>80.8</ele></trkpt><trkpt lat="-26.99109" lon="-48.642525"><ele>80.8</ele></trkpt><trkpt lat="-26.99109" lon="-48.642525"><ele>80.8</ele></trkpt><trkpt lat="-26.991127" lon="-48.64259"><ele>74.2</ele></trkpt><trkpt lat="-26.991128" lon="-48.642602"><ele>73.9</ele></trkpt><trkpt lat="-26.99113" lon="-48.642622"><ele>73.2</ele></trkpt><trkpt lat="-26.99113" lon="-48.642645"><ele>72.6</ele></trkpt><trkpt lat="-26.991132" lon="-48.642658"><ele>72.1</ele></trkpt><trkpt lat="-26.991137" lon="-48.64267"><ele>71.9</ele></trkpt><trkpt lat="-26.991138" lon="-48.642672"><ele>71.5</ele></trkpt><trkpt lat="-26.991138" lon="-48.64267"><ele>70.9</ele></trkpt><trkpt lat="-26.991138" lon="-48.642673"><ele>69.9</ele></trkpt><trkpt lat="-26.991137" lon="-48.642678"><ele>69.1</ele></trkpt><trkpt lat="-26.991133" lon="-48.642682"><ele>68.7</ele></trkpt><trkpt lat="-26.991133" lon="-48.642687"><ele>68.4</ele></trkpt><trkpt lat="-26.991133" lon="-48.642695"><ele>67.8</ele></trkpt><trkpt lat="-26.991133" lon="-48.642697"><ele>67.4</ele></trkpt><trkpt lat="-26.991133" lon="-48.642697"><ele>67.4</ele></trkpt><trkpt lat="-26.991133" lon="-48.642697"><ele>67.4</ele></trkpt><trkpt lat="-26.991133" lon="-48.642697"><ele>67.4</ele></trkpt><trkpt lat="-26.991133" lon="-48.642697"><ele>67.4</ele></trkpt><trkpt lat="-26.991133" lon="-48.642697"><ele>67.4</ele></trkpt><trkpt lat="-26.991137" lon="-48.642758"><ele>61</ele></trkpt><trkpt lat="-26.99114" lon="-48.642778"><ele>59.2</ele></trkpt><trkpt lat="-26.991138" lon="-48.642795"><ele>58</ele></trkpt><trkpt lat="-26.991138" lon="-48.642818"><ele>56.6</ele></trkpt><trkpt lat="-26.991138" lon="-48.642838"><ele>55.9</ele></trkpt><trkpt lat="-26.991133" lon="-48.64286"><ele>55.6</ele></trkpt><trkpt lat="-26.991133" lon="-48.642882"><ele>54.5</ele></trkpt><trkpt lat="-26.991132" lon="-48.642903"><ele>52.8</ele></trkpt><trkpt lat="-26.991127" lon="-48.642922"><ele>51.6</ele></trkpt><trkpt lat="-26.991125" lon="-48.642938"><ele>50.7</ele></trkpt><trkpt lat="-26.991125" lon="-48.642972"><ele>46.5</ele></trkpt><trkpt lat="-26.991118" lon="-48.642982"><ele>44.8</ele></trkpt><trkpt lat="-26.991115" lon="-48.642982"><ele>40.8</ele></trkpt><trkpt lat="-26.991113" lon="-48.642973"><ele>36.6</ele></trkpt><trkpt lat="-26.991117" lon="-48.64296"><ele>34.7</ele></trkpt><trkpt lat="-26.991118" lon="-48.642963"><ele>33.5</ele></trkpt><trkpt lat="-26.99112" lon="-48.642968"><ele>32.5</ele></trkpt><trkpt lat="-26.991122" lon="-48.642968"><ele>31.5</ele></trkpt><trkpt lat="-26.991125" lon="-48.64297"><ele>30.4</ele></trkpt><trkpt lat="-26.991125" lon="-48.64297"><ele>29.2</ele></trkpt><trkpt lat="-26.991128" lon="-48.642973"><ele>28</ele></trkpt><trkpt lat="-26.991132" lon="-48.64298"><ele>26.7</ele></trkpt><trkpt lat="-26.991135" lon="-48.642983"><ele>25.7</ele></trkpt><trkpt lat="-26.991135" lon="-48.642983"><ele>25.7</ele></trkpt><trkpt lat="-26.991138" lon="-48.642988"><ele>24.8</ele></trkpt><trkpt lat="-26.991138" lon="-48.642988"><ele>24.8</ele></trkpt><trkpt lat="-26.991142" lon="-48.642992"><ele>24</ele></trkpt><trkpt lat="-26.991142" lon="-48.642992"><ele>24</ele></trkpt><trkpt lat="-26.991142" lon="-48.642992"><ele>24</ele></trkpt><trkpt lat="-26.991142" lon="-48.642992"><ele>24</ele></trkpt><trkpt lat="-26.991142" lon="-48.642992"><ele>24</ele></trkpt><trkpt lat="-26.991142" lon="-48.642992"><ele>24</ele></trkpt><trkpt lat="-26.991142" lon="-48.642992"><ele>24</ele></trkpt><trkpt lat="-26.991142" lon="-48.642992"><ele>24</ele></trkpt><trkpt lat="-26.991142" lon="-48.642992"><ele>24</ele></trkpt><trkpt lat="-26.991142" lon="-48.642992"><ele>24</ele></trkpt><trkpt lat="-26.991142" lon="-48.642992"><ele>24</ele></trkpt><trkpt lat="-26.991142" lon="-48.642992"><ele>24</ele></trkpt><trkpt lat="-26.991142" lon="-48.642992"><ele>24</ele></trkpt><trkpt lat="-26.991142" lon="-48.642992"><ele>24</ele></trkpt><trkpt lat="-26.991142" lon="-48.642992"><ele>24</ele></trkpt><trkpt lat="-26.991142" lon="-48.642992"><ele>24</ele></trkpt><trkpt lat="-26.991142" lon="-48.642992"><ele>24</ele></trkpt><trkpt lat="-26.991142" lon="-48.642992"><ele>24</ele></trkpt><trkpt lat="-26.99116" lon="-48.643007"><ele>15.8</ele></trkpt><trkpt lat="-26.99117" lon="-48.642993"><ele>14.2</ele></trkpt><trkpt lat="-26.991175" lon="-48.642972"><ele>13.2</ele></trkpt><trkpt lat="-26.991182" lon="-48.642945"><ele>12.3</ele></trkpt><trkpt lat="-26.991195" lon="-48.642917"><ele>11</ele></trkpt><trkpt lat="-26.991218" lon="-48.642887"><ele>9.6</ele></trkpt><trkpt lat="-26.991242" lon="-48.642857"><ele>8.7</ele></trkpt><trkpt lat="-26.991267" lon="-48.642828"><ele>7.9</ele></trkpt><trkpt lat="-26.991298" lon="-48.642807"><ele>6.6</ele></trkpt><trkpt lat="-26.99133" lon="-48.64279"><ele>5.9</ele></trkpt><trkpt lat="-26.991358" lon="-48.642772"><ele>5.3</ele></trkpt><trkpt lat="-26.991382" lon="-48.642758"><ele>4.7</ele></trkpt><trkpt lat="-26.991398" lon="-48.64275"><ele>4.6</ele></trkpt><trkpt lat="-26.991418" lon="-48.642747"><ele>4.4</ele></trkpt><trkpt lat="-26.991428" lon="-48.642743"><ele>4.7</ele></trkpt><trkpt lat="-26.991438" lon="-48.642742"><ele>4.7</ele></trkpt><trkpt lat="-26.99144" lon="-48.642742"><ele>4.7</ele></trkpt><trkpt lat="-26.991438" lon="-48.642742"><ele>4.7</ele></trkpt><trkpt lat="-26.991438" lon="-48.642742"><ele>4.6</ele></trkpt><trkpt lat="-26.991438" lon="-48.642742"><ele>4.6</ele></trkpt><trkpt lat="-26.991438" lon="-48.642743"><ele>4.9</ele></trkpt><trkpt lat="-26.991443" lon="-48.642743"><ele>5.1</ele></trkpt><trkpt lat="-26.991443" lon="-48.64274"><ele>5.4</ele></trkpt><trkpt lat="-26.991443" lon="-48.64274"><ele>5.4</ele></trkpt><trkpt lat="-26.991443" lon="-48.642738"><ele>5.6</ele></trkpt><trkpt lat="-26.991442" lon="-48.642735"><ele>5.9</ele></trkpt><trkpt lat="-26.991442" lon="-48.64273"><ele>6.4</ele></trkpt><trkpt lat="-26.99144" lon="-48.642728"><ele>7</ele></trkpt><trkpt lat="-26.99144" lon="-48.642728"><ele>7</ele></trkpt><trkpt lat="-26.99144" lon="-48.642728"><ele>7</ele></trkpt><trkpt lat="-26.99144" lon="-48.642728"><ele>7</ele></trkpt><trkpt lat="-26.991452" lon="-48.642715"><ele>8.9</ele></trkpt><trkpt lat="-26.99146" lon="-48.64271"><ele>9.3</ele></trkpt><trkpt lat="-26.99147" lon="-48.642702"><ele>9.4</ele></trkpt><trkpt lat="-26.991482" lon="-48.642692"><ele>9.6</ele></trkpt><trkpt lat="-26.99149" lon="-48.642683"><ele>10</ele></trkpt><trkpt lat="-26.991498" lon="-48.64268"><ele>10.3</ele></trkpt><trkpt lat="-26.991507" lon="-48.642677"><ele>10.4</ele></trkpt><trkpt lat="-26.991512" lon="-48.642668"><ele>10.8</ele></trkpt><trkpt lat="-26.991518" lon="-48.642665"><ele>11.5</ele></trkpt><trkpt lat="-26.991527" lon="-48.642658"><ele>12.1</ele></trkpt><trkpt lat="-26.99153" lon="-48.642655"><ele>12.5</ele></trkpt><trkpt lat="-26.991532" lon="-48.642652"><ele>12.9</ele></trkpt><trkpt lat="-26.991533" lon="-48.64265"><ele>13</ele></trkpt><trkpt lat="-26.99153" lon="-48.642648"><ele>12.9</ele></trkpt><trkpt lat="-26.99153" lon="-48.642647"><ele>12.9</ele></trkpt><trkpt lat="-26.991528" lon="-48.642642"><ele>13.1</ele></trkpt><trkpt lat="-26.991528" lon="-48.642642"><ele>13.1</ele></trkpt><trkpt lat="-26.991528" lon="-48.642635"><ele>13.3</ele></trkpt><trkpt lat="-26.991528" lon="-48.642628"><ele>13.3</ele></trkpt><trkpt lat="-26.991528" lon="-48.642628"><ele>13.3</ele></trkpt><trkpt lat="-26.991527" lon="-48.642625"><ele>13.3</ele></trkpt><trkpt lat="-26.991527" lon="-48.642625"><ele>13.3</ele></trkpt><trkpt lat="-26.991527" lon="-48.642625"><ele>13.3</ele></trkpt><trkpt lat="-26.991527" lon="-48.642625"><ele>13.3</ele></trkpt><trkpt lat="-26.991527" lon="-48.642625"><ele>13.3</ele></trkpt><trkpt lat="-26.991527" lon="-48.642625"><ele>13.3</ele></trkpt><trkpt lat="-26.991527" lon="-48.642625"><ele>13.3</ele></trkpt><trkpt lat="-26.991527" lon="-48.642625"><ele>13.3</ele></trkpt><trkpt lat="-26.991527" lon="-48.642625"><ele>13.3</ele></trkpt><trkpt lat="-26.991527" lon="-48.642625"><ele>13.3</ele></trkpt><trkpt lat="-26.991527" lon="-48.642625"><ele>13.3</ele></trkpt><trkpt lat="-26.991527" lon="-48.642625"><ele>13.3</ele></trkpt><trkpt lat="-26.991527" lon="-48.642625"><ele>13.3</ele></trkpt><trkpt lat="-26.991527" lon="-48.642625"><ele>13.3</ele></trkpt><trkpt lat="-26.991527" lon="-48.642625"><ele>13.3</ele></trkpt><trkpt lat="-26.991527" lon="-48.642625"><ele>13.3</ele></trkpt><trkpt lat="-26.991527" lon="-48.642625"><ele>13.3</ele></trkpt><trkpt lat="-26.991527" lon="-48.642625"><ele>13.3</ele></trkpt><trkpt lat="-26.991527" lon="-48.642625"><ele>13.3</ele></trkpt><trkpt lat="-26.991527" lon="-48.642625"><ele>13.3</ele></trkpt><trkpt lat="-26.991527" lon="-48.642625"><ele>13.3</ele></trkpt><trkpt lat="-26.991527" lon="-48.642625"><ele>13.3</ele></trkpt><trkpt lat="-26.991552" lon="-48.642628"><ele>13.4</ele></trkpt><trkpt lat="-26.991545" lon="-48.642628"><ele>14</ele></trkpt><trkpt lat="-26.991545" lon="-48.642628"><ele>14</ele></trkpt><trkpt lat="-26.99154" lon="-48.642627"><ele>14.5</ele></trkpt><trkpt lat="-26.991537" lon="-48.64263"><ele>14.4</ele></trkpt><trkpt lat="-26.991535" lon="-48.642628"><ele>14.9</ele></trkpt><trkpt lat="-26.991533" lon="-48.642628"><ele>15.3</ele></trkpt><trkpt lat="-26.991533" lon="-48.642628"><ele>15.3</ele></trkpt><trkpt lat="-26.991533" lon="-48.642628"><ele>15.3</ele></trkpt><trkpt lat="-26.991533" lon="-48.642628"><ele>15.3</ele></trkpt><trkpt lat="-26.991533" lon="-48.642628"><ele>15.3</ele></trkpt><trkpt lat="-26.991533" lon="-48.642628"><ele>15.3</ele></trkpt><trkpt lat="-26.991533" lon="-48.642628"><ele>15.3</ele></trkpt><trkpt lat="-26.991533" lon="-48.642628"><ele>15.3</ele></trkpt><trkpt lat="-26.991533" lon="-48.642628"><ele>15.3</ele></trkpt><trkpt lat="-26.99151" lon="-48.642617"><ele>17.1</ele></trkpt><trkpt lat="-26.991505" lon="-48.642618"><ele>17.3</ele></trkpt><trkpt lat="-26.991502" lon="-48.64262"><ele>17.4</ele></trkpt><trkpt lat="-26.991502" lon="-48.642618"><ele>17.4</ele></trkpt><trkpt lat="-26.991502" lon="-48.642618"><ele>17.4</ele></trkpt><trkpt lat="-26.991502" lon="-48.642618"><ele>17.4</ele></trkpt><trkpt lat="-26.991502" lon="-48.642618"><ele>17.4</ele></trkpt><trkpt lat="-26.991502" lon="-48.642618"><ele>17.4</ele></trkpt><trkpt lat="-26.991502" lon="-48.642618"><ele>17.4</ele></trkpt><trkpt lat="-26.991502" lon="-48.642618"><ele>17.4</ele></trkpt><trkpt lat="-26.991502" lon="-48.642618"><ele>17.4</ele></trkpt><trkpt lat="-26.991502" lon="-48.642618"><ele>17.4</ele></trkpt><trkpt lat="-26.991502" lon="-48.642618"><ele>17.4</ele></trkpt><trkpt lat="-26.991502" lon="-48.642618"><ele>17.4</ele></trkpt><trkpt lat="-26.991502" lon="-48.642618"><ele>17.4</ele></trkpt><trkpt lat="-26.991502" lon="-48.642618"><ele>17.4</ele></trkpt><trkpt lat="-26.991502" lon="-48.642618"><ele>17.4</ele></trkpt><trkpt lat="-26.991502" lon="-48.642618"><ele>17.4</ele></trkpt><trkpt lat="-26.991502" lon="-48.642618"><ele>17.4</ele></trkpt><trkpt lat="-26.991502" lon="-48.642618"><ele>17.4</ele></trkpt><trkpt lat="-26.991502" lon="-48.642618"><ele>17.4</ele></trkpt><trkpt lat="-26.991502" lon="-48.642618"><ele>17.4</ele></trkpt><trkpt lat="-26.991502" lon="-48.642618"><ele>17.4</ele></trkpt><trkpt lat="-26.991502" lon="-48.642618"><ele>17.4</ele></trkpt><trkpt lat="-26.991502" lon="-48.642618"><ele>17.4</ele></trkpt><trkpt lat="-26.991502" lon="-48.642618"><ele>17.4</ele></trkpt><trkpt lat="-26.991502" lon="-48.642618"><ele>17.4</ele></trkpt><trkpt lat="-26.991502" lon="-48.642618"><ele>17.4</ele></trkpt><trkpt lat="-26.991502" lon="-48.642618"><ele>17.4</ele></trkpt><trkpt lat="-26.991502" lon="-48.642618"><ele>17.4</ele></trkpt><trkpt lat="-26.991502" lon="-48.642618"><ele>17.4</ele></trkpt><trkpt lat="-26.991502" lon="-48.642618"><ele>17.4</ele></trkpt><trkpt lat="-26.991502" lon="-48.642618"><ele>17.4</ele></trkpt><trkpt lat="-26.991502" lon="-48.642618"><ele>17.4</ele></trkpt><trkpt lat="-26.991502" lon="-48.642618"><ele>17.4</ele></trkpt><trkpt lat="-26.991502" lon="-48.642618"><ele>17.4</ele></trkpt><trkpt lat="-26.991502" lon="-48.642618"><ele>17.4</ele></trkpt><trkpt lat="-26.991502" lon="-48.642618"><ele>17.4</ele></trkpt><trkpt lat="-26.991502" lon="-48.642618"><ele>17.4</ele></trkpt><trkpt lat="-26.991502" lon="-48.642618"><ele>17.4</ele></trkpt><trkpt lat="-26.991502" lon="-48.642618"><ele>17.4</ele></trkpt><trkpt lat="-26.991502" lon="-48.642618"><ele>17.4</ele></trkpt><trkpt lat="-26.991502" lon="-48.642618"><ele>17.4</ele></trkpt><trkpt lat="-26.991502" lon="-48.642618"><ele>17.4</ele></trkpt><trkpt lat="-26.991502" lon="-48.642618"><ele>17.4</ele></trkpt><trkpt lat="-26.991502" lon="-48.642618"><ele>17.4</ele></trkpt><trkpt lat="-26.991502" lon="-48.642618"><ele>17.4</ele></trkpt><trkpt lat="-26.991502" lon="-48.642618"><ele>17.4</ele></trkpt><trkpt lat="-26.991502" lon="-48.642618"><ele>17.4</ele></trkpt><trkpt lat="-26.991502" lon="-48.642618"><ele>17.4</ele></trkpt><trkpt lat="-26.991502" lon="-48.642618"><ele>17.4</ele></trkpt><trkpt lat="-26.991502" lon="-48.642618"><ele>17.4</ele></trkpt><trkpt lat="-26.991502" lon="-48.642618"><ele>17.4</ele></trkpt><trkpt lat="-26.991502" lon="-48.642618"><ele>17.4</ele></trkpt><trkpt lat="-26.991502" lon="-48.642618"><ele>17.4</ele></trkpt><trkpt lat="-26.991502" lon="-48.642618"><ele>17.4</ele></trkpt><trkpt lat="-26.991502" lon="-48.642618"><ele>17.4</ele></trkpt><trkpt lat="-26.991502" lon="-48.642618"><ele>17.4</ele></trkpt><trkpt lat="-26.991502" lon="-48.642618"><ele>17.4</ele></trkpt><trkpt lat="-26.991502" lon="-48.642618"><ele>17.4</ele></trkpt><trkpt lat="-26.991502" lon="-48.642618"><ele>17.4</ele></trkpt><trkpt lat="-26.991502" lon="-48.642618"><ele>17.4</ele></trkpt><trkpt lat="-26.991502" lon="-48.642618"><ele>17.4</ele></trkpt><trkpt lat="-26.991502" lon="-48.642618"><ele>17.4</ele></trkpt><trkpt lat="-26.991502" lon="-48.642618"><ele>17.4</ele></trkpt><trkpt lat="-26.991502" lon="-48.642618"><ele>17.4</ele></trkpt><trkpt lat="-26.991502" lon="-48.642618"><ele>17.4</ele></trkpt><trkpt lat="-26.991502" lon="-48.642618"><ele>17.4</ele></trkpt><trkpt lat="-26.991502" lon="-48.642618"><ele>17.4</ele></trkpt><trkpt lat="-26.991502" lon="-48.642618"><ele>17.4</ele></trkpt><trkpt lat="-26.991502" lon="-48.642618"><ele>17.4</ele></trkpt><trkpt lat="-26.991502" lon="-48.642618"><ele>17.4</ele></trkpt><trkpt lat="-26.991502" lon="-48.642618"><ele>17.4</ele></trkpt><trkpt lat="-26.991502" lon="-48.642618"><ele>17.4</ele></trkpt><trkpt lat="-26.991502" lon="-48.642618"><ele>17.4</ele></trkpt><trkpt lat="-26.991502" lon="-48.642618"><ele>17.4</ele></trkpt><trkpt lat="-26.991502" lon="-48.642618"><ele>17.4</ele></trkpt><trkpt lat="-26.991502" lon="-48.642618"><ele>17.4</ele></trkpt><trkpt lat="-26.991502" lon="-48.642618"><ele>17.4</ele></trkpt><trkpt lat="-26.991502" lon="-48.642618"><ele>17.4</ele></trkpt><trkpt lat="-26.991502" lon="-48.642618"><ele>17.4</ele></trkpt><trkpt lat="-26.991502" lon="-48.642618"><ele>17.4</ele></trkpt><trkpt lat="-26.991502" lon="-48.642618"><ele>17.4</ele></trkpt><trkpt lat="-26.991502" lon="-48.642618"><ele>17.4</ele></trkpt><trkpt lat="-26.991502" lon="-48.642618"><ele>17.4</ele></trkpt><trkpt lat="-26.991502" lon="-48.642618"><ele>17.4</ele></trkpt><trkpt lat="-26.991502" lon="-48.642618"><ele>17.4</ele></trkpt><trkpt lat="-26.991502" lon="-48.642618"><ele>17.4</ele></trkpt><trkpt lat="-26.991502" lon="-48.642618"><ele>17.4</ele></trkpt><trkpt lat="-26.991502" lon="-48.642618"><ele>17.4</ele></trkpt><trkpt lat="-26.991502" lon="-48.642618"><ele>17.4</ele></trkpt><trkpt lat="-26.991502" lon="-48.642618"><ele>17.4</ele></trkpt><trkpt lat="-26.991502" lon="-48.642618"><ele>17.4</ele></trkpt><trkpt lat="-26.991502" lon="-48.642618"><ele>17.4</ele></trkpt><trkpt lat="-26.991502" lon="-48.642618"><ele>17.4</ele></trkpt><trkpt lat="-26.991502" lon="-48.642618"><ele>17.4</ele></trkpt><trkpt lat="-26.991502" lon="-48.642618"><ele>17.4</ele></trkpt><trkpt lat="-26.991502" lon="-48.642618"><ele>17.4</ele></trkpt><trkpt lat="-26.991502" lon="-48.642618"><ele>17.4</ele></trkpt><trkpt lat="-26.991502" lon="-48.642618"><ele>17.4</ele></trkpt><trkpt lat="-26.991502" lon="-48.642618"><ele>17.4</ele></trkpt><trkpt lat="-26.991502" lon="-48.642618"><ele>17.4</ele></trkpt><trkpt lat="-26.991502" lon="-48.642618"><ele>17.4</ele></trkpt><trkpt lat="-26.991502" lon="-48.642618"><ele>17.4</ele></trkpt><trkpt lat="-26.991502" lon="-48.642618"><ele>17.4</ele></trkpt><trkpt lat="-26.991502" lon="-48.642618"><ele>17.4</ele></trkpt><trkpt lat="-26.991502" lon="-48.642618"><ele>17.4</ele></trkpt><trkpt lat="-26.991502" lon="-48.642618"><ele>17.4</ele></trkpt><trkpt lat="-26.991502" lon="-48.642618"><ele>17.4</ele></trkpt><trkpt lat="-26.991502" lon="-48.642618"><ele>17.4</ele></trkpt><trkpt lat="-26.991502" lon="-48.642618"><ele>17.4</ele></trkpt><trkpt lat="-26.991502" lon="-48.642618"><ele>17.4</ele></trkpt><trkpt lat="-26.991502" lon="-48.642618"><ele>17.4</ele></trkpt><trkpt lat="-26.991502" lon="-48.642618"><ele>17.4</ele></trkpt><trkpt lat="-26.991502" lon="-48.642618"><ele>17.4</ele></trkpt><trkpt lat="-26.991502" lon="-48.642618"><ele>17.4</ele></trkpt><trkpt lat="-26.991502" lon="-48.642618"><ele>17.4</ele></trkpt><trkpt lat="-26.991502" lon="-48.642618"><ele>17.4</ele></trkpt><trkpt lat="-26.991502" lon="-48.642618"><ele>17.4</ele></trkpt><trkpt lat="-26.991502" lon="-48.642618"><ele>17.4</ele></trkpt><trkpt lat="-26.991502" lon="-48.642618"><ele>17.4</ele></trkpt><trkpt lat="-26.991502" lon="-48.642618"><ele>17.4</ele></trkpt><trkpt lat="-26.991502" lon="-48.642618"><ele>17.4</ele></trkpt><trkpt lat="-26.991502" lon="-48.642618"><ele>17.4</ele></trkpt><trkpt lat="-26.991502" lon="-48.642618"><ele>17.4</ele></trkpt><trkpt lat="-26.991502" lon="-48.642618"><ele>17.4</ele></trkpt><trkpt lat="-26.991502" lon="-48.642618"><ele>17.4</ele></trkpt><trkpt lat="-26.991502" lon="-48.642618"><ele>17.4</ele></trkpt><trkpt lat="-26.991502" lon="-48.642618"><ele>17.4</ele></trkpt><trkpt lat="-26.991502" lon="-48.642618"><ele>17.4</ele></trkpt><trkpt lat="-26.991502" lon="-48.642618"><ele>17.4</ele></trkpt><trkpt lat="-26.991502" lon="-48.642618"><ele>17.4</ele></trkpt><trkpt lat="-26.991502" lon="-48.642618"><ele>17.4</ele></trkpt><trkpt lat="-26.991502" lon="-48.642618"><ele>17.4</ele></trkpt><trkpt lat="-26.991502" lon="-48.642618"><ele>17.4</ele></trkpt><trkpt lat="-26.991502" lon="-48.642618"><ele>17.4</ele></trkpt><trkpt lat="-26.991502" lon="-48.642618"><ele>17.4</ele></trkpt><trkpt lat="-26.991502" lon="-48.642618"><ele>17.4</ele></trkpt><trkpt lat="-26.991502" lon="-48.642618"><ele>17.4</ele></trkpt><trkpt lat="-26.991502" lon="-48.642618"><ele>17.4</ele></trkpt><trkpt lat="-26.991502" lon="-48.642618"><ele>17.4</ele></trkpt><trkpt lat="-26.991502" lon="-48.642618"><ele>17.4</ele></trkpt><trkpt lat="-26.991502" lon="-48.642618"><ele>17.4</ele></trkpt><trkpt lat="-26.991502" lon="-48.642618"><ele>17.4</ele></trkpt><trkpt lat="-26.991502" lon="-48.642618"><ele>17.4</ele></trkpt><trkpt lat="-26.991502" lon="-48.642618"><ele>17.4</ele></trkpt><trkpt lat="-26.991502" lon="-48.642618"><ele>17.4</ele></trkpt><trkpt lat="-26.991502" lon="-48.642618"><ele>17.4</ele></trkpt><trkpt lat="-26.991502" lon="-48.642618"><ele>17.4</ele></trkpt><trkpt lat="-26.991502" lon="-48.642618"><ele>17.4</ele></trkpt><trkpt lat="-26.991502" lon="-48.642618"><ele>17.4</ele></trkpt><trkpt lat="-26.991502" lon="-48.642618"><ele>17.4</ele></trkpt><trkpt lat="-26.991502" lon="-48.642618"><ele>17.4</ele></trkpt><trkpt lat="-26.991502" lon="-48.642618"><ele>17.4</ele></trkpt><trkpt lat="-26.991502" lon="-48.642618"><ele>17.4</ele></trkpt><trkpt lat="-26.991502" lon="-48.642618"><ele>17.4</ele></trkpt><trkpt lat="-26.991502" lon="-48.642618"><ele>17.4</ele></trkpt><trkpt lat="-26.991502" lon="-48.642618"><ele>17.4</ele></trkpt><trkpt lat="-26.991502" lon="-48.642618"><ele>17.4</ele></trkpt><trkpt lat="-26.991502" lon="-48.642618"><ele>17.4</ele></trkpt><trkpt lat="-26.991502" lon="-48.642618"><ele>17.4</ele></trkpt><trkpt lat="-26.991502" lon="-48.642618"><ele>17.4</ele></trkpt><trkpt lat="-26.991502" lon="-48.642618"><ele>17.4</ele></trkpt><trkpt lat="-26.991502" lon="-48.642618"><ele>17.4</ele></trkpt><trkpt lat="-26.991502" lon="-48.642618"><ele>17.4</ele></trkpt><trkpt lat="-26.991502" lon="-48.642618"><ele>17.4</ele></trkpt><trkpt lat="-26.991502" lon="-48.642618"><ele>17.4</ele></trkpt><trkpt lat="-26.991502" lon="-48.642618"><ele>17.4</ele></trkpt><trkpt lat="-26.991502" lon="-48.642618"><ele>17.4</ele></trkpt><trkpt lat="-26.991525" lon="-48.642717"><ele>9.2</ele></trkpt><trkpt lat="-26.991523" lon="-48.642718"><ele>9.3</ele></trkpt><trkpt lat="-26.991525" lon="-48.64272"><ele>9.1</ele></trkpt><trkpt lat="-26.991525" lon="-48.642722"><ele>8.8</ele></trkpt><trkpt lat="-26.991525" lon="-48.642722"><ele>8.8</ele></trkpt><trkpt lat="-26.991525" lon="-48.642722"><ele>8.8</ele></trkpt><trkpt lat="-26.991525" lon="-48.642722"><ele>8.8</ele></trkpt><trkpt lat="-26.991525" lon="-48.642722"><ele>8.8</ele></trkpt><trkpt lat="-26.991525" lon="-48.642722"><ele>8.8</ele></trkpt><trkpt lat="-26.991525" lon="-48.642722"><ele>8.8</ele></trkpt><trkpt lat="-26.991525" lon="-48.642722"><ele>8.8</ele></trkpt><trkpt lat="-26.991525" lon="-48.642722"><ele>8.8</ele></trkpt><trkpt lat="-26.991525" lon="-48.642722"><ele>8.8</ele></trkpt><trkpt lat="-26.991525" lon="-48.642722"><ele>8.8</ele></trkpt><trkpt lat="-26.991525" lon="-48.642722"><ele>8.8</ele></trkpt><trkpt lat="-26.991525" lon="-48.642722"><ele>8.8</ele></trkpt><trkpt lat="-26.991525" lon="-48.642722"><ele>8.8</ele></trkpt><trkpt lat="-26.991525" lon="-48.642722"><ele>8.8</ele></trkpt><trkpt lat="-26.991525" lon="-48.642722"><ele>8.8</ele></trkpt><trkpt lat="-26.991525" lon="-48.642722"><ele>8.8</ele></trkpt><trkpt lat="-26.991525" lon="-48.642722"><ele>8.8</ele></trkpt><trkpt lat="-26.991525" lon="-48.642722"><ele>8.8</ele></trkpt><trkpt lat="-26.991525" lon="-48.642722"><ele>8.8</ele></trkpt><trkpt lat="-26.991525" lon="-48.642722"><ele>8.8</ele></trkpt><trkpt lat="-26.991525" lon="-48.642722"><ele>8.8</ele></trkpt><trkpt lat="-26.991533" lon="-48.642697"><ele>4.9</ele></trkpt><trkpt lat="-26.991537" lon="-48.642702"><ele>4.9</ele></trkpt><trkpt lat="-26.991538" lon="-48.642702"><ele>4.9</ele></trkpt><trkpt lat="-26.991538" lon="-48.6427"><ele>4.9</ele></trkpt><trkpt lat="-26.991542" lon="-48.642698"><ele>4.8</ele></trkpt><trkpt lat="-26.991542" lon="-48.642698"><ele>4.8</ele></trkpt><trkpt lat="-26.991542" lon="-48.642698"><ele>4.8</ele></trkpt><trkpt lat="-26.991542" lon="-48.642698"><ele>4.8</ele></trkpt><trkpt lat="-26.991542" lon="-48.642698"><ele>4.8</ele></trkpt><trkpt lat="-26.991542" lon="-48.642698"><ele>4.8</ele></trkpt><trkpt lat="-26.991542" lon="-48.642698"><ele>4.8</ele></trkpt><trkpt lat="-26.991542" lon="-48.642698"><ele>4.8</ele></trkpt><trkpt lat="-26.991542" lon="-48.642698"><ele>4.8</ele></trkpt><trkpt lat="-26.991542" lon="-48.642698"><ele>4.8</ele></trkpt><trkpt lat="-26.991542" lon="-48.642698"><ele>4.8</ele></trkpt><trkpt lat="-26.991542" lon="-48.642698"><ele>4.8</ele></trkpt><trkpt lat="-26.991542" lon="-48.642698"><ele>4.8</ele></trkpt><trkpt lat="-26.991542" lon="-48.642698"><ele>4.8</ele></trkpt><trkpt lat="-26.991542" lon="-48.642698"><ele>4.8</ele></trkpt><trkpt lat="-26.991542" lon="-48.642698"><ele>4.8</ele></trkpt><trkpt lat="-26.991542" lon="-48.642698"><ele>4.8</ele></trkpt><trkpt lat="-26.991542" lon="-48.642698"><ele>4.8</ele></trkpt><trkpt lat="-26.991542" lon="-48.642698"><ele>4.8</ele></trkpt><trkpt lat="-26.991542" lon="-48.642698"><ele>4.8</ele></trkpt><trkpt lat="-26.991542" lon="-48.642698"><ele>4.8</ele></trkpt><trkpt lat="-26.991542" lon="-48.642698"><ele>4.8</ele></trkpt><trkpt lat="-26.991542" lon="-48.642698"><ele>4.8</ele></trkpt><trkpt lat="-26.991542" lon="-48.642698"><ele>4.8</ele></trkpt><trkpt lat="-26.991575" lon="-48.642683"><ele>2.7</ele></trkpt><trkpt lat="-26.991575" lon="-48.642687"><ele>2.7</ele></trkpt><trkpt lat="-26.991568" lon="-48.642685"><ele>2.7</ele></trkpt><trkpt lat="-26.991567" lon="-48.642688"><ele>2.9</ele></trkpt><trkpt lat="-26.991567" lon="-48.642688"><ele>2.9</ele></trkpt><trkpt lat="-26.991567" lon="-48.642688"><ele>2.9</ele></trkpt><trkpt lat="-26.991567" lon="-48.642688"><ele>2.9</ele></trkpt><trkpt lat="-26.991567" lon="-48.642688"><ele>2.9</ele></trkpt><trkpt lat="-26.991587" lon="-48.642687"><ele>2.3</ele></trkpt><trkpt lat="-26.9916" lon="-48.642678"><ele>2.2</ele></trkpt><trkpt lat="-26.991618" lon="-48.642668"><ele>2.2</ele></trkpt><trkpt lat="-26.991642" lon="-48.64266"><ele>2.6</ele></trkpt><trkpt lat="-26.991655" lon="-48.642658"><ele>3.1</ele></trkpt><trkpt lat="-26.991655" lon="-48.642658"><ele>3.9</ele></trkpt><trkpt lat="-26.991643" lon="-48.642662"><ele>4.3</ele></trkpt><trkpt lat="-26.991622" lon="-48.642665"><ele>4.3</ele></trkpt><trkpt lat="-26.991595" lon="-48.642663"><ele>4.6</ele></trkpt><trkpt lat="-26.99157" lon="-48.642663"><ele>4.8</ele></trkpt><trkpt lat="-26.991537" lon="-48.64266"><ele>5.5</ele></trkpt><trkpt lat="-26.9915" lon="-48.642665"><ele>6</ele></trkpt><trkpt lat="-26.991465" lon="-48.64267"><ele>6.4</ele></trkpt><trkpt lat="-26.991428" lon="-48.642677"><ele>6.8</ele></trkpt><trkpt lat="-26.991393" lon="-48.642685"><ele>7.1</ele></trkpt><trkpt lat="-26.991357" lon="-48.64269"><ele>8.3</ele></trkpt><trkpt lat="-26.991313" lon="-48.642685"><ele>10.8</ele></trkpt><trkpt lat="-26.991285" lon="-48.642695"><ele>11.9</ele></trkpt><trkpt lat="-26.991245" lon="-48.642705"><ele>12.5</ele></trkpt><trkpt lat="-26.991207" lon="-48.642738"><ele>13.7</ele></trkpt><trkpt lat="-26.991182" lon="-48.642782"><ele>14.6</ele></trkpt><trkpt lat="-26.991162" lon="-48.642837"><ele>15.6</ele></trkpt><trkpt lat="-26.99116" lon="-48.642893"><ele>16.2</ele></trkpt><trkpt lat="-26.991163" lon="-48.642942"><ele>16.4</ele></trkpt><trkpt lat="-26.991172" lon="-48.642983"><ele>16.8</ele></trkpt><trkpt lat="-26.991192" lon="-48.64303"><ele>16.4</ele></trkpt><trkpt lat="-26.991218" lon="-48.64308"><ele>16</ele></trkpt><trkpt lat="-26.99125" lon="-48.643122"><ele>15.5</ele></trkpt><trkpt lat="-26.991285" lon="-48.643168"><ele>14.6</ele></trkpt><trkpt lat="-26.991313" lon="-48.643202"><ele>14.4</ele></trkpt><trkpt lat="-26.991343" lon="-48.64323"><ele>14.3</ele></trkpt><trkpt lat="-26.991372" lon="-48.643258"><ele>14.1</ele></trkpt><trkpt lat="-26.991395" lon="-48.643287"><ele>13.5</ele></trkpt><trkpt lat="-26.991412" lon="-48.643307"><ele>13.6</ele></trkpt><trkpt lat="-26.991412" lon="-48.643317"><ele>13.6</ele></trkpt><trkpt lat="-26.99141" lon="-48.64332"><ele>13.1</ele></trkpt><trkpt lat="-26.991407" lon="-48.64332"><ele>12.2</ele></trkpt><trkpt lat="-26.991408" lon="-48.643317"><ele>11.8</ele></trkpt><trkpt lat="-26.99141" lon="-48.64331"><ele>11.7</ele></trkpt><trkpt lat="-26.991413" lon="-48.643302"><ele>11.4</ele></trkpt><trkpt lat="-26.991417" lon="-48.643295"><ele>11.1</ele></trkpt><trkpt lat="-26.991417" lon="-48.643295"><ele>11.1</ele></trkpt><trkpt lat="-26.991417" lon="-48.643295"><ele>11.1</ele></trkpt><trkpt lat="-26.991418" lon="-48.643292"><ele>10.8</ele></trkpt><trkpt lat="-26.991418" lon="-48.643292"><ele>10.8</ele></trkpt><trkpt lat="-26.99142" lon="-48.643287"><ele>10.8</ele></trkpt><trkpt lat="-26.991423" lon="-48.643283"><ele>10.6</ele></trkpt><trkpt lat="-26.991427" lon="-48.643278"><ele>10.7</ele></trkpt><trkpt lat="-26.99143" lon="-48.643272"><ele>10.6</ele></trkpt><trkpt lat="-26.99143" lon="-48.643272"><ele>10.6</ele></trkpt><trkpt lat="-26.99143" lon="-48.643272"><ele>10.6</ele></trkpt><trkpt lat="-26.99143" lon="-48.643272"><ele>10.6</ele></trkpt><trkpt lat="-26.99143" lon="-48.643272"><ele>10.6</ele></trkpt><trkpt lat="-26.99143" lon="-48.643272"><ele>10.6</ele></trkpt><trkpt lat="-26.99143" lon="-48.643272"><ele>10.6</ele></trkpt><trkpt lat="-26.99143" lon="-48.643272"><ele>10.6</ele></trkpt><trkpt lat="-26.99143" lon="-48.643272"><ele>10.6</ele></trkpt><trkpt lat="-26.99143" lon="-48.643272"><ele>10.6</ele></trkpt><trkpt lat="-26.99143" lon="-48.643272"><ele>10.6</ele></trkpt><trkpt lat="-26.99143" lon="-48.643272"><ele>10.6</ele></trkpt><trkpt lat="-26.99143" lon="-48.643272"><ele>10.6</ele></trkpt><trkpt lat="-26.99147" lon="-48.643275"><ele>12.4</ele></trkpt><trkpt lat="-26.991478" lon="-48.643293"><ele>12.1</ele></trkpt><trkpt lat="-26.9915" lon="-48.64331"><ele>11.4</ele></trkpt><trkpt lat="-26.991517" lon="-48.64333"><ele>10.9</ele></trkpt><trkpt lat="-26.991537" lon="-48.64335"><ele>10.4</ele></trkpt><trkpt lat="-26.99156" lon="-48.643368"><ele>10.5</ele></trkpt><trkpt lat="-26.991587" lon="-48.643392"><ele>10.2</ele></trkpt><trkpt lat="-26.991612" lon="-48.643415"><ele>9.6</ele></trkpt><trkpt lat="-26.991632" lon="-48.643438"><ele>9.6</ele></trkpt><trkpt lat="-26.991652" lon="-48.643467"><ele>9.1</ele></trkpt><trkpt lat="-26.991668" lon="-48.643485"><ele>9.1</ele></trkpt><trkpt lat="-26.991683" lon="-48.643512"><ele>9</ele></trkpt><trkpt lat="-26.991697" lon="-48.643532"><ele>8.7</ele></trkpt><trkpt lat="-26.991708" lon="-48.643542"><ele>8.3</ele></trkpt><trkpt lat="-26.991722" lon="-48.643557"><ele>8.6</ele></trkpt><trkpt lat="-26.991732" lon="-48.643568"><ele>9</ele></trkpt><trkpt lat="-26.99174" lon="-48.64358"><ele>9.6</ele></trkpt><trkpt lat="-26.991747" lon="-48.643587"><ele>9.9</ele></trkpt><trkpt lat="-26.991753" lon="-48.643592"><ele>9.6</ele></trkpt><trkpt lat="-26.991757" lon="-48.643592"><ele>9.5</ele></trkpt><trkpt lat="-26.991758" lon="-48.643592"><ele>9.2</ele></trkpt><trkpt lat="-26.991762" lon="-48.643592"><ele>9.1</ele></trkpt><trkpt lat="-26.991765" lon="-48.643592"><ele>9.4</ele></trkpt><trkpt lat="-26.991773" lon="-48.643605"><ele>9.3</ele></trkpt><trkpt lat="-26.991782" lon="-48.643622"><ele>9.3</ele></trkpt><trkpt lat="-26.991793" lon="-48.643638"><ele>9.4</ele></trkpt><trkpt lat="-26.991807" lon="-48.643663"><ele>9.4</ele></trkpt><trkpt lat="-26.991822" lon="-48.643688"><ele>9.6</ele></trkpt><trkpt lat="-26.991838" lon="-48.643717"><ele>9.8</ele></trkpt><trkpt lat="-26.991857" lon="-48.64374"><ele>10</ele></trkpt><trkpt lat="-26.991872" lon="-48.643762"><ele>9.9</ele></trkpt><trkpt lat="-26.991883" lon="-48.643783"><ele>9.9</ele></trkpt><trkpt lat="-26.991895" lon="-48.643802"><ele>10.1</ele></trkpt><trkpt lat="-26.991908" lon="-48.643823"><ele>9.9</ele></trkpt><trkpt lat="-26.99192" lon="-48.643842"><ele>9.7</ele></trkpt><trkpt lat="-26.99193" lon="-48.64386"><ele>9.7</ele></trkpt><trkpt lat="-26.991933" lon="-48.643868"><ele>9.9</ele></trkpt><trkpt lat="-26.991933" lon="-48.64387"><ele>9.9</ele></trkpt><trkpt lat="-26.991933" lon="-48.643872"><ele>9.9</ele></trkpt><trkpt lat="-26.991933" lon="-48.643873"><ele>9.8</ele></trkpt><trkpt lat="-26.991933" lon="-48.643873"><ele>9.7</ele></trkpt><trkpt lat="-26.991933" lon="-48.643875"><ele>9.6</ele></trkpt><trkpt lat="-26.991932" lon="-48.643877"><ele>9.6</ele></trkpt><trkpt lat="-26.991932" lon="-48.643878"><ele>9.8</ele></trkpt><trkpt lat="-26.991932" lon="-48.643878"><ele>9.7</ele></trkpt><trkpt lat="-26.991932" lon="-48.64388"><ele>9.7</ele></trkpt><trkpt lat="-26.991933" lon="-48.64388"><ele>9.7</ele></trkpt><trkpt lat="-26.991933" lon="-48.64388"><ele>9.7</ele></trkpt><trkpt lat="-26.991933" lon="-48.64388"><ele>9.7</ele></trkpt><trkpt lat="-26.991933" lon="-48.64388"><ele>9.7</ele></trkpt><trkpt lat="-26.991933" lon="-48.64388"><ele>9.7</ele></trkpt><trkpt lat="-26.991933" lon="-48.64388"><ele>9.7</ele></trkpt><trkpt lat="-26.991933" lon="-48.64388"><ele>9.7</ele></trkpt><trkpt lat="-26.991933" lon="-48.64388"><ele>9.7</ele></trkpt><trkpt lat="-26.991933" lon="-48.64388"><ele>9.7</ele></trkpt><trkpt lat="-26.991933" lon="-48.64388"><ele>9.7</ele></trkpt><trkpt lat="-26.991933" lon="-48.64388"><ele>9.7</ele></trkpt><trkpt lat="-26.991933" lon="-48.64388"><ele>9.7</ele></trkpt><trkpt lat="-26.991933" lon="-48.64388"><ele>9.7</ele></trkpt><trkpt lat="-26.991937" lon="-48.643887"><ele>9.2</ele></trkpt></trkseg></trk></gpx>