<?xml version="1.0" encoding="UTF-8"?>
<gpx xmlns="http://www.topografix.com/GPX/1/1" version="1.1" creator="@dwayneparton/geojson-to-gpx"><wpt lat="-27.035" lon="-48.657799"><ele>14.419556</ele><name>2 faixas</name></wpt><wpt lat="-27.034842" lon="-48.65748"><ele>18.939514</ele><name>20</name></wpt><wpt lat="-27.034514" lon="-48.653719"><ele>11.44278</ele><name>30</name></wpt><wpt lat="-27.034364" lon="-48.648068"><ele>12.734314</ele><name>30</name></wpt><wpt lat="-27.034479" lon="-48.653707"><ele>11.697449</ele><name>135</name></wpt><wpt lat="-27.034354" lon="-48.64802"><ele>15.557129</ele><name>137</name></wpt><wpt lat="-27.034858" lon="-48.657503"><ele>27.167542</ele><name>144</name></wpt><wpt lat="-27.034382" lon="-48.648084"><ele>10.869537</ele><name>265</name></wpt><wpt lat="-27.034524" lon="-48.653716"><ele>11.174469</ele><name>305</name></wpt><wpt lat="-27.034827" lon="-48.657472"><ele>19.031372</ele><name>315</name></wpt><wpt lat="-27.034549" lon="-48.653709"><ele>12.444885</ele><name>780</name></wpt><wpt lat="-27.034821" lon="-48.657476"><ele>17.540649</ele><name>816</name></wpt><wpt lat="-27.034382" lon="-48.648087"><ele>11.399109</ele><name>830</name></wpt><wpt lat="-27.03322" lon="-48.647498"><ele>10.793518</ele><name>A ciclo é sinuosa, exigindo atenção</name></wpt><wpt lat="-27.033222" lon="-48.647502"><ele>10.046844</ele><name>A pintura é MUITO falha, mostrando muito asfalto</name></wpt><wpt lat="-27.034999" lon="-48.657802"><ele>14.148132</ele><name>Apenas faixas vermelhas nas bordas, com travessias pintadas nos cruzamentos</name></wpt><wpt lat="-27.034842" lon="-48.65748"><ele>18.939514</ele><name>Área de amortecimento da ciclo (cm)</name></wpt><wpt lat="-27.034511" lon="-48.653717"><ele>11.199188</ele><name>Área de amortecimento da ciclo (cm)</name></wpt><wpt lat="-27.034364" lon="-48.648068"><ele>12.734314</ele><name>Área de amortecimento da ciclo (cm)</name></wpt><wpt lat="-27.034844" lon="-48.657523"><ele>29.838257</ele><name>Área transitável da ciclo (cm)</name></wpt><wpt lat="-27.034479" lon="-48.653707"><ele>11.697449</ele><name>Área transitável da ciclo (cm)</name></wpt><wpt lat="-27.034419" lon="-48.648285"><ele>-31.86203</ele><name>Área transitável da ciclo (cm)</name></wpt><wpt lat="-27.034999" lon="-48.6578"><ele>14.168701</ele><name>Asfalto</name></wpt><wpt lat="-27.03506" lon="-48.657905"><name>Ausência de conexão entre ciclos.</name></wpt><wpt lat="-27.035003" lon="-48.657819"><ele>13.38208</ele><name>Bidirecional</name></wpt><wpt lat="-27.034723" lon="-48.657339"><ele>15.150452</ele><name>Bueiro</name></wpt><wpt lat="-27.034508" lon="-48.656982"><ele>14.280212</ele><name>Bueiro</name></wpt><wpt lat="-27.034373" lon="-48.65609"><ele>11.998901</ele><name>Bueiro</name></wpt><wpt lat="-27.034412" lon="-48.655736"><ele>11.850891</ele><name>Bueiro</name></wpt><wpt lat="-27.034363" lon="-48.655023"><ele>11.084106</ele><name>Bueiro</name></wpt><wpt lat="-27.034525" lon="-48.65402"><ele>11.941254</ele><name>Bueiro</name></wpt><wpt lat="-27.034515" lon="-48.653942"><ele>12.60083</ele><name>Bueiro</name></wpt><wpt lat="-27.03454" lon="-48.653289"><ele>11.721069</ele><name>Bueiro</name></wpt><wpt lat="-27.034512" lon="-48.652568"><ele>12.587585</ele><name>Bueiro</name></wpt><wpt lat="-27.034514" lon="-48.651995"><ele>13.440002</ele><name>Bueiro</name></wpt><wpt lat="-27.034454" lon="-48.651776"><ele>13.942688</ele><name>Bueiro</name></wpt><wpt lat="-27.034907" lon="-48.650692"><ele>13.292969</ele><name>Bueiro</name></wpt><wpt lat="-27.034933" lon="-48.649597"><ele>11.898438</ele><name>Bueiro</name></wpt><wpt lat="-27.034751" lon="-48.648538"><ele>14.127747</ele><name>Bueiro</name></wpt><wpt lat="-27.03402" lon="-48.647667"><ele>10.201324</ele><name>Bueiro</name></wpt><wpt lat="-27.033702" lon="-48.647591"><ele>10.705017</ele><name>Bueiro</name></wpt><wpt lat="-27.033407" lon="-48.647512"><ele>10.732117</ele><name>Bueiro</name></wpt><wpt lat="-27.03499" lon="-48.657762"><ele>17.059937</ele><name>Buraco</name></wpt><wpt lat="-27.034416" lon="-48.655706"><ele>11.393097</ele><name>Buraco</name></wpt><wpt lat="-27.034532" lon="-48.653177"><ele>11.739655</ele><name>Buraco</name></wpt><wpt lat="-27.034514" lon="-48.651995"><ele>13.092285</ele><name>Buraco</name></wpt><wpt lat="-27.034665" lon="-48.651418"><ele>13.036499</ele><name>Buraco</name></wpt><wpt lat="-27.034793" lon="-48.651143"><ele>13.665588</ele><name>Buraco</name></wpt><wpt lat="-27.034906" lon="-48.650752"><ele>13.650574</ele><name>Buraco</name></wpt><wpt lat="-27.034909" lon="-48.650665"><ele>13.295105</ele><name>Buraco</name></wpt><wpt lat="-27.034915" lon="-48.650082"><ele>12.394836</ele><name>Buraco</name></wpt><wpt lat="-27.034919" lon="-48.649936"><ele>11.821259</ele><name>Buraco</name></wpt><wpt lat="-27.034931" lon="-48.649586"><ele>12.225952</ele><name>Buraco</name></wpt><wpt lat="-27.033724" lon="-48.647593"><ele>10.237366</ele><name>Buraco</name></wpt><wpt lat="-27.033407" lon="-48.647512"><ele>10.732117</ele><name>Buraco</name></wpt><wpt lat="-27.035002" lon="-48.657812"><ele>12.789612</ele><name>Ciclofaixa</name></wpt><wpt lat="-27.034443" lon="-48.651768"><ele>14.442078</ele><name>cruzamento em rotatória sem sinalização </name></wpt><wpt lat="-27.034444" lon="-48.651769"><ele>14.167847</ele><name>Cruzamento perigoso. EXPLIQUE.</name></wpt><wpt lat="-27.034385" lon="-48.655993"><ele>12.106323</ele><name>Desnível</name></wpt><wpt lat="-27.034531" lon="-48.653121"><ele>11.260834</ele><name>Desnível</name></wpt><wpt lat="-27.034491" lon="-48.652109"><ele>13.299744</ele><name>Desnível</name></wpt><wpt lat="-27.034854" lon="-48.651"><ele>14.115601</ele><name>Desnível</name></wpt><wpt lat="-27.034909" lon="-48.650473"><ele>13.398071</ele><name>Desnível</name></wpt><wpt lat="-27.03493" lon="-48.649581"><ele>12.25647</ele><name>Desnível</name></wpt><wpt lat="-27.034401" lon="-48.648084"><ele>9.960205</ele><name>Desnível</name></wpt><wpt lat="-27.033373" lon="-48.647504"><ele>10.017639</ele><name>Desnível</name></wpt><wpt lat="-27.035004" lon="-48.657821"><ele>13.425415</ele><name>Em bordo de Via de Mão Dupla</name></wpt><wpt lat="-27.035008" lon="-48.6578"><ele>15.005737</ele><name>Estacionamento proibido na via</name></wpt><wpt lat="-27.034826" lon="-48.657474"><ele>19.271301</ele><name>Faixa de carros logo ao lado da ciclo (cm)</name></wpt><wpt lat="-27.034523" lon="-48.653717"><ele>11.370209</ele><name>Faixa de carros logo ao lado da ciclo (cm)</name></wpt><wpt lat="-27.034382" lon="-48.648084"><ele>10.860443</ele><name>Faixa de carros logo ao lado da ciclo (cm)</name></wpt><wpt lat="-27.035078" lon="-48.657868"><name>Foto</name></wpt><wpt lat="-27.034994" lon="-48.657795"><ele>12.971252</ele><name>Foto</name></wpt><wpt lat="-27.03437" lon="-48.65521"><ele>10.765961</ele><name>Foto</name></wpt><wpt lat="-27.034534" lon="-48.653691"><ele>12.761047</ele><name>Foto</name></wpt><wpt lat="-27.034511" lon="-48.652015"><ele>12.361877</ele><name>Foto</name></wpt><wpt lat="-27.034385" lon="-48.648072"><ele>9.677917</ele><name>Foto</name></wpt><wpt lat="-27.033213" lon="-48.647489"><ele>12.035339</ele><name>Foto</name></wpt><wpt lat="-27.033234" lon="-48.647487"><ele>12.881592</ele><name>Foto</name></wpt><wpt lat="-27.033218" lon="-48.647506"><ele>11.18869</ele><name>Iluminação geral na via do outro lado da infraestrutura</name></wpt><wpt lat="-27.03322" lon="-48.647499"><ele>11.366364</ele><name>Irregularidades que demandam desvio para circulação</name></wpt><wpt lat="-27.035004" lon="-48.65782"><ele>13.701965</ele><name>Mão Dupla</name></wpt><wpt lat="-27.03322" lon="-48.647504"><ele>11.50174</ele><name>Marcação EXTRA: Foram observados trechos com segregadores faltando (arrancados).</name></wpt><wpt lat="-27.033222" lon="-48.647502"><ele>10.177094</ele><name>Não há árvores nem mudas</name></wpt><wpt lat="-27.03493" lon="-48.64958"><ele>12.403137</ele><name>Outro obstáculo</name></wpt><wpt lat="-27.03493" lon="-48.649566"><ele>12.335693</ele><name>Outro obstáculo</name></wpt><wpt lat="-27.033222" lon="-48.647502"><ele>12.284729</ele><name>SE CICLOFAIXA: para invadir a ciclo parte do automóvel passa obrigatoriamente por cima de segregadores</name></wpt><wpt lat="-27.03322" lon="-48.647494"><ele>11.333282</ele><name>Segregadores NÃO DIFICULTAM o acesso de ciclistas</name></wpt><wpt lat="-27.034364" lon="-48.655213"><ele>10.658752</ele><name>SEM pintura no cruzamento</name></wpt><wpt lat="-27.034445" lon="-48.651769"><ele>14.063232</ele><name>SEM pintura no cruzamento</name></wpt><wpt lat="-27.034497" lon="-48.652267"><name>SEM pintura no cruzamento</name></wpt><wpt lat="-27.034506" lon="-48.652772"><name>SEM pintura no cruzamento</name></wpt><wpt lat="-27.034561" lon="-48.653434"><name>SEM pintura no cruzamento</name></wpt><wpt lat="-27.034563" lon="-48.654115"><name>SEM pintura no cruzamento</name></wpt><wpt lat="-27.034403" lon="-48.654676"><name>SEM pintura no cruzamento</name></wpt><wpt lat="-27.034384" lon="-48.655905"><name>SEM pintura no cruzamento</name></wpt><wpt lat="-27.034334" lon="-48.656433"><name>SEM pintura no cruzamento</name></wpt><wpt lat="-27.034366" lon="-48.655209"><ele>10.685028</ele><name>SEM Semáforo exclusivo</name></wpt><wpt lat="-27.034446" lon="-48.651771"><ele>13.994568</ele><name>SEM Semáforo exclusivo</name></wpt><wpt lat="-27.03436" lon="-48.655261"><name>Semáforo para motorizado</name></wpt><wpt lat="-27.034481" lon="-48.65173"><name>Semáforo para motorizado</name></wpt><wpt lat="-27.034999" lon="-48.6578"><ele>14.158203</ele><name>Tachões</name></wpt><wpt lat="-27.033223" lon="-48.64749"><ele>11.925201</ele><name>Termina ciclo com ciclista na contramão</name></wpt><wpt lat="-27.034821" lon="-48.657476"><ele>17.626953</ele><name>Total da via (incluindo a ciclo) (cm)</name></wpt><wpt lat="-27.034549" lon="-48.653709"><ele>12.515137</ele><name>Total da via (incluindo a ciclo) (cm)</name></wpt><wpt lat="-27.034382" lon="-48.648087"><ele>11.399109</ele><name>Total da via (incluindo a ciclo) (cm)</name></wpt><wpt lat="-27.034808" lon="-48.657496"><ele>16.134094</ele><name>Travessia de pedestre em nível (lombofaixa)</name></wpt><wpt lat="-27.03439" lon="-48.655501"><ele>11.749908</ele><name>Travessia de pedestre em nível (lombofaixa)</name></wpt><wpt lat="-27.034541" lon="-48.653752"><ele>13.891907</ele><name>Travessia de pedestre em nível (lombofaixa)</name></wpt><wpt lat="-27.034492" lon="-48.652262"><ele>13.000488</ele><name>Travessia de pedestre em nível (lombofaixa)</name></wpt><wpt lat="-27.034605" lon="-48.651563"><ele>16.336853</ele><name>Travessia de pedestre em nível (lombofaixa)</name></wpt><wpt lat="-27.034924" lon="-48.649794"><ele>12.044067</ele><name>Travessia de pedestre em nível (lombofaixa)</name></wpt><wpt lat="-27.035009" lon="-48.648801"><ele>11.929352</ele><name>Travessia de pedestre em nível (lombofaixa)</name></wpt><wpt lat="-27.034575" lon="-48.648353"><ele>13.641296</ele><name>Travessia de pedestre em nível (lombofaixa)</name></wpt><wpt lat="-27.033207" lon="-48.647504"><ele>11.129272</ele><name>Travessia de pedestre em nível (lombofaixa)</name></wpt><trk><name>Ciclofaixa Al. Cap. Ernesto Nunes e R. Osvaldo Minela - Cb</name><trkseg><trkpt lat="-27.035143" lon="-48.657922"><ele>-14.646027</ele></trkpt><trkpt lat="-27.035124" lon="-48.657983"><ele>-12.653198</ele></trkpt><trkpt lat="-27.03513" lon="-48.657959"><ele>-10.672241</ele></trkpt><trkpt lat="-27.035128" lon="-48.657942"><ele>-8.76535</ele></trkpt><trkpt lat="-27.035122" lon="-48.657981"><ele>-6.008636</ele></trkpt><trkpt lat="-27.035127" lon="-48.657942"><ele>1.384491</ele></trkpt><trkpt lat="-27.035132" lon="-48.657879"><ele>4.613831</ele></trkpt><trkpt lat="-27.035011" lon="-48.65831"><ele>6.041687</ele></trkpt><trkpt lat="-27.035018" lon="-48.658303"><ele>7.90683</ele></trkpt><trkpt lat="-27.035103" lon="-48.657747"><ele>9.235626</ele></trkpt><trkpt lat="-27.035095" lon="-48.657852"><ele>10.689728</ele></trkpt><trkpt lat="-27.034999" lon="-48.658305"><ele>10.394196</ele></trkpt><trkpt lat="-27.034993" lon="-48.65831"><ele>10.27887</ele></trkpt><trkpt lat="-27.034994" lon="-48.658311"><ele>10.16568</ele></trkpt><trkpt lat="-27.034992" lon="-48.658311"><ele>9.903137</ele></trkpt><trkpt lat="-27.03499" lon="-48.658309"><ele>9.84726</ele></trkpt><trkpt lat="-27.03499" lon="-48.65831"><ele>10.357574</ele></trkpt><trkpt lat="-27.034992" lon="-48.658309"><ele>10.300629</ele></trkpt><trkpt lat="-27.034997" lon="-48.658312"><ele>18.148682</ele></trkpt><trkpt lat="-27.034996" lon="-48.658314"><ele>18.333069</ele></trkpt><trkpt lat="-27.034997" lon="-48.658315"><ele>10.103363</ele></trkpt><trkpt lat="-27.034997" lon="-48.658315"><ele>10.103363</ele></trkpt><trkpt lat="-27.034996" lon="-48.658317"><ele>10.163605</ele></trkpt><trkpt lat="-27.034996" lon="-48.65832"><ele>10.747742</ele></trkpt><trkpt lat="-27.034992" lon="-48.658325"><ele>10.7565</ele></trkpt><trkpt lat="-27.034993" lon="-48.658324"><ele>10.555817</ele></trkpt><trkpt lat="-27.034993" lon="-48.658321"><ele>10.36142</ele></trkpt><trkpt lat="-27.03499" lon="-48.65832"><ele>10.279541</ele></trkpt><trkpt lat="-27.034991" lon="-48.658319"><ele>10.128113</ele></trkpt><trkpt lat="-27.034988" lon="-48.658317"><ele>10.109833</ele></trkpt><trkpt lat="-27.034989" lon="-48.658316"><ele>10.389709</ele></trkpt><trkpt lat="-27.034992" lon="-48.658317"><ele>10.277924</ele></trkpt><trkpt lat="-27.034995" lon="-48.658318"><ele>10.190948</ele></trkpt><trkpt lat="-27.034998" lon="-48.658319"><ele>10.056427</ele></trkpt><trkpt lat="-27.034998" lon="-48.658319"><ele>9.885986</ele></trkpt><trkpt lat="-27.034999" lon="-48.65832"><ele>9.744232</ele></trkpt><trkpt lat="-27.034999" lon="-48.658321"><ele>9.778442</ele></trkpt><trkpt lat="-27.034997" lon="-48.658321"><ele>9.52774</ele></trkpt><trkpt lat="-27.034993" lon="-48.658315"><ele>9.472473</ele></trkpt><trkpt lat="-27.034994" lon="-48.658313"><ele>9.523743</ele></trkpt><trkpt lat="-27.034995" lon="-48.658311"><ele>9.611298</ele></trkpt><trkpt lat="-27.034998" lon="-48.658312"><ele>9.663239</ele></trkpt><trkpt lat="-27.034998" lon="-48.658311"><ele>9.689301</ele></trkpt><trkpt lat="-27.034997" lon="-48.658308"><ele>9.10907</ele></trkpt><trkpt lat="-27.034995" lon="-48.658307"><ele>8.967773</ele></trkpt><trkpt lat="-27.034996" lon="-48.658306"><ele>8.964355</ele></trkpt><trkpt lat="-27.034997" lon="-48.658307"><ele>9.095337</ele></trkpt><trkpt lat="-27.035" lon="-48.658308"><ele>9.212708</ele></trkpt><trkpt lat="-27.035001" lon="-48.658308"><ele>9.132538</ele></trkpt><trkpt lat="-27.035002" lon="-48.658309"><ele>9.176453</ele></trkpt><trkpt lat="-27.035002" lon="-48.658309"><ele>8.863373</ele></trkpt><trkpt lat="-27.035001" lon="-48.658308"><ele>8.797302</ele></trkpt><trkpt lat="-27.035" lon="-48.65831"><ele>8.89444</ele></trkpt><trkpt lat="-27.034999" lon="-48.658311"><ele>9.134674</ele></trkpt><trkpt lat="-27.035088" lon="-48.65796"><ele>9.292755</ele></trkpt><trkpt lat="-27.035095" lon="-48.657809"><ele>9.617645</ele></trkpt><trkpt lat="-27.035078" lon="-48.657904"><ele>9.79068</ele></trkpt><trkpt lat="-27.035084" lon="-48.65784"><ele>9.970734</ele></trkpt><trkpt lat="-27.035002" lon="-48.658307"><ele>9.972321</ele></trkpt><trkpt lat="-27.035002" lon="-48.658305"><ele>9.576111</ele></trkpt><trkpt lat="-27.035001" lon="-48.658301"><ele>9.465576</ele></trkpt><trkpt lat="-27.035001" lon="-48.658299"><ele>9.295746</ele></trkpt><trkpt lat="-27.035001" lon="-48.658299"><ele>9.295746</ele></trkpt><trkpt lat="-27.035001" lon="-48.658299"><ele>9.314362</ele></trkpt><trkpt lat="-27.035002" lon="-48.658298"><ele>9.227173</ele></trkpt><trkpt lat="-27.035003" lon="-48.658299"><ele>9.214813</ele></trkpt><trkpt lat="-27.035003" lon="-48.658299"><ele>9.214813</ele></trkpt><trkpt lat="-27.035003" lon="-48.658299"><ele>9.214813</ele></trkpt><trkpt lat="-27.035004" lon="-48.658297"><ele>9.155304</ele></trkpt><trkpt lat="-27.035005" lon="-48.658297"><ele>9.303101</ele></trkpt><trkpt lat="-27.035006" lon="-48.658297"><ele>9.291687</ele></trkpt><trkpt lat="-27.035007" lon="-48.658296"><ele>9.306549</ele></trkpt><trkpt lat="-27.035007" lon="-48.658297"><ele>9.289429</ele></trkpt><trkpt lat="-27.035006" lon="-48.658299"><ele>11.701172</ele></trkpt><trkpt lat="-27.035006" lon="-48.6583"><ele>11.593689</ele></trkpt><trkpt lat="-27.035006" lon="-48.6583"><ele>11.763519</ele></trkpt><trkpt lat="-27.035006" lon="-48.658302"><ele>11.813568</ele></trkpt><trkpt lat="-27.035005" lon="-48.658302"><ele>11.802155</ele></trkpt><trkpt lat="-27.035006" lon="-48.658302"><ele>11.672729</ele></trkpt><trkpt lat="-27.035093" lon="-48.657798"><ele>11.66452</ele></trkpt><trkpt lat="-27.035095" lon="-48.657922"><ele>11.575684</ele></trkpt><trkpt lat="-27.035011" lon="-48.658302"><ele>9.580292</ele></trkpt><trkpt lat="-27.035012" lon="-48.658302"><ele>17.558228</ele></trkpt><trkpt lat="-27.035013" lon="-48.658302"><ele>17.868042</ele></trkpt><trkpt lat="-27.035013" lon="-48.658302"><ele>18.106323</ele></trkpt><trkpt lat="-27.035011" lon="-48.658303"><ele>18.186401</ele></trkpt><trkpt lat="-27.035012" lon="-48.658303"><ele>18.183228</ele></trkpt><trkpt lat="-27.035012" lon="-48.658303"><ele>18.183228</ele></trkpt><trkpt lat="-27.035096" lon="-48.657842"><ele>18.004395</ele></trkpt><trkpt lat="-27.035012" lon="-48.658298"><ele>18.112915</ele></trkpt><trkpt lat="-27.035012" lon="-48.658296"><ele>18.127563</ele></trkpt><trkpt lat="-27.035084" lon="-48.657892"><ele>18.127563</ele></trkpt><trkpt lat="-27.035122" lon="-48.657905"><ele>18.076843</ele></trkpt><trkpt lat="-27.035009" lon="-48.658294"><ele>18.105286</ele></trkpt><trkpt lat="-27.035008" lon="-48.658293"><ele>18.087952</ele></trkpt><trkpt lat="-27.035007" lon="-48.658291"><ele>18.02301</ele></trkpt><trkpt lat="-27.035005" lon="-48.65829"><ele>18.014648</ele></trkpt><trkpt lat="-27.035005" lon="-48.65829"><ele>18.011658</ele></trkpt><trkpt lat="-27.035008" lon="-48.658291"><ele>18.255005</ele></trkpt><trkpt lat="-27.03501" lon="-48.658292"><ele>18.405823</ele></trkpt><trkpt lat="-27.03501" lon="-48.658293"><ele>18.377808</ele></trkpt><trkpt lat="-27.035009" lon="-48.658293"><ele>18.428406</ele></trkpt><trkpt lat="-27.035008" lon="-48.658294"><ele>18.466858</ele></trkpt><trkpt lat="-27.035007" lon="-48.658293"><ele>15.818481</ele></trkpt><trkpt lat="-27.035007" lon="-48.658294"><ele>16.735229</ele></trkpt><trkpt lat="-27.035011" lon="-48.658295"><ele>16.764832</ele></trkpt><trkpt lat="-27.035009" lon="-48.658296"><ele>16.86438</ele></trkpt><trkpt lat="-27.035008" lon="-48.658294"><ele>16.66803</ele></trkpt><trkpt lat="-27.035007" lon="-48.658294"><ele>16.747192</ele></trkpt><trkpt lat="-27.035004" lon="-48.658293"><ele>16.712769</ele></trkpt><trkpt lat="-27.035005" lon="-48.658292"><ele>16.894897</ele></trkpt><trkpt lat="-27.035007" lon="-48.658291"><ele>16.948181</ele></trkpt><trkpt lat="-27.035082" lon="-48.657896"><ele>17.111206</ele></trkpt><trkpt lat="-27.035012" lon="-48.65829"><ele>17.396362</ele></trkpt><trkpt lat="-27.035091" lon="-48.657872"><ele>17.601257</ele></trkpt><trkpt lat="-27.035119" lon="-48.657828"><ele>17.677246</ele></trkpt><trkpt lat="-27.035107" lon="-48.657881"><ele>17.752563</ele></trkpt><trkpt lat="-27.035059" lon="-48.657935"><ele>17.823059</ele></trkpt><trkpt lat="-27.035161" lon="-48.657824"><ele>17.830261</ele></trkpt><trkpt lat="-27.035072" lon="-48.657863"><ele>17.685852</ele></trkpt><trkpt lat="-27.035016" lon="-48.658285"><ele>17.651855</ele></trkpt><trkpt lat="-27.035137" lon="-48.657931"><ele>18.344177</ele></trkpt><trkpt lat="-27.035143" lon="-48.657911"><ele>18.573792</ele></trkpt><trkpt lat="-27.035116" lon="-48.657978"><ele>16.636414</ele></trkpt><trkpt lat="-27.035093" lon="-48.657989"><ele>16.44928</ele></trkpt><trkpt lat="-27.035137" lon="-48.657908"><ele>16.809143</ele></trkpt><trkpt lat="-27.035132" lon="-48.657905"><ele>16.810181</ele></trkpt><trkpt lat="-27.035136" lon="-48.657841"><ele>16.415833</ele></trkpt><trkpt lat="-27.035149" lon="-48.657931"><ele>16.929504</ele></trkpt><trkpt lat="-27.035137" lon="-48.657887"><ele>17.004089</ele></trkpt><trkpt lat="-27.035089" lon="-48.658084"><ele>17.412109</ele></trkpt><trkpt lat="-27.035095" lon="-48.658063"><ele>16.320862</ele></trkpt><trkpt lat="-27.0351" lon="-48.658043"><ele>16.352051</ele></trkpt><trkpt lat="-27.035105" lon="-48.658025"><ele>14.180237</ele></trkpt><trkpt lat="-27.035108" lon="-48.658011"><ele>14.668884</ele></trkpt><trkpt lat="-27.03511" lon="-48.657993"><ele>14.521973</ele></trkpt><trkpt lat="-27.035107" lon="-48.657976"><ele>16.569031</ele></trkpt><trkpt lat="-27.035104" lon="-48.65796"><ele>16.473083</ele></trkpt><trkpt lat="-27.035097" lon="-48.657945"><ele>17.112305</ele></trkpt><trkpt lat="-27.035094" lon="-48.657925"><ele>17.782898</ele></trkpt><trkpt lat="-27.035085" lon="-48.657904"><ele>18.256042</ele></trkpt><trkpt lat="-27.035077" lon="-48.657879"><ele>18.330566</ele></trkpt><trkpt lat="-27.035068" lon="-48.657857"><ele>18.502686</ele></trkpt><trkpt lat="-27.035058" lon="-48.657836"><ele>18.434448</ele></trkpt><trkpt lat="-27.035047" lon="-48.657815"><ele>18.889221</ele></trkpt><trkpt lat="-27.035038" lon="-48.657799"><ele>18.526733</ele></trkpt><trkpt lat="-27.035032" lon="-48.657791"><ele>18.375916</ele></trkpt><trkpt lat="-27.035028" lon="-48.657781"><ele>16.50824</ele></trkpt><trkpt lat="-27.035029" lon="-48.657768"><ele>16.291626</ele></trkpt><trkpt lat="-27.035032" lon="-48.657774"><ele>16.048706</ele></trkpt><trkpt lat="-27.035033" lon="-48.657782"><ele>15.637939</ele></trkpt><trkpt lat="-27.035034" lon="-48.657781"><ele>16.257568</ele></trkpt><trkpt lat="-27.035035" lon="-48.657781"><ele>14.420532</ele></trkpt><trkpt lat="-27.035035" lon="-48.657781"><ele>13.769592</ele></trkpt><trkpt lat="-27.035035" lon="-48.657782"><ele>13.563904</ele></trkpt><trkpt lat="-27.035033" lon="-48.657781"><ele>13.633301</ele></trkpt><trkpt lat="-27.035031" lon="-48.657776"><ele>16.217773</ele></trkpt><trkpt lat="-27.035031" lon="-48.657764"><ele>15.711243</ele></trkpt><trkpt lat="-27.035037" lon="-48.657756"><ele>14.923035</ele></trkpt><trkpt lat="-27.03504" lon="-48.657749"><ele>15.147766</ele></trkpt><trkpt lat="-27.035043" lon="-48.657757"><ele>15.090942</ele></trkpt><trkpt lat="-27.035039" lon="-48.657761"><ele>15.366394</ele></trkpt><trkpt lat="-27.035039" lon="-48.657762"><ele>14.101868</ele></trkpt><trkpt lat="-27.03504" lon="-48.657765"><ele>14.165649</ele></trkpt><trkpt lat="-27.035037" lon="-48.657768"><ele>13.796631</ele></trkpt><trkpt lat="-27.035037" lon="-48.65777"><ele>13.384399</ele></trkpt><trkpt lat="-27.035037" lon="-48.657773"><ele>12.973938</ele></trkpt><trkpt lat="-27.035039" lon="-48.657778"><ele>12.971252</ele></trkpt><trkpt lat="-27.035039" lon="-48.657778"><ele>12.971252</ele></trkpt><trkpt lat="-27.035043" lon="-48.657784"><ele>12.810303</ele></trkpt><trkpt lat="-27.035045" lon="-48.657786"><ele>12.504211</ele></trkpt><trkpt lat="-27.035046" lon="-48.657788"><ele>12.809692</ele></trkpt><trkpt lat="-27.035047" lon="-48.657791"><ele>12.953613</ele></trkpt><trkpt lat="-27.035048" lon="-48.657794"><ele>13.024109</ele></trkpt><trkpt lat="-27.035048" lon="-48.657795"><ele>13.025452</ele></trkpt><trkpt lat="-27.035047" lon="-48.657795"><ele>12.789612</ele></trkpt><trkpt lat="-27.035047" lon="-48.657795"><ele>12.789612</ele></trkpt><trkpt lat="-27.035047" lon="-48.657796"><ele>12.735779</ele></trkpt><trkpt lat="-27.035047" lon="-48.657798"><ele>13.080933</ele></trkpt><trkpt lat="-27.035047" lon="-48.657801"><ele>13.040527</ele></trkpt><trkpt lat="-27.035048" lon="-48.657802"><ele>13.38208</ele></trkpt><trkpt lat="-27.035048" lon="-48.657802"><ele>13.38208</ele></trkpt><trkpt lat="-27.035049" lon="-48.657804"><ele>13.473938</ele></trkpt><trkpt lat="-27.035049" lon="-48.657804"><ele>13.479919</ele></trkpt><trkpt lat="-27.035049" lon="-48.657804"><ele>13.480896</ele></trkpt><trkpt lat="-27.035049" lon="-48.657804"><ele>13.482056</ele></trkpt><trkpt lat="-27.035049" lon="-48.657804"><ele>13.482117</ele></trkpt><trkpt lat="-27.035049" lon="-48.657804"><ele>13.485352</ele></trkpt><trkpt lat="-27.035049" lon="-48.657804"><ele>13.488647</ele></trkpt><trkpt lat="-27.035049" lon="-48.657804"><ele>13.493042</ele></trkpt><trkpt lat="-27.035049" lon="-48.657804"><ele>13.496826</ele></trkpt><trkpt lat="-27.035049" lon="-48.657804"><ele>13.425415</ele></trkpt><trkpt lat="-27.035049" lon="-48.657804"><ele>13.425415</ele></trkpt><trkpt lat="-27.035049" lon="-48.657804"><ele>13.232056</ele></trkpt><trkpt lat="-27.035049" lon="-48.657804"><ele>13.24884</ele></trkpt><trkpt lat="-27.035049" lon="-48.657804"><ele>13.544556</ele></trkpt><trkpt lat="-27.035049" lon="-48.657803"><ele>13.364075</ele></trkpt><trkpt lat="-27.035049" lon="-48.657803"><ele>13.701965</ele></trkpt><trkpt lat="-27.035049" lon="-48.657803"><ele>13.701965</ele></trkpt><trkpt lat="-27.035049" lon="-48.657803"><ele>13.603149</ele></trkpt><trkpt lat="-27.035049" lon="-48.657803"><ele>13.81543</ele></trkpt><trkpt lat="-27.035049" lon="-48.657803"><ele>13.811829</ele></trkpt><trkpt lat="-27.035048" lon="-48.6578"><ele>13.439636</ele></trkpt><trkpt lat="-27.035047" lon="-48.657798"><ele>13.670166</ele></trkpt><trkpt lat="-27.035046" lon="-48.657795"><ele>14.002747</ele></trkpt><trkpt lat="-27.035045" lon="-48.65779"><ele>14.122864</ele></trkpt><trkpt lat="-27.035044" lon="-48.657785"><ele>14.148132</ele></trkpt><trkpt lat="-27.035044" lon="-48.657785"><ele>14.148132</ele></trkpt><trkpt lat="-27.035044" lon="-48.657784"><ele>14.151123</ele></trkpt><trkpt lat="-27.035044" lon="-48.657783"><ele>14.151672</ele></trkpt><trkpt lat="-27.035044" lon="-48.657783"><ele>14.152954</ele></trkpt><trkpt lat="-27.035044" lon="-48.657783"><ele>14.154846</ele></trkpt><trkpt lat="-27.035044" lon="-48.657783"><ele>14.158203</ele></trkpt><trkpt lat="-27.035044" lon="-48.657783"><ele>14.158203</ele></trkpt><trkpt lat="-27.035044" lon="-48.657783"><ele>14.162354</ele></trkpt><trkpt lat="-27.035044" lon="-48.657783"><ele>14.16626</ele></trkpt><trkpt lat="-27.035044" lon="-48.657783"><ele>14.168701</ele></trkpt><trkpt lat="-27.035044" lon="-48.657783"><ele>14.168701</ele></trkpt><trkpt lat="-27.035044" lon="-48.657783"><ele>14.173462</ele></trkpt><trkpt lat="-27.035044" lon="-48.657783"><ele>14.171875</ele></trkpt><trkpt lat="-27.035044" lon="-48.657783"><ele>14.172852</ele></trkpt><trkpt lat="-27.035044" lon="-48.657783"><ele>14.174622</ele></trkpt><trkpt lat="-27.035044" lon="-48.657783"><ele>14.172791</ele></trkpt><trkpt lat="-27.035044" lon="-48.657783"><ele>14.174011</ele></trkpt><trkpt lat="-27.035044" lon="-48.657783"><ele>14.170471</ele></trkpt><trkpt lat="-27.035044" lon="-48.657783"><ele>14.181763</ele></trkpt><trkpt lat="-27.035044" lon="-48.657783"><ele>14.188477</ele></trkpt><trkpt lat="-27.035045" lon="-48.657782"><ele>14.419556</ele></trkpt><trkpt lat="-27.035045" lon="-48.657782"><ele>14.419556</ele></trkpt><trkpt lat="-27.035045" lon="-48.657782"><ele>14.468567</ele></trkpt><trkpt lat="-27.035046" lon="-48.657782"><ele>14.477844</ele></trkpt><trkpt lat="-27.035046" lon="-48.657782"><ele>14.491638</ele></trkpt><trkpt lat="-27.035047" lon="-48.65778"><ele>14.702087</ele></trkpt><trkpt lat="-27.035049" lon="-48.657779"><ele>14.693298</ele></trkpt><trkpt lat="-27.035049" lon="-48.657778"><ele>14.701294</ele></trkpt><trkpt lat="-27.03505" lon="-48.657778"><ele>14.702759</ele></trkpt><trkpt lat="-27.035053" lon="-48.657783"><ele>15.005737</ele></trkpt><trkpt lat="-27.035053" lon="-48.657783"><ele>15.005737</ele></trkpt><trkpt lat="-27.035054" lon="-48.657788"><ele>15.108154</ele></trkpt><trkpt lat="-27.035056" lon="-48.657794"><ele>15.04718</ele></trkpt><trkpt lat="-27.035051" lon="-48.657792"><ele>16.143372</ele></trkpt><trkpt lat="-27.035049" lon="-48.657789"><ele>16.390381</ele></trkpt><trkpt lat="-27.035049" lon="-48.657789"><ele>16.395325</ele></trkpt><trkpt lat="-27.035049" lon="-48.657789"><ele>16.397888</ele></trkpt><trkpt lat="-27.035049" lon="-48.657787"><ele>16.28949</ele></trkpt><trkpt lat="-27.035049" lon="-48.657786"><ele>16.247498</ele></trkpt><trkpt lat="-27.035049" lon="-48.657785"><ele>16.250671</ele></trkpt><trkpt lat="-27.035049" lon="-48.657785"><ele>16.251221</ele></trkpt><trkpt lat="-27.035049" lon="-48.657782"><ele>16.332214</ele></trkpt><trkpt lat="-27.035048" lon="-48.657781"><ele>16.666199</ele></trkpt><trkpt lat="-27.035046" lon="-48.657782"><ele>17.492676</ele></trkpt><trkpt lat="-27.035046" lon="-48.657781"><ele>17.465759</ele></trkpt><trkpt lat="-27.035046" lon="-48.65778"><ele>18.105652</ele></trkpt><trkpt lat="-27.035046" lon="-48.65778"><ele>18.493835</ele></trkpt><trkpt lat="-27.035046" lon="-48.65778"><ele>18.917297</ele></trkpt><trkpt lat="-27.035045" lon="-48.65778"><ele>19.053833</ele></trkpt><trkpt lat="-27.035046" lon="-48.657781"><ele>19.139526</ele></trkpt><trkpt lat="-27.035042" lon="-48.657778"><ele>18.019775</ele></trkpt><trkpt lat="-27.035042" lon="-48.657773"><ele>17.446411</ele></trkpt><trkpt lat="-27.035043" lon="-48.657769"><ele>17.329102</ele></trkpt><trkpt lat="-27.03504" lon="-48.657759"><ele>17.179932</ele></trkpt><trkpt lat="-27.035035" lon="-48.657745"><ele>17.059937</ele></trkpt><trkpt lat="-27.035035" lon="-48.657745"><ele>17.059937</ele></trkpt><trkpt lat="-27.03503" lon="-48.65773"><ele>16.957825</ele></trkpt><trkpt lat="-27.035023" lon="-48.657714"><ele>14.799133</ele></trkpt><trkpt lat="-27.035007" lon="-48.657695"><ele>14.520874</ele></trkpt><trkpt lat="-27.034991" lon="-48.657672"><ele>15.171875</ele></trkpt><trkpt lat="-27.034974" lon="-48.657648"><ele>15.365662</ele></trkpt><trkpt lat="-27.034955" lon="-48.657621"><ele>15.957275</ele></trkpt><trkpt lat="-27.034938" lon="-48.657594"><ele>16.3703</ele></trkpt><trkpt lat="-27.034922" lon="-48.65757"><ele>16.345703</ele></trkpt><trkpt lat="-27.034906" lon="-48.657549"><ele>16.585938</ele></trkpt><trkpt lat="-27.034892" lon="-48.657529"><ele>16.350159</ele></trkpt><trkpt lat="-27.034879" lon="-48.657512"><ele>15.9245</ele></trkpt><trkpt lat="-27.034868" lon="-48.657494"><ele>17.600281</ele></trkpt><trkpt lat="-27.034859" lon="-48.65748"><ele>17.774109</ele></trkpt><trkpt lat="-27.034853" lon="-48.657473"><ele>17.804688</ele></trkpt><trkpt lat="-27.034852" lon="-48.657473"><ele>17.489746</ele></trkpt><trkpt lat="-27.034853" lon="-48.657476"><ele>17.47821</ele></trkpt><trkpt lat="-27.034854" lon="-48.657477"><ele>17.476563</ele></trkpt><trkpt lat="-27.034854" lon="-48.657477"><ele>15.889221</ele></trkpt><trkpt lat="-27.034854" lon="-48.657478"><ele>15.878845</ele></trkpt><trkpt lat="-27.034854" lon="-48.657478"><ele>15.881653</ele></trkpt><trkpt lat="-27.034854" lon="-48.657478"><ele>15.884094</ele></trkpt><trkpt lat="-27.034854" lon="-48.657479"><ele>16.133667</ele></trkpt><trkpt lat="-27.034853" lon="-48.657479"><ele>16.134094</ele></trkpt><trkpt lat="-27.034853" lon="-48.657479"><ele>16.134094</ele></trkpt><trkpt lat="-27.034853" lon="-48.657479"><ele>16.136108</ele></trkpt><trkpt lat="-27.034853" lon="-48.657479"><ele>16.128418</ele></trkpt><trkpt lat="-27.034853" lon="-48.657479"><ele>16.130676</ele></trkpt><trkpt lat="-27.034855" lon="-48.657481"><ele>15.88501</ele></trkpt><trkpt lat="-27.034855" lon="-48.657482"><ele>15.866577</ele></trkpt><trkpt lat="-27.034861" lon="-48.657484"><ele>15.740662</ele></trkpt><trkpt lat="-27.034863" lon="-48.657485"><ele>15.438477</ele></trkpt><trkpt lat="-27.034873" lon="-48.657483"><ele>15.064697</ele></trkpt><trkpt lat="-27.034883" lon="-48.657478"><ele>16.42926</ele></trkpt><trkpt lat="-27.034885" lon="-48.657474"><ele>16.531433</ele></trkpt><trkpt lat="-27.034884" lon="-48.657473"><ele>16.728516</ele></trkpt><trkpt lat="-27.034877" lon="-48.657472"><ele>16.911377</ele></trkpt><trkpt lat="-27.034871" lon="-48.657469"><ele>16.778442</ele></trkpt><trkpt lat="-27.034864" lon="-48.657458"><ele>17.174377</ele></trkpt><trkpt lat="-27.034863" lon="-48.657462"><ele>16.740112</ele></trkpt><trkpt lat="-27.034864" lon="-48.657466"><ele>14.732605</ele></trkpt><trkpt lat="-27.034865" lon="-48.657457"><ele>14.977478</ele></trkpt><trkpt lat="-27.034862" lon="-48.657451"><ele>14.703186</ele></trkpt><trkpt lat="-27.034857" lon="-48.657448"><ele>14.378845</ele></trkpt><trkpt lat="-27.034853" lon="-48.657447"><ele>14.22168</ele></trkpt><trkpt lat="-27.034849" lon="-48.657447"><ele>14.227051</ele></trkpt><trkpt lat="-27.034848" lon="-48.657446"><ele>14.470825</ele></trkpt><trkpt lat="-27.034848" lon="-48.657446"><ele>14.413391</ele></trkpt><trkpt lat="-27.034848" lon="-48.657444"><ele>14.424194</ele></trkpt><trkpt lat="-27.034846" lon="-48.657445"><ele>14.346741</ele></trkpt><trkpt lat="-27.034844" lon="-48.657447"><ele>14.454102</ele></trkpt><trkpt lat="-27.034839" lon="-48.657447"><ele>15.855469</ele></trkpt><trkpt lat="-27.034834" lon="-48.657446"><ele>15.799011</ele></trkpt><trkpt lat="-27.034831" lon="-48.657444"><ele>15.71582</ele></trkpt><trkpt lat="-27.034829" lon="-48.657436"><ele>15.566895</ele></trkpt><trkpt lat="-27.034828" lon="-48.657428"><ele>15.723328</ele></trkpt><trkpt lat="-27.034827" lon="-48.65742"><ele>15.941223</ele></trkpt><trkpt lat="-27.034826" lon="-48.657412"><ele>15.980042</ele></trkpt><trkpt lat="-27.034828" lon="-48.657409"><ele>15.682068</ele></trkpt><trkpt lat="-27.03483" lon="-48.65741"><ele>15.679993</ele></trkpt><trkpt lat="-27.03483" lon="-48.657409"><ele>15.680969</ele></trkpt><trkpt lat="-27.034831" lon="-48.657408"><ele>15.708069</ele></trkpt><trkpt lat="-27.034831" lon="-48.657408"><ele>15.699402</ele></trkpt><trkpt lat="-27.034829" lon="-48.657409"><ele>15.791016</ele></trkpt><trkpt lat="-27.034827" lon="-48.657409"><ele>16.433594</ele></trkpt><trkpt lat="-27.034828" lon="-48.657409"><ele>14.932312</ele></trkpt><trkpt lat="-27.034826" lon="-48.657407"><ele>14.936707</ele></trkpt><trkpt lat="-27.034825" lon="-48.657406"><ele>14.998108</ele></trkpt><trkpt lat="-27.034824" lon="-48.657405"><ele>14.652527</ele></trkpt><trkpt lat="-27.034824" lon="-48.657403"><ele>14.642761</ele></trkpt><trkpt lat="-27.034822" lon="-48.657404"><ele>15.090149</ele></trkpt><trkpt lat="-27.034821" lon="-48.657404"><ele>15.118591</ele></trkpt><trkpt lat="-27.034821" lon="-48.657405"><ele>15.116821</ele></trkpt><trkpt lat="-27.034822" lon="-48.657405"><ele>15.257935</ele></trkpt><trkpt lat="-27.034823" lon="-48.657406"><ele>15.629578</ele></trkpt><trkpt lat="-27.03482" lon="-48.657406"><ele>15.64325</ele></trkpt><trkpt lat="-27.034818" lon="-48.657407"><ele>15.795227</ele></trkpt><trkpt lat="-27.034823" lon="-48.65741"><ele>15.257019</ele></trkpt><trkpt lat="-27.034833" lon="-48.657407"><ele>14.549316</ele></trkpt><trkpt lat="-27.034839" lon="-48.657407"><ele>15.959167</ele></trkpt><trkpt lat="-27.034839" lon="-48.657406"><ele>15.706909</ele></trkpt><trkpt lat="-27.034836" lon="-48.657407"><ele>15.667114</ele></trkpt><trkpt lat="-27.034835" lon="-48.657407"><ele>15.669434</ele></trkpt><trkpt lat="-27.034835" lon="-48.657407"><ele>15.675415</ele></trkpt><trkpt lat="-27.034835" lon="-48.657407"><ele>15.669617</ele></trkpt><trkpt lat="-27.034836" lon="-48.657409"><ele>15.830933</ele></trkpt><trkpt lat="-27.034839" lon="-48.657414"><ele>15.536072</ele></trkpt><trkpt lat="-27.034842" lon="-48.657415"><ele>14.219482</ele></trkpt><trkpt lat="-27.034843" lon="-48.657415"><ele>14.098938</ele></trkpt><trkpt lat="-27.034843" lon="-48.657413"><ele>13.6521</ele></trkpt><trkpt lat="-27.034842" lon="-48.657411"><ele>13.616394</ele></trkpt><trkpt lat="-27.034843" lon="-48.65741"><ele>13.638184</ele></trkpt><trkpt lat="-27.034851" lon="-48.657402"><ele>13.65979</ele></trkpt><trkpt lat="-27.034861" lon="-48.657395"><ele>13.764526</ele></trkpt><trkpt lat="-27.03487" lon="-48.657393"><ele>13.425903</ele></trkpt><trkpt lat="-27.034876" lon="-48.657391"><ele>13.221436</ele></trkpt><trkpt lat="-27.034881" lon="-48.657388"><ele>12.938965</ele></trkpt><trkpt lat="-27.034888" lon="-48.657384"><ele>13.280701</ele></trkpt><trkpt lat="-27.034894" lon="-48.657382"><ele>13.128967</ele></trkpt><trkpt lat="-27.034898" lon="-48.657382"><ele>13.000488</ele></trkpt><trkpt lat="-27.034898" lon="-48.657383"><ele>12.291748</ele></trkpt><trkpt lat="-27.034896" lon="-48.657384"><ele>12.101013</ele></trkpt><trkpt lat="-27.034896" lon="-48.657386"><ele>12.449402</ele></trkpt><trkpt lat="-27.034897" lon="-48.657384"><ele>12.50824</ele></trkpt><trkpt lat="-27.034899" lon="-48.657387"><ele>12.833069</ele></trkpt><trkpt lat="-27.034889" lon="-48.657506"><ele>29.838257</ele></trkpt><trkpt lat="-27.034889" lon="-48.657506"><ele>29.838257</ele></trkpt><trkpt lat="-27.034903" lon="-48.657486"><ele>27.167542</ele></trkpt><trkpt lat="-27.034903" lon="-48.657486"><ele>27.167542</ele></trkpt><trkpt lat="-27.034894" lon="-48.65748"><ele>12.358337</ele></trkpt><trkpt lat="-27.034893" lon="-48.657474"><ele>13.744324</ele></trkpt><trkpt lat="-27.034895" lon="-48.657467"><ele>15.364502</ele></trkpt><trkpt lat="-27.034893" lon="-48.657466"><ele>16.053345</ele></trkpt><trkpt lat="-27.034893" lon="-48.657464"><ele>17.26239</ele></trkpt><trkpt lat="-27.034889" lon="-48.657466"><ele>18.02832</ele></trkpt><trkpt lat="-27.034887" lon="-48.657463"><ele>18.939514</ele></trkpt><trkpt lat="-27.034887" lon="-48.657463"><ele>18.939514</ele></trkpt><trkpt lat="-27.034887" lon="-48.657463"><ele>18.939514</ele></trkpt><trkpt lat="-27.034887" lon="-48.657459"><ele>19.730042</ele></trkpt><trkpt lat="-27.034885" lon="-48.657458"><ele>19.946167</ele></trkpt><trkpt lat="-27.034882" lon="-48.657456"><ele>20.161377</ele></trkpt><trkpt lat="-27.034879" lon="-48.657457"><ele>19.979614</ele></trkpt><trkpt lat="-27.034877" lon="-48.657458"><ele>19.791626</ele></trkpt><trkpt lat="-27.034875" lon="-48.657458"><ele>19.290039</ele></trkpt><trkpt lat="-27.034874" lon="-48.657456"><ele>19.479614</ele></trkpt><trkpt lat="-27.034871" lon="-48.657457"><ele>19.271301</ele></trkpt><trkpt lat="-27.034871" lon="-48.657457"><ele>19.271301</ele></trkpt><trkpt lat="-27.034872" lon="-48.657455"><ele>19.031372</ele></trkpt><trkpt lat="-27.034872" lon="-48.657455"><ele>19.031372</ele></trkpt><trkpt lat="-27.03487" lon="-48.657456"><ele>18.769958</ele></trkpt><trkpt lat="-27.034868" lon="-48.657457"><ele>18.629883</ele></trkpt><trkpt lat="-27.034868" lon="-48.657457"><ele>18.315674</ele></trkpt><trkpt lat="-27.034867" lon="-48.657457"><ele>18.224121</ele></trkpt><trkpt lat="-27.034867" lon="-48.657456"><ele>18.012085</ele></trkpt><trkpt lat="-27.034866" lon="-48.657457"><ele>18.046448</ele></trkpt><trkpt lat="-27.034865" lon="-48.657457"><ele>17.973267</ele></trkpt><trkpt lat="-27.034865" lon="-48.657457"><ele>17.818726</ele></trkpt><trkpt lat="-27.034866" lon="-48.657458"><ele>17.609131</ele></trkpt><trkpt lat="-27.034866" lon="-48.657459"><ele>17.626953</ele></trkpt><trkpt lat="-27.034866" lon="-48.657459"><ele>17.626953</ele></trkpt><trkpt lat="-27.034866" lon="-48.657459"><ele>17.540649</ele></trkpt><trkpt lat="-27.034866" lon="-48.657459"><ele>17.540649</ele></trkpt><trkpt lat="-27.034865" lon="-48.657459"><ele>16.995972</ele></trkpt><trkpt lat="-27.034866" lon="-48.65746"><ele>17.647278</ele></trkpt><trkpt lat="-27.034864" lon="-48.657462"><ele>17.91571</ele></trkpt><trkpt lat="-27.034863" lon="-48.657462"><ele>17.895203</ele></trkpt><trkpt lat="-27.034861" lon="-48.657465"><ele>17.901917</ele></trkpt><trkpt lat="-27.03486" lon="-48.657466"><ele>17.776978</ele></trkpt><trkpt lat="-27.03486" lon="-48.657466"><ele>17.482239</ele></trkpt><trkpt lat="-27.034858" lon="-48.657468"><ele>17.05603</ele></trkpt><trkpt lat="-27.034858" lon="-48.657471"><ele>17.191345</ele></trkpt><trkpt lat="-27.03486" lon="-48.657474"><ele>17.298767</ele></trkpt><trkpt lat="-27.034858" lon="-48.657492"><ele>17.461792</ele></trkpt><trkpt lat="-27.034857" lon="-48.657501"><ele>16.703491</ele></trkpt><trkpt lat="-27.03486" lon="-48.657502"><ele>16.662903</ele></trkpt><trkpt lat="-27.034861" lon="-48.657495"><ele>16.724792</ele></trkpt><trkpt lat="-27.034857" lon="-48.657488"><ele>15.842896</ele></trkpt><trkpt lat="-27.034849" lon="-48.657471"><ele>15.788574</ele></trkpt><trkpt lat="-27.034844" lon="-48.657446"><ele>15.878845</ele></trkpt><trkpt lat="-27.034838" lon="-48.657423"><ele>15.637817</ele></trkpt><trkpt lat="-27.034827" lon="-48.657403"><ele>15.518738</ele></trkpt><trkpt lat="-27.034812" lon="-48.657383"><ele>15.014893</ele></trkpt><trkpt lat="-27.034794" lon="-48.657362"><ele>15.223999</ele></trkpt><trkpt lat="-27.03478" lon="-48.657342"><ele>15.043762</ele></trkpt><trkpt lat="-27.034768" lon="-48.657322"><ele>15.150452</ele></trkpt><trkpt lat="-27.034768" lon="-48.657322"><ele>15.150452</ele></trkpt><trkpt lat="-27.034758" lon="-48.657303"><ele>15.005554</ele></trkpt><trkpt lat="-27.03475" lon="-48.657284"><ele>14.693848</ele></trkpt><trkpt lat="-27.034738" lon="-48.657259"><ele>14.557129</ele></trkpt><trkpt lat="-27.034722" lon="-48.657233"><ele>14.24884</ele></trkpt><trkpt lat="-27.034705" lon="-48.657205"><ele>14.120422</ele></trkpt><trkpt lat="-27.034687" lon="-48.657177"><ele>14.299316</ele></trkpt><trkpt lat="-27.034669" lon="-48.657151"><ele>14.351135</ele></trkpt><trkpt lat="-27.034652" lon="-48.657125"><ele>14.399475</ele></trkpt><trkpt lat="-27.034635" lon="-48.6571"><ele>14.719238</ele></trkpt><trkpt lat="-27.034618" lon="-48.657072"><ele>14.803528</ele></trkpt><trkpt lat="-27.034599" lon="-48.657046"><ele>14.638855</ele></trkpt><trkpt lat="-27.034583" lon="-48.657022"><ele>14.440552</ele></trkpt><trkpt lat="-27.034568" lon="-48.656995"><ele>14.486328</ele></trkpt><trkpt lat="-27.034553" lon="-48.656965"><ele>14.280212</ele></trkpt><trkpt lat="-27.034553" lon="-48.656965"><ele>14.280212</ele></trkpt><trkpt lat="-27.034541" lon="-48.656936"><ele>14.153931</ele></trkpt><trkpt lat="-27.03453" lon="-48.656907"><ele>13.93689</ele></trkpt><trkpt lat="-27.034518" lon="-48.656877"><ele>15.133545</ele></trkpt><trkpt lat="-27.034507" lon="-48.656844"><ele>16.852661</ele></trkpt><trkpt lat="-27.034497" lon="-48.656816"><ele>16.70636</ele></trkpt><trkpt lat="-27.034486" lon="-48.656784"><ele>14.912292</ele></trkpt><trkpt lat="-27.034481" lon="-48.656756"><ele>14.762695</ele></trkpt><trkpt lat="-27.034467" lon="-48.656736"><ele>14.241455</ele></trkpt><trkpt lat="-27.034457" lon="-48.65671"><ele>13.779236</ele></trkpt><trkpt lat="-27.034448" lon="-48.656683"><ele>13.168335</ele></trkpt><trkpt lat="-27.034442" lon="-48.656659"><ele>13.457703</ele></trkpt><trkpt lat="-27.034437" lon="-48.656636"><ele>12.755066</ele></trkpt><trkpt lat="-27.034428" lon="-48.656609"><ele>12.870056</ele></trkpt><trkpt lat="-27.03442" lon="-48.656578"><ele>12.758545</ele></trkpt><trkpt lat="-27.034414" lon="-48.656545"><ele>12.664001</ele></trkpt><trkpt lat="-27.034408" lon="-48.656511"><ele>12.552917</ele></trkpt><trkpt lat="-27.034403" lon="-48.656478"><ele>12.106689</ele></trkpt><trkpt lat="-27.0344" lon="-48.656447"><ele>11.448425</ele></trkpt><trkpt lat="-27.034399" lon="-48.656415"><ele>11.378967</ele></trkpt><trkpt lat="-27.034399" lon="-48.656383"><ele>11.150604</ele></trkpt><trkpt lat="-27.034397" lon="-48.656349"><ele>11.663635</ele></trkpt><trkpt lat="-27.034398" lon="-48.656315"><ele>11.864624</ele></trkpt><trkpt lat="-27.0344" lon="-48.656281"><ele>11.556183</ele></trkpt><trkpt lat="-27.034401" lon="-48.656244"><ele>11.766083</ele></trkpt><trkpt lat="-27.034402" lon="-48.65621"><ele>11.636932</ele></trkpt><trkpt lat="-27.034404" lon="-48.656174"><ele>11.504944</ele></trkpt><trkpt lat="-27.034412" lon="-48.656138"><ele>12.154114</ele></trkpt><trkpt lat="-27.034417" lon="-48.656105"><ele>12.202332</ele></trkpt><trkpt lat="-27.034418" lon="-48.656073"><ele>11.998901</ele></trkpt><trkpt lat="-27.034418" lon="-48.656073"><ele>11.998901</ele></trkpt><trkpt lat="-27.034423" lon="-48.656039"><ele>12.222717</ele></trkpt><trkpt lat="-27.034426" lon="-48.656008"><ele>11.894409</ele></trkpt><trkpt lat="-27.03443" lon="-48.655976"><ele>12.106323</ele></trkpt><trkpt lat="-27.03443" lon="-48.655976"><ele>12.106323</ele></trkpt><trkpt lat="-27.034432" lon="-48.655945"><ele>12.582092</ele></trkpt><trkpt lat="-27.034438" lon="-48.655912"><ele>12.372986</ele></trkpt><trkpt lat="-27.034442" lon="-48.655874"><ele>12.322571</ele></trkpt><trkpt lat="-27.034444" lon="-48.655838"><ele>12.434021</ele></trkpt><trkpt lat="-27.03445" lon="-48.655797"><ele>12.074646</ele></trkpt><trkpt lat="-27.034456" lon="-48.655758"><ele>11.761047</ele></trkpt><trkpt lat="-27.034457" lon="-48.655719"><ele>11.850891</ele></trkpt><trkpt lat="-27.034457" lon="-48.655719"><ele>11.850891</ele></trkpt><trkpt lat="-27.034461" lon="-48.655689"><ele>11.393097</ele></trkpt><trkpt lat="-27.034461" lon="-48.655689"><ele>11.393097</ele></trkpt><trkpt lat="-27.034458" lon="-48.655665"><ele>11.4664</ele></trkpt><trkpt lat="-27.034454" lon="-48.655642"><ele>11.396698</ele></trkpt><trkpt lat="-27.03445" lon="-48.655616"><ele>11.064972</ele></trkpt><trkpt lat="-27.034448" lon="-48.65559"><ele>11.395966</ele></trkpt><trkpt lat="-27.034445" lon="-48.655569"><ele>10.99704</ele></trkpt><trkpt lat="-27.034445" lon="-48.655544"><ele>11.546204</ele></trkpt><trkpt lat="-27.034443" lon="-48.655522"><ele>11.43042</ele></trkpt><trkpt lat="-27.034439" lon="-48.655501"><ele>11.582092</ele></trkpt><trkpt lat="-27.034435" lon="-48.655484"><ele>11.749908</ele></trkpt><trkpt lat="-27.034435" lon="-48.655484"><ele>11.749908</ele></trkpt><trkpt lat="-27.034434" lon="-48.655469"><ele>11.4599</ele></trkpt><trkpt lat="-27.034433" lon="-48.655454"><ele>11.792206</ele></trkpt><trkpt lat="-27.03443" lon="-48.65543"><ele>11.641479</ele></trkpt><trkpt lat="-27.034424" lon="-48.655403"><ele>11.108765</ele></trkpt><trkpt lat="-27.03442" lon="-48.655376"><ele>11.396088</ele></trkpt><trkpt lat="-27.034417" lon="-48.655354"><ele>10.878326</ele></trkpt><trkpt lat="-27.034415" lon="-48.655328"><ele>11.207886</ele></trkpt><trkpt lat="-27.034412" lon="-48.6553"><ele>11.39801</ele></trkpt><trkpt lat="-27.034407" lon="-48.655266"><ele>11.120178</ele></trkpt><trkpt lat="-27.034402" lon="-48.655233"><ele>11.168549</ele></trkpt><trkpt lat="-27.0344" lon="-48.655207"><ele>11.745361</ele></trkpt><trkpt lat="-27.0344" lon="-48.655194"><ele>12.031067</ele></trkpt><trkpt lat="-27.034402" lon="-48.655186"><ele>12.204773</ele></trkpt><trkpt lat="-27.034403" lon="-48.655185"><ele>12.086792</ele></trkpt><trkpt lat="-27.034403" lon="-48.655188"><ele>11.840424</ele></trkpt><trkpt lat="-27.034405" lon="-48.655189"><ele>11.807678</ele></trkpt><trkpt lat="-27.034406" lon="-48.655189"><ele>11.112061</ele></trkpt><trkpt lat="-27.034406" lon="-48.655188"><ele>11.12088</ele></trkpt><trkpt lat="-27.034408" lon="-48.655189"><ele>10.838989</ele></trkpt><trkpt lat="-27.03441" lon="-48.655191"><ele>10.862701</ele></trkpt><trkpt lat="-27.034411" lon="-48.655191"><ele>10.876862</ele></trkpt><trkpt lat="-27.034411" lon="-48.655194"><ele>10.968903</ele></trkpt><trkpt lat="-27.034412" lon="-48.655195"><ele>10.976135</ele></trkpt><trkpt lat="-27.034415" lon="-48.655193"><ele>10.765961</ele></trkpt><trkpt lat="-27.034415" lon="-48.655193"><ele>10.765961</ele></trkpt><trkpt lat="-27.034414" lon="-48.65519"><ele>10.519714</ele></trkpt><trkpt lat="-27.034413" lon="-48.655188"><ele>10.484131</ele></trkpt><trkpt lat="-27.034411" lon="-48.655189"><ele>10.545471</ele></trkpt><trkpt lat="-27.034411" lon="-48.655192"><ele>10.685028</ele></trkpt><trkpt lat="-27.034411" lon="-48.655192"><ele>10.685028</ele></trkpt><trkpt lat="-27.03441" lon="-48.655195"><ele>10.538086</ele></trkpt><trkpt lat="-27.034409" lon="-48.655196"><ele>10.658752</ele></trkpt><trkpt lat="-27.034409" lon="-48.655196"><ele>10.658752</ele></trkpt><trkpt lat="-27.034409" lon="-48.655196"><ele>10.768127</ele></trkpt><trkpt lat="-27.034409" lon="-48.655195"><ele>10.935089</ele></trkpt><trkpt lat="-27.034409" lon="-48.655194"><ele>10.937836</ele></trkpt><trkpt lat="-27.034407" lon="-48.655192"><ele>11.075073</ele></trkpt><trkpt lat="-27.034407" lon="-48.655193"><ele>11.492798</ele></trkpt><trkpt lat="-27.034414" lon="-48.655191"><ele>11.232513</ele></trkpt><trkpt lat="-27.034416" lon="-48.655192"><ele>11.038116</ele></trkpt><trkpt lat="-27.034417" lon="-48.655192"><ele>10.919312</ele></trkpt><trkpt lat="-27.034418" lon="-48.655178"><ele>11.387634</ele></trkpt><trkpt lat="-27.03442" lon="-48.655159"><ele>11.26413</ele></trkpt><trkpt lat="-27.03442" lon="-48.655134"><ele>10.692902</ele></trkpt><trkpt lat="-27.034416" lon="-48.655112"><ele>10.855591</ele></trkpt><trkpt lat="-27.034413" lon="-48.655091"><ele>10.659088</ele></trkpt><trkpt lat="-27.034406" lon="-48.655069"><ele>10.571838</ele></trkpt><trkpt lat="-27.034401" lon="-48.655047"><ele>10.342072</ele></trkpt><trkpt lat="-27.034404" lon="-48.655026"><ele>11.011658</ele></trkpt><trkpt lat="-27.034408" lon="-48.655006"><ele>11.084106</ele></trkpt><trkpt lat="-27.034408" lon="-48.655006"><ele>11.084106</ele></trkpt><trkpt lat="-27.034409" lon="-48.654988"><ele>10.435059</ele></trkpt><trkpt lat="-27.034411" lon="-48.654962"><ele>10.573578</ele></trkpt><trkpt lat="-27.034412" lon="-48.654935"><ele>10.940735</ele></trkpt><trkpt lat="-27.034416" lon="-48.654905"><ele>11.129852</ele></trkpt><trkpt lat="-27.034424" lon="-48.654875"><ele>11.029938</ele></trkpt><trkpt lat="-27.03443" lon="-48.654844"><ele>11.232941</ele></trkpt><trkpt lat="-27.034435" lon="-48.654817"><ele>11.556488</ele></trkpt><trkpt lat="-27.034441" lon="-48.65479"><ele>11.454224</ele></trkpt><trkpt lat="-27.034449" lon="-48.654765"><ele>11.691864</ele></trkpt><trkpt lat="-27.034457" lon="-48.654738"><ele>11.236328</ele></trkpt><trkpt lat="-27.034463" lon="-48.654713"><ele>11.858459</ele></trkpt><trkpt lat="-27.034467" lon="-48.654688"><ele>11.728882</ele></trkpt><trkpt lat="-27.034471" lon="-48.65466"><ele>11.866333</ele></trkpt><trkpt lat="-27.034476" lon="-48.654631"><ele>12.039246</ele></trkpt><trkpt lat="-27.034483" lon="-48.654598"><ele>12.412659</ele></trkpt><trkpt lat="-27.03449" lon="-48.654567"><ele>13.156128</ele></trkpt><trkpt lat="-27.034497" lon="-48.654535"><ele>13.101685</ele></trkpt><trkpt lat="-27.034505" lon="-48.654502"><ele>13.06781</ele></trkpt><trkpt lat="-27.034512" lon="-48.654463"><ele>13.615112</ele></trkpt><trkpt lat="-27.034522" lon="-48.654426"><ele>13.113586</ele></trkpt><trkpt lat="-27.034534" lon="-48.654392"><ele>12.284973</ele></trkpt><trkpt lat="-27.034547" lon="-48.654354"><ele>12.039307</ele></trkpt><trkpt lat="-27.034558" lon="-48.654318"><ele>12.126221</ele></trkpt><trkpt lat="-27.034566" lon="-48.654285"><ele>12.124634</ele></trkpt><trkpt lat="-27.034572" lon="-48.654247"><ele>12.005798</ele></trkpt><trkpt lat="-27.034575" lon="-48.654214"><ele>11.750427</ele></trkpt><trkpt lat="-27.034577" lon="-48.65418"><ele>11.423248</ele></trkpt><trkpt lat="-27.034581" lon="-48.654146"><ele>11.593109</ele></trkpt><trkpt lat="-27.034583" lon="-48.654116"><ele>11.684479</ele></trkpt><trkpt lat="-27.034583" lon="-48.654084"><ele>11.6362</ele></trkpt><trkpt lat="-27.03458" lon="-48.654053"><ele>11.506226</ele></trkpt><trkpt lat="-27.034577" lon="-48.654024"><ele>11.73175</ele></trkpt><trkpt lat="-27.03457" lon="-48.654003"><ele>11.941254</ele></trkpt><trkpt lat="-27.03457" lon="-48.654003"><ele>11.941254</ele></trkpt><trkpt lat="-27.034567" lon="-48.653981"><ele>12.060547</ele></trkpt><trkpt lat="-27.034564" lon="-48.653951"><ele>12.18158</ele></trkpt><trkpt lat="-27.03456" lon="-48.653925"><ele>12.60083</ele></trkpt><trkpt lat="-27.03456" lon="-48.653925"><ele>12.60083</ele></trkpt><trkpt lat="-27.034558" lon="-48.653896"><ele>12.602783</ele></trkpt><trkpt lat="-27.034558" lon="-48.65386"><ele>12.63623</ele></trkpt><trkpt lat="-27.034556" lon="-48.653826"><ele>13.145386</ele></trkpt><trkpt lat="-27.034564" lon="-48.653792"><ele>13.427307</ele></trkpt><trkpt lat="-27.034573" lon="-48.653762"><ele>13.139526</ele></trkpt><trkpt lat="-27.034578" lon="-48.653742"><ele>13.186035</ele></trkpt><trkpt lat="-27.03458" lon="-48.653736"><ele>13.335388</ele></trkpt><trkpt lat="-27.034584" lon="-48.653735"><ele>13.501953</ele></trkpt><trkpt lat="-27.034586" lon="-48.653735"><ele>13.758118</ele></trkpt><trkpt lat="-27.034586" lon="-48.653735"><ele>13.891907</ele></trkpt><trkpt lat="-27.034586" lon="-48.653735"><ele>13.891907</ele></trkpt><trkpt lat="-27.034587" lon="-48.653735"><ele>13.972839</ele></trkpt><trkpt lat="-27.034585" lon="-48.653735"><ele>14.14386</ele></trkpt><trkpt lat="-27.034583" lon="-48.653736"><ele>14.089783</ele></trkpt><trkpt lat="-27.034583" lon="-48.653736"><ele>14.086487</ele></trkpt><trkpt lat="-27.034582" lon="-48.653733"><ele>14.148438</ele></trkpt><trkpt lat="-27.034583" lon="-48.65373"><ele>13.745239</ele></trkpt><trkpt lat="-27.034583" lon="-48.653725"><ele>13.539734</ele></trkpt><trkpt lat="-27.034581" lon="-48.653714"><ele>13.36853</ele></trkpt><trkpt lat="-27.034579" lon="-48.653705"><ele>13.193115</ele></trkpt><trkpt lat="-27.034578" lon="-48.653698"><ele>13.222595</ele></trkpt><trkpt lat="-27.034577" lon="-48.653695"><ele>13.448059</ele></trkpt><trkpt lat="-27.034579" lon="-48.653694"><ele>13.226257</ele></trkpt><trkpt lat="-27.03458" lon="-48.653694"><ele>13.261047</ele></trkpt><trkpt lat="-27.034575" lon="-48.65369"><ele>12.990295</ele></trkpt><trkpt lat="-27.03457" lon="-48.653682"><ele>12.790894</ele></trkpt><trkpt lat="-27.034574" lon="-48.653675"><ele>12.828552</ele></trkpt><trkpt lat="-27.03458" lon="-48.653672"><ele>12.81842</ele></trkpt><trkpt lat="-27.034582" lon="-48.65367"><ele>12.618958</ele></trkpt><trkpt lat="-27.034582" lon="-48.65367"><ele>13.125366</ele></trkpt><trkpt lat="-27.034583" lon="-48.653674"><ele>12.991455</ele></trkpt><trkpt lat="-27.034583" lon="-48.653675"><ele>12.99176</ele></trkpt><trkpt lat="-27.034583" lon="-48.653675"><ele>12.991333</ele></trkpt><trkpt lat="-27.034579" lon="-48.653674"><ele>12.761047</ele></trkpt><trkpt lat="-27.034579" lon="-48.653674"><ele>12.761047</ele></trkpt><trkpt lat="-27.034578" lon="-48.653678"><ele>12.563171</ele></trkpt><trkpt lat="-27.034581" lon="-48.653684"><ele>12.24469</ele></trkpt><trkpt lat="-27.034584" lon="-48.653685"><ele>12.217834</ele></trkpt><trkpt lat="-27.034585" lon="-48.653686"><ele>12.215698</ele></trkpt><trkpt lat="-27.034585" lon="-48.653686"><ele>12.216614</ele></trkpt><trkpt lat="-27.034587" lon="-48.653686"><ele>11.992767</ele></trkpt><trkpt lat="-27.034588" lon="-48.653684"><ele>11.960754</ele></trkpt><trkpt lat="-27.03459" lon="-48.653682"><ele>11.985779</ele></trkpt><trkpt lat="-27.034594" lon="-48.653683"><ele>12.174438</ele></trkpt><trkpt lat="-27.034602" lon="-48.653687"><ele>12.141479</ele></trkpt><trkpt lat="-27.03461" lon="-48.653691"><ele>11.779602</ele></trkpt><trkpt lat="-27.034612" lon="-48.653691"><ele>11.919983</ele></trkpt><trkpt lat="-27.034616" lon="-48.653687"><ele>11.648712</ele></trkpt><trkpt lat="-27.034616" lon="-48.653688"><ele>11.589874</ele></trkpt><trkpt lat="-27.034614" lon="-48.653694"><ele>11.532745</ele></trkpt><trkpt lat="-27.034603" lon="-48.653695"><ele>10.932037</ele></trkpt><trkpt lat="-27.034599" lon="-48.653693"><ele>11.507446</ele></trkpt><trkpt lat="-27.034598" lon="-48.65369"><ele>11.643311</ele></trkpt><trkpt lat="-27.034597" lon="-48.653687"><ele>11.704254</ele></trkpt><trkpt lat="-27.034596" lon="-48.653685"><ele>11.713348</ele></trkpt><trkpt lat="-27.034596" lon="-48.653684"><ele>11.724731</ele></trkpt><trkpt lat="-27.034593" lon="-48.653684"><ele>11.385254</ele></trkpt><trkpt lat="-27.034593" lon="-48.653686"><ele>11.197601</ele></trkpt><trkpt lat="-27.034594" lon="-48.653688"><ele>11.503296</ele></trkpt><trkpt lat="-27.034595" lon="-48.653688"><ele>11.282593</ele></trkpt><trkpt lat="-27.034601" lon="-48.653688"><ele>11.29364</ele></trkpt><trkpt lat="-27.034604" lon="-48.653688"><ele>10.744629</ele></trkpt><trkpt lat="-27.034604" lon="-48.653685"><ele>11.946564</ele></trkpt><trkpt lat="-27.0346" lon="-48.653682"><ele>11.9888</ele></trkpt><trkpt lat="-27.034598" lon="-48.653682"><ele>11.825806</ele></trkpt><trkpt lat="-27.034597" lon="-48.653681"><ele>11.794983</ele></trkpt><trkpt lat="-27.034596" lon="-48.653681"><ele>11.816833</ele></trkpt><trkpt lat="-27.034594" lon="-48.653681"><ele>11.67807</ele></trkpt><trkpt lat="-27.034592" lon="-48.653684"><ele>11.611542</ele></trkpt><trkpt lat="-27.0346" lon="-48.653687"><ele>12.152161</ele></trkpt><trkpt lat="-27.034609" lon="-48.653686"><ele>12.452698</ele></trkpt><trkpt lat="-27.034611" lon="-48.653685"><ele>12.474731</ele></trkpt><trkpt lat="-27.034611" lon="-48.653685"><ele>12.479065</ele></trkpt><trkpt lat="-27.03461" lon="-48.653692"><ele>12.260925</ele></trkpt><trkpt lat="-27.034605" lon="-48.653695"><ele>12.012085</ele></trkpt><trkpt lat="-27.034599" lon="-48.65369"><ele>11.965729</ele></trkpt><trkpt lat="-27.034596" lon="-48.653689"><ele>12.037903</ele></trkpt><trkpt lat="-27.034593" lon="-48.653692"><ele>12.063477</ele></trkpt><trkpt lat="-27.034597" lon="-48.653692"><ele>11.868286</ele></trkpt><trkpt lat="-27.034599" lon="-48.653689"><ele>11.95929</ele></trkpt><trkpt lat="-27.034599" lon="-48.653687"><ele>11.933411</ele></trkpt><trkpt lat="-27.034601" lon="-48.653685"><ele>11.884674</ele></trkpt><trkpt lat="-27.034602" lon="-48.653684"><ele>11.865997</ele></trkpt><trkpt lat="-27.034604" lon="-48.653681"><ele>11.786224</ele></trkpt><trkpt lat="-27.034604" lon="-48.653681"><ele>11.882446</ele></trkpt><trkpt lat="-27.034605" lon="-48.653678"><ele>11.802582</ele></trkpt><trkpt lat="-27.034605" lon="-48.653676"><ele>11.680634</ele></trkpt><trkpt lat="-27.034603" lon="-48.653676"><ele>11.684082</ele></trkpt><trkpt lat="-27.034607" lon="-48.653675"><ele>11.246429</ele></trkpt><trkpt lat="-27.034614" lon="-48.653676"><ele>11.463257</ele></trkpt><trkpt lat="-27.034618" lon="-48.653676"><ele>11.391205</ele></trkpt><trkpt lat="-27.034618" lon="-48.653678"><ele>11.569458</ele></trkpt><trkpt lat="-27.034614" lon="-48.65368"><ele>11.411835</ele></trkpt><trkpt lat="-27.034609" lon="-48.653681"><ele>11.45932</ele></trkpt><trkpt lat="-27.034606" lon="-48.653681"><ele>11.454895</ele></trkpt><trkpt lat="-27.034607" lon="-48.653681"><ele>11.86264</ele></trkpt><trkpt lat="-27.034507" lon="-48.653688"><ele>12.436401</ele></trkpt><trkpt lat="-27.034507" lon="-48.653688"><ele>12.463013</ele></trkpt><trkpt lat="-27.034524" lon="-48.65369"><ele>11.697449</ele></trkpt><trkpt lat="-27.034524" lon="-48.65369"><ele>11.697449</ele></trkpt><trkpt lat="-27.034524" lon="-48.65369"><ele>11.697449</ele></trkpt><trkpt lat="-27.034531" lon="-48.653692"><ele>11.700226</ele></trkpt><trkpt lat="-27.034554" lon="-48.65369"><ele>10.838684</ele></trkpt><trkpt lat="-27.034555" lon="-48.6537"><ele>11.149902</ele></trkpt><trkpt lat="-27.034556" lon="-48.653698"><ele>11.117462</ele></trkpt><trkpt lat="-27.034556" lon="-48.6537"><ele>11.199188</ele></trkpt><trkpt lat="-27.034556" lon="-48.6537"><ele>11.199188</ele></trkpt><trkpt lat="-27.034559" lon="-48.653702"><ele>11.44278</ele></trkpt><trkpt lat="-27.034559" lon="-48.653702"><ele>11.44278</ele></trkpt><trkpt lat="-27.03456" lon="-48.653703"><ele>11.944489</ele></trkpt><trkpt lat="-27.034564" lon="-48.653707"><ele>11.58963</ele></trkpt><trkpt lat="-27.034564" lon="-48.653704"><ele>11.75473</ele></trkpt><trkpt lat="-27.034566" lon="-48.653702"><ele>11.540039</ele></trkpt><trkpt lat="-27.034568" lon="-48.6537"><ele>11.370209</ele></trkpt><trkpt lat="-27.034568" lon="-48.6537"><ele>11.370209</ele></trkpt><trkpt lat="-27.034569" lon="-48.653699"><ele>11.174469</ele></trkpt><trkpt lat="-27.034569" lon="-48.653699"><ele>11.174469</ele></trkpt><trkpt lat="-27.034574" lon="-48.653695"><ele>11.510468</ele></trkpt><trkpt lat="-27.034579" lon="-48.653691"><ele>11.870087</ele></trkpt><trkpt lat="-27.03458" lon="-48.65369"><ele>11.919006</ele></trkpt><trkpt lat="-27.034587" lon="-48.653694"><ele>11.435852</ele></trkpt><trkpt lat="-27.034587" lon="-48.653693"><ele>11.991882</ele></trkpt><trkpt lat="-27.034589" lon="-48.653694"><ele>11.835266</ele></trkpt><trkpt lat="-27.034589" lon="-48.653695"><ele>12.137329</ele></trkpt><trkpt lat="-27.03459" lon="-48.653694"><ele>12.307068</ele></trkpt><trkpt lat="-27.034592" lon="-48.653692"><ele>12.427734</ele></trkpt><trkpt lat="-27.034594" lon="-48.653692"><ele>12.515137</ele></trkpt><trkpt lat="-27.034594" lon="-48.653692"><ele>12.515137</ele></trkpt><trkpt lat="-27.034594" lon="-48.653692"><ele>12.444885</ele></trkpt><trkpt lat="-27.034594" lon="-48.653692"><ele>12.444885</ele></trkpt><trkpt lat="-27.034593" lon="-48.653693"><ele>12.241821</ele></trkpt><trkpt lat="-27.034592" lon="-48.653694"><ele>12.329407</ele></trkpt><trkpt lat="-27.03459" lon="-48.653695"><ele>12.286133</ele></trkpt><trkpt lat="-27.034589" lon="-48.653696"><ele>12.327087</ele></trkpt><trkpt lat="-27.034588" lon="-48.653696"><ele>12.134338</ele></trkpt><trkpt lat="-27.034591" lon="-48.653695"><ele>11.980255</ele></trkpt><trkpt lat="-27.034591" lon="-48.653696"><ele>11.922546</ele></trkpt><trkpt lat="-27.034591" lon="-48.653696"><ele>12.156799</ele></trkpt><trkpt lat="-27.034591" lon="-48.653695"><ele>12.010742</ele></trkpt><trkpt lat="-27.034592" lon="-48.653697"><ele>12.499512</ele></trkpt><trkpt lat="-27.034593" lon="-48.653696"><ele>12.453186</ele></trkpt><trkpt lat="-27.034594" lon="-48.653693"><ele>12.580078</ele></trkpt><trkpt lat="-27.034595" lon="-48.653692"><ele>12.642639</ele></trkpt><trkpt lat="-27.034594" lon="-48.653691"><ele>12.480103</ele></trkpt><trkpt lat="-27.034593" lon="-48.653691"><ele>12.437256</ele></trkpt><trkpt lat="-27.034592" lon="-48.653691"><ele>12.455383</ele></trkpt><trkpt lat="-27.034593" lon="-48.653691"><ele>12.481934</ele></trkpt><trkpt lat="-27.034594" lon="-48.653691"><ele>12.466248</ele></trkpt><trkpt lat="-27.034595" lon="-48.653691"><ele>12.43573</ele></trkpt><trkpt lat="-27.034596" lon="-48.653691"><ele>12.478638</ele></trkpt><trkpt lat="-27.034597" lon="-48.65369"><ele>12.435181</ele></trkpt><trkpt lat="-27.034598" lon="-48.653689"><ele>12.469299</ele></trkpt><trkpt lat="-27.034599" lon="-48.653689"><ele>12.446777</ele></trkpt><trkpt lat="-27.0346" lon="-48.653688"><ele>12.522705</ele></trkpt><trkpt lat="-27.0346" lon="-48.653688"><ele>12.636597</ele></trkpt><trkpt lat="-27.034599" lon="-48.653686"><ele>12.606018</ele></trkpt><trkpt lat="-27.034601" lon="-48.653684"><ele>12.443848</ele></trkpt><trkpt lat="-27.034602" lon="-48.653684"><ele>12.44751</ele></trkpt><trkpt lat="-27.034602" lon="-48.653688"><ele>12.798401</ele></trkpt><trkpt lat="-27.034603" lon="-48.653688"><ele>12.952393</ele></trkpt><trkpt lat="-27.034601" lon="-48.653691"><ele>12.796936</ele></trkpt><trkpt lat="-27.0346" lon="-48.653691"><ele>12.584473</ele></trkpt><trkpt lat="-27.034603" lon="-48.653675"><ele>12.916138</ele></trkpt><trkpt lat="-27.034607" lon="-48.653657"><ele>12.672546</ele></trkpt><trkpt lat="-27.034607" lon="-48.653632"><ele>12.863037</ele></trkpt><trkpt lat="-27.034605" lon="-48.653605"><ele>12.310547</ele></trkpt><trkpt lat="-27.034602" lon="-48.653575"><ele>12.419434</ele></trkpt><trkpt lat="-27.0346" lon="-48.653545"><ele>12.517517</ele></trkpt><trkpt lat="-27.034597" lon="-48.653517"><ele>12.851929</ele></trkpt><trkpt lat="-27.034595" lon="-48.653492"><ele>12.662354</ele></trkpt><trkpt lat="-27.034593" lon="-48.653465"><ele>12.732544</ele></trkpt><trkpt lat="-27.034592" lon="-48.65344"><ele>12.744873</ele></trkpt><trkpt lat="-27.03459" lon="-48.653413"><ele>13.190979</ele></trkpt><trkpt lat="-27.034589" lon="-48.653383"><ele>13.15625</ele></trkpt><trkpt lat="-27.034587" lon="-48.653354"><ele>12.803223</ele></trkpt><trkpt lat="-27.034586" lon="-48.653325"><ele>12.840149</ele></trkpt><trkpt lat="-27.034586" lon="-48.653297"><ele>12.243103</ele></trkpt><trkpt lat="-27.034585" lon="-48.653272"><ele>11.721069</ele></trkpt><trkpt lat="-27.034585" lon="-48.653272"><ele>11.721069</ele></trkpt><trkpt lat="-27.034583" lon="-48.653245"><ele>11.5578</ele></trkpt><trkpt lat="-27.03458" lon="-48.653215"><ele>11.671387</ele></trkpt><trkpt lat="-27.034577" lon="-48.653187"><ele>11.555084</ele></trkpt><trkpt lat="-27.034577" lon="-48.65316"><ele>11.739655</ele></trkpt><trkpt lat="-27.034577" lon="-48.65316"><ele>11.739655</ele></trkpt><trkpt lat="-27.034577" lon="-48.653132"><ele>11.500977</ele></trkpt><trkpt lat="-27.034576" lon="-48.653104"><ele>11.260834</ele></trkpt><trkpt lat="-27.034576" lon="-48.653104"><ele>11.260834</ele></trkpt><trkpt lat="-27.034575" lon="-48.653076"><ele>11.410431</ele></trkpt><trkpt lat="-27.034576" lon="-48.653048"><ele>11.551666</ele></trkpt><trkpt lat="-27.034577" lon="-48.653021"><ele>11.523804</ele></trkpt><trkpt lat="-27.034576" lon="-48.652995"><ele>12.102661</ele></trkpt><trkpt lat="-27.03457" lon="-48.65297"><ele>11.770874</ele></trkpt><trkpt lat="-27.034564" lon="-48.652944"><ele>11.388977</ele></trkpt><trkpt lat="-27.03456" lon="-48.652918"><ele>11.006775</ele></trkpt><trkpt lat="-27.034562" lon="-48.652891"><ele>10.664978</ele></trkpt><trkpt lat="-27.034562" lon="-48.652866"><ele>10.487854</ele></trkpt><trkpt lat="-27.034562" lon="-48.652837"><ele>10.398468</ele></trkpt><trkpt lat="-27.034562" lon="-48.652801"><ele>10.712036</ele></trkpt><trkpt lat="-27.034565" lon="-48.652762"><ele>11.170502</ele></trkpt><trkpt lat="-27.034565" lon="-48.652727"><ele>11.920135</ele></trkpt><trkpt lat="-27.034565" lon="-48.652689"><ele>12.643494</ele></trkpt><trkpt lat="-27.034564" lon="-48.652654"><ele>13.01886</ele></trkpt><trkpt lat="-27.03456" lon="-48.652617"><ele>12.742371</ele></trkpt><trkpt lat="-27.034558" lon="-48.652582"><ele>12.486572</ele></trkpt><trkpt lat="-27.034557" lon="-48.652551"><ele>12.587585</ele></trkpt><trkpt lat="-27.034557" lon="-48.652551"><ele>12.587585</ele></trkpt><trkpt lat="-27.034559" lon="-48.652521"><ele>12.622437</ele></trkpt><trkpt lat="-27.034557" lon="-48.652491"><ele>12.888855</ele></trkpt><trkpt lat="-27.034557" lon="-48.652463"><ele>13.365234</ele></trkpt><trkpt lat="-27.034556" lon="-48.652439"><ele>13.449341</ele></trkpt><trkpt lat="-27.034556" lon="-48.652415"><ele>12.820068</ele></trkpt><trkpt lat="-27.034554" lon="-48.652387"><ele>12.577148</ele></trkpt><trkpt lat="-27.034551" lon="-48.652358"><ele>12.651428</ele></trkpt><trkpt lat="-27.034546" lon="-48.65233"><ele>12.793701</ele></trkpt><trkpt lat="-27.034543" lon="-48.652301"><ele>13.147217</ele></trkpt><trkpt lat="-27.03454" lon="-48.652273"><ele>13.238953</ele></trkpt><trkpt lat="-27.034537" lon="-48.652245"><ele>13.000488</ele></trkpt><trkpt lat="-27.034537" lon="-48.652245"><ele>13.000488</ele></trkpt><trkpt lat="-27.034535" lon="-48.652218"><ele>12.946533</ele></trkpt><trkpt lat="-27.034536" lon="-48.652191"><ele>12.726746</ele></trkpt><trkpt lat="-27.034539" lon="-48.652167"><ele>12.482788</ele></trkpt><trkpt lat="-27.034539" lon="-48.652133"><ele>13.523071</ele></trkpt><trkpt lat="-27.034541" lon="-48.652108"><ele>13.493164</ele></trkpt><trkpt lat="-27.03454" lon="-48.652097"><ele>13.250977</ele></trkpt><trkpt lat="-27.034538" lon="-48.652092"><ele>13.610107</ele></trkpt><trkpt lat="-27.034536" lon="-48.652092"><ele>13.685913</ele></trkpt><trkpt lat="-27.034537" lon="-48.652092"><ele>13.286194</ele></trkpt><trkpt lat="-27.034536" lon="-48.652092"><ele>13.288452</ele></trkpt><trkpt lat="-27.034536" lon="-48.652092"><ele>13.289307</ele></trkpt><trkpt lat="-27.034536" lon="-48.652092"><ele>12.958008</ele></trkpt><trkpt lat="-27.034536" lon="-48.652092"><ele>12.957825</ele></trkpt><trkpt lat="-27.034536" lon="-48.652092"><ele>12.958801</ele></trkpt><trkpt lat="-27.034536" lon="-48.652092"><ele>12.958862</ele></trkpt><trkpt lat="-27.034536" lon="-48.652092"><ele>12.956787</ele></trkpt><trkpt lat="-27.034536" lon="-48.652092"><ele>13.299744</ele></trkpt><trkpt lat="-27.034536" lon="-48.652092"><ele>13.299744</ele></trkpt><trkpt lat="-27.034536" lon="-48.652092"><ele>13.29071</ele></trkpt><trkpt lat="-27.034536" lon="-48.652092"><ele>13.290955</ele></trkpt><trkpt lat="-27.034536" lon="-48.65209"><ele>13.59613</ele></trkpt><trkpt lat="-27.034538" lon="-48.652086"><ele>13.689514</ele></trkpt><trkpt lat="-27.03454" lon="-48.652079"><ele>13.394226</ele></trkpt><trkpt lat="-27.034546" lon="-48.652043"><ele>13.073792</ele></trkpt><trkpt lat="-27.034552" lon="-48.652011"><ele>13.251221</ele></trkpt><trkpt lat="-27.034557" lon="-48.651982"><ele>13.421204</ele></trkpt><trkpt lat="-27.034559" lon="-48.651978"><ele>13.440002</ele></trkpt><trkpt lat="-27.034559" lon="-48.651978"><ele>13.440002</ele></trkpt><trkpt lat="-27.034559" lon="-48.651978"><ele>13.092285</ele></trkpt><trkpt lat="-27.034559" lon="-48.651978"><ele>13.092285</ele></trkpt><trkpt lat="-27.034559" lon="-48.651978"><ele>13.096069</ele></trkpt><trkpt lat="-27.034559" lon="-48.651979"><ele>13.102234</ele></trkpt><trkpt lat="-27.034559" lon="-48.651981"><ele>13.030334</ele></trkpt><trkpt lat="-27.034558" lon="-48.651985"><ele>12.683105</ele></trkpt><trkpt lat="-27.034561" lon="-48.651989"><ele>12.616394</ele></trkpt><trkpt lat="-27.034562" lon="-48.651994"><ele>12.566528</ele></trkpt><trkpt lat="-27.034561" lon="-48.651996"><ele>12.436401</ele></trkpt><trkpt lat="-27.034559" lon="-48.651997"><ele>12.378784</ele></trkpt><trkpt lat="-27.034559" lon="-48.651998"><ele>12.376343</ele></trkpt><trkpt lat="-27.034559" lon="-48.651998"><ele>12.375366</ele></trkpt><trkpt lat="-27.034559" lon="-48.651998"><ele>12.373291</ele></trkpt><trkpt lat="-27.034556" lon="-48.651998"><ele>12.361877</ele></trkpt><trkpt lat="-27.034556" lon="-48.651998"><ele>12.361877</ele></trkpt><trkpt lat="-27.03455" lon="-48.652003"><ele>12.751282</ele></trkpt><trkpt lat="-27.034547" lon="-48.652003"><ele>12.249207</ele></trkpt><trkpt lat="-27.034547" lon="-48.652001"><ele>12.487732</ele></trkpt><trkpt lat="-27.034549" lon="-48.651993"><ele>12.165894</ele></trkpt><trkpt lat="-27.034548" lon="-48.651981"><ele>11.97522</ele></trkpt><trkpt lat="-27.034546" lon="-48.65196"><ele>12.522644</ele></trkpt><trkpt lat="-27.034546" lon="-48.651937"><ele>13.237427</ele></trkpt><trkpt lat="-27.034547" lon="-48.651918"><ele>13.945862</ele></trkpt><trkpt lat="-27.034545" lon="-48.6519"><ele>14.505798</ele></trkpt><trkpt lat="-27.034542" lon="-48.651879"><ele>14.530762</ele></trkpt><trkpt lat="-27.03454" lon="-48.651859"><ele>14.812866</ele></trkpt><trkpt lat="-27.034538" lon="-48.651839"><ele>15.169739</ele></trkpt><trkpt lat="-27.034535" lon="-48.65182"><ele>15.230591</ele></trkpt><trkpt lat="-27.03453" lon="-48.651801"><ele>14.999084</ele></trkpt><trkpt lat="-27.034523" lon="-48.651783"><ele>15.264648</ele></trkpt><trkpt lat="-27.034515" lon="-48.651765"><ele>15.004333</ele></trkpt><trkpt lat="-27.034506" lon="-48.65175"><ele>14.647095</ele></trkpt><trkpt lat="-27.0345" lon="-48.651745"><ele>14.286926</ele></trkpt><trkpt lat="-27.034499" lon="-48.651747"><ele>13.902771</ele></trkpt><trkpt lat="-27.034499" lon="-48.651756"><ele>13.945007</ele></trkpt><trkpt lat="-27.034499" lon="-48.651759"><ele>13.94519</ele></trkpt><trkpt lat="-27.034499" lon="-48.651759"><ele>13.942688</ele></trkpt><trkpt lat="-27.034499" lon="-48.651759"><ele>13.942688</ele></trkpt><trkpt lat="-27.034499" lon="-48.65176"><ele>13.940552</ele></trkpt><trkpt lat="-27.034499" lon="-48.65176"><ele>13.937805</ele></trkpt><trkpt lat="-27.034498" lon="-48.65176"><ele>13.93811</ele></trkpt><trkpt lat="-27.034498" lon="-48.65176"><ele>13.941711</ele></trkpt><trkpt lat="-27.034498" lon="-48.65176"><ele>13.942688</ele></trkpt><trkpt lat="-27.034497" lon="-48.651758"><ele>13.768982</ele></trkpt><trkpt lat="-27.034495" lon="-48.651757"><ele>13.746582</ele></trkpt><trkpt lat="-27.034494" lon="-48.651756"><ele>14.031677</ele></trkpt><trkpt lat="-27.034494" lon="-48.651756"><ele>14.061768</ele></trkpt><trkpt lat="-27.034494" lon="-48.651755"><ele>14.041687</ele></trkpt><trkpt lat="-27.034491" lon="-48.651754"><ele>13.994568</ele></trkpt><trkpt lat="-27.034491" lon="-48.651754"><ele>13.994568</ele></trkpt><trkpt lat="-27.03449" lon="-48.651752"><ele>14.063232</ele></trkpt><trkpt lat="-27.03449" lon="-48.651752"><ele>14.063232</ele></trkpt><trkpt lat="-27.034489" lon="-48.651752"><ele>14.026367</ele></trkpt><trkpt lat="-27.034489" lon="-48.651752"><ele>14.057861</ele></trkpt><trkpt lat="-27.034489" lon="-48.651752"><ele>14.085571</ele></trkpt><trkpt lat="-27.034489" lon="-48.651752"><ele>14.167847</ele></trkpt><trkpt lat="-27.034489" lon="-48.651752"><ele>14.167847</ele></trkpt><trkpt lat="-27.034489" lon="-48.651752"><ele>14.242004</ele></trkpt><trkpt lat="-27.034488" lon="-48.651751"><ele>14.442078</ele></trkpt><trkpt lat="-27.034488" lon="-48.651751"><ele>14.442078</ele></trkpt><trkpt lat="-27.034488" lon="-48.65175"><ele>14.454529</ele></trkpt><trkpt lat="-27.034488" lon="-48.65175"><ele>14.473389</ele></trkpt><trkpt lat="-27.034488" lon="-48.65175"><ele>14.474854</ele></trkpt><trkpt lat="-27.034488" lon="-48.65175"><ele>14.497131</ele></trkpt><trkpt lat="-27.034488" lon="-48.65175"><ele>14.281982</ele></trkpt><trkpt lat="-27.034488" lon="-48.65175"><ele>14.269592</ele></trkpt><trkpt lat="-27.034487" lon="-48.65175"><ele>14.311768</ele></trkpt><trkpt lat="-27.034485" lon="-48.651748"><ele>14.324768</ele></trkpt><trkpt lat="-27.034484" lon="-48.651747"><ele>14.328308</ele></trkpt><trkpt lat="-27.034484" lon="-48.651746"><ele>14.280701</ele></trkpt><trkpt lat="-27.034484" lon="-48.651746"><ele>14.181519</ele></trkpt><trkpt lat="-27.034484" lon="-48.651746"><ele>14.168457</ele></trkpt><trkpt lat="-27.034484" lon="-48.651746"><ele>14.142883</ele></trkpt><trkpt lat="-27.034484" lon="-48.651746"><ele>14.142334</ele></trkpt><trkpt lat="-27.034484" lon="-48.651746"><ele>14.162109</ele></trkpt><trkpt lat="-27.034484" lon="-48.651746"><ele>14.276794</ele></trkpt><trkpt lat="-27.034484" lon="-48.651746"><ele>14.460083</ele></trkpt><trkpt lat="-27.034484" lon="-48.651746"><ele>14.471191</ele></trkpt><trkpt lat="-27.034484" lon="-48.651745"><ele>14.411621</ele></trkpt><trkpt lat="-27.034485" lon="-48.651744"><ele>14.454041</ele></trkpt><trkpt lat="-27.034485" lon="-48.651746"><ele>14.486694</ele></trkpt><trkpt lat="-27.034486" lon="-48.651747"><ele>14.615662</ele></trkpt><trkpt lat="-27.034485" lon="-48.651747"><ele>14.878662</ele></trkpt><trkpt lat="-27.034485" lon="-48.651748"><ele>14.728027</ele></trkpt><trkpt lat="-27.034486" lon="-48.651751"><ele>14.478394</ele></trkpt><trkpt lat="-27.034486" lon="-48.651754"><ele>14.096069</ele></trkpt><trkpt lat="-27.034485" lon="-48.651747"><ele>13.849182</ele></trkpt><trkpt lat="-27.034483" lon="-48.651738"><ele>13.955994</ele></trkpt><trkpt lat="-27.034481" lon="-48.65173"><ele>13.997314</ele></trkpt><trkpt lat="-27.03448" lon="-48.651726"><ele>14.059875</ele></trkpt><trkpt lat="-27.034481" lon="-48.651726"><ele>13.902649</ele></trkpt><trkpt lat="-27.034481" lon="-48.651727"><ele>13.773376</ele></trkpt><trkpt lat="-27.034481" lon="-48.651729"><ele>14.158203</ele></trkpt><trkpt lat="-27.034481" lon="-48.651732"><ele>14.114197</ele></trkpt><trkpt lat="-27.034481" lon="-48.651732"><ele>13.947327</ele></trkpt><trkpt lat="-27.034478" lon="-48.651728"><ele>13.930786</ele></trkpt><trkpt lat="-27.034471" lon="-48.651724"><ele>14.663635</ele></trkpt><trkpt lat="-27.034466" lon="-48.651722"><ele>14.832397</ele></trkpt><trkpt lat="-27.034464" lon="-48.651719"><ele>14.837646</ele></trkpt><trkpt lat="-27.034462" lon="-48.651716"><ele>14.852844</ele></trkpt><trkpt lat="-27.034459" lon="-48.651716"><ele>14.608459</ele></trkpt><trkpt lat="-27.034458" lon="-48.651718"><ele>14.600098</ele></trkpt><trkpt lat="-27.034457" lon="-48.651725"><ele>14.423584</ele></trkpt><trkpt lat="-27.034459" lon="-48.651734"><ele>14.327332</ele></trkpt><trkpt lat="-27.034457" lon="-48.651742"><ele>14.176208</ele></trkpt><trkpt lat="-27.034457" lon="-48.651745"><ele>14.666504</ele></trkpt><trkpt lat="-27.034452" lon="-48.651744"><ele>15.263428</ele></trkpt><trkpt lat="-27.034448" lon="-48.651742"><ele>15.332886</ele></trkpt><trkpt lat="-27.034447" lon="-48.651742"><ele>15.331299</ele></trkpt><trkpt lat="-27.034447" lon="-48.651742"><ele>15.326538</ele></trkpt><trkpt lat="-27.034446" lon="-48.651742"><ele>14.621155</ele></trkpt><trkpt lat="-27.034446" lon="-48.651742"><ele>14.619446</ele></trkpt><trkpt lat="-27.034446" lon="-48.651742"><ele>14.619995</ele></trkpt><trkpt lat="-27.034446" lon="-48.651742"><ele>14.621704</ele></trkpt><trkpt lat="-27.034446" lon="-48.651742"><ele>14.619446</ele></trkpt><trkpt lat="-27.034446" lon="-48.651742"><ele>14.621399</ele></trkpt><trkpt lat="-27.034447" lon="-48.651743"><ele>14.552246</ele></trkpt><trkpt lat="-27.034448" lon="-48.651742"><ele>14.498291</ele></trkpt><trkpt lat="-27.034457" lon="-48.651735"><ele>14.388977</ele></trkpt><trkpt lat="-27.03447" lon="-48.651723"><ele>14.197632</ele></trkpt><trkpt lat="-27.034475" lon="-48.651726"><ele>14.503113</ele></trkpt><trkpt lat="-27.034476" lon="-48.651729"><ele>15.018799</ele></trkpt><trkpt lat="-27.034476" lon="-48.651733"><ele>15.08905</ele></trkpt><trkpt lat="-27.034473" lon="-48.651734"><ele>14.962585</ele></trkpt><trkpt lat="-27.034472" lon="-48.651732"><ele>14.972717</ele></trkpt><trkpt lat="-27.034472" lon="-48.651732"><ele>14.970276</ele></trkpt><trkpt lat="-27.034472" lon="-48.651733"><ele>14.843567</ele></trkpt><trkpt lat="-27.034472" lon="-48.651735"><ele>14.854004</ele></trkpt><trkpt lat="-27.03447" lon="-48.651736"><ele>14.932922</ele></trkpt><trkpt lat="-27.03447" lon="-48.651737"><ele>15.008667</ele></trkpt><trkpt lat="-27.034468" lon="-48.651739"><ele>14.732117</ele></trkpt><trkpt lat="-27.034466" lon="-48.651741"><ele>14.730896</ele></trkpt><trkpt lat="-27.034466" lon="-48.651743"><ele>14.422302</ele></trkpt><trkpt lat="-27.034466" lon="-48.651745"><ele>14.383179</ele></trkpt><trkpt lat="-27.034466" lon="-48.651745"><ele>14.385132</ele></trkpt><trkpt lat="-27.034466" lon="-48.651745"><ele>14.388367</ele></trkpt><trkpt lat="-27.034466" lon="-48.651745"><ele>14.387146</ele></trkpt><trkpt lat="-27.034466" lon="-48.651745"><ele>14.386902</ele></trkpt><trkpt lat="-27.034465" lon="-48.651745"><ele>14.86969</ele></trkpt><trkpt lat="-27.034464" lon="-48.651745"><ele>15.122925</ele></trkpt><trkpt lat="-27.034464" lon="-48.651745"><ele>15.371338</ele></trkpt><trkpt lat="-27.034464" lon="-48.651745"><ele>15.398376</ele></trkpt><trkpt lat="-27.034468" lon="-48.651744"><ele>15.401672</ele></trkpt><trkpt lat="-27.034473" lon="-48.651742"><ele>15.270264</ele></trkpt><trkpt lat="-27.034474" lon="-48.65174"><ele>15.123718</ele></trkpt><trkpt lat="-27.034474" lon="-48.651737"><ele>15.211975</ele></trkpt><trkpt lat="-27.034472" lon="-48.651732"><ele>15.182922</ele></trkpt><trkpt lat="-27.03447" lon="-48.651715"><ele>15.626892</ele></trkpt><trkpt lat="-27.034467" lon="-48.6517"><ele>15.561218</ele></trkpt><trkpt lat="-27.034465" lon="-48.6517"><ele>15.883789</ele></trkpt><trkpt lat="-27.034463" lon="-48.651707"><ele>15.567932</ele></trkpt><trkpt lat="-27.034465" lon="-48.651716"><ele>15.425171</ele></trkpt><trkpt lat="-27.034466" lon="-48.651719"><ele>15.176208</ele></trkpt><trkpt lat="-27.034471" lon="-48.651728"><ele>15.120667</ele></trkpt><trkpt lat="-27.034472" lon="-48.65173"><ele>15.105591</ele></trkpt><trkpt lat="-27.034476" lon="-48.651717"><ele>15.136597</ele></trkpt><trkpt lat="-27.034482" lon="-48.651702"><ele>16.21228</ele></trkpt><trkpt lat="-27.034489" lon="-48.65168"><ele>16.561829</ele></trkpt><trkpt lat="-27.034498" lon="-48.651659"><ele>16.594177</ele></trkpt><trkpt lat="-27.034512" lon="-48.65164"><ele>16.68457</ele></trkpt><trkpt lat="-27.034529" lon="-48.651622"><ele>16.669983</ele></trkpt><trkpt lat="-27.034546" lon="-48.651607"><ele>16.33728</ele></trkpt><trkpt lat="-27.034562" lon="-48.651595"><ele>16.454041</ele></trkpt><trkpt lat="-27.034579" lon="-48.651586"><ele>16.759277</ele></trkpt><trkpt lat="-27.034597" lon="-48.651577"><ele>16.856628</ele></trkpt><trkpt lat="-27.034618" lon="-48.651571"><ele>16.828247</ele></trkpt><trkpt lat="-27.034636" lon="-48.651562"><ele>16.303711</ele></trkpt><trkpt lat="-27.03465" lon="-48.651546"><ele>16.336853</ele></trkpt><trkpt lat="-27.03465" lon="-48.651546"><ele>16.336853</ele></trkpt><trkpt lat="-27.034671" lon="-48.651528"><ele>15.240845</ele></trkpt><trkpt lat="-27.034683" lon="-48.65152"><ele>14.761292</ele></trkpt><trkpt lat="-27.03469" lon="-48.65151"><ele>15.245056</ele></trkpt><trkpt lat="-27.034695" lon="-48.651494"><ele>14.75</ele></trkpt><trkpt lat="-27.034703" lon="-48.651474"><ele>14.389771</ele></trkpt><trkpt lat="-27.03471" lon="-48.651454"><ele>14.489502</ele></trkpt><trkpt lat="-27.034715" lon="-48.651437"><ele>14.203979</ele></trkpt><trkpt lat="-27.034722" lon="-48.651421"><ele>14.272034</ele></trkpt><trkpt lat="-27.034725" lon="-48.651416"><ele>13.8078</ele></trkpt><trkpt lat="-27.034727" lon="-48.651415"><ele>13.672668</ele></trkpt><trkpt lat="-27.034728" lon="-48.651419"><ele>13.689514</ele></trkpt><trkpt lat="-27.034728" lon="-48.65142"><ele>13.692932</ele></trkpt><trkpt lat="-27.034727" lon="-48.651416"><ele>13.772644</ele></trkpt><trkpt lat="-27.034725" lon="-48.651415"><ele>13.784302</ele></trkpt><trkpt lat="-27.034724" lon="-48.651415"><ele>13.787476</ele></trkpt><trkpt lat="-27.034726" lon="-48.651417"><ele>13.600891</ele></trkpt><trkpt lat="-27.034726" lon="-48.651417"><ele>13.737427</ele></trkpt><trkpt lat="-27.034726" lon="-48.651417"><ele>13.735046</ele></trkpt><trkpt lat="-27.034726" lon="-48.651423"><ele>13.741638</ele></trkpt><trkpt lat="-27.034724" lon="-48.651426"><ele>13.668823</ele></trkpt><trkpt lat="-27.034719" lon="-48.651422"><ele>13.636963</ele></trkpt><trkpt lat="-27.034712" lon="-48.651415"><ele>14.033936</ele></trkpt><trkpt lat="-27.034712" lon="-48.651409"><ele>13.368164</ele></trkpt><trkpt lat="-27.034716" lon="-48.651403"><ele>12.882629</ele></trkpt><trkpt lat="-27.034717" lon="-48.651403"><ele>13.618286</ele></trkpt><trkpt lat="-27.034714" lon="-48.651406"><ele>13.428589</ele></trkpt><trkpt lat="-27.034713" lon="-48.651409"><ele>13.302307</ele></trkpt><trkpt lat="-27.03471" lon="-48.651414"><ele>14.109558</ele></trkpt><trkpt lat="-27.034703" lon="-48.651422"><ele>13.950745</ele></trkpt><trkpt lat="-27.034695" lon="-48.651428"><ele>13.027832</ele></trkpt><trkpt lat="-27.034692" lon="-48.651432"><ele>12.965027</ele></trkpt><trkpt lat="-27.034691" lon="-48.651434"><ele>13.188782</ele></trkpt><trkpt lat="-27.034691" lon="-48.65144"><ele>12.934265</ele></trkpt><trkpt lat="-27.034689" lon="-48.65145"><ele>12.809143</ele></trkpt><trkpt lat="-27.034687" lon="-48.65146"><ele>13.059387</ele></trkpt><trkpt lat="-27.034681" lon="-48.651471"><ele>13.526978</ele></trkpt><trkpt lat="-27.034675" lon="-48.651482"><ele>13.32782</ele></trkpt><trkpt lat="-27.034671" lon="-48.651485"><ele>13.323914</ele></trkpt><trkpt lat="-27.03467" lon="-48.651485"><ele>12.935059</ele></trkpt><trkpt lat="-27.03467" lon="-48.651486"><ele>12.917419</ele></trkpt><trkpt lat="-27.03467" lon="-48.651486"><ele>12.918701</ele></trkpt><trkpt lat="-27.03467" lon="-48.651486"><ele>12.921997</ele></trkpt><trkpt lat="-27.034672" lon="-48.651487"><ele>12.996216</ele></trkpt><trkpt lat="-27.034676" lon="-48.65149"><ele>13.20575</ele></trkpt><trkpt lat="-27.034679" lon="-48.651493"><ele>13.274231</ele></trkpt><trkpt lat="-27.034677" lon="-48.651493"><ele>13.246338</ele></trkpt><trkpt lat="-27.034678" lon="-48.651493"><ele>13.454285</ele></trkpt><trkpt lat="-27.034678" lon="-48.651493"><ele>13.466675</ele></trkpt><trkpt lat="-27.034677" lon="-48.651493"><ele>13.465698</ele></trkpt><trkpt lat="-27.03468" lon="-48.65149"><ele>13.476807</ele></trkpt><trkpt lat="-27.034682" lon="-48.651486"><ele>13.59198</ele></trkpt><trkpt lat="-27.034681" lon="-48.651478"><ele>13.499451</ele></trkpt><trkpt lat="-27.034689" lon="-48.651468"><ele>13.282898</ele></trkpt><trkpt lat="-27.034697" lon="-48.651459"><ele>13.237854</ele></trkpt><trkpt lat="-27.034705" lon="-48.651446"><ele>13.122864</ele></trkpt><trkpt lat="-27.034701" lon="-48.651446"><ele>13.051025</ele></trkpt><trkpt lat="-27.034698" lon="-48.651446"><ele>13.052124</ele></trkpt><trkpt lat="-27.034697" lon="-48.651446"><ele>13.050537</ele></trkpt><trkpt lat="-27.034697" lon="-48.651446"><ele>13.054321</ele></trkpt><trkpt lat="-27.034696" lon="-48.651446"><ele>12.951904</ele></trkpt><trkpt lat="-27.034697" lon="-48.651444"><ele>13.126587</ele></trkpt><trkpt lat="-27.034699" lon="-48.651444"><ele>12.808167</ele></trkpt><trkpt lat="-27.034697" lon="-48.651445"><ele>12.840088</ele></trkpt><trkpt lat="-27.034697" lon="-48.651445"><ele>12.617493</ele></trkpt><trkpt lat="-27.034697" lon="-48.651445"><ele>12.601257</ele></trkpt><trkpt lat="-27.034694" lon="-48.651441"><ele>12.713989</ele></trkpt><trkpt lat="-27.03469" lon="-48.651441"><ele>12.700867</ele></trkpt><trkpt lat="-27.034691" lon="-48.651441"><ele>12.416321</ele></trkpt><trkpt lat="-27.034688" lon="-48.65144"><ele>12.151428</ele></trkpt><trkpt lat="-27.034687" lon="-48.651438"><ele>12.176086</ele></trkpt><trkpt lat="-27.034685" lon="-48.651439"><ele>12.352478</ele></trkpt><trkpt lat="-27.034684" lon="-48.651439"><ele>12.391052</ele></trkpt><trkpt lat="-27.034683" lon="-48.651439"><ele>12.397522</ele></trkpt><trkpt lat="-27.034683" lon="-48.65144"><ele>12.400574</ele></trkpt><trkpt lat="-27.034683" lon="-48.65144"><ele>12.404907</ele></trkpt><trkpt lat="-27.034684" lon="-48.651442"><ele>12.417053</ele></trkpt><trkpt lat="-27.034684" lon="-48.651442"><ele>12.414917</ele></trkpt><trkpt lat="-27.034684" lon="-48.651442"><ele>12.414124</ele></trkpt><trkpt lat="-27.034684" lon="-48.651443"><ele>12.633423</ele></trkpt><trkpt lat="-27.034684" lon="-48.651443"><ele>12.628967</ele></trkpt><trkpt lat="-27.034684" lon="-48.651443"><ele>12.631714</ele></trkpt><trkpt lat="-27.034684" lon="-48.651443"><ele>12.631531</ele></trkpt><trkpt lat="-27.034684" lon="-48.651443"><ele>12.630981</ele></trkpt><trkpt lat="-27.034684" lon="-48.651443"><ele>12.636902</ele></trkpt><trkpt lat="-27.034678" lon="-48.651448"><ele>12.347839</ele></trkpt><trkpt lat="-27.03467" lon="-48.651454"><ele>12.115234</ele></trkpt><trkpt lat="-27.034665" lon="-48.651465"><ele>12.289612</ele></trkpt><trkpt lat="-27.034665" lon="-48.651476"><ele>12.727783</ele></trkpt><trkpt lat="-27.03467" lon="-48.651479"><ele>12.758484</ele></trkpt><trkpt lat="-27.034672" lon="-48.651479"><ele>12.757263</ele></trkpt><trkpt lat="-27.034672" lon="-48.651479"><ele>12.758667</ele></trkpt><trkpt lat="-27.034672" lon="-48.651479"><ele>12.759094</ele></trkpt><trkpt lat="-27.034672" lon="-48.651479"><ele>12.755371</ele></trkpt><trkpt lat="-27.034676" lon="-48.651479"><ele>12.870117</ele></trkpt><trkpt lat="-27.034681" lon="-48.65148"><ele>13.082092</ele></trkpt><trkpt lat="-27.034683" lon="-48.65148"><ele>13.098206</ele></trkpt><trkpt lat="-27.034691" lon="-48.65148"><ele>13.324341</ele></trkpt><trkpt lat="-27.034705" lon="-48.651474"><ele>13.556763</ele></trkpt><trkpt lat="-27.034715" lon="-48.651458"><ele>13.833679</ele></trkpt><trkpt lat="-27.034726" lon="-48.651446"><ele>14.467896</ele></trkpt><trkpt lat="-27.034735" lon="-48.651424"><ele>14.649963</ele></trkpt><trkpt lat="-27.034741" lon="-48.651406"><ele>14.278076</ele></trkpt><trkpt lat="-27.034741" lon="-48.651389"><ele>15.252136</ele></trkpt><trkpt lat="-27.034732" lon="-48.651391"><ele>14.0896</ele></trkpt><trkpt lat="-27.034733" lon="-48.651397"><ele>14.460388</ele></trkpt><trkpt lat="-27.034714" lon="-48.651393"><ele>13.386841</ele></trkpt><trkpt lat="-27.034723" lon="-48.651396"><ele>14.585815</ele></trkpt><trkpt lat="-27.034715" lon="-48.651398"><ele>14.895081</ele></trkpt><trkpt lat="-27.03471" lon="-48.651401"><ele>13.036499</ele></trkpt><trkpt lat="-27.03471" lon="-48.651401"><ele>13.036499</ele></trkpt><trkpt lat="-27.034705" lon="-48.651397"><ele>12.916199</ele></trkpt><trkpt lat="-27.034707" lon="-48.651392"><ele>12.961365</ele></trkpt><trkpt lat="-27.034718" lon="-48.65137"><ele>12.883728</ele></trkpt><trkpt lat="-27.034725" lon="-48.651361"><ele>13.836426</ele></trkpt><trkpt lat="-27.034735" lon="-48.651342"><ele>13.972717</ele></trkpt><trkpt lat="-27.034743" lon="-48.651317"><ele>14.09668</ele></trkpt><trkpt lat="-27.034753" lon="-48.651297"><ele>13.701965</ele></trkpt><trkpt lat="-27.034765" lon="-48.651272"><ele>13.801331</ele></trkpt><trkpt lat="-27.034777" lon="-48.651246"><ele>13.788513</ele></trkpt><trkpt lat="-27.034788" lon="-48.651219"><ele>13.545593</ele></trkpt><trkpt lat="-27.034801" lon="-48.651192"><ele>13.436646</ele></trkpt><trkpt lat="-27.034812" lon="-48.65117"><ele>13.624573</ele></trkpt><trkpt lat="-27.034823" lon="-48.651147"><ele>13.681946</ele></trkpt><trkpt lat="-27.034838" lon="-48.651126"><ele>13.665588</ele></trkpt><trkpt lat="-27.034838" lon="-48.651126"><ele>13.665588</ele></trkpt><trkpt lat="-27.034857" lon="-48.651109"><ele>13.93811</ele></trkpt><trkpt lat="-27.034876" lon="-48.65108"><ele>13.822998</ele></trkpt><trkpt lat="-27.034887" lon="-48.651044"><ele>13.397705</ele></trkpt><trkpt lat="-27.034897" lon="-48.651011"><ele>13.481873</ele></trkpt><trkpt lat="-27.034899" lon="-48.650983"><ele>14.115601</ele></trkpt><trkpt lat="-27.034899" lon="-48.650983"><ele>14.115601</ele></trkpt><trkpt lat="-27.034903" lon="-48.650957"><ele>14.568787</ele></trkpt><trkpt lat="-27.034909" lon="-48.650923"><ele>14.539246</ele></trkpt><trkpt lat="-27.034919" lon="-48.650892"><ele>14.208923</ele></trkpt><trkpt lat="-27.034928" lon="-48.65086"><ele>14.114197</ele></trkpt><trkpt lat="-27.034935" lon="-48.650828"><ele>14.222412</ele></trkpt><trkpt lat="-27.034941" lon="-48.650797"><ele>14.15332</ele></trkpt><trkpt lat="-27.034947" lon="-48.650766"><ele>13.936768</ele></trkpt><trkpt lat="-27.034951" lon="-48.650735"><ele>13.650574</ele></trkpt><trkpt lat="-27.034951" lon="-48.650735"><ele>13.650574</ele></trkpt><trkpt lat="-27.034952" lon="-48.650704"><ele>13.539917</ele></trkpt><trkpt lat="-27.034952" lon="-48.650675"><ele>13.292969</ele></trkpt><trkpt lat="-27.034952" lon="-48.650675"><ele>13.292969</ele></trkpt><trkpt lat="-27.034954" lon="-48.650648"><ele>13.295105</ele></trkpt><trkpt lat="-27.034954" lon="-48.650648"><ele>13.295105</ele></trkpt><trkpt lat="-27.034955" lon="-48.650622"><ele>13.258423</ele></trkpt><trkpt lat="-27.034954" lon="-48.650595"><ele>13.087708</ele></trkpt><trkpt lat="-27.034954" lon="-48.65057"><ele>13.331787</ele></trkpt><trkpt lat="-27.034956" lon="-48.650542"><ele>13.183411</ele></trkpt><trkpt lat="-27.034957" lon="-48.650516"><ele>13.054932</ele></trkpt><trkpt lat="-27.034957" lon="-48.650487"><ele>13.177979</ele></trkpt><trkpt lat="-27.034954" lon="-48.650456"><ele>13.398071</ele></trkpt><trkpt lat="-27.034954" lon="-48.650456"><ele>13.398071</ele></trkpt><trkpt lat="-27.034951" lon="-48.650431"><ele>13.304993</ele></trkpt><trkpt lat="-27.03495" lon="-48.650402"><ele>13.385498</ele></trkpt><trkpt lat="-27.034952" lon="-48.650371"><ele>12.51355</ele></trkpt><trkpt lat="-27.034953" lon="-48.650338"><ele>12.880127</ele></trkpt><trkpt lat="-27.034953" lon="-48.650301"><ele>12.579346</ele></trkpt><trkpt lat="-27.034954" lon="-48.650264"><ele>12.616089</ele></trkpt><trkpt lat="-27.034955" lon="-48.650227"><ele>12.370728</ele></trkpt><trkpt lat="-27.034956" lon="-48.650192"><ele>12.280212</ele></trkpt><trkpt lat="-27.034955" lon="-48.650161"><ele>11.983337</ele></trkpt><trkpt lat="-27.034954" lon="-48.650129"><ele>12.472778</ele></trkpt><trkpt lat="-27.034956" lon="-48.650097"><ele>12.84845</ele></trkpt><trkpt lat="-27.03496" lon="-48.650065"><ele>12.394836</ele></trkpt><trkpt lat="-27.03496" lon="-48.650065"><ele>12.394836</ele></trkpt><trkpt lat="-27.034963" lon="-48.650035"><ele>12.00116</ele></trkpt><trkpt lat="-27.034965" lon="-48.650008"><ele>11.615234</ele></trkpt><trkpt lat="-27.034965" lon="-48.649979"><ele>12.00531</ele></trkpt><trkpt lat="-27.034963" lon="-48.64995"><ele>12.099854</ele></trkpt><trkpt lat="-27.034964" lon="-48.649919"><ele>11.821259</ele></trkpt><trkpt lat="-27.034964" lon="-48.649919"><ele>11.821259</ele></trkpt><trkpt lat="-27.034966" lon="-48.649888"><ele>11.553711</ele></trkpt><trkpt lat="-27.034969" lon="-48.649865"><ele>12.117676</ele></trkpt><trkpt lat="-27.034969" lon="-48.64984"><ele>12.328857</ele></trkpt><trkpt lat="-27.034969" lon="-48.649813"><ele>12.576416</ele></trkpt><trkpt lat="-27.034968" lon="-48.649789"><ele>12.171936</ele></trkpt><trkpt lat="-27.034968" lon="-48.649776"><ele>11.990662</ele></trkpt><trkpt lat="-27.034968" lon="-48.649771"><ele>12.078491</ele></trkpt><trkpt lat="-27.034968" lon="-48.649774"><ele>12.087524</ele></trkpt><trkpt lat="-27.034968" lon="-48.649776"><ele>12.03949</ele></trkpt><trkpt lat="-27.034969" lon="-48.649777"><ele>12.041199</ele></trkpt><trkpt lat="-27.034969" lon="-48.649777"><ele>12.044067</ele></trkpt><trkpt lat="-27.034969" lon="-48.649777"><ele>12.044067</ele></trkpt><trkpt lat="-27.034969" lon="-48.649777"><ele>12.046814</ele></trkpt><trkpt lat="-27.034969" lon="-48.649777"><ele>12.037537</ele></trkpt><trkpt lat="-27.034968" lon="-48.649776"><ele>12.041565</ele></trkpt><trkpt lat="-27.03497" lon="-48.649775"><ele>11.939911</ele></trkpt><trkpt lat="-27.034973" lon="-48.649758"><ele>12.014221</ele></trkpt><trkpt lat="-27.034974" lon="-48.649739"><ele>11.690948</ele></trkpt><trkpt lat="-27.034975" lon="-48.649718"><ele>11.571838</ele></trkpt><trkpt lat="-27.034977" lon="-48.649697"><ele>11.685181</ele></trkpt><trkpt lat="-27.03498" lon="-48.649677"><ele>11.74942</ele></trkpt><trkpt lat="-27.034978" lon="-48.649657"><ele>11.889191</ele></trkpt><trkpt lat="-27.034978" lon="-48.649634"><ele>11.665466</ele></trkpt><trkpt lat="-27.034977" lon="-48.649611"><ele>12.149719</ele></trkpt><trkpt lat="-27.034974" lon="-48.649602"><ele>12.184998</ele></trkpt><trkpt lat="-27.034976" lon="-48.649586"><ele>12.054626</ele></trkpt><trkpt lat="-27.03498" lon="-48.64957"><ele>11.964691</ele></trkpt><trkpt lat="-27.034978" lon="-48.64958"><ele>11.898438</ele></trkpt><trkpt lat="-27.034978" lon="-48.64958"><ele>11.898438</ele></trkpt><trkpt lat="-27.034976" lon="-48.649569"><ele>12.225952</ele></trkpt><trkpt lat="-27.034976" lon="-48.649569"><ele>12.225952</ele></trkpt><trkpt lat="-27.034975" lon="-48.649564"><ele>12.25647</ele></trkpt><trkpt lat="-27.034975" lon="-48.649564"><ele>12.25647</ele></trkpt><trkpt lat="-27.034975" lon="-48.649564"><ele>12.417603</ele></trkpt><trkpt lat="-27.034975" lon="-48.649563"><ele>12.403137</ele></trkpt><trkpt lat="-27.034975" lon="-48.649563"><ele>12.403137</ele></trkpt><trkpt lat="-27.034975" lon="-48.649549"><ele>12.335693</ele></trkpt><trkpt lat="-27.034975" lon="-48.649549"><ele>12.335693</ele></trkpt><trkpt lat="-27.034978" lon="-48.649535"><ele>12.456177</ele></trkpt><trkpt lat="-27.034983" lon="-48.649522"><ele>12.479797</ele></trkpt><trkpt lat="-27.034988" lon="-48.649506"><ele>12.38562</ele></trkpt><trkpt lat="-27.034995" lon="-48.649484"><ele>11.404755</ele></trkpt><trkpt lat="-27.035" lon="-48.649454"><ele>11.441437</ele></trkpt><trkpt lat="-27.035007" lon="-48.649422"><ele>11.716156</ele></trkpt><trkpt lat="-27.035012" lon="-48.64939"><ele>11.667572</ele></trkpt><trkpt lat="-27.035016" lon="-48.649359"><ele>11.763855</ele></trkpt><trkpt lat="-27.035014" lon="-48.649328"><ele>11.909363</ele></trkpt><trkpt lat="-27.035012" lon="-48.649297"><ele>12.112061</ele></trkpt><trkpt lat="-27.035008" lon="-48.649266"><ele>12.146606</ele></trkpt><trkpt lat="-27.035006" lon="-48.649238"><ele>12.046021</ele></trkpt><trkpt lat="-27.035003" lon="-48.649209"><ele>12.195984</ele></trkpt><trkpt lat="-27.035004" lon="-48.649179"><ele>12.179993</ele></trkpt><trkpt lat="-27.035007" lon="-48.649149"><ele>11.500305</ele></trkpt><trkpt lat="-27.035011" lon="-48.649121"><ele>11.783234</ele></trkpt><trkpt lat="-27.035015" lon="-48.649089"><ele>11.807953</ele></trkpt><trkpt lat="-27.03502" lon="-48.649056"><ele>11.768738</ele></trkpt><trkpt lat="-27.035023" lon="-48.649024"><ele>11.710602</ele></trkpt><trkpt lat="-27.035028" lon="-48.648993"><ele>11.942688</ele></trkpt><trkpt lat="-27.035034" lon="-48.648959"><ele>11.777618</ele></trkpt><trkpt lat="-27.035036" lon="-48.648927"><ele>12.114868</ele></trkpt><trkpt lat="-27.035037" lon="-48.648895"><ele>12.130615</ele></trkpt><trkpt lat="-27.035042" lon="-48.648865"><ele>12.155457</ele></trkpt><trkpt lat="-27.035048" lon="-48.648836"><ele>11.781067</ele></trkpt><trkpt lat="-27.035051" lon="-48.648806"><ele>11.867035</ele></trkpt><trkpt lat="-27.035054" lon="-48.648784"><ele>11.929352</ele></trkpt><trkpt lat="-27.035054" lon="-48.648784"><ele>11.929352</ele></trkpt><trkpt lat="-27.035056" lon="-48.648764"><ele>12.189514</ele></trkpt><trkpt lat="-27.035056" lon="-48.648747"><ele>11.496246</ele></trkpt><trkpt lat="-27.035056" lon="-48.648724"><ele>11.497101</ele></trkpt><trkpt lat="-27.035054" lon="-48.648697"><ele>11.895508</ele></trkpt><trkpt lat="-27.035047" lon="-48.648677"><ele>11.89563</ele></trkpt><trkpt lat="-27.035048" lon="-48.648676"><ele>12.237671</ele></trkpt><trkpt lat="-27.035051" lon="-48.648681"><ele>12.100342</ele></trkpt><trkpt lat="-27.035053" lon="-48.648691"><ele>11.816559</ele></trkpt><trkpt lat="-27.035052" lon="-48.648692"><ele>12.042114</ele></trkpt><trkpt lat="-27.035054" lon="-48.648694"><ele>11.72229</ele></trkpt><trkpt lat="-27.035055" lon="-48.648696"><ele>11.844574</ele></trkpt><trkpt lat="-27.035058" lon="-48.648696"><ele>11.859467</ele></trkpt><trkpt lat="-27.03506" lon="-48.648695"><ele>11.950226</ele></trkpt><trkpt lat="-27.03506" lon="-48.648695"><ele>11.899017</ele></trkpt><trkpt lat="-27.035058" lon="-48.648697"><ele>11.843597</ele></trkpt><trkpt lat="-27.035061" lon="-48.648699"><ele>11.780273</ele></trkpt><trkpt lat="-27.035064" lon="-48.648715"><ele>11.418884</ele></trkpt><trkpt lat="-27.035066" lon="-48.64872"><ele>11.082306</ele></trkpt><trkpt lat="-27.03507" lon="-48.648716"><ele>10.820648</ele></trkpt><trkpt lat="-27.035074" lon="-48.648716"><ele>10.501434</ele></trkpt><trkpt lat="-27.035073" lon="-48.648716"><ele>10.420593</ele></trkpt><trkpt lat="-27.035071" lon="-48.648715"><ele>10.100769</ele></trkpt><trkpt lat="-27.035066" lon="-48.648716"><ele>10.402252</ele></trkpt><trkpt lat="-27.035064" lon="-48.648716"><ele>10.481018</ele></trkpt><trkpt lat="-27.035061" lon="-48.648702"><ele>10.82959</ele></trkpt><trkpt lat="-27.035057" lon="-48.648688"><ele>10.554688</ele></trkpt><trkpt lat="-27.03505" lon="-48.648665"><ele>11.031494</ele></trkpt><trkpt lat="-27.035039" lon="-48.64864"><ele>11.24826</ele></trkpt><trkpt lat="-27.035025" lon="-48.648616"><ele>11.16449</ele></trkpt><trkpt lat="-27.035009" lon="-48.648592"><ele>11.702148</ele></trkpt><trkpt lat="-27.034989" lon="-48.648568"><ele>11.578644</ele></trkpt><trkpt lat="-27.034962" lon="-48.648551"><ele>11.379059</ele></trkpt><trkpt lat="-27.034931" lon="-48.648537"><ele>11.813507</ele></trkpt><trkpt lat="-27.034901" lon="-48.648528"><ele>11.920624</ele></trkpt><trkpt lat="-27.034867" lon="-48.648522"><ele>12.152954</ele></trkpt><trkpt lat="-27.034845" lon="-48.648519"><ele>12.978882</ele></trkpt><trkpt lat="-27.034823" lon="-48.648516"><ele>13.183472</ele></trkpt><trkpt lat="-27.034809" lon="-48.648515"><ele>13.038025</ele></trkpt><trkpt lat="-27.034803" lon="-48.648515"><ele>13.389465</ele></trkpt><trkpt lat="-27.034801" lon="-48.648516"><ele>13.54248</ele></trkpt><trkpt lat="-27.034799" lon="-48.648516"><ele>13.354126</ele></trkpt><trkpt lat="-27.034801" lon="-48.648515"><ele>13.329773</ele></trkpt><trkpt lat="-27.0348" lon="-48.648517"><ele>13.488281</ele></trkpt><trkpt lat="-27.034799" lon="-48.64852"><ele>13.774048</ele></trkpt><trkpt lat="-27.034796" lon="-48.648521"><ele>14.127747</ele></trkpt><trkpt lat="-27.034796" lon="-48.648521"><ele>14.127747</ele></trkpt><trkpt lat="-27.034791" lon="-48.648523"><ele>14.070007</ele></trkpt><trkpt lat="-27.034778" lon="-48.648519"><ele>14.002197</ele></trkpt><trkpt lat="-27.034761" lon="-48.648512"><ele>14.004272</ele></trkpt><trkpt lat="-27.034741" lon="-48.648499"><ele>13.666748</ele></trkpt><trkpt lat="-27.034726" lon="-48.648482"><ele>13.703796</ele></trkpt><trkpt lat="-27.03471" lon="-48.648465"><ele>13.102417</ele></trkpt><trkpt lat="-27.034694" lon="-48.648447"><ele>13.308044</ele></trkpt><trkpt lat="-27.034677" lon="-48.648426"><ele>13.137512</ele></trkpt><trkpt lat="-27.034662" lon="-48.648405"><ele>13.071655</ele></trkpt><trkpt lat="-27.034648" lon="-48.648384"><ele>13.082642</ele></trkpt><trkpt lat="-27.034634" lon="-48.64836"><ele>13.531189</ele></trkpt><trkpt lat="-27.03462" lon="-48.648336"><ele>13.641296</ele></trkpt><trkpt lat="-27.03462" lon="-48.648336"><ele>13.641296</ele></trkpt><trkpt lat="-27.034608" lon="-48.648313"><ele>13.76239</ele></trkpt><trkpt lat="-27.034592" lon="-48.648293"><ele>13.720703</ele></trkpt><trkpt lat="-27.034575" lon="-48.648272"><ele>13.439636</ele></trkpt><trkpt lat="-27.034557" lon="-48.648247"><ele>13.250427</ele></trkpt><trkpt lat="-27.03454" lon="-48.648228"><ele>13.443481</ele></trkpt><trkpt lat="-27.034518" lon="-48.6482"><ele>15.031738</ele></trkpt><trkpt lat="-27.034495" lon="-48.648167"><ele>15.302979</ele></trkpt><trkpt lat="-27.034479" lon="-48.648143"><ele>15.047241</ele></trkpt><trkpt lat="-27.034465" lon="-48.648124"><ele>15.425415</ele></trkpt><trkpt lat="-27.034449" lon="-48.648105"><ele>15.583313</ele></trkpt><trkpt lat="-27.034434" lon="-48.648089"><ele>14.708008</ele></trkpt><trkpt lat="-27.034425" lon="-48.64808"><ele>14.949036</ele></trkpt><trkpt lat="-27.034419" lon="-48.648071"><ele>13.836487</ele></trkpt><trkpt lat="-27.034419" lon="-48.64807"><ele>14.17334</ele></trkpt><trkpt lat="-27.034421" lon="-48.64807"><ele>13.204285</ele></trkpt><trkpt lat="-27.034426" lon="-48.648073"><ele>13.105957</ele></trkpt><trkpt lat="-27.03443" lon="-48.648073"><ele>13.191223</ele></trkpt><trkpt lat="-27.034432" lon="-48.648074"><ele>13.969055</ele></trkpt><trkpt lat="-27.034433" lon="-48.648074"><ele>13.323303</ele></trkpt><trkpt lat="-27.034433" lon="-48.648074"><ele>13.243774</ele></trkpt><trkpt lat="-27.034433" lon="-48.648077"><ele>11.951752</ele></trkpt><trkpt lat="-27.034433" lon="-48.648083"><ele>11.072388</ele></trkpt><trkpt lat="-27.034433" lon="-48.648082"><ele>10.953552</ele></trkpt><trkpt lat="-27.034437" lon="-48.648079"><ele>10.970917</ele></trkpt><trkpt lat="-27.034439" lon="-48.64808"><ele>10.874054</ele></trkpt><trkpt lat="-27.034442" lon="-48.648086"><ele>10.572083</ele></trkpt><trkpt lat="-27.034444" lon="-48.64809"><ele>10.494446</ele></trkpt><trkpt lat="-27.034445" lon="-48.648091"><ele>10.480011</ele></trkpt><trkpt lat="-27.034446" lon="-48.648089"><ele>10.311523</ele></trkpt><trkpt lat="-27.034446" lon="-48.648087"><ele>10.637787</ele></trkpt><trkpt lat="-27.034446" lon="-48.648085"><ele>10.660095</ele></trkpt><trkpt lat="-27.034447" lon="-48.648084"><ele>10.391418</ele></trkpt><trkpt lat="-27.034448" lon="-48.648082"><ele>10.467255</ele></trkpt><trkpt lat="-27.034449" lon="-48.648082"><ele>10.517822</ele></trkpt><trkpt lat="-27.034452" lon="-48.648078"><ele>10.616272</ele></trkpt><trkpt lat="-27.034453" lon="-48.648077"><ele>10.416138</ele></trkpt><trkpt lat="-27.03445" lon="-48.648076"><ele>10.45871</ele></trkpt><trkpt lat="-27.03445" lon="-48.648075"><ele>10.438904</ele></trkpt><trkpt lat="-27.034449" lon="-48.648073"><ele>10.517151</ele></trkpt><trkpt lat="-27.034446" lon="-48.648064"><ele>10.591583</ele></trkpt><trkpt lat="-27.034442" lon="-48.648055"><ele>10.550476</ele></trkpt><trkpt lat="-27.034441" lon="-48.648054"><ele>10.562317</ele></trkpt><trkpt lat="-27.034441" lon="-48.648054"><ele>10.866516</ele></trkpt><trkpt lat="-27.034445" lon="-48.648053"><ele>10.989197</ele></trkpt><trkpt lat="-27.034448" lon="-48.648051"><ele>11.022186</ele></trkpt><trkpt lat="-27.034451" lon="-48.648055"><ele>10.976501</ele></trkpt><trkpt lat="-27.034455" lon="-48.648057"><ele>10.724182</ele></trkpt><trkpt lat="-27.034459" lon="-48.648057"><ele>10.608032</ele></trkpt><trkpt lat="-27.034462" lon="-48.648052"><ele>10.473511</ele></trkpt><trkpt lat="-27.034466" lon="-48.648043"><ele>10.47168</ele></trkpt><trkpt lat="-27.034468" lon="-48.648044"><ele>9.965424</ele></trkpt><trkpt lat="-27.034469" lon="-48.648048"><ele>9.931274</ele></trkpt><trkpt lat="-27.034468" lon="-48.648048"><ele>9.57193</ele></trkpt><trkpt lat="-27.034468" lon="-48.648048"><ele>9.649811</ele></trkpt><trkpt lat="-27.034468" lon="-48.648047"><ele>9.568756</ele></trkpt><trkpt lat="-27.034466" lon="-48.648047"><ele>9.56076</ele></trkpt><trkpt lat="-27.034466" lon="-48.648048"><ele>9.695496</ele></trkpt><trkpt lat="-27.034467" lon="-48.648048"><ele>9.462677</ele></trkpt><trkpt lat="-27.034464" lon="-48.648051"><ele>9.442871</ele></trkpt><trkpt lat="-27.03446" lon="-48.648055"><ele>9.464661</ele></trkpt><trkpt lat="-27.034455" lon="-48.648057"><ele>9.957123</ele></trkpt><trkpt lat="-27.034451" lon="-48.648056"><ele>9.966858</ele></trkpt><trkpt lat="-27.034448" lon="-48.648056"><ele>10.138519</ele></trkpt><trkpt lat="-27.034445" lon="-48.648058"><ele>10.250458</ele></trkpt><trkpt lat="-27.034435" lon="-48.648063"><ele>10.389404</ele></trkpt><trkpt lat="-27.034431" lon="-48.648066"><ele>11.111694</ele></trkpt><trkpt lat="-27.034429" lon="-48.648067"><ele>11.256866</ele></trkpt><trkpt lat="-27.034419" lon="-48.64807"><ele>10.766632</ele></trkpt><trkpt lat="-27.034419" lon="-48.648075"><ele>10.720184</ele></trkpt><trkpt lat="-27.034423" lon="-48.648081"><ele>10.340027</ele></trkpt><trkpt lat="-27.03443" lon="-48.648086"><ele>10.365723</ele></trkpt><trkpt lat="-27.034439" lon="-48.648091"><ele>10.294952</ele></trkpt><trkpt lat="-27.034445" lon="-48.648093"><ele>10.322144</ele></trkpt><trkpt lat="-27.034453" lon="-48.648098"><ele>10.602325</ele></trkpt><trkpt lat="-27.034464" lon="-48.6481"><ele>10.569763</ele></trkpt><trkpt lat="-27.034475" lon="-48.648096"><ele>10.735046</ele></trkpt><trkpt lat="-27.034484" lon="-48.648081"><ele>11.236389</ele></trkpt><trkpt lat="-27.034486" lon="-48.648064"><ele>11.727539</ele></trkpt><trkpt lat="-27.034464" lon="-48.648268"><ele>-31.86203</ele></trkpt><trkpt lat="-27.034464" lon="-48.648268"><ele>-31.86203</ele></trkpt><trkpt lat="-27.034399" lon="-48.648003"><ele>15.557129</ele></trkpt><trkpt lat="-27.034399" lon="-48.648003"><ele>15.557129</ele></trkpt><trkpt lat="-27.034402" lon="-48.648025"><ele>11.207428</ele></trkpt><trkpt lat="-27.034398" lon="-48.648022"><ele>12.258606</ele></trkpt><trkpt lat="-27.034403" lon="-48.648021"><ele>13.05426</ele></trkpt><trkpt lat="-27.034404" lon="-48.648019"><ele>13.376038</ele></trkpt><trkpt lat="-27.034407" lon="-48.64802"><ele>13.72821</ele></trkpt><trkpt lat="-27.034405" lon="-48.648024"><ele>13.192871</ele></trkpt><trkpt lat="-27.034402" lon="-48.648025"><ele>12.812988</ele></trkpt><trkpt lat="-27.034406" lon="-48.648023"><ele>13.314026</ele></trkpt><trkpt lat="-27.034408" lon="-48.64803"><ele>13.432617</ele></trkpt><trkpt lat="-27.034409" lon="-48.648037"><ele>13.163086</ele></trkpt><trkpt lat="-27.03441" lon="-48.64804"><ele>13.343872</ele></trkpt><trkpt lat="-27.03441" lon="-48.648044"><ele>13.096985</ele></trkpt><trkpt lat="-27.034409" lon="-48.648051"><ele>12.734314</ele></trkpt><trkpt lat="-27.034409" lon="-48.648051"><ele>12.734314</ele></trkpt><trkpt lat="-27.034409" lon="-48.648051"><ele>12.734314</ele></trkpt><trkpt lat="-27.034411" lon="-48.648054"><ele>12.328552</ele></trkpt><trkpt lat="-27.034413" lon="-48.648056"><ele>12.199402</ele></trkpt><trkpt lat="-27.034415" lon="-48.648057"><ele>11.862701</ele></trkpt><trkpt lat="-27.034418" lon="-48.648059"><ele>11.649414</ele></trkpt><trkpt lat="-27.03442" lon="-48.64806"><ele>11.371307</ele></trkpt><trkpt lat="-27.034423" lon="-48.648059"><ele>11.270203</ele></trkpt><trkpt lat="-27.034425" lon="-48.64806"><ele>11.242767</ele></trkpt><trkpt lat="-27.034427" lon="-48.648061"><ele>11.136444</ele></trkpt><trkpt lat="-27.034427" lon="-48.648062"><ele>11.023743</ele></trkpt><trkpt lat="-27.034428" lon="-48.648062"><ele>11.039032</ele></trkpt><trkpt lat="-27.034428" lon="-48.648062"><ele>10.933075</ele></trkpt><trkpt lat="-27.034428" lon="-48.648064"><ele>10.916504</ele></trkpt><trkpt lat="-27.034427" lon="-48.648066"><ele>10.829681</ele></trkpt><trkpt lat="-27.034427" lon="-48.648067"><ele>10.782318</ele></trkpt><trkpt lat="-27.034427" lon="-48.648068"><ele>10.78949</ele></trkpt><trkpt lat="-27.034427" lon="-48.648068"><ele>10.818573</ele></trkpt><trkpt lat="-27.034427" lon="-48.648067"><ele>10.841431</ele></trkpt><trkpt lat="-27.034427" lon="-48.648067"><ele>10.851898</ele></trkpt><trkpt lat="-27.034427" lon="-48.648067"><ele>10.860443</ele></trkpt><trkpt lat="-27.034427" lon="-48.648067"><ele>10.860443</ele></trkpt><trkpt lat="-27.034427" lon="-48.648067"><ele>10.869537</ele></trkpt><trkpt lat="-27.034427" lon="-48.648067"><ele>10.869537</ele></trkpt><trkpt lat="-27.034427" lon="-48.648067"><ele>10.87439</ele></trkpt><trkpt lat="-27.034427" lon="-48.648067"><ele>10.873962</ele></trkpt><trkpt lat="-27.034427" lon="-48.648067"><ele>10.87323</ele></trkpt><trkpt lat="-27.034427" lon="-48.648067"><ele>10.873322</ele></trkpt><trkpt lat="-27.034427" lon="-48.648067"><ele>10.874695</ele></trkpt><trkpt lat="-27.034426" lon="-48.648067"><ele>11.095459</ele></trkpt><trkpt lat="-27.034426" lon="-48.648069"><ele>11.207703</ele></trkpt><trkpt lat="-27.034426" lon="-48.648069"><ele>11.327789</ele></trkpt><trkpt lat="-27.034427" lon="-48.64807"><ele>11.399109</ele></trkpt><trkpt lat="-27.034427" lon="-48.64807"><ele>11.399109</ele></trkpt><trkpt lat="-27.034427" lon="-48.64807"><ele>11.399109</ele></trkpt><trkpt lat="-27.034429" lon="-48.648068"><ele>11.598328</ele></trkpt><trkpt lat="-27.034429" lon="-48.648068"><ele>11.552765</ele></trkpt><trkpt lat="-27.034429" lon="-48.648067"><ele>11.585175</ele></trkpt><trkpt lat="-27.034429" lon="-48.648066"><ele>11.752533</ele></trkpt><trkpt lat="-27.034427" lon="-48.648067"><ele>12.183838</ele></trkpt><trkpt lat="-27.034428" lon="-48.648066"><ele>12.435852</ele></trkpt><trkpt lat="-27.034426" lon="-48.648067"><ele>12.206848</ele></trkpt><trkpt lat="-27.034422" lon="-48.648068"><ele>12.586975</ele></trkpt><trkpt lat="-27.034422" lon="-48.648067"><ele>12.371643</ele></trkpt><trkpt lat="-27.034419" lon="-48.648062"><ele>12.046448</ele></trkpt><trkpt lat="-27.034417" lon="-48.648058"><ele>11.607727</ele></trkpt><trkpt lat="-27.034418" lon="-48.648059"><ele>11.446747</ele></trkpt><trkpt lat="-27.03442" lon="-48.64806"><ele>11.078552</ele></trkpt><trkpt lat="-27.034422" lon="-48.64806"><ele>10.395416</ele></trkpt><trkpt lat="-27.034425" lon="-48.648058"><ele>10.67572</ele></trkpt><trkpt lat="-27.034431" lon="-48.648047"><ele>9.873657</ele></trkpt><trkpt lat="-27.03443" lon="-48.648048"><ele>9.867737</ele></trkpt><trkpt lat="-27.034428" lon="-48.648052"><ele>9.736328</ele></trkpt><trkpt lat="-27.034429" lon="-48.648053"><ele>9.541016</ele></trkpt><trkpt lat="-27.03443" lon="-48.648055"><ele>9.677917</ele></trkpt><trkpt lat="-27.03443" lon="-48.648055"><ele>9.677917</ele></trkpt><trkpt lat="-27.034432" lon="-48.648065"><ele>9.59082</ele></trkpt><trkpt lat="-27.034435" lon="-48.648076"><ele>9.595795</ele></trkpt><trkpt lat="-27.034446" lon="-48.64808"><ele>9.581299</ele></trkpt><trkpt lat="-27.034459" lon="-48.648078"><ele>9.03775</ele></trkpt><trkpt lat="-27.034459" lon="-48.648077"><ele>9.929749</ele></trkpt><trkpt lat="-27.034454" lon="-48.648075"><ele>9.874878</ele></trkpt><trkpt lat="-27.034452" lon="-48.648075"><ele>9.918457</ele></trkpt><trkpt lat="-27.034449" lon="-48.648072"><ele>9.974091</ele></trkpt><trkpt lat="-27.034447" lon="-48.64807"><ele>9.890198</ele></trkpt><trkpt lat="-27.034446" lon="-48.648067"><ele>9.960205</ele></trkpt><trkpt lat="-27.034446" lon="-48.648067"><ele>9.960205</ele></trkpt><trkpt lat="-27.034445" lon="-48.648065"><ele>9.961548</ele></trkpt><trkpt lat="-27.034441" lon="-48.648061"><ele>9.995453</ele></trkpt><trkpt lat="-27.034438" lon="-48.648058"><ele>10.106079</ele></trkpt><trkpt lat="-27.034435" lon="-48.648057"><ele>10.178558</ele></trkpt><trkpt lat="-27.03443" lon="-48.64805"><ele>10.403839</ele></trkpt><trkpt lat="-27.034424" lon="-48.648034"><ele>10.552246</ele></trkpt><trkpt lat="-27.034414" lon="-48.648016"><ele>10.252197</ele></trkpt><trkpt lat="-27.034397" lon="-48.647999"><ele>9.994141</ele></trkpt><trkpt lat="-27.03438" lon="-48.647981"><ele>10.028839</ele></trkpt><trkpt lat="-27.034361" lon="-48.647957"><ele>10.161346</ele></trkpt><trkpt lat="-27.034343" lon="-48.647931"><ele>10.055786</ele></trkpt><trkpt lat="-27.034323" lon="-48.647907"><ele>10.013702</ele></trkpt><trkpt lat="-27.034306" lon="-48.647882"><ele>9.765991</ele></trkpt><trkpt lat="-27.03429" lon="-48.647854"><ele>9.874115</ele></trkpt><trkpt lat="-27.034269" lon="-48.647822"><ele>10.438477</ele></trkpt><trkpt lat="-27.034254" lon="-48.647807"><ele>10.708252</ele></trkpt><trkpt lat="-27.034237" lon="-48.647785"><ele>9.859711</ele></trkpt><trkpt lat="-27.034219" lon="-48.647767"><ele>9.411194</ele></trkpt><trkpt lat="-27.034202" lon="-48.647747"><ele>9.787964</ele></trkpt><trkpt lat="-27.034179" lon="-48.647726"><ele>9.660706</ele></trkpt><trkpt lat="-27.034163" lon="-48.647706"><ele>8.976501</ele></trkpt><trkpt lat="-27.034138" lon="-48.647693"><ele>8.885223</ele></trkpt><trkpt lat="-27.034115" lon="-48.647677"><ele>9.021973</ele></trkpt><trkpt lat="-27.034092" lon="-48.647663"><ele>10.193207</ele></trkpt><trkpt lat="-27.034065" lon="-48.64765"><ele>10.201324</ele></trkpt><trkpt lat="-27.034065" lon="-48.64765"><ele>10.201324</ele></trkpt><trkpt lat="-27.034041" lon="-48.647639"><ele>9.996582</ele></trkpt><trkpt lat="-27.034013" lon="-48.647631"><ele>10.179535</ele></trkpt><trkpt lat="-27.033985" lon="-48.647627"><ele>10.338776</ele></trkpt><trkpt lat="-27.033959" lon="-48.647621"><ele>10.415131</ele></trkpt><trkpt lat="-27.033934" lon="-48.647613"><ele>10.918915</ele></trkpt><trkpt lat="-27.033906" lon="-48.647605"><ele>10.747986</ele></trkpt><trkpt lat="-27.033881" lon="-48.647599"><ele>10.267395</ele></trkpt><trkpt lat="-27.033853" lon="-48.647593"><ele>10.248901</ele></trkpt><trkpt lat="-27.033825" lon="-48.647587"><ele>9.962097</ele></trkpt><trkpt lat="-27.033799" lon="-48.647581"><ele>10.267334</ele></trkpt><trkpt lat="-27.033769" lon="-48.647576"><ele>10.237366</ele></trkpt><trkpt lat="-27.033769" lon="-48.647576"><ele>10.237366</ele></trkpt><trkpt lat="-27.033747" lon="-48.647574"><ele>10.705017</ele></trkpt><trkpt lat="-27.033747" lon="-48.647574"><ele>10.705017</ele></trkpt><trkpt lat="-27.03373" lon="-48.647571"><ele>10.896362</ele></trkpt><trkpt lat="-27.033713" lon="-48.647569"><ele>10.991119</ele></trkpt><trkpt lat="-27.033693" lon="-48.647565"><ele>10.806488</ele></trkpt><trkpt lat="-27.033676" lon="-48.64756"><ele>10.593506</ele></trkpt><trkpt lat="-27.033654" lon="-48.647554"><ele>10.933594</ele></trkpt><trkpt lat="-27.033633" lon="-48.647547"><ele>10.157318</ele></trkpt><trkpt lat="-27.033608" lon="-48.64754"><ele>10.196442</ele></trkpt><trkpt lat="-27.033583" lon="-48.647537"><ele>10.49176</ele></trkpt><trkpt lat="-27.033554" lon="-48.647533"><ele>10.617035</ele></trkpt><trkpt lat="-27.033524" lon="-48.64753"><ele>10.690918</ele></trkpt><trkpt lat="-27.033495" lon="-48.647523"><ele>10.778778</ele></trkpt><trkpt lat="-27.03347" lon="-48.647506"><ele>10.905396</ele></trkpt><trkpt lat="-27.033452" lon="-48.647495"><ele>10.732117</ele></trkpt><trkpt lat="-27.033452" lon="-48.647495"><ele>10.732117</ele></trkpt><trkpt lat="-27.033452" lon="-48.647495"><ele>10.732117</ele></trkpt><trkpt lat="-27.033438" lon="-48.647492"><ele>9.703033</ele></trkpt><trkpt lat="-27.033418" lon="-48.647487"><ele>10.017639</ele></trkpt><trkpt lat="-27.033418" lon="-48.647487"><ele>10.017639</ele></trkpt><trkpt lat="-27.033397" lon="-48.647485"><ele>10.368408</ele></trkpt><trkpt lat="-27.03338" lon="-48.647486"><ele>9.832245</ele></trkpt><trkpt lat="-27.033365" lon="-48.647487"><ele>10.16983</ele></trkpt><trkpt lat="-27.033342" lon="-48.647489"><ele>10.145996</ele></trkpt><trkpt lat="-27.033321" lon="-48.64749"><ele>10.456238</ele></trkpt><trkpt lat="-27.033302" lon="-48.647485"><ele>10.917206</ele></trkpt><trkpt lat="-27.033283" lon="-48.64748"><ele>11.181549</ele></trkpt><trkpt lat="-27.033267" lon="-48.647478"><ele>11.144653</ele></trkpt><trkpt lat="-27.033259" lon="-48.647476"><ele>11.46402</ele></trkpt><trkpt lat="-27.033258" lon="-48.647477"><ele>11.346985</ele></trkpt><trkpt lat="-27.033259" lon="-48.647482"><ele>11.494873</ele></trkpt><trkpt lat="-27.033259" lon="-48.647485"><ele>11.431763</ele></trkpt><trkpt lat="-27.033257" lon="-48.647487"><ele>11.207123</ele></trkpt><trkpt lat="-27.033252" lon="-48.647487"><ele>11.129272</ele></trkpt><trkpt lat="-27.033252" lon="-48.647487"><ele>11.129272</ele></trkpt><trkpt lat="-27.033251" lon="-48.647487"><ele>11.176636</ele></trkpt><trkpt lat="-27.03325" lon="-48.647488"><ele>11.158447</ele></trkpt><trkpt lat="-27.033248" lon="-48.647486"><ele>11.102234</ele></trkpt><trkpt lat="-27.03324" lon="-48.647483"><ele>11.4711</ele></trkpt><trkpt lat="-27.033234" lon="-48.647481"><ele>11.826324</ele></trkpt><trkpt lat="-27.033234" lon="-48.647477"><ele>11.624115</ele></trkpt><trkpt lat="-27.033235" lon="-48.647474"><ele>11.661987</ele></trkpt><trkpt lat="-27.033236" lon="-48.64747"><ele>11.746277</ele></trkpt><trkpt lat="-27.033237" lon="-48.647469"><ele>12.00531</ele></trkpt><trkpt lat="-27.033241" lon="-48.64747"><ele>12.130798</ele></trkpt><trkpt lat="-27.033246" lon="-48.647469"><ele>11.92038</ele></trkpt><trkpt lat="-27.033249" lon="-48.647469"><ele>11.891693</ele></trkpt><trkpt lat="-27.033247" lon="-48.647466"><ele>12.019104</ele></trkpt><trkpt lat="-27.033246" lon="-48.647469"><ele>12.18811</ele></trkpt><trkpt lat="-27.033245" lon="-48.64747"><ele>12.361755</ele></trkpt><trkpt lat="-27.03325" lon="-48.64747"><ele>12.687134</ele></trkpt><trkpt lat="-27.033255" lon="-48.647467"><ele>13.409546</ele></trkpt><trkpt lat="-27.033259" lon="-48.647467"><ele>14.617737</ele></trkpt><trkpt lat="-27.03326" lon="-48.647469"><ele>14.873291</ele></trkpt><trkpt lat="-27.033261" lon="-48.64747"><ele>14.626343</ele></trkpt><trkpt lat="-27.033264" lon="-48.647469"><ele>14.093506</ele></trkpt><trkpt lat="-27.033268" lon="-48.647465"><ele>13.779053</ele></trkpt><trkpt lat="-27.033271" lon="-48.647461"><ele>12.835327</ele></trkpt><trkpt lat="-27.03327" lon="-48.647461"><ele>12.94397</ele></trkpt><trkpt lat="-27.033269" lon="-48.647462"><ele>12.833008</ele></trkpt><trkpt lat="-27.033268" lon="-48.647463"><ele>12.634949</ele></trkpt><trkpt lat="-27.033265" lon="-48.647466"><ele>13.053894</ele></trkpt><trkpt lat="-27.03326" lon="-48.647468"><ele>12.874512</ele></trkpt><trkpt lat="-27.033258" lon="-48.647472"><ele>12.035339</ele></trkpt><trkpt lat="-27.033258" lon="-48.647472"><ele>12.035339</ele></trkpt><trkpt lat="-27.033263" lon="-48.647476"><ele>11.802917</ele></trkpt><trkpt lat="-27.033262" lon="-48.647479"><ele>11.354736</ele></trkpt><trkpt lat="-27.033261" lon="-48.647479"><ele>11.151917</ele></trkpt><trkpt lat="-27.033262" lon="-48.647477"><ele>11.334534</ele></trkpt><trkpt lat="-27.033264" lon="-48.647476"><ele>11.427155</ele></trkpt><trkpt lat="-27.033267" lon="-48.647475"><ele>11.423462</ele></trkpt><trkpt lat="-27.033268" lon="-48.647474"><ele>11.705475</ele></trkpt><trkpt lat="-27.033268" lon="-48.647473"><ele>11.925201</ele></trkpt><trkpt lat="-27.033268" lon="-48.647473"><ele>11.925201</ele></trkpt><trkpt lat="-27.033268" lon="-48.647472"><ele>12.180359</ele></trkpt><trkpt lat="-27.033269" lon="-48.647471"><ele>12.16864</ele></trkpt><trkpt lat="-27.03327" lon="-48.647468"><ele>12.235535</ele></trkpt><trkpt lat="-27.033273" lon="-48.647467"><ele>12.520691</ele></trkpt><trkpt lat="-27.033278" lon="-48.647466"><ele>12.660767</ele></trkpt><trkpt lat="-27.033277" lon="-48.647466"><ele>12.318665</ele></trkpt><trkpt lat="-27.033278" lon="-48.647465"><ele>12.622437</ele></trkpt><trkpt lat="-27.03328" lon="-48.647463"><ele>13.300842</ele></trkpt><trkpt lat="-27.03328" lon="-48.647461"><ele>13.13739</ele></trkpt><trkpt lat="-27.033279" lon="-48.647462"><ele>13.039856</ele></trkpt><trkpt lat="-27.03328" lon="-48.647465"><ele>12.873291</ele></trkpt><trkpt lat="-27.033279" lon="-48.647468"><ele>12.822144</ele></trkpt><trkpt lat="-27.033278" lon="-48.647469"><ele>13.130615</ele></trkpt><trkpt lat="-27.033279" lon="-48.64747"><ele>12.881592</ele></trkpt><trkpt lat="-27.033279" lon="-48.64747"><ele>12.881592</ele></trkpt><trkpt lat="-27.033274" lon="-48.647475"><ele>12.563232</ele></trkpt><trkpt lat="-27.033268" lon="-48.647479"><ele>12.259277</ele></trkpt><trkpt lat="-27.033261" lon="-48.647488"><ele>12.12793</ele></trkpt><trkpt lat="-27.033263" lon="-48.647491"><ele>11.983978</ele></trkpt><trkpt lat="-27.033263" lon="-48.647489"><ele>11.875824</ele></trkpt><trkpt lat="-27.033265" lon="-48.647486"><ele>12.030579</ele></trkpt><trkpt lat="-27.033266" lon="-48.647485"><ele>12.154541</ele></trkpt><trkpt lat="-27.033267" lon="-48.647484"><ele>12.292969</ele></trkpt><trkpt lat="-27.033267" lon="-48.647485"><ele>12.341675</ele></trkpt><trkpt lat="-27.033267" lon="-48.647485"><ele>12.284729</ele></trkpt><trkpt lat="-27.033267" lon="-48.647485"><ele>12.284729</ele></trkpt><trkpt lat="-27.033267" lon="-48.647485"><ele>12.324463</ele></trkpt><trkpt lat="-27.033265" lon="-48.647487"><ele>11.50174</ele></trkpt><trkpt lat="-27.033265" lon="-48.647487"><ele>11.50174</ele></trkpt><trkpt lat="-27.033263" lon="-48.647485"><ele>11.560059</ele></trkpt><trkpt lat="-27.033262" lon="-48.647483"><ele>11.440735</ele></trkpt><trkpt lat="-27.033262" lon="-48.647477"><ele>11.630035</ele></trkpt><trkpt lat="-27.033263" lon="-48.647476"><ele>11.275269</ele></trkpt><trkpt lat="-27.033264" lon="-48.647477"><ele>11.167786</ele></trkpt><trkpt lat="-27.033265" lon="-48.647477"><ele>11.333282</ele></trkpt><trkpt lat="-27.033265" lon="-48.647477"><ele>11.333282</ele></trkpt><trkpt lat="-27.033265" lon="-48.647478"><ele>11.188202</ele></trkpt><trkpt lat="-27.033266" lon="-48.647478"><ele>11.038025</ele></trkpt><trkpt lat="-27.033265" lon="-48.647478"><ele>11.074402</ele></trkpt><trkpt lat="-27.033264" lon="-48.64748"><ele>11.001709</ele></trkpt><trkpt lat="-27.033265" lon="-48.647481"><ele>10.793518</ele></trkpt><trkpt lat="-27.033265" lon="-48.647481"><ele>10.793518</ele></trkpt><trkpt lat="-27.033266" lon="-48.647482"><ele>10.59494</ele></trkpt><trkpt lat="-27.033267" lon="-48.647483"><ele>10.368469</ele></trkpt><trkpt lat="-27.033267" lon="-48.647485"><ele>10.182404</ele></trkpt><trkpt lat="-27.033267" lon="-48.647485"><ele>10.177094</ele></trkpt><trkpt lat="-27.033267" lon="-48.647485"><ele>10.177094</ele></trkpt><trkpt lat="-27.033267" lon="-48.647485"><ele>10.35498</ele></trkpt><trkpt lat="-27.033267" lon="-48.647485"><ele>10.347382</ele></trkpt><trkpt lat="-27.033267" lon="-48.647485"><ele>10.31662</ele></trkpt><trkpt lat="-27.033267" lon="-48.647485"><ele>10.215668</ele></trkpt><trkpt lat="-27.033267" lon="-48.647485"><ele>10.097137</ele></trkpt><trkpt lat="-27.033267" lon="-48.647485"><ele>10.05838</ele></trkpt><trkpt lat="-27.033267" lon="-48.647485"><ele>10.046844</ele></trkpt><trkpt lat="-27.033267" lon="-48.647485"><ele>10.046844</ele></trkpt><trkpt lat="-27.033267" lon="-48.647485"><ele>10.03894</ele></trkpt><trkpt lat="-27.033267" lon="-48.647485"><ele>10.117676</ele></trkpt><trkpt lat="-27.033267" lon="-48.647485"><ele>10.192871</ele></trkpt><trkpt lat="-27.033267" lon="-48.647485"><ele>10.235107</ele></trkpt><trkpt lat="-27.033267" lon="-48.647485"><ele>10.276978</ele></trkpt><trkpt lat="-27.033267" lon="-48.647486"><ele>10.274628</ele></trkpt><trkpt lat="-27.033267" lon="-48.647486"><ele>10.217896</ele></trkpt><trkpt lat="-27.033267" lon="-48.647485"><ele>10.236267</ele></trkpt><trkpt lat="-27.033267" lon="-48.647485"><ele>10.253876</ele></trkpt><trkpt lat="-27.033267" lon="-48.647486"><ele>10.246124</ele></trkpt><trkpt lat="-27.033267" lon="-48.647486"><ele>10.171661</ele></trkpt><trkpt lat="-27.033267" lon="-48.647486"><ele>10.207214</ele></trkpt><trkpt lat="-27.033267" lon="-48.647485"><ele>11.122253</ele></trkpt><trkpt lat="-27.033265" lon="-48.647482"><ele>11.366364</ele></trkpt><trkpt lat="-27.033265" lon="-48.647482"><ele>11.366364</ele></trkpt><trkpt lat="-27.033264" lon="-48.647481"><ele>11.422821</ele></trkpt><trkpt lat="-27.033263" lon="-48.647482"><ele>11.353149</ele></trkpt><trkpt lat="-27.033262" lon="-48.647482"><ele>11.362305</ele></trkpt><trkpt lat="-27.033262" lon="-48.647482"><ele>11.32254</ele></trkpt><trkpt lat="-27.033262" lon="-48.647483"><ele>11.442688</ele></trkpt><trkpt lat="-27.03326" lon="-48.647484"><ele>11.742188</ele></trkpt><trkpt lat="-27.033261" lon="-48.647487"><ele>11.493927</ele></trkpt><trkpt lat="-27.033261" lon="-48.647488"><ele>11.370392</ele></trkpt><trkpt lat="-27.033263" lon="-48.647489"><ele>11.18869</ele></trkpt><trkpt lat="-27.033263" lon="-48.647489"><ele>11.18869</ele></trkpt><trkpt lat="-27.033263" lon="-48.647489"><ele>11.204468</ele></trkpt><trkpt lat="-27.033263" lon="-48.647487"><ele>11.519257</ele></trkpt><trkpt lat="-27.03326" lon="-48.647487"><ele>11.628479</ele></trkpt><trkpt lat="-27.033258" lon="-48.647489"><ele>11.24939</ele></trkpt><trkpt lat="-27.033257" lon="-48.647493"><ele>11.191803</ele></trkpt><trkpt lat="-27.033256" lon="-48.647496"><ele>11.04425</ele></trkpt><trkpt lat="-27.033254" lon="-48.647497"><ele>10.738464</ele></trkpt><trkpt lat="-27.033253" lon="-48.647498"><ele>10.586029</ele></trkpt><trkpt lat="-27.033253" lon="-48.647499"><ele>10.533203</ele></trkpt><trkpt lat="-27.033252" lon="-48.647499"><ele>10.562256</ele></trkpt><trkpt lat="-27.033252" lon="-48.647498"><ele>10.540558</ele></trkpt><trkpt lat="-27.033253" lon="-48.647498"><ele>10.417755</ele></trkpt><trkpt lat="-27.033254" lon="-48.647496"><ele>10.434723</ele></trkpt></trkseg></trk></gpx>