<?xml version="1.0" encoding="UTF-8"?>
<gpx xmlns="http://www.topografix.com/GPX/1/1" version="1.1" creator="@dwayneparton/geojson-to-gpx"><wpt lat="-27.005886666666665" lon="-48.61172499999999"><ele>2.1</ele></wpt><wpt lat="-27.00499333333333" lon="-48.60357166666666"><ele>9.4</ele><name>2 faixas</name></wpt><wpt lat="-26.995898333333336" lon="-48.62619500000001"><ele>9.2</ele><name>6</name></wpt><wpt lat="-26.99003" lon="-48.62955333333333"><ele>5.300000000000001</ele><name>8</name></wpt><wpt lat="-26.972483333333336" lon="-48.63395666666667"><ele>11.8</ele><name>8</name></wpt><wpt lat="-26.999889999999997" lon="-48.62199333333333"><ele>11.9</ele><name>8 vagas </name></wpt><wpt lat="-26.990915000000005" lon="-48.629083333333334"><ele>7.199999999999999</ele><name>10</name></wpt><wpt lat="-26.99068333333333" lon="-48.629149999999996"><ele>10.799999999999999</ele><name>10</name></wpt><wpt lat="-26.982214999999997" lon="-48.63430833333334"><ele>9.3</ele><name>10</name></wpt><wpt lat="-26.981633333333335" lon="-48.63449333333333"><ele>15.2</ele><name>10</name></wpt><wpt lat="-26.971926666666665" lon="-48.633443333333325"><ele>7.6</ele><name>10</name></wpt><wpt lat="-26.971093333333336" lon="-48.631865"><ele>11.5</ele><name>10</name></wpt><wpt lat="-27.004995" lon="-48.603480000000005"><ele>9.9</ele><name>10 vagas </name></wpt><wpt lat="-26.986939999999997" lon="-48.632525"><ele>12</ele><name>10 vagas </name></wpt><wpt lat="-26.987566666666666" lon="-48.63164666666667"><ele>4.9</ele><name>12</name></wpt><wpt lat="-26.98731666666667" lon="-48.631956666666674"><ele>7.199999999999999</ele><name>12</name></wpt><wpt lat="-26.971348333333335" lon="-48.63229833333333"><ele>14.1</ele><name>14</name></wpt><wpt lat="-26.98786" lon="-48.63146"><ele>0</ele><name>16</name></wpt><wpt lat="-27.006143" lon="-48.609036"><name>23</name></wpt><wpt lat="-26.995848" lon="-48.626229"><name>23</name></wpt><wpt lat="-27.005425" lon="-48.60473999999999"><ele>4.4</ele><name>24</name></wpt><wpt lat="-26.979601666666667" lon="-48.63479"><ele>1.6</ele><name>24</name></wpt><wpt lat="-27.001965" lon="-48.61964"><name>24</name></wpt><wpt lat="-27.00490166666667" lon="-48.60331666666666"><ele>15.9</ele><name>40km/h</name></wpt><wpt lat="-27.005425" lon="-48.60473999999999"><ele>4.4</ele><name>175</name></wpt><wpt lat="-26.979581666666665" lon="-48.63480833333333"><ele>1</ele><name>235</name></wpt><wpt lat="-26.995848333333335" lon="-48.626189999999994"><ele>6.699999999999999</ele><name>260</name></wpt><wpt lat="-27.001950000000004" lon="-48.61968333333333"><ele>2.6</ele><name>280</name></wpt><wpt lat="-27.005481666666665" lon="-48.60473166666667"><ele>4.2</ele><name>290</name></wpt><wpt lat="-27.005425" lon="-48.60473999999999"><ele>4.4</ele><name>782</name></wpt><wpt lat="-26.971045000000004" lon="-48.63190833333333"><ele>15.9</ele><name>A ciclo é completamente reta.</name></wpt><wpt lat="-26.971045000000004" lon="-48.63190833333333"><ele>15.9</ele><name>A pintura está boa, COMPLETA e visível</name></wpt><wpt lat="-26.983863333333336" lon="-48.63388333333334"><ele>7.7</ele><name>alagado </name></wpt><wpt lat="-27.005425" lon="-48.60473999999999"><ele>4.4</ele><name>Área de amortecimento da ciclo (cm)</name></wpt><wpt lat="-26.979601666666667" lon="-48.63479"><ele>1.6</ele><name>Área de amortecimento da ciclo (cm)</name></wpt><wpt lat="-27.006134" lon="-48.609048"><name>Área de amortecimento da ciclo (cm)</name></wpt><wpt lat="-27.001958" lon="-48.619669"><name>Área de amortecimento da ciclo (cm)</name></wpt><wpt lat="-26.995839" lon="-48.626234"><name>Área de amortecimento da ciclo (cm)</name></wpt><wpt lat="-27.005425" lon="-48.60473999999999"><ele>4.4</ele><name>Área transitável da ciclo (cm)</name></wpt><wpt lat="-27.006154999999996" lon="-48.609098333333336"><ele>13.2</ele><name>Área transitável da ciclo (cm)</name></wpt><wpt lat="-27.001950000000004" lon="-48.61968333333333"><ele>2.6</ele><name>Área transitável da ciclo (cm)</name></wpt><wpt lat="-26.995848333333335" lon="-48.626189999999994"><ele>6.699999999999999</ele><name>Área transitável da ciclo (cm)</name></wpt><wpt lat="-26.979568333333336" lon="-48.63480500000001"><ele>1.7</ele><name>Área transitável da ciclo (cm)</name></wpt><wpt lat="-27.004998333333333" lon="-48.603575"><ele>9.6</ele><name>Asfalto</name></wpt><wpt lat="-27.00490333333333" lon="-48.603410000000004"><ele>15.7</ele><name>Ausência de conexão entre ciclos.</name></wpt><wpt lat="-26.990888333333334" lon="-48.62908833333333"><ele>7.199999999999999</ele><name>Ausência de conexão entre ciclos.</name></wpt><wpt lat="-26.983604999999997" lon="-48.633938333333326"><ele>2.5</ele><name>Ausência de conexão entre ciclos.</name></wpt><wpt lat="-27.001466" lon="-48.620351"><name>Ausência de conexão entre ciclos.</name></wpt><wpt lat="-26.996846" lon="-48.625333"><name>Ausência de conexão entre ciclos.</name></wpt><wpt lat="-26.976932" lon="-48.635329"><name>Ausência de conexão entre ciclos.</name></wpt><wpt lat="-27.00503666666667" lon="-48.60355500000001"><ele>10.1</ele><name>Bidirecional</name></wpt><wpt lat="-27.002813333333332" lon="-48.61845"><ele>0.9000000000000001</ele><name>Bueiro</name></wpt><wpt lat="-27.00262" lon="-48.61875166666667"><ele>2.3</ele><name>Bueiro</name></wpt><wpt lat="-27.002236666666665" lon="-48.619249999999994"><ele>5.1</ele><name>Bueiro</name></wpt><wpt lat="-27.002148333333334" lon="-48.61931333333334"><ele>4.4</ele><name>Bueiro</name></wpt><wpt lat="-27.00182333333333" lon="-48.619955"><ele>-1</ele><name>Bueiro</name></wpt><wpt lat="-27.00116666666667" lon="-48.62079333333333"><ele>20.3</ele><name>Bueiro</name></wpt><wpt lat="-27.001036666666664" lon="-48.62087"><ele>5.699999999999999</ele><name>Bueiro</name></wpt><wpt lat="-27.000445" lon="-48.62143833333333"><ele>5.5</ele><name>Bueiro</name></wpt><wpt lat="-26.999601666666663" lon="-48.622344999999996"><ele>10.2</ele><name>Bueiro</name></wpt><wpt lat="-26.999513333333333" lon="-48.62236666666666"><ele>6.4</ele><name>Bueiro</name></wpt><wpt lat="-26.99898166666667" lon="-48.622989999999994"><ele>7.800000000000001</ele><name>Bueiro</name></wpt><wpt lat="-26.998843333333337" lon="-48.623171666666664"><ele>7.4</ele><name>Bueiro</name></wpt><wpt lat="-26.99859333333333" lon="-48.623335"><ele>10</ele><name>Bueiro</name></wpt><wpt lat="-26.99826333333333" lon="-48.62379166666666"><ele>11.799999999999999</ele><name>Bueiro</name></wpt><wpt lat="-26.997905" lon="-48.62425833333334"><ele>7.5</ele><name>Bueiro</name></wpt><wpt lat="-26.997704999999996" lon="-48.62443499999999"><ele>6.199999999999999</ele><name>Bueiro</name></wpt><wpt lat="-26.997574999999998" lon="-48.62459333333333"><ele>10.2</ele><name>Bueiro</name></wpt><wpt lat="-26.997490000000003" lon="-48.62465333333333"><ele>7.300000000000001</ele><name>Bueiro</name></wpt><wpt lat="-26.997223333333334" lon="-48.624959999999994"><ele>9.3</ele><name>Bueiro</name></wpt><wpt lat="-26.99699666666667" lon="-48.62517833333333"><ele>16.5</ele><name>Bueiro</name></wpt><wpt lat="-26.996676666666666" lon="-48.625445000000006"><ele>12.5</ele><name>Bueiro</name></wpt><wpt lat="-26.996523333333336" lon="-48.62565500000001"><ele>8.9</ele><name>Bueiro</name></wpt><wpt lat="-26.996451666666665" lon="-48.62570666666667"><ele>11.5</ele><name>Bueiro</name></wpt><wpt lat="-26.99598" lon="-48.626196666666665"><ele>8.9</ele><name>Bueiro</name></wpt><wpt lat="-26.995748333333335" lon="-48.626313333333336"><ele>3.3</ele><name>Bueiro</name></wpt><wpt lat="-26.995578333333334" lon="-48.62648833333333"><ele>12.4</ele><name>Bueiro</name></wpt><wpt lat="-26.99511" lon="-48.626905"><ele>15</ele><name>Bueiro</name></wpt><wpt lat="-26.99466" lon="-48.627271666666665"><ele>8</ele><name>Bueiro</name></wpt><wpt lat="-26.994161666666667" lon="-48.62770333333333"><ele>8.3</ele><name>Bueiro</name></wpt><wpt lat="-26.99409166666667" lon="-48.62779999999999"><ele>8.8</ele><name>Bueiro</name></wpt><wpt lat="-26.993298333333335" lon="-48.62838166666667"><ele>17.3</ele><name>Bueiro</name></wpt><wpt lat="-26.992935000000003" lon="-48.628623333333344"><ele>13.9</ele><name>Bueiro</name></wpt><wpt lat="-26.992068333333336" lon="-48.628870000000006"><ele>12.7</ele><name>Bueiro</name></wpt><wpt lat="-26.991945" lon="-48.62894500000001"><ele>16.6</ele><name>Bueiro</name></wpt><wpt lat="-26.991451666666663" lon="-48.62898833333334"><ele>17.1</ele><name>Bueiro</name></wpt><wpt lat="-26.990616666666664" lon="-48.62916"><ele>11.6</ele><name>Bueiro</name></wpt><wpt lat="-26.98874166666667" lon="-48.63051"><ele>2.3</ele><name>Bueiro</name></wpt><wpt lat="-26.988558333333337" lon="-48.63068333333334"><ele>10</ele><name>Bueiro</name></wpt><wpt lat="-26.988415" lon="-48.630851666666665"><ele>7.9</ele><name>Bueiro</name></wpt><wpt lat="-26.988025" lon="-48.631285"><ele>8.5</ele><name>Bueiro</name></wpt><wpt lat="-26.986221666666665" lon="-48.632913333333335"><ele>8.9</ele><name>Bueiro</name></wpt><wpt lat="-26.985774999999997" lon="-48.63326833333334"><ele>3.1</ele><name>Bueiro</name></wpt><wpt lat="-26.984789999999997" lon="-48.633588333333336"><ele>10.7</ele><name>Bueiro</name></wpt><wpt lat="-26.984281666666668" lon="-48.633779999999994"><ele>13.7</ele><name>Bueiro</name></wpt><wpt lat="-26.98253833333333" lon="-48.634280000000004"><ele>2</ele><name>Bueiro</name></wpt><wpt lat="-26.980689999999996" lon="-48.63454166666667"><ele>3.5</ele><name>Bueiro</name></wpt><wpt lat="-26.980365" lon="-48.63461"><ele>2.4</ele><name>Bueiro</name></wpt><wpt lat="-26.980248333333332" lon="-48.63458333333333"><ele>5.6</ele><name>Bueiro</name></wpt><wpt lat="-26.979965" lon="-48.63473333333333"><ele>-5.6</ele><name>Bueiro</name></wpt><wpt lat="-26.978758333333335" lon="-48.635015"><ele>3.3</ele><name>Bueiro</name></wpt><wpt lat="-26.97842166666667" lon="-48.635133333333336"><ele>7.9</ele><name>Bueiro</name></wpt><wpt lat="-26.977875" lon="-48.635188333333325"><ele>7.5</ele><name>Bueiro</name></wpt><wpt lat="-26.977388333333337" lon="-48.63526333333333"><ele>4.8</ele><name>Bueiro</name></wpt><wpt lat="-26.976465" lon="-48.63534666666666"><ele>-10.3</ele><name>Bueiro</name></wpt><wpt lat="-26.976103333333338" lon="-48.635315000000006"><ele>-1.1</ele><name>Bueiro</name></wpt><wpt lat="-26.975934999999996" lon="-48.63525500000001"><ele>8.8</ele><name>Bueiro</name></wpt><wpt lat="-26.975158333333336" lon="-48.63520333333333"><ele>7.1</ele><name>Bueiro</name></wpt><wpt lat="-27.000753333333332" lon="-48.62113666666667"><ele>1.9000000000000001</ele><name>Buraco</name></wpt><wpt lat="-26.998829999999998" lon="-48.62324"><ele>7.9</ele><name>Buraco</name></wpt><wpt lat="-26.97289333333333" lon="-48.634276666666665"><ele>15.2</ele><name>Buraco</name></wpt><wpt lat="-27.00503666666667" lon="-48.60355500000001"><ele>10.1</ele><name>Ciclofaixa</name></wpt><wpt lat="-26.987826666666667" lon="-48.63147166666666"><ele>6.699999999999999</ele><name>COM Semáforo exclusivo</name></wpt><wpt lat="-26.971416666666663" lon="-48.63256166666667"><ele>7.8</ele><name>COM Semáforo exclusivo</name></wpt><wpt lat="-27.005135000000003" lon="-48.60390333333333"><ele>13.7</ele><name>Complementar</name></wpt><wpt lat="-27.005679999999998" lon="-48.60507500000001"><ele>-5.6</ele><name>Complementar</name></wpt><wpt lat="-27.005803333333333" lon="-48.611979999999996"><ele>8.4</ele><name>Complementar</name></wpt><wpt lat="-27.00467" lon="-48.61514166666666"><ele>2.8</ele><name>Complementar</name></wpt><wpt lat="-27.001816666666667" lon="-48.619936666666675"><ele>-0.2999999999999998</ele><name>Complementar</name></wpt><wpt lat="-27.001498333333334" lon="-48.62025833333334"><ele>12.2</ele><name>Complementar</name></wpt><wpt lat="-27.000381666666666" lon="-48.621545"><ele>9.3</ele><name>Complementar</name></wpt><wpt lat="-26.99519666666667" lon="-48.62679166666667"><ele>10.799999999999999</ele><name>Complementar</name></wpt><wpt lat="-26.993046666666668" lon="-48.62854166666666"><ele>15.7</ele><name>Complementar</name></wpt><wpt lat="-26.988676666666667" lon="-48.63057666666667"><ele>5.9</ele><name>Complementar</name></wpt><wpt lat="-26.988425" lon="-48.630849999999995"><ele>11.5</ele><name>Complementar</name></wpt><wpt lat="-26.988198333333337" lon="-48.63106166666667"><ele>8.5</ele><name>Complementar</name></wpt><wpt lat="-26.988406666666666" lon="-48.63084333333333"><ele>8.4</ele><name>Complementar</name></wpt><wpt lat="-26.98742333333333" lon="-48.63185"><ele>6.4</ele><name>Complementar</name></wpt><wpt lat="-26.98109833333333" lon="-48.634495"><ele>6.2</ele><name>Complementar</name></wpt><wpt lat="-26.978779999999997" lon="-48.635005"><ele>3.5</ele><name>Complementar</name></wpt><wpt lat="-26.973496666666666" lon="-48.634681666666665"><ele>24.6</ele><name>Complementar</name></wpt><wpt lat="-26.971655000000002" lon="-48.632934999999996"><ele>4.3</ele><name>Complementar</name></wpt><wpt lat="-26.971093333333336" lon="-48.631865"><ele>11.5</ele><name>É privado</name></wpt><wpt lat="-26.971093333333336" lon="-48.631865"><ele>11.5</ele><name>Entorta roda</name></wpt><wpt lat="-27.00499333333333" lon="-48.60357166666666"><ele>9.4</ele><name>Estacionamento: alguns recuos de estacionamento </name></wpt><wpt lat="-27.005425" lon="-48.60473999999999"><ele>4.4</ele><name>Faixa de carros logo ao lado da ciclo (cm)</name></wpt><wpt lat="-27.005481666666665" lon="-48.60473166666667"><ele>4.2</ele><name>Faixa de carros logo ao lado da ciclo (cm)</name></wpt><wpt lat="-27.004923333333334" lon="-48.603320000000004"><ele>17.700000000000003</ele><name>Foto</name></wpt><wpt lat="-27.004931666666668" lon="-48.60339166666666"><ele>19.3</ele><name>Foto</name></wpt><wpt lat="-27.004995" lon="-48.603480000000005"><ele>9.9</ele><name>Foto</name></wpt><wpt lat="-27.005135000000003" lon="-48.60391333333334"><ele>12.799999999999999</ele><name>Foto</name></wpt><wpt lat="-27.005634" lon="-48.604995"><name>Foto</name></wpt><wpt lat="-27.00586" lon="-48.60572666666667"><ele>5.699999999999999</ele><name>Foto</name></wpt><wpt lat="-27.005823333333336" lon="-48.60592"><ele>10.299999999999999</ele><name>Foto</name></wpt><wpt lat="-27.00608333333333" lon="-48.60724666666667"><ele>14.299999999999999</ele><name>Foto</name></wpt><wpt lat="-27.006115" lon="-48.60746833333333"><ele>10.5</ele><name>Foto</name></wpt><wpt lat="-27.006113333333328" lon="-48.607463333333335"><ele>12.7</ele><name>Foto</name></wpt><wpt lat="-27.006066666666666" lon="-48.60905833333333"><ele>8.8</ele><name>Foto</name></wpt><wpt lat="-27.00605333333333" lon="-48.60904000000001"><ele>8.4</ele><name>Foto</name></wpt><wpt lat="-27.00590833333333" lon="-48.61150666666667"><ele>1.4000000000000001</ele><name>Foto</name></wpt><wpt lat="-27.005871666666668" lon="-48.61160666666667"><ele>-2.4</ele><name>Foto</name></wpt><wpt lat="-27.005881666666664" lon="-48.61172333333334"><ele>1.4000000000000001</ele><name>Foto</name></wpt><wpt lat="-27.005794999999996" lon="-48.61198833333333"><ele>7.699999999999999</ele><name>Foto</name></wpt><wpt lat="-27.00560833333333" lon="-48.61253833333333"><ele>9.5</ele><name>Foto</name></wpt><wpt lat="-27.00562" lon="-48.61266166666666"><ele>11.5</ele><name>Foto</name></wpt><wpt lat="-27.005223333333333" lon="-48.61384666666666"><ele>12.299999999999999</ele><name>Foto</name></wpt><wpt lat="-27.00520333333333" lon="-48.61396166666667"><ele>1.2000000000000002</ele><name>Foto</name></wpt><wpt lat="-27.004238333333333" lon="-48.61601"><ele>9.799999999999999</ele><name>Foto</name></wpt><wpt lat="-27.004256666666667" lon="-48.61603"><ele>9.4</ele><name>Foto</name></wpt><wpt lat="-27.00312" lon="-48.61798833333334"><ele>6.5</ele><name>Foto</name></wpt><wpt lat="-27.00307833333333" lon="-48.618055000000005"><ele>6.9</ele><name>Foto</name></wpt><wpt lat="-27.002879999999998" lon="-48.61831833333334"><ele>4</ele><name>Foto</name></wpt><wpt lat="-27.00284166666667" lon="-48.61848666666666"><ele>-1.1999999999999997</ele><name>Foto</name></wpt><wpt lat="-27.002638333333334" lon="-48.61877166666667"><ele>2.5</ele><name>Foto</name></wpt><wpt lat="-27.00233166666667" lon="-48.61913166666667"><ele>7.9</ele><name>Foto</name></wpt><wpt lat="-27.002223333333337" lon="-48.61924166666666"><ele>5.1</ele><name>Foto</name></wpt><wpt lat="-27.001941666666667" lon="-48.61972333333333"><ele>1.8</ele><name>Foto</name></wpt><wpt lat="-27.001816666666667" lon="-48.619936666666675"><ele>-0.2999999999999998</ele><name>Foto</name></wpt><wpt lat="-27.00178" lon="-48.619975000000004"><ele>6.300000000000001</ele><name>Foto</name></wpt><wpt lat="-27.001515" lon="-48.620245000000004"><ele>11</ele><name>Foto</name></wpt><wpt lat="-27.001173333333334" lon="-48.62081499999999"><ele>19.5</ele><name>Foto</name></wpt><wpt lat="-27.001125000000002" lon="-48.62082166666667"><ele>15.299999999999999</ele><name>Foto</name></wpt><wpt lat="-27.00102" lon="-48.62088333333333"><ele>3.2</ele><name>Foto</name></wpt><wpt lat="-27.00076166666667" lon="-48.62113166666666"><ele>3.8000000000000003</ele><name>Foto</name></wpt><wpt lat="-27.000603333333334" lon="-48.62131333333333"><ele>5.699999999999999</ele><name>Foto</name></wpt><wpt lat="-27.00049333333333" lon="-48.621365"><ele>7.300000000000001</ele><name>Foto</name></wpt><wpt lat="-27.00048333333333" lon="-48.62143666666666"><ele>5.2</ele><name>Foto</name></wpt><wpt lat="-27.00035833333333" lon="-48.62154"><ele>9.799999999999999</ele><name>Foto</name></wpt><wpt lat="-26.99989333333333" lon="-48.62201833333334"><ele>11.299999999999999</ele><name>Foto</name></wpt><wpt lat="-26.999593333333337" lon="-48.622305000000004"><ele>7.9</ele><name>Foto</name></wpt><wpt lat="-26.999565" lon="-48.62232166666666"><ele>5.800000000000001</ele><name>Foto</name></wpt><wpt lat="-26.99951" lon="-48.62241000000001"><ele>7.199999999999999</ele><name>Foto</name></wpt><wpt lat="-26.99951" lon="-48.62239666666666"><ele>8.2</ele><name>Foto</name></wpt><wpt lat="-26.999266666666667" lon="-48.62261166666667"><ele>8.8</ele><name>Foto</name></wpt><wpt lat="-26.998933333333337" lon="-48.62307166666666"><ele>5.4</ele><name>Foto</name></wpt><wpt lat="-26.998836666666662" lon="-48.623173333333334"><ele>8.6</ele><name>Foto</name></wpt><wpt lat="-26.998836666666662" lon="-48.62318666666667"><ele>6.9</ele><name>Foto</name></wpt><wpt lat="-26.99885" lon="-48.62324666666667"><ele>7.5</ele><name>Foto</name></wpt><wpt lat="-26.99885" lon="-48.62324666666667"><ele>7.5</ele><name>Foto</name></wpt><wpt lat="-26.998741666666668" lon="-48.623185"><ele>5.5</ele><name>Foto</name></wpt><wpt lat="-26.998633333333334" lon="-48.62324166666667"><ele>7.699999999999999</ele><name>Foto</name></wpt><wpt lat="-26.998616666666667" lon="-48.62333166666667"><ele>9.799999999999999</ele><name>Foto</name></wpt><wpt lat="-26.998465000000003" lon="-48.623553333333334"><ele>1.1</ele><name>Foto</name></wpt><wpt lat="-26.998366666666666" lon="-48.62368166666667"><ele>4.6</ele><name>Foto</name></wpt><wpt lat="-26.998258333333336" lon="-48.623785"><ele>11.6</ele><name>Foto</name></wpt><wpt lat="-26.99825" lon="-48.623778333333334"><ele>12.9</ele><name>Foto</name></wpt><wpt lat="-26.997978333333336" lon="-48.62415333333333"><ele>6.5</ele><name>Foto</name></wpt><wpt lat="-26.997911666666663" lon="-48.62425666666666"><ele>7.6</ele><name>Foto</name></wpt><wpt lat="-26.997706666666666" lon="-48.62443833333334"><ele>7.4</ele><name>Foto</name></wpt><wpt lat="-26.99759333333333" lon="-48.624605"><ele>10.9</ele><name>Foto</name></wpt><wpt lat="-26.99759333333333" lon="-48.624605"><ele>10.9</ele><name>Foto</name></wpt><wpt lat="-26.997486666666667" lon="-48.62464833333333"><ele>7.300000000000001</ele><name>Foto</name></wpt><wpt lat="-26.997238333333332" lon="-48.62492333333333"><ele>5.699999999999999</ele><name>Foto</name></wpt><wpt lat="-26.997223333333334" lon="-48.624959999999994"><ele>9.3</ele><name>Foto</name></wpt><wpt lat="-26.997081666666666" lon="-48.62515499999999"><ele>11.1</ele><name>Foto</name></wpt><wpt lat="-26.99697" lon="-48.62518"><ele>17.700000000000003</ele><name>Foto</name></wpt><wpt lat="-26.996961666666667" lon="-48.625263333333336"><ele>17.2</ele><name>Foto</name></wpt><wpt lat="-26.996746666666663" lon="-48.62539333333334"><ele>13.9</ele><name>Foto</name></wpt><wpt lat="-26.996685000000003" lon="-48.625476666666664"><ele>10.5</ele><name>Foto</name></wpt><wpt lat="-26.99652" lon="-48.62566833333334"><ele>9.4</ele><name>Foto</name></wpt><wpt lat="-26.996443333333332" lon="-48.62572166666667"><ele>11.299999999999999</ele><name>Foto</name></wpt><wpt lat="-26.996373333333334" lon="-48.62580666666666"><ele>14.6</ele><name>Foto</name></wpt><wpt lat="-26.996291666666668" lon="-48.625828333333324"><ele>12</ele><name>Foto</name></wpt><wpt lat="-26.99589166666666" lon="-48.62619500000001"><ele>9.2</ele><name>Foto</name></wpt><wpt lat="-26.995898333333336" lon="-48.62619500000001"><ele>9.2</ele><name>Foto</name></wpt><wpt lat="-26.995898333333336" lon="-48.62619500000001"><ele>9.2</ele><name>Foto</name></wpt><wpt lat="-26.995751666666667" lon="-48.62635333333333"><ele>5.4</ele><name>Foto</name></wpt><wpt lat="-26.995605" lon="-48.626485"><ele>11.4</ele><name>Foto</name></wpt><wpt lat="-26.99555666666667" lon="-48.626503333333325"><ele>14</ele><name>Foto</name></wpt><wpt lat="-26.995325" lon="-48.62668999999999"><ele>12.799999999999999</ele><name>Foto</name></wpt><wpt lat="-26.995358333333336" lon="-48.62676"><ele>15.4</ele><name>Foto</name></wpt><wpt lat="-26.995275" lon="-48.62676499999999"><ele>10.5</ele><name>Foto</name></wpt><wpt lat="-26.995195" lon="-48.626796666666664"><ele>10.5</ele><name>Foto</name></wpt><wpt lat="-26.995176666666666" lon="-48.62681166666666"><ele>12.9</ele><name>Foto</name></wpt><wpt lat="-26.995101666666663" lon="-48.62689666666667"><ele>14.6</ele><name>Foto</name></wpt><wpt lat="-26.99466" lon="-48.62727666666667"><ele>7.9</ele><name>Foto</name></wpt><wpt lat="-26.994613333333337" lon="-48.62729833333333"><ele>6.800000000000001</ele><name>Foto</name></wpt><wpt lat="-26.99440666666667" lon="-48.62748833333333"><ele>8.5</ele><name>Foto</name></wpt><wpt lat="-26.994163333333336" lon="-48.62770666666667"><ele>9.4</ele><name>Foto</name></wpt><wpt lat="-26.994041666666664" lon="-48.62784"><ele>9.2</ele><name>Foto</name></wpt><wpt lat="-26.99376666666667" lon="-48.628035"><ele>12.9</ele><name>Foto</name></wpt><wpt lat="-26.993761666666668" lon="-48.62802666666666"><ele>14.2</ele><name>Foto</name></wpt><wpt lat="-26.99371833333333" lon="-48.628075"><ele>15.7</ele><name>Foto</name></wpt><wpt lat="-26.99371833333333" lon="-48.628075"><ele>15.7</ele><name>Foto</name></wpt><wpt lat="-26.993343333333335" lon="-48.628415"><ele>14.1</ele><name>Foto</name></wpt><wpt lat="-26.993053333333332" lon="-48.628533333333344"><ele>15.2</ele><name>Foto</name></wpt><wpt lat="-26.993053333333332" lon="-48.628533333333344"><ele>15.2</ele><name>Foto</name></wpt><wpt lat="-26.992915" lon="-48.628645000000006"><ele>15.4</ele><name>Foto</name></wpt><wpt lat="-26.992075" lon="-48.62885333333334"><ele>9.2</ele><name>Foto</name></wpt><wpt lat="-26.992075" lon="-48.628878333333326"><ele>13.4</ele><name>Foto</name></wpt><wpt lat="-26.992038333333333" lon="-48.62888666666666"><ele>14.6</ele><name>Foto</name></wpt><wpt lat="-26.991925" lon="-48.62895833333334"><ele>16.3</ele><name>Foto</name></wpt><wpt lat="-26.991443333333336" lon="-48.629013333333326"><ele>13.6</ele><name>Foto</name></wpt><wpt lat="-26.990915000000005" lon="-48.62910166666667"><ele>8.6</ele><name>Foto</name></wpt><wpt lat="-26.990889999999997" lon="-48.62909"><ele>7.4</ele><name>Foto</name></wpt><wpt lat="-26.99068333333333" lon="-48.629149999999996"><ele>10.799999999999999</ele><name>Foto</name></wpt><wpt lat="-26.990049999999997" lon="-48.629569999999994"><ele>2.1</ele><name>Foto</name></wpt><wpt lat="-26.990036666666665" lon="-48.62954333333334"><ele>5.300000000000001</ele><name>Foto</name></wpt><wpt lat="-26.989513333333335" lon="-48.62982999999999"><ele>3.5</ele><name>Foto</name></wpt><wpt lat="-26.988928333333334" lon="-48.630309999999994"><ele>2.7</ele><name>Foto</name></wpt><wpt lat="-26.988865" lon="-48.630378333333326"><ele>2.1</ele><name>Foto</name></wpt><wpt lat="-26.988738333333337" lon="-48.63052"><ele>2</ele><name>Foto</name></wpt><wpt lat="-26.98868" lon="-48.63056666666667"><ele>7.699999999999999</ele><name>Foto</name></wpt><wpt lat="-26.988554999999998" lon="-48.630694999999996"><ele>10.799999999999999</ele><name>Foto</name></wpt><wpt lat="-26.988418333333335" lon="-48.630845"><ele>11.4</ele><name>Foto</name></wpt><wpt lat="-26.98841333333333" lon="-48.630851666666665"><ele>10.4</ele><name>Foto</name></wpt><wpt lat="-26.988333333333337" lon="-48.63087666666667"><ele>9.6</ele><name>Foto</name></wpt><wpt lat="-26.988206666666663" lon="-48.63106666666666"><ele>10.299999999999999</ele><name>Foto</name></wpt><wpt lat="-26.988411666666668" lon="-48.63084166666666"><ele>8.4</ele><name>Foto</name></wpt><wpt lat="-26.988033333333338" lon="-48.63129333333333"><ele>8.4</ele><name>Foto</name></wpt><wpt lat="-26.987948333333332" lon="-48.63137"><ele>10.6</ele><name>Foto</name></wpt><wpt lat="-26.987826666666667" lon="-48.63147166666666"><ele>6.699999999999999</ele><name>Foto</name></wpt><wpt lat="-26.987826666666667" lon="-48.63147166666666"><ele>6.699999999999999</ele><name>Foto</name></wpt><wpt lat="-26.987566666666666" lon="-48.63164666666667"><ele>4.9</ele><name>Foto</name></wpt><wpt lat="-26.98784333333333" lon="-48.63143"><ele>-0.2999999999999998</ele><name>Foto</name></wpt><wpt lat="-26.987418333333334" lon="-48.631854999999995"><ele>6.199999999999999</ele><name>Foto</name></wpt><wpt lat="-26.987305" lon="-48.631995"><ele>8</ele><name>Foto</name></wpt><wpt lat="-26.987248333333334" lon="-48.63207666666667"><ele>8.3</ele><name>Foto</name></wpt><wpt lat="-26.98726166666667" lon="-48.632335"><ele>6.800000000000001</ele><name>Foto</name></wpt><wpt lat="-26.98728833333333" lon="-48.632353333333334"><ele>8.7</ele><name>Foto</name></wpt><wpt lat="-26.986251666666664" lon="-48.63292499999999"><ele>13.4</ele><name>Foto</name></wpt><wpt lat="-26.985768333333333" lon="-48.63324333333333"><ele>5</ele><name>Foto</name></wpt><wpt lat="-26.985768333333333" lon="-48.63324333333333"><ele>5</ele><name>Foto</name></wpt><wpt lat="-26.98546666666667" lon="-48.63332333333333"><ele>18.8</ele><name>Foto</name></wpt><wpt lat="-26.98503333333333" lon="-48.63357166666666"><ele>12.7</ele><name>Foto</name></wpt><wpt lat="-26.984775" lon="-48.633585"><ele>9.6</ele><name>Foto</name></wpt><wpt lat="-26.98428333333333" lon="-48.633781666666664"><ele>13.8</ele><name>Foto</name></wpt><wpt lat="-26.983998333333336" lon="-48.63386333333333"><ele>4.9</ele><name>Foto</name></wpt><wpt lat="-26.983811666666664" lon="-48.633918333333334"><ele>14.5</ele><name>Foto</name></wpt><wpt lat="-26.983705" lon="-48.633935"><ele>4.6</ele><name>Foto</name></wpt><wpt lat="-26.98329833333333" lon="-48.634049999999995"><ele>-2</ele><name>Foto</name></wpt><wpt lat="-26.983081666666667" lon="-48.634118333333326"><ele>3</ele><name>Foto</name></wpt><wpt lat="-26.982856666666667" lon="-48.63410333333333"><ele>4.3</ele><name>Foto</name></wpt><wpt lat="-26.98249" lon="-48.63427"><ele>4.2</ele><name>Foto</name></wpt><wpt lat="-26.982270000000003" lon="-48.63429833333333"><ele>12.3</ele><name>Foto</name></wpt><wpt lat="-26.982208333333332" lon="-48.63432666666666"><ele>10.8</ele><name>Foto</name></wpt><wpt lat="-26.98361166666667" lon="-48.63394166666667"><ele>2.8</ele><name>Foto</name></wpt><wpt lat="-26.98233" lon="-48.634370000000004"><ele>3.4</ele><name>Foto</name></wpt><wpt lat="-26.982213333333334" lon="-48.634305"><ele>8.4</ele><name>Foto</name></wpt><wpt lat="-26.981591666666667" lon="-48.634276666666665"><ele>9.9</ele><name>Foto</name></wpt><wpt lat="-26.981334999999998" lon="-48.63447333333333"><ele>5.9</ele><name>Foto</name></wpt><wpt lat="-26.981289999999998" lon="-48.634458333333335"><ele>5.4</ele><name>Foto</name></wpt><wpt lat="-26.981096666666666" lon="-48.63450666666666"><ele>7.1</ele><name>Foto</name></wpt><wpt lat="-26.980671666666662" lon="-48.63454166666667"><ele>5.4</ele><name>Foto</name></wpt><wpt lat="-26.980361666666667" lon="-48.63461166666666"><ele>2.3</ele><name>Foto</name></wpt><wpt lat="-26.980361666666667" lon="-48.63461166666666"><ele>2.3</ele><name>Foto</name></wpt><wpt lat="-26.98029" lon="-48.63458833333334"><ele>4.8</ele><name>Foto</name></wpt><wpt lat="-26.980251666666664" lon="-48.634589999999996"><ele>5.3</ele><name>Foto</name></wpt><wpt lat="-26.97995166666666" lon="-48.63472"><ele>-5</ele><name>Foto</name></wpt><wpt lat="-26.979223333333334" lon="-48.63491166666666"><ele>-0.30000000000000004</ele><name>Foto</name></wpt><wpt lat="-26.979056666666665" lon="-48.634910000000005"><ele>8.5</ele><name>Foto</name></wpt><wpt lat="-26.97878166666667" lon="-48.635008333333325"><ele>3</ele><name>Foto</name></wpt><wpt lat="-26.978730000000002" lon="-48.63502666666667"><ele>3.1</ele><name>Foto</name></wpt><wpt lat="-26.978415000000002" lon="-48.635125"><ele>6.8</ele><name>Foto</name></wpt><wpt lat="-26.978415000000002" lon="-48.635125"><ele>6.8</ele><name>Foto</name></wpt><wpt lat="-26.978344999999997" lon="-48.63508166666667"><ele>5.2</ele><name>Foto</name></wpt><wpt lat="-26.978343333333335" lon="-48.63504666666666"><ele>5.6</ele><name>Foto</name></wpt><wpt lat="-26.978176666666666" lon="-48.635135000000005"><ele>5</ele><name>Foto</name></wpt><wpt lat="-26.978113333333333" lon="-48.635156666666674"><ele>4.9</ele><name>Foto</name></wpt><wpt lat="-26.97787333333333" lon="-48.63518333333333"><ele>10.6</ele><name>Foto</name></wpt><wpt lat="-26.977366666666665" lon="-48.63525666666666"><ele>5.3</ele><name>Foto</name></wpt><wpt lat="-26.977073333333337" lon="-48.63535166666667"><ele>4.9</ele><name>Foto</name></wpt><wpt lat="-26.976961666666664" lon="-48.63530166666666"><ele>3.9</ele><name>Foto</name></wpt><wpt lat="-26.976491666666668" lon="-48.635355"><ele>-6.2</ele><name>Foto</name></wpt><wpt lat="-26.976081666666666" lon="-48.63530333333333"><ele>6</ele><name>Foto</name></wpt><wpt lat="-26.975990000000003" lon="-48.635278333333325"><ele>10.9</ele><name>Foto</name></wpt><wpt lat="-26.975888333333334" lon="-48.635270000000006"><ele>7.6</ele><name>Foto</name></wpt><wpt lat="-26.975620000000003" lon="-48.63525666666666"><ele>7.7</ele><name>Foto</name></wpt><wpt lat="-26.975158333333336" lon="-48.63520333333333"><ele>7.5</ele><name>Foto</name></wpt><wpt lat="-26.975158333333336" lon="-48.63520333333333"><ele>7.5</ele><name>Foto</name></wpt><wpt lat="-26.975039999999996" lon="-48.635155000000005"><ele>3.7</ele><name>Foto</name></wpt><wpt lat="-26.974895" lon="-48.63513"><ele>6</ele><name>Foto</name></wpt><wpt lat="-26.974323333333338" lon="-48.63505166666667"><ele>2.4</ele><name>Foto</name></wpt><wpt lat="-26.974110000000003" lon="-48.63494833333333"><ele>11.4</ele><name>Foto</name></wpt><wpt lat="-26.974015" lon="-48.63494333333333"><ele>12.2</ele><name>Foto</name></wpt><wpt lat="-26.973918333333337" lon="-48.63489166666667"><ele>12.3</ele><name>Foto</name></wpt><wpt lat="-26.97373" lon="-48.63480166666667"><ele>15.9</ele><name>Foto</name></wpt><wpt lat="-26.97349" lon="-48.634675"><ele>23</ele><name>Foto</name></wpt><wpt lat="-26.973076666666664" lon="-48.63445"><ele>11.9</ele><name>Foto</name></wpt><wpt lat="-26.973016666666663" lon="-48.634385"><ele>7.7</ele><name>Foto</name></wpt><wpt lat="-26.972986666666664" lon="-48.63435833333333"><ele>6</ele><name>Foto</name></wpt><wpt lat="-26.97288" lon="-48.63428999999999"><ele>16.2</ele><name>Foto</name></wpt><wpt lat="-26.972746666666662" lon="-48.63419833333334"><ele>16.6</ele><name>Foto</name></wpt><wpt lat="-26.97267" lon="-48.634145000000004"><ele>11.3</ele><name>Foto</name></wpt><wpt lat="-26.97256333333333" lon="-48.63406"><ele>8.5</ele><name>Foto</name></wpt><wpt lat="-26.97247333333333" lon="-48.63396666666666"><ele>14.9</ele><name>Foto</name></wpt><wpt lat="-26.972331666666665" lon="-48.633903333333336"><ele>10</ele><name>Foto</name></wpt><wpt lat="-26.97235" lon="-48.633828333333334"><ele>9.5</ele><name>Foto</name></wpt><wpt lat="-26.972178333333332" lon="-48.63374333333333"><ele>9.8</ele><name>Foto</name></wpt><wpt lat="-26.972016666666665" lon="-48.63362"><ele>11.3</ele><name>Foto</name></wpt><wpt lat="-26.971958333333337" lon="-48.63350833333334"><ele>7.1</ele><name>Foto</name></wpt><wpt lat="-26.971941666666666" lon="-48.63347333333333"><ele>7.7</ele><name>Foto</name></wpt><wpt lat="-26.971926666666665" lon="-48.633443333333325"><ele>7.9</ele><name>Foto</name></wpt><wpt lat="-26.971923333333333" lon="-48.63353"><ele>11.2</ele><name>Foto</name></wpt><wpt lat="-26.97193333333333" lon="-48.633406666666666"><ele>12.6</ele><name>Foto</name></wpt><wpt lat="-26.97165166666667" lon="-48.63292666666666"><ele>6.4</ele><name>Foto</name></wpt><wpt lat="-26.971416666666663" lon="-48.63256166666667"><ele>7.8</ele><name>Foto</name></wpt><wpt lat="-26.971328333333336" lon="-48.63220333333334"><ele>10.5</ele><name>Foto</name></wpt><wpt lat="-26.971166666666665" lon="-48.63201000000001"><ele>11.4</ele><name>Foto</name></wpt><wpt lat="-26.971348333333335" lon="-48.63229833333333"><ele>14.1</ele><name>Foto</name></wpt><wpt lat="-26.971093333333336" lon="-48.631865"><ele>11.5</ele><name>Foto</name></wpt><wpt lat="-27.00214" lon="-48.61931500000001"><ele>5.1</ele><name>Grade alinhada ao pneu</name></wpt><wpt lat="-26.99928" lon="-48.62261333333333"><ele>9.3</ele><name>Grade alinhada ao pneu</name></wpt><wpt lat="-26.99894" lon="-48.62306"><ele>3.2</ele><name>Grade alinhada ao pneu</name></wpt><wpt lat="-26.998595" lon="-48.62333166666667"><ele>10.1</ele><name>Grade alinhada ao pneu</name></wpt><wpt lat="-26.998456666666666" lon="-48.62353666666666"><ele>2.4000000000000004</ele><name>Grade alinhada ao pneu</name></wpt><wpt lat="-26.998363333333334" lon="-48.62369"><ele>4.6</ele><name>Grade alinhada ao pneu</name></wpt><wpt lat="-26.997989999999998" lon="-48.62415333333333"><ele>6.1</ele><name>Grade alinhada ao pneu</name></wpt><wpt lat="-26.997065" lon="-48.625128333333336"><ele>12.299999999999999</ele><name>Grade alinhada ao pneu</name></wpt><wpt lat="-26.996961666666667" lon="-48.625263333333336"><ele>17.2</ele><name>Grade alinhada ao pneu</name></wpt><wpt lat="-26.99678666666667" lon="-48.62537333333333"><ele>14.5</ele><name>Grade alinhada ao pneu</name></wpt><wpt lat="-26.996395" lon="-48.62578666666666"><ele>14.1</ele><name>Grade alinhada ao pneu</name></wpt><wpt lat="-26.995614999999997" lon="-48.62648000000001"><ele>8.5</ele><name>Grade alinhada ao pneu</name></wpt><wpt lat="-26.995359999999998" lon="-48.626646666666666"><ele>11.1</ele><name>Grade alinhada ao pneu</name></wpt><wpt lat="-26.995206666666665" lon="-48.626774999999995"><ele>11.4</ele><name>Grade alinhada ao pneu</name></wpt><wpt lat="-26.99446833333333" lon="-48.62745499999999"><ele>2.8</ele><name>Grade alinhada ao pneu</name></wpt><wpt lat="-26.99379333333333" lon="-48.62807333333333"><ele>10.5</ele><name>Grade alinhada ao pneu</name></wpt><wpt lat="-26.992663333333333" lon="-48.628746666666665"><ele>21.400000000000002</ele><name>Grade alinhada ao pneu</name></wpt><wpt lat="-26.987938333333332" lon="-48.631355"><ele>11</ele><name>Grade alinhada ao pneu</name></wpt><wpt lat="-26.985468333333333" lon="-48.633329999999994"><ele>19.3</ele><name>Grade alinhada ao pneu</name></wpt><wpt lat="-26.983999999999998" lon="-48.63386333333333"><ele>4.6</ele><name>Grade alinhada ao pneu</name></wpt><wpt lat="-26.983303333333332" lon="-48.63403333333334"><ele>-4.7</ele><name>Grade alinhada ao pneu</name></wpt><wpt lat="-26.982355" lon="-48.63438666666666"><ele>-1.2000000000000002</ele><name>Grade alinhada ao pneu</name></wpt><wpt lat="-26.981334999999998" lon="-48.63447333333333"><ele>5.9</ele><name>Grade alinhada ao pneu</name></wpt><wpt lat="-26.979223333333334" lon="-48.63491166666666"><ele>-0.30000000000000004</ele><name>Grade alinhada ao pneu</name></wpt><wpt lat="-26.975631666666665" lon="-48.635238333333334"><ele>10.3</ele><name>Grade alinhada ao pneu</name></wpt><wpt lat="-26.97489666666667" lon="-48.63512000000001"><ele>4.8</ele><name>Grade alinhada ao pneu</name></wpt><wpt lat="-26.97429833333333" lon="-48.63508"><ele>3.8</ele><name>Grade alinhada ao pneu</name></wpt><wpt lat="-26.974120000000003" lon="-48.634949999999996"><ele>12.2</ele><name>Grade alinhada ao pneu</name></wpt><wpt lat="-26.974015" lon="-48.63496"><ele>7.9</ele><name>Grade alinhada ao pneu</name></wpt><wpt lat="-26.973738333333337" lon="-48.63484333333334"><ele>8.7</ele><name>Grade alinhada ao pneu</name></wpt><wpt lat="-26.972976666666668" lon="-48.63435666666666"><ele>6.5</ele><name>Grade alinhada ao pneu</name></wpt><wpt lat="-26.972568333333335" lon="-48.634051666666664"><ele>10.5</ele><name>Grade alinhada ao pneu</name></wpt><wpt lat="-26.97205666666667" lon="-48.633646666666664"><ele>10.2</ele><name>Grade alinhada ao pneu</name></wpt><wpt lat="-26.971989999999998" lon="-48.63353166666668"><ele>9.2</ele><name>Grade alinhada ao pneu</name></wpt><wpt lat="-26.97107" lon="-48.63187500000001"><ele>17.2</ele><name>Iluminação geral dos dois lados da via</name></wpt><wpt lat="-27.00503666666667" lon="-48.60355500000001"><ele>10.1</ele><name>Mão Única</name></wpt><wpt lat="-27.00503666666667" lon="-48.60355500000001"><ele>10.1</ele><name>No bordo direito de Via de Mão Única</name></wpt><wpt lat="-27.006111666666666" lon="-48.607443333333336"><ele>12.2</ele><name>Outro obstáculo</name></wpt><wpt lat="-26.99369" lon="-48.62811166666667"><ele>13.4</ele><name>Outro obstáculo</name></wpt><wpt lat="-26.985038333333332" lon="-48.63357333333333"><ele>11.4</ele><name>Outro obstáculo</name></wpt><wpt lat="-26.983863333333336" lon="-48.63388333333334"><ele>7.7</ele><name>Outro obstáculo</name></wpt><wpt lat="-26.97217333333333" lon="-48.63374666666667"><ele>10.4</ele><name>Outro risco. EXPLIQUE.</name></wpt><wpt lat="-26.971045000000004" lon="-48.63190833333333"><ele>15.9</ele><name>Pequenas imperfeições, como fissuras</name></wpt><wpt lat="-26.987280000000002" lon="-48.63234166666666"><ele>7.5</ele><name>pequeno trecho em ciclovia em volta da praça</name></wpt><wpt lat="-27.00560833333333" lon="-48.612575"><ele>8.5</ele><name>pictograma para ciclista respeitar a prioridade do pedestre</name></wpt><wpt lat="-27.00521666666667" lon="-48.61395833333333"><ele>1.1</ele><name>pictograma para ciclista respeitar a prioridade do pedestre</name></wpt><wpt lat="-26.972331666666665" lon="-48.63388333333334"><ele>7.6</ele><name>pictograma para ciclista respeitar a prioridade do pedestre</name></wpt><wpt lat="-27.00589166666667" lon="-48.61172833333333"><ele>2.9000000000000004</ele><name>pictograma para ciclista respeitar a prioridade do pedestre</name></wpt><wpt lat="-27.00608333333333" lon="-48.60724666666667"><ele>14.299999999999999</ele><name>pictograma para ciclista respeitar a prioridade do pedestre</name></wpt><wpt lat="-26.972739999999998" lon="-48.634190000000004"><ele>17.9</ele><name>pictograma para ciclista respeitar a prioridade do pedestre</name></wpt><wpt lat="-27.005820000000003" lon="-48.60592"><ele>10</ele><name>Ponto de embarque de ônibus interrompe a ciclo</name></wpt><wpt lat="-27.005853333333334" lon="-48.61159666666667"><ele>1</ele><name>Ponto de embarque de ônibus interrompe a ciclo</name></wpt><wpt lat="-27.00517" lon="-48.613931666666666"><ele>2.7</ele><name>Ponto de embarque de ônibus interrompe a ciclo</name></wpt><wpt lat="-27.003116666666664" lon="-48.618010000000005"><ele>8.8</ele><name>Ponto de embarque de ônibus interrompe a ciclo</name></wpt><wpt lat="-27.000504999999997" lon="-48.621368333333336"><ele>7.9</ele><name>Ponto de embarque de ônibus interrompe a ciclo</name></wpt><wpt lat="-26.99865666666667" lon="-48.623248333333336"><ele>5.6</ele><name>Ponto de embarque de ônibus interrompe a ciclo</name></wpt><wpt lat="-26.99759333333333" lon="-48.624605"><ele>10.9</ele><name>Ponto de embarque de ônibus interrompe a ciclo</name></wpt><wpt lat="-26.995283333333337" lon="-48.626774999999995"><ele>12.7</ele><name>Ponto de embarque de ônibus interrompe a ciclo</name></wpt><wpt lat="-26.99371833333333" lon="-48.628075"><ele>15.7</ele><name>Ponto de embarque de ônibus interrompe a ciclo</name></wpt><wpt lat="-26.983821666666667" lon="-48.63393166666666"><ele>15.1</ele><name>Ponto de embarque de ônibus interrompe a ciclo</name></wpt><wpt lat="-26.982208333333332" lon="-48.63430333333334"><ele>10.2</ele><name>Ponto de embarque de ônibus interrompe a ciclo</name></wpt><wpt lat="-26.980361666666667" lon="-48.63461166666666"><ele>2.3</ele><name>Ponto de embarque de ônibus interrompe a ciclo</name></wpt><wpt lat="-26.978415000000002" lon="-48.635125"><ele>6.8</ele><name>Ponto de embarque de ônibus interrompe a ciclo</name></wpt><wpt lat="-26.977073333333337" lon="-48.63535166666667"><ele>4.9</ele><name>Ponto de embarque de ônibus interrompe a ciclo</name></wpt><wpt lat="-26.97516" lon="-48.635201666666674"><ele>7.1</ele><name>Ponto de embarque de ônibus interrompe a ciclo</name></wpt><wpt lat="-26.973075" lon="-48.634458333333335"><ele>12.5</ele><name>Ponto de embarque de ônibus interrompe a ciclo</name></wpt><wpt lat="-27.004995" lon="-48.603480000000005"><ele>9.9</ele><name>Quantidade de vagas</name></wpt><wpt lat="-26.999889999999997" lon="-48.62199333333333"><ele>11.9</ele><name>Quantidade de vagas</name></wpt><wpt lat="-26.995898333333336" lon="-48.62619500000001"><ele>9.2</ele><name>Quantidade de vagas</name></wpt><wpt lat="-26.99092" lon="-48.62907833333334"><ele>7</ele><name>Quantidade de vagas</name></wpt><wpt lat="-26.99068333333333" lon="-48.629149999999996"><ele>10.799999999999999</ele><name>Quantidade de vagas</name></wpt><wpt lat="-26.99003" lon="-48.629554999999996"><ele>4.9</ele><name>Quantidade de vagas</name></wpt><wpt lat="-26.987566666666666" lon="-48.63164666666667"><ele>4.9</ele><name>Quantidade de vagas</name></wpt><wpt lat="-26.98786" lon="-48.63146"><ele>0</ele><name>Quantidade de vagas</name></wpt><wpt lat="-26.98731666666667" lon="-48.631956666666674"><ele>7.199999999999999</ele><name>Quantidade de vagas</name></wpt><wpt lat="-26.986939999999997" lon="-48.63252000000001"><ele>12.4</ele><name>Quantidade de vagas</name></wpt><wpt lat="-26.982214999999997" lon="-48.63431166666666"><ele>9.2</ele><name>Quantidade de vagas</name></wpt><wpt lat="-26.981633333333335" lon="-48.63449333333333"><ele>15.2</ele><name>Quantidade de vagas</name></wpt><wpt lat="-26.972481666666667" lon="-48.63395666666667"><ele>11.5</ele><name>Quantidade de vagas</name></wpt><wpt lat="-26.971926666666665" lon="-48.633443333333325"><ele>7.6</ele><name>Quantidade de vagas</name></wpt><wpt lat="-26.971348333333335" lon="-48.63229833333333"><ele>14.1</ele><name>Quantidade de vagas</name></wpt><wpt lat="-26.971093333333336" lon="-48.631865"><ele>11.5</ele><name>Quantidade de vagas</name></wpt><wpt lat="-26.995820000000002" lon="-48.626191666666664"><ele>5.9</ele><name>R-34</name></wpt><wpt lat="-26.982865" lon="-48.63410333333333"><ele>3.1</ele><name>Raíz</name></wpt><wpt lat="-26.9781" lon="-48.63512833333333"><ele>4.6</ele><name>Raíz</name></wpt><wpt lat="-27.005483333333338" lon="-48.60475499999999"><ele>4.7</ele><name>R3m0v3r Largura 🗑️</name></wpt><wpt lat="-27.006153333333334" lon="-48.607861666666665"><ele>2.2</ele><name>R3m0v3r Largura 🗑️</name></wpt><wpt lat="-26.995848333333335" lon="-48.626189999999994"><ele>6.699999999999999</ele><name>R3m0v3r Placa 🗑️</name></wpt><wpt lat="-26.97217333333333" lon="-48.63374666666667"><ele>10.4</ele><name>Risco: quiosque muito perto da ciclofaixa</name></wpt><wpt lat="-26.971045000000004" lon="-48.63190833333333"><ele>15.9</ele><name>SE CICLOFAIXA: para invadir a ciclo parte do automóvel passa obrigatoriamente por cima de segregadores</name></wpt><wpt lat="-26.987826666666667" lon="-48.63147166666666"><ele>6.699999999999999</ele><name>Semáforo para motorizado</name></wpt><wpt lat="-26.987826666666667" lon="-48.63147166666666"><ele>6.699999999999999</ele><name>Semáforo para pedestres</name></wpt><wpt lat="-26.971416666666663" lon="-48.63256166666667"><ele>7.8</ele><name>Semáforo para pedestres</name></wpt><wpt lat="-26.971045000000004" lon="-48.63190833333333"><ele>15.9</ele><name>Sombras em alguns trechos, SEM mudas novas</name></wpt><wpt lat="-27.00503666666667" lon="-48.60355500000001"><ele>10.1</ele><name>Tachões</name></wpt><wpt lat="-27.006115" lon="-48.607441666666666"><ele>12.4</ele><name>tampa de inspeção elevada e piso rachado</name></wpt><wpt lat="-26.99369" lon="-48.62811166666667"><ele>13.4</ele><name>tampa de inspeção rebaixada</name></wpt><wpt lat="-27.00503666666667" lon="-48.60355500000001"><ele>10.1</ele><name>Toda área de circulação pintada de vermelho</name></wpt><wpt lat="-27.005425" lon="-48.60473999999999"><ele>4.4</ele><name>Total da via (incluindo a ciclo) (cm)</name></wpt><wpt lat="-27.005861666666668" lon="-48.605715"><ele>5.6</ele><name>Travessia de pedestre em nível (lombofaixa)</name></wpt><wpt lat="-27.006115" lon="-48.60746833333333"><ele>12.4</ele><name>Travessia de pedestre em nível (lombofaixa)</name></wpt><wpt lat="-27.00590833333333" lon="-48.61150666666667"><ele>1.4000000000000001</ele><name>Travessia de pedestre em nível (lombofaixa)</name></wpt><wpt lat="-27.005655" lon="-48.612525000000005"><ele>8.7</ele><name>Travessia de pedestre em nível (lombofaixa)</name></wpt><wpt lat="-27.005223333333333" lon="-48.61384666666666"><ele>12.299999999999999</ele><name>Travessia de pedestre em nível (lombofaixa)</name></wpt><wpt lat="-27.004238333333333" lon="-48.61601"><ele>9.4</ele><name>Travessia de pedestre em nível (lombofaixa)</name></wpt><wpt lat="-27.003118333333337" lon="-48.617995"><ele>4.5</ele><name>Travessia de pedestre em nível (lombofaixa)</name></wpt><wpt lat="-27.002326666666665" lon="-48.61914"><ele>6.199999999999999</ele><name>Travessia de pedestre em nível (lombofaixa)</name></wpt><wpt lat="-27.001189999999998" lon="-48.620760000000004"><ele>12.299999999999999</ele><name>Travessia de pedestre em nível (lombofaixa)</name></wpt><wpt lat="-27.000661666666662" lon="-48.62126"><ele>3.6</ele><name>Travessia de pedestre em nível (lombofaixa)</name></wpt><wpt lat="-26.999603333333333" lon="-48.62235666666667"><ele>10.799999999999999</ele><name>Travessia de pedestre em nível (lombofaixa)</name></wpt><wpt lat="-26.99885" lon="-48.62324666666667"><ele>7.5</ele><name>Travessia de pedestre em nível (lombofaixa)</name></wpt><wpt lat="-26.99825" lon="-48.623778333333334"><ele>12.9</ele><name>Travessia de pedestre em nível (lombofaixa)</name></wpt><wpt lat="-26.997586666666667" lon="-48.62460166666666"><ele>10.6</ele><name>Travessia de pedestre em nível (lombofaixa)</name></wpt><wpt lat="-26.996341666666662" lon="-48.625825"><ele>14.9</ele><name>Travessia de pedestre em nível (lombofaixa)</name></wpt><wpt lat="-26.99533166666667" lon="-48.626704999999994"><ele>13.799999999999999</ele><name>Travessia de pedestre em nível (lombofaixa)</name></wpt><wpt lat="-26.99466" lon="-48.62726666666667"><ele>7.9</ele><name>Travessia de pedestre em nível (lombofaixa)</name></wpt><wpt lat="-26.993774999999996" lon="-48.62806166666666"><ele>11.299999999999999</ele><name>Travessia de pedestre em nível (lombofaixa)</name></wpt><wpt lat="-26.993051666666663" lon="-48.62854000000001"><ele>15.299999999999999</ele><name>Travessia de pedestre em nível (lombofaixa)</name></wpt><wpt lat="-26.992071666666668" lon="-48.628856666666664"><ele>11.6</ele><name>Travessia de pedestre em nível (lombofaixa)</name></wpt><wpt lat="-26.989516666666667" lon="-48.62983333333333"><ele>5.1</ele><name>Travessia de pedestre em nível (lombofaixa)</name></wpt><wpt lat="-26.98893666666667" lon="-48.630309999999994"><ele>3.5</ele><name>Travessia de pedestre em nível (lombofaixa)</name></wpt><wpt lat="-26.988388333333333" lon="-48.630874999999996"><ele>10.299999999999999</ele><name>Travessia de pedestre em nível (lombofaixa)</name></wpt><wpt lat="-26.987820000000003" lon="-48.63147666666667"><ele>8.4</ele><name>Travessia de pedestre em nível (lombofaixa)</name></wpt><wpt lat="-26.98728833333333" lon="-48.632353333333334"><ele>8.7</ele><name>Travessia de pedestre em nível (lombofaixa)</name></wpt><wpt lat="-26.985774999999997" lon="-48.633269999999996"><ele>2.8</ele><name>Travessia de pedestre em nível (lombofaixa)</name></wpt><wpt lat="-26.98503333333333" lon="-48.63357166666666"><ele>12.7</ele><name>Travessia de pedestre em nível (lombofaixa)</name></wpt><wpt lat="-26.983821666666667" lon="-48.633938333333326"><ele>14.7</ele><name>Travessia de pedestre em nível (lombofaixa)</name></wpt><wpt lat="-26.983156666666666" lon="-48.63409166666667"><ele>3.5</ele><name>Travessia de pedestre em nível (lombofaixa)</name></wpt><wpt lat="-26.982285" lon="-48.634325000000004"><ele>13.4</ele><name>Travessia de pedestre em nível (lombofaixa)</name></wpt><wpt lat="-26.981289999999998" lon="-48.634458333333335"><ele>5.4</ele><name>Travessia de pedestre em nível (lombofaixa)</name></wpt><wpt lat="-26.980361666666667" lon="-48.63461166666666"><ele>2.3</ele><name>Travessia de pedestre em nível (lombofaixa)</name></wpt><wpt lat="-26.979133333333333" lon="-48.634930000000004"><ele>6.7</ele><name>Travessia de pedestre em nível (lombofaixa)</name></wpt><wpt lat="-26.978419999999996" lon="-48.63512666666667"><ele>6.6</ele><name>Travessia de pedestre em nível (lombofaixa)</name></wpt><wpt lat="-26.97707666666667" lon="-48.635336666666674"><ele>5.8</ele><name>Travessia de pedestre em nível (lombofaixa)</name></wpt><wpt lat="-26.976038333333335" lon="-48.635305"><ele>10.9</ele><name>Travessia de pedestre em nível (lombofaixa)</name></wpt><wpt lat="-26.97516666666667" lon="-48.63519333333333"><ele>7.6</ele><name>Travessia de pedestre em nível (lombofaixa)</name></wpt><wpt lat="-26.97396833333333" lon="-48.63494333333333"><ele>12.8</ele><name>Travessia de pedestre em nível (lombofaixa)</name></wpt><wpt lat="-26.97315" lon="-48.634499999999996"><ele>11</ele><name>Travessia de pedestre em nível (lombofaixa)</name></wpt><wpt lat="-26.972753333333337" lon="-48.634186666666665"><ele>17.7</ele><name>Travessia de pedestre em nível (lombofaixa)</name></wpt><wpt lat="-26.972331666666665" lon="-48.633903333333336"><ele>10.1</ele><name>Travessia de pedestre em nível (lombofaixa)</name></wpt><wpt lat="-26.985038333333332" lon="-48.63357166666666"><ele>11.799999999999999</ele><name>trecho alagado</name></wpt><wpt lat="-27.006154999999996" lon="-48.609098333333336"><ele>13.2</ele><name>trecho em construção da ciclovia que substituirá a ciclofaixa com 300 cm de largura</name></wpt><wpt lat="-27.004995" lon="-48.603480000000005"><ele>9.9</ele><name>U invertido</name></wpt><wpt lat="-26.999889999999997" lon="-48.62199333333333"><ele>11.9</ele><name>U invertido</name></wpt><wpt lat="-26.995898333333336" lon="-48.62619500000001"><ele>9.2</ele><name>U invertido</name></wpt><wpt lat="-26.99092333333333" lon="-48.62907166666667"><ele>6.5</ele><name>U invertido</name></wpt><wpt lat="-26.99068333333333" lon="-48.629149999999996"><ele>10.799999999999999</ele><name>U invertido</name></wpt><wpt lat="-26.99003" lon="-48.629554999999996"><ele>4.9</ele><name>U invertido</name></wpt><wpt lat="-26.987566666666666" lon="-48.631645"><ele>5.2</ele><name>U invertido</name></wpt><wpt lat="-26.987865000000003" lon="-48.631465"><ele>0.30000000000000004</ele><name>U invertido</name></wpt><wpt lat="-26.98731833333333" lon="-48.63195833333332"><ele>7.1</ele><name>U invertido</name></wpt><wpt lat="-26.986939999999997" lon="-48.63252000000001"><ele>12.4</ele><name>U invertido</name></wpt><wpt lat="-26.982214999999997" lon="-48.634315"><ele>9.1</ele><name>U invertido</name></wpt><wpt lat="-26.981633333333335" lon="-48.63449333333333"><ele>15.2</ele><name>U invertido</name></wpt><wpt lat="-26.972480000000004" lon="-48.63395666666667"><ele>11.3</ele><name>U invertido</name></wpt><wpt lat="-26.971926666666665" lon="-48.633443333333325"><ele>7.6</ele><name>U invertido</name></wpt><wpt lat="-26.971348333333335" lon="-48.63229833333333"><ele>14.1</ele><name>U invertido</name></wpt><trk><name>Ciclofaixa Av. Atlântica - BC</name><trkseg><trkpt lat="-27.00494666666667" lon="-48.603525000000005"><ele>7.9</ele></trkpt><trkpt lat="-27.004953333333333" lon="-48.60352666666666"><ele>8.1</ele></trkpt><trkpt lat="-27.00498" lon="-48.60353666666666"><ele>9.3</ele></trkpt><trkpt lat="-27.00498" lon="-48.60353666666666"><ele>9.3</ele></trkpt><trkpt lat="-27.005041666666664" lon="-48.603546666666674"><ele>9.4</ele></trkpt><trkpt lat="-27.00504" lon="-48.60355166666667"><ele>9.7</ele></trkpt><trkpt lat="-27.00504" lon="-48.60355333333334"><ele>9.9</ele></trkpt><trkpt lat="-27.00503833333333" lon="-48.60355333333334"><ele>10</ele></trkpt><trkpt lat="-27.00503666666667" lon="-48.60355500000001"><ele>10.1</ele></trkpt><trkpt lat="-27.00503666666667" lon="-48.60355500000001"><ele>10.1</ele></trkpt><trkpt lat="-27.00503666666667" lon="-48.60355500000001"><ele>10.1</ele></trkpt><trkpt lat="-27.00503666666667" lon="-48.60355500000001"><ele>10.1</ele></trkpt><trkpt lat="-27.00503666666667" lon="-48.60355500000001"><ele>10.1</ele></trkpt><trkpt lat="-27.00503666666667" lon="-48.60355500000001"><ele>10.1</ele></trkpt><trkpt lat="-27.00503666666667" lon="-48.60355500000001"><ele>10.1</ele></trkpt><trkpt lat="-27.00503666666667" lon="-48.60355500000001"><ele>10.1</ele></trkpt><trkpt lat="-27.00503666666667" lon="-48.60355500000001"><ele>10.1</ele></trkpt><trkpt lat="-27.00503666666667" lon="-48.60355500000001"><ele>10.1</ele></trkpt><trkpt lat="-27.00503666666667" lon="-48.60355500000001"><ele>10.1</ele></trkpt><trkpt lat="-27.00503666666667" lon="-48.60355500000001"><ele>10.1</ele></trkpt><trkpt lat="-27.00503666666667" lon="-48.60355500000001"><ele>10.1</ele></trkpt><trkpt lat="-27.00503666666667" lon="-48.60355500000001"><ele>10.1</ele></trkpt><trkpt lat="-27.00503666666667" lon="-48.60355500000001"><ele>10.1</ele></trkpt><trkpt lat="-27.00503666666667" lon="-48.60355500000001"><ele>10.1</ele></trkpt><trkpt lat="-27.00503666666667" lon="-48.60355500000001"><ele>10.1</ele></trkpt><trkpt lat="-27.00503666666667" lon="-48.60355500000001"><ele>10.1</ele></trkpt><trkpt lat="-27.00503666666667" lon="-48.60355500000001"><ele>10.1</ele></trkpt><trkpt lat="-27.00503666666667" lon="-48.60355500000001"><ele>10.1</ele></trkpt><trkpt lat="-27.00503666666667" lon="-48.60355500000001"><ele>10.1</ele></trkpt><trkpt lat="-27.00503666666667" lon="-48.60355500000001"><ele>10.1</ele></trkpt><trkpt lat="-27.00503666666667" lon="-48.60355500000001"><ele>10.1</ele></trkpt><trkpt lat="-27.00503666666667" lon="-48.60355500000001"><ele>10.1</ele></trkpt><trkpt lat="-27.00503666666667" lon="-48.60355500000001"><ele>10.1</ele></trkpt><trkpt lat="-27.00503666666667" lon="-48.60355500000001"><ele>10.1</ele></trkpt><trkpt lat="-27.00503666666667" lon="-48.60355500000001"><ele>10.1</ele></trkpt><trkpt lat="-27.00503666666667" lon="-48.60355500000001"><ele>10.1</ele></trkpt><trkpt lat="-27.00503666666667" lon="-48.60355500000001"><ele>10.1</ele></trkpt><trkpt lat="-27.00503666666667" lon="-48.60355500000001"><ele>10.1</ele></trkpt><trkpt lat="-27.00503666666667" lon="-48.60355500000001"><ele>10.1</ele></trkpt><trkpt lat="-27.00503666666667" lon="-48.60355500000001"><ele>10.1</ele></trkpt><trkpt lat="-27.00503666666667" lon="-48.60355500000001"><ele>10.1</ele></trkpt><trkpt lat="-27.00503666666667" lon="-48.60355500000001"><ele>10.1</ele></trkpt><trkpt lat="-27.00503666666667" lon="-48.60355500000001"><ele>10.1</ele></trkpt><trkpt lat="-27.00503666666667" lon="-48.60355500000001"><ele>10.1</ele></trkpt><trkpt lat="-27.00503666666667" lon="-48.60355500000001"><ele>10.1</ele></trkpt><trkpt lat="-27.00503666666667" lon="-48.60355500000001"><ele>10.1</ele></trkpt><trkpt lat="-27.00503666666667" lon="-48.60355500000001"><ele>10.1</ele></trkpt><trkpt lat="-27.00503666666667" lon="-48.60355500000001"><ele>10.1</ele></trkpt><trkpt lat="-27.00503666666667" lon="-48.60355500000001"><ele>10.1</ele></trkpt><trkpt lat="-27.00503666666667" lon="-48.60355500000001"><ele>10.1</ele></trkpt><trkpt lat="-27.00503666666667" lon="-48.60355500000001"><ele>10.1</ele></trkpt><trkpt lat="-27.00503666666667" lon="-48.60355500000001"><ele>10.1</ele></trkpt><trkpt lat="-27.00503666666667" lon="-48.60355500000001"><ele>10.1</ele></trkpt><trkpt lat="-27.00503666666667" lon="-48.60355500000001"><ele>10.1</ele></trkpt><trkpt lat="-27.00503666666667" lon="-48.60355500000001"><ele>10.1</ele></trkpt><trkpt lat="-27.005010000000002" lon="-48.603575"><ele>9.799999999999999</ele></trkpt><trkpt lat="-27.005004999999997" lon="-48.60357666666667"><ele>9.799999999999999</ele></trkpt><trkpt lat="-27.004998333333333" lon="-48.603575"><ele>9.6</ele></trkpt><trkpt lat="-27.004998333333333" lon="-48.603575"><ele>9.6</ele></trkpt><trkpt lat="-27.00499333333333" lon="-48.60357166666666"><ele>9.4</ele></trkpt><trkpt lat="-27.00499333333333" lon="-48.60357166666666"><ele>9.4</ele></trkpt><trkpt lat="-27.00499333333333" lon="-48.60357166666666"><ele>9.4</ele></trkpt><trkpt lat="-27.00499333333333" lon="-48.60357166666666"><ele>9.4</ele></trkpt><trkpt lat="-27.00499333333333" lon="-48.60357166666666"><ele>9.4</ele></trkpt><trkpt lat="-27.00499333333333" lon="-48.60357166666666"><ele>9.4</ele></trkpt><trkpt lat="-27.00499333333333" lon="-48.60357166666666"><ele>9.4</ele></trkpt><trkpt lat="-27.00499333333333" lon="-48.60357166666666"><ele>9.4</ele></trkpt><trkpt lat="-27.00499333333333" lon="-48.60357166666666"><ele>9.4</ele></trkpt><trkpt lat="-27.00499333333333" lon="-48.60357166666666"><ele>9.4</ele></trkpt><trkpt lat="-27.00499333333333" lon="-48.60357166666666"><ele>9.4</ele></trkpt><trkpt lat="-27.00499333333333" lon="-48.60357166666666"><ele>9.4</ele></trkpt><trkpt lat="-27.00499333333333" lon="-48.60357166666666"><ele>9.4</ele></trkpt><trkpt lat="-27.00499333333333" lon="-48.60357166666666"><ele>9.4</ele></trkpt><trkpt lat="-27.00499333333333" lon="-48.60357166666666"><ele>9.4</ele></trkpt><trkpt lat="-27.00499333333333" lon="-48.60357166666666"><ele>9.4</ele></trkpt><trkpt lat="-27.00499333333333" lon="-48.60357166666666"><ele>9.4</ele></trkpt><trkpt lat="-27.00499333333333" lon="-48.60357166666666"><ele>9.4</ele></trkpt><trkpt lat="-27.00499333333333" lon="-48.60357166666666"><ele>9.4</ele></trkpt><trkpt lat="-27.00499333333333" lon="-48.60357166666666"><ele>9.4</ele></trkpt><trkpt lat="-27.00499333333333" lon="-48.60357166666666"><ele>9.4</ele></trkpt><trkpt lat="-27.00499333333333" lon="-48.60357166666666"><ele>9.4</ele></trkpt><trkpt lat="-27.00499333333333" lon="-48.60357166666666"><ele>9.4</ele></trkpt><trkpt lat="-27.00499333333333" lon="-48.60357166666666"><ele>9.4</ele></trkpt><trkpt lat="-27.00499333333333" lon="-48.60357166666666"><ele>9.4</ele></trkpt><trkpt lat="-27.00499333333333" lon="-48.60357166666666"><ele>9.4</ele></trkpt><trkpt lat="-27.00499333333333" lon="-48.60357166666666"><ele>9.4</ele></trkpt><trkpt lat="-27.00499333333333" lon="-48.60357166666666"><ele>9.4</ele></trkpt><trkpt lat="-27.00499333333333" lon="-48.60357166666666"><ele>9.4</ele></trkpt><trkpt lat="-27.00499333333333" lon="-48.60357166666666"><ele>9.4</ele></trkpt><trkpt lat="-27.00499333333333" lon="-48.60357166666666"><ele>9.4</ele></trkpt><trkpt lat="-27.00499333333333" lon="-48.60357166666666"><ele>9.4</ele></trkpt><trkpt lat="-27.00499333333333" lon="-48.60357166666666"><ele>9.4</ele></trkpt><trkpt lat="-27.00499333333333" lon="-48.60357166666666"><ele>9.4</ele></trkpt><trkpt lat="-27.00499333333333" lon="-48.60357166666666"><ele>9.4</ele></trkpt><trkpt lat="-27.00499333333333" lon="-48.60357166666666"><ele>9.4</ele></trkpt><trkpt lat="-27.00499333333333" lon="-48.60357166666666"><ele>9.4</ele></trkpt><trkpt lat="-27.00499333333333" lon="-48.60357166666666"><ele>9.4</ele></trkpt><trkpt lat="-27.00499333333333" lon="-48.60357166666666"><ele>9.4</ele></trkpt><trkpt lat="-27.00499333333333" lon="-48.60357166666666"><ele>9.4</ele></trkpt><trkpt lat="-27.00499333333333" lon="-48.60357166666666"><ele>9.4</ele></trkpt><trkpt lat="-27.00499333333333" lon="-48.60357166666666"><ele>9.4</ele></trkpt><trkpt lat="-27.00499333333333" lon="-48.60357166666666"><ele>9.4</ele></trkpt><trkpt lat="-27.00499333333333" lon="-48.60357166666666"><ele>9.4</ele></trkpt><trkpt lat="-27.00499333333333" lon="-48.60357166666666"><ele>9.4</ele></trkpt><trkpt lat="-27.00499333333333" lon="-48.60357166666666"><ele>9.4</ele></trkpt><trkpt lat="-27.00499333333333" lon="-48.60357166666666"><ele>9.4</ele></trkpt><trkpt lat="-27.00499333333333" lon="-48.60357166666666"><ele>9.4</ele></trkpt><trkpt lat="-27.00499333333333" lon="-48.60357166666666"><ele>9.4</ele></trkpt><trkpt lat="-27.00499333333333" lon="-48.60357166666666"><ele>9.4</ele></trkpt><trkpt lat="-27.00499333333333" lon="-48.60357166666666"><ele>9.4</ele></trkpt><trkpt lat="-27.00499333333333" lon="-48.60357166666666"><ele>9.4</ele></trkpt><trkpt lat="-27.00499166666667" lon="-48.60355166666667"><ele>11.299999999999999</ele></trkpt><trkpt lat="-27.004986666666664" lon="-48.603546666666674"><ele>11.1</ele></trkpt><trkpt lat="-27.004983333333332" lon="-48.60353666666666"><ele>11</ele></trkpt><trkpt lat="-27.00498" lon="-48.60352666666666"><ele>10.9</ele></trkpt><trkpt lat="-27.00497833333333" lon="-48.603515"><ele>10.5</ele></trkpt><trkpt lat="-27.004976666666668" lon="-48.60350166666667"><ele>10.1</ele></trkpt><trkpt lat="-27.004974999999998" lon="-48.603485"><ele>9.7</ele></trkpt><trkpt lat="-27.004971666666666" lon="-48.60347"><ele>9.799999999999999</ele></trkpt><trkpt lat="-27.004971666666666" lon="-48.60345666666667"><ele>9.9</ele></trkpt><trkpt lat="-27.004970000000004" lon="-48.60343833333333"><ele>10.299999999999999</ele></trkpt><trkpt lat="-27.004966666666665" lon="-48.60342000000001"><ele>10.7</ele></trkpt><trkpt lat="-27.004956666666665" lon="-48.60340166666666"><ele>10.799999999999999</ele></trkpt><trkpt lat="-27.00494833333333" lon="-48.603390000000005"><ele>11.1</ele></trkpt><trkpt lat="-27.00494" lon="-48.60337500000001"><ele>11.299999999999999</ele></trkpt><trkpt lat="-27.004935" lon="-48.60336333333333"><ele>10.9</ele></trkpt><trkpt lat="-27.004926666666666" lon="-48.60336"><ele>11.299999999999999</ele></trkpt><trkpt lat="-27.004920000000002" lon="-48.60335166666667"><ele>11.2</ele></trkpt><trkpt lat="-27.004913333333334" lon="-48.603341666666665"><ele>11.4</ele></trkpt><trkpt lat="-27.004905" lon="-48.60333333333333"><ele>12.1</ele></trkpt><trkpt lat="-27.004898333333337" lon="-48.603325"><ele>12.7</ele></trkpt><trkpt lat="-27.00489333333333" lon="-48.60331833333333"><ele>13</ele></trkpt><trkpt lat="-27.00489" lon="-48.60330999999999"><ele>13.7</ele></trkpt><trkpt lat="-27.00489" lon="-48.60330666666667"><ele>14.4</ele></trkpt><trkpt lat="-27.00489166666667" lon="-48.60330999999999"><ele>14.799999999999999</ele></trkpt><trkpt lat="-27.00489333333333" lon="-48.60331333333333"><ele>15.4</ele></trkpt><trkpt lat="-27.004898333333337" lon="-48.60331666666666"><ele>15.6</ele></trkpt><trkpt lat="-27.00490166666667" lon="-48.60331666666666"><ele>15.9</ele></trkpt><trkpt lat="-27.00490166666667" lon="-48.60331666666666"><ele>15.9</ele></trkpt><trkpt lat="-27.00490666666667" lon="-48.60331833333333"><ele>16.2</ele></trkpt><trkpt lat="-27.004910000000002" lon="-48.603315"><ele>16.5</ele></trkpt><trkpt lat="-27.004913333333334" lon="-48.603315"><ele>16.6</ele></trkpt><trkpt lat="-27.00491833333333" lon="-48.603320000000004"><ele>16.900000000000002</ele></trkpt><trkpt lat="-27.004916666666666" lon="-48.60332166666667"><ele>16.900000000000002</ele></trkpt><trkpt lat="-27.004916666666666" lon="-48.60332166666667"><ele>16.900000000000002</ele></trkpt><trkpt lat="-27.004916666666666" lon="-48.60332166666667"><ele>16.900000000000002</ele></trkpt><trkpt lat="-27.004916666666666" lon="-48.60332166666667"><ele>16.900000000000002</ele></trkpt><trkpt lat="-27.004914999999997" lon="-48.60332333333334"><ele>16.8</ele></trkpt><trkpt lat="-27.004920000000002" lon="-48.603320000000004"><ele>17.3</ele></trkpt><trkpt lat="-27.004916666666666" lon="-48.603320000000004"><ele>17.6</ele></trkpt><trkpt lat="-27.004923333333334" lon="-48.603320000000004"><ele>17.700000000000003</ele></trkpt><trkpt lat="-27.004923333333334" lon="-48.603320000000004"><ele>17.700000000000003</ele></trkpt><trkpt lat="-27.004923333333334" lon="-48.603320000000004"><ele>17.700000000000003</ele></trkpt><trkpt lat="-27.004923333333334" lon="-48.603320000000004"><ele>17.700000000000003</ele></trkpt><trkpt lat="-27.004923333333334" lon="-48.603320000000004"><ele>17.700000000000003</ele></trkpt><trkpt lat="-27.004943333333337" lon="-48.603341666666665"><ele>18.900000000000002</ele></trkpt><trkpt lat="-27.00494666666667" lon="-48.60334666666666"><ele>19.200000000000003</ele></trkpt><trkpt lat="-27.00494833333333" lon="-48.60335"><ele>19.6</ele></trkpt><trkpt lat="-27.00495" lon="-48.60335499999999"><ele>20</ele></trkpt><trkpt lat="-27.00495" lon="-48.60336333333333"><ele>20.6</ele></trkpt><trkpt lat="-27.00495" lon="-48.60336666666667"><ele>21.400000000000002</ele></trkpt><trkpt lat="-27.004951666666663" lon="-48.60337333333334"><ele>22.200000000000003</ele></trkpt><trkpt lat="-27.004953333333333" lon="-48.60337833333333"><ele>23.1</ele></trkpt><trkpt lat="-27.004959999999997" lon="-48.603384999999996"><ele>26</ele></trkpt><trkpt lat="-27.004965000000002" lon="-48.603390000000005"><ele>25.6</ele></trkpt><trkpt lat="-27.004958333333335" lon="-48.603386666666665"><ele>23</ele></trkpt><trkpt lat="-27.004955000000002" lon="-48.60339333333333"><ele>21.400000000000002</ele></trkpt><trkpt lat="-27.00494833333333" lon="-48.603395"><ele>20.200000000000003</ele></trkpt><trkpt lat="-27.004943333333337" lon="-48.60339833333334"><ele>19.900000000000002</ele></trkpt><trkpt lat="-27.00494" lon="-48.60339333333333"><ele>19.5</ele></trkpt><trkpt lat="-27.004931666666668" lon="-48.60339166666666"><ele>19.3</ele></trkpt><trkpt lat="-27.004931666666668" lon="-48.60339166666666"><ele>19.3</ele></trkpt><trkpt lat="-27.00493333333333" lon="-48.60339999999999"><ele>19.1</ele></trkpt><trkpt lat="-27.004935" lon="-48.60340333333333"><ele>19</ele></trkpt><trkpt lat="-27.004935" lon="-48.60341166666667"><ele>18.700000000000003</ele></trkpt><trkpt lat="-27.004935" lon="-48.60341166666667"><ele>18.5</ele></trkpt><trkpt lat="-27.004935" lon="-48.60341166666667"><ele>18.5</ele></trkpt><trkpt lat="-27.004935" lon="-48.60341166666667"><ele>18.5</ele></trkpt><trkpt lat="-27.004935" lon="-48.60341166666667"><ele>18.5</ele></trkpt><trkpt lat="-27.004935" lon="-48.60341166666667"><ele>18.5</ele></trkpt><trkpt lat="-27.004935" lon="-48.60341166666667"><ele>18.5</ele></trkpt><trkpt lat="-27.004935" lon="-48.60341166666667"><ele>18.5</ele></trkpt><trkpt lat="-27.00490333333333" lon="-48.603410000000004"><ele>15.7</ele></trkpt><trkpt lat="-27.00490333333333" lon="-48.603410000000004"><ele>15.7</ele></trkpt><trkpt lat="-27.004905" lon="-48.60341666666667"><ele>15.4</ele></trkpt><trkpt lat="-27.004908333333333" lon="-48.603415"><ele>15.2</ele></trkpt><trkpt lat="-27.004913333333334" lon="-48.60341666666667"><ele>15.1</ele></trkpt><trkpt lat="-27.004920000000002" lon="-48.603410000000004"><ele>15.2</ele></trkpt><trkpt lat="-27.004926666666666" lon="-48.60340333333333"><ele>15.1</ele></trkpt><trkpt lat="-27.004928333333336" lon="-48.60340166666666"><ele>15.1</ele></trkpt><trkpt lat="-27.004931666666668" lon="-48.60339166666666"><ele>15.2</ele></trkpt><trkpt lat="-27.00493333333333" lon="-48.603384999999996"><ele>14.799999999999999</ele></trkpt><trkpt lat="-27.004928333333336" lon="-48.60337166666667"><ele>14.6</ele></trkpt><trkpt lat="-27.00492166666667" lon="-48.603365000000004"><ele>14.1</ele></trkpt><trkpt lat="-27.00491833333333" lon="-48.60336"><ele>13.799999999999999</ele></trkpt><trkpt lat="-27.004916666666666" lon="-48.60335499999999"><ele>13.6</ele></trkpt><trkpt lat="-27.004914999999997" lon="-48.60335"><ele>13.7</ele></trkpt><trkpt lat="-27.004911666666665" lon="-48.603345000000004"><ele>13.9</ele></trkpt><trkpt lat="-27.004911666666665" lon="-48.603341666666665"><ele>14.299999999999999</ele></trkpt><trkpt lat="-27.004910000000002" lon="-48.603339999999996"><ele>14.6</ele></trkpt><trkpt lat="-27.00490666666667" lon="-48.603339999999996"><ele>14.5</ele></trkpt><trkpt lat="-27.00490333333333" lon="-48.603343333333335"><ele>14.4</ele></trkpt><trkpt lat="-27.00490166666667" lon="-48.60334666666666"><ele>14.4</ele></trkpt><trkpt lat="-27.004898333333337" lon="-48.603345000000004"><ele>14.2</ele></trkpt><trkpt lat="-27.004898333333337" lon="-48.603345000000004"><ele>14.2</ele></trkpt><trkpt lat="-27.004898333333337" lon="-48.603345000000004"><ele>14.2</ele></trkpt><trkpt lat="-27.004898333333337" lon="-48.603345000000004"><ele>14.2</ele></trkpt><trkpt lat="-27.004898333333337" lon="-48.603345000000004"><ele>14.2</ele></trkpt><trkpt lat="-27.004898333333337" lon="-48.603345000000004"><ele>14.2</ele></trkpt><trkpt lat="-27.004898333333337" lon="-48.603345000000004"><ele>14.2</ele></trkpt><trkpt lat="-27.004898333333337" lon="-48.603345000000004"><ele>14.2</ele></trkpt><trkpt lat="-27.004898333333337" lon="-48.603345000000004"><ele>14.2</ele></trkpt><trkpt lat="-27.004898333333337" lon="-48.603345000000004"><ele>14.2</ele></trkpt><trkpt lat="-27.004898333333337" lon="-48.603345000000004"><ele>14.2</ele></trkpt><trkpt lat="-27.004898333333337" lon="-48.603345000000004"><ele>14.2</ele></trkpt><trkpt lat="-27.004898333333337" lon="-48.603345000000004"><ele>14.2</ele></trkpt><trkpt lat="-27.004898333333337" lon="-48.603345000000004"><ele>14.2</ele></trkpt><trkpt lat="-27.004929999999998" lon="-48.60336166666666"><ele>15.299999999999999</ele></trkpt><trkpt lat="-27.004923333333334" lon="-48.60337"><ele>16.2</ele></trkpt><trkpt lat="-27.004916666666666" lon="-48.60336833333334"><ele>17</ele></trkpt><trkpt lat="-27.00492166666667" lon="-48.60337333333334"><ele>16.8</ele></trkpt><trkpt lat="-27.004926666666666" lon="-48.603384999999996"><ele>15.5</ele></trkpt><trkpt lat="-27.00493833333333" lon="-48.603390000000005"><ele>14.9</ele></trkpt><trkpt lat="-27.00494666666667" lon="-48.60339666666667"><ele>14.799999999999999</ele></trkpt><trkpt lat="-27.004955000000002" lon="-48.60339833333334"><ele>15.1</ele></trkpt><trkpt lat="-27.004965000000002" lon="-48.60340833333333"><ele>14.7</ele></trkpt><trkpt lat="-27.004974999999998" lon="-48.603415"><ele>14.9</ele></trkpt><trkpt lat="-27.004983333333332" lon="-48.60342166666666"><ele>14.7</ele></trkpt><trkpt lat="-27.00499" lon="-48.603425"><ele>14.4</ele></trkpt><trkpt lat="-27.005000000000003" lon="-48.603429999999996"><ele>14.1</ele></trkpt><trkpt lat="-27.005004999999997" lon="-48.603433333333335"><ele>13.799999999999999</ele></trkpt><trkpt lat="-27.00500833333333" lon="-48.60343666666666"><ele>13.9</ele></trkpt><trkpt lat="-27.005010000000002" lon="-48.60344"><ele>13.9</ele></trkpt><trkpt lat="-27.005015000000004" lon="-48.60344666666666"><ele>14.299999999999999</ele></trkpt><trkpt lat="-27.005013333333334" lon="-48.60345"><ele>14.7</ele></trkpt><trkpt lat="-27.005011666666665" lon="-48.60345166666666"><ele>14.9</ele></trkpt><trkpt lat="-27.005011666666665" lon="-48.60346166666667"><ele>15.2</ele></trkpt><trkpt lat="-27.00502" lon="-48.603476666666666"><ele>15.1</ele></trkpt><trkpt lat="-27.005016666666666" lon="-48.603485"><ele>15</ele></trkpt><trkpt lat="-27.005010000000002" lon="-48.603495"><ele>15.1</ele></trkpt><trkpt lat="-27.004998333333333" lon="-48.60350333333334"><ele>14.799999999999999</ele></trkpt><trkpt lat="-27.004995" lon="-48.60351333333333"><ele>14.5</ele></trkpt><trkpt lat="-27.005000000000003" lon="-48.603523333333335"><ele>13.7</ele></trkpt><trkpt lat="-27.005001666666665" lon="-48.60353666666666"><ele>13.4</ele></trkpt><trkpt lat="-27.00500833333333" lon="-48.603546666666674"><ele>12.9</ele></trkpt><trkpt lat="-27.005011666666665" lon="-48.60355833333333"><ele>12.4</ele></trkpt><trkpt lat="-27.005013333333334" lon="-48.60357166666666"><ele>11.6</ele></trkpt><trkpt lat="-27.005004999999997" lon="-48.60358166666666"><ele>11.7</ele></trkpt><trkpt lat="-27.005001666666665" lon="-48.603595"><ele>10.299999999999999</ele></trkpt><trkpt lat="-27.004995" lon="-48.60360333333333"><ele>9.7</ele></trkpt><trkpt lat="-27.00499" lon="-48.603609999999996"><ele>9.3</ele></trkpt><trkpt lat="-27.004988333333337" lon="-48.603613333333335"><ele>8.7</ele></trkpt><trkpt lat="-27.00499333333333" lon="-48.60363"><ele>8.7</ele></trkpt><trkpt lat="-27.005003333333335" lon="-48.60364"><ele>8.3</ele></trkpt><trkpt lat="-27.005010000000002" lon="-48.60365"><ele>8.1</ele></trkpt><trkpt lat="-27.005016666666666" lon="-48.60366166666666"><ele>7.800000000000001</ele></trkpt><trkpt lat="-27.005025" lon="-48.60367666666666"><ele>7.5</ele></trkpt><trkpt lat="-27.00503666666667" lon="-48.603699999999996"><ele>7.5</ele></trkpt><trkpt lat="-27.005046666666665" lon="-48.60372166666666"><ele>7.4</ele></trkpt><trkpt lat="-27.005056666666665" lon="-48.60374166666667"><ele>7.1</ele></trkpt><trkpt lat="-27.005063333333336" lon="-48.603755"><ele>6.800000000000001</ele></trkpt><trkpt lat="-27.00506833333333" lon="-48.60377333333333"><ele>6.4</ele></trkpt><trkpt lat="-27.005066666666668" lon="-48.603791666666666"><ele>6.4</ele></trkpt><trkpt lat="-27.005078333333337" lon="-48.60380166666667"><ele>5.800000000000001</ele></trkpt><trkpt lat="-27.005093333333335" lon="-48.60381166666666"><ele>4.7</ele></trkpt><trkpt lat="-27.005100000000002" lon="-48.603815000000004"><ele>4.300000000000001</ele></trkpt><trkpt lat="-27.005096666666667" lon="-48.60383166666667"><ele>4.2</ele></trkpt><trkpt lat="-27.005090000000003" lon="-48.603849999999994"><ele>4.5</ele></trkpt><trkpt lat="-27.005088333333333" lon="-48.60386666666667"><ele>5</ele></trkpt><trkpt lat="-27.005085" lon="-48.60387333333333"><ele>5.1</ele></trkpt><trkpt lat="-27.005078333333337" lon="-48.60387666666667"><ele>5.6</ele></trkpt><trkpt lat="-27.005073333333332" lon="-48.60387666666667"><ele>5.800000000000001</ele></trkpt><trkpt lat="-27.00506833333333" lon="-48.603875"><ele>5.699999999999999</ele></trkpt><trkpt lat="-27.005065" lon="-48.60387333333333"><ele>5.300000000000001</ele></trkpt><trkpt lat="-27.005063333333336" lon="-48.60387333333333"><ele>4.9</ele></trkpt><trkpt lat="-27.005061666666666" lon="-48.603875"><ele>4.7</ele></trkpt><trkpt lat="-27.005056666666665" lon="-48.60387666666667"><ele>4.6</ele></trkpt><trkpt lat="-27.00505333333333" lon="-48.60387833333333"><ele>4.6</ele></trkpt><trkpt lat="-27.00505333333333" lon="-48.60387833333333"><ele>4.6</ele></trkpt><trkpt lat="-27.00505333333333" lon="-48.60387833333333"><ele>4.6</ele></trkpt><trkpt lat="-27.00505333333333" lon="-48.60387833333333"><ele>4.6</ele></trkpt><trkpt lat="-27.00505333333333" lon="-48.60387833333333"><ele>4.6</ele></trkpt><trkpt lat="-27.00505333333333" lon="-48.60387833333333"><ele>4.6</ele></trkpt><trkpt lat="-27.00505333333333" lon="-48.60387833333333"><ele>4.6</ele></trkpt><trkpt lat="-27.00505333333333" lon="-48.60387833333333"><ele>4.6</ele></trkpt><trkpt lat="-27.00505333333333" lon="-48.60387833333333"><ele>4.6</ele></trkpt><trkpt lat="-27.00505333333333" lon="-48.60387833333333"><ele>4.6</ele></trkpt><trkpt lat="-27.00505333333333" lon="-48.60387833333333"><ele>4.6</ele></trkpt><trkpt lat="-27.00505333333333" lon="-48.60387833333333"><ele>4.6</ele></trkpt><trkpt lat="-27.00505333333333" lon="-48.60387833333333"><ele>4.6</ele></trkpt><trkpt lat="-27.00505333333333" lon="-48.60387833333333"><ele>4.6</ele></trkpt><trkpt lat="-27.00505333333333" lon="-48.60387833333333"><ele>4.6</ele></trkpt><trkpt lat="-27.00505333333333" lon="-48.60387833333333"><ele>4.6</ele></trkpt><trkpt lat="-27.00505333333333" lon="-48.60387833333333"><ele>4.6</ele></trkpt><trkpt lat="-27.00505333333333" lon="-48.60387833333333"><ele>4.6</ele></trkpt><trkpt lat="-27.00505333333333" lon="-48.60387833333333"><ele>4.6</ele></trkpt><trkpt lat="-27.00505333333333" lon="-48.60387833333333"><ele>4.6</ele></trkpt><trkpt lat="-27.00505333333333" lon="-48.60387833333333"><ele>4.6</ele></trkpt><trkpt lat="-27.00505333333333" lon="-48.60387833333333"><ele>4.6</ele></trkpt><trkpt lat="-27.00505333333333" lon="-48.60387833333333"><ele>4.6</ele></trkpt><trkpt lat="-27.00505333333333" lon="-48.60387833333333"><ele>4.6</ele></trkpt><trkpt lat="-27.00505333333333" lon="-48.60387833333333"><ele>4.6</ele></trkpt><trkpt lat="-27.00505333333333" lon="-48.60387833333333"><ele>4.6</ele></trkpt><trkpt lat="-27.00505333333333" lon="-48.60387833333333"><ele>4.6</ele></trkpt><trkpt lat="-27.00505333333333" lon="-48.60387833333333"><ele>4.6</ele></trkpt><trkpt lat="-27.00505333333333" lon="-48.60387833333333"><ele>4.6</ele></trkpt><trkpt lat="-27.00505333333333" lon="-48.60387833333333"><ele>4.6</ele></trkpt><trkpt lat="-27.00505333333333" lon="-48.60387833333333"><ele>4.6</ele></trkpt><trkpt lat="-27.00505333333333" lon="-48.60387833333333"><ele>4.6</ele></trkpt><trkpt lat="-27.00505333333333" lon="-48.60387833333333"><ele>4.6</ele></trkpt><trkpt lat="-27.00505333333333" lon="-48.60387833333333"><ele>4.6</ele></trkpt><trkpt lat="-27.00505333333333" lon="-48.60387833333333"><ele>4.6</ele></trkpt><trkpt lat="-27.00505333333333" lon="-48.60387833333333"><ele>4.6</ele></trkpt><trkpt lat="-27.00505333333333" lon="-48.60387833333333"><ele>4.6</ele></trkpt><trkpt lat="-27.00505333333333" lon="-48.60387833333333"><ele>4.6</ele></trkpt><trkpt lat="-27.00505333333333" lon="-48.60387833333333"><ele>4.6</ele></trkpt><trkpt lat="-27.00505333333333" lon="-48.60387833333333"><ele>4.6</ele></trkpt><trkpt lat="-27.00505333333333" lon="-48.60387833333333"><ele>4.6</ele></trkpt><trkpt lat="-27.00505333333333" lon="-48.60387833333333"><ele>4.6</ele></trkpt><trkpt lat="-27.00505333333333" lon="-48.60387833333333"><ele>4.6</ele></trkpt><trkpt lat="-27.00505333333333" lon="-48.60387833333333"><ele>4.6</ele></trkpt><trkpt lat="-27.00505333333333" lon="-48.60387833333333"><ele>4.6</ele></trkpt><trkpt lat="-27.00505333333333" lon="-48.60387833333333"><ele>4.6</ele></trkpt><trkpt lat="-27.00505333333333" lon="-48.60387833333333"><ele>4.6</ele></trkpt><trkpt lat="-27.00512666666667" lon="-48.603938333333325"><ele>7.6</ele></trkpt><trkpt lat="-27.00512666666667" lon="-48.60394833333333"><ele>7.800000000000001</ele></trkpt><trkpt lat="-27.00513" lon="-48.60396000000001"><ele>7.800000000000001</ele></trkpt><trkpt lat="-27.005136666666665" lon="-48.603971666666666"><ele>7.800000000000001</ele></trkpt><trkpt lat="-27.00514333333333" lon="-48.60399333333333"><ele>7.800000000000001</ele></trkpt><trkpt lat="-27.005153333333336" lon="-48.604016666666666"><ele>7.9</ele></trkpt><trkpt lat="-27.005166666666664" lon="-48.60404333333333"><ele>7.9</ele></trkpt><trkpt lat="-27.005180000000003" lon="-48.604073333333325"><ele>7.699999999999999</ele></trkpt><trkpt lat="-27.005193333333334" lon="-48.60410666666667"><ele>8</ele></trkpt><trkpt lat="-27.005206666666663" lon="-48.60414166666666"><ele>8.5</ele></trkpt><trkpt lat="-27.00521666666667" lon="-48.604168333333334"><ele>8.7</ele></trkpt><trkpt lat="-27.005226666666665" lon="-48.604198333333336"><ele>9.7</ele></trkpt><trkpt lat="-27.005240000000004" lon="-48.60422833333334"><ele>10</ele></trkpt><trkpt lat="-27.005255000000002" lon="-48.60426166666666"><ele>10.4</ele></trkpt><trkpt lat="-27.005270000000003" lon="-48.60429166666666"><ele>11.2</ele></trkpt><trkpt lat="-27.005285000000004" lon="-48.604325"><ele>11.4</ele></trkpt><trkpt lat="-27.005301666666664" lon="-48.60435833333333"><ele>11.7</ele></trkpt><trkpt lat="-27.005313333333334" lon="-48.60438666666667"><ele>11.6</ele></trkpt><trkpt lat="-27.005330000000004" lon="-48.60441333333333"><ele>12.7</ele></trkpt><trkpt lat="-27.005346666666664" lon="-48.604436666666665"><ele>12.6</ele></trkpt><trkpt lat="-27.005361666666666" lon="-48.604456666666664"><ele>12.5</ele></trkpt><trkpt lat="-27.005378333333336" lon="-48.604483333333334"><ele>13.7</ele></trkpt><trkpt lat="-27.005388333333332" lon="-48.60451166666667"><ele>14.1</ele></trkpt><trkpt lat="-27.0054" lon="-48.604536666666675"><ele>14.1</ele></trkpt><trkpt lat="-27.005409999999998" lon="-48.60456333333333"><ele>14.6</ele></trkpt><trkpt lat="-27.005416666666665" lon="-48.60459833333333"><ele>14.5</ele></trkpt><trkpt lat="-27.005421666666667" lon="-48.60463"><ele>14.4</ele></trkpt><trkpt lat="-27.005435000000002" lon="-48.604663333333335"><ele>13</ele></trkpt><trkpt lat="-27.005445" lon="-48.60469166666667"><ele>11.2</ele></trkpt><trkpt lat="-27.005460000000003" lon="-48.604728333333334"><ele>8.4</ele></trkpt><trkpt lat="-27.005465000000004" lon="-48.604745"><ele>6.800000000000001</ele></trkpt><trkpt lat="-27.00545833333333" lon="-48.604753333333335"><ele>6.4</ele></trkpt><trkpt lat="-27.00545833333333" lon="-48.604761666666676"><ele>5.699999999999999</ele></trkpt><trkpt lat="-27.005454999999998" lon="-48.604761666666676"><ele>4.9</ele></trkpt><trkpt lat="-27.005448333333334" lon="-48.60476833333334"><ele>4.2</ele></trkpt><trkpt lat="-27.005443333333332" lon="-48.60477666666667"><ele>4.5</ele></trkpt><trkpt lat="-27.005445" lon="-48.604775000000004"><ele>4.300000000000001</ele></trkpt><trkpt lat="-27.005446666666664" lon="-48.60477666666667"><ele>4.4</ele></trkpt><trkpt lat="-27.005448333333334" lon="-48.60477833333333"><ele>4.6</ele></trkpt><trkpt lat="-27.005448333333334" lon="-48.60478"><ele>4.800000000000001</ele></trkpt><trkpt lat="-27.005448333333334" lon="-48.60477833333333"><ele>4.5</ele></trkpt><trkpt lat="-27.005450000000003" lon="-48.60477833333333"><ele>4.4</ele></trkpt><trkpt lat="-27.005450000000003" lon="-48.60477833333333"><ele>4.4</ele></trkpt><trkpt lat="-27.005450000000003" lon="-48.60477833333333"><ele>4.4</ele></trkpt><trkpt lat="-27.005450000000003" lon="-48.60477833333333"><ele>4.4</ele></trkpt><trkpt lat="-27.005450000000003" lon="-48.60477833333333"><ele>4.4</ele></trkpt><trkpt lat="-27.005450000000003" lon="-48.60477833333333"><ele>4.4</ele></trkpt><trkpt lat="-27.005450000000003" lon="-48.60477833333333"><ele>4.4</ele></trkpt><trkpt lat="-27.005450000000003" lon="-48.60477833333333"><ele>4.4</ele></trkpt><trkpt lat="-27.005450000000003" lon="-48.60477833333333"><ele>4.4</ele></trkpt><trkpt lat="-27.005450000000003" lon="-48.60477833333333"><ele>4.4</ele></trkpt><trkpt lat="-27.005450000000003" lon="-48.60477833333333"><ele>4.4</ele></trkpt><trkpt lat="-27.005450000000003" lon="-48.60477833333333"><ele>4.4</ele></trkpt><trkpt lat="-27.005450000000003" lon="-48.60477833333333"><ele>4.4</ele></trkpt><trkpt lat="-27.005450000000003" lon="-48.60477833333333"><ele>4.4</ele></trkpt><trkpt lat="-27.005450000000003" lon="-48.60477833333333"><ele>4.4</ele></trkpt><trkpt lat="-27.005450000000003" lon="-48.60477833333333"><ele>4.4</ele></trkpt><trkpt lat="-27.005450000000003" lon="-48.60477833333333"><ele>4.4</ele></trkpt><trkpt lat="-27.005450000000003" lon="-48.60477833333333"><ele>4.4</ele></trkpt><trkpt lat="-27.005450000000003" lon="-48.60477833333333"><ele>4.4</ele></trkpt><trkpt lat="-27.005450000000003" lon="-48.60477833333333"><ele>4.4</ele></trkpt><trkpt lat="-27.00543" lon="-48.60475499999999"><ele>4.4</ele></trkpt><trkpt lat="-27.00543" lon="-48.604749999999996"><ele>4.5</ele></trkpt><trkpt lat="-27.00542833333333" lon="-48.604745"><ele>4.5</ele></trkpt><trkpt lat="-27.005425" lon="-48.60473999999999"><ele>4.4</ele></trkpt><trkpt lat="-27.005425" lon="-48.60473999999999"><ele>4.4</ele></trkpt><trkpt lat="-27.005425" lon="-48.60473999999999"><ele>4.4</ele></trkpt><trkpt lat="-27.005425" lon="-48.60473999999999"><ele>4.4</ele></trkpt><trkpt lat="-27.005425" lon="-48.60473999999999"><ele>4.4</ele></trkpt><trkpt lat="-27.005425" lon="-48.60473999999999"><ele>4.4</ele></trkpt><trkpt lat="-27.005425" lon="-48.60473999999999"><ele>4.4</ele></trkpt><trkpt lat="-27.005425" lon="-48.60473999999999"><ele>4.4</ele></trkpt><trkpt lat="-27.005425" lon="-48.60473999999999"><ele>4.4</ele></trkpt><trkpt lat="-27.005425" lon="-48.60473999999999"><ele>4.4</ele></trkpt><trkpt lat="-27.005425" lon="-48.60473999999999"><ele>4.4</ele></trkpt><trkpt lat="-27.005425" lon="-48.60473999999999"><ele>4.4</ele></trkpt><trkpt lat="-27.005425" lon="-48.60473999999999"><ele>4.4</ele></trkpt><trkpt lat="-27.005425" lon="-48.60473999999999"><ele>4.4</ele></trkpt><trkpt lat="-27.005425" lon="-48.60473999999999"><ele>4.4</ele></trkpt><trkpt lat="-27.005425" lon="-48.60473999999999"><ele>4.4</ele></trkpt><trkpt lat="-27.005425" lon="-48.60473999999999"><ele>4.4</ele></trkpt><trkpt lat="-27.005425" lon="-48.60473999999999"><ele>4.4</ele></trkpt><trkpt lat="-27.005425" lon="-48.60473999999999"><ele>4.4</ele></trkpt><trkpt lat="-27.005425" lon="-48.60473999999999"><ele>4.4</ele></trkpt><trkpt lat="-27.005425" lon="-48.60473999999999"><ele>4.4</ele></trkpt><trkpt lat="-27.005425" lon="-48.60473999999999"><ele>4.4</ele></trkpt><trkpt lat="-27.005425" lon="-48.60473999999999"><ele>4.4</ele></trkpt><trkpt lat="-27.005425" lon="-48.60473999999999"><ele>4.4</ele></trkpt><trkpt lat="-27.005425" lon="-48.60473999999999"><ele>4.4</ele></trkpt><trkpt lat="-27.005425" lon="-48.60473999999999"><ele>4.4</ele></trkpt><trkpt lat="-27.005425" lon="-48.60473999999999"><ele>4.4</ele></trkpt><trkpt lat="-27.005425" lon="-48.60473999999999"><ele>4.4</ele></trkpt><trkpt lat="-27.005425" lon="-48.60473999999999"><ele>4.4</ele></trkpt><trkpt lat="-27.005425" lon="-48.60473999999999"><ele>4.4</ele></trkpt><trkpt lat="-27.005425" lon="-48.60473999999999"><ele>4.4</ele></trkpt><trkpt lat="-27.005425" lon="-48.60473999999999"><ele>4.4</ele></trkpt><trkpt lat="-27.005425" lon="-48.60473999999999"><ele>4.4</ele></trkpt><trkpt lat="-27.005425" lon="-48.60473999999999"><ele>4.4</ele></trkpt><trkpt lat="-27.005425" lon="-48.60473999999999"><ele>4.4</ele></trkpt><trkpt lat="-27.005425" lon="-48.60473999999999"><ele>4.4</ele></trkpt><trkpt lat="-27.005425" lon="-48.60473999999999"><ele>4.4</ele></trkpt><trkpt lat="-27.005425" lon="-48.60473999999999"><ele>4.4</ele></trkpt><trkpt lat="-27.005425" lon="-48.60473999999999"><ele>4.4</ele></trkpt><trkpt lat="-27.005425" lon="-48.60473999999999"><ele>4.4</ele></trkpt><trkpt lat="-27.005425" lon="-48.60473999999999"><ele>4.4</ele></trkpt><trkpt lat="-27.005425" lon="-48.60473999999999"><ele>4.4</ele></trkpt><trkpt lat="-27.005425" lon="-48.60473999999999"><ele>4.4</ele></trkpt><trkpt lat="-27.005425" lon="-48.60473999999999"><ele>4.4</ele></trkpt><trkpt lat="-27.005425" lon="-48.60473999999999"><ele>4.4</ele></trkpt><trkpt lat="-27.005425" lon="-48.60473999999999"><ele>4.4</ele></trkpt><trkpt lat="-27.005425" lon="-48.60473999999999"><ele>4.4</ele></trkpt><trkpt lat="-27.005425" lon="-48.60473999999999"><ele>4.4</ele></trkpt><trkpt lat="-27.005425" lon="-48.60473999999999"><ele>4.4</ele></trkpt><trkpt lat="-27.005425" lon="-48.60473999999999"><ele>4.4</ele></trkpt><trkpt lat="-27.005425" lon="-48.60473999999999"><ele>4.4</ele></trkpt><trkpt lat="-27.005425" lon="-48.60473999999999"><ele>4.4</ele></trkpt><trkpt lat="-27.005425" lon="-48.60473999999999"><ele>4.4</ele></trkpt><trkpt lat="-27.005425" lon="-48.60473999999999"><ele>4.4</ele></trkpt><trkpt lat="-27.005425" lon="-48.60473999999999"><ele>4.4</ele></trkpt><trkpt lat="-27.005425" lon="-48.60473999999999"><ele>4.4</ele></trkpt><trkpt lat="-27.005425" lon="-48.60473999999999"><ele>4.4</ele></trkpt><trkpt lat="-27.005425" lon="-48.60473999999999"><ele>4.4</ele></trkpt><trkpt lat="-27.005425" lon="-48.60473999999999"><ele>4.4</ele></trkpt><trkpt lat="-27.005425" lon="-48.60473999999999"><ele>4.4</ele></trkpt><trkpt lat="-27.005425" lon="-48.60473999999999"><ele>4.4</ele></trkpt><trkpt lat="-27.005425" lon="-48.60473999999999"><ele>4.4</ele></trkpt><trkpt lat="-27.005425" lon="-48.60473999999999"><ele>4.4</ele></trkpt><trkpt lat="-27.005425" lon="-48.60473999999999"><ele>4.4</ele></trkpt><trkpt lat="-27.005425" lon="-48.60473999999999"><ele>4.4</ele></trkpt><trkpt lat="-27.005425" lon="-48.60473999999999"><ele>4.4</ele></trkpt><trkpt lat="-27.005425" lon="-48.60473999999999"><ele>4.4</ele></trkpt><trkpt lat="-27.005425" lon="-48.60473999999999"><ele>4.4</ele></trkpt><trkpt lat="-27.005425" lon="-48.60473999999999"><ele>4.4</ele></trkpt><trkpt lat="-27.005425" lon="-48.60473999999999"><ele>4.4</ele></trkpt><trkpt lat="-27.005425" lon="-48.60473999999999"><ele>4.4</ele></trkpt><trkpt lat="-27.005425" lon="-48.60473999999999"><ele>4.4</ele></trkpt><trkpt lat="-27.005425" lon="-48.60473999999999"><ele>4.4</ele></trkpt><trkpt lat="-27.005425" lon="-48.60473999999999"><ele>4.4</ele></trkpt><trkpt lat="-27.005425" lon="-48.60473999999999"><ele>4.4</ele></trkpt><trkpt lat="-27.005425" lon="-48.60473999999999"><ele>4.4</ele></trkpt><trkpt lat="-27.005425" lon="-48.60473999999999"><ele>4.4</ele></trkpt><trkpt lat="-27.005425" lon="-48.60473999999999"><ele>4.4</ele></trkpt><trkpt lat="-27.005425" lon="-48.60473999999999"><ele>4.4</ele></trkpt><trkpt lat="-27.005425" lon="-48.60473999999999"><ele>4.4</ele></trkpt><trkpt lat="-27.005425" lon="-48.60473999999999"><ele>4.4</ele></trkpt><trkpt lat="-27.005425" lon="-48.60473999999999"><ele>4.4</ele></trkpt><trkpt lat="-27.005425" lon="-48.60473999999999"><ele>4.4</ele></trkpt><trkpt lat="-27.005425" lon="-48.60473999999999"><ele>4.4</ele></trkpt><trkpt lat="-27.005425" lon="-48.60473999999999"><ele>4.4</ele></trkpt><trkpt lat="-27.005425" lon="-48.60473999999999"><ele>4.4</ele></trkpt><trkpt lat="-27.005425" lon="-48.60473999999999"><ele>4.4</ele></trkpt><trkpt lat="-27.005425" lon="-48.60473999999999"><ele>4.4</ele></trkpt><trkpt lat="-27.005425" lon="-48.60473999999999"><ele>4.4</ele></trkpt><trkpt lat="-27.005425" lon="-48.60473999999999"><ele>4.4</ele></trkpt><trkpt lat="-27.005425" lon="-48.60473999999999"><ele>4.4</ele></trkpt><trkpt lat="-27.005425" lon="-48.60473999999999"><ele>4.4</ele></trkpt><trkpt lat="-27.005425" lon="-48.60473999999999"><ele>4.4</ele></trkpt><trkpt lat="-27.00547166666667" lon="-48.60473666666667"><ele>3.9</ele></trkpt><trkpt lat="-27.005481666666665" lon="-48.60473999999999"><ele>4</ele></trkpt><trkpt lat="-27.005483333333338" lon="-48.604745"><ele>4.2</ele></trkpt><trkpt lat="-27.005483333333338" lon="-48.604751666666665"><ele>4.6</ele></trkpt><trkpt lat="-27.005485" lon="-48.604753333333335"><ele>4.6</ele></trkpt><trkpt lat="-27.005483333333338" lon="-48.60475499999999"><ele>4.7</ele></trkpt><trkpt lat="-27.005483333333338" lon="-48.60475499999999"><ele>4.7</ele></trkpt><trkpt lat="-27.005483333333338" lon="-48.60475499999999"><ele>4.7</ele></trkpt><trkpt lat="-27.005483333333338" lon="-48.60475499999999"><ele>4.7</ele></trkpt><trkpt lat="-27.005475" lon="-48.60473999999999"><ele>4.6</ele></trkpt><trkpt lat="-27.005475" lon="-48.604735"><ele>4.5</ele></trkpt><trkpt lat="-27.005476666666663" lon="-48.604735"><ele>4.5</ele></trkpt><trkpt lat="-27.005479999999995" lon="-48.60473166666667"><ele>4.2</ele></trkpt><trkpt lat="-27.005481666666665" lon="-48.60473166666667"><ele>4.2</ele></trkpt><trkpt lat="-27.005481666666665" lon="-48.60473166666667"><ele>4.2</ele></trkpt><trkpt lat="-27.005481666666665" lon="-48.60473166666667"><ele>4.2</ele></trkpt><trkpt lat="-27.005481666666665" lon="-48.60473166666667"><ele>4.2</ele></trkpt><trkpt lat="-27.005481666666665" lon="-48.60473166666667"><ele>4.2</ele></trkpt><trkpt lat="-27.005481666666665" lon="-48.60473166666667"><ele>4.2</ele></trkpt><trkpt lat="-27.005481666666665" lon="-48.60473166666667"><ele>4.2</ele></trkpt><trkpt lat="-27.005481666666665" lon="-48.60473166666667"><ele>4.2</ele></trkpt><trkpt lat="-27.005481666666665" lon="-48.60473166666667"><ele>4.2</ele></trkpt><trkpt lat="-27.005481666666665" lon="-48.60473166666667"><ele>4.2</ele></trkpt><trkpt lat="-27.005481666666665" lon="-48.60473166666667"><ele>4.2</ele></trkpt><trkpt lat="-27.005481666666665" lon="-48.60473166666667"><ele>4.2</ele></trkpt><trkpt lat="-27.005481666666665" lon="-48.60473166666667"><ele>4.2</ele></trkpt><trkpt lat="-27.005481666666665" lon="-48.60473166666667"><ele>4.2</ele></trkpt><trkpt lat="-27.005481666666665" lon="-48.60473166666667"><ele>4.2</ele></trkpt><trkpt lat="-27.005481666666665" lon="-48.60473166666667"><ele>4.2</ele></trkpt><trkpt lat="-27.005481666666665" lon="-48.60473166666667"><ele>4.2</ele></trkpt><trkpt lat="-27.005481666666665" lon="-48.60473166666667"><ele>4.2</ele></trkpt><trkpt lat="-27.005481666666665" lon="-48.60473166666667"><ele>4.2</ele></trkpt><trkpt lat="-27.005481666666665" lon="-48.60473166666667"><ele>4.2</ele></trkpt><trkpt lat="-27.005481666666665" lon="-48.60473166666667"><ele>4.2</ele></trkpt><trkpt lat="-27.005481666666665" lon="-48.60473166666667"><ele>4.2</ele></trkpt><trkpt lat="-27.005481666666665" lon="-48.60473166666667"><ele>4.2</ele></trkpt><trkpt lat="-27.005481666666665" lon="-48.60473166666667"><ele>4.2</ele></trkpt><trkpt lat="-27.005481666666665" lon="-48.60473166666667"><ele>4.2</ele></trkpt><trkpt lat="-27.005481666666665" lon="-48.60473166666667"><ele>4.2</ele></trkpt><trkpt lat="-27.005481666666665" lon="-48.60473166666667"><ele>4.2</ele></trkpt><trkpt lat="-27.005481666666665" lon="-48.60473166666667"><ele>4.2</ele></trkpt><trkpt lat="-27.005481666666665" lon="-48.60473166666667"><ele>4.2</ele></trkpt><trkpt lat="-27.005481666666665" lon="-48.60473166666667"><ele>4.2</ele></trkpt><trkpt lat="-27.005481666666665" lon="-48.60473166666667"><ele>4.2</ele></trkpt><trkpt lat="-27.005481666666665" lon="-48.60473166666667"><ele>4.2</ele></trkpt><trkpt lat="-27.005481666666665" lon="-48.60473166666667"><ele>4.2</ele></trkpt><trkpt lat="-27.005481666666665" lon="-48.60473166666667"><ele>4.2</ele></trkpt><trkpt lat="-27.005481666666665" lon="-48.60473166666667"><ele>4.2</ele></trkpt><trkpt lat="-27.005481666666665" lon="-48.60473166666667"><ele>4.2</ele></trkpt><trkpt lat="-27.005481666666665" lon="-48.60473166666667"><ele>4.2</ele></trkpt><trkpt lat="-27.005481666666665" lon="-48.60473166666667"><ele>4.2</ele></trkpt><trkpt lat="-27.005481666666665" lon="-48.60473166666667"><ele>4.2</ele></trkpt><trkpt lat="-27.005481666666665" lon="-48.60473166666667"><ele>4.2</ele></trkpt><trkpt lat="-27.005481666666665" lon="-48.60473166666667"><ele>4.2</ele></trkpt><trkpt lat="-27.005481666666665" lon="-48.60473166666667"><ele>4.2</ele></trkpt><trkpt lat="-27.005481666666665" lon="-48.60473166666667"><ele>4.2</ele></trkpt><trkpt lat="-27.005481666666665" lon="-48.60473166666667"><ele>4.2</ele></trkpt><trkpt lat="-27.005481666666665" lon="-48.60473166666667"><ele>4.2</ele></trkpt><trkpt lat="-27.005481666666665" lon="-48.60473166666667"><ele>4.2</ele></trkpt><trkpt lat="-27.00547" lon="-48.604773333333334"><ele>4.800000000000001</ele></trkpt><trkpt lat="-27.005468333333337" lon="-48.604775000000004"><ele>4.5</ele></trkpt><trkpt lat="-27.005466666666667" lon="-48.60477833333333"><ele>4.2</ele></trkpt><trkpt lat="-27.005461666666665" lon="-48.60478499999999"><ele>4.2</ele></trkpt><trkpt lat="-27.005465000000004" lon="-48.60479"><ele>4.2</ele></trkpt><trkpt lat="-27.005465000000004" lon="-48.60479999999999"><ele>4.1</ele></trkpt><trkpt lat="-27.00547" lon="-48.60480833333333"><ele>4.2</ele></trkpt><trkpt lat="-27.005476666666663" lon="-48.604820000000004"><ele>4.1</ele></trkpt><trkpt lat="-27.005483333333338" lon="-48.60483333333333"><ele>3.9</ele></trkpt><trkpt lat="-27.00549" lon="-48.60484499999999"><ele>3.7</ele></trkpt><trkpt lat="-27.005498333333335" lon="-48.60485833333334"><ele>3.2</ele></trkpt><trkpt lat="-27.005505000000003" lon="-48.60487166666667"><ele>3</ele></trkpt><trkpt lat="-27.005511666666667" lon="-48.604886666666665"><ele>3</ele></trkpt><trkpt lat="-27.005511666666667" lon="-48.60488999999999"><ele>3.1</ele></trkpt><trkpt lat="-27.00551833333333" lon="-48.604896666666676"><ele>3.2</ele></trkpt><trkpt lat="-27.005528333333338" lon="-48.604910000000004"><ele>3.2</ele></trkpt><trkpt lat="-27.005546666666667" lon="-48.60492333333333"><ele>3.3</ele></trkpt><trkpt lat="-27.005568333333333" lon="-48.60493666666666"><ele>3.5</ele></trkpt><trkpt lat="-27.005586666666666" lon="-48.60494666666667"><ele>3.9</ele></trkpt><trkpt lat="-27.005603333333337" lon="-48.604951666666665"><ele>4.1</ele></trkpt><trkpt lat="-27.00562" lon="-48.60495666666667"><ele>4.800000000000001</ele></trkpt><trkpt lat="-27.005640000000003" lon="-48.60496333333334"><ele>5.6</ele></trkpt><trkpt lat="-27.005658333333333" lon="-48.60497166666667"><ele>6.5</ele></trkpt><trkpt lat="-27.005685000000003" lon="-48.60497999999999"><ele>6.800000000000001</ele></trkpt><trkpt lat="-27.00571" lon="-48.60499"><ele>7.1</ele></trkpt><trkpt lat="-27.005731666666666" lon="-48.604996666666665"><ele>7.4</ele></trkpt><trkpt lat="-27.005755" lon="-48.60500333333333"><ele>7.699999999999999</ele></trkpt><trkpt lat="-27.005775000000003" lon="-48.60500999999999"><ele>8</ele></trkpt><trkpt lat="-27.005794999999996" lon="-48.60501666666667"><ele>8.1</ele></trkpt><trkpt lat="-27.005811666666666" lon="-48.605035"><ele>9.799999999999999</ele></trkpt><trkpt lat="-27.00583166666667" lon="-48.605041666666665"><ele>10.2</ele></trkpt><trkpt lat="-27.005851666666665" lon="-48.60505833333333"><ele>11.6</ele></trkpt><trkpt lat="-27.005868333333336" lon="-48.605066666666666"><ele>14.2</ele></trkpt><trkpt lat="-27.00588833333334" lon="-48.60507500000001"><ele>15.799999999999999</ele></trkpt><trkpt lat="-27.005893333333333" lon="-48.60507833333333"><ele>16.3</ele></trkpt><trkpt lat="-27.00587666666667" lon="-48.60508166666667"><ele>17</ele></trkpt><trkpt lat="-27.005856666666666" lon="-48.605086666666665"><ele>18</ele></trkpt><trkpt lat="-27.005835" lon="-48.60508333333334"><ele>18.400000000000002</ele></trkpt><trkpt lat="-27.005805000000002" lon="-48.60507166666666"><ele>18.700000000000003</ele></trkpt><trkpt lat="-27.005776666666666" lon="-48.60506333333333"><ele>18.400000000000002</ele></trkpt><trkpt lat="-27.005746666666663" lon="-48.60506333333333"><ele>18.8</ele></trkpt><trkpt lat="-27.005734999999998" lon="-48.605064999999996"><ele>18.3</ele></trkpt><trkpt lat="-27.005731666666666" lon="-48.60506"><ele>17.5</ele></trkpt><trkpt lat="-27.005733333333335" lon="-48.60505333333334"><ele>17.1</ele></trkpt><trkpt lat="-27.005736666666667" lon="-48.60505166666667"><ele>17</ele></trkpt><trkpt lat="-27.00574166666667" lon="-48.60505"><ele>16.400000000000002</ele></trkpt><trkpt lat="-27.00574333333333" lon="-48.60504833333333"><ele>16</ele></trkpt><trkpt lat="-27.00574333333333" lon="-48.605045000000004"><ele>15.7</ele></trkpt><trkpt lat="-27.00574333333333" lon="-48.605041666666665"><ele>15.5</ele></trkpt><trkpt lat="-27.005745" lon="-48.605035"><ele>15.299999999999999</ele></trkpt><trkpt lat="-27.005745" lon="-48.605030000000006"><ele>15.299999999999999</ele></trkpt><trkpt lat="-27.005746666666663" lon="-48.605023333333335"><ele>15.4</ele></trkpt><trkpt lat="-27.005746666666663" lon="-48.605015"><ele>15.2</ele></trkpt><trkpt lat="-27.005746666666663" lon="-48.605015"><ele>15.2</ele></trkpt><trkpt lat="-27.005746666666663" lon="-48.605015"><ele>15.2</ele></trkpt><trkpt lat="-27.005746666666663" lon="-48.605015"><ele>15.2</ele></trkpt><trkpt lat="-27.005746666666663" lon="-48.605015"><ele>15.2</ele></trkpt><trkpt lat="-27.005746666666663" lon="-48.605015"><ele>15.2</ele></trkpt><trkpt lat="-27.005746666666663" lon="-48.605015"><ele>15.2</ele></trkpt><trkpt lat="-27.005746666666663" lon="-48.605015"><ele>15.2</ele></trkpt><trkpt lat="-27.005783333333337" lon="-48.604986666666676"><ele>11.7</ele></trkpt><trkpt lat="-27.005793333333333" lon="-48.60498333333333"><ele>11.299999999999999</ele></trkpt><trkpt lat="-27.005805000000002" lon="-48.604978333333335"><ele>11</ele></trkpt><trkpt lat="-27.005820000000003" lon="-48.604978333333335"><ele>10.9</ele></trkpt><trkpt lat="-27.005835" lon="-48.604986666666676"><ele>11.4</ele></trkpt><trkpt lat="-27.005854999999997" lon="-48.60499333333334"><ele>11.2</ele></trkpt><trkpt lat="-27.00587666666667" lon="-48.604998333333334"><ele>11.1</ele></trkpt><trkpt lat="-27.005899999999997" lon="-48.605005"><ele>11.4</ele></trkpt><trkpt lat="-27.00592" lon="-48.60500999999999"><ele>11.5</ele></trkpt><trkpt lat="-27.005940000000002" lon="-48.605015"><ele>11.5</ele></trkpt><trkpt lat="-27.005956666666666" lon="-48.605019999999996"><ele>11.5</ele></trkpt><trkpt lat="-27.005973333333333" lon="-48.60502666666666"><ele>11.4</ele></trkpt><trkpt lat="-27.005989999999997" lon="-48.605031666666676"><ele>11.299999999999999</ele></trkpt><trkpt lat="-27.00601166666667" lon="-48.60506"><ele>12.6</ele></trkpt><trkpt lat="-27.006034999999997" lon="-48.605090000000004"><ele>13.4</ele></trkpt><trkpt lat="-27.00605666666667" lon="-48.60510833333333"><ele>13.299999999999999</ele></trkpt><trkpt lat="-27.006073333333333" lon="-48.605121666666676"><ele>13</ele></trkpt><trkpt lat="-27.006090000000004" lon="-48.605129999999996"><ele>12.6</ele></trkpt><trkpt lat="-27.006103333333332" lon="-48.605136666666674"><ele>12.2</ele></trkpt><trkpt lat="-27.006118333333333" lon="-48.60514"><ele>11.799999999999999</ele></trkpt><trkpt lat="-27.00613333333333" lon="-48.60513833333333"><ele>11.6</ele></trkpt><trkpt lat="-27.006156666666666" lon="-48.60515166666667"><ele>12.1</ele></trkpt><trkpt lat="-27.006175" lon="-48.605154999999996"><ele>12.299999999999999</ele></trkpt><trkpt lat="-27.006185" lon="-48.60514833333333"><ele>12.299999999999999</ele></trkpt><trkpt lat="-27.00619166666667" lon="-48.60514"><ele>12.299999999999999</ele></trkpt><trkpt lat="-27.00620333333333" lon="-48.60512666666667"><ele>11.9</ele></trkpt><trkpt lat="-27.006210000000003" lon="-48.605109999999996"><ele>11.6</ele></trkpt><trkpt lat="-27.00622166666667" lon="-48.605095"><ele>11.1</ele></trkpt><trkpt lat="-27.00623" lon="-48.60508"><ele>10.7</ele></trkpt><trkpt lat="-27.00623666666667" lon="-48.60506"><ele>10.299999999999999</ele></trkpt><trkpt lat="-27.006235" lon="-48.60503666666667"><ele>9.799999999999999</ele></trkpt><trkpt lat="-27.00623666666667" lon="-48.605015"><ele>9.3</ele></trkpt><trkpt lat="-27.006240000000002" lon="-48.604994999999995"><ele>8.9</ele></trkpt><trkpt lat="-27.006244999999996" lon="-48.60497166666667"><ele>8.4</ele></trkpt><trkpt lat="-27.00625166666667" lon="-48.604949999999995"><ele>8</ele></trkpt><trkpt lat="-27.006259999999997" lon="-48.60493666666666"><ele>7.9</ele></trkpt><trkpt lat="-27.00627666666667" lon="-48.604925"><ele>7.699999999999999</ele></trkpt><trkpt lat="-27.006286666666664" lon="-48.60491333333333"><ele>7.5</ele></trkpt><trkpt lat="-27.006291666666666" lon="-48.604895000000006"><ele>7.5</ele></trkpt><trkpt lat="-27.00629666666667" lon="-48.604883333333326"><ele>7.300000000000001</ele></trkpt><trkpt lat="-27.006301666666666" lon="-48.60487499999999"><ele>7.1</ele></trkpt><trkpt lat="-27.006304999999998" lon="-48.60488"><ele>7.699999999999999</ele></trkpt><trkpt lat="-27.006316666666667" lon="-48.604886666666665"><ele>8.6</ele></trkpt><trkpt lat="-27.006331666666664" lon="-48.60488999999999"><ele>8.9</ele></trkpt><trkpt lat="-27.006336666666666" lon="-48.604895000000006"><ele>9</ele></trkpt><trkpt lat="-27.00633833333333" lon="-48.60490166666667"><ele>9</ele></trkpt><trkpt lat="-27.00634" lon="-48.604906666666665"><ele>9</ele></trkpt><trkpt lat="-27.00634166666667" lon="-48.60491333333333"><ele>9</ele></trkpt><trkpt lat="-27.006343333333334" lon="-48.60491666666667"><ele>8.9</ele></trkpt><trkpt lat="-27.00634" lon="-48.60491666666667"><ele>9.2</ele></trkpt><trkpt lat="-27.00633833333333" lon="-48.60491666666667"><ele>9.2</ele></trkpt><trkpt lat="-27.00633833333333" lon="-48.60491666666667"><ele>9.5</ele></trkpt><trkpt lat="-27.00633833333333" lon="-48.604915"><ele>9.6</ele></trkpt><trkpt lat="-27.00634" lon="-48.60491166666667"><ele>9.9</ele></trkpt><trkpt lat="-27.00634" lon="-48.60491166666667"><ele>9.9</ele></trkpt><trkpt lat="-27.00634" lon="-48.60491166666667"><ele>9.9</ele></trkpt><trkpt lat="-27.00634" lon="-48.60491166666667"><ele>9.9</ele></trkpt><trkpt lat="-27.00634" lon="-48.60491166666667"><ele>9.9</ele></trkpt><trkpt lat="-27.006379999999996" lon="-48.604908333333334"><ele>10.7</ele></trkpt><trkpt lat="-27.006391666666666" lon="-48.60490333333334"><ele>10.799999999999999</ele></trkpt><trkpt lat="-27.006405000000004" lon="-48.604896666666676"><ele>10.9</ele></trkpt><trkpt lat="-27.006426666666666" lon="-48.604896666666676"><ele>11.299999999999999</ele></trkpt><trkpt lat="-27.006441666666667" lon="-48.604896666666676"><ele>11</ele></trkpt><trkpt lat="-27.006455" lon="-48.60489333333333"><ele>11.2</ele></trkpt><trkpt lat="-27.006466666666665" lon="-48.604888333333335"><ele>10.6</ele></trkpt><trkpt lat="-27.006483333333335" lon="-48.60487666666666"><ele>10.7</ele></trkpt><trkpt lat="-27.0065" lon="-48.60488"><ele>11</ele></trkpt><trkpt lat="-27.00650333333333" lon="-48.60487"><ele>10.9</ele></trkpt><trkpt lat="-27.0065" lon="-48.604855"><ele>10.7</ele></trkpt><trkpt lat="-27.00650333333333" lon="-48.60483333333333"><ele>10.299999999999999</ele></trkpt><trkpt lat="-27.0065" lon="-48.604816666666665"><ele>9.7</ele></trkpt><trkpt lat="-27.006481666666666" lon="-48.60480833333333"><ele>10.299999999999999</ele></trkpt><trkpt lat="-27.006450000000005" lon="-48.60479"><ele>10.9</ele></trkpt><trkpt lat="-27.006423333333334" lon="-48.604773333333334"><ele>10.299999999999999</ele></trkpt><trkpt lat="-27.00641166666667" lon="-48.604765"><ele>9.6</ele></trkpt><trkpt lat="-27.00639833333333" lon="-48.604760000000006"><ele>9.3</ele></trkpt><trkpt lat="-27.006388333333334" lon="-48.60475666666666"><ele>8.7</ele></trkpt><trkpt lat="-27.006378333333334" lon="-48.60475833333333"><ele>8.4</ele></trkpt><trkpt lat="-27.00636666666667" lon="-48.60475666666666"><ele>7.9</ele></trkpt><trkpt lat="-27.00636666666667" lon="-48.60474666666667"><ele>7.9</ele></trkpt><trkpt lat="-27.006360000000004" lon="-48.60473666666667"><ele>8</ele></trkpt><trkpt lat="-27.00635333333333" lon="-48.604728333333334"><ele>8.4</ele></trkpt><trkpt lat="-27.00634" lon="-48.604716666666675"><ele>9.1</ele></trkpt><trkpt lat="-27.006336666666666" lon="-48.60471166666666"><ele>9.7</ele></trkpt><trkpt lat="-27.00633833333333" lon="-48.604704999999996"><ele>10.299999999999999</ele></trkpt><trkpt lat="-27.00633833333333" lon="-48.604704999999996"><ele>10.299999999999999</ele></trkpt><trkpt lat="-27.00633833333333" lon="-48.604704999999996"><ele>10.299999999999999</ele></trkpt><trkpt lat="-27.00633833333333" lon="-48.604704999999996"><ele>10.299999999999999</ele></trkpt><trkpt lat="-27.00633833333333" lon="-48.604704999999996"><ele>10.299999999999999</ele></trkpt><trkpt lat="-27.00633833333333" lon="-48.604704999999996"><ele>10.299999999999999</ele></trkpt><trkpt lat="-27.00633833333333" lon="-48.604704999999996"><ele>10.299999999999999</ele></trkpt><trkpt lat="-27.00633833333333" lon="-48.604704999999996"><ele>10.299999999999999</ele></trkpt><trkpt lat="-27.00633833333333" lon="-48.604704999999996"><ele>10.299999999999999</ele></trkpt><trkpt lat="-27.00633833333333" lon="-48.604704999999996"><ele>10.299999999999999</ele></trkpt><trkpt lat="-27.00633833333333" lon="-48.604704999999996"><ele>10.299999999999999</ele></trkpt><trkpt lat="-27.00633833333333" lon="-48.604704999999996"><ele>10.299999999999999</ele></trkpt><trkpt lat="-27.00633833333333" lon="-48.604704999999996"><ele>10.299999999999999</ele></trkpt><trkpt lat="-27.00633833333333" lon="-48.604704999999996"><ele>10.299999999999999</ele></trkpt><trkpt lat="-27.006376666666664" lon="-48.604761666666676"><ele>11</ele></trkpt><trkpt lat="-27.006378333333334" lon="-48.60476666666667"><ele>10.2</ele></trkpt><trkpt lat="-27.006376666666664" lon="-48.604775000000004"><ele>8.8</ele></trkpt><trkpt lat="-27.00637166666667" lon="-48.60478499999999"><ele>7.4</ele></trkpt><trkpt lat="-27.006363333333336" lon="-48.60480166666666"><ele>7.1</ele></trkpt><trkpt lat="-27.006345000000003" lon="-48.604818333333334"><ele>6.6</ele></trkpt><trkpt lat="-27.00632666666667" lon="-48.60483166666666"><ele>6.199999999999999</ele></trkpt><trkpt lat="-27.00631166666667" lon="-48.604841666666665"><ele>5.9</ele></trkpt><trkpt lat="-27.006295" lon="-48.60485833333334"><ele>5.4</ele></trkpt><trkpt lat="-27.006275" lon="-48.60487666666666"><ele>5.800000000000001</ele></trkpt><trkpt lat="-27.006256666666665" lon="-48.60489333333333"><ele>4.9</ele></trkpt><trkpt lat="-27.006238333333332" lon="-48.604908333333334"><ele>4.9</ele></trkpt><trkpt lat="-27.00621833333333" lon="-48.60492166666666"><ele>4.9</ele></trkpt><trkpt lat="-27.006199999999996" lon="-48.604931666666666"><ele>4.4</ele></trkpt><trkpt lat="-27.006183333333336" lon="-48.604941666666676"><ele>4</ele></trkpt><trkpt lat="-27.006171666666667" lon="-48.604955000000004"><ele>2.8</ele></trkpt><trkpt lat="-27.006156666666666" lon="-48.60496833333333"><ele>1.7000000000000002</ele></trkpt><trkpt lat="-27.006138333333336" lon="-48.60496833333333"><ele>0.5</ele></trkpt><trkpt lat="-27.006115" lon="-48.60497"><ele>0.40000000000000013</ele></trkpt><trkpt lat="-27.006090000000004" lon="-48.60497333333333"><ele>0.40000000000000013</ele></trkpt><trkpt lat="-27.006068333333328" lon="-48.604978333333335"><ele>0.5</ele></trkpt><trkpt lat="-27.006046666666666" lon="-48.604976666666666"><ele>1</ele></trkpt><trkpt lat="-27.006018333333333" lon="-48.60497166666667"><ele>0.7000000000000001</ele></trkpt><trkpt lat="-27.00600833333333" lon="-48.60497"><ele>-0.8999999999999999</ele></trkpt><trkpt lat="-27.005988333333335" lon="-48.60496666666666"><ele>-2.3</ele></trkpt><trkpt lat="-27.005976666666665" lon="-48.60495666666667"><ele>-3.1</ele></trkpt><trkpt lat="-27.005973333333333" lon="-48.604953333333334"><ele>-3.1</ele></trkpt><trkpt lat="-27.005955000000004" lon="-48.604951666666665"><ele>-2.9999999999999996</ele></trkpt><trkpt lat="-27.005926666666664" lon="-48.60493666666666"><ele>-2.4999999999999996</ele></trkpt><trkpt lat="-27.00588833333334" lon="-48.604940000000006"><ele>-1.2999999999999998</ele></trkpt><trkpt lat="-27.005853333333334" lon="-48.60492666666667"><ele>-2.1999999999999997</ele></trkpt><trkpt lat="-27.005820000000003" lon="-48.604910000000004"><ele>-4.1</ele></trkpt><trkpt lat="-27.00579" lon="-48.60489166666666"><ele>-5.1</ele></trkpt><trkpt lat="-27.005758333333333" lon="-48.60487166666667"><ele>-6.1</ele></trkpt><trkpt lat="-27.005726666666668" lon="-48.604841666666665"><ele>-6.199999999999999</ele></trkpt><trkpt lat="-27.005693333333337" lon="-48.60480833333333"><ele>-6.700000000000001</ele></trkpt><trkpt lat="-27.005674999999997" lon="-48.604769999999995"><ele>-6.9</ele></trkpt><trkpt lat="-27.005643333333335" lon="-48.60473333333333"><ele>-6.4</ele></trkpt><trkpt lat="-27.005631666666666" lon="-48.604704999999996"><ele>-6.1</ele></trkpt><trkpt lat="-27.005595000000003" lon="-48.60468666666667"><ele>-4.199999999999999</ele></trkpt><trkpt lat="-27.00556166666667" lon="-48.604665000000004"><ele>-2.6</ele></trkpt><trkpt lat="-27.005536666666664" lon="-48.60463333333334"><ele>-1.1999999999999997</ele></trkpt><trkpt lat="-27.005506666666665" lon="-48.60459666666667"><ele>1.5</ele></trkpt><trkpt lat="-27.005476666666663" lon="-48.60455666666667"><ele>3.7</ele></trkpt><trkpt lat="-27.005448333333334" lon="-48.60451333333334"><ele>5.300000000000001</ele></trkpt><trkpt lat="-27.005423333333336" lon="-48.60446833333334"><ele>6.300000000000001</ele></trkpt><trkpt lat="-27.005415000000003" lon="-48.604436666666665"><ele>8</ele></trkpt><trkpt lat="-27.005393333333338" lon="-48.604393333333334"><ele>10.5</ele></trkpt><trkpt lat="-27.00536833333333" lon="-48.60435333333333"><ele>12.299999999999999</ele></trkpt><trkpt lat="-27.005353333333332" lon="-48.604321666666664"><ele>13.9</ele></trkpt><trkpt lat="-27.005330000000004" lon="-48.604290000000006"><ele>14.5</ele></trkpt><trkpt lat="-27.005300000000002" lon="-48.604253333333325"><ele>15.1</ele></trkpt><trkpt lat="-27.005270000000003" lon="-48.604209999999995"><ele>14.5</ele></trkpt><trkpt lat="-27.005241666666667" lon="-48.60417166666666"><ele>15.9</ele></trkpt><trkpt lat="-27.00521833333333" lon="-48.60413666666667"><ele>16.900000000000002</ele></trkpt><trkpt lat="-27.005198333333336" lon="-48.60409833333333"><ele>16.8</ele></trkpt><trkpt lat="-27.005181666666665" lon="-48.604065000000006"><ele>17</ele></trkpt><trkpt lat="-27.005161666666663" lon="-48.60402333333333"><ele>16.6</ele></trkpt><trkpt lat="-27.005146666666665" lon="-48.60398"><ele>16</ele></trkpt><trkpt lat="-27.005135000000003" lon="-48.603939999999994"><ele>15.5</ele></trkpt><trkpt lat="-27.00512" lon="-48.60390166666666"><ele>15</ele></trkpt><trkpt lat="-27.005101666666665" lon="-48.603865"><ele>14.799999999999999</ele></trkpt><trkpt lat="-27.005088333333333" lon="-48.603835"><ele>15</ele></trkpt><trkpt lat="-27.005071666666662" lon="-48.60379833333333"><ele>14.6</ele></trkpt><trkpt lat="-27.005058333333334" lon="-48.603761666666664"><ele>14.299999999999999</ele></trkpt><trkpt lat="-27.005045000000003" lon="-48.603726666666674"><ele>13.799999999999999</ele></trkpt><trkpt lat="-27.005031666666664" lon="-48.603695"><ele>13.4</ele></trkpt><trkpt lat="-27.005021666666668" lon="-48.60366666666667"><ele>13.299999999999999</ele></trkpt><trkpt lat="-27.005010000000002" lon="-48.603635000000004"><ele>13</ele></trkpt><trkpt lat="-27.005001666666665" lon="-48.60360166666666"><ele>12.2</ele></trkpt><trkpt lat="-27.00499333333333" lon="-48.603568333333335"><ele>11.7</ele></trkpt><trkpt lat="-27.004988333333337" lon="-48.60353166666667"><ele>11.299999999999999</ele></trkpt><trkpt lat="-27.00498" lon="-48.60350666666667"><ele>11.299999999999999</ele></trkpt><trkpt lat="-27.004970000000004" lon="-48.603476666666666"><ele>11.5</ele></trkpt><trkpt lat="-27.004968333333334" lon="-48.60346666666666"><ele>11.4</ele></trkpt><trkpt lat="-27.004970000000004" lon="-48.60345666666667"><ele>11.4</ele></trkpt><trkpt lat="-27.004971666666666" lon="-48.60344333333334"><ele>11.1</ele></trkpt><trkpt lat="-27.004968333333334" lon="-48.603433333333335"><ele>10.799999999999999</ele></trkpt><trkpt lat="-27.004971666666666" lon="-48.60342833333334"><ele>10.299999999999999</ele></trkpt><trkpt lat="-27.004981666666662" lon="-48.603429999999996"><ele>10</ele></trkpt><trkpt lat="-27.004998333333333" lon="-48.60344166666667"><ele>10.1</ele></trkpt><trkpt lat="-27.004996666666663" lon="-48.60346333333334"><ele>9.9</ele></trkpt><trkpt lat="-27.004995" lon="-48.603476666666666"><ele>9.9</ele></trkpt><trkpt lat="-27.00499333333333" lon="-48.603478333333335"><ele>9.7</ele></trkpt><trkpt lat="-27.00499333333333" lon="-48.60348166666666"><ele>9.7</ele></trkpt><trkpt lat="-27.00499166666667" lon="-48.60348166666666"><ele>9.6</ele></trkpt><trkpt lat="-27.00499" lon="-48.603480000000005"><ele>9.7</ele></trkpt><trkpt lat="-27.00499" lon="-48.60348166666666"><ele>9.799999999999999</ele></trkpt><trkpt lat="-27.00499166666667" lon="-48.60348166666666"><ele>9.9</ele></trkpt><trkpt lat="-27.004995" lon="-48.603480000000005"><ele>9.9</ele></trkpt><trkpt lat="-27.004995" lon="-48.603480000000005"><ele>9.9</ele></trkpt><trkpt lat="-27.004995" lon="-48.603480000000005"><ele>9.9</ele></trkpt><trkpt lat="-27.004995" lon="-48.603480000000005"><ele>9.9</ele></trkpt><trkpt lat="-27.004995" lon="-48.603480000000005"><ele>9.9</ele></trkpt><trkpt lat="-27.004995" lon="-48.603480000000005"><ele>9.9</ele></trkpt><trkpt lat="-27.004995" lon="-48.603480000000005"><ele>9.9</ele></trkpt><trkpt lat="-27.004995" lon="-48.603480000000005"><ele>9.9</ele></trkpt><trkpt lat="-27.004995" lon="-48.603480000000005"><ele>9.9</ele></trkpt><trkpt lat="-27.004995" lon="-48.603480000000005"><ele>9.9</ele></trkpt><trkpt lat="-27.004995" lon="-48.603480000000005"><ele>9.9</ele></trkpt><trkpt lat="-27.004995" lon="-48.603480000000005"><ele>9.9</ele></trkpt><trkpt lat="-27.004995" lon="-48.603480000000005"><ele>9.9</ele></trkpt><trkpt lat="-27.004995" lon="-48.603480000000005"><ele>9.9</ele></trkpt><trkpt lat="-27.004995" lon="-48.603480000000005"><ele>9.9</ele></trkpt><trkpt lat="-27.004995" lon="-48.603480000000005"><ele>9.9</ele></trkpt><trkpt lat="-27.004995" lon="-48.603480000000005"><ele>9.9</ele></trkpt><trkpt lat="-27.004995" lon="-48.603480000000005"><ele>9.9</ele></trkpt><trkpt lat="-27.004995" lon="-48.603480000000005"><ele>9.9</ele></trkpt><trkpt lat="-27.004995" lon="-48.603480000000005"><ele>9.9</ele></trkpt><trkpt lat="-27.004995" lon="-48.603480000000005"><ele>9.9</ele></trkpt><trkpt lat="-27.004995" lon="-48.603480000000005"><ele>9.9</ele></trkpt><trkpt lat="-27.004995" lon="-48.603480000000005"><ele>9.9</ele></trkpt><trkpt lat="-27.004995" lon="-48.603480000000005"><ele>9.9</ele></trkpt><trkpt lat="-27.004995" lon="-48.603480000000005"><ele>9.9</ele></trkpt><trkpt lat="-27.004995" lon="-48.603480000000005"><ele>9.9</ele></trkpt><trkpt lat="-27.004995" lon="-48.603480000000005"><ele>9.9</ele></trkpt><trkpt lat="-27.004995" lon="-48.603480000000005"><ele>9.9</ele></trkpt><trkpt lat="-27.004995" lon="-48.603480000000005"><ele>9.9</ele></trkpt><trkpt lat="-27.004995" lon="-48.603480000000005"><ele>9.9</ele></trkpt><trkpt lat="-27.004995" lon="-48.603480000000005"><ele>9.9</ele></trkpt><trkpt lat="-27.004995" lon="-48.603480000000005"><ele>9.9</ele></trkpt><trkpt lat="-27.004995" lon="-48.603480000000005"><ele>9.9</ele></trkpt><trkpt lat="-27.004995" lon="-48.603480000000005"><ele>9.9</ele></trkpt><trkpt lat="-27.004995" lon="-48.603480000000005"><ele>9.9</ele></trkpt><trkpt lat="-27.004995" lon="-48.603480000000005"><ele>9.9</ele></trkpt><trkpt lat="-27.004995" lon="-48.603480000000005"><ele>9.9</ele></trkpt><trkpt lat="-27.004995" lon="-48.603480000000005"><ele>9.9</ele></trkpt><trkpt lat="-27.004995" lon="-48.603480000000005"><ele>9.9</ele></trkpt><trkpt lat="-27.004995" lon="-48.603480000000005"><ele>9.9</ele></trkpt><trkpt lat="-27.004995" lon="-48.603480000000005"><ele>9.9</ele></trkpt><trkpt lat="-27.004995" lon="-48.603480000000005"><ele>9.9</ele></trkpt><trkpt lat="-27.004995" lon="-48.603480000000005"><ele>9.9</ele></trkpt><trkpt lat="-27.004995" lon="-48.603480000000005"><ele>9.9</ele></trkpt><trkpt lat="-27.004995" lon="-48.603480000000005"><ele>9.9</ele></trkpt><trkpt lat="-27.004981666666662" lon="-48.60354"><ele>8.2</ele></trkpt><trkpt lat="-27.004981666666662" lon="-48.60354333333333"><ele>8.2</ele></trkpt><trkpt lat="-27.004988333333337" lon="-48.60354"><ele>7.9</ele></trkpt><trkpt lat="-27.004996666666663" lon="-48.60353666666666"><ele>7.800000000000001</ele></trkpt><trkpt lat="-27.00500833333333" lon="-48.60355333333334"><ele>7.9</ele></trkpt><trkpt lat="-27.005018333333336" lon="-48.60357166666666"><ele>8</ele></trkpt><trkpt lat="-27.005031666666664" lon="-48.603590000000004"><ele>8.2</ele></trkpt><trkpt lat="-27.005041666666664" lon="-48.603611666666666"><ele>8.5</ele></trkpt><trkpt lat="-27.005055000000002" lon="-48.603635000000004"><ele>8.4</ele></trkpt><trkpt lat="-27.005063333333336" lon="-48.603656666666666"><ele>8.3</ele></trkpt><trkpt lat="-27.005076666666664" lon="-48.60369166666666"><ele>8.9</ele></trkpt><trkpt lat="-27.005091666666665" lon="-48.60372833333333"><ele>8.9</ele></trkpt><trkpt lat="-27.005100000000002" lon="-48.60376333333333"><ele>10.1</ele></trkpt><trkpt lat="-27.005106666666666" lon="-48.60379666666666"><ele>11.299999999999999</ele></trkpt><trkpt lat="-27.005115" lon="-48.60382833333333"><ele>11.5</ele></trkpt><trkpt lat="-27.005118333333332" lon="-48.60385666666666"><ele>12.299999999999999</ele></trkpt><trkpt lat="-27.005123333333337" lon="-48.60388"><ele>12.799999999999999</ele></trkpt><trkpt lat="-27.00513" lon="-48.60389833333333"><ele>13</ele></trkpt><trkpt lat="-27.005135000000003" lon="-48.603905000000005"><ele>13.5</ele></trkpt><trkpt lat="-27.005135000000003" lon="-48.60390333333333"><ele>13.7</ele></trkpt><trkpt lat="-27.005135000000003" lon="-48.60390333333333"><ele>13.7</ele></trkpt><trkpt lat="-27.005135000000003" lon="-48.60390166666666"><ele>13.9</ele></trkpt><trkpt lat="-27.005135000000003" lon="-48.6039"><ele>13.6</ele></trkpt><trkpt lat="-27.005131666666664" lon="-48.60389833333333"><ele>13.1</ele></trkpt><trkpt lat="-27.00512833333333" lon="-48.603896666666664"><ele>12.799999999999999</ele></trkpt><trkpt lat="-27.00512833333333" lon="-48.603896666666664"><ele>12.7</ele></trkpt><trkpt lat="-27.00513" lon="-48.603896666666664"><ele>12.4</ele></trkpt><trkpt lat="-27.00512833333333" lon="-48.603896666666664"><ele>12.6</ele></trkpt><trkpt lat="-27.00512833333333" lon="-48.60390333333333"><ele>12.5</ele></trkpt><trkpt lat="-27.005133333333333" lon="-48.60391"><ele>12.6</ele></trkpt><trkpt lat="-27.005135000000003" lon="-48.60391333333334"><ele>12.7</ele></trkpt><trkpt lat="-27.005135000000003" lon="-48.60391333333334"><ele>12.799999999999999</ele></trkpt><trkpt lat="-27.005135000000003" lon="-48.60391333333334"><ele>12.799999999999999</ele></trkpt><trkpt lat="-27.005135000000003" lon="-48.60391333333334"><ele>12.799999999999999</ele></trkpt><trkpt lat="-27.005135000000003" lon="-48.60391333333334"><ele>12.799999999999999</ele></trkpt><trkpt lat="-27.005135000000003" lon="-48.60391333333334"><ele>12.799999999999999</ele></trkpt><trkpt lat="-27.005135000000003" lon="-48.60391333333334"><ele>12.799999999999999</ele></trkpt><trkpt lat="-27.005135000000003" lon="-48.60391333333334"><ele>12.799999999999999</ele></trkpt><trkpt lat="-27.005141666666667" lon="-48.603928333333336"><ele>13.2</ele></trkpt><trkpt lat="-27.005145000000002" lon="-48.603939999999994"><ele>13.4</ele></trkpt><trkpt lat="-27.00514333333333" lon="-48.60394833333333"><ele>13.299999999999999</ele></trkpt><trkpt lat="-27.005145000000002" lon="-48.60395833333334"><ele>13</ele></trkpt><trkpt lat="-27.005146666666665" lon="-48.60396833333333"><ele>13</ele></trkpt><trkpt lat="-27.005151666666666" lon="-48.603975000000005"><ele>12.9</ele></trkpt><trkpt lat="-27.005155" lon="-48.60397833333333"><ele>12.5</ele></trkpt><trkpt lat="-27.005155" lon="-48.60397833333333"><ele>12.299999999999999</ele></trkpt><trkpt lat="-27.005153333333336" lon="-48.603975000000005"><ele>12.1</ele></trkpt><trkpt lat="-27.005151666666666" lon="-48.603971666666666"><ele>12.1</ele></trkpt><trkpt lat="-27.005150000000004" lon="-48.603971666666666"><ele>11.9</ele></trkpt><trkpt lat="-27.005150000000004" lon="-48.603973333333336"><ele>11.7</ele></trkpt><trkpt lat="-27.005151666666666" lon="-48.603975000000005"><ele>11.5</ele></trkpt><trkpt lat="-27.005151666666666" lon="-48.603975000000005"><ele>11.299999999999999</ele></trkpt><trkpt lat="-27.005151666666666" lon="-48.603975000000005"><ele>11.299999999999999</ele></trkpt><trkpt lat="-27.005151666666666" lon="-48.603975000000005"><ele>11.299999999999999</ele></trkpt><trkpt lat="-27.005151666666666" lon="-48.603975000000005"><ele>11.299999999999999</ele></trkpt><trkpt lat="-27.005151666666666" lon="-48.603975000000005"><ele>11.299999999999999</ele></trkpt><trkpt lat="-27.005151666666666" lon="-48.603975000000005"><ele>11.299999999999999</ele></trkpt><trkpt lat="-27.005151666666666" lon="-48.603975000000005"><ele>11.299999999999999</ele></trkpt><trkpt lat="-27.005151666666666" lon="-48.603975000000005"><ele>11.299999999999999</ele></trkpt><trkpt lat="-27.005151666666666" lon="-48.603975000000005"><ele>11.299999999999999</ele></trkpt><trkpt lat="-27.005151666666666" lon="-48.603975000000005"><ele>11.299999999999999</ele></trkpt><trkpt lat="-27.005151666666666" lon="-48.603975000000005"><ele>11.299999999999999</ele></trkpt><trkpt lat="-27.005151666666666" lon="-48.603975000000005"><ele>11.299999999999999</ele></trkpt><trkpt lat="-27.005151666666666" lon="-48.603975000000005"><ele>11.299999999999999</ele></trkpt><trkpt lat="-27.005151666666666" lon="-48.603975000000005"><ele>11.299999999999999</ele></trkpt><trkpt lat="-27.005151666666666" lon="-48.603975000000005"><ele>11.299999999999999</ele></trkpt><trkpt lat="-27.005151666666666" lon="-48.603975000000005"><ele>11.299999999999999</ele></trkpt><trkpt lat="-27.005151666666666" lon="-48.603975000000005"><ele>11.299999999999999</ele></trkpt><trkpt lat="-27.005151666666666" lon="-48.603975000000005"><ele>11.299999999999999</ele></trkpt><trkpt lat="-27.005151666666666" lon="-48.603975000000005"><ele>11.299999999999999</ele></trkpt><trkpt lat="-27.005151666666666" lon="-48.603975000000005"><ele>11.299999999999999</ele></trkpt><trkpt lat="-27.005151666666666" lon="-48.603975000000005"><ele>11.299999999999999</ele></trkpt><trkpt lat="-27.005151666666666" lon="-48.603975000000005"><ele>11.299999999999999</ele></trkpt><trkpt lat="-27.005151666666666" lon="-48.603975000000005"><ele>11.299999999999999</ele></trkpt><trkpt lat="-27.005151666666666" lon="-48.603975000000005"><ele>11.299999999999999</ele></trkpt><trkpt lat="-27.005151666666666" lon="-48.603975000000005"><ele>11.299999999999999</ele></trkpt><trkpt lat="-27.005151666666666" lon="-48.603975000000005"><ele>11.299999999999999</ele></trkpt><trkpt lat="-27.005151666666666" lon="-48.603975000000005"><ele>11.299999999999999</ele></trkpt><trkpt lat="-27.005151666666666" lon="-48.603975000000005"><ele>11.299999999999999</ele></trkpt><trkpt lat="-27.005151666666666" lon="-48.603975000000005"><ele>11.299999999999999</ele></trkpt><trkpt lat="-27.005151666666666" lon="-48.603975000000005"><ele>11.299999999999999</ele></trkpt><trkpt lat="-27.005151666666666" lon="-48.603975000000005"><ele>11.299999999999999</ele></trkpt><trkpt lat="-27.005151666666666" lon="-48.603975000000005"><ele>11.299999999999999</ele></trkpt><trkpt lat="-27.005151666666666" lon="-48.603975000000005"><ele>11.299999999999999</ele></trkpt><trkpt lat="-27.005151666666666" lon="-48.603975000000005"><ele>11.299999999999999</ele></trkpt><trkpt lat="-27.005151666666666" lon="-48.603975000000005"><ele>11.299999999999999</ele></trkpt><trkpt lat="-27.005151666666666" lon="-48.603975000000005"><ele>11.299999999999999</ele></trkpt><trkpt lat="-27.005151666666666" lon="-48.603975000000005"><ele>11.299999999999999</ele></trkpt><trkpt lat="-27.005151666666666" lon="-48.603975000000005"><ele>11.299999999999999</ele></trkpt><trkpt lat="-27.005151666666666" lon="-48.603975000000005"><ele>11.299999999999999</ele></trkpt><trkpt lat="-27.005151666666666" lon="-48.603975000000005"><ele>11.299999999999999</ele></trkpt><trkpt lat="-27.005151666666666" lon="-48.603975000000005"><ele>11.299999999999999</ele></trkpt><trkpt lat="-27.005151666666666" lon="-48.603975000000005"><ele>11.299999999999999</ele></trkpt><trkpt lat="-27.005151666666666" lon="-48.603975000000005"><ele>11.299999999999999</ele></trkpt><trkpt lat="-27.005151666666666" lon="-48.603975000000005"><ele>11.299999999999999</ele></trkpt><trkpt lat="-27.005151666666666" lon="-48.603975000000005"><ele>11.299999999999999</ele></trkpt><trkpt lat="-27.005151666666666" lon="-48.603975000000005"><ele>11.299999999999999</ele></trkpt><trkpt lat="-27.005151666666666" lon="-48.603975000000005"><ele>11.299999999999999</ele></trkpt><trkpt lat="-27.005151666666666" lon="-48.603975000000005"><ele>11.299999999999999</ele></trkpt><trkpt lat="-27.005151666666666" lon="-48.603975000000005"><ele>11.299999999999999</ele></trkpt><trkpt lat="-27.005151666666666" lon="-48.603975000000005"><ele>11.299999999999999</ele></trkpt><trkpt lat="-27.005151666666666" lon="-48.603975000000005"><ele>11.299999999999999</ele></trkpt><trkpt lat="-27.005151666666666" lon="-48.603975000000005"><ele>11.299999999999999</ele></trkpt><trkpt lat="-27.005151666666666" lon="-48.603975000000005"><ele>11.299999999999999</ele></trkpt><trkpt lat="-27.005151666666666" lon="-48.603975000000005"><ele>11.299999999999999</ele></trkpt><trkpt lat="-27.005151666666666" lon="-48.603975000000005"><ele>11.299999999999999</ele></trkpt><trkpt lat="-27.005151666666666" lon="-48.603975000000005"><ele>11.299999999999999</ele></trkpt><trkpt lat="-27.005151666666666" lon="-48.603975000000005"><ele>11.299999999999999</ele></trkpt><trkpt lat="-27.005151666666666" lon="-48.603975000000005"><ele>11.299999999999999</ele></trkpt><trkpt lat="-27.005151666666666" lon="-48.603975000000005"><ele>11.299999999999999</ele></trkpt><trkpt lat="-27.005151666666666" lon="-48.603975000000005"><ele>11.299999999999999</ele></trkpt><trkpt lat="-27.005151666666666" lon="-48.603975000000005"><ele>11.299999999999999</ele></trkpt><trkpt lat="-27.005151666666666" lon="-48.603975000000005"><ele>11.299999999999999</ele></trkpt><trkpt lat="-27.005151666666666" lon="-48.603975000000005"><ele>11.299999999999999</ele></trkpt><trkpt lat="-27.005151666666666" lon="-48.603975000000005"><ele>11.299999999999999</ele></trkpt><trkpt lat="-27.005151666666666" lon="-48.603975000000005"><ele>11.299999999999999</ele></trkpt><trkpt lat="-27.005151666666666" lon="-48.603975000000005"><ele>11.299999999999999</ele></trkpt><trkpt lat="-27.005151666666666" lon="-48.603975000000005"><ele>11.299999999999999</ele></trkpt><trkpt lat="-27.005151666666666" lon="-48.603975000000005"><ele>11.299999999999999</ele></trkpt><trkpt lat="-27.005151666666666" lon="-48.603975000000005"><ele>11.299999999999999</ele></trkpt><trkpt lat="-27.005151666666666" lon="-48.603975000000005"><ele>11.299999999999999</ele></trkpt><trkpt lat="-27.005148333333334" lon="-48.604"><ele>11.2</ele></trkpt><trkpt lat="-27.005151666666666" lon="-48.60401"><ele>11.2</ele></trkpt><trkpt lat="-27.005166666666664" lon="-48.604041666666674"><ele>11.2</ele></trkpt><trkpt lat="-27.00517333333333" lon="-48.60406"><ele>10.799999999999999</ele></trkpt><trkpt lat="-27.005180000000003" lon="-48.60408333333333"><ele>10.6</ele></trkpt><trkpt lat="-27.005193333333334" lon="-48.60412666666666"><ele>10.4</ele></trkpt><trkpt lat="-27.005198333333336" lon="-48.604153333333336"><ele>10</ele></trkpt><trkpt lat="-27.00521" lon="-48.60418333333334"><ele>10.1</ele></trkpt><trkpt lat="-27.005223333333333" lon="-48.60421833333333"><ele>9.6</ele></trkpt><trkpt lat="-27.005236666666665" lon="-48.60424833333333"><ele>9.2</ele></trkpt><trkpt lat="-27.005256666666664" lon="-48.604290000000006"><ele>8.6</ele></trkpt><trkpt lat="-27.005273333333335" lon="-48.604325"><ele>7.800000000000001</ele></trkpt><trkpt lat="-27.00529333333333" lon="-48.60435166666666"><ele>7.4</ele></trkpt><trkpt lat="-27.005321666666667" lon="-48.604391666666665"><ele>6.1</ele></trkpt><trkpt lat="-27.005348333333338" lon="-48.60443"><ele>6.5</ele></trkpt><trkpt lat="-27.005364999999998" lon="-48.60445500000001"><ele>6.199999999999999</ele></trkpt><trkpt lat="-27.005388333333332" lon="-48.604490000000006"><ele>5.6</ele></trkpt><trkpt lat="-27.005418333333335" lon="-48.60452"><ele>3.7</ele></trkpt><trkpt lat="-27.005448333333334" lon="-48.60455333333333"><ele>1.6</ele></trkpt><trkpt lat="-27.00547" lon="-48.604580000000006"><ele>-0.19999999999999996</ele></trkpt><trkpt lat="-27.005481666666665" lon="-48.604614999999995"><ele>-0.3999999999999999</ele></trkpt><trkpt lat="-27.005491666666664" lon="-48.60463"><ele>-2</ele></trkpt><trkpt lat="-27.005506666666665" lon="-48.604659999999996"><ele>-2.8000000000000003</ele></trkpt><trkpt lat="-27.00553166666667" lon="-48.60469166666667"><ele>-4.699999999999999</ele></trkpt><trkpt lat="-27.005558333333337" lon="-48.60472166666667"><ele>-6.5</ele></trkpt><trkpt lat="-27.005583333333334" lon="-48.604749999999996"><ele>-8.1</ele></trkpt><trkpt lat="-27.005596666666666" lon="-48.60478"><ele>-10.200000000000001</ele></trkpt><trkpt lat="-27.00560666666667" lon="-48.604814999999995"><ele>-12</ele></trkpt><trkpt lat="-27.005618333333338" lon="-48.60484833333333"><ele>-13.4</ele></trkpt><trkpt lat="-27.005628333333334" lon="-48.60487499999999"><ele>-15.1</ele></trkpt><trkpt lat="-27.005636666666668" lon="-48.604896666666676"><ele>-16.2</ele></trkpt><trkpt lat="-27.005643333333335" lon="-48.604928333333326"><ele>-15.500000000000002</ele></trkpt><trkpt lat="-27.00565166666667" lon="-48.60495833333333"><ele>-16.5</ele></trkpt><trkpt lat="-27.005659999999995" lon="-48.60497333333333"><ele>-15.4</ele></trkpt><trkpt lat="-27.005665" lon="-48.60498166666666"><ele>-15.299999999999999</ele></trkpt><trkpt lat="-27.005665" lon="-48.604996666666665"><ele>-13.4</ele></trkpt><trkpt lat="-27.005665" lon="-48.605021666666666"><ele>-11.700000000000001</ele></trkpt><trkpt lat="-27.005655" lon="-48.605039999999995"><ele>-8.9</ele></trkpt><trkpt lat="-27.005658333333333" lon="-48.60505833333333"><ele>-7.200000000000001</ele></trkpt><trkpt lat="-27.00566666666667" lon="-48.605064999999996"><ele>-6.6</ele></trkpt><trkpt lat="-27.005674999999997" lon="-48.60506999999999"><ele>-6.199999999999999</ele></trkpt><trkpt lat="-27.005679999999998" lon="-48.60507500000001"><ele>-5.6</ele></trkpt><trkpt lat="-27.005679999999998" lon="-48.60507500000001"><ele>-5.6</ele></trkpt><trkpt lat="-27.005688333333335" lon="-48.60507833333333"><ele>-5.1</ele></trkpt><trkpt lat="-27.005695" lon="-48.60508333333334"><ele>-4.6</ele></trkpt><trkpt lat="-27.005695" lon="-48.60508333333334"><ele>-4.6</ele></trkpt><trkpt lat="-27.005695" lon="-48.60508333333334"><ele>-4.6</ele></trkpt><trkpt lat="-27.005695" lon="-48.60508333333334"><ele>-4.6</ele></trkpt><trkpt lat="-27.005695" lon="-48.60508333333334"><ele>-4.6</ele></trkpt><trkpt lat="-27.005695" lon="-48.60508333333334"><ele>-4.6</ele></trkpt><trkpt lat="-27.005695" lon="-48.60508333333334"><ele>-4.6</ele></trkpt><trkpt lat="-27.005695" lon="-48.60508333333334"><ele>-4.6</ele></trkpt><trkpt lat="-27.005695" lon="-48.60508333333334"><ele>-4.6</ele></trkpt><trkpt lat="-27.005695" lon="-48.60508333333334"><ele>-4.6</ele></trkpt><trkpt lat="-27.005695" lon="-48.60508333333334"><ele>-4.6</ele></trkpt><trkpt lat="-27.005695" lon="-48.60508333333334"><ele>-4.6</ele></trkpt><trkpt lat="-27.005695" lon="-48.60508333333334"><ele>-4.6</ele></trkpt><trkpt lat="-27.005695" lon="-48.60508333333334"><ele>-4.6</ele></trkpt><trkpt lat="-27.005695" lon="-48.60508333333334"><ele>-4.6</ele></trkpt><trkpt lat="-27.005668333333332" lon="-48.60519333333333"><ele>12.799999999999999</ele></trkpt><trkpt lat="-27.005671666666665" lon="-48.60520499999999"><ele>12.799999999999999</ele></trkpt><trkpt lat="-27.005678333333336" lon="-48.60521666666667"><ele>12.6</ele></trkpt><trkpt lat="-27.005678333333336" lon="-48.60524"><ele>12.4</ele></trkpt><trkpt lat="-27.005674999999997" lon="-48.60526333333334"><ele>12.299999999999999</ele></trkpt><trkpt lat="-27.005678333333336" lon="-48.60529666666666"><ele>12.2</ele></trkpt><trkpt lat="-27.005681666666668" lon="-48.605336666666666"><ele>12.1</ele></trkpt><trkpt lat="-27.005689999999998" lon="-48.605375"><ele>11.799999999999999</ele></trkpt><trkpt lat="-27.005703333333333" lon="-48.605414999999994"><ele>11.299999999999999</ele></trkpt><trkpt lat="-27.005719999999997" lon="-48.605450000000005"><ele>10.9</ele></trkpt><trkpt lat="-27.005736666666667" lon="-48.60548666666667"><ele>10.299999999999999</ele></trkpt><trkpt lat="-27.005755" lon="-48.605518333333336"><ele>9.799999999999999</ele></trkpt><trkpt lat="-27.005775000000003" lon="-48.605549999999994"><ele>8.8</ele></trkpt><trkpt lat="-27.005791666666664" lon="-48.60557333333333"><ele>8.1</ele></trkpt><trkpt lat="-27.005806666666665" lon="-48.60559333333334"><ele>7.9</ele></trkpt><trkpt lat="-27.005823333333336" lon="-48.60561333333333"><ele>7.5</ele></trkpt><trkpt lat="-27.005835" lon="-48.605628333333335"><ele>6.9</ele></trkpt><trkpt lat="-27.005848333333333" lon="-48.605639999999994"><ele>5.699999999999999</ele></trkpt><trkpt lat="-27.00586333333333" lon="-48.60565666666666"><ele>4.5</ele></trkpt><trkpt lat="-27.005856666666666" lon="-48.60567833333333"><ele>4.5</ele></trkpt><trkpt lat="-27.005858333333336" lon="-48.60568333333334"><ele>4.5</ele></trkpt><trkpt lat="-27.00586" lon="-48.60568833333333"><ele>4.9</ele></trkpt><trkpt lat="-27.00586" lon="-48.60569166666667"><ele>5.1</ele></trkpt><trkpt lat="-27.00586" lon="-48.605698333333336"><ele>5.300000000000001</ele></trkpt><trkpt lat="-27.00586333333333" lon="-48.60570666666668"><ele>5.4</ele></trkpt><trkpt lat="-27.005861666666668" lon="-48.605715"><ele>5.6</ele></trkpt><trkpt lat="-27.005861666666668" lon="-48.605715"><ele>5.6</ele></trkpt><trkpt lat="-27.00586" lon="-48.605720000000005"><ele>5.800000000000001</ele></trkpt><trkpt lat="-27.00586" lon="-48.605725"><ele>5.9</ele></trkpt><trkpt lat="-27.00586" lon="-48.60572666666667"><ele>5.9</ele></trkpt><trkpt lat="-27.00586" lon="-48.60572666666667"><ele>5.699999999999999</ele></trkpt><trkpt lat="-27.00586" lon="-48.60572666666667"><ele>5.699999999999999</ele></trkpt><trkpt lat="-27.00586" lon="-48.60572666666667"><ele>5.699999999999999</ele></trkpt><trkpt lat="-27.00586" lon="-48.60572666666667"><ele>5.699999999999999</ele></trkpt><trkpt lat="-27.00586" lon="-48.60572666666667"><ele>5.699999999999999</ele></trkpt><trkpt lat="-27.00586" lon="-48.60572666666667"><ele>5.699999999999999</ele></trkpt><trkpt lat="-27.00586" lon="-48.60572666666667"><ele>5.699999999999999</ele></trkpt><trkpt lat="-27.00586" lon="-48.60572666666667"><ele>5.699999999999999</ele></trkpt><trkpt lat="-27.00586" lon="-48.60572666666667"><ele>5.699999999999999</ele></trkpt><trkpt lat="-27.00586" lon="-48.60572666666667"><ele>5.699999999999999</ele></trkpt><trkpt lat="-27.005794999999996" lon="-48.605805"><ele>7.6</ele></trkpt><trkpt lat="-27.005791666666664" lon="-48.605825"><ele>7.4</ele></trkpt><trkpt lat="-27.00578666666667" lon="-48.605845"><ele>7.800000000000001</ele></trkpt><trkpt lat="-27.00578666666667" lon="-48.60586"><ele>8</ele></trkpt><trkpt lat="-27.00578666666667" lon="-48.60587166666666"><ele>8.1</ele></trkpt><trkpt lat="-27.005791666666664" lon="-48.60588333333333"><ele>8.3</ele></trkpt><trkpt lat="-27.00578833333333" lon="-48.60590666666667"><ele>7.9</ele></trkpt><trkpt lat="-27.00579" lon="-48.605915"><ele>7.800000000000001</ele></trkpt><trkpt lat="-27.005791666666664" lon="-48.60591833333333"><ele>7.1</ele></trkpt><trkpt lat="-27.00579833333334" lon="-48.60592"><ele>6.699999999999999</ele></trkpt><trkpt lat="-27.005808333333334" lon="-48.60593000000001"><ele>10.2</ele></trkpt><trkpt lat="-27.005809999999997" lon="-48.605931666666656"><ele>10.2</ele></trkpt><trkpt lat="-27.005816666666668" lon="-48.605931666666656"><ele>10.2</ele></trkpt><trkpt lat="-27.005816666666668" lon="-48.60592833333333"><ele>10.2</ele></trkpt><trkpt lat="-27.005820000000003" lon="-48.60592499999999"><ele>10.1</ele></trkpt><trkpt lat="-27.005821666666666" lon="-48.60592333333334"><ele>10.1</ele></trkpt><trkpt lat="-27.005820000000003" lon="-48.60592"><ele>10</ele></trkpt><trkpt lat="-27.005820000000003" lon="-48.60592"><ele>10</ele></trkpt><trkpt lat="-27.005821666666666" lon="-48.60592166666667"><ele>10.2</ele></trkpt><trkpt lat="-27.005823333333336" lon="-48.60592"><ele>10.299999999999999</ele></trkpt><trkpt lat="-27.005823333333336" lon="-48.60592"><ele>10.299999999999999</ele></trkpt><trkpt lat="-27.005823333333336" lon="-48.60592"><ele>10.299999999999999</ele></trkpt><trkpt lat="-27.005823333333336" lon="-48.60592"><ele>10.299999999999999</ele></trkpt><trkpt lat="-27.005823333333336" lon="-48.60592"><ele>10.299999999999999</ele></trkpt><trkpt lat="-27.005823333333336" lon="-48.60592"><ele>10.299999999999999</ele></trkpt><trkpt lat="-27.005823333333336" lon="-48.60592"><ele>10.299999999999999</ele></trkpt><trkpt lat="-27.005823333333336" lon="-48.60592"><ele>10.299999999999999</ele></trkpt><trkpt lat="-27.005823333333336" lon="-48.60592"><ele>10.299999999999999</ele></trkpt><trkpt lat="-27.005823333333336" lon="-48.60592"><ele>10.299999999999999</ele></trkpt><trkpt lat="-27.005823333333336" lon="-48.60592"><ele>10.299999999999999</ele></trkpt><trkpt lat="-27.005816666666668" lon="-48.605965"><ele>12.9</ele></trkpt><trkpt lat="-27.005816666666668" lon="-48.60598"><ele>12.799999999999999</ele></trkpt><trkpt lat="-27.005826666666668" lon="-48.60599666666667"><ele>12.7</ele></trkpt><trkpt lat="-27.005835" lon="-48.60604333333334"><ele>13</ele></trkpt><trkpt lat="-27.00584333333334" lon="-48.60605999999999"><ele>13.1</ele></trkpt><trkpt lat="-27.005858333333336" lon="-48.60608166666666"><ele>13.299999999999999</ele></trkpt><trkpt lat="-27.005869999999998" lon="-48.60610333333334"><ele>13.5</ele></trkpt><trkpt lat="-27.005883333333333" lon="-48.606134999999995"><ele>13.7</ele></trkpt><trkpt lat="-27.00588833333334" lon="-48.606170000000006"><ele>13.1</ele></trkpt><trkpt lat="-27.005898333333334" lon="-48.60619333333334"><ele>12.6</ele></trkpt><trkpt lat="-27.00590833333333" lon="-48.60622"><ele>11.799999999999999</ele></trkpt><trkpt lat="-27.005918333333337" lon="-48.60624666666666"><ele>10.7</ele></trkpt><trkpt lat="-27.005925" lon="-48.606269999999995"><ele>9.799999999999999</ele></trkpt><trkpt lat="-27.005935" lon="-48.606295"><ele>8.4</ele></trkpt><trkpt lat="-27.005943333333335" lon="-48.606320000000004"><ele>6.9</ele></trkpt><trkpt lat="-27.005946666666667" lon="-48.60635166666666"><ele>5.800000000000001</ele></trkpt><trkpt lat="-27.005946666666667" lon="-48.60639"><ele>5.800000000000001</ele></trkpt><trkpt lat="-27.005946666666667" lon="-48.60643"><ele>6</ele></trkpt><trkpt lat="-27.005955000000004" lon="-48.60646333333334"><ele>5.9</ele></trkpt><trkpt lat="-27.005961666666668" lon="-48.606494999999995"><ele>5.1</ele></trkpt><trkpt lat="-27.005968333333332" lon="-48.606518333333334"><ele>4.2</ele></trkpt><trkpt lat="-27.00597833333334" lon="-48.606541666666665"><ele>3.5</ele></trkpt><trkpt lat="-27.005985000000003" lon="-48.606563333333334"><ele>2.8</ele></trkpt><trkpt lat="-27.005995" lon="-48.60659333333333"><ele>2.3</ele></trkpt><trkpt lat="-27.006001666666666" lon="-48.60662833333334"><ele>2.1</ele></trkpt><trkpt lat="-27.00601" lon="-48.60666"><ele>1.6</ele></trkpt><trkpt lat="-27.006013333333332" lon="-48.60668999999999"><ele>1.4000000000000001</ele></trkpt><trkpt lat="-27.006013333333332" lon="-48.60671833333334"><ele>2</ele></trkpt><trkpt lat="-27.006013333333332" lon="-48.60674833333334"><ele>2.5</ele></trkpt><trkpt lat="-27.006019999999996" lon="-48.60678166666666"><ele>2.3</ele></trkpt><trkpt lat="-27.006023333333328" lon="-48.606815000000005"><ele>2.1</ele></trkpt><trkpt lat="-27.00602666666667" lon="-48.606858333333335"><ele>2.5</ele></trkpt><trkpt lat="-27.00604" lon="-48.60691166666667"><ele>3.2</ele></trkpt><trkpt lat="-27.006051666666668" lon="-48.60696333333333"><ele>4.4</ele></trkpt><trkpt lat="-27.006068333333328" lon="-48.60701833333333"><ele>5.4</ele></trkpt><trkpt lat="-27.006081666666667" lon="-48.60706833333334"><ele>6.5</ele></trkpt><trkpt lat="-27.006095" lon="-48.60712333333333"><ele>7.9</ele></trkpt><trkpt lat="-27.00609833333333" lon="-48.607173333333336"><ele>9</ele></trkpt><trkpt lat="-27.006093333333336" lon="-48.60720333333334"><ele>10</ele></trkpt><trkpt lat="-27.00608666666667" lon="-48.607218333333336"><ele>10.9</ele></trkpt><trkpt lat="-27.006076666666665" lon="-48.60722333333333"><ele>11.4</ele></trkpt><trkpt lat="-27.006073333333333" lon="-48.607231666666664"><ele>11.799999999999999</ele></trkpt><trkpt lat="-27.00607" lon="-48.60723333333333"><ele>12.4</ele></trkpt><trkpt lat="-27.006076666666665" lon="-48.60723500000001"><ele>12.6</ele></trkpt><trkpt lat="-27.006078333333335" lon="-48.607238333333335"><ele>12.7</ele></trkpt><trkpt lat="-27.006078333333335" lon="-48.607245"><ele>12.9</ele></trkpt><trkpt lat="-27.006081666666667" lon="-48.607245"><ele>12.799999999999999</ele></trkpt><trkpt lat="-27.006081666666667" lon="-48.60724833333334"><ele>13.2</ele></trkpt><trkpt lat="-27.006081666666667" lon="-48.60724666666667"><ele>13.5</ele></trkpt><trkpt lat="-27.00608333333333" lon="-48.60724666666667"><ele>13.7</ele></trkpt><trkpt lat="-27.00608333333333" lon="-48.60724666666667"><ele>14.299999999999999</ele></trkpt><trkpt lat="-27.00608333333333" lon="-48.60724666666667"><ele>14.299999999999999</ele></trkpt><trkpt lat="-27.00608333333333" lon="-48.60724666666667"><ele>14.299999999999999</ele></trkpt><trkpt lat="-27.00608333333333" lon="-48.60724666666667"><ele>14.299999999999999</ele></trkpt><trkpt lat="-27.00608333333333" lon="-48.60724666666667"><ele>14.299999999999999</ele></trkpt><trkpt lat="-27.00608333333333" lon="-48.60724666666667"><ele>14.299999999999999</ele></trkpt><trkpt lat="-27.00608333333333" lon="-48.60724666666667"><ele>14.299999999999999</ele></trkpt><trkpt lat="-27.00608333333333" lon="-48.60724666666667"><ele>14.299999999999999</ele></trkpt><trkpt lat="-27.00608333333333" lon="-48.60724666666667"><ele>14.299999999999999</ele></trkpt><trkpt lat="-27.00608333333333" lon="-48.60724666666667"><ele>14.299999999999999</ele></trkpt><trkpt lat="-27.00608333333333" lon="-48.60724666666667"><ele>14.299999999999999</ele></trkpt><trkpt lat="-27.00608333333333" lon="-48.60724666666667"><ele>14.299999999999999</ele></trkpt><trkpt lat="-27.00608333333333" lon="-48.60724666666667"><ele>14.299999999999999</ele></trkpt><trkpt lat="-27.00608333333333" lon="-48.60724666666667"><ele>14.299999999999999</ele></trkpt><trkpt lat="-27.00608333333333" lon="-48.60724666666667"><ele>14.299999999999999</ele></trkpt><trkpt lat="-27.00608333333333" lon="-48.60724666666667"><ele>14.299999999999999</ele></trkpt><trkpt lat="-27.00608333333333" lon="-48.60724666666667"><ele>14.299999999999999</ele></trkpt><trkpt lat="-27.00608333333333" lon="-48.60724666666667"><ele>14.299999999999999</ele></trkpt><trkpt lat="-27.00608333333333" lon="-48.60724666666667"><ele>14.299999999999999</ele></trkpt><trkpt lat="-27.00608333333333" lon="-48.60724666666667"><ele>14.299999999999999</ele></trkpt><trkpt lat="-27.00608333333333" lon="-48.60724666666667"><ele>14.299999999999999</ele></trkpt><trkpt lat="-27.00608333333333" lon="-48.60724666666667"><ele>14.299999999999999</ele></trkpt><trkpt lat="-27.00608333333333" lon="-48.60724666666667"><ele>14.299999999999999</ele></trkpt><trkpt lat="-27.00608333333333" lon="-48.60724666666667"><ele>14.299999999999999</ele></trkpt><trkpt lat="-27.00608333333333" lon="-48.60724666666667"><ele>14.299999999999999</ele></trkpt><trkpt lat="-27.00608333333333" lon="-48.60724666666667"><ele>14.299999999999999</ele></trkpt><trkpt lat="-27.00608333333333" lon="-48.60724666666667"><ele>14.299999999999999</ele></trkpt><trkpt lat="-27.00608333333333" lon="-48.60724666666667"><ele>14.299999999999999</ele></trkpt><trkpt lat="-27.00608333333333" lon="-48.60724666666667"><ele>14.299999999999999</ele></trkpt><trkpt lat="-27.00608333333333" lon="-48.60724666666667"><ele>14.299999999999999</ele></trkpt><trkpt lat="-27.00608333333333" lon="-48.60724666666667"><ele>14.299999999999999</ele></trkpt><trkpt lat="-27.00608333333333" lon="-48.60724666666667"><ele>14.299999999999999</ele></trkpt><trkpt lat="-27.00608333333333" lon="-48.60724666666667"><ele>14.299999999999999</ele></trkpt><trkpt lat="-27.00608333333333" lon="-48.60724666666667"><ele>14.299999999999999</ele></trkpt><trkpt lat="-27.00608333333333" lon="-48.60724666666667"><ele>14.299999999999999</ele></trkpt><trkpt lat="-27.00608333333333" lon="-48.60724666666667"><ele>14.299999999999999</ele></trkpt><trkpt lat="-27.00608333333333" lon="-48.60724666666667"><ele>14.299999999999999</ele></trkpt><trkpt lat="-27.00608333333333" lon="-48.60724666666667"><ele>14.299999999999999</ele></trkpt><trkpt lat="-27.00608333333333" lon="-48.60724666666667"><ele>14.299999999999999</ele></trkpt><trkpt lat="-27.00608333333333" lon="-48.60724666666667"><ele>14.299999999999999</ele></trkpt><trkpt lat="-27.00608333333333" lon="-48.60724666666667"><ele>14.299999999999999</ele></trkpt><trkpt lat="-27.00608333333333" lon="-48.60724666666667"><ele>14.299999999999999</ele></trkpt><trkpt lat="-27.00608333333333" lon="-48.60724666666667"><ele>14.299999999999999</ele></trkpt><trkpt lat="-27.00608333333333" lon="-48.60724666666667"><ele>14.299999999999999</ele></trkpt><trkpt lat="-27.00608333333333" lon="-48.60724666666667"><ele>14.299999999999999</ele></trkpt><trkpt lat="-27.00608333333333" lon="-48.60724666666667"><ele>14.299999999999999</ele></trkpt><trkpt lat="-27.00608333333333" lon="-48.60724666666667"><ele>14.299999999999999</ele></trkpt><trkpt lat="-27.00608333333333" lon="-48.60724666666667"><ele>14.299999999999999</ele></trkpt><trkpt lat="-27.00608333333333" lon="-48.60724666666667"><ele>14.299999999999999</ele></trkpt><trkpt lat="-27.00608333333333" lon="-48.60724666666667"><ele>14.299999999999999</ele></trkpt><trkpt lat="-27.00608333333333" lon="-48.60724666666667"><ele>14.299999999999999</ele></trkpt><trkpt lat="-27.00608333333333" lon="-48.60724666666667"><ele>14.299999999999999</ele></trkpt><trkpt lat="-27.00608333333333" lon="-48.60724666666667"><ele>14.299999999999999</ele></trkpt><trkpt lat="-27.00608333333333" lon="-48.60724666666667"><ele>14.299999999999999</ele></trkpt><trkpt lat="-27.00608333333333" lon="-48.60724666666667"><ele>14.299999999999999</ele></trkpt><trkpt lat="-27.00608333333333" lon="-48.60724666666667"><ele>14.299999999999999</ele></trkpt><trkpt lat="-27.00608833333333" lon="-48.60729500000001"><ele>13</ele></trkpt><trkpt lat="-27.00608666666667" lon="-48.60729500000001"><ele>12.4</ele></trkpt><trkpt lat="-27.006085" lon="-48.60730333333333"><ele>12.2</ele></trkpt><trkpt lat="-27.00608666666667" lon="-48.607305"><ele>11.9</ele></trkpt><trkpt lat="-27.00608666666667" lon="-48.607305"><ele>11.9</ele></trkpt><trkpt lat="-27.006095" lon="-48.607308333333336"><ele>12</ele></trkpt><trkpt lat="-27.0061" lon="-48.607310000000005"><ele>11.7</ele></trkpt><trkpt lat="-27.00610166666667" lon="-48.607308333333336"><ele>11.7</ele></trkpt><trkpt lat="-27.006103333333332" lon="-48.607308333333336"><ele>11.5</ele></trkpt><trkpt lat="-27.006103333333332" lon="-48.607308333333336"><ele>11.5</ele></trkpt><trkpt lat="-27.006103333333332" lon="-48.607308333333336"><ele>11.5</ele></trkpt><trkpt lat="-27.006103333333332" lon="-48.607308333333336"><ele>11.5</ele></trkpt><trkpt lat="-27.006103333333332" lon="-48.607308333333336"><ele>11.5</ele></trkpt><trkpt lat="-27.006103333333332" lon="-48.607308333333336"><ele>11.5</ele></trkpt><trkpt lat="-27.006103333333332" lon="-48.607308333333336"><ele>11.5</ele></trkpt><trkpt lat="-27.006103333333332" lon="-48.607308333333336"><ele>11.5</ele></trkpt><trkpt lat="-27.006103333333332" lon="-48.607308333333336"><ele>11.5</ele></trkpt><trkpt lat="-27.006103333333332" lon="-48.607308333333336"><ele>11.5</ele></trkpt><trkpt lat="-27.006085" lon="-48.60729666666666"><ele>8.3</ele></trkpt><trkpt lat="-27.006076666666665" lon="-48.60729500000001"><ele>8.5</ele></trkpt><trkpt lat="-27.00607166666667" lon="-48.60729500000001"><ele>8.2</ele></trkpt><trkpt lat="-27.006073333333333" lon="-48.607286666666674"><ele>8.6</ele></trkpt><trkpt lat="-27.006068333333328" lon="-48.60729"><ele>8.9</ele></trkpt><trkpt lat="-27.00607" lon="-48.60729166666667"><ele>9.1</ele></trkpt><trkpt lat="-27.00607" lon="-48.60729166666667"><ele>9.1</ele></trkpt><trkpt lat="-27.00607" lon="-48.60729166666667"><ele>9.1</ele></trkpt><trkpt lat="-27.00607" lon="-48.60729166666667"><ele>9.1</ele></trkpt><trkpt lat="-27.006078333333335" lon="-48.60731333333333"><ele>9</ele></trkpt><trkpt lat="-27.006078333333335" lon="-48.607330000000005"><ele>8.8</ele></trkpt><trkpt lat="-27.006078333333335" lon="-48.60734333333333"><ele>8.7</ele></trkpt><trkpt lat="-27.006081666666667" lon="-48.60735833333333"><ele>9.1</ele></trkpt><trkpt lat="-27.00608333333333" lon="-48.60737833333333"><ele>9.1</ele></trkpt><trkpt lat="-27.00608333333333" lon="-48.60739333333333"><ele>9.1</ele></trkpt><trkpt lat="-27.006085" lon="-48.607409999999994"><ele>9.6</ele></trkpt><trkpt lat="-27.006085" lon="-48.607435"><ele>10</ele></trkpt><trkpt lat="-27.00608666666667" lon="-48.60745"><ele>10.2</ele></trkpt><trkpt lat="-27.00608666666667" lon="-48.60745166666667"><ele>10.2</ele></trkpt><trkpt lat="-27.006091666666666" lon="-48.607453333333325"><ele>10.299999999999999</ele></trkpt><trkpt lat="-27.006095" lon="-48.60745166666667"><ele>10.6</ele></trkpt><trkpt lat="-27.0061" lon="-48.60745"><ele>10.9</ele></trkpt><trkpt lat="-27.0061" lon="-48.60745166666667"><ele>11.2</ele></trkpt><trkpt lat="-27.00610166666667" lon="-48.60745"><ele>11.4</ele></trkpt><trkpt lat="-27.006106666666664" lon="-48.60744666666666"><ele>11.799999999999999</ele></trkpt><trkpt lat="-27.006111666666666" lon="-48.607443333333336"><ele>12.2</ele></trkpt><trkpt lat="-27.006111666666666" lon="-48.607443333333336"><ele>12.2</ele></trkpt><trkpt lat="-27.006115" lon="-48.607441666666666"><ele>12.4</ele></trkpt><trkpt lat="-27.006115" lon="-48.607441666666666"><ele>12.4</ele></trkpt><trkpt lat="-27.006115" lon="-48.60746833333333"><ele>10.5</ele></trkpt><trkpt lat="-27.006115" lon="-48.60746833333333"><ele>10.5</ele></trkpt><trkpt lat="-27.006115" lon="-48.60746833333333"><ele>10.5</ele></trkpt><trkpt lat="-27.006115" lon="-48.60746833333333"><ele>10.5</ele></trkpt><trkpt lat="-27.006115" lon="-48.60746833333333"><ele>10.5</ele></trkpt><trkpt lat="-27.006115" lon="-48.60746833333333"><ele>10.5</ele></trkpt><trkpt lat="-27.006115" lon="-48.60746833333333"><ele>10.5</ele></trkpt><trkpt lat="-27.006115" lon="-48.60746833333333"><ele>10.5</ele></trkpt><trkpt lat="-27.006115" lon="-48.60746833333333"><ele>10.5</ele></trkpt><trkpt lat="-27.006115" lon="-48.60746833333333"><ele>10.5</ele></trkpt><trkpt lat="-27.006115" lon="-48.60746833333333"><ele>10.5</ele></trkpt><trkpt lat="-27.006115" lon="-48.60746833333333"><ele>10.5</ele></trkpt><trkpt lat="-27.006115" lon="-48.60746833333333"><ele>10.5</ele></trkpt><trkpt lat="-27.006115" lon="-48.60746833333333"><ele>10.5</ele></trkpt><trkpt lat="-27.006115" lon="-48.60746833333333"><ele>10.5</ele></trkpt><trkpt lat="-27.006115" lon="-48.60746833333333"><ele>10.5</ele></trkpt><trkpt lat="-27.006115" lon="-48.60746833333333"><ele>10.5</ele></trkpt><trkpt lat="-27.006115" lon="-48.60746833333333"><ele>10.5</ele></trkpt><trkpt lat="-27.006115" lon="-48.60746833333333"><ele>10.5</ele></trkpt><trkpt lat="-27.006115" lon="-48.60746833333333"><ele>10.5</ele></trkpt><trkpt lat="-27.006115" lon="-48.60746833333333"><ele>10.5</ele></trkpt><trkpt lat="-27.006120000000003" lon="-48.60746000000001"><ele>12.6</ele></trkpt><trkpt lat="-27.006118333333333" lon="-48.60746833333333"><ele>12.6</ele></trkpt><trkpt lat="-27.006115" lon="-48.60746833333333"><ele>12.4</ele></trkpt><trkpt lat="-27.006115" lon="-48.60746833333333"><ele>12.4</ele></trkpt><trkpt lat="-27.006115" lon="-48.607466666666674"><ele>12.4</ele></trkpt><trkpt lat="-27.006113333333328" lon="-48.607463333333335"><ele>12.7</ele></trkpt><trkpt lat="-27.006113333333328" lon="-48.607463333333335"><ele>12.7</ele></trkpt><trkpt lat="-27.006113333333328" lon="-48.607463333333335"><ele>12.7</ele></trkpt><trkpt lat="-27.006113333333328" lon="-48.607463333333335"><ele>12.7</ele></trkpt><trkpt lat="-27.006113333333328" lon="-48.607463333333335"><ele>12.7</ele></trkpt><trkpt lat="-27.006113333333328" lon="-48.607463333333335"><ele>12.7</ele></trkpt><trkpt lat="-27.006113333333328" lon="-48.607463333333335"><ele>12.7</ele></trkpt><trkpt lat="-27.006113333333328" lon="-48.607463333333335"><ele>12.7</ele></trkpt><trkpt lat="-27.006113333333328" lon="-48.607463333333335"><ele>12.7</ele></trkpt><trkpt lat="-27.006113333333328" lon="-48.607463333333335"><ele>12.7</ele></trkpt><trkpt lat="-27.006091666666666" lon="-48.607495"><ele>11.4</ele></trkpt><trkpt lat="-27.006091666666666" lon="-48.607511666666674"><ele>11.1</ele></trkpt><trkpt lat="-27.006096666666668" lon="-48.607543333333325"><ele>10.9</ele></trkpt><trkpt lat="-27.00609833333333" lon="-48.60756666666666"><ele>10.799999999999999</ele></trkpt><trkpt lat="-27.006093333333336" lon="-48.60758666666667"><ele>10.799999999999999</ele></trkpt><trkpt lat="-27.00609833333333" lon="-48.607615"><ele>11.1</ele></trkpt><trkpt lat="-27.006106666666664" lon="-48.607645000000005"><ele>11.1</ele></trkpt><trkpt lat="-27.006113333333328" lon="-48.60767333333333"><ele>10.9</ele></trkpt><trkpt lat="-27.006120000000003" lon="-48.60770333333333"><ele>10.5</ele></trkpt><trkpt lat="-27.006120000000003" lon="-48.60773166666666"><ele>10.2</ele></trkpt><trkpt lat="-27.006124999999997" lon="-48.607760000000006"><ele>7.5</ele></trkpt><trkpt lat="-27.00613166666667" lon="-48.607781666666675"><ele>6.5</ele></trkpt><trkpt lat="-27.00614" lon="-48.607805000000006"><ele>4.9</ele></trkpt><trkpt lat="-27.006145" lon="-48.607823333333336"><ele>5.1</ele></trkpt><trkpt lat="-27.006145" lon="-48.60783833333333"><ele>4.4</ele></trkpt><trkpt lat="-27.00615" lon="-48.60785333333333"><ele>3.5</ele></trkpt><trkpt lat="-27.006153333333334" lon="-48.607861666666665"><ele>2.2</ele></trkpt><trkpt lat="-27.006153333333334" lon="-48.607861666666665"><ele>2.2</ele></trkpt><trkpt lat="-27.006154999999996" lon="-48.607875"><ele>1.6</ele></trkpt><trkpt lat="-27.006154999999996" lon="-48.60789"><ele>0.9000000000000001</ele></trkpt><trkpt lat="-27.006156666666666" lon="-48.60789833333333"><ele>1</ele></trkpt><trkpt lat="-27.006158333333328" lon="-48.607906666666665"><ele>1.7000000000000002</ele></trkpt><trkpt lat="-27.00616" lon="-48.60791166666666"><ele>2.3</ele></trkpt><trkpt lat="-27.006156666666666" lon="-48.60792166666667"><ele>2.8</ele></trkpt><trkpt lat="-27.006156666666666" lon="-48.607924999999994"><ele>3.1</ele></trkpt><trkpt lat="-27.006158333333328" lon="-48.607928333333334"><ele>3.5</ele></trkpt><trkpt lat="-27.006156666666666" lon="-48.60793"><ele>3.8000000000000003</ele></trkpt><trkpt lat="-27.006156666666666" lon="-48.60793166666667"><ele>3.9</ele></trkpt><trkpt lat="-27.006156666666666" lon="-48.607935"><ele>4</ele></trkpt><trkpt lat="-27.006156666666666" lon="-48.607935"><ele>4.2</ele></trkpt><trkpt lat="-27.006156666666666" lon="-48.607935"><ele>4.2</ele></trkpt><trkpt lat="-27.006156666666666" lon="-48.607935"><ele>4.2</ele></trkpt><trkpt lat="-27.006156666666666" lon="-48.607935"><ele>4.2</ele></trkpt><trkpt lat="-27.006156666666666" lon="-48.607935"><ele>4.2</ele></trkpt><trkpt lat="-27.006156666666666" lon="-48.607935"><ele>4.2</ele></trkpt><trkpt lat="-27.006156666666666" lon="-48.607935"><ele>4.2</ele></trkpt><trkpt lat="-27.006156666666666" lon="-48.607935"><ele>4.2</ele></trkpt><trkpt lat="-27.006156666666666" lon="-48.607935"><ele>4.2</ele></trkpt><trkpt lat="-27.006156666666666" lon="-48.607935"><ele>4.2</ele></trkpt><trkpt lat="-27.006156666666666" lon="-48.607935"><ele>4.2</ele></trkpt><trkpt lat="-27.006156666666666" lon="-48.607935"><ele>4.2</ele></trkpt><trkpt lat="-27.006156666666666" lon="-48.607935"><ele>4.2</ele></trkpt><trkpt lat="-27.006156666666666" lon="-48.607935"><ele>4.2</ele></trkpt><trkpt lat="-27.006156666666666" lon="-48.607935"><ele>4.2</ele></trkpt><trkpt lat="-27.006156666666666" lon="-48.607935"><ele>4.2</ele></trkpt><trkpt lat="-27.006156666666666" lon="-48.607935"><ele>4.2</ele></trkpt><trkpt lat="-27.006156666666666" lon="-48.607935"><ele>4.2</ele></trkpt><trkpt lat="-27.006156666666666" lon="-48.607935"><ele>4.2</ele></trkpt><trkpt lat="-27.00613166666667" lon="-48.607960000000006"><ele>4.300000000000001</ele></trkpt><trkpt lat="-27.00613333333333" lon="-48.607973333333334"><ele>4</ele></trkpt><trkpt lat="-27.006138333333336" lon="-48.60799"><ele>4</ele></trkpt><trkpt lat="-27.006141666666668" lon="-48.608016666666664"><ele>4.1</ele></trkpt><trkpt lat="-27.00614" lon="-48.608048333333336"><ele>4.2</ele></trkpt><trkpt lat="-27.00614333333333" lon="-48.608086666666665"><ele>4.2</ele></trkpt><trkpt lat="-27.00614333333333" lon="-48.60811166666667"><ele>4.4</ele></trkpt><trkpt lat="-27.006145" lon="-48.60814666666667"><ele>4.6</ele></trkpt><trkpt lat="-27.006145" lon="-48.608185000000006"><ele>4.7</ele></trkpt><trkpt lat="-27.006145" lon="-48.608221666666665"><ele>4.7</ele></trkpt><trkpt lat="-27.006138333333336" lon="-48.60825833333333"><ele>4.7</ele></trkpt><trkpt lat="-27.006124999999997" lon="-48.60829333333333"><ele>4.800000000000001</ele></trkpt><trkpt lat="-27.006113333333328" lon="-48.608329999999995"><ele>4.7</ele></trkpt><trkpt lat="-27.006103333333332" lon="-48.60837"><ele>4.7</ele></trkpt><trkpt lat="-27.006096666666668" lon="-48.60840499999999"><ele>4.7</ele></trkpt><trkpt lat="-27.006090000000004" lon="-48.608446666666666"><ele>4.6</ele></trkpt><trkpt lat="-27.006085" lon="-48.608489999999996"><ele>3.9</ele></trkpt><trkpt lat="-27.006079999999997" lon="-48.608534999999996"><ele>3.4000000000000004</ele></trkpt><trkpt lat="-27.00608666666667" lon="-48.608575"><ele>3.6</ele></trkpt><trkpt lat="-27.00608833333333" lon="-48.60861333333334"><ele>3.8000000000000003</ele></trkpt><trkpt lat="-27.006055" lon="-48.60867833333334"><ele>9.4</ele></trkpt><trkpt lat="-27.00605666666667" lon="-48.60872166666666"><ele>9.799999999999999</ele></trkpt><trkpt lat="-27.00605333333333" lon="-48.60876666666666"><ele>9.799999999999999</ele></trkpt><trkpt lat="-27.006051666666668" lon="-48.608808333333336"><ele>9.7</ele></trkpt><trkpt lat="-27.006046666666666" lon="-48.60885"><ele>9.3</ele></trkpt><trkpt lat="-27.006045000000004" lon="-48.60888333333334"><ele>9.6</ele></trkpt><trkpt lat="-27.00604333333333" lon="-48.608914999999996"><ele>9.799999999999999</ele></trkpt><trkpt lat="-27.00604" lon="-48.60894666666666"><ele>10</ele></trkpt><trkpt lat="-27.006034999999997" lon="-48.608985"><ele>9.6</ele></trkpt><trkpt lat="-27.00604" lon="-48.60903166666667"><ele>9</ele></trkpt><trkpt lat="-27.006045000000004" lon="-48.60907333333333"><ele>7.5</ele></trkpt><trkpt lat="-27.00605666666667" lon="-48.60912499999999"><ele>5.9</ele></trkpt><trkpt lat="-27.006061666666664" lon="-48.60917333333334"><ele>4.4</ele></trkpt><trkpt lat="-27.00607" lon="-48.60922333333333"><ele>2.9000000000000004</ele></trkpt><trkpt lat="-27.00607166666667" lon="-48.60927"><ele>3.2</ele></trkpt><trkpt lat="-27.006079999999997" lon="-48.60932"><ele>2.8</ele></trkpt><trkpt lat="-27.00608833333333" lon="-48.609370000000006"><ele>2</ele></trkpt><trkpt lat="-27.006095" lon="-48.60941166666667"><ele>1.7000000000000002</ele></trkpt><trkpt lat="-27.00610166666667" lon="-48.60945666666667"><ele>1.6</ele></trkpt><trkpt lat="-27.00610166666667" lon="-48.60950166666667"><ele>1.4000000000000001</ele></trkpt><trkpt lat="-27.00610166666667" lon="-48.60954666666667"><ele>1.2000000000000002</ele></trkpt><trkpt lat="-27.006108333333334" lon="-48.609595000000006"><ele>1.3</ele></trkpt><trkpt lat="-27.00613166666667" lon="-48.60964166666666"><ele>-0.6000000000000001</ele></trkpt><trkpt lat="-27.00613" lon="-48.60969333333334"><ele>-0.8999999999999999</ele></trkpt><trkpt lat="-27.006126666666667" lon="-48.60974666666666"><ele>-1.1999999999999997</ele></trkpt><trkpt lat="-27.00613166666667" lon="-48.60980166666666"><ele>-1.1</ele></trkpt><trkpt lat="-27.00612833333333" lon="-48.609855"><ele>-0.8999999999999999</ele></trkpt><trkpt lat="-27.006120000000003" lon="-48.60990666666667"><ele>-0.8999999999999999</ele></trkpt><trkpt lat="-27.006115" lon="-48.60995833333333"><ele>-1</ele></trkpt><trkpt lat="-27.00609833333333" lon="-48.610005"><ele>-0.6999999999999997</ele></trkpt><trkpt lat="-27.006095" lon="-48.61005"><ele>-0.7999999999999998</ele></trkpt><trkpt lat="-27.00608333333333" lon="-48.61009333333333"><ele>-0.7999999999999998</ele></trkpt><trkpt lat="-27.00605333333333" lon="-48.61013500000001"><ele>-0.19999999999999996</ele></trkpt><trkpt lat="-27.00604333333333" lon="-48.61017333333333"><ele>-0.09999999999999987</ele></trkpt><trkpt lat="-27.006030000000003" lon="-48.610211666666665"><ele>0.20000000000000018</ele></trkpt><trkpt lat="-27.006018333333333" lon="-48.61025166666666"><ele>0.6000000000000001</ele></trkpt><trkpt lat="-27.006005" lon="-48.61028833333333"><ele>1.8</ele></trkpt><trkpt lat="-27.005991666666667" lon="-48.610326666666666"><ele>2.8</ele></trkpt><trkpt lat="-27.00598166666667" lon="-48.61036666666667"><ele>3</ele></trkpt><trkpt lat="-27.005974999999996" lon="-48.61041166666667"><ele>3.8000000000000003</ele></trkpt><trkpt lat="-27.005971666666664" lon="-48.61045666666667"><ele>4.2</ele></trkpt><trkpt lat="-27.005973333333333" lon="-48.610508333333335"><ele>3.8000000000000003</ele></trkpt><trkpt lat="-27.005976666666665" lon="-48.610553333333336"><ele>2.9000000000000004</ele></trkpt><trkpt lat="-27.005971666666664" lon="-48.610596666666666"><ele>2.9000000000000004</ele></trkpt><trkpt lat="-27.005965" lon="-48.610635"><ele>3</ele></trkpt><trkpt lat="-27.005958333333336" lon="-48.61067333333334"><ele>3.1</ele></trkpt><trkpt lat="-27.005955000000004" lon="-48.61071333333333"><ele>3</ele></trkpt><trkpt lat="-27.005959999999998" lon="-48.610744999999994"><ele>3.1</ele></trkpt><trkpt lat="-27.00597" lon="-48.61077166666667"><ele>2.9000000000000004</ele></trkpt><trkpt lat="-27.005976666666665" lon="-48.61079500000001"><ele>2.7</ele></trkpt><trkpt lat="-27.005973333333333" lon="-48.61083"><ele>2.6</ele></trkpt><trkpt lat="-27.005973333333333" lon="-48.610868333333336"><ele>2.4000000000000004</ele></trkpt><trkpt lat="-27.00597" lon="-48.61090000000001"><ele>2.6</ele></trkpt><trkpt lat="-27.005963333333337" lon="-48.610924999999995"><ele>2.4000000000000004</ele></trkpt><trkpt lat="-27.005963333333337" lon="-48.61094166666667"><ele>1.8</ele></trkpt><trkpt lat="-27.00596666666667" lon="-48.610944999999994"><ele>1.6</ele></trkpt><trkpt lat="-27.00596666666667" lon="-48.61094"><ele>2.3</ele></trkpt><trkpt lat="-27.005965" lon="-48.610936666666674"><ele>2</ele></trkpt><trkpt lat="-27.005968333333332" lon="-48.610936666666674"><ele>2.1</ele></trkpt><trkpt lat="-27.00597" lon="-48.610931666666666"><ele>2.2</ele></trkpt><trkpt lat="-27.005963333333337" lon="-48.610926666666664"><ele>2</ele></trkpt><trkpt lat="-27.005963333333337" lon="-48.610924999999995"><ele>2.5</ele></trkpt><trkpt lat="-27.00596666666667" lon="-48.610924999999995"><ele>2.6</ele></trkpt><trkpt lat="-27.005974999999996" lon="-48.61093000000001"><ele>2.5</ele></trkpt><trkpt lat="-27.005973333333333" lon="-48.61093000000001"><ele>2.4000000000000004</ele></trkpt><trkpt lat="-27.005976666666665" lon="-48.61093000000001"><ele>2.3</ele></trkpt><trkpt lat="-27.00597833333334" lon="-48.61092833333334"><ele>2.5</ele></trkpt><trkpt lat="-27.00598" lon="-48.61093000000001"><ele>2.5</ele></trkpt><trkpt lat="-27.00598" lon="-48.61093000000001"><ele>2.5</ele></trkpt><trkpt lat="-27.00598" lon="-48.61093000000001"><ele>2.5</ele></trkpt><trkpt lat="-27.00598" lon="-48.61093000000001"><ele>2.5</ele></trkpt><trkpt lat="-27.00598" lon="-48.61093000000001"><ele>2.5</ele></trkpt><trkpt lat="-27.00598" lon="-48.61093000000001"><ele>2.5</ele></trkpt><trkpt lat="-27.00598" lon="-48.61093000000001"><ele>2.5</ele></trkpt><trkpt lat="-27.00598166666667" lon="-48.61094166666667"><ele>2.9000000000000004</ele></trkpt><trkpt lat="-27.00598166666667" lon="-48.61094666666666"><ele>2.7</ele></trkpt><trkpt lat="-27.005976666666665" lon="-48.61094833333333"><ele>2.5</ele></trkpt><trkpt lat="-27.005973333333333" lon="-48.61095"><ele>2.1</ele></trkpt><trkpt lat="-27.005973333333333" lon="-48.61095"><ele>2.1</ele></trkpt><trkpt lat="-27.005973333333333" lon="-48.61095"><ele>2.1</ele></trkpt><trkpt lat="-27.005973333333333" lon="-48.61095"><ele>2.1</ele></trkpt><trkpt lat="-27.005973333333333" lon="-48.61095"><ele>2.1</ele></trkpt><trkpt lat="-27.005973333333333" lon="-48.61095"><ele>2.1</ele></trkpt><trkpt lat="-27.005973333333333" lon="-48.61095"><ele>2.1</ele></trkpt><trkpt lat="-27.005973333333333" lon="-48.61095"><ele>2.1</ele></trkpt><trkpt lat="-27.005973333333333" lon="-48.61095"><ele>2.1</ele></trkpt><trkpt lat="-27.005973333333333" lon="-48.61095"><ele>2.1</ele></trkpt><trkpt lat="-27.006006666666668" lon="-48.61094833333333"><ele>-0.6999999999999997</ele></trkpt><trkpt lat="-27.006023333333328" lon="-48.61094333333334"><ele>-0.7999999999999998</ele></trkpt><trkpt lat="-27.006033333333335" lon="-48.610936666666674"><ele>-1.1999999999999997</ele></trkpt><trkpt lat="-27.00603833333333" lon="-48.61092166666667"><ele>-1.2999999999999998</ele></trkpt><trkpt lat="-27.00604166666667" lon="-48.61090333333333"><ele>-1.1999999999999997</ele></trkpt><trkpt lat="-27.00604166666667" lon="-48.61087166666666"><ele>-0.5</ele></trkpt><trkpt lat="-27.006036666666667" lon="-48.610833333333325"><ele>-0.19999999999999996</ele></trkpt><trkpt lat="-27.006015" lon="-48.61079333333334"><ele>0</ele></trkpt><trkpt lat="-27.006005" lon="-48.610755000000005"><ele>0.10000000000000009</ele></trkpt><trkpt lat="-27.005995" lon="-48.610710000000005"><ele>0.30000000000000004</ele></trkpt><trkpt lat="-27.005976666666665" lon="-48.61063666666667"><ele>1.9000000000000001</ele></trkpt><trkpt lat="-27.005985000000003" lon="-48.610594999999996"><ele>2.7</ele></trkpt><trkpt lat="-27.005995" lon="-48.61055833333333"><ele>3.4000000000000004</ele></trkpt><trkpt lat="-27.005996666666668" lon="-48.61051666666667"><ele>4.800000000000001</ele></trkpt><trkpt lat="-27.006006666666668" lon="-48.610473333333324"><ele>5.300000000000001</ele></trkpt><trkpt lat="-27.006016666666664" lon="-48.61043166666666"><ele>5.699999999999999</ele></trkpt><trkpt lat="-27.006025" lon="-48.61039833333333"><ele>5.6</ele></trkpt><trkpt lat="-27.006028333333333" lon="-48.61036000000001"><ele>5.9</ele></trkpt><trkpt lat="-27.00603833333333" lon="-48.61031500000001"><ele>6.199999999999999</ele></trkpt><trkpt lat="-27.00604" lon="-48.61027166666666"><ele>7.5</ele></trkpt><trkpt lat="-27.00605" lon="-48.610233333333326"><ele>7.6</ele></trkpt><trkpt lat="-27.00606" lon="-48.610193333333335"><ele>7.1</ele></trkpt><trkpt lat="-27.006068333333328" lon="-48.61015333333333"><ele>6.699999999999999</ele></trkpt><trkpt lat="-27.00608333333333" lon="-48.610113333333324"><ele>6.6</ele></trkpt><trkpt lat="-27.006091666666666" lon="-48.61007166666666"><ele>6.5</ele></trkpt><trkpt lat="-27.00609833333333" lon="-48.610031666666664"><ele>6.300000000000001</ele></trkpt><trkpt lat="-27.006111666666666" lon="-48.609988333333334"><ele>6.199999999999999</ele></trkpt><trkpt lat="-27.006115" lon="-48.609943333333334"><ele>5.800000000000001</ele></trkpt><trkpt lat="-27.006118333333333" lon="-48.609898333333334"><ele>5.1</ele></trkpt><trkpt lat="-27.006120000000003" lon="-48.609855"><ele>4.4</ele></trkpt><trkpt lat="-27.006118333333333" lon="-48.60980500000001"><ele>4.1</ele></trkpt><trkpt lat="-27.006120000000003" lon="-48.60976000000001"><ele>4</ele></trkpt><trkpt lat="-27.006126666666667" lon="-48.60971500000001"><ele>4.4</ele></trkpt><trkpt lat="-27.006141666666668" lon="-48.60967666666667"><ele>4.4</ele></trkpt><trkpt lat="-27.006153333333334" lon="-48.609635"><ele>4.6</ele></trkpt><trkpt lat="-27.006158333333328" lon="-48.60958000000001"><ele>4.5</ele></trkpt><trkpt lat="-27.00616" lon="-48.609525"><ele>4.4</ele></trkpt><trkpt lat="-27.006158333333328" lon="-48.609469999999995"><ele>5.4</ele></trkpt><trkpt lat="-27.006166666666665" lon="-48.609426666666664"><ele>4.9</ele></trkpt><trkpt lat="-27.006175" lon="-48.609381666666664"><ele>4.5</ele></trkpt><trkpt lat="-27.006183333333336" lon="-48.60933833333333"><ele>4.7</ele></trkpt><trkpt lat="-27.006180000000004" lon="-48.60928666666667"><ele>4.9</ele></trkpt><trkpt lat="-27.006185" lon="-48.60924"><ele>4</ele></trkpt><trkpt lat="-27.00619166666667" lon="-48.609186666666666"><ele>3.4000000000000004</ele></trkpt><trkpt lat="-27.006196666666664" lon="-48.609135"><ele>3.3</ele></trkpt><trkpt lat="-27.006198333333334" lon="-48.60908166666666"><ele>3.5</ele></trkpt><trkpt lat="-27.006211666666665" lon="-48.60902833333333"><ele>3.7</ele></trkpt><trkpt lat="-27.006211666666665" lon="-48.60898"><ele>3.9</ele></trkpt><trkpt lat="-27.006205" lon="-48.608929999999994"><ele>3.7</ele></trkpt><trkpt lat="-27.00618833333333" lon="-48.608869999999996"><ele>3.2</ele></trkpt><trkpt lat="-27.006168333333335" lon="-48.60880999999999"><ele>4.300000000000001</ele></trkpt><trkpt lat="-27.006153333333334" lon="-48.60874333333333"><ele>4.800000000000001</ele></trkpt><trkpt lat="-27.006141666666668" lon="-48.608691666666665"><ele>5.5</ele></trkpt><trkpt lat="-27.006135000000004" lon="-48.60864333333334"><ele>6.300000000000001</ele></trkpt><trkpt lat="-27.00614" lon="-48.60859833333334"><ele>6.5</ele></trkpt><trkpt lat="-27.006148333333332" lon="-48.608556666666665"><ele>6.699999999999999</ele></trkpt><trkpt lat="-27.00614666666667" lon="-48.608513333333335"><ele>8.1</ele></trkpt><trkpt lat="-27.00614333333333" lon="-48.608471666666674"><ele>8.6</ele></trkpt><trkpt lat="-27.006145" lon="-48.60843"><ele>9</ele></trkpt><trkpt lat="-27.006136666666666" lon="-48.60839833333333"><ele>9.5</ele></trkpt><trkpt lat="-27.006135000000004" lon="-48.60836166666666"><ele>9.9</ele></trkpt><trkpt lat="-27.00613166666667" lon="-48.608331666666665"><ele>9.5</ele></trkpt><trkpt lat="-27.006136666666666" lon="-48.608309999999996"><ele>8.8</ele></trkpt><trkpt lat="-27.006148333333332" lon="-48.608284999999995"><ele>8.3</ele></trkpt><trkpt lat="-27.006154999999996" lon="-48.60825499999999"><ele>7.9</ele></trkpt><trkpt lat="-27.00616166666667" lon="-48.60821666666667"><ele>6.9</ele></trkpt><trkpt lat="-27.006163333333333" lon="-48.608186666666676"><ele>5.9</ele></trkpt><trkpt lat="-27.006165000000003" lon="-48.60816"><ele>5.300000000000001</ele></trkpt><trkpt lat="-27.006168333333335" lon="-48.608133333333335"><ele>5.5</ele></trkpt><trkpt lat="-27.00617666666667" lon="-48.60810333333334"><ele>5.800000000000001</ele></trkpt><trkpt lat="-27.00618833333333" lon="-48.60809166666666"><ele>5.800000000000001</ele></trkpt><trkpt lat="-27.006181666666667" lon="-48.608084999999996"><ele>5.699999999999999</ele></trkpt><trkpt lat="-27.006175" lon="-48.608088333333335"><ele>5.5</ele></trkpt><trkpt lat="-27.00617833333333" lon="-48.60810333333334"><ele>5</ele></trkpt><trkpt lat="-27.00617833333333" lon="-48.60811999999999"><ele>4.9</ele></trkpt><trkpt lat="-27.00617833333333" lon="-48.608133333333335"><ele>4.9</ele></trkpt><trkpt lat="-27.00617333333333" lon="-48.608151666666664"><ele>4.4</ele></trkpt><trkpt lat="-27.00617333333333" lon="-48.60817166666667"><ele>3.9</ele></trkpt><trkpt lat="-27.006168333333335" lon="-48.608194999999995"><ele>3.3</ele></trkpt><trkpt lat="-27.006154999999996" lon="-48.608223333333335"><ele>2.7</ele></trkpt><trkpt lat="-27.006145" lon="-48.608263333333326"><ele>5.2</ele></trkpt><trkpt lat="-27.00613166666667" lon="-48.60829666666667"><ele>6.699999999999999</ele></trkpt><trkpt lat="-27.006120000000003" lon="-48.608333333333334"><ele>8</ele></trkpt><trkpt lat="-27.006111666666666" lon="-48.60837"><ele>9.3</ele></trkpt><trkpt lat="-27.006106666666664" lon="-48.608399999999996"><ele>9.6</ele></trkpt><trkpt lat="-27.006096666666668" lon="-48.60843333333334"><ele>10.7</ele></trkpt><trkpt lat="-27.006091666666666" lon="-48.60845833333333"><ele>10.799999999999999</ele></trkpt><trkpt lat="-27.006095" lon="-48.608489999999996"><ele>10.5</ele></trkpt><trkpt lat="-27.006096666666668" lon="-48.60851833333333"><ele>9.6</ele></trkpt><trkpt lat="-27.00610166666667" lon="-48.60855"><ele>8</ele></trkpt><trkpt lat="-27.006103333333332" lon="-48.60857666666667"><ele>6</ele></trkpt><trkpt lat="-27.006106666666664" lon="-48.608605000000004"><ele>4.7</ele></trkpt><trkpt lat="-27.006106666666664" lon="-48.60863833333333"><ele>4.6</ele></trkpt><trkpt lat="-27.006108333333334" lon="-48.608665"><ele>4.800000000000001</ele></trkpt><trkpt lat="-27.006108333333334" lon="-48.608691666666665"><ele>4.7</ele></trkpt><trkpt lat="-27.006111666666666" lon="-48.60871333333333"><ele>3.9</ele></trkpt><trkpt lat="-27.00611666666667" lon="-48.608740000000004"><ele>4.6</ele></trkpt><trkpt lat="-27.006115" lon="-48.608763333333336"><ele>5.699999999999999</ele></trkpt><trkpt lat="-27.006115" lon="-48.60879166666667"><ele>6.199999999999999</ele></trkpt><trkpt lat="-27.006109999999996" lon="-48.608808333333336"><ele>5.1</ele></trkpt><trkpt lat="-27.0061" lon="-48.60880999999999"><ele>5.5</ele></trkpt><trkpt lat="-27.006090000000004" lon="-48.608808333333336"><ele>5.800000000000001</ele></trkpt><trkpt lat="-27.006081666666667" lon="-48.60881333333334"><ele>5.4</ele></trkpt><trkpt lat="-27.006081666666667" lon="-48.60882166666667"><ele>5.2</ele></trkpt><trkpt lat="-27.006076666666665" lon="-48.60882"><ele>5.1</ele></trkpt><trkpt lat="-27.006073333333333" lon="-48.60881666666668"><ele>5.5</ele></trkpt><trkpt lat="-27.006073333333333" lon="-48.60881666666668"><ele>5.5</ele></trkpt><trkpt lat="-27.006068333333328" lon="-48.60881833333333"><ele>5.9</ele></trkpt><trkpt lat="-27.00607" lon="-48.608826666666666"><ele>6.199999999999999</ele></trkpt><trkpt lat="-27.00607" lon="-48.60883666666667"><ele>6.4</ele></trkpt><trkpt lat="-27.00607" lon="-48.60885666666666"><ele>6.5</ele></trkpt><trkpt lat="-27.006073333333333" lon="-48.60887666666666"><ele>6.5</ele></trkpt><trkpt lat="-27.006076666666665" lon="-48.60889166666666"><ele>6.300000000000001</ele></trkpt><trkpt lat="-27.00608833333333" lon="-48.60891333333334"><ele>6</ele></trkpt><trkpt lat="-27.006093333333336" lon="-48.608935"><ele>5.9</ele></trkpt><trkpt lat="-27.00610166666667" lon="-48.60895333333333"><ele>5.800000000000001</ele></trkpt><trkpt lat="-27.006105" lon="-48.60897"><ele>5.6</ele></trkpt><trkpt lat="-27.006113333333328" lon="-48.60899166666666"><ele>5.6</ele></trkpt><trkpt lat="-27.006109999999996" lon="-48.60900166666667"><ele>6.699999999999999</ele></trkpt><trkpt lat="-27.006109999999996" lon="-48.609015"><ele>6.800000000000001</ele></trkpt><trkpt lat="-27.006109999999996" lon="-48.60902666666666"><ele>6.800000000000001</ele></trkpt><trkpt lat="-27.006113333333328" lon="-48.60903833333334"><ele>7.1</ele></trkpt><trkpt lat="-27.006108333333334" lon="-48.609051666666666"><ele>7</ele></trkpt><trkpt lat="-27.00610166666667" lon="-48.60906333333334"><ele>7.300000000000001</ele></trkpt><trkpt lat="-27.00609833333333" lon="-48.60907999999999"><ele>7.4</ele></trkpt><trkpt lat="-27.006093333333336" lon="-48.609100000000005"><ele>7.800000000000001</ele></trkpt><trkpt lat="-27.006096666666668" lon="-48.609111666666664"><ele>8.2</ele></trkpt><trkpt lat="-27.006096666666668" lon="-48.60911833333333"><ele>8.4</ele></trkpt><trkpt lat="-27.006095" lon="-48.60912"><ele>8.2</ele></trkpt><trkpt lat="-27.006091666666666" lon="-48.60912666666666"><ele>8.2</ele></trkpt><trkpt lat="-27.00608666666667" lon="-48.60912499999999"><ele>7.699999999999999</ele></trkpt><trkpt lat="-27.006085" lon="-48.60912"><ele>7.199999999999999</ele></trkpt><trkpt lat="-27.006081666666667" lon="-48.609115"><ele>7</ele></trkpt><trkpt lat="-27.006078333333335" lon="-48.60911333333333"><ele>7</ele></trkpt><trkpt lat="-27.00607166666667" lon="-48.60910666666667"><ele>6.800000000000001</ele></trkpt><trkpt lat="-27.00607" lon="-48.60910333333333"><ele>6.800000000000001</ele></trkpt><trkpt lat="-27.006073333333333" lon="-48.609105"><ele>6.800000000000001</ele></trkpt><trkpt lat="-27.006079999999997" lon="-48.60910833333334"><ele>6.5</ele></trkpt><trkpt lat="-27.006079999999997" lon="-48.60910833333334"><ele>6.5</ele></trkpt><trkpt lat="-27.006079999999997" lon="-48.60910833333334"><ele>6.5</ele></trkpt><trkpt lat="-27.006079999999997" lon="-48.60910833333334"><ele>6.5</ele></trkpt><trkpt lat="-27.006079999999997" lon="-48.60910833333334"><ele>6.5</ele></trkpt><trkpt lat="-27.006079999999997" lon="-48.60910833333334"><ele>6.5</ele></trkpt><trkpt lat="-27.006123333333335" lon="-48.609115"><ele>6.1</ele></trkpt><trkpt lat="-27.00612833333333" lon="-48.60911666666666"><ele>5.9</ele></trkpt><trkpt lat="-27.00614333333333" lon="-48.60912166666667"><ele>5.9</ele></trkpt><trkpt lat="-27.006156666666666" lon="-48.60912499999999"><ele>5.699999999999999</ele></trkpt><trkpt lat="-27.006166666666665" lon="-48.60912166666667"><ele>5.699999999999999</ele></trkpt><trkpt lat="-27.006171666666667" lon="-48.60911666666666"><ele>5.699999999999999</ele></trkpt><trkpt lat="-27.006171666666667" lon="-48.60911666666666"><ele>5.699999999999999</ele></trkpt><trkpt lat="-27.006171666666667" lon="-48.60911666666666"><ele>5.699999999999999</ele></trkpt><trkpt lat="-27.006171666666667" lon="-48.60911666666666"><ele>5.699999999999999</ele></trkpt><trkpt lat="-27.006171666666667" lon="-48.60911666666666"><ele>5.699999999999999</ele></trkpt><trkpt lat="-27.006171666666667" lon="-48.60911666666666"><ele>5.699999999999999</ele></trkpt><trkpt lat="-27.006171666666667" lon="-48.60911666666666"><ele>5.699999999999999</ele></trkpt><trkpt lat="-27.006171666666667" lon="-48.60911666666666"><ele>5.699999999999999</ele></trkpt><trkpt lat="-27.006171666666667" lon="-48.60911666666666"><ele>5.699999999999999</ele></trkpt><trkpt lat="-27.006171666666667" lon="-48.60911666666666"><ele>5.699999999999999</ele></trkpt><trkpt lat="-27.006171666666667" lon="-48.60911666666666"><ele>5.699999999999999</ele></trkpt><trkpt lat="-27.006171666666667" lon="-48.60911666666666"><ele>5.699999999999999</ele></trkpt><trkpt lat="-27.006171666666667" lon="-48.60911666666666"><ele>5.699999999999999</ele></trkpt><trkpt lat="-27.006171666666667" lon="-48.60911666666666"><ele>5.699999999999999</ele></trkpt><trkpt lat="-27.006171666666667" lon="-48.60911666666666"><ele>5.699999999999999</ele></trkpt><trkpt lat="-27.006171666666667" lon="-48.60911666666666"><ele>5.699999999999999</ele></trkpt><trkpt lat="-27.006171666666667" lon="-48.60911666666666"><ele>5.699999999999999</ele></trkpt><trkpt lat="-27.006171666666667" lon="-48.60911666666666"><ele>5.699999999999999</ele></trkpt><trkpt lat="-27.006171666666667" lon="-48.60911666666666"><ele>5.699999999999999</ele></trkpt><trkpt lat="-27.006171666666667" lon="-48.60911666666666"><ele>5.699999999999999</ele></trkpt><trkpt lat="-27.006171666666667" lon="-48.60911666666666"><ele>5.699999999999999</ele></trkpt><trkpt lat="-27.006171666666667" lon="-48.60911666666666"><ele>5.699999999999999</ele></trkpt><trkpt lat="-27.006171666666667" lon="-48.60911666666666"><ele>5.699999999999999</ele></trkpt><trkpt lat="-27.006171666666667" lon="-48.60911666666666"><ele>5.699999999999999</ele></trkpt><trkpt lat="-27.006171666666667" lon="-48.60911666666666"><ele>5.699999999999999</ele></trkpt><trkpt lat="-27.006171666666667" lon="-48.60911666666666"><ele>5.699999999999999</ele></trkpt><trkpt lat="-27.006171666666667" lon="-48.60911666666666"><ele>5.699999999999999</ele></trkpt><trkpt lat="-27.006171666666667" lon="-48.60911666666666"><ele>5.699999999999999</ele></trkpt><trkpt lat="-27.006261666666667" lon="-48.609123333333336"><ele>8.1</ele></trkpt><trkpt lat="-27.006265" lon="-48.60912666666666"><ele>8.1</ele></trkpt><trkpt lat="-27.006270000000004" lon="-48.60912833333334"><ele>7.9</ele></trkpt><trkpt lat="-27.00626833333333" lon="-48.60913000000001"><ele>7.699999999999999</ele></trkpt><trkpt lat="-27.00626833333333" lon="-48.60913000000001"><ele>7.699999999999999</ele></trkpt><trkpt lat="-27.00626833333333" lon="-48.60913000000001"><ele>7.699999999999999</ele></trkpt><trkpt lat="-27.00626833333333" lon="-48.60913000000001"><ele>7.699999999999999</ele></trkpt><trkpt lat="-27.00626833333333" lon="-48.60913000000001"><ele>7.699999999999999</ele></trkpt><trkpt lat="-27.00626833333333" lon="-48.60913000000001"><ele>7.699999999999999</ele></trkpt><trkpt lat="-27.00626833333333" lon="-48.60913000000001"><ele>7.699999999999999</ele></trkpt><trkpt lat="-27.00626833333333" lon="-48.60913000000001"><ele>7.699999999999999</ele></trkpt><trkpt lat="-27.00626833333333" lon="-48.60913000000001"><ele>7.699999999999999</ele></trkpt><trkpt lat="-27.00626833333333" lon="-48.60913000000001"><ele>7.699999999999999</ele></trkpt><trkpt lat="-27.00626833333333" lon="-48.60913000000001"><ele>7.699999999999999</ele></trkpt><trkpt lat="-27.00626833333333" lon="-48.60913000000001"><ele>7.699999999999999</ele></trkpt><trkpt lat="-27.00626833333333" lon="-48.60913000000001"><ele>7.699999999999999</ele></trkpt><trkpt lat="-27.00626833333333" lon="-48.60913000000001"><ele>7.699999999999999</ele></trkpt><trkpt lat="-27.00626833333333" lon="-48.60913000000001"><ele>7.699999999999999</ele></trkpt><trkpt lat="-27.006270000000004" lon="-48.60912"><ele>7.4</ele></trkpt><trkpt lat="-27.00626333333333" lon="-48.60911333333333"><ele>7.5</ele></trkpt><trkpt lat="-27.006256666666665" lon="-48.609111666666664"><ele>7.6</ele></trkpt><trkpt lat="-27.006255000000003" lon="-48.609111666666664"><ele>7.800000000000001</ele></trkpt><trkpt lat="-27.006244999999996" lon="-48.609109999999994"><ele>7.9</ele></trkpt><trkpt lat="-27.006238333333332" lon="-48.60910833333334"><ele>8.1</ele></trkpt><trkpt lat="-27.00623333333333" lon="-48.609109999999994"><ele>8.5</ele></trkpt><trkpt lat="-27.00623" lon="-48.609109999999994"><ele>8.8</ele></trkpt><trkpt lat="-27.00622333333333" lon="-48.609105"><ele>8.7</ele></trkpt><trkpt lat="-27.00622166666667" lon="-48.60910333333333"><ele>8.8</ele></trkpt><trkpt lat="-27.006225000000004" lon="-48.60910166666666"><ele>8.9</ele></trkpt><trkpt lat="-27.006228333333336" lon="-48.609100000000005"><ele>9.1</ele></trkpt><trkpt lat="-27.006228333333336" lon="-48.609100000000005"><ele>9.1</ele></trkpt><trkpt lat="-27.006228333333336" lon="-48.609100000000005"><ele>9.1</ele></trkpt><trkpt lat="-27.006228333333336" lon="-48.609100000000005"><ele>9.1</ele></trkpt><trkpt lat="-27.006228333333336" lon="-48.609100000000005"><ele>9.1</ele></trkpt><trkpt lat="-27.006228333333336" lon="-48.609100000000005"><ele>9.1</ele></trkpt><trkpt lat="-27.006228333333336" lon="-48.609100000000005"><ele>9.1</ele></trkpt><trkpt lat="-27.006175" lon="-48.60908333333334"><ele>12.5</ele></trkpt><trkpt lat="-27.00616" lon="-48.60908333333334"><ele>13</ele></trkpt><trkpt lat="-27.006156666666666" lon="-48.60908833333333"><ele>13.2</ele></trkpt><trkpt lat="-27.006154999999996" lon="-48.609098333333336"><ele>13.2</ele></trkpt><trkpt lat="-27.006154999999996" lon="-48.609098333333336"><ele>13.2</ele></trkpt><trkpt lat="-27.006154999999996" lon="-48.609098333333336"><ele>13.2</ele></trkpt><trkpt lat="-27.006154999999996" lon="-48.609098333333336"><ele>13.2</ele></trkpt><trkpt lat="-27.006154999999996" lon="-48.609098333333336"><ele>13.2</ele></trkpt><trkpt lat="-27.006154999999996" lon="-48.609098333333336"><ele>13.2</ele></trkpt><trkpt lat="-27.006154999999996" lon="-48.609098333333336"><ele>13.2</ele></trkpt><trkpt lat="-27.006154999999996" lon="-48.609098333333336"><ele>13.2</ele></trkpt><trkpt lat="-27.006154999999996" lon="-48.609098333333336"><ele>13.2</ele></trkpt><trkpt lat="-27.006154999999996" lon="-48.609098333333336"><ele>13.2</ele></trkpt><trkpt lat="-27.006154999999996" lon="-48.609098333333336"><ele>13.2</ele></trkpt><trkpt lat="-27.006154999999996" lon="-48.609098333333336"><ele>13.2</ele></trkpt><trkpt lat="-27.006154999999996" lon="-48.609098333333336"><ele>13.2</ele></trkpt><trkpt lat="-27.006154999999996" lon="-48.609098333333336"><ele>13.2</ele></trkpt><trkpt lat="-27.006154999999996" lon="-48.609098333333336"><ele>13.2</ele></trkpt><trkpt lat="-27.006154999999996" lon="-48.609098333333336"><ele>13.2</ele></trkpt><trkpt lat="-27.006154999999996" lon="-48.609098333333336"><ele>13.2</ele></trkpt><trkpt lat="-27.006154999999996" lon="-48.609098333333336"><ele>13.2</ele></trkpt><trkpt lat="-27.006154999999996" lon="-48.609098333333336"><ele>13.2</ele></trkpt><trkpt lat="-27.006154999999996" lon="-48.609098333333336"><ele>13.2</ele></trkpt><trkpt lat="-27.006154999999996" lon="-48.609098333333336"><ele>13.2</ele></trkpt><trkpt lat="-27.006154999999996" lon="-48.609098333333336"><ele>13.2</ele></trkpt><trkpt lat="-27.006154999999996" lon="-48.609098333333336"><ele>13.2</ele></trkpt><trkpt lat="-27.006154999999996" lon="-48.609098333333336"><ele>13.2</ele></trkpt><trkpt lat="-27.006154999999996" lon="-48.609098333333336"><ele>13.2</ele></trkpt><trkpt lat="-27.006154999999996" lon="-48.609098333333336"><ele>13.2</ele></trkpt><trkpt lat="-27.006154999999996" lon="-48.609098333333336"><ele>13.2</ele></trkpt><trkpt lat="-27.006154999999996" lon="-48.609098333333336"><ele>13.2</ele></trkpt><trkpt lat="-27.006154999999996" lon="-48.609098333333336"><ele>13.2</ele></trkpt><trkpt lat="-27.006154999999996" lon="-48.609098333333336"><ele>13.2</ele></trkpt><trkpt lat="-27.006154999999996" lon="-48.609098333333336"><ele>13.2</ele></trkpt><trkpt lat="-27.006154999999996" lon="-48.609098333333336"><ele>13.2</ele></trkpt><trkpt lat="-27.006154999999996" lon="-48.609098333333336"><ele>13.2</ele></trkpt><trkpt lat="-27.006154999999996" lon="-48.609098333333336"><ele>13.2</ele></trkpt><trkpt lat="-27.006154999999996" lon="-48.609098333333336"><ele>13.2</ele></trkpt><trkpt lat="-27.006154999999996" lon="-48.609098333333336"><ele>13.2</ele></trkpt><trkpt lat="-27.006154999999996" lon="-48.609098333333336"><ele>13.2</ele></trkpt><trkpt lat="-27.006154999999996" lon="-48.609098333333336"><ele>13.2</ele></trkpt><trkpt lat="-27.006154999999996" lon="-48.609098333333336"><ele>13.2</ele></trkpt><trkpt lat="-27.006154999999996" lon="-48.609098333333336"><ele>13.2</ele></trkpt><trkpt lat="-27.006154999999996" lon="-48.609098333333336"><ele>13.2</ele></trkpt><trkpt lat="-27.006154999999996" lon="-48.609098333333336"><ele>13.2</ele></trkpt><trkpt lat="-27.006154999999996" lon="-48.609098333333336"><ele>13.2</ele></trkpt><trkpt lat="-27.006154999999996" lon="-48.609098333333336"><ele>13.2</ele></trkpt><trkpt lat="-27.006154999999996" lon="-48.609098333333336"><ele>13.2</ele></trkpt><trkpt lat="-27.006154999999996" lon="-48.609098333333336"><ele>13.2</ele></trkpt><trkpt lat="-27.006154999999996" lon="-48.609098333333336"><ele>13.2</ele></trkpt><trkpt lat="-27.006154999999996" lon="-48.609098333333336"><ele>13.2</ele></trkpt><trkpt lat="-27.006078333333335" lon="-48.609094999999996"><ele>14.4</ele></trkpt><trkpt lat="-27.006076666666665" lon="-48.60908833333333"><ele>14.299999999999999</ele></trkpt><trkpt lat="-27.006073333333333" lon="-48.60908500000001"><ele>14.4</ele></trkpt><trkpt lat="-27.006075000000003" lon="-48.60908333333334"><ele>14</ele></trkpt><trkpt lat="-27.006073333333333" lon="-48.60908833333333"><ele>13.9</ele></trkpt><trkpt lat="-27.006073333333333" lon="-48.60908833333333"><ele>13.9</ele></trkpt><trkpt lat="-27.006078333333335" lon="-48.60909333333334"><ele>13.6</ele></trkpt><trkpt lat="-27.006081666666667" lon="-48.60909333333334"><ele>13.4</ele></trkpt><trkpt lat="-27.006085" lon="-48.609098333333336"><ele>12.9</ele></trkpt><trkpt lat="-27.006091666666666" lon="-48.60910166666666"><ele>12.5</ele></trkpt><trkpt lat="-27.006091666666666" lon="-48.60910166666666"><ele>12.5</ele></trkpt><trkpt lat="-27.006091666666666" lon="-48.60910166666666"><ele>12.5</ele></trkpt><trkpt lat="-27.006091666666666" lon="-48.60910166666666"><ele>12.5</ele></trkpt><trkpt lat="-27.00609833333333" lon="-48.60910666666667"><ele>11.5</ele></trkpt><trkpt lat="-27.006096666666668" lon="-48.609100000000005"><ele>11.299999999999999</ele></trkpt><trkpt lat="-27.006093333333336" lon="-48.609100000000005"><ele>10.799999999999999</ele></trkpt><trkpt lat="-27.00608833333333" lon="-48.60909333333334"><ele>10.1</ele></trkpt><trkpt lat="-27.006081666666667" lon="-48.60908666666666"><ele>9.1</ele></trkpt><trkpt lat="-27.006075000000003" lon="-48.60907166666666"><ele>8.5</ele></trkpt><trkpt lat="-27.006075000000003" lon="-48.60906166666667"><ele>8.4</ele></trkpt><trkpt lat="-27.006076666666665" lon="-48.609049999999996"><ele>8.3</ele></trkpt><trkpt lat="-27.006073333333333" lon="-48.60904666666667"><ele>8.1</ele></trkpt><trkpt lat="-27.00607" lon="-48.60904333333333"><ele>8.1</ele></trkpt><trkpt lat="-27.006068333333328" lon="-48.60904000000001"><ele>7.9</ele></trkpt><trkpt lat="-27.006073333333333" lon="-48.60904333333333"><ele>8.1</ele></trkpt><trkpt lat="-27.006073333333333" lon="-48.609045"><ele>8.3</ele></trkpt><trkpt lat="-27.00607" lon="-48.609049999999996"><ele>8.5</ele></trkpt><trkpt lat="-27.006066666666666" lon="-48.60905833333333"><ele>8.8</ele></trkpt><trkpt lat="-27.006066666666666" lon="-48.60905833333333"><ele>8.8</ele></trkpt><trkpt lat="-27.00607166666667" lon="-48.60906166666667"><ele>8.9</ele></trkpt><trkpt lat="-27.00607" lon="-48.60906166666667"><ele>8.9</ele></trkpt><trkpt lat="-27.00607" lon="-48.60906"><ele>8.4</ele></trkpt><trkpt lat="-27.006068333333328" lon="-48.60905666666666"><ele>8.3</ele></trkpt><trkpt lat="-27.00606" lon="-48.609045"><ele>8.3</ele></trkpt><trkpt lat="-27.00605333333333" lon="-48.60904000000001"><ele>8.4</ele></trkpt><trkpt lat="-27.00605333333333" lon="-48.60904000000001"><ele>8.4</ele></trkpt><trkpt lat="-27.00605333333333" lon="-48.60904000000001"><ele>8.4</ele></trkpt><trkpt lat="-27.006051666666668" lon="-48.60904166666666"><ele>7.699999999999999</ele></trkpt><trkpt lat="-27.00605" lon="-48.60904833333334"><ele>7.199999999999999</ele></trkpt><trkpt lat="-27.006046666666666" lon="-48.60905666666666"><ele>6.800000000000001</ele></trkpt><trkpt lat="-27.00604333333333" lon="-48.60907"><ele>6.800000000000001</ele></trkpt><trkpt lat="-27.006051666666668" lon="-48.60908166666666"><ele>6.199999999999999</ele></trkpt><trkpt lat="-27.006064999999996" lon="-48.609094999999996"><ele>5.699999999999999</ele></trkpt><trkpt lat="-27.00607" lon="-48.609100000000005"><ele>5.2</ele></trkpt><trkpt lat="-27.006075000000003" lon="-48.609096666666666"><ele>4.7</ele></trkpt><trkpt lat="-27.006079999999997" lon="-48.60909"><ele>4.7</ele></trkpt><trkpt lat="-27.00608333333333" lon="-48.60909166666667"><ele>4.4</ele></trkpt><trkpt lat="-27.006081666666667" lon="-48.60909"><ele>4.300000000000001</ele></trkpt><trkpt lat="-27.006076666666665" lon="-48.60909"><ele>4.1</ele></trkpt><trkpt lat="-27.006075000000003" lon="-48.60909"><ele>3.8000000000000003</ele></trkpt><trkpt lat="-27.00608333333333" lon="-48.60908666666666"><ele>3.9</ele></trkpt><trkpt lat="-27.00608833333333" lon="-48.60907666666667"><ele>4.2</ele></trkpt><trkpt lat="-27.006091666666666" lon="-48.60907"><ele>4.300000000000001</ele></trkpt><trkpt lat="-27.006093333333336" lon="-48.609075"><ele>4.4</ele></trkpt><trkpt lat="-27.006091666666666" lon="-48.609078333333336"><ele>4.300000000000001</ele></trkpt><trkpt lat="-27.006091666666666" lon="-48.609078333333336"><ele>4.300000000000001</ele></trkpt><trkpt lat="-27.006091666666666" lon="-48.609078333333336"><ele>4.300000000000001</ele></trkpt><trkpt lat="-27.006091666666666" lon="-48.609078333333336"><ele>4.300000000000001</ele></trkpt><trkpt lat="-27.006091666666666" lon="-48.609078333333336"><ele>4.300000000000001</ele></trkpt><trkpt lat="-27.006091666666666" lon="-48.609078333333336"><ele>4.300000000000001</ele></trkpt><trkpt lat="-27.006091666666666" lon="-48.609078333333336"><ele>4.300000000000001</ele></trkpt><trkpt lat="-27.006091666666666" lon="-48.609078333333336"><ele>4.300000000000001</ele></trkpt><trkpt lat="-27.006045000000004" lon="-48.609053333333335"><ele>6</ele></trkpt><trkpt lat="-27.00604333333333" lon="-48.60905833333333"><ele>6.300000000000001</ele></trkpt><trkpt lat="-27.006045000000004" lon="-48.60905666666666"><ele>6.4</ele></trkpt><trkpt lat="-27.006045000000004" lon="-48.609055000000005"><ele>6.300000000000001</ele></trkpt><trkpt lat="-27.006045000000004" lon="-48.609055000000005"><ele>6.300000000000001</ele></trkpt><trkpt lat="-27.006045000000004" lon="-48.609055000000005"><ele>6.300000000000001</ele></trkpt><trkpt lat="-27.006045000000004" lon="-48.609055000000005"><ele>6.300000000000001</ele></trkpt><trkpt lat="-27.006045000000004" lon="-48.609055000000005"><ele>6.300000000000001</ele></trkpt><trkpt lat="-27.006045000000004" lon="-48.609055000000005"><ele>6.300000000000001</ele></trkpt><trkpt lat="-27.006045000000004" lon="-48.609055000000005"><ele>6.300000000000001</ele></trkpt><trkpt lat="-27.006045000000004" lon="-48.609055000000005"><ele>6.300000000000001</ele></trkpt><trkpt lat="-27.006045000000004" lon="-48.609055000000005"><ele>6.300000000000001</ele></trkpt><trkpt lat="-27.006045000000004" lon="-48.609055000000005"><ele>6.300000000000001</ele></trkpt><trkpt lat="-27.006045000000004" lon="-48.609055000000005"><ele>6.300000000000001</ele></trkpt><trkpt lat="-27.006045000000004" lon="-48.609055000000005"><ele>6.300000000000001</ele></trkpt><trkpt lat="-27.006045000000004" lon="-48.609055000000005"><ele>6.300000000000001</ele></trkpt><trkpt lat="-27.006045000000004" lon="-48.609055000000005"><ele>6.300000000000001</ele></trkpt><trkpt lat="-27.006045000000004" lon="-48.609055000000005"><ele>6.300000000000001</ele></trkpt><trkpt lat="-27.006045000000004" lon="-48.609055000000005"><ele>6.300000000000001</ele></trkpt><trkpt lat="-27.006045000000004" lon="-48.609055000000005"><ele>6.300000000000001</ele></trkpt><trkpt lat="-27.006045000000004" lon="-48.609055000000005"><ele>6.300000000000001</ele></trkpt><trkpt lat="-27.006045000000004" lon="-48.609055000000005"><ele>6.300000000000001</ele></trkpt><trkpt lat="-27.006045000000004" lon="-48.609055000000005"><ele>6.300000000000001</ele></trkpt><trkpt lat="-27.006045000000004" lon="-48.609055000000005"><ele>6.300000000000001</ele></trkpt><trkpt lat="-27.006045000000004" lon="-48.609055000000005"><ele>6.300000000000001</ele></trkpt><trkpt lat="-27.006045000000004" lon="-48.609055000000005"><ele>6.300000000000001</ele></trkpt><trkpt lat="-27.006045000000004" lon="-48.609055000000005"><ele>6.300000000000001</ele></trkpt><trkpt lat="-27.006045000000004" lon="-48.609055000000005"><ele>6.300000000000001</ele></trkpt><trkpt lat="-27.006045000000004" lon="-48.609055000000005"><ele>6.300000000000001</ele></trkpt><trkpt lat="-27.006045000000004" lon="-48.609055000000005"><ele>6.300000000000001</ele></trkpt><trkpt lat="-27.006045000000004" lon="-48.609055000000005"><ele>6.300000000000001</ele></trkpt><trkpt lat="-27.006045000000004" lon="-48.609055000000005"><ele>6.300000000000001</ele></trkpt><trkpt lat="-27.006045000000004" lon="-48.609055000000005"><ele>6.300000000000001</ele></trkpt><trkpt lat="-27.006045000000004" lon="-48.609055000000005"><ele>6.300000000000001</ele></trkpt><trkpt lat="-27.006045000000004" lon="-48.609055000000005"><ele>6.300000000000001</ele></trkpt><trkpt lat="-27.006045000000004" lon="-48.609055000000005"><ele>6.300000000000001</ele></trkpt><trkpt lat="-27.006045000000004" lon="-48.609055000000005"><ele>6.300000000000001</ele></trkpt><trkpt lat="-27.00604166666667" lon="-48.60912166666667"><ele>14.2</ele></trkpt><trkpt lat="-27.006048333333336" lon="-48.60913000000001"><ele>14.2</ele></trkpt><trkpt lat="-27.00605666666667" lon="-48.609135"><ele>14</ele></trkpt><trkpt lat="-27.006063333333334" lon="-48.60913833333334"><ele>13.799999999999999</ele></trkpt><trkpt lat="-27.006068333333328" lon="-48.60914"><ele>13.5</ele></trkpt><trkpt lat="-27.006068333333328" lon="-48.609141666666666"><ele>13.2</ele></trkpt><trkpt lat="-27.006068333333328" lon="-48.609141666666666"><ele>13.2</ele></trkpt><trkpt lat="-27.006068333333328" lon="-48.609141666666666"><ele>13.2</ele></trkpt><trkpt lat="-27.006068333333328" lon="-48.609141666666666"><ele>13.2</ele></trkpt><trkpt lat="-27.006068333333328" lon="-48.609141666666666"><ele>13.2</ele></trkpt><trkpt lat="-27.006068333333328" lon="-48.609141666666666"><ele>13.2</ele></trkpt><trkpt lat="-27.006068333333328" lon="-48.609141666666666"><ele>13.2</ele></trkpt><trkpt lat="-27.006068333333328" lon="-48.609141666666666"><ele>13.2</ele></trkpt><trkpt lat="-27.006068333333328" lon="-48.609141666666666"><ele>13.2</ele></trkpt><trkpt lat="-27.006068333333328" lon="-48.609141666666666"><ele>13.2</ele></trkpt><trkpt lat="-27.006066666666666" lon="-48.609111666666664"><ele>9.3</ele></trkpt><trkpt lat="-27.006064999999996" lon="-48.60910666666667"><ele>8.9</ele></trkpt><trkpt lat="-27.006061666666664" lon="-48.609096666666666"><ele>8.8</ele></trkpt><trkpt lat="-27.00606" lon="-48.60909166666667"><ele>8.7</ele></trkpt><trkpt lat="-27.00606" lon="-48.60908666666666"><ele>8.5</ele></trkpt><trkpt lat="-27.006058333333332" lon="-48.60907999999999"><ele>8.3</ele></trkpt><trkpt lat="-27.006061666666664" lon="-48.60907333333333"><ele>8.1</ele></trkpt><trkpt lat="-27.006061666666664" lon="-48.60906666666666"><ele>8.2</ele></trkpt><trkpt lat="-27.006061666666664" lon="-48.60906333333334"><ele>8.1</ele></trkpt><trkpt lat="-27.006064999999996" lon="-48.60905833333333"><ele>7.800000000000001</ele></trkpt><trkpt lat="-27.006073333333333" lon="-48.60905833333333"><ele>7.699999999999999</ele></trkpt><trkpt lat="-27.006075000000003" lon="-48.60906"><ele>7.5</ele></trkpt><trkpt lat="-27.00608333333333" lon="-48.60907166666666"><ele>7.4</ele></trkpt><trkpt lat="-27.00608833333333" lon="-48.60908333333334"><ele>7.4</ele></trkpt><trkpt lat="-27.006093333333336" lon="-48.609096666666666"><ele>8</ele></trkpt><trkpt lat="-27.00609833333333" lon="-48.60910833333334"><ele>8.2</ele></trkpt><trkpt lat="-27.0061" lon="-48.609123333333336"><ele>7.800000000000001</ele></trkpt><trkpt lat="-27.006105" lon="-48.609135"><ele>7.6</ele></trkpt><trkpt lat="-27.006108333333334" lon="-48.609143333333336"><ele>7.300000000000001</ele></trkpt><trkpt lat="-27.006113333333328" lon="-48.60914833333333"><ele>7</ele></trkpt><trkpt lat="-27.006118333333333" lon="-48.60915166666667"><ele>6.9</ele></trkpt><trkpt lat="-27.006123333333335" lon="-48.60914666666666"><ele>7</ele></trkpt><trkpt lat="-27.00612833333333" lon="-48.60913666666667"><ele>7.199999999999999</ele></trkpt><trkpt lat="-27.00612833333333" lon="-48.60912666666666"><ele>7.300000000000001</ele></trkpt><trkpt lat="-27.00612833333333" lon="-48.60911833333333"><ele>7.4</ele></trkpt><trkpt lat="-27.00612833333333" lon="-48.609109999999994"><ele>7.699999999999999</ele></trkpt><trkpt lat="-27.006124999999997" lon="-48.60910166666666"><ele>7.9</ele></trkpt><trkpt lat="-27.006124999999997" lon="-48.609094999999996"><ele>8.1</ele></trkpt><trkpt lat="-27.006124999999997" lon="-48.60909"><ele>8.3</ele></trkpt><trkpt lat="-27.006123333333335" lon="-48.60908166666666"><ele>8.4</ele></trkpt><trkpt lat="-27.006118333333333" lon="-48.60907333333333"><ele>8.6</ele></trkpt><trkpt lat="-27.00611666666667" lon="-48.60907166666666"><ele>8.9</ele></trkpt><trkpt lat="-27.006118333333333" lon="-48.60906666666666"><ele>9.1</ele></trkpt><trkpt lat="-27.006123333333335" lon="-48.60906833333333"><ele>9</ele></trkpt><trkpt lat="-27.006118333333333" lon="-48.60906833333333"><ele>9.1</ele></trkpt><trkpt lat="-27.006106666666664" lon="-48.60907333333333"><ele>8.8</ele></trkpt><trkpt lat="-27.0061" lon="-48.609078333333336"><ele>8.8</ele></trkpt><trkpt lat="-27.006095" lon="-48.60908166666666"><ele>8.7</ele></trkpt><trkpt lat="-27.006095" lon="-48.60908166666666"><ele>8.7</ele></trkpt><trkpt lat="-27.006095" lon="-48.60908166666666"><ele>8.7</ele></trkpt><trkpt lat="-27.006095" lon="-48.60908166666666"><ele>8.7</ele></trkpt><trkpt lat="-27.006095" lon="-48.60908166666666"><ele>8.7</ele></trkpt><trkpt lat="-27.006095" lon="-48.60908166666666"><ele>8.7</ele></trkpt><trkpt lat="-27.006095" lon="-48.60908166666666"><ele>8.7</ele></trkpt><trkpt lat="-27.006095" lon="-48.60908166666666"><ele>8.7</ele></trkpt><trkpt lat="-27.006095" lon="-48.60908166666666"><ele>8.7</ele></trkpt><trkpt lat="-27.006095" lon="-48.60908166666666"><ele>8.7</ele></trkpt><trkpt lat="-27.006095" lon="-48.60908166666666"><ele>8.7</ele></trkpt><trkpt lat="-27.006095" lon="-48.60908166666666"><ele>8.7</ele></trkpt><trkpt lat="-27.006095" lon="-48.60908166666666"><ele>8.7</ele></trkpt><trkpt lat="-27.006095" lon="-48.60908166666666"><ele>8.7</ele></trkpt><trkpt lat="-27.006095" lon="-48.60908166666666"><ele>8.7</ele></trkpt><trkpt lat="-27.006095" lon="-48.60908166666666"><ele>8.7</ele></trkpt><trkpt lat="-27.006095" lon="-48.60908166666666"><ele>8.7</ele></trkpt><trkpt lat="-27.006095" lon="-48.60908166666666"><ele>8.7</ele></trkpt><trkpt lat="-27.006095" lon="-48.60908166666666"><ele>8.7</ele></trkpt><trkpt lat="-27.006095" lon="-48.60908166666666"><ele>8.7</ele></trkpt><trkpt lat="-27.006095" lon="-48.60908166666666"><ele>8.7</ele></trkpt><trkpt lat="-27.006095" lon="-48.60908166666666"><ele>8.7</ele></trkpt><trkpt lat="-27.006095" lon="-48.60908166666666"><ele>8.7</ele></trkpt><trkpt lat="-27.006095" lon="-48.60908166666666"><ele>8.7</ele></trkpt><trkpt lat="-27.006095" lon="-48.60908166666666"><ele>8.7</ele></trkpt><trkpt lat="-27.006095" lon="-48.60908166666666"><ele>8.7</ele></trkpt><trkpt lat="-27.006095" lon="-48.60908166666666"><ele>8.7</ele></trkpt><trkpt lat="-27.006095" lon="-48.60908166666666"><ele>8.7</ele></trkpt><trkpt lat="-27.006095" lon="-48.60908166666666"><ele>8.7</ele></trkpt><trkpt lat="-27.006095" lon="-48.60908166666666"><ele>8.7</ele></trkpt><trkpt lat="-27.006095" lon="-48.60908166666666"><ele>8.7</ele></trkpt><trkpt lat="-27.006095" lon="-48.60908166666666"><ele>8.7</ele></trkpt><trkpt lat="-27.006095" lon="-48.60908166666666"><ele>8.7</ele></trkpt><trkpt lat="-27.006095" lon="-48.60908166666666"><ele>8.7</ele></trkpt><trkpt lat="-27.006095" lon="-48.60908166666666"><ele>8.7</ele></trkpt><trkpt lat="-27.006095" lon="-48.60908166666666"><ele>8.7</ele></trkpt><trkpt lat="-27.006095" lon="-48.60908166666666"><ele>8.7</ele></trkpt><trkpt lat="-27.006093333333336" lon="-48.609098333333336"><ele>5.800000000000001</ele></trkpt><trkpt lat="-27.006096666666668" lon="-48.60909333333334"><ele>5.300000000000001</ele></trkpt><trkpt lat="-27.006095" lon="-48.609094999999996"><ele>5.5</ele></trkpt><trkpt lat="-27.00608833333333" lon="-48.609094999999996"><ele>5.4</ele></trkpt><trkpt lat="-27.00608333333333" lon="-48.609098333333336"><ele>5.4</ele></trkpt><trkpt lat="-27.006079999999997" lon="-48.609100000000005"><ele>5.300000000000001</ele></trkpt><trkpt lat="-27.006079999999997" lon="-48.609100000000005"><ele>5.300000000000001</ele></trkpt><trkpt lat="-27.006079999999997" lon="-48.609100000000005"><ele>5.300000000000001</ele></trkpt><trkpt lat="-27.006079999999997" lon="-48.609100000000005"><ele>5.300000000000001</ele></trkpt><trkpt lat="-27.006079999999997" lon="-48.609100000000005"><ele>5.300000000000001</ele></trkpt><trkpt lat="-27.006079999999997" lon="-48.609100000000005"><ele>5.300000000000001</ele></trkpt><trkpt lat="-27.006079999999997" lon="-48.609100000000005"><ele>5.300000000000001</ele></trkpt><trkpt lat="-27.006079999999997" lon="-48.609100000000005"><ele>5.300000000000001</ele></trkpt><trkpt lat="-27.006079999999997" lon="-48.609100000000005"><ele>5.300000000000001</ele></trkpt><trkpt lat="-27.006079999999997" lon="-48.609100000000005"><ele>5.300000000000001</ele></trkpt><trkpt lat="-27.006079999999997" lon="-48.609100000000005"><ele>5.300000000000001</ele></trkpt><trkpt lat="-27.006079999999997" lon="-48.609100000000005"><ele>5.300000000000001</ele></trkpt><trkpt lat="-27.006079999999997" lon="-48.609100000000005"><ele>5.300000000000001</ele></trkpt><trkpt lat="-27.006079999999997" lon="-48.609100000000005"><ele>5.300000000000001</ele></trkpt><trkpt lat="-27.006079999999997" lon="-48.609100000000005"><ele>5.300000000000001</ele></trkpt><trkpt lat="-27.006079999999997" lon="-48.609100000000005"><ele>5.300000000000001</ele></trkpt><trkpt lat="-27.006079999999997" lon="-48.609100000000005"><ele>5.300000000000001</ele></trkpt><trkpt lat="-27.006079999999997" lon="-48.609100000000005"><ele>5.300000000000001</ele></trkpt><trkpt lat="-27.006079999999997" lon="-48.609100000000005"><ele>5.300000000000001</ele></trkpt><trkpt lat="-27.006079999999997" lon="-48.609100000000005"><ele>5.300000000000001</ele></trkpt><trkpt lat="-27.006079999999997" lon="-48.609100000000005"><ele>5.300000000000001</ele></trkpt><trkpt lat="-27.006079999999997" lon="-48.609100000000005"><ele>5.300000000000001</ele></trkpt><trkpt lat="-27.006079999999997" lon="-48.609100000000005"><ele>5.300000000000001</ele></trkpt><trkpt lat="-27.006079999999997" lon="-48.609100000000005"><ele>5.300000000000001</ele></trkpt><trkpt lat="-27.006079999999997" lon="-48.609100000000005"><ele>5.300000000000001</ele></trkpt><trkpt lat="-27.006079999999997" lon="-48.609100000000005"><ele>5.300000000000001</ele></trkpt><trkpt lat="-27.006079999999997" lon="-48.609100000000005"><ele>5.300000000000001</ele></trkpt><trkpt lat="-27.006079999999997" lon="-48.609100000000005"><ele>5.300000000000001</ele></trkpt><trkpt lat="-27.006079999999997" lon="-48.609100000000005"><ele>5.300000000000001</ele></trkpt><trkpt lat="-27.006079999999997" lon="-48.609100000000005"><ele>5.300000000000001</ele></trkpt><trkpt lat="-27.006079999999997" lon="-48.609100000000005"><ele>5.300000000000001</ele></trkpt><trkpt lat="-27.006079999999997" lon="-48.609100000000005"><ele>5.300000000000001</ele></trkpt><trkpt lat="-27.006079999999997" lon="-48.609100000000005"><ele>5.300000000000001</ele></trkpt><trkpt lat="-27.006079999999997" lon="-48.609100000000005"><ele>5.300000000000001</ele></trkpt><trkpt lat="-27.006079999999997" lon="-48.609100000000005"><ele>5.300000000000001</ele></trkpt><trkpt lat="-27.006079999999997" lon="-48.609100000000005"><ele>5.300000000000001</ele></trkpt><trkpt lat="-27.006079999999997" lon="-48.609100000000005"><ele>5.300000000000001</ele></trkpt><trkpt lat="-27.006079999999997" lon="-48.609100000000005"><ele>5.300000000000001</ele></trkpt><trkpt lat="-27.006079999999997" lon="-48.609100000000005"><ele>5.300000000000001</ele></trkpt><trkpt lat="-27.006079999999997" lon="-48.609100000000005"><ele>5.300000000000001</ele></trkpt><trkpt lat="-27.006079999999997" lon="-48.609100000000005"><ele>5.300000000000001</ele></trkpt><trkpt lat="-27.006079999999997" lon="-48.609100000000005"><ele>5.300000000000001</ele></trkpt><trkpt lat="-27.006079999999997" lon="-48.609100000000005"><ele>5.300000000000001</ele></trkpt><trkpt lat="-27.006079999999997" lon="-48.609100000000005"><ele>5.300000000000001</ele></trkpt><trkpt lat="-27.006079999999997" lon="-48.609100000000005"><ele>5.300000000000001</ele></trkpt><trkpt lat="-27.006079999999997" lon="-48.609100000000005"><ele>5.300000000000001</ele></trkpt><trkpt lat="-27.006079999999997" lon="-48.609100000000005"><ele>5.300000000000001</ele></trkpt><trkpt lat="-27.006079999999997" lon="-48.609100000000005"><ele>5.300000000000001</ele></trkpt><trkpt lat="-27.006079999999997" lon="-48.609100000000005"><ele>5.300000000000001</ele></trkpt><trkpt lat="-27.006079999999997" lon="-48.609100000000005"><ele>5.300000000000001</ele></trkpt><trkpt lat="-27.006079999999997" lon="-48.609100000000005"><ele>5.300000000000001</ele></trkpt><trkpt lat="-27.006079999999997" lon="-48.609100000000005"><ele>5.300000000000001</ele></trkpt><trkpt lat="-27.006079999999997" lon="-48.609100000000005"><ele>5.300000000000001</ele></trkpt><trkpt lat="-27.006079999999997" lon="-48.609100000000005"><ele>5.300000000000001</ele></trkpt><trkpt lat="-27.006079999999997" lon="-48.609100000000005"><ele>5.300000000000001</ele></trkpt><trkpt lat="-27.006079999999997" lon="-48.609100000000005"><ele>5.300000000000001</ele></trkpt><trkpt lat="-27.006079999999997" lon="-48.609100000000005"><ele>5.300000000000001</ele></trkpt><trkpt lat="-27.006079999999997" lon="-48.609100000000005"><ele>5.300000000000001</ele></trkpt><trkpt lat="-27.006079999999997" lon="-48.609100000000005"><ele>5.300000000000001</ele></trkpt><trkpt lat="-27.006079999999997" lon="-48.609100000000005"><ele>5.300000000000001</ele></trkpt><trkpt lat="-27.006079999999997" lon="-48.609100000000005"><ele>5.300000000000001</ele></trkpt><trkpt lat="-27.006079999999997" lon="-48.609100000000005"><ele>5.300000000000001</ele></trkpt><trkpt lat="-27.006079999999997" lon="-48.609100000000005"><ele>5.300000000000001</ele></trkpt><trkpt lat="-27.006079999999997" lon="-48.609100000000005"><ele>5.300000000000001</ele></trkpt><trkpt lat="-27.006079999999997" lon="-48.609100000000005"><ele>5.300000000000001</ele></trkpt><trkpt lat="-27.006028333333333" lon="-48.60906"><ele>8.1</ele></trkpt><trkpt lat="-27.006028333333333" lon="-48.60906"><ele>8.1</ele></trkpt><trkpt lat="-27.006031666666665" lon="-48.60906"><ele>8.1</ele></trkpt><trkpt lat="-27.006030000000003" lon="-48.60905833333333"><ele>7.9</ele></trkpt><trkpt lat="-27.006030000000003" lon="-48.60905833333333"><ele>7.9</ele></trkpt><trkpt lat="-27.006030000000003" lon="-48.60905833333333"><ele>7.9</ele></trkpt><trkpt lat="-27.006030000000003" lon="-48.60905833333333"><ele>7.9</ele></trkpt><trkpt lat="-27.006030000000003" lon="-48.60905833333333"><ele>7.9</ele></trkpt><trkpt lat="-27.006030000000003" lon="-48.60905833333333"><ele>7.9</ele></trkpt><trkpt lat="-27.006030000000003" lon="-48.60905833333333"><ele>7.9</ele></trkpt><trkpt lat="-27.006030000000003" lon="-48.60905833333333"><ele>7.9</ele></trkpt><trkpt lat="-27.006030000000003" lon="-48.60905833333333"><ele>7.9</ele></trkpt><trkpt lat="-27.006030000000003" lon="-48.60905833333333"><ele>7.9</ele></trkpt><trkpt lat="-27.006030000000003" lon="-48.60905833333333"><ele>7.9</ele></trkpt><trkpt lat="-27.006030000000003" lon="-48.60905833333333"><ele>7.9</ele></trkpt><trkpt lat="-27.006030000000003" lon="-48.60905833333333"><ele>7.9</ele></trkpt><trkpt lat="-27.006030000000003" lon="-48.60905833333333"><ele>7.9</ele></trkpt><trkpt lat="-27.006030000000003" lon="-48.60905833333333"><ele>7.9</ele></trkpt><trkpt lat="-27.006030000000003" lon="-48.60905833333333"><ele>7.9</ele></trkpt><trkpt lat="-27.006030000000003" lon="-48.60905833333333"><ele>7.9</ele></trkpt><trkpt lat="-27.006030000000003" lon="-48.60905833333333"><ele>7.9</ele></trkpt><trkpt lat="-27.006030000000003" lon="-48.60905833333333"><ele>7.9</ele></trkpt><trkpt lat="-27.006030000000003" lon="-48.60905833333333"><ele>7.9</ele></trkpt><trkpt lat="-27.006030000000003" lon="-48.60905833333333"><ele>7.9</ele></trkpt><trkpt lat="-27.006030000000003" lon="-48.60905833333333"><ele>7.9</ele></trkpt><trkpt lat="-27.006030000000003" lon="-48.60905833333333"><ele>7.9</ele></trkpt><trkpt lat="-27.006030000000003" lon="-48.60905833333333"><ele>7.9</ele></trkpt><trkpt lat="-27.006030000000003" lon="-48.60905833333333"><ele>7.9</ele></trkpt><trkpt lat="-27.006030000000003" lon="-48.60905833333333"><ele>7.9</ele></trkpt><trkpt lat="-27.00604" lon="-48.609078333333336"><ele>7.1</ele></trkpt><trkpt lat="-27.00604166666667" lon="-48.60909"><ele>7.199999999999999</ele></trkpt><trkpt lat="-27.00603833333333" lon="-48.609098333333336"><ele>7.199999999999999</ele></trkpt><trkpt lat="-27.006051666666668" lon="-48.60910333333333"><ele>6.9</ele></trkpt><trkpt lat="-27.006058333333332" lon="-48.60910666666667"><ele>7</ele></trkpt><trkpt lat="-27.006063333333334" lon="-48.609109999999994"><ele>6.800000000000001</ele></trkpt><trkpt lat="-27.006064999999996" lon="-48.60911666666666"><ele>6.6</ele></trkpt><trkpt lat="-27.00606" lon="-48.609115"><ele>6.6</ele></trkpt><trkpt lat="-27.00606" lon="-48.609109999999994"><ele>6.300000000000001</ele></trkpt><trkpt lat="-27.006064999999996" lon="-48.60910833333334"><ele>5.9</ele></trkpt><trkpt lat="-27.006058333333332" lon="-48.60910333333333"><ele>5.800000000000001</ele></trkpt><trkpt lat="-27.00605666666667" lon="-48.609098333333336"><ele>6.1</ele></trkpt><trkpt lat="-27.00605666666667" lon="-48.609100000000005"><ele>6.5</ele></trkpt><trkpt lat="-27.006058333333332" lon="-48.60909333333334"><ele>6.4</ele></trkpt><trkpt lat="-27.006063333333334" lon="-48.60909"><ele>6.4</ele></trkpt><trkpt lat="-27.006063333333334" lon="-48.60909"><ele>6.4</ele></trkpt><trkpt lat="-27.006063333333334" lon="-48.60909"><ele>6.4</ele></trkpt><trkpt lat="-27.006063333333334" lon="-48.60909"><ele>6.4</ele></trkpt><trkpt lat="-27.006063333333334" lon="-48.60909"><ele>6.4</ele></trkpt><trkpt lat="-27.006063333333334" lon="-48.60909"><ele>6.4</ele></trkpt><trkpt lat="-27.006048333333336" lon="-48.60906166666667"><ele>5.9</ele></trkpt><trkpt lat="-27.00605" lon="-48.60906"><ele>5.9</ele></trkpt><trkpt lat="-27.006055" lon="-48.60906166666667"><ele>5.699999999999999</ele></trkpt><trkpt lat="-27.006055" lon="-48.60906166666667"><ele>5.6</ele></trkpt><trkpt lat="-27.006055" lon="-48.60906166666667"><ele>5.6</ele></trkpt><trkpt lat="-27.006055" lon="-48.60906166666667"><ele>5.6</ele></trkpt><trkpt lat="-27.006055" lon="-48.60906166666667"><ele>5.6</ele></trkpt><trkpt lat="-27.006055" lon="-48.60906166666667"><ele>5.6</ele></trkpt><trkpt lat="-27.006055" lon="-48.60906166666667"><ele>5.6</ele></trkpt><trkpt lat="-27.006055" lon="-48.60906166666667"><ele>5.6</ele></trkpt><trkpt lat="-27.006055" lon="-48.60906166666667"><ele>5.6</ele></trkpt><trkpt lat="-27.006055" lon="-48.60906166666667"><ele>5.6</ele></trkpt><trkpt lat="-27.006055" lon="-48.60906166666667"><ele>5.6</ele></trkpt><trkpt lat="-27.006055" lon="-48.60906166666667"><ele>5.6</ele></trkpt><trkpt lat="-27.006055" lon="-48.60906166666667"><ele>5.6</ele></trkpt><trkpt lat="-27.006055" lon="-48.60906166666667"><ele>5.6</ele></trkpt><trkpt lat="-27.006055" lon="-48.60906166666667"><ele>5.6</ele></trkpt><trkpt lat="-27.006055" lon="-48.60906166666667"><ele>5.6</ele></trkpt><trkpt lat="-27.006055" lon="-48.60906166666667"><ele>5.6</ele></trkpt><trkpt lat="-27.006055" lon="-48.60906166666667"><ele>5.6</ele></trkpt><trkpt lat="-27.006055" lon="-48.60906166666667"><ele>5.6</ele></trkpt><trkpt lat="-27.006055" lon="-48.60906166666667"><ele>5.6</ele></trkpt><trkpt lat="-27.006055" lon="-48.60906166666667"><ele>5.6</ele></trkpt><trkpt lat="-27.006055" lon="-48.60906166666667"><ele>5.6</ele></trkpt><trkpt lat="-27.006055" lon="-48.60906166666667"><ele>5.6</ele></trkpt><trkpt lat="-27.006055" lon="-48.60906166666667"><ele>5.6</ele></trkpt><trkpt lat="-27.006113333333328" lon="-48.609098333333336"><ele>5.800000000000001</ele></trkpt><trkpt lat="-27.006111666666666" lon="-48.60910166666666"><ele>5.699999999999999</ele></trkpt><trkpt lat="-27.006109999999996" lon="-48.60910666666667"><ele>5.5</ele></trkpt><trkpt lat="-27.006105" lon="-48.609111666666664"><ele>5.5</ele></trkpt><trkpt lat="-27.00609833333333" lon="-48.60911333333333"><ele>5.6</ele></trkpt><trkpt lat="-27.006096666666668" lon="-48.609115"><ele>5.5</ele></trkpt><trkpt lat="-27.006096666666668" lon="-48.60912"><ele>5.6</ele></trkpt><trkpt lat="-27.006091666666666" lon="-48.609123333333336"><ele>5.6</ele></trkpt><trkpt lat="-27.006093333333336" lon="-48.609123333333336"><ele>5.4</ele></trkpt><trkpt lat="-27.006091666666666" lon="-48.60911833333333"><ele>5</ele></trkpt><trkpt lat="-27.006093333333336" lon="-48.60911833333333"><ele>5</ele></trkpt><trkpt lat="-27.006095" lon="-48.609115"><ele>5</ele></trkpt><trkpt lat="-27.006095" lon="-48.609115"><ele>5</ele></trkpt><trkpt lat="-27.006095" lon="-48.609115"><ele>5</ele></trkpt><trkpt lat="-27.006095" lon="-48.609115"><ele>5</ele></trkpt><trkpt lat="-27.006095" lon="-48.609115"><ele>5</ele></trkpt><trkpt lat="-27.006063333333334" lon="-48.60908833333333"><ele>5.5</ele></trkpt><trkpt lat="-27.00605666666667" lon="-48.60908333333334"><ele>5.6</ele></trkpt><trkpt lat="-27.006051666666668" lon="-48.60908500000001"><ele>5.5</ele></trkpt><trkpt lat="-27.00605333333333" lon="-48.60908666666666"><ele>5.4</ele></trkpt><trkpt lat="-27.006055" lon="-48.60908833333333"><ele>5.1</ele></trkpt><trkpt lat="-27.006055" lon="-48.60908666666666"><ele>5.300000000000001</ele></trkpt><trkpt lat="-27.006048333333336" lon="-48.60907999999999"><ele>5.300000000000001</ele></trkpt><trkpt lat="-27.00604166666667" lon="-48.60907666666667"><ele>5.5</ele></trkpt><trkpt lat="-27.006034999999997" lon="-48.60907166666666"><ele>5.699999999999999</ele></trkpt><trkpt lat="-27.006030000000003" lon="-48.60907166666666"><ele>5.699999999999999</ele></trkpt><trkpt lat="-27.006033333333335" lon="-48.60907166666666"><ele>5.6</ele></trkpt><trkpt lat="-27.00603833333333" lon="-48.60907333333333"><ele>5.5</ele></trkpt><trkpt lat="-27.00604333333333" lon="-48.609075"><ele>5.2</ele></trkpt><trkpt lat="-27.006051666666668" lon="-48.60908166666666"><ele>5</ele></trkpt><trkpt lat="-27.006051666666668" lon="-48.60908166666666"><ele>5</ele></trkpt><trkpt lat="-27.006051666666668" lon="-48.60908166666666"><ele>5</ele></trkpt><trkpt lat="-27.006051666666668" lon="-48.60908166666666"><ele>5</ele></trkpt><trkpt lat="-27.006051666666668" lon="-48.60908166666666"><ele>5</ele></trkpt><trkpt lat="-27.006051666666668" lon="-48.60908166666666"><ele>5</ele></trkpt><trkpt lat="-27.006051666666668" lon="-48.60908166666666"><ele>5</ele></trkpt><trkpt lat="-27.006051666666668" lon="-48.60908166666666"><ele>5</ele></trkpt><trkpt lat="-27.006051666666668" lon="-48.60908166666666"><ele>5</ele></trkpt><trkpt lat="-27.006051666666668" lon="-48.60908166666666"><ele>5</ele></trkpt><trkpt lat="-27.006051666666668" lon="-48.60908166666666"><ele>5</ele></trkpt><trkpt lat="-27.006051666666668" lon="-48.60908166666666"><ele>5</ele></trkpt><trkpt lat="-27.006051666666668" lon="-48.60908166666666"><ele>5</ele></trkpt><trkpt lat="-27.006051666666668" lon="-48.60908166666666"><ele>5</ele></trkpt><trkpt lat="-27.006051666666668" lon="-48.60908166666666"><ele>5</ele></trkpt><trkpt lat="-27.006051666666668" lon="-48.60908166666666"><ele>5</ele></trkpt><trkpt lat="-27.006051666666668" lon="-48.60908166666666"><ele>5</ele></trkpt><trkpt lat="-27.006051666666668" lon="-48.60908166666666"><ele>5</ele></trkpt><trkpt lat="-27.006051666666668" lon="-48.60908166666666"><ele>5</ele></trkpt><trkpt lat="-27.006051666666668" lon="-48.60908166666666"><ele>5</ele></trkpt><trkpt lat="-27.00608333333333" lon="-48.60910833333334"><ele>3.6</ele></trkpt><trkpt lat="-27.00608666666667" lon="-48.609115"><ele>3.4000000000000004</ele></trkpt><trkpt lat="-27.00608833333333" lon="-48.60912166666667"><ele>3.2</ele></trkpt><trkpt lat="-27.00608666666667" lon="-48.60912"><ele>3.3</ele></trkpt><trkpt lat="-27.00608833333333" lon="-48.60911833333333"><ele>3.4000000000000004</ele></trkpt><trkpt lat="-27.00608833333333" lon="-48.60911833333333"><ele>3.4000000000000004</ele></trkpt><trkpt lat="-27.00608833333333" lon="-48.60911833333333"><ele>3.4000000000000004</ele></trkpt><trkpt lat="-27.00608833333333" lon="-48.60911833333333"><ele>3.4000000000000004</ele></trkpt><trkpt lat="-27.00608833333333" lon="-48.60911833333333"><ele>3.4000000000000004</ele></trkpt><trkpt lat="-27.00608833333333" lon="-48.60911833333333"><ele>3.4000000000000004</ele></trkpt><trkpt lat="-27.00608833333333" lon="-48.60911833333333"><ele>3.4000000000000004</ele></trkpt><trkpt lat="-27.00608833333333" lon="-48.60911833333333"><ele>3.4000000000000004</ele></trkpt><trkpt lat="-27.00608833333333" lon="-48.60911833333333"><ele>3.4000000000000004</ele></trkpt><trkpt lat="-27.006045000000004" lon="-48.60907999999999"><ele>4.300000000000001</ele></trkpt><trkpt lat="-27.00604" lon="-48.60907666666667"><ele>4.6</ele></trkpt><trkpt lat="-27.00603833333333" lon="-48.60907666666667"><ele>4.800000000000001</ele></trkpt><trkpt lat="-27.00604166666667" lon="-48.609078333333336"><ele>4.9</ele></trkpt><trkpt lat="-27.006046666666666" lon="-48.60908500000001"><ele>4.800000000000001</ele></trkpt><trkpt lat="-27.006046666666666" lon="-48.60908500000001"><ele>4.800000000000001</ele></trkpt><trkpt lat="-27.006046666666666" lon="-48.60908500000001"><ele>4.800000000000001</ele></trkpt><trkpt lat="-27.006046666666666" lon="-48.60908500000001"><ele>4.800000000000001</ele></trkpt><trkpt lat="-27.006046666666666" lon="-48.60908500000001"><ele>4.800000000000001</ele></trkpt><trkpt lat="-27.006046666666666" lon="-48.60908500000001"><ele>4.800000000000001</ele></trkpt><trkpt lat="-27.006046666666666" lon="-48.60908500000001"><ele>4.800000000000001</ele></trkpt><trkpt lat="-27.006046666666666" lon="-48.60910166666666"><ele>3.7</ele></trkpt><trkpt lat="-27.00604166666667" lon="-48.60910333333333"><ele>3.6</ele></trkpt><trkpt lat="-27.00603833333333" lon="-48.609105"><ele>3.5</ele></trkpt><trkpt lat="-27.006036666666667" lon="-48.609105"><ele>3.4000000000000004</ele></trkpt><trkpt lat="-27.006036666666667" lon="-48.60910666666667"><ele>3.4000000000000004</ele></trkpt><trkpt lat="-27.006036666666667" lon="-48.60910666666667"><ele>3.4000000000000004</ele></trkpt><trkpt lat="-27.006036666666667" lon="-48.60910666666667"><ele>3.4000000000000004</ele></trkpt><trkpt lat="-27.006036666666667" lon="-48.60910666666667"><ele>3.4000000000000004</ele></trkpt><trkpt lat="-27.006036666666667" lon="-48.60910666666667"><ele>3.4000000000000004</ele></trkpt><trkpt lat="-27.006036666666667" lon="-48.60910666666667"><ele>3.4000000000000004</ele></trkpt><trkpt lat="-27.006036666666667" lon="-48.60910666666667"><ele>3.4000000000000004</ele></trkpt><trkpt lat="-27.006036666666667" lon="-48.60910666666667"><ele>3.4000000000000004</ele></trkpt><trkpt lat="-27.006036666666667" lon="-48.60910666666667"><ele>3.4000000000000004</ele></trkpt><trkpt lat="-27.006036666666667" lon="-48.60910666666667"><ele>3.4000000000000004</ele></trkpt><trkpt lat="-27.006036666666667" lon="-48.60910666666667"><ele>3.4000000000000004</ele></trkpt><trkpt lat="-27.006036666666667" lon="-48.60910666666667"><ele>3.4000000000000004</ele></trkpt><trkpt lat="-27.006036666666667" lon="-48.60910666666667"><ele>3.4000000000000004</ele></trkpt><trkpt lat="-27.006036666666667" lon="-48.60910666666667"><ele>3.4000000000000004</ele></trkpt><trkpt lat="-27.00606" lon="-48.609100000000005"><ele>4.4</ele></trkpt><trkpt lat="-27.00606" lon="-48.60910666666667"><ele>4.5</ele></trkpt><trkpt lat="-27.006063333333334" lon="-48.60911666666666"><ele>4.1</ele></trkpt><trkpt lat="-27.006068333333328" lon="-48.609123333333336"><ele>4</ele></trkpt><trkpt lat="-27.00607166666667" lon="-48.60912833333334"><ele>3.9</ele></trkpt><trkpt lat="-27.006073333333333" lon="-48.609135"><ele>4</ele></trkpt><trkpt lat="-27.00607166666667" lon="-48.60913833333334"><ele>4.4</ele></trkpt><trkpt lat="-27.00607166666667" lon="-48.609141666666666"><ele>4.7</ele></trkpt><trkpt lat="-27.00607166666667" lon="-48.609145000000005"><ele>5.1</ele></trkpt><trkpt lat="-27.00607" lon="-48.60914"><ele>6</ele></trkpt><trkpt lat="-27.00607166666667" lon="-48.60913833333334"><ele>6.4</ele></trkpt><trkpt lat="-27.006073333333333" lon="-48.60914"><ele>7.199999999999999</ele></trkpt><trkpt lat="-27.006078333333335" lon="-48.609143333333336"><ele>8.2</ele></trkpt><trkpt lat="-27.006078333333335" lon="-48.60915333333334"><ele>9.3</ele></trkpt><trkpt lat="-27.006078333333335" lon="-48.609156666666664"><ele>9.799999999999999</ele></trkpt><trkpt lat="-27.006076666666665" lon="-48.609168333333336"><ele>10.2</ele></trkpt><trkpt lat="-27.006076666666665" lon="-48.609168333333336"><ele>10.2</ele></trkpt><trkpt lat="-27.006076666666665" lon="-48.609168333333336"><ele>10.2</ele></trkpt><trkpt lat="-27.006076666666665" lon="-48.609168333333336"><ele>10.2</ele></trkpt><trkpt lat="-27.006076666666665" lon="-48.609168333333336"><ele>10.2</ele></trkpt><trkpt lat="-27.006076666666665" lon="-48.609168333333336"><ele>10.2</ele></trkpt><trkpt lat="-27.006076666666665" lon="-48.609168333333336"><ele>10.2</ele></trkpt><trkpt lat="-27.006076666666665" lon="-48.609168333333336"><ele>10.2</ele></trkpt><trkpt lat="-27.006076666666665" lon="-48.609168333333336"><ele>10.2</ele></trkpt><trkpt lat="-27.006076666666665" lon="-48.609168333333336"><ele>10.2</ele></trkpt><trkpt lat="-27.006076666666665" lon="-48.609168333333336"><ele>10.2</ele></trkpt><trkpt lat="-27.006076666666665" lon="-48.609168333333336"><ele>10.2</ele></trkpt><trkpt lat="-27.006076666666665" lon="-48.609168333333336"><ele>10.2</ele></trkpt><trkpt lat="-27.006076666666665" lon="-48.609168333333336"><ele>10.2</ele></trkpt><trkpt lat="-27.006076666666665" lon="-48.609168333333336"><ele>10.2</ele></trkpt><trkpt lat="-27.006076666666665" lon="-48.609168333333336"><ele>10.2</ele></trkpt><trkpt lat="-27.006076666666665" lon="-48.609168333333336"><ele>10.2</ele></trkpt><trkpt lat="-27.006076666666665" lon="-48.609168333333336"><ele>10.2</ele></trkpt><trkpt lat="-27.006076666666665" lon="-48.609168333333336"><ele>10.2</ele></trkpt><trkpt lat="-27.006076666666665" lon="-48.609168333333336"><ele>10.2</ele></trkpt><trkpt lat="-27.006076666666665" lon="-48.609168333333336"><ele>10.2</ele></trkpt><trkpt lat="-27.006076666666665" lon="-48.609168333333336"><ele>10.2</ele></trkpt><trkpt lat="-27.006076666666665" lon="-48.609168333333336"><ele>10.2</ele></trkpt><trkpt lat="-27.006076666666665" lon="-48.609168333333336"><ele>10.2</ele></trkpt><trkpt lat="-27.006076666666665" lon="-48.609168333333336"><ele>10.2</ele></trkpt><trkpt lat="-27.006076666666665" lon="-48.609168333333336"><ele>10.2</ele></trkpt><trkpt lat="-27.006076666666665" lon="-48.609168333333336"><ele>10.2</ele></trkpt><trkpt lat="-27.006076666666665" lon="-48.609168333333336"><ele>10.2</ele></trkpt><trkpt lat="-27.006076666666665" lon="-48.609168333333336"><ele>10.2</ele></trkpt><trkpt lat="-27.006076666666665" lon="-48.609168333333336"><ele>10.2</ele></trkpt><trkpt lat="-27.006076666666665" lon="-48.609168333333336"><ele>10.2</ele></trkpt><trkpt lat="-27.006076666666665" lon="-48.609168333333336"><ele>10.2</ele></trkpt><trkpt lat="-27.006076666666665" lon="-48.609168333333336"><ele>10.2</ele></trkpt><trkpt lat="-27.006076666666665" lon="-48.609168333333336"><ele>10.2</ele></trkpt><trkpt lat="-27.006076666666665" lon="-48.609168333333336"><ele>10.2</ele></trkpt><trkpt lat="-27.006076666666665" lon="-48.609168333333336"><ele>10.2</ele></trkpt><trkpt lat="-27.006076666666665" lon="-48.609168333333336"><ele>10.2</ele></trkpt><trkpt lat="-27.006076666666665" lon="-48.609168333333336"><ele>10.2</ele></trkpt><trkpt lat="-27.006076666666665" lon="-48.609168333333336"><ele>10.2</ele></trkpt><trkpt lat="-27.006076666666665" lon="-48.609168333333336"><ele>10.2</ele></trkpt><trkpt lat="-27.006076666666665" lon="-48.609168333333336"><ele>10.2</ele></trkpt><trkpt lat="-27.006076666666665" lon="-48.609168333333336"><ele>10.2</ele></trkpt><trkpt lat="-27.006076666666665" lon="-48.609168333333336"><ele>10.2</ele></trkpt><trkpt lat="-27.006076666666665" lon="-48.609168333333336"><ele>10.2</ele></trkpt><trkpt lat="-27.006076666666665" lon="-48.609168333333336"><ele>10.2</ele></trkpt><trkpt lat="-27.006076666666665" lon="-48.609168333333336"><ele>10.2</ele></trkpt><trkpt lat="-27.006076666666665" lon="-48.609168333333336"><ele>10.2</ele></trkpt><trkpt lat="-27.006076666666665" lon="-48.609168333333336"><ele>10.2</ele></trkpt><trkpt lat="-27.006076666666665" lon="-48.609168333333336"><ele>10.2</ele></trkpt><trkpt lat="-27.006076666666665" lon="-48.609168333333336"><ele>10.2</ele></trkpt><trkpt lat="-27.006076666666665" lon="-48.609168333333336"><ele>10.2</ele></trkpt><trkpt lat="-27.006076666666665" lon="-48.609168333333336"><ele>10.2</ele></trkpt><trkpt lat="-27.006076666666665" lon="-48.609168333333336"><ele>10.2</ele></trkpt><trkpt lat="-27.006076666666665" lon="-48.609168333333336"><ele>10.2</ele></trkpt><trkpt lat="-27.006076666666665" lon="-48.609168333333336"><ele>10.2</ele></trkpt><trkpt lat="-27.006076666666665" lon="-48.609168333333336"><ele>10.2</ele></trkpt><trkpt lat="-27.006076666666665" lon="-48.609168333333336"><ele>10.2</ele></trkpt><trkpt lat="-27.006076666666665" lon="-48.609168333333336"><ele>10.2</ele></trkpt><trkpt lat="-27.006076666666665" lon="-48.609168333333336"><ele>10.2</ele></trkpt><trkpt lat="-27.006076666666665" lon="-48.609168333333336"><ele>10.2</ele></trkpt><trkpt lat="-27.006076666666665" lon="-48.609168333333336"><ele>10.2</ele></trkpt><trkpt lat="-27.006076666666665" lon="-48.609168333333336"><ele>10.2</ele></trkpt><trkpt lat="-27.006076666666665" lon="-48.609168333333336"><ele>10.2</ele></trkpt><trkpt lat="-27.006076666666665" lon="-48.609168333333336"><ele>10.2</ele></trkpt><trkpt lat="-27.006076666666665" lon="-48.609168333333336"><ele>10.2</ele></trkpt><trkpt lat="-27.006076666666665" lon="-48.609168333333336"><ele>10.2</ele></trkpt><trkpt lat="-27.006076666666665" lon="-48.609168333333336"><ele>10.2</ele></trkpt><trkpt lat="-27.006076666666665" lon="-48.609168333333336"><ele>10.2</ele></trkpt><trkpt lat="-27.006076666666665" lon="-48.609168333333336"><ele>10.2</ele></trkpt><trkpt lat="-27.006076666666665" lon="-48.609168333333336"><ele>10.2</ele></trkpt><trkpt lat="-27.006073333333333" lon="-48.609154999999994"><ele>7</ele></trkpt><trkpt lat="-27.006076666666665" lon="-48.609154999999994"><ele>6.6</ele></trkpt><trkpt lat="-27.00608666666667" lon="-48.60915333333334"><ele>6.5</ele></trkpt><trkpt lat="-27.006091666666666" lon="-48.60915"><ele>6.1</ele></trkpt><trkpt lat="-27.006093333333336" lon="-48.60915333333334"><ele>6.199999999999999</ele></trkpt><trkpt lat="-27.006091666666666" lon="-48.60916"><ele>6.300000000000001</ele></trkpt><trkpt lat="-27.006091666666666" lon="-48.60916"><ele>6.300000000000001</ele></trkpt><trkpt lat="-27.006103333333332" lon="-48.60917500000001"><ele>6.1</ele></trkpt><trkpt lat="-27.006111666666666" lon="-48.60918166666667"><ele>6</ele></trkpt><trkpt lat="-27.006115" lon="-48.609185"><ele>6.199999999999999</ele></trkpt><trkpt lat="-27.006111666666666" lon="-48.609185"><ele>6.4</ele></trkpt><trkpt lat="-27.006106666666664" lon="-48.609185"><ele>6.4</ele></trkpt><trkpt lat="-27.0061" lon="-48.60918166666667"><ele>6.1</ele></trkpt><trkpt lat="-27.0061" lon="-48.60917500000001"><ele>6.199999999999999</ele></trkpt><trkpt lat="-27.006093333333336" lon="-48.60916333333333"><ele>6.6</ele></trkpt><trkpt lat="-27.00608833333333" lon="-48.609156666666664"><ele>6.800000000000001</ele></trkpt><trkpt lat="-27.00608666666667" lon="-48.60915333333334"><ele>6.9</ele></trkpt><trkpt lat="-27.006079999999997" lon="-48.60915"><ele>7.199999999999999</ele></trkpt><trkpt lat="-27.006075000000003" lon="-48.60914666666666"><ele>7.199999999999999</ele></trkpt><trkpt lat="-27.006075000000003" lon="-48.60914666666666"><ele>7.199999999999999</ele></trkpt><trkpt lat="-27.006075000000003" lon="-48.60914666666666"><ele>7.199999999999999</ele></trkpt><trkpt lat="-27.006075000000003" lon="-48.60914666666666"><ele>7.199999999999999</ele></trkpt><trkpt lat="-27.006075000000003" lon="-48.60914666666666"><ele>7.199999999999999</ele></trkpt><trkpt lat="-27.006075000000003" lon="-48.60914666666666"><ele>7.199999999999999</ele></trkpt><trkpt lat="-27.006075000000003" lon="-48.60914666666666"><ele>7.199999999999999</ele></trkpt><trkpt lat="-27.006075000000003" lon="-48.60914666666666"><ele>7.199999999999999</ele></trkpt><trkpt lat="-27.006075000000003" lon="-48.60914666666666"><ele>7.199999999999999</ele></trkpt><trkpt lat="-27.006075000000003" lon="-48.60914666666666"><ele>7.199999999999999</ele></trkpt><trkpt lat="-27.006075000000003" lon="-48.60914666666666"><ele>7.199999999999999</ele></trkpt><trkpt lat="-27.006075000000003" lon="-48.60914666666666"><ele>7.199999999999999</ele></trkpt><trkpt lat="-27.006075000000003" lon="-48.60914666666666"><ele>7.199999999999999</ele></trkpt><trkpt lat="-27.006075000000003" lon="-48.60914666666666"><ele>7.199999999999999</ele></trkpt><trkpt lat="-27.006075000000003" lon="-48.60914666666666"><ele>7.199999999999999</ele></trkpt><trkpt lat="-27.006075000000003" lon="-48.60914666666666"><ele>7.199999999999999</ele></trkpt><trkpt lat="-27.006075000000003" lon="-48.60914666666666"><ele>7.199999999999999</ele></trkpt><trkpt lat="-27.006075000000003" lon="-48.60914666666666"><ele>7.199999999999999</ele></trkpt><trkpt lat="-27.006075000000003" lon="-48.60914666666666"><ele>7.199999999999999</ele></trkpt><trkpt lat="-27.006075000000003" lon="-48.60914666666666"><ele>7.199999999999999</ele></trkpt><trkpt lat="-27.006075000000003" lon="-48.60914666666666"><ele>7.199999999999999</ele></trkpt><trkpt lat="-27.006075000000003" lon="-48.60914666666666"><ele>7.199999999999999</ele></trkpt><trkpt lat="-27.006075000000003" lon="-48.60914666666666"><ele>7.199999999999999</ele></trkpt><trkpt lat="-27.006075000000003" lon="-48.60914666666666"><ele>7.199999999999999</ele></trkpt><trkpt lat="-27.006075000000003" lon="-48.60914666666666"><ele>7.199999999999999</ele></trkpt><trkpt lat="-27.006075000000003" lon="-48.60914666666666"><ele>7.199999999999999</ele></trkpt><trkpt lat="-27.006075000000003" lon="-48.60914666666666"><ele>7.199999999999999</ele></trkpt><trkpt lat="-27.006075000000003" lon="-48.60914666666666"><ele>7.199999999999999</ele></trkpt><trkpt lat="-27.006075000000003" lon="-48.60914666666666"><ele>7.199999999999999</ele></trkpt><trkpt lat="-27.006075000000003" lon="-48.60914666666666"><ele>7.199999999999999</ele></trkpt><trkpt lat="-27.006075000000003" lon="-48.60914666666666"><ele>7.199999999999999</ele></trkpt><trkpt lat="-27.006075000000003" lon="-48.60914666666666"><ele>7.199999999999999</ele></trkpt><trkpt lat="-27.006075000000003" lon="-48.60914666666666"><ele>7.199999999999999</ele></trkpt><trkpt lat="-27.006075000000003" lon="-48.60914666666666"><ele>7.199999999999999</ele></trkpt><trkpt lat="-27.006075000000003" lon="-48.60914666666666"><ele>7.199999999999999</ele></trkpt><trkpt lat="-27.006075000000003" lon="-48.60914666666666"><ele>7.199999999999999</ele></trkpt><trkpt lat="-27.006075000000003" lon="-48.60914666666666"><ele>7.199999999999999</ele></trkpt><trkpt lat="-27.006075000000003" lon="-48.60914666666666"><ele>7.199999999999999</ele></trkpt><trkpt lat="-27.006075000000003" lon="-48.60914666666666"><ele>7.199999999999999</ele></trkpt><trkpt lat="-27.006075000000003" lon="-48.60914666666666"><ele>7.199999999999999</ele></trkpt><trkpt lat="-27.006075000000003" lon="-48.60914666666666"><ele>7.199999999999999</ele></trkpt><trkpt lat="-27.006075000000003" lon="-48.60914666666666"><ele>7.199999999999999</ele></trkpt><trkpt lat="-27.006075000000003" lon="-48.60914666666666"><ele>7.199999999999999</ele></trkpt><trkpt lat="-27.006075000000003" lon="-48.60914666666666"><ele>7.199999999999999</ele></trkpt><trkpt lat="-27.006075000000003" lon="-48.60914666666666"><ele>7.199999999999999</ele></trkpt><trkpt lat="-27.006075000000003" lon="-48.60914666666666"><ele>7.199999999999999</ele></trkpt><trkpt lat="-27.006075000000003" lon="-48.60914666666666"><ele>7.199999999999999</ele></trkpt><trkpt lat="-27.006075000000003" lon="-48.60914666666666"><ele>7.199999999999999</ele></trkpt><trkpt lat="-27.006075000000003" lon="-48.60914666666666"><ele>7.199999999999999</ele></trkpt><trkpt lat="-27.006075000000003" lon="-48.60914666666666"><ele>7.199999999999999</ele></trkpt><trkpt lat="-27.006075000000003" lon="-48.60914666666666"><ele>7.199999999999999</ele></trkpt><trkpt lat="-27.006075000000003" lon="-48.60914666666666"><ele>7.199999999999999</ele></trkpt><trkpt lat="-27.006075000000003" lon="-48.60914666666666"><ele>7.199999999999999</ele></trkpt><trkpt lat="-27.006075000000003" lon="-48.60914666666666"><ele>7.199999999999999</ele></trkpt><trkpt lat="-27.006075000000003" lon="-48.60914666666666"><ele>7.199999999999999</ele></trkpt><trkpt lat="-27.006075000000003" lon="-48.60914666666666"><ele>7.199999999999999</ele></trkpt><trkpt lat="-27.006075000000003" lon="-48.60914666666666"><ele>7.199999999999999</ele></trkpt><trkpt lat="-27.006075000000003" lon="-48.60914666666666"><ele>7.199999999999999</ele></trkpt><trkpt lat="-27.006075000000003" lon="-48.60914666666666"><ele>7.199999999999999</ele></trkpt><trkpt lat="-27.006075000000003" lon="-48.60914666666666"><ele>7.199999999999999</ele></trkpt><trkpt lat="-27.006075000000003" lon="-48.60914666666666"><ele>7.199999999999999</ele></trkpt><trkpt lat="-27.006075000000003" lon="-48.60914666666666"><ele>7.199999999999999</ele></trkpt><trkpt lat="-27.006075000000003" lon="-48.60914666666666"><ele>7.199999999999999</ele></trkpt><trkpt lat="-27.006075000000003" lon="-48.60914666666666"><ele>7.199999999999999</ele></trkpt><trkpt lat="-27.006075000000003" lon="-48.60914666666666"><ele>7.199999999999999</ele></trkpt><trkpt lat="-27.006075000000003" lon="-48.60914666666666"><ele>7.199999999999999</ele></trkpt><trkpt lat="-27.006078333333335" lon="-48.60918333333334"><ele>10</ele></trkpt><trkpt lat="-27.006076666666665" lon="-48.609185"><ele>9.799999999999999</ele></trkpt><trkpt lat="-27.006073333333333" lon="-48.60918333333334"><ele>9.6</ele></trkpt><trkpt lat="-27.006076666666665" lon="-48.60917666666666"><ele>9.4</ele></trkpt><trkpt lat="-27.006079999999997" lon="-48.60916999999999"><ele>8.9</ele></trkpt><trkpt lat="-27.00608666666667" lon="-48.60916"><ele>8.5</ele></trkpt><trkpt lat="-27.006091666666666" lon="-48.609154999999994"><ele>8.1</ele></trkpt><trkpt lat="-27.0061" lon="-48.609145000000005"><ele>8.5</ele></trkpt><trkpt lat="-27.006108333333334" lon="-48.60914666666666"><ele>8.7</ele></trkpt><trkpt lat="-27.006113333333328" lon="-48.60915166666667"><ele>8.9</ele></trkpt><trkpt lat="-27.006113333333328" lon="-48.609135"><ele>9.1</ele></trkpt><trkpt lat="-27.006113333333328" lon="-48.60913833333334"><ele>9</ele></trkpt><trkpt lat="-27.006115" lon="-48.609143333333336"><ele>8.8</ele></trkpt><trkpt lat="-27.006115" lon="-48.609143333333336"><ele>8.8</ele></trkpt><trkpt lat="-27.006115" lon="-48.609143333333336"><ele>8.8</ele></trkpt><trkpt lat="-27.006115" lon="-48.609143333333336"><ele>8.8</ele></trkpt><trkpt lat="-27.006115" lon="-48.609143333333336"><ele>8.8</ele></trkpt><trkpt lat="-27.006115" lon="-48.609143333333336"><ele>8.8</ele></trkpt><trkpt lat="-27.006115" lon="-48.609143333333336"><ele>8.8</ele></trkpt><trkpt lat="-27.006115" lon="-48.609143333333336"><ele>8.8</ele></trkpt><trkpt lat="-27.006115" lon="-48.609143333333336"><ele>8.8</ele></trkpt><trkpt lat="-27.006115" lon="-48.609143333333336"><ele>8.8</ele></trkpt><trkpt lat="-27.006115" lon="-48.609143333333336"><ele>8.8</ele></trkpt><trkpt lat="-27.006115" lon="-48.609143333333336"><ele>8.8</ele></trkpt><trkpt lat="-27.006115" lon="-48.609143333333336"><ele>8.8</ele></trkpt><trkpt lat="-27.006115" lon="-48.609143333333336"><ele>8.8</ele></trkpt><trkpt lat="-27.006115" lon="-48.609143333333336"><ele>8.8</ele></trkpt><trkpt lat="-27.006115" lon="-48.609143333333336"><ele>8.8</ele></trkpt><trkpt lat="-27.006115" lon="-48.609143333333336"><ele>8.8</ele></trkpt><trkpt lat="-27.006115" lon="-48.609143333333336"><ele>8.8</ele></trkpt><trkpt lat="-27.006115" lon="-48.609143333333336"><ele>8.8</ele></trkpt><trkpt lat="-27.006115" lon="-48.609143333333336"><ele>8.8</ele></trkpt><trkpt lat="-27.006115" lon="-48.609143333333336"><ele>8.8</ele></trkpt><trkpt lat="-27.006115" lon="-48.609143333333336"><ele>8.8</ele></trkpt><trkpt lat="-27.006115" lon="-48.609143333333336"><ele>8.8</ele></trkpt><trkpt lat="-27.006115" lon="-48.609143333333336"><ele>8.8</ele></trkpt><trkpt lat="-27.006115" lon="-48.609143333333336"><ele>8.8</ele></trkpt><trkpt lat="-27.006115" lon="-48.609143333333336"><ele>8.8</ele></trkpt><trkpt lat="-27.006115" lon="-48.609143333333336"><ele>8.8</ele></trkpt><trkpt lat="-27.006115" lon="-48.609143333333336"><ele>8.8</ele></trkpt><trkpt lat="-27.006115" lon="-48.609143333333336"><ele>8.8</ele></trkpt><trkpt lat="-27.006115" lon="-48.609143333333336"><ele>8.8</ele></trkpt><trkpt lat="-27.006115" lon="-48.609143333333336"><ele>8.8</ele></trkpt><trkpt lat="-27.006115" lon="-48.609143333333336"><ele>8.8</ele></trkpt><trkpt lat="-27.006115" lon="-48.609143333333336"><ele>8.8</ele></trkpt><trkpt lat="-27.006115" lon="-48.609143333333336"><ele>8.8</ele></trkpt><trkpt lat="-27.006115" lon="-48.609143333333336"><ele>8.8</ele></trkpt><trkpt lat="-27.006115" lon="-48.609143333333336"><ele>8.8</ele></trkpt><trkpt lat="-27.006115" lon="-48.609143333333336"><ele>8.8</ele></trkpt><trkpt lat="-27.006115" lon="-48.609143333333336"><ele>8.8</ele></trkpt><trkpt lat="-27.006115" lon="-48.609143333333336"><ele>8.8</ele></trkpt><trkpt lat="-27.006115" lon="-48.609143333333336"><ele>8.8</ele></trkpt><trkpt lat="-27.006115" lon="-48.609143333333336"><ele>8.8</ele></trkpt><trkpt lat="-27.006115" lon="-48.609143333333336"><ele>8.8</ele></trkpt><trkpt lat="-27.006115" lon="-48.609143333333336"><ele>8.8</ele></trkpt><trkpt lat="-27.006115" lon="-48.609143333333336"><ele>8.8</ele></trkpt><trkpt lat="-27.006115" lon="-48.609143333333336"><ele>8.8</ele></trkpt><trkpt lat="-27.006115" lon="-48.609143333333336"><ele>8.8</ele></trkpt><trkpt lat="-27.006115" lon="-48.609143333333336"><ele>8.8</ele></trkpt><trkpt lat="-27.006115" lon="-48.609143333333336"><ele>8.8</ele></trkpt><trkpt lat="-27.006115" lon="-48.609143333333336"><ele>8.8</ele></trkpt><trkpt lat="-27.006115" lon="-48.609143333333336"><ele>8.8</ele></trkpt><trkpt lat="-27.006115" lon="-48.609143333333336"><ele>8.8</ele></trkpt><trkpt lat="-27.006115" lon="-48.609143333333336"><ele>8.8</ele></trkpt><trkpt lat="-27.006115" lon="-48.609143333333336"><ele>8.8</ele></trkpt><trkpt lat="-27.006115" lon="-48.609143333333336"><ele>8.8</ele></trkpt><trkpt lat="-27.006115" lon="-48.609143333333336"><ele>8.8</ele></trkpt><trkpt lat="-27.006115" lon="-48.609143333333336"><ele>8.8</ele></trkpt><trkpt lat="-27.006115" lon="-48.609143333333336"><ele>8.8</ele></trkpt><trkpt lat="-27.006115" lon="-48.609143333333336"><ele>8.8</ele></trkpt><trkpt lat="-27.006123333333335" lon="-48.60914666666666"><ele>5.800000000000001</ele></trkpt><trkpt lat="-27.006124999999997" lon="-48.60914666666666"><ele>6.5</ele></trkpt><trkpt lat="-27.006124999999997" lon="-48.60915166666667"><ele>7.300000000000001</ele></trkpt><trkpt lat="-27.006124999999997" lon="-48.60915833333333"><ele>7.9</ele></trkpt><trkpt lat="-27.006124999999997" lon="-48.60915833333333"><ele>7.9</ele></trkpt><trkpt lat="-27.006124999999997" lon="-48.60915833333333"><ele>7.9</ele></trkpt><trkpt lat="-27.006124999999997" lon="-48.60915833333333"><ele>7.9</ele></trkpt><trkpt lat="-27.006124999999997" lon="-48.60915833333333"><ele>7.9</ele></trkpt><trkpt lat="-27.006124999999997" lon="-48.60915833333333"><ele>7.9</ele></trkpt><trkpt lat="-27.006124999999997" lon="-48.60915833333333"><ele>7.9</ele></trkpt><trkpt lat="-27.006124999999997" lon="-48.60915833333333"><ele>7.9</ele></trkpt><trkpt lat="-27.006124999999997" lon="-48.60915833333333"><ele>7.9</ele></trkpt><trkpt lat="-27.006124999999997" lon="-48.60915833333333"><ele>7.9</ele></trkpt><trkpt lat="-27.006124999999997" lon="-48.60915833333333"><ele>7.9</ele></trkpt><trkpt lat="-27.006124999999997" lon="-48.60915833333333"><ele>7.9</ele></trkpt><trkpt lat="-27.006124999999997" lon="-48.60915833333333"><ele>7.9</ele></trkpt><trkpt lat="-27.006124999999997" lon="-48.60915833333333"><ele>7.9</ele></trkpt><trkpt lat="-27.006124999999997" lon="-48.60915833333333"><ele>7.9</ele></trkpt><trkpt lat="-27.006124999999997" lon="-48.60915833333333"><ele>7.9</ele></trkpt><trkpt lat="-27.006124999999997" lon="-48.60915833333333"><ele>7.9</ele></trkpt><trkpt lat="-27.006124999999997" lon="-48.60915833333333"><ele>7.9</ele></trkpt><trkpt lat="-27.006124999999997" lon="-48.60915833333333"><ele>7.9</ele></trkpt><trkpt lat="-27.006124999999997" lon="-48.60915833333333"><ele>7.9</ele></trkpt><trkpt lat="-27.006124999999997" lon="-48.60915833333333"><ele>7.9</ele></trkpt><trkpt lat="-27.006124999999997" lon="-48.60915833333333"><ele>7.9</ele></trkpt><trkpt lat="-27.006124999999997" lon="-48.60915833333333"><ele>7.9</ele></trkpt><trkpt lat="-27.006124999999997" lon="-48.60915833333333"><ele>7.9</ele></trkpt><trkpt lat="-27.006124999999997" lon="-48.60915833333333"><ele>7.9</ele></trkpt><trkpt lat="-27.006124999999997" lon="-48.60915833333333"><ele>7.9</ele></trkpt><trkpt lat="-27.005971666666664" lon="-48.60913833333334"><ele>40</ele></trkpt><trkpt lat="-27.00596666666667" lon="-48.609143333333336"><ele>40.7</ele></trkpt><trkpt lat="-27.00597833333334" lon="-48.60916"><ele>40.4</ele></trkpt><trkpt lat="-27.00598166666667" lon="-48.60917166666666"><ele>37.9</ele></trkpt><trkpt lat="-27.00598166666667" lon="-48.60917166666666"><ele>37.9</ele></trkpt><trkpt lat="-27.00598166666667" lon="-48.60917166666666"><ele>37.9</ele></trkpt><trkpt lat="-27.00598166666667" lon="-48.60917166666666"><ele>37.9</ele></trkpt><trkpt lat="-27.00598166666667" lon="-48.60917166666666"><ele>37.9</ele></trkpt><trkpt lat="-27.00598166666667" lon="-48.60917166666666"><ele>37.9</ele></trkpt><trkpt lat="-27.00598166666667" lon="-48.60917166666666"><ele>37.9</ele></trkpt><trkpt lat="-27.00598166666667" lon="-48.60917166666666"><ele>37.9</ele></trkpt><trkpt lat="-27.00598166666667" lon="-48.60917166666666"><ele>37.9</ele></trkpt><trkpt lat="-27.00598166666667" lon="-48.60917166666666"><ele>37.9</ele></trkpt><trkpt lat="-27.00598166666667" lon="-48.60917166666666"><ele>37.9</ele></trkpt><trkpt lat="-27.00598166666667" lon="-48.60917166666666"><ele>37.9</ele></trkpt><trkpt lat="-27.00598166666667" lon="-48.60917166666666"><ele>37.9</ele></trkpt><trkpt lat="-27.00598166666667" lon="-48.60917166666666"><ele>37.9</ele></trkpt><trkpt lat="-27.00604333333333" lon="-48.60919666666667"><ele>21</ele></trkpt><trkpt lat="-27.00603833333333" lon="-48.60922333333333"><ele>19.700000000000003</ele></trkpt><trkpt lat="-27.00604" lon="-48.60924333333334"><ele>18.900000000000002</ele></trkpt><trkpt lat="-27.00604166666667" lon="-48.60926500000001"><ele>17.6</ele></trkpt><trkpt lat="-27.006046666666666" lon="-48.60928833333334"><ele>17.400000000000002</ele></trkpt><trkpt lat="-27.00605" lon="-48.60931166666666"><ele>16.5</ele></trkpt><trkpt lat="-27.00605333333333" lon="-48.60933833333333"><ele>15.2</ele></trkpt><trkpt lat="-27.006055" lon="-48.609365"><ele>14.5</ele></trkpt><trkpt lat="-27.006061666666664" lon="-48.60939833333334"><ele>13.9</ele></trkpt><trkpt lat="-27.006064999999996" lon="-48.609428333333334"><ele>12.299999999999999</ele></trkpt><trkpt lat="-27.00607" lon="-48.609460000000006"><ele>10.1</ele></trkpt><trkpt lat="-27.006073333333333" lon="-48.60948333333334"><ele>9</ele></trkpt><trkpt lat="-27.006075000000003" lon="-48.60952"><ele>8.3</ele></trkpt><trkpt lat="-27.006075000000003" lon="-48.60955333333333"><ele>8.1</ele></trkpt><trkpt lat="-27.00608666666667" lon="-48.60958833333334"><ele>5.800000000000001</ele></trkpt><trkpt lat="-27.006085" lon="-48.60962500000001"><ele>5.4</ele></trkpt><trkpt lat="-27.006081666666667" lon="-48.60965666666666"><ele>5.4</ele></trkpt><trkpt lat="-27.006079999999997" lon="-48.60968166666667"><ele>5.5</ele></trkpt><trkpt lat="-27.006073333333333" lon="-48.60971166666666"><ele>6.1</ele></trkpt><trkpt lat="-27.006064999999996" lon="-48.609741666666665"><ele>6.9</ele></trkpt><trkpt lat="-27.006061666666664" lon="-48.60977"><ele>7.5</ele></trkpt><trkpt lat="-27.00606" lon="-48.60979666666667"><ele>7.5</ele></trkpt><trkpt lat="-27.006061666666664" lon="-48.60982333333333"><ele>7.300000000000001</ele></trkpt><trkpt lat="-27.006058333333332" lon="-48.60984499999999"><ele>7.9</ele></trkpt><trkpt lat="-27.00605666666667" lon="-48.60987"><ele>8.5</ele></trkpt><trkpt lat="-27.006058333333332" lon="-48.60989333333334"><ele>8.7</ele></trkpt><trkpt lat="-27.006066666666666" lon="-48.609918333333326"><ele>8.3</ele></trkpt><trkpt lat="-27.006068333333328" lon="-48.609941666666664"><ele>8.1</ele></trkpt><trkpt lat="-27.006068333333328" lon="-48.60996166666667"><ele>8.1</ele></trkpt><trkpt lat="-27.006068333333328" lon="-48.60998166666666"><ele>7.800000000000001</ele></trkpt><trkpt lat="-27.006066666666666" lon="-48.60999833333334"><ele>7.699999999999999</ele></trkpt><trkpt lat="-27.006064999999996" lon="-48.610023333333324"><ele>7.699999999999999</ele></trkpt><trkpt lat="-27.006064999999996" lon="-48.61004833333333"><ele>8.1</ele></trkpt><trkpt lat="-27.006063333333334" lon="-48.61007500000001"><ele>8.3</ele></trkpt><trkpt lat="-27.00606" lon="-48.610103333333335"><ele>8.5</ele></trkpt><trkpt lat="-27.00605666666667" lon="-48.61013"><ele>8.8</ele></trkpt><trkpt lat="-27.00605333333333" lon="-48.61015666666667"><ele>8.9</ele></trkpt><trkpt lat="-27.00605" lon="-48.61018666666667"><ele>8.8</ele></trkpt><trkpt lat="-27.006046666666666" lon="-48.61022"><ele>8.5</ele></trkpt><trkpt lat="-27.00604166666667" lon="-48.61025166666666"><ele>8.6</ele></trkpt><trkpt lat="-27.006036666666667" lon="-48.610285000000005"><ele>8.7</ele></trkpt><trkpt lat="-27.006030000000003" lon="-48.61031666666666"><ele>9</ele></trkpt><trkpt lat="-27.006023333333328" lon="-48.61034333333334"><ele>9.5</ele></trkpt><trkpt lat="-27.006015" lon="-48.610373333333335"><ele>9.799999999999999</ele></trkpt><trkpt lat="-27.006005" lon="-48.61040833333333"><ele>10.2</ele></trkpt><trkpt lat="-27.00599833333333" lon="-48.610436666666665"><ele>10.5</ele></trkpt><trkpt lat="-27.005991666666667" lon="-48.610465000000005"><ele>10.4</ele></trkpt><trkpt lat="-27.005983333333333" lon="-48.61049500000001"><ele>10</ele></trkpt><trkpt lat="-27.00597833333334" lon="-48.61052333333334"><ele>9.799999999999999</ele></trkpt><trkpt lat="-27.00597" lon="-48.610555000000005"><ele>9.7</ele></trkpt><trkpt lat="-27.005961666666668" lon="-48.61059333333333"><ele>9.5</ele></trkpt><trkpt lat="-27.005958333333336" lon="-48.61062833333334"><ele>9.2</ele></trkpt><trkpt lat="-27.00595333333333" lon="-48.610656666666664"><ele>9.1</ele></trkpt><trkpt lat="-27.005944999999997" lon="-48.61068333333333"><ele>9.7</ele></trkpt><trkpt lat="-27.005943333333335" lon="-48.610711666666674"><ele>9.799999999999999</ele></trkpt><trkpt lat="-27.005946666666667" lon="-48.610746666666664"><ele>9.5</ele></trkpt><trkpt lat="-27.005956666666666" lon="-48.610780000000005"><ele>8.9</ele></trkpt><trkpt lat="-27.005971666666664" lon="-48.61080833333334"><ele>8.4</ele></trkpt><trkpt lat="-27.005983333333333" lon="-48.61083833333334"><ele>8.1</ele></trkpt><trkpt lat="-27.005986666666665" lon="-48.610868333333336"><ele>7.699999999999999</ele></trkpt><trkpt lat="-27.005986666666665" lon="-48.61090000000001"><ele>6.800000000000001</ele></trkpt><trkpt lat="-27.00598166666667" lon="-48.61094"><ele>6</ele></trkpt><trkpt lat="-27.005983333333333" lon="-48.610980000000005"><ele>5.1</ele></trkpt><trkpt lat="-27.005976666666665" lon="-48.61101999999999"><ele>4.7</ele></trkpt><trkpt lat="-27.00597" lon="-48.611059999999995"><ele>4.2</ele></trkpt><trkpt lat="-27.00597" lon="-48.61109666666666"><ele>3.4000000000000004</ele></trkpt><trkpt lat="-27.005965" lon="-48.61113333333333"><ele>3.1</ele></trkpt><trkpt lat="-27.005961666666668" lon="-48.61117666666667"><ele>3</ele></trkpt><trkpt lat="-27.005958333333336" lon="-48.61122"><ele>2.7</ele></trkpt><trkpt lat="-27.00595" lon="-48.611265"><ele>3.2</ele></trkpt><trkpt lat="-27.005946666666667" lon="-48.611308333333334"><ele>3.8000000000000003</ele></trkpt><trkpt lat="-27.00593666666667" lon="-48.611351666666664"><ele>4.2</ele></trkpt><trkpt lat="-27.005926666666664" lon="-48.61139"><ele>4</ele></trkpt><trkpt lat="-27.005916666666668" lon="-48.611421666666665"><ele>3.6</ele></trkpt><trkpt lat="-27.005918333333337" lon="-48.61145"><ele>3.2</ele></trkpt><trkpt lat="-27.005901666666666" lon="-48.611486666666664"><ele>3.4000000000000004</ele></trkpt><trkpt lat="-27.00589166666667" lon="-48.61151499999999"><ele>2.8</ele></trkpt><trkpt lat="-27.00589" lon="-48.61153666666667"><ele>2.9000000000000004</ele></trkpt><trkpt lat="-27.00588833333334" lon="-48.611556666666665"><ele>2.1</ele></trkpt><trkpt lat="-27.005886666666665" lon="-48.611565000000006"><ele>2.6</ele></trkpt><trkpt lat="-27.00589" lon="-48.611563333333336"><ele>2.6</ele></trkpt><trkpt lat="-27.005898333333334" lon="-48.61155833333334"><ele>3</ele></trkpt><trkpt lat="-27.005903333333336" lon="-48.61154333333334"><ele>3.4000000000000004</ele></trkpt><trkpt lat="-27.005906666666668" lon="-48.611520000000006"><ele>4.2</ele></trkpt><trkpt lat="-27.005911666666666" lon="-48.61149833333334"><ele>4.5</ele></trkpt><trkpt lat="-27.005914999999998" lon="-48.611475000000006"><ele>4.1</ele></trkpt><trkpt lat="-27.005913333333336" lon="-48.61145833333333"><ele>3.7</ele></trkpt><trkpt lat="-27.00592" lon="-48.61145499999999"><ele>3.2</ele></trkpt><trkpt lat="-27.005929999999996" lon="-48.611463333333326"><ele>3.5</ele></trkpt><trkpt lat="-27.00593666666667" lon="-48.61148333333334"><ele>3.7</ele></trkpt><trkpt lat="-27.005929999999996" lon="-48.61149"><ele>3.7</ele></trkpt><trkpt lat="-27.00592166666667" lon="-48.61149833333334"><ele>3.7</ele></trkpt><trkpt lat="-27.005918333333337" lon="-48.61150666666667"><ele>3.5</ele></trkpt><trkpt lat="-27.005901666666666" lon="-48.611508333333326"><ele>3.2</ele></trkpt><trkpt lat="-27.00589166666667" lon="-48.61150666666667"><ele>3.2</ele></trkpt><trkpt lat="-27.005886666666665" lon="-48.611508333333326"><ele>3.5</ele></trkpt><trkpt lat="-27.005881666666664" lon="-48.61150666666667"><ele>3.8000000000000003</ele></trkpt><trkpt lat="-27.005881666666664" lon="-48.61149999999999"><ele>3.7</ele></trkpt><trkpt lat="-27.005884999999996" lon="-48.61149666666667"><ele>3.4000000000000004</ele></trkpt><trkpt lat="-27.00589" lon="-48.61149666666667"><ele>3.3</ele></trkpt><trkpt lat="-27.005893333333333" lon="-48.61149999999999"><ele>3.3</ele></trkpt><trkpt lat="-27.005898333333334" lon="-48.61150333333333"><ele>2.8</ele></trkpt><trkpt lat="-27.005903333333336" lon="-48.611505"><ele>2.2</ele></trkpt><trkpt lat="-27.00590833333333" lon="-48.61150666666667"><ele>1.4000000000000001</ele></trkpt><trkpt lat="-27.00590833333333" lon="-48.61150666666667"><ele>1.4000000000000001</ele></trkpt><trkpt lat="-27.00590833333333" lon="-48.61150666666667"><ele>1.4000000000000001</ele></trkpt><trkpt lat="-27.00590833333333" lon="-48.61150666666667"><ele>1.4000000000000001</ele></trkpt><trkpt lat="-27.00590833333333" lon="-48.61150666666667"><ele>1.4000000000000001</ele></trkpt><trkpt lat="-27.00590833333333" lon="-48.61150666666667"><ele>1.4000000000000001</ele></trkpt><trkpt lat="-27.00590833333333" lon="-48.61150666666667"><ele>1.4000000000000001</ele></trkpt><trkpt lat="-27.00590833333333" lon="-48.61150666666667"><ele>1.4000000000000001</ele></trkpt><trkpt lat="-27.00590833333333" lon="-48.61150666666667"><ele>1.4000000000000001</ele></trkpt><trkpt lat="-27.00590833333333" lon="-48.61150666666667"><ele>1.4000000000000001</ele></trkpt><trkpt lat="-27.00590833333333" lon="-48.61150666666667"><ele>1.4000000000000001</ele></trkpt><trkpt lat="-27.00590833333333" lon="-48.61150666666667"><ele>1.4000000000000001</ele></trkpt><trkpt lat="-27.00590833333333" lon="-48.61150666666667"><ele>1.4000000000000001</ele></trkpt><trkpt lat="-27.00590833333333" lon="-48.61150666666667"><ele>1.4000000000000001</ele></trkpt><trkpt lat="-27.00590833333333" lon="-48.61150666666667"><ele>1.4000000000000001</ele></trkpt><trkpt lat="-27.00590833333333" lon="-48.61150666666667"><ele>1.4000000000000001</ele></trkpt><trkpt lat="-27.00590833333333" lon="-48.61150666666667"><ele>1.4000000000000001</ele></trkpt><trkpt lat="-27.00590833333333" lon="-48.61150666666667"><ele>1.4000000000000001</ele></trkpt><trkpt lat="-27.00590833333333" lon="-48.61150666666667"><ele>1.4000000000000001</ele></trkpt><trkpt lat="-27.00590833333333" lon="-48.61150666666667"><ele>1.4000000000000001</ele></trkpt><trkpt lat="-27.005881666666664" lon="-48.611529999999995"><ele>1.1</ele></trkpt><trkpt lat="-27.005881666666664" lon="-48.61154"><ele>1</ele></trkpt><trkpt lat="-27.00587833333333" lon="-48.611554999999996"><ele>1.1</ele></trkpt><trkpt lat="-27.005871666666668" lon="-48.61156833333333"><ele>1.3</ele></trkpt><trkpt lat="-27.00586" lon="-48.611580000000004"><ele>1.4000000000000001</ele></trkpt><trkpt lat="-27.005854999999997" lon="-48.611585"><ele>1.1</ele></trkpt><trkpt lat="-27.005848333333333" lon="-48.61158833333334"><ele>0.9000000000000001</ele></trkpt><trkpt lat="-27.00584666666667" lon="-48.61159333333333"><ele>0.8</ele></trkpt><trkpt lat="-27.005853333333334" lon="-48.61159666666667"><ele>1</ele></trkpt><trkpt lat="-27.005853333333334" lon="-48.61159666666667"><ele>1</ele></trkpt><trkpt lat="-27.005858333333336" lon="-48.61159666666667"><ele>0.10000000000000009</ele></trkpt><trkpt lat="-27.00586333333333" lon="-48.611595"><ele>-0.19999999999999996</ele></trkpt><trkpt lat="-27.005869999999998" lon="-48.61158833333334"><ele>0</ele></trkpt><trkpt lat="-27.005866666666666" lon="-48.61159166666666"><ele>0.20000000000000018</ele></trkpt><trkpt lat="-27.005868333333336" lon="-48.611601666666665"><ele>-0.19999999999999996</ele></trkpt><trkpt lat="-27.005869999999998" lon="-48.611611666666676"><ele>-0.5</ele></trkpt><trkpt lat="-27.005871666666668" lon="-48.611611666666676"><ele>-1.1999999999999997</ele></trkpt><trkpt lat="-27.005873333333337" lon="-48.611610000000006"><ele>-1.9</ele></trkpt><trkpt lat="-27.005871666666668" lon="-48.61160666666667"><ele>-2.4</ele></trkpt><trkpt lat="-27.005871666666668" lon="-48.61160666666667"><ele>-2.4</ele></trkpt><trkpt lat="-27.005873333333337" lon="-48.611608333333336"><ele>-2.6</ele></trkpt><trkpt lat="-27.005873333333337" lon="-48.611608333333336"><ele>-2.6</ele></trkpt><trkpt lat="-27.00587833333333" lon="-48.61162666666667"><ele>-2.9999999999999996</ele></trkpt><trkpt lat="-27.00587666666667" lon="-48.61163499999999"><ele>-2.9</ele></trkpt><trkpt lat="-27.00588" lon="-48.61164999999999"><ele>-2.9</ele></trkpt><trkpt lat="-27.005893333333333" lon="-48.611670000000004"><ele>-4.1</ele></trkpt><trkpt lat="-27.005898333333334" lon="-48.611688333333326"><ele>-3.4</ele></trkpt><trkpt lat="-27.005901666666666" lon="-48.61170833333334"><ele>-2.9999999999999996</ele></trkpt><trkpt lat="-27.00589" lon="-48.61172666666666"><ele>-2.4</ele></trkpt><trkpt lat="-27.005881666666664" lon="-48.61172666666666"><ele>-1.5</ele></trkpt><trkpt lat="-27.00587666666667" lon="-48.61172166666667"><ele>-1.2999999999999998</ele></trkpt><trkpt lat="-27.005873333333337" lon="-48.61172333333334"><ele>-0.6000000000000001</ele></trkpt><trkpt lat="-27.005871666666668" lon="-48.61172333333334"><ele>0</ele></trkpt><trkpt lat="-27.005873333333337" lon="-48.61172666666666"><ele>0.40000000000000013</ele></trkpt><trkpt lat="-27.00587666666667" lon="-48.61172833333333"><ele>0.8</ele></trkpt><trkpt lat="-27.005881666666664" lon="-48.61172666666666"><ele>1.2000000000000002</ele></trkpt><trkpt lat="-27.005881666666664" lon="-48.61172333333334"><ele>1.4000000000000001</ele></trkpt><trkpt lat="-27.005881666666664" lon="-48.61172333333334"><ele>1.4000000000000001</ele></trkpt><trkpt lat="-27.005886666666665" lon="-48.61172499999999"><ele>2.1</ele></trkpt><trkpt lat="-27.005886666666665" lon="-48.61172499999999"><ele>2.1</ele></trkpt><trkpt lat="-27.00589166666667" lon="-48.61172833333333"><ele>2.9000000000000004</ele></trkpt><trkpt lat="-27.00589166666667" lon="-48.61172833333333"><ele>2.9000000000000004</ele></trkpt><trkpt lat="-27.00589166666667" lon="-48.61172833333333"><ele>2.9000000000000004</ele></trkpt><trkpt lat="-27.00589166666667" lon="-48.61172833333333"><ele>2.9000000000000004</ele></trkpt><trkpt lat="-27.00589166666667" lon="-48.61172833333333"><ele>2.9000000000000004</ele></trkpt><trkpt lat="-27.00589166666667" lon="-48.61172833333333"><ele>2.9000000000000004</ele></trkpt><trkpt lat="-27.00589166666667" lon="-48.61172833333333"><ele>2.9000000000000004</ele></trkpt><trkpt lat="-27.00589166666667" lon="-48.61172833333333"><ele>2.9000000000000004</ele></trkpt><trkpt lat="-27.00589166666667" lon="-48.61172833333333"><ele>2.9000000000000004</ele></trkpt><trkpt lat="-27.00589166666667" lon="-48.61172833333333"><ele>2.9000000000000004</ele></trkpt><trkpt lat="-27.00589166666667" lon="-48.61172833333333"><ele>2.9000000000000004</ele></trkpt><trkpt lat="-27.00589166666667" lon="-48.61172833333333"><ele>2.9000000000000004</ele></trkpt><trkpt lat="-27.00589166666667" lon="-48.61172833333333"><ele>2.9000000000000004</ele></trkpt><trkpt lat="-27.00589166666667" lon="-48.61172833333333"><ele>2.9000000000000004</ele></trkpt><trkpt lat="-27.00589166666667" lon="-48.61172833333333"><ele>2.9000000000000004</ele></trkpt><trkpt lat="-27.00589166666667" lon="-48.61172833333333"><ele>2.9000000000000004</ele></trkpt><trkpt lat="-27.00589166666667" lon="-48.61172833333333"><ele>2.9000000000000004</ele></trkpt><trkpt lat="-27.00589166666667" lon="-48.61172833333333"><ele>2.9000000000000004</ele></trkpt><trkpt lat="-27.00589166666667" lon="-48.61172833333333"><ele>2.9000000000000004</ele></trkpt><trkpt lat="-27.00589166666667" lon="-48.61172833333333"><ele>2.9000000000000004</ele></trkpt><trkpt lat="-27.005839999999996" lon="-48.611765"><ele>7.1</ele></trkpt><trkpt lat="-27.005841666666665" lon="-48.611778333333326"><ele>7.4</ele></trkpt><trkpt lat="-27.005839999999996" lon="-48.611799999999995"><ele>8</ele></trkpt><trkpt lat="-27.005841666666665" lon="-48.61182166666667"><ele>8.3</ele></trkpt><trkpt lat="-27.005838333333333" lon="-48.61184333333334"><ele>8.5</ele></trkpt><trkpt lat="-27.00583333333333" lon="-48.611871666666666"><ele>8.8</ele></trkpt><trkpt lat="-27.00583" lon="-48.61189833333333"><ele>9.1</ele></trkpt><trkpt lat="-27.005826666666668" lon="-48.61192833333333"><ele>9.5</ele></trkpt><trkpt lat="-27.005816666666668" lon="-48.61194999999999"><ele>9.5</ele></trkpt><trkpt lat="-27.005808333333334" lon="-48.61196333333334"><ele>9.7</ele></trkpt><trkpt lat="-27.005805000000002" lon="-48.61197666666667"><ele>8.6</ele></trkpt><trkpt lat="-27.005803333333333" lon="-48.611979999999996"><ele>8.4</ele></trkpt><trkpt lat="-27.005803333333333" lon="-48.611979999999996"><ele>8.4</ele></trkpt><trkpt lat="-27.00580166666667" lon="-48.611983333333335"><ele>7.9</ele></trkpt><trkpt lat="-27.0058" lon="-48.61198666666666"><ele>7.800000000000001</ele></trkpt><trkpt lat="-27.005796666666665" lon="-48.61198666666666"><ele>7.800000000000001</ele></trkpt><trkpt lat="-27.005796666666665" lon="-48.61198666666666"><ele>7.9</ele></trkpt><trkpt lat="-27.005796666666665" lon="-48.61198833333333"><ele>7.699999999999999</ele></trkpt><trkpt lat="-27.005794999999996" lon="-48.61198833333333"><ele>7.699999999999999</ele></trkpt><trkpt lat="-27.005794999999996" lon="-48.61198833333333"><ele>7.699999999999999</ele></trkpt><trkpt lat="-27.005794999999996" lon="-48.61198833333333"><ele>7.699999999999999</ele></trkpt><trkpt lat="-27.005794999999996" lon="-48.61199166666667"><ele>7.9</ele></trkpt><trkpt lat="-27.005791666666664" lon="-48.61199666666666"><ele>8.3</ele></trkpt><trkpt lat="-27.005785" lon="-48.61200333333333"><ele>8.7</ele></trkpt><trkpt lat="-27.005781666666667" lon="-48.61201500000001"><ele>9</ele></trkpt><trkpt lat="-27.005776666666666" lon="-48.61203833333334"><ele>9</ele></trkpt><trkpt lat="-27.005768333333336" lon="-48.612065"><ele>9.6</ele></trkpt><trkpt lat="-27.005761666666665" lon="-48.61209"><ele>9.1</ele></trkpt><trkpt lat="-27.005753333333338" lon="-48.61211333333334"><ele>8.8</ele></trkpt><trkpt lat="-27.00574" lon="-48.61213333333333"><ele>8.1</ele></trkpt><trkpt lat="-27.005736666666667" lon="-48.612155"><ele>7.6</ele></trkpt><trkpt lat="-27.005730000000003" lon="-48.61218"><ele>7.4</ele></trkpt><trkpt lat="-27.005724999999998" lon="-48.612206666666665"><ele>6.6</ele></trkpt><trkpt lat="-27.005719999999997" lon="-48.61223499999999"><ele>6.4</ele></trkpt><trkpt lat="-27.00571" lon="-48.61226333333334"><ele>6.300000000000001</ele></trkpt><trkpt lat="-27.005713333333333" lon="-48.612296666666666"><ele>4.7</ele></trkpt><trkpt lat="-27.00571" lon="-48.61232666666667"><ele>4.1</ele></trkpt><trkpt lat="-27.005703333333333" lon="-48.61235833333333"><ele>3.6</ele></trkpt><trkpt lat="-27.005695" lon="-48.612384999999996"><ele>3.6</ele></trkpt><trkpt lat="-27.005686666666666" lon="-48.61241666666667"><ele>3.8000000000000003</ele></trkpt><trkpt lat="-27.005676666666666" lon="-48.61244666666666"><ele>4.300000000000001</ele></trkpt><trkpt lat="-27.005671666666665" lon="-48.61247333333334"><ele>4.7</ele></trkpt><trkpt lat="-27.005663333333338" lon="-48.6125"><ele>5.9</ele></trkpt><trkpt lat="-27.005656666666663" lon="-48.612515"><ele>6.699999999999999</ele></trkpt><trkpt lat="-27.00565" lon="-48.612515"><ele>7.6</ele></trkpt><trkpt lat="-27.00565333333333" lon="-48.612519999999996"><ele>8</ele></trkpt><trkpt lat="-27.005655" lon="-48.612525000000005"><ele>8.7</ele></trkpt><trkpt lat="-27.005655" lon="-48.612525000000005"><ele>8.7</ele></trkpt><trkpt lat="-27.005656666666663" lon="-48.61252833333333"><ele>8.9</ele></trkpt><trkpt lat="-27.005655" lon="-48.61253166666667"><ele>9.1</ele></trkpt><trkpt lat="-27.005655" lon="-48.61253"><ele>9.6</ele></trkpt><trkpt lat="-27.005655" lon="-48.612534999999994"><ele>9.799999999999999</ele></trkpt><trkpt lat="-27.00565333333333" lon="-48.61253833333333"><ele>10</ele></trkpt><trkpt lat="-27.005643333333335" lon="-48.612536666666664"><ele>9.7</ele></trkpt><trkpt lat="-27.005626666666664" lon="-48.612534999999994"><ele>9.6</ele></trkpt><trkpt lat="-27.005616666666665" lon="-48.612534999999994"><ele>9.5</ele></trkpt><trkpt lat="-27.00560833333333" lon="-48.61253833333333"><ele>9.5</ele></trkpt><trkpt lat="-27.00560833333333" lon="-48.61253833333333"><ele>9.5</ele></trkpt><trkpt lat="-27.005605" lon="-48.61254"><ele>9.3</ele></trkpt><trkpt lat="-27.00560833333333" lon="-48.61254833333334"><ele>9.4</ele></trkpt><trkpt lat="-27.00560666666667" lon="-48.61256"><ele>9</ele></trkpt><trkpt lat="-27.00560833333333" lon="-48.612575"><ele>8.5</ele></trkpt><trkpt lat="-27.00560833333333" lon="-48.612575"><ele>8.5</ele></trkpt><trkpt lat="-27.00560833333333" lon="-48.612585"><ele>8.2</ele></trkpt><trkpt lat="-27.00560666666667" lon="-48.61259833333334"><ele>7.699999999999999</ele></trkpt><trkpt lat="-27.005601666666667" lon="-48.612611666666666"><ele>7.6</ele></trkpt><trkpt lat="-27.005601666666667" lon="-48.61262166666667"><ele>8.2</ele></trkpt><trkpt lat="-27.005605" lon="-48.61263666666667"><ele>8.5</ele></trkpt><trkpt lat="-27.00561" lon="-48.61264666666666"><ele>8.8</ele></trkpt><trkpt lat="-27.005611666666663" lon="-48.61264833333333"><ele>9.3</ele></trkpt><trkpt lat="-27.00560833333333" lon="-48.61265166666667"><ele>9.9</ele></trkpt><trkpt lat="-27.00561" lon="-48.612656666666666"><ele>10.299999999999999</ele></trkpt><trkpt lat="-27.005611666666663" lon="-48.612658333333336"><ele>10.6</ele></trkpt><trkpt lat="-27.005613333333333" lon="-48.612660000000005"><ele>10.7</ele></trkpt><trkpt lat="-27.00561" lon="-48.612660000000005"><ele>10.799999999999999</ele></trkpt><trkpt lat="-27.005613333333333" lon="-48.61266166666666"><ele>11.1</ele></trkpt><trkpt lat="-27.005616666666665" lon="-48.61266166666666"><ele>11.4</ele></trkpt><trkpt lat="-27.00562" lon="-48.61266166666666"><ele>11.5</ele></trkpt><trkpt lat="-27.00562" lon="-48.61266166666666"><ele>11.5</ele></trkpt><trkpt lat="-27.00562" lon="-48.61266166666666"><ele>11.5</ele></trkpt><trkpt lat="-27.00562" lon="-48.61266166666666"><ele>11.5</ele></trkpt><trkpt lat="-27.00562" lon="-48.61266166666666"><ele>11.5</ele></trkpt><trkpt lat="-27.00562" lon="-48.61266166666666"><ele>11.5</ele></trkpt><trkpt lat="-27.00562" lon="-48.61266166666666"><ele>11.5</ele></trkpt><trkpt lat="-27.00562" lon="-48.61266166666666"><ele>11.5</ele></trkpt><trkpt lat="-27.00562" lon="-48.61266166666666"><ele>11.5</ele></trkpt><trkpt lat="-27.00562" lon="-48.61266166666666"><ele>11.5</ele></trkpt><trkpt lat="-27.00562" lon="-48.61266166666666"><ele>11.5</ele></trkpt><trkpt lat="-27.00562166666667" lon="-48.612671666666664"><ele>11.9</ele></trkpt><trkpt lat="-27.005611666666663" lon="-48.61269000000001"><ele>11.799999999999999</ele></trkpt><trkpt lat="-27.005601666666667" lon="-48.61271166666667"><ele>11.6</ele></trkpt><trkpt lat="-27.005591666666668" lon="-48.61274166666667"><ele>10.6</ele></trkpt><trkpt lat="-27.005586666666666" lon="-48.612765"><ele>9.3</ele></trkpt><trkpt lat="-27.005578333333332" lon="-48.612795000000006"><ele>8.6</ele></trkpt><trkpt lat="-27.005558333333337" lon="-48.61282333333334"><ele>8.1</ele></trkpt><trkpt lat="-27.005541666666666" lon="-48.612855"><ele>7.699999999999999</ele></trkpt><trkpt lat="-27.005528333333338" lon="-48.61288666666666"><ele>7.6</ele></trkpt><trkpt lat="-27.005509999999997" lon="-48.61290999999999"><ele>8</ele></trkpt><trkpt lat="-27.005498333333335" lon="-48.612943333333334"><ele>8.1</ele></trkpt><trkpt lat="-27.005498333333335" lon="-48.61297"><ele>7.9</ele></trkpt><trkpt lat="-27.00548666666667" lon="-48.61299333333333"><ele>8.1</ele></trkpt><trkpt lat="-27.005479999999995" lon="-48.61302333333333"><ele>7.699999999999999</ele></trkpt><trkpt lat="-27.00547333333333" lon="-48.61305333333333"><ele>7.300000000000001</ele></trkpt><trkpt lat="-27.005468333333337" lon="-48.61308833333332"><ele>6.300000000000001</ele></trkpt><trkpt lat="-27.005456666666667" lon="-48.613125000000004"><ele>5.4</ele></trkpt><trkpt lat="-27.005450000000003" lon="-48.61315833333333"><ele>4.800000000000001</ele></trkpt><trkpt lat="-27.00544166666667" lon="-48.61319"><ele>4.4</ele></trkpt><trkpt lat="-27.005423333333336" lon="-48.61323666666667"><ele>4.4</ele></trkpt><trkpt lat="-27.005409999999998" lon="-48.61327333333334"><ele>4.7</ele></trkpt><trkpt lat="-27.005390000000002" lon="-48.61331499999999"><ele>5.6</ele></trkpt><trkpt lat="-27.005376666666667" lon="-48.61335666666667"><ele>5.6</ele></trkpt><trkpt lat="-27.005363333333335" lon="-48.61339833333333"><ele>5.5</ele></trkpt><trkpt lat="-27.00535" lon="-48.613440000000004"><ele>5.300000000000001</ele></trkpt><trkpt lat="-27.00533666666667" lon="-48.613481666666665"><ele>5</ele></trkpt><trkpt lat="-27.005319999999998" lon="-48.613523333333326"><ele>5</ele></trkpt><trkpt lat="-27.00530666666667" lon="-48.613568333333326"><ele>4.5</ele></trkpt><trkpt lat="-27.00529166666667" lon="-48.61360833333333"><ele>4.7</ele></trkpt><trkpt lat="-27.005274999999997" lon="-48.61364833333334"><ele>5</ele></trkpt><trkpt lat="-27.005253333333332" lon="-48.613683333333334"><ele>5.6</ele></trkpt><trkpt lat="-27.005240000000004" lon="-48.613718333333324"><ele>6.800000000000001</ele></trkpt><trkpt lat="-27.005226666666665" lon="-48.61374833333333"><ele>7.699999999999999</ele></trkpt><trkpt lat="-27.005221666666664" lon="-48.61377833333333"><ele>8.7</ele></trkpt><trkpt lat="-27.00521833333333" lon="-48.613800000000005"><ele>8.9</ele></trkpt><trkpt lat="-27.005221666666664" lon="-48.613821666666674"><ele>9.799999999999999</ele></trkpt><trkpt lat="-27.00521666666667" lon="-48.61383666666667"><ele>11.799999999999999</ele></trkpt><trkpt lat="-27.00521" lon="-48.613843333333335"><ele>12.9</ele></trkpt><trkpt lat="-27.00521" lon="-48.61384666666666"><ele>13.6</ele></trkpt><trkpt lat="-27.005213333333337" lon="-48.61385166666667"><ele>14</ele></trkpt><trkpt lat="-27.005221666666664" lon="-48.61385"><ele>14.4</ele></trkpt><trkpt lat="-27.005226666666665" lon="-48.61385166666667"><ele>14.299999999999999</ele></trkpt><trkpt lat="-27.005225000000003" lon="-48.61385"><ele>14.2</ele></trkpt><trkpt lat="-27.005223333333333" lon="-48.61385"><ele>13.799999999999999</ele></trkpt><trkpt lat="-27.005221666666664" lon="-48.61384833333333"><ele>13.4</ele></trkpt><trkpt lat="-27.005221666666664" lon="-48.61384666666666"><ele>12.799999999999999</ele></trkpt><trkpt lat="-27.005223333333333" lon="-48.61384666666666"><ele>12.299999999999999</ele></trkpt><trkpt lat="-27.005223333333333" lon="-48.61384666666666"><ele>12.299999999999999</ele></trkpt><trkpt lat="-27.005223333333333" lon="-48.61384666666666"><ele>12.299999999999999</ele></trkpt><trkpt lat="-27.005223333333333" lon="-48.61384666666666"><ele>12.299999999999999</ele></trkpt><trkpt lat="-27.005223333333333" lon="-48.61384666666666"><ele>12.299999999999999</ele></trkpt><trkpt lat="-27.005223333333333" lon="-48.61384666666666"><ele>12.299999999999999</ele></trkpt><trkpt lat="-27.005223333333333" lon="-48.61384666666666"><ele>12.299999999999999</ele></trkpt><trkpt lat="-27.005223333333333" lon="-48.61384666666666"><ele>12.299999999999999</ele></trkpt><trkpt lat="-27.005223333333333" lon="-48.61384666666666"><ele>12.299999999999999</ele></trkpt><trkpt lat="-27.005223333333333" lon="-48.61384666666666"><ele>12.299999999999999</ele></trkpt><trkpt lat="-27.005193333333334" lon="-48.61385"><ele>9.7</ele></trkpt><trkpt lat="-27.005184999999997" lon="-48.613866666666674"><ele>9.5</ele></trkpt><trkpt lat="-27.005181666666665" lon="-48.61388166666667"><ele>9.4</ele></trkpt><trkpt lat="-27.00517166666667" lon="-48.613895"><ele>8.4</ele></trkpt><trkpt lat="-27.00516" lon="-48.61390500000001"><ele>7.199999999999999</ele></trkpt><trkpt lat="-27.005155" lon="-48.61391666666667"><ele>6.199999999999999</ele></trkpt><trkpt lat="-27.005150000000004" lon="-48.613925"><ele>5.300000000000001</ele></trkpt><trkpt lat="-27.00514333333333" lon="-48.613931666666666"><ele>4.800000000000001</ele></trkpt><trkpt lat="-27.005141666666667" lon="-48.613929999999996"><ele>3.9</ele></trkpt><trkpt lat="-27.005148333333334" lon="-48.61392833333333"><ele>3.3</ele></trkpt><trkpt lat="-27.00515833333333" lon="-48.613929999999996"><ele>3</ele></trkpt><trkpt lat="-27.00517" lon="-48.613931666666666"><ele>2.7</ele></trkpt><trkpt lat="-27.00517" lon="-48.613931666666666"><ele>2.7</ele></trkpt><trkpt lat="-27.005180000000003" lon="-48.613933333333335"><ele>2.6</ele></trkpt><trkpt lat="-27.005193333333334" lon="-48.613944999999994"><ele>2.6</ele></trkpt><trkpt lat="-27.005201666666668" lon="-48.61394166666667"><ele>2.2</ele></trkpt><trkpt lat="-27.005205" lon="-48.613943333333324"><ele>1.7000000000000002</ele></trkpt><trkpt lat="-27.005206666666663" lon="-48.613944999999994"><ele>1.4000000000000001</ele></trkpt><trkpt lat="-27.005205" lon="-48.61394666666667"><ele>1.3</ele></trkpt><trkpt lat="-27.005205" lon="-48.613955000000004"><ele>1.2000000000000002</ele></trkpt><trkpt lat="-27.00520333333333" lon="-48.61396166666667"><ele>1.2000000000000002</ele></trkpt><trkpt lat="-27.00520333333333" lon="-48.61396166666667"><ele>1.2000000000000002</ele></trkpt><trkpt lat="-27.0052" lon="-48.61396666666666"><ele>1.3</ele></trkpt><trkpt lat="-27.00521666666667" lon="-48.61395833333333"><ele>1.1</ele></trkpt><trkpt lat="-27.00521666666667" lon="-48.61395833333333"><ele>1.1</ele></trkpt><trkpt lat="-27.00521666666667" lon="-48.61395833333333"><ele>1.4000000000000001</ele></trkpt><trkpt lat="-27.005215" lon="-48.61396"><ele>1.7000000000000002</ele></trkpt><trkpt lat="-27.005208333333332" lon="-48.61395833333333"><ele>2.3</ele></trkpt><trkpt lat="-27.0052" lon="-48.61396333333334"><ele>2.8</ele></trkpt><trkpt lat="-27.0052" lon="-48.61396333333334"><ele>2.8</ele></trkpt><trkpt lat="-27.0052" lon="-48.61396333333334"><ele>2.8</ele></trkpt><trkpt lat="-27.0052" lon="-48.61396333333334"><ele>2.8</ele></trkpt><trkpt lat="-27.0052" lon="-48.61396333333334"><ele>2.8</ele></trkpt><trkpt lat="-27.0052" lon="-48.61396333333334"><ele>2.8</ele></trkpt><trkpt lat="-27.0052" lon="-48.61396333333334"><ele>2.8</ele></trkpt><trkpt lat="-27.0052" lon="-48.61396333333334"><ele>2.8</ele></trkpt><trkpt lat="-27.00517" lon="-48.61396500000001"><ele>5.6</ele></trkpt><trkpt lat="-27.005165" lon="-48.61398666666667"><ele>5.699999999999999</ele></trkpt><trkpt lat="-27.005166666666664" lon="-48.61401000000001"><ele>5.699999999999999</ele></trkpt><trkpt lat="-27.00515833333333" lon="-48.614033333333325"><ele>6</ele></trkpt><trkpt lat="-27.005148333333334" lon="-48.61405666666666"><ele>6.4</ele></trkpt><trkpt lat="-27.005133333333333" lon="-48.61408333333334"><ele>7</ele></trkpt><trkpt lat="-27.00512" lon="-48.614113333333336"><ele>7</ele></trkpt><trkpt lat="-27.005106666666666" lon="-48.61414666666666"><ele>7.199999999999999</ele></trkpt><trkpt lat="-27.005096666666667" lon="-48.61418333333333"><ele>6.199999999999999</ele></trkpt><trkpt lat="-27.00508166666667" lon="-48.61421666666667"><ele>6.4</ele></trkpt><trkpt lat="-27.005065" lon="-48.614248333333336"><ele>7.1</ele></trkpt><trkpt lat="-27.005049999999997" lon="-48.61428166666666"><ele>6.699999999999999</ele></trkpt><trkpt lat="-27.005035" lon="-48.614316666666674"><ele>6.699999999999999</ele></trkpt><trkpt lat="-27.00502" lon="-48.614345"><ele>6.800000000000001</ele></trkpt><trkpt lat="-27.005004999999997" lon="-48.61438166666667"><ele>6</ele></trkpt><trkpt lat="-27.00499" lon="-48.614414999999994"><ele>6.4</ele></trkpt><trkpt lat="-27.004971666666666" lon="-48.614448333333335"><ele>6.699999999999999</ele></trkpt><trkpt lat="-27.004953333333333" lon="-48.614483333333325"><ele>7</ele></trkpt><trkpt lat="-27.00493666666667" lon="-48.61452166666666"><ele>7.699999999999999</ele></trkpt><trkpt lat="-27.004920000000002" lon="-48.61456"><ele>7.6</ele></trkpt><trkpt lat="-27.004905" lon="-48.614594999999994"><ele>7.9</ele></trkpt><trkpt lat="-27.00488833333333" lon="-48.614631666666675"><ele>8.4</ele></trkpt><trkpt lat="-27.00487333333333" lon="-48.61467"><ele>8.1</ele></trkpt><trkpt lat="-27.00485833333333" lon="-48.614716666666666"><ele>8.5</ele></trkpt><trkpt lat="-27.00485833333333" lon="-48.61477166666667"><ele>3.8000000000000003</ele></trkpt><trkpt lat="-27.00484333333333" lon="-48.61481333333333"><ele>2.1</ele></trkpt><trkpt lat="-27.004818333333333" lon="-48.61485166666667"><ele>3.7</ele></trkpt><trkpt lat="-27.00481166666667" lon="-48.614895"><ele>1.2000000000000002</ele></trkpt><trkpt lat="-27.004793333333335" lon="-48.61492666666666"><ele>1</ele></trkpt><trkpt lat="-27.00477166666667" lon="-48.614954999999995"><ele>0.6000000000000001</ele></trkpt><trkpt lat="-27.00475666666667" lon="-48.61498333333334"><ele>0.9000000000000001</ele></trkpt><trkpt lat="-27.004743333333334" lon="-48.61501333333334"><ele>0.7000000000000001</ele></trkpt><trkpt lat="-27.004730000000002" lon="-48.61504"><ele>0.8</ele></trkpt><trkpt lat="-27.00472" lon="-48.61506666666667"><ele>0.5</ele></trkpt><trkpt lat="-27.004706666666667" lon="-48.61509666666667"><ele>1</ele></trkpt><trkpt lat="-27.004695" lon="-48.615113333333326"><ele>1.3</ele></trkpt><trkpt lat="-27.004686666666665" lon="-48.61512833333333"><ele>1.3</ele></trkpt><trkpt lat="-27.00467833333333" lon="-48.615136666666665"><ele>2.1</ele></trkpt><trkpt lat="-27.00468" lon="-48.61514666666667"><ele>2.8</ele></trkpt><trkpt lat="-27.00468" lon="-48.61514999999999"><ele>2.8</ele></trkpt><trkpt lat="-27.00468" lon="-48.61515166666666"><ele>2.6</ele></trkpt><trkpt lat="-27.00468166666667" lon="-48.615155"><ele>2.2</ele></trkpt><trkpt lat="-27.00468166666667" lon="-48.615158333333326"><ele>2.4000000000000004</ele></trkpt><trkpt lat="-27.00467833333333" lon="-48.61515666666666"><ele>2.4000000000000004</ele></trkpt><trkpt lat="-27.00467666666667" lon="-48.61515666666666"><ele>2.5</ele></trkpt><trkpt lat="-27.004673333333336" lon="-48.61515166666666"><ele>2.8</ele></trkpt><trkpt lat="-27.004671666666663" lon="-48.61514666666667"><ele>2.7</ele></trkpt><trkpt lat="-27.00467" lon="-48.61514166666666"><ele>2.8</ele></trkpt><trkpt lat="-27.00467" lon="-48.61514166666666"><ele>2.8</ele></trkpt><trkpt lat="-27.00467" lon="-48.61514166666666"><ele>2.8</ele></trkpt><trkpt lat="-27.00467" lon="-48.61514166666666"><ele>2.8</ele></trkpt><trkpt lat="-27.00467" lon="-48.61514166666666"><ele>2.8</ele></trkpt><trkpt lat="-27.00467" lon="-48.61514166666666"><ele>2.8</ele></trkpt><trkpt lat="-27.00467" lon="-48.61514166666666"><ele>2.8</ele></trkpt><trkpt lat="-27.00467" lon="-48.61514166666666"><ele>2.8</ele></trkpt><trkpt lat="-27.00467" lon="-48.61514166666666"><ele>2.8</ele></trkpt><trkpt lat="-27.00467" lon="-48.61514166666666"><ele>2.8</ele></trkpt><trkpt lat="-27.00467" lon="-48.61514166666666"><ele>2.8</ele></trkpt><trkpt lat="-27.00467" lon="-48.61514166666666"><ele>2.8</ele></trkpt><trkpt lat="-27.00465166666667" lon="-48.61514999999999"><ele>5.5</ele></trkpt><trkpt lat="-27.00465" lon="-48.61517333333333"><ele>6.5</ele></trkpt><trkpt lat="-27.004646666666666" lon="-48.61519666666666"><ele>6.6</ele></trkpt><trkpt lat="-27.00463666666667" lon="-48.61522166666667"><ele>7</ele></trkpt><trkpt lat="-27.004626666666663" lon="-48.615245"><ele>6.9</ele></trkpt><trkpt lat="-27.00460333333333" lon="-48.61526833333334"><ele>8.6</ele></trkpt><trkpt lat="-27.00458" lon="-48.615294999999996"><ele>9.799999999999999</ele></trkpt><trkpt lat="-27.004556666666666" lon="-48.61532333333333"><ele>10.5</ele></trkpt><trkpt lat="-27.00454" lon="-48.615355"><ele>10.7</ele></trkpt><trkpt lat="-27.004521666666665" lon="-48.61538833333334"><ele>10.9</ele></trkpt><trkpt lat="-27.004503333333332" lon="-48.61542333333333"><ele>10.9</ele></trkpt><trkpt lat="-27.004485" lon="-48.61545833333333"><ele>10.7</ele></trkpt><trkpt lat="-27.004466666666666" lon="-48.61548833333333"><ele>10.299999999999999</ele></trkpt><trkpt lat="-27.00445" lon="-48.61552"><ele>10.2</ele></trkpt><trkpt lat="-27.004434999999997" lon="-48.61555166666667"><ele>10.6</ele></trkpt><trkpt lat="-27.004419999999996" lon="-48.61557666666666"><ele>10.7</ele></trkpt><trkpt lat="-27.004406666666668" lon="-48.615605"><ele>10.7</ele></trkpt><trkpt lat="-27.004395" lon="-48.615633333333335"><ele>10.1</ele></trkpt><trkpt lat="-27.004386666666665" lon="-48.61566833333333"><ele>9.7</ele></trkpt><trkpt lat="-27.004373333333334" lon="-48.61570166666667"><ele>8.6</ele></trkpt><trkpt lat="-27.00436" lon="-48.61573333333334"><ele>8.3</ele></trkpt><trkpt lat="-27.004344999999997" lon="-48.61576166666667"><ele>8.7</ele></trkpt><trkpt lat="-27.00433666666667" lon="-48.61579333333334"><ele>8.7</ele></trkpt><trkpt lat="-27.004316666666668" lon="-48.61582"><ele>9.1</ele></trkpt><trkpt lat="-27.004299999999997" lon="-48.61584833333333"><ele>9.6</ele></trkpt><trkpt lat="-27.004283333333333" lon="-48.61587666666666"><ele>9.5</ele></trkpt><trkpt lat="-27.004261666666668" lon="-48.615903333333335"><ele>9.799999999999999</ele></trkpt><trkpt lat="-27.004245" lon="-48.61593"><ele>9.4</ele></trkpt><trkpt lat="-27.004236666666664" lon="-48.61595666666667"><ele>9.4</ele></trkpt><trkpt lat="-27.00423" lon="-48.61597833333334"><ele>9.1</ele></trkpt><trkpt lat="-27.00423333333333" lon="-48.61599"><ele>9.1</ele></trkpt><trkpt lat="-27.00423333333333" lon="-48.616"><ele>9.2</ele></trkpt><trkpt lat="-27.004236666666664" lon="-48.616006666666664"><ele>9.4</ele></trkpt><trkpt lat="-27.004238333333333" lon="-48.61601"><ele>9.799999999999999</ele></trkpt><trkpt lat="-27.004238333333333" lon="-48.61601"><ele>9.799999999999999</ele></trkpt><trkpt lat="-27.004241666666665" lon="-48.61601"><ele>9.9</ele></trkpt><trkpt lat="-27.004239999999996" lon="-48.61601"><ele>9.7</ele></trkpt><trkpt lat="-27.004238333333333" lon="-48.61601"><ele>9.4</ele></trkpt><trkpt lat="-27.004238333333333" lon="-48.61601"><ele>9.4</ele></trkpt><trkpt lat="-27.004245" lon="-48.61602333333334"><ele>9.4</ele></trkpt><trkpt lat="-27.004245" lon="-48.61602333333334"><ele>9.3</ele></trkpt><trkpt lat="-27.00424333333334" lon="-48.61602166666667"><ele>9.3</ele></trkpt><trkpt lat="-27.004248333333333" lon="-48.61602500000001"><ele>9.3</ele></trkpt><trkpt lat="-27.004256666666667" lon="-48.61603"><ele>9.4</ele></trkpt><trkpt lat="-27.004256666666667" lon="-48.61603"><ele>9.4</ele></trkpt><trkpt lat="-27.004256666666667" lon="-48.61603"><ele>9.4</ele></trkpt><trkpt lat="-27.004256666666667" lon="-48.61603"><ele>9.4</ele></trkpt><trkpt lat="-27.004256666666667" lon="-48.61603"><ele>9.4</ele></trkpt><trkpt lat="-27.004256666666667" lon="-48.61603"><ele>9.4</ele></trkpt><trkpt lat="-27.004250000000003" lon="-48.61604166666666"><ele>6.199999999999999</ele></trkpt><trkpt lat="-27.004241666666665" lon="-48.61604833333334"><ele>6.199999999999999</ele></trkpt><trkpt lat="-27.00423333333333" lon="-48.616061666666674"><ele>5.800000000000001</ele></trkpt><trkpt lat="-27.004223333333336" lon="-48.61607833333334"><ele>5.300000000000001</ele></trkpt><trkpt lat="-27.004209999999997" lon="-48.61609833333333"><ele>4.9</ele></trkpt><trkpt lat="-27.00419833333334" lon="-48.616126666666666"><ele>4.1</ele></trkpt><trkpt lat="-27.00418666666667" lon="-48.61615833333334"><ele>3.6</ele></trkpt><trkpt lat="-27.004175" lon="-48.616195"><ele>3.2</ele></trkpt><trkpt lat="-27.004148333333333" lon="-48.61622666666667"><ele>2.9000000000000004</ele></trkpt><trkpt lat="-27.004133333333336" lon="-48.616263333333336"><ele>2.2</ele></trkpt><trkpt lat="-27.004113333333333" lon="-48.61629500000001"><ele>2</ele></trkpt><trkpt lat="-27.004093333333337" lon="-48.61632833333333"><ele>1.5</ele></trkpt><trkpt lat="-27.004076666666666" lon="-48.61636166666667"><ele>0.5</ele></trkpt><trkpt lat="-27.004055" lon="-48.616408333333325"><ele>0.30000000000000004</ele></trkpt><trkpt lat="-27.004036666666668" lon="-48.616456666666664"><ele>-0.09999999999999987</ele></trkpt><trkpt lat="-27.004013333333333" lon="-48.616495"><ele>-0.6000000000000001</ele></trkpt><trkpt lat="-27.003996666666662" lon="-48.61653"><ele>-0.7999999999999998</ele></trkpt><trkpt lat="-27.003984999999997" lon="-48.61656333333334"><ele>-0.6000000000000001</ele></trkpt><trkpt lat="-27.003978333333333" lon="-48.616595000000004"><ele>-1.5</ele></trkpt><trkpt lat="-27.00396166666667" lon="-48.61662833333333"><ele>-2</ele></trkpt><trkpt lat="-27.003946666666668" lon="-48.61666"><ele>-2.6</ele></trkpt><trkpt lat="-27.00393" lon="-48.616691666666675"><ele>-3.3000000000000003</ele></trkpt><trkpt lat="-27.003915" lon="-48.616723333333326"><ele>-3.9</ele></trkpt><trkpt lat="-27.00390333333333" lon="-48.61675666666667"><ele>-4.9</ele></trkpt><trkpt lat="-27.003890000000002" lon="-48.61678666666667"><ele>-6.1</ele></trkpt><trkpt lat="-27.00387333333333" lon="-48.616825"><ele>-6.1</ele></trkpt><trkpt lat="-27.003863333333335" lon="-48.616855"><ele>-8</ele></trkpt><trkpt lat="-27.003854999999998" lon="-48.61689166666667"><ele>-10.3</ele></trkpt><trkpt lat="-27.003845000000002" lon="-48.616945"><ele>-11.3</ele></trkpt><trkpt lat="-27.003838333333338" lon="-48.61699166666667"><ele>-12.4</ele></trkpt><trkpt lat="-27.00382833333333" lon="-48.61704666666666"><ele>-13.5</ele></trkpt><trkpt lat="-27.00381333333333" lon="-48.617095"><ele>-13</ele></trkpt><trkpt lat="-27.003793333333338" lon="-48.617145"><ele>-12.5</ele></trkpt><trkpt lat="-27.003785" lon="-48.617188333333324"><ele>-12.4</ele></trkpt><trkpt lat="-27.003776666666667" lon="-48.617215"><ele>-12.9</ele></trkpt><trkpt lat="-27.00377" lon="-48.617246666666674"><ele>-13.5</ele></trkpt><trkpt lat="-27.003763333333335" lon="-48.61727333333333"><ele>-14.1</ele></trkpt><trkpt lat="-27.003756666666664" lon="-48.61729999999999"><ele>-14.9</ele></trkpt><trkpt lat="-27.003735" lon="-48.617329999999995"><ele>-14.9</ele></trkpt><trkpt lat="-27.003721666666667" lon="-48.61736333333333"><ele>-16.299999999999997</ele></trkpt><trkpt lat="-27.003688333333336" lon="-48.61741666666667"><ele>-15.500000000000002</ele></trkpt><trkpt lat="-27.003671666666666" lon="-48.61746333333334"><ele>-16.099999999999998</ele></trkpt><trkpt lat="-27.00366" lon="-48.61749499999999"><ele>-16.799999999999997</ele></trkpt><trkpt lat="-27.003645" lon="-48.61752833333333"><ele>-17.9</ele></trkpt><trkpt lat="-27.003625000000003" lon="-48.61756666666667"><ele>-18.2</ele></trkpt><trkpt lat="-27.00358833333333" lon="-48.61761"><ele>-16.9</ele></trkpt><trkpt lat="-27.003556666666668" lon="-48.61765666666667"><ele>-16.7</ele></trkpt><trkpt lat="-27.003528333333332" lon="-48.617695000000005"><ele>-16.5</ele></trkpt><trkpt lat="-27.003356666666665" lon="-48.617781666666666"><ele>-5.800000000000001</ele></trkpt><trkpt lat="-27.003335" lon="-48.61782333333334"><ele>-6.199999999999999</ele></trkpt><trkpt lat="-27.003313333333335" lon="-48.61786166666668"><ele>-6.300000000000001</ele></trkpt><trkpt lat="-27.003295" lon="-48.61789999999999"><ele>-6.800000000000001</ele></trkpt><trkpt lat="-27.003266666666665" lon="-48.61793666666667"><ele>-7.1</ele></trkpt><trkpt lat="-27.003245" lon="-48.617961666666666"><ele>-6.700000000000001</ele></trkpt><trkpt lat="-27.003175000000002" lon="-48.617985"><ele>0.6000000000000001</ele></trkpt><trkpt lat="-27.003163333333337" lon="-48.61799333333333"><ele>0.6000000000000001</ele></trkpt><trkpt lat="-27.003149999999998" lon="-48.61799333333333"><ele>1.3</ele></trkpt><trkpt lat="-27.003136666666666" lon="-48.61799166666666"><ele>1.8</ele></trkpt><trkpt lat="-27.003133333333334" lon="-48.61799333333333"><ele>2.4000000000000004</ele></trkpt><trkpt lat="-27.003133333333334" lon="-48.61799333333333"><ele>3.2</ele></trkpt><trkpt lat="-27.003131666666665" lon="-48.61799166666666"><ele>3.7</ele></trkpt><trkpt lat="-27.003130000000002" lon="-48.61799166666666"><ele>4</ele></trkpt><trkpt lat="-27.003125" lon="-48.61799166666666"><ele>4.2</ele></trkpt><trkpt lat="-27.00312166666667" lon="-48.61799333333333"><ele>4.4</ele></trkpt><trkpt lat="-27.003118333333337" lon="-48.617995"><ele>4.5</ele></trkpt><trkpt lat="-27.003118333333337" lon="-48.617995"><ele>4.5</ele></trkpt><trkpt lat="-27.003116666666664" lon="-48.61799666666668"><ele>4.800000000000001</ele></trkpt><trkpt lat="-27.00312" lon="-48.617998333333325"><ele>5.4</ele></trkpt><trkpt lat="-27.00312166666667" lon="-48.617998333333325"><ele>6</ele></trkpt><trkpt lat="-27.00312666666667" lon="-48.61800333333334"><ele>6.6</ele></trkpt><trkpt lat="-27.003128333333333" lon="-48.617998333333325"><ele>6.699999999999999</ele></trkpt><trkpt lat="-27.00312666666667" lon="-48.617995"><ele>6.6</ele></trkpt><trkpt lat="-27.003125" lon="-48.61799166666666"><ele>6.5</ele></trkpt><trkpt lat="-27.00312" lon="-48.61798833333334"><ele>6.5</ele></trkpt><trkpt lat="-27.00312" lon="-48.61798833333334"><ele>6.5</ele></trkpt><trkpt lat="-27.00312333333333" lon="-48.61799333333333"><ele>6.699999999999999</ele></trkpt><trkpt lat="-27.003131666666665" lon="-48.61798999999999"><ele>8.1</ele></trkpt><trkpt lat="-27.003131666666665" lon="-48.61798999999999"><ele>8.1</ele></trkpt><trkpt lat="-27.003131666666665" lon="-48.61798999999999"><ele>8.1</ele></trkpt><trkpt lat="-27.003131666666665" lon="-48.617998333333325"><ele>8.7</ele></trkpt><trkpt lat="-27.00312666666667" lon="-48.618005"><ele>8.7</ele></trkpt><trkpt lat="-27.003116666666664" lon="-48.618010000000005"><ele>8.8</ele></trkpt><trkpt lat="-27.003116666666664" lon="-48.618010000000005"><ele>8.8</ele></trkpt><trkpt lat="-27.00311" lon="-48.618019999999994"><ele>8.8</ele></trkpt><trkpt lat="-27.003106666666667" lon="-48.61802333333333"><ele>8.6</ele></trkpt><trkpt lat="-27.003100000000003" lon="-48.61802833333333"><ele>8.5</ele></trkpt><trkpt lat="-27.003095" lon="-48.61803499999999"><ele>8.4</ele></trkpt><trkpt lat="-27.003089999999997" lon="-48.61804166666668"><ele>8.2</ele></trkpt><trkpt lat="-27.00308166666667" lon="-48.61804666666667"><ele>7.6</ele></trkpt><trkpt lat="-27.00308" lon="-48.618051666666666"><ele>7.199999999999999</ele></trkpt><trkpt lat="-27.00307833333333" lon="-48.618055000000005"><ele>6.9</ele></trkpt><trkpt lat="-27.00307833333333" lon="-48.618055000000005"><ele>6.9</ele></trkpt><trkpt lat="-27.00307666666667" lon="-48.618056666666675"><ele>7</ele></trkpt><trkpt lat="-27.003073333333337" lon="-48.61805833333333"><ele>7.1</ele></trkpt><trkpt lat="-27.00306833333333" lon="-48.61806166666667"><ele>7</ele></trkpt><trkpt lat="-27.00306666666667" lon="-48.618066666666664"><ele>6.800000000000001</ele></trkpt><trkpt lat="-27.00306333333333" lon="-48.618064999999994"><ele>6.4</ele></trkpt><trkpt lat="-27.003059999999998" lon="-48.61807333333333"><ele>6.1</ele></trkpt><trkpt lat="-27.003056666666666" lon="-48.618088333333326"><ele>6.1</ele></trkpt><trkpt lat="-27.00305166666667" lon="-48.618101666666675"><ele>6.1</ele></trkpt><trkpt lat="-27.003049999999998" lon="-48.61813"><ele>6.4</ele></trkpt><trkpt lat="-27.003040000000002" lon="-48.618156666666664"><ele>6.300000000000001</ele></trkpt><trkpt lat="-27.003028333333337" lon="-48.61818"><ele>5.4</ele></trkpt><trkpt lat="-27.003014999999998" lon="-48.618201666666664"><ele>4.9</ele></trkpt><trkpt lat="-27.003001666666666" lon="-48.618225"><ele>4.2</ele></trkpt><trkpt lat="-27.00298666666667" lon="-48.61825"><ele>3.8000000000000003</ele></trkpt><trkpt lat="-27.002971666666667" lon="-48.61827"><ele>3.3</ele></trkpt><trkpt lat="-27.002956666666666" lon="-48.618289999999995"><ele>2.7</ele></trkpt><trkpt lat="-27.00294666666667" lon="-48.61830833333333"><ele>2</ele></trkpt><trkpt lat="-27.002938333333336" lon="-48.618325000000006"><ele>0.9000000000000001</ele></trkpt><trkpt lat="-27.00293" lon="-48.618334999999995"><ele>0.6000000000000001</ele></trkpt><trkpt lat="-27.002924999999998" lon="-48.618334999999995"><ele>1.1</ele></trkpt><trkpt lat="-27.002914999999998" lon="-48.61833"><ele>1.9000000000000001</ele></trkpt><trkpt lat="-27.002906666666664" lon="-48.61832666666666"><ele>2.7</ele></trkpt><trkpt lat="-27.0029" lon="-48.618323333333336"><ele>3.2</ele></trkpt><trkpt lat="-27.002891666666663" lon="-48.61832"><ele>3.8000000000000003</ele></trkpt><trkpt lat="-27.002885" lon="-48.61832"><ele>3.8000000000000003</ele></trkpt><trkpt lat="-27.002879999999998" lon="-48.61831833333334"><ele>4</ele></trkpt><trkpt lat="-27.002879999999998" lon="-48.61831833333334"><ele>4</ele></trkpt><trkpt lat="-27.002875000000003" lon="-48.61832166666667"><ele>4.5</ele></trkpt><trkpt lat="-27.00287166666667" lon="-48.618325000000006"><ele>4.7</ele></trkpt><trkpt lat="-27.002866666666666" lon="-48.61833333333334"><ele>4.800000000000001</ele></trkpt><trkpt lat="-27.002860000000002" lon="-48.61834833333334"><ele>4.800000000000001</ele></trkpt><trkpt lat="-27.00285166666667" lon="-48.618365"><ele>4.6</ele></trkpt><trkpt lat="-27.002845" lon="-48.61838833333333"><ele>4.5</ele></trkpt><trkpt lat="-27.002834999999997" lon="-48.618405"><ele>4</ele></trkpt><trkpt lat="-27.002823333333335" lon="-48.61842166666667"><ele>3.3</ele></trkpt><trkpt lat="-27.002815000000002" lon="-48.618435"><ele>2.9000000000000004</ele></trkpt><trkpt lat="-27.00281" lon="-48.61844333333333"><ele>2.5</ele></trkpt><trkpt lat="-27.002808333333338" lon="-48.61845"><ele>1.8</ele></trkpt><trkpt lat="-27.002806666666668" lon="-48.618445"><ele>1.2000000000000002</ele></trkpt><trkpt lat="-27.002806666666668" lon="-48.618445"><ele>1.3</ele></trkpt><trkpt lat="-27.00281" lon="-48.618448333333326"><ele>1.2000000000000002</ele></trkpt><trkpt lat="-27.002813333333332" lon="-48.61845"><ele>0.9000000000000001</ele></trkpt><trkpt lat="-27.002813333333332" lon="-48.61845"><ele>0.9000000000000001</ele></trkpt><trkpt lat="-27.002821666666666" lon="-48.61845666666667"><ele>0.5</ele></trkpt><trkpt lat="-27.002830000000003" lon="-48.61846333333333"><ele>0</ele></trkpt><trkpt lat="-27.002834999999997" lon="-48.61846666666667"><ele>-0.3999999999999999</ele></trkpt><trkpt lat="-27.002836666666667" lon="-48.61847666666666"><ele>-0.5</ele></trkpt><trkpt lat="-27.00284" lon="-48.61848333333334"><ele>-1.1</ele></trkpt><trkpt lat="-27.00284166666667" lon="-48.61848666666666"><ele>-1.1999999999999997</ele></trkpt><trkpt lat="-27.00284166666667" lon="-48.61848666666666"><ele>-1.1999999999999997</ele></trkpt><trkpt lat="-27.00284166666667" lon="-48.61848666666666"><ele>-1.1999999999999997</ele></trkpt><trkpt lat="-27.00284166666667" lon="-48.61848666666666"><ele>-1.1999999999999997</ele></trkpt><trkpt lat="-27.00284166666667" lon="-48.61848666666666"><ele>-1.1999999999999997</ele></trkpt><trkpt lat="-27.002833333333335" lon="-48.61851"><ele>-0.6999999999999997</ele></trkpt><trkpt lat="-27.002819999999996" lon="-48.618535"><ele>-0.2999999999999998</ele></trkpt><trkpt lat="-27.002805" lon="-48.618555"><ele>0.20000000000000018</ele></trkpt><trkpt lat="-27.002779999999998" lon="-48.61858"><ele>0.5</ele></trkpt><trkpt lat="-27.002756666666663" lon="-48.61860166666667"><ele>0.6000000000000001</ele></trkpt><trkpt lat="-27.002734999999998" lon="-48.618625"><ele>0.5</ele></trkpt><trkpt lat="-27.002713333333336" lon="-48.618655000000004"><ele>0.7000000000000001</ele></trkpt><trkpt lat="-27.00269166666667" lon="-48.61867833333334"><ele>1</ele></trkpt><trkpt lat="-27.002675" lon="-48.618696666666665"><ele>1.1</ele></trkpt><trkpt lat="-27.002653333333335" lon="-48.618715"><ele>1.4000000000000001</ele></trkpt><trkpt lat="-27.002635" lon="-48.61873666666667"><ele>1.9000000000000001</ele></trkpt><trkpt lat="-27.00261833333333" lon="-48.61874833333333"><ele>2.2</ele></trkpt><trkpt lat="-27.00262" lon="-48.61875166666667"><ele>2.3</ele></trkpt><trkpt lat="-27.00262" lon="-48.61875166666667"><ele>2.3</ele></trkpt><trkpt lat="-27.002626666666668" lon="-48.61875333333334"><ele>2.3</ele></trkpt><trkpt lat="-27.00263166666667" lon="-48.61875666666666"><ele>1.8</ele></trkpt><trkpt lat="-27.002636666666664" lon="-48.61876"><ele>1.8</ele></trkpt><trkpt lat="-27.002639999999996" lon="-48.61876333333333"><ele>2.1</ele></trkpt><trkpt lat="-27.002638333333334" lon="-48.61877166666667"><ele>2.5</ele></trkpt><trkpt lat="-27.002638333333334" lon="-48.61877166666667"><ele>2.5</ele></trkpt><trkpt lat="-27.002635" lon="-48.61878"><ele>2.8</ele></trkpt><trkpt lat="-27.002621666666663" lon="-48.61879333333333"><ele>3.4000000000000004</ele></trkpt><trkpt lat="-27.002605000000003" lon="-48.61881"><ele>3.5</ele></trkpt><trkpt lat="-27.00258666666667" lon="-48.61882833333334"><ele>3.6</ele></trkpt><trkpt lat="-27.002563333333335" lon="-48.61884833333333"><ele>4.300000000000001</ele></trkpt><trkpt lat="-27.00254" lon="-48.61887166666667"><ele>4.800000000000001</ele></trkpt><trkpt lat="-27.002518333333335" lon="-48.61890333333334"><ele>4.7</ele></trkpt><trkpt lat="-27.00249833333333" lon="-48.61893"><ele>4.5</ele></trkpt><trkpt lat="-27.002473333333334" lon="-48.61895166666667"><ele>3.8000000000000003</ele></trkpt><trkpt lat="-27.00245166666667" lon="-48.618966666666665"><ele>3.7</ele></trkpt><trkpt lat="-27.002429999999997" lon="-48.61897999999999"><ele>4.2</ele></trkpt><trkpt lat="-27.002411666666664" lon="-48.61900333333333"><ele>4.4</ele></trkpt><trkpt lat="-27.002398333333336" lon="-48.61903333333333"><ele>4.300000000000001</ele></trkpt><trkpt lat="-27.002380000000002" lon="-48.61906166666666"><ele>4.300000000000001</ele></trkpt><trkpt lat="-27.00236" lon="-48.61908833333334"><ele>4.800000000000001</ele></trkpt><trkpt lat="-27.002346666666668" lon="-48.61911166666667"><ele>4.5</ele></trkpt><trkpt lat="-27.002333333333333" lon="-48.61913"><ele>4.7</ele></trkpt><trkpt lat="-27.002329999999997" lon="-48.61913666666666"><ele>5.2</ele></trkpt><trkpt lat="-27.002326666666665" lon="-48.61913666666666"><ele>5.6</ele></trkpt><trkpt lat="-27.002326666666665" lon="-48.61914"><ele>6.199999999999999</ele></trkpt><trkpt lat="-27.002326666666665" lon="-48.61914"><ele>6.199999999999999</ele></trkpt><trkpt lat="-27.002328333333335" lon="-48.61914"><ele>6.6</ele></trkpt><trkpt lat="-27.002329999999997" lon="-48.61914"><ele>7.300000000000001</ele></trkpt><trkpt lat="-27.00233166666667" lon="-48.61913833333333"><ele>8</ele></trkpt><trkpt lat="-27.00233166666667" lon="-48.61913500000001"><ele>7.9</ele></trkpt><trkpt lat="-27.00233166666667" lon="-48.61913500000001"><ele>8</ele></trkpt><trkpt lat="-27.00233166666667" lon="-48.61913166666667"><ele>7.9</ele></trkpt><trkpt lat="-27.00233166666667" lon="-48.61913166666667"><ele>7.9</ele></trkpt><trkpt lat="-27.002328333333335" lon="-48.61912833333334"><ele>8.1</ele></trkpt><trkpt lat="-27.002311666666667" lon="-48.61912166666666"><ele>8.5</ele></trkpt><trkpt lat="-27.00230333333333" lon="-48.61913333333334"><ele>8.5</ele></trkpt><trkpt lat="-27.00230333333333" lon="-48.619146666666666"><ele>7.4</ele></trkpt><trkpt lat="-27.002299999999998" lon="-48.61916833333333"><ele>5.9</ele></trkpt><trkpt lat="-27.002290000000002" lon="-48.619193333333335"><ele>5.699999999999999</ele></trkpt><trkpt lat="-27.00227333333333" lon="-48.619215000000004"><ele>5.699999999999999</ele></trkpt><trkpt lat="-27.00226" lon="-48.61923333333334"><ele>5.699999999999999</ele></trkpt><trkpt lat="-27.002246666666665" lon="-48.61924666666667"><ele>5.1</ele></trkpt><trkpt lat="-27.002236666666665" lon="-48.619249999999994"><ele>5.1</ele></trkpt><trkpt lat="-27.002236666666665" lon="-48.619249999999994"><ele>5.1</ele></trkpt><trkpt lat="-27.00223" lon="-48.619249999999994"><ele>5.1</ele></trkpt><trkpt lat="-27.002221666666667" lon="-48.61925333333333"><ele>5</ele></trkpt><trkpt lat="-27.002220000000005" lon="-48.61924833333334"><ele>5</ele></trkpt><trkpt lat="-27.002220000000005" lon="-48.61924333333333"><ele>5</ele></trkpt><trkpt lat="-27.002221666666667" lon="-48.61924333333333"><ele>5.2</ele></trkpt><trkpt lat="-27.002221666666667" lon="-48.61924333333333"><ele>5.1</ele></trkpt><trkpt lat="-27.002223333333337" lon="-48.61924166666666"><ele>5.1</ele></trkpt><trkpt lat="-27.002223333333337" lon="-48.61924166666666"><ele>5.1</ele></trkpt><trkpt lat="-27.002221666666667" lon="-48.619238333333335"><ele>5.2</ele></trkpt><trkpt lat="-27.002215" lon="-48.619238333333335"><ele>5.2</ele></trkpt><trkpt lat="-27.002206666666666" lon="-48.61924666666667"><ele>5.300000000000001</ele></trkpt><trkpt lat="-27.00219666666667" lon="-48.619260000000004"><ele>5.4</ele></trkpt><trkpt lat="-27.00218333333333" lon="-48.619275"><ele>5.1</ele></trkpt><trkpt lat="-27.00217" lon="-48.619293333333324"><ele>4.9</ele></trkpt><trkpt lat="-27.002156666666664" lon="-48.61930333333333"><ele>4.9</ele></trkpt><trkpt lat="-27.002148333333334" lon="-48.61931166666667"><ele>4.800000000000001</ele></trkpt><trkpt lat="-27.002148333333334" lon="-48.61931166666667"><ele>4.300000000000001</ele></trkpt><trkpt lat="-27.002148333333334" lon="-48.61931333333334"><ele>4.4</ele></trkpt><trkpt lat="-27.002148333333334" lon="-48.61931333333334"><ele>4.4</ele></trkpt><trkpt lat="-27.002145000000002" lon="-48.61931500000001"><ele>4.800000000000001</ele></trkpt><trkpt lat="-27.00214" lon="-48.61931500000001"><ele>5.1</ele></trkpt><trkpt lat="-27.00214" lon="-48.61931500000001"><ele>5.1</ele></trkpt><trkpt lat="-27.00213833333333" lon="-48.61931166666667"><ele>5.4</ele></trkpt><trkpt lat="-27.00213666666667" lon="-48.61931166666667"><ele>5.6</ele></trkpt><trkpt lat="-27.00213666666667" lon="-48.61931"><ele>5.9</ele></trkpt><trkpt lat="-27.002135" lon="-48.61931"><ele>6.300000000000001</ele></trkpt><trkpt lat="-27.00213833333333" lon="-48.61931"><ele>6.4</ele></trkpt><trkpt lat="-27.00213833333333" lon="-48.61931500000001"><ele>6.5</ele></trkpt><trkpt lat="-27.002135" lon="-48.619326666666666"><ele>6.6</ele></trkpt><trkpt lat="-27.00212333333333" lon="-48.619339999999994"><ele>7.1</ele></trkpt><trkpt lat="-27.002110000000002" lon="-48.61935666666667"><ele>7.6</ele></trkpt><trkpt lat="-27.002101666666665" lon="-48.61938166666667"><ele>7.699999999999999</ele></trkpt><trkpt lat="-27.002085000000005" lon="-48.61940666666666"><ele>7.800000000000001</ele></trkpt><trkpt lat="-27.002068333333334" lon="-48.61943833333333"><ele>8.4</ele></trkpt><trkpt lat="-27.002051666666663" lon="-48.61946666666666"><ele>8.3</ele></trkpt><trkpt lat="-27.002035" lon="-48.61949"><ele>8.3</ele></trkpt><trkpt lat="-27.002018333333332" lon="-48.619518333333325"><ele>8.6</ele></trkpt><trkpt lat="-27.001995000000004" lon="-48.61954666666667"><ele>8.6</ele></trkpt><trkpt lat="-27.001975" lon="-48.61958"><ele>9</ele></trkpt><trkpt lat="-27.00195666666667" lon="-48.619613333333334"><ele>9.2</ele></trkpt><trkpt lat="-27.001938333333335" lon="-48.619643333333336"><ele>9.3</ele></trkpt><trkpt lat="-27.001920000000002" lon="-48.61967"><ele>9.1</ele></trkpt><trkpt lat="-27.00190166666666" lon="-48.619695"><ele>8.3</ele></trkpt><trkpt lat="-27.001891666666666" lon="-48.61970833333333"><ele>7.5</ele></trkpt><trkpt lat="-27.001888333333333" lon="-48.619710000000005"><ele>6.5</ele></trkpt><trkpt lat="-27.001883333333332" lon="-48.619715"><ele>6.4</ele></trkpt><trkpt lat="-27.001879999999996" lon="-48.61971333333333"><ele>6.5</ele></trkpt><trkpt lat="-27.001885" lon="-48.61971333333333"><ele>6.1</ele></trkpt><trkpt lat="-27.001886666666664" lon="-48.61971333333333"><ele>6.1</ele></trkpt><trkpt lat="-27.001886666666664" lon="-48.619710000000005"><ele>6</ele></trkpt><trkpt lat="-27.001886666666664" lon="-48.619703333333334"><ele>5.9</ele></trkpt><trkpt lat="-27.001886666666664" lon="-48.619699999999995"><ele>6</ele></trkpt><trkpt lat="-27.001885" lon="-48.619690000000006"><ele>6.1</ele></trkpt><trkpt lat="-27.001883333333332" lon="-48.619685"><ele>6.300000000000001</ele></trkpt><trkpt lat="-27.001885" lon="-48.61968166666667"><ele>6.6</ele></trkpt><trkpt lat="-27.001883333333332" lon="-48.61968666666667"><ele>6.6</ele></trkpt><trkpt lat="-27.00188166666667" lon="-48.619698333333325"><ele>6.1</ele></trkpt><trkpt lat="-27.00188166666667" lon="-48.619698333333325"><ele>6.1</ele></trkpt><trkpt lat="-27.00188166666667" lon="-48.619698333333325"><ele>6.1</ele></trkpt><trkpt lat="-27.001888333333333" lon="-48.619735000000006"><ele>5.4</ele></trkpt><trkpt lat="-27.001893333333335" lon="-48.619756666666675"><ele>4.9</ele></trkpt><trkpt lat="-27.001906666666667" lon="-48.61977"><ele>4.300000000000001</ele></trkpt><trkpt lat="-27.00191166666667" lon="-48.61978166666666"><ele>4</ele></trkpt><trkpt lat="-27.001918333333332" lon="-48.619795"><ele>3.9</ele></trkpt><trkpt lat="-27.00192666666667" lon="-48.61980333333333"><ele>3.8000000000000003</ele></trkpt><trkpt lat="-27.001935000000003" lon="-48.61981166666666"><ele>3.7</ele></trkpt><trkpt lat="-27.001938333333335" lon="-48.61981333333333"><ele>3.4000000000000004</ele></trkpt><trkpt lat="-27.001941666666667" lon="-48.61981666666667"><ele>3.4000000000000004</ele></trkpt><trkpt lat="-27.001941666666667" lon="-48.61980833333334"><ele>3.1</ele></trkpt><trkpt lat="-27.001945" lon="-48.619805"><ele>2.6</ele></trkpt><trkpt lat="-27.001951666666667" lon="-48.61980333333333"><ele>2.2</ele></trkpt><trkpt lat="-27.001950000000004" lon="-48.619795"><ele>1.3</ele></trkpt><trkpt lat="-27.00194666666666" lon="-48.619789999999995"><ele>1.1</ele></trkpt><trkpt lat="-27.001939999999998" lon="-48.61978333333333"><ele>0.5</ele></trkpt><trkpt lat="-27.001938333333335" lon="-48.61977666666667"><ele>-0.09999999999999987</ele></trkpt><trkpt lat="-27.001938333333335" lon="-48.619780000000006"><ele>-0.6000000000000001</ele></trkpt><trkpt lat="-27.001935000000003" lon="-48.619778333333336"><ele>-0.8999999999999999</ele></trkpt><trkpt lat="-27.001935000000003" lon="-48.619778333333336"><ele>-0.8999999999999999</ele></trkpt><trkpt lat="-27.001928333333332" lon="-48.619780000000006"><ele>-1.2999999999999998</ele></trkpt><trkpt lat="-27.001924999999996" lon="-48.619778333333336"><ele>-1.2999999999999998</ele></trkpt><trkpt lat="-27.001920000000002" lon="-48.61977166666667"><ele>-1.1999999999999997</ele></trkpt><trkpt lat="-27.001915" lon="-48.61976166666667"><ele>-1.2999999999999998</ele></trkpt><trkpt lat="-27.001915" lon="-48.61976333333334"><ele>-1.2999999999999998</ele></trkpt><trkpt lat="-27.00191166666667" lon="-48.61975833333333"><ele>-1.4</ele></trkpt><trkpt lat="-27.001916666666663" lon="-48.61975833333333"><ele>-1.4</ele></trkpt><trkpt lat="-27.001916666666663" lon="-48.61975833333333"><ele>-1.4</ele></trkpt><trkpt lat="-27.001916666666663" lon="-48.61975833333333"><ele>-1.4</ele></trkpt><trkpt lat="-27.001916666666663" lon="-48.61975833333333"><ele>-1.4</ele></trkpt><trkpt lat="-27.001916666666663" lon="-48.61975833333333"><ele>-1.4</ele></trkpt><trkpt lat="-27.001916666666663" lon="-48.61975833333333"><ele>-1.4</ele></trkpt><trkpt lat="-27.001916666666663" lon="-48.61975833333333"><ele>-1.4</ele></trkpt><trkpt lat="-27.001916666666663" lon="-48.61975833333333"><ele>-1.4</ele></trkpt><trkpt lat="-27.001916666666663" lon="-48.61975833333333"><ele>-1.4</ele></trkpt><trkpt lat="-27.001916666666663" lon="-48.61975833333333"><ele>-1.4</ele></trkpt><trkpt lat="-27.001916666666663" lon="-48.61975833333333"><ele>-1.4</ele></trkpt><trkpt lat="-27.001916666666663" lon="-48.61975833333333"><ele>-1.4</ele></trkpt><trkpt lat="-27.001916666666663" lon="-48.61975833333333"><ele>-1.4</ele></trkpt><trkpt lat="-27.001916666666663" lon="-48.61975833333333"><ele>-1.4</ele></trkpt><trkpt lat="-27.001916666666663" lon="-48.61975833333333"><ele>-1.4</ele></trkpt><trkpt lat="-27.001916666666663" lon="-48.61975833333333"><ele>-1.4</ele></trkpt><trkpt lat="-27.001916666666663" lon="-48.61975833333333"><ele>-1.4</ele></trkpt><trkpt lat="-27.001916666666663" lon="-48.61975833333333"><ele>-1.4</ele></trkpt><trkpt lat="-27.001916666666663" lon="-48.61975833333333"><ele>-1.4</ele></trkpt><trkpt lat="-27.001916666666663" lon="-48.61975833333333"><ele>-1.4</ele></trkpt><trkpt lat="-27.001916666666663" lon="-48.61975833333333"><ele>-1.4</ele></trkpt><trkpt lat="-27.001916666666663" lon="-48.61975833333333"><ele>-1.4</ele></trkpt><trkpt lat="-27.001916666666663" lon="-48.61975833333333"><ele>-1.4</ele></trkpt><trkpt lat="-27.001916666666663" lon="-48.61975833333333"><ele>-1.4</ele></trkpt><trkpt lat="-27.001916666666663" lon="-48.61975833333333"><ele>-1.4</ele></trkpt><trkpt lat="-27.001916666666663" lon="-48.61975833333333"><ele>-1.4</ele></trkpt><trkpt lat="-27.001916666666663" lon="-48.61975833333333"><ele>-1.4</ele></trkpt><trkpt lat="-27.001916666666663" lon="-48.61975833333333"><ele>-1.4</ele></trkpt><trkpt lat="-27.001916666666663" lon="-48.61975833333333"><ele>-1.4</ele></trkpt><trkpt lat="-27.001916666666663" lon="-48.61975833333333"><ele>-1.4</ele></trkpt><trkpt lat="-27.001916666666663" lon="-48.61975833333333"><ele>-1.4</ele></trkpt><trkpt lat="-27.001916666666663" lon="-48.61975833333333"><ele>-1.4</ele></trkpt><trkpt lat="-27.001916666666663" lon="-48.61975833333333"><ele>-1.4</ele></trkpt><trkpt lat="-27.001905000000004" lon="-48.61976833333333"><ele>-0.19999999999999996</ele></trkpt><trkpt lat="-27.00190166666666" lon="-48.61977"><ele>0</ele></trkpt><trkpt lat="-27.00190166666666" lon="-48.619775"><ele>0.20000000000000018</ele></trkpt><trkpt lat="-27.00187" lon="-48.61975833333333"><ele>-0.19999999999999996</ele></trkpt><trkpt lat="-27.001873333333332" lon="-48.61976166666667"><ele>0.10000000000000009</ele></trkpt><trkpt lat="-27.001871666666663" lon="-48.61976166666667"><ele>0.30000000000000004</ele></trkpt><trkpt lat="-27.001873333333332" lon="-48.61976666666666"><ele>0.5</ele></trkpt><trkpt lat="-27.001876666666664" lon="-48.61976833333333"><ele>0.7000000000000001</ele></trkpt><trkpt lat="-27.001876666666664" lon="-48.61977"><ele>0.9000000000000001</ele></trkpt><trkpt lat="-27.001876666666664" lon="-48.61977"><ele>0.9000000000000001</ele></trkpt><trkpt lat="-27.001876666666664" lon="-48.61977"><ele>0.9000000000000001</ele></trkpt><trkpt lat="-27.001876666666664" lon="-48.61977"><ele>0.9000000000000001</ele></trkpt><trkpt lat="-27.001893333333335" lon="-48.61977166666667"><ele>1.1</ele></trkpt><trkpt lat="-27.001903333333335" lon="-48.61977"><ele>1.8</ele></trkpt><trkpt lat="-27.001906666666667" lon="-48.61976500000001"><ele>2.3</ele></trkpt><trkpt lat="-27.001915" lon="-48.619756666666675"><ele>2.7</ele></trkpt><trkpt lat="-27.001918333333332" lon="-48.619746666666664"><ele>3.3</ele></trkpt><trkpt lat="-27.001918333333332" lon="-48.61973833333333"><ele>3.7</ele></trkpt><trkpt lat="-27.00191333333333" lon="-48.619733333333336"><ele>3.5</ele></trkpt><trkpt lat="-27.001908333333336" lon="-48.61973"><ele>3.1</ele></trkpt><trkpt lat="-27.001908333333336" lon="-48.61973"><ele>3.1</ele></trkpt><trkpt lat="-27.001894999999998" lon="-48.61971666666667"><ele>2.9000000000000004</ele></trkpt><trkpt lat="-27.001885" lon="-48.619711666666674"><ele>3</ele></trkpt><trkpt lat="-27.001886666666664" lon="-48.61970666666666"><ele>2.8</ele></trkpt><trkpt lat="-27.001886666666664" lon="-48.61970666666666"><ele>2.9000000000000004</ele></trkpt><trkpt lat="-27.001886666666664" lon="-48.619710000000005"><ele>2.8</ele></trkpt><trkpt lat="-27.001886666666664" lon="-48.61971666666667"><ele>2.7</ele></trkpt><trkpt lat="-27.001886666666664" lon="-48.61971666666667"><ele>2.7</ele></trkpt><trkpt lat="-27.001886666666664" lon="-48.61971666666667"><ele>2.7</ele></trkpt><trkpt lat="-27.001886666666664" lon="-48.61971666666667"><ele>2.7</ele></trkpt><trkpt lat="-27.001886666666664" lon="-48.61971666666667"><ele>2.7</ele></trkpt><trkpt lat="-27.001886666666664" lon="-48.61971666666667"><ele>2.7</ele></trkpt><trkpt lat="-27.001886666666664" lon="-48.61971666666667"><ele>2.7</ele></trkpt><trkpt lat="-27.001886666666664" lon="-48.61971666666667"><ele>2.7</ele></trkpt><trkpt lat="-27.001886666666664" lon="-48.61971666666667"><ele>2.7</ele></trkpt><trkpt lat="-27.00194333333333" lon="-48.61978666666667"><ele>3.4000000000000004</ele></trkpt><trkpt lat="-27.001951666666667" lon="-48.61979666666666"><ele>3.2</ele></trkpt><trkpt lat="-27.00195666666667" lon="-48.61980833333334"><ele>3.2</ele></trkpt><trkpt lat="-27.00195666666667" lon="-48.61982166666667"><ele>3.2</ele></trkpt><trkpt lat="-27.001948333333335" lon="-48.619823333333336"><ele>3.1</ele></trkpt><trkpt lat="-27.00193" lon="-48.61981333333333"><ele>3.2</ele></trkpt><trkpt lat="-27.00193" lon="-48.61981333333333"><ele>3.2</ele></trkpt><trkpt lat="-27.001896666666667" lon="-48.61979833333333"><ele>3.3</ele></trkpt><trkpt lat="-27.001879999999996" lon="-48.619795"><ele>2.9000000000000004</ele></trkpt><trkpt lat="-27.00186666666667" lon="-48.619791666666664"><ele>2.8</ele></trkpt><trkpt lat="-27.001851666666667" lon="-48.619791666666664"><ele>2.7</ele></trkpt><trkpt lat="-27.00183666666667" lon="-48.619791666666664"><ele>2.7</ele></trkpt><trkpt lat="-27.001831666666664" lon="-48.61979666666666"><ele>2.4000000000000004</ele></trkpt><trkpt lat="-27.001833333333334" lon="-48.61980666666667"><ele>1.7000000000000002</ele></trkpt><trkpt lat="-27.00183666666667" lon="-48.61981833333333"><ele>1.7000000000000002</ele></trkpt><trkpt lat="-27.001838333333332" lon="-48.619833333333325"><ele>1.8</ele></trkpt><trkpt lat="-27.001843333333333" lon="-48.61984"><ele>1.9000000000000001</ele></trkpt><trkpt lat="-27.001846666666665" lon="-48.61984333333333"><ele>2.4000000000000004</ele></trkpt><trkpt lat="-27.001851666666667" lon="-48.61985"><ele>2.9000000000000004</ele></trkpt><trkpt lat="-27.00185333333333" lon="-48.61985333333334"><ele>3.2</ele></trkpt><trkpt lat="-27.001855" lon="-48.61985500000001"><ele>3.3</ele></trkpt><trkpt lat="-27.001855" lon="-48.61985500000001"><ele>3.4000000000000004</ele></trkpt><trkpt lat="-27.001858333333335" lon="-48.619856666666664"><ele>3.5</ele></trkpt><trkpt lat="-27.001861666666667" lon="-48.61985833333333"><ele>3.6</ele></trkpt><trkpt lat="-27.001863333333336" lon="-48.61986"><ele>3.7</ele></trkpt><trkpt lat="-27.00186666666667" lon="-48.61986166666667"><ele>3.8000000000000003</ele></trkpt><trkpt lat="-27.00186666666667" lon="-48.61986166666667"><ele>3.8000000000000003</ele></trkpt><trkpt lat="-27.00186666666667" lon="-48.61986166666667"><ele>3.8000000000000003</ele></trkpt><trkpt lat="-27.00186666666667" lon="-48.61986166666667"><ele>3.8000000000000003</ele></trkpt><trkpt lat="-27.00186666666667" lon="-48.61986166666667"><ele>3.8000000000000003</ele></trkpt><trkpt lat="-27.00186666666667" lon="-48.61986166666667"><ele>3.8000000000000003</ele></trkpt><trkpt lat="-27.00186666666667" lon="-48.61986166666667"><ele>3.8000000000000003</ele></trkpt><trkpt lat="-27.00186666666667" lon="-48.61986166666667"><ele>3.8000000000000003</ele></trkpt><trkpt lat="-27.00186666666667" lon="-48.61986166666667"><ele>3.8000000000000003</ele></trkpt><trkpt lat="-27.00186666666667" lon="-48.61986166666667"><ele>3.8000000000000003</ele></trkpt><trkpt lat="-27.00186666666667" lon="-48.61986166666667"><ele>3.8000000000000003</ele></trkpt><trkpt lat="-27.00186666666667" lon="-48.61986166666667"><ele>3.8000000000000003</ele></trkpt><trkpt lat="-27.00186666666667" lon="-48.61986166666667"><ele>3.8000000000000003</ele></trkpt><trkpt lat="-27.00186666666667" lon="-48.61986166666667"><ele>3.8000000000000003</ele></trkpt><trkpt lat="-27.00186666666667" lon="-48.61986166666667"><ele>3.8000000000000003</ele></trkpt><trkpt lat="-27.00186666666667" lon="-48.61986166666667"><ele>3.8000000000000003</ele></trkpt><trkpt lat="-27.00186666666667" lon="-48.61986166666667"><ele>3.8000000000000003</ele></trkpt><trkpt lat="-27.00186666666667" lon="-48.61986166666667"><ele>3.8000000000000003</ele></trkpt><trkpt lat="-27.00186666666667" lon="-48.61986166666667"><ele>3.8000000000000003</ele></trkpt><trkpt lat="-27.00186666666667" lon="-48.61986166666667"><ele>3.8000000000000003</ele></trkpt><trkpt lat="-27.00186666666667" lon="-48.61986166666667"><ele>3.8000000000000003</ele></trkpt><trkpt lat="-27.00186666666667" lon="-48.61986166666667"><ele>3.8000000000000003</ele></trkpt><trkpt lat="-27.00186666666667" lon="-48.61986166666667"><ele>3.8000000000000003</ele></trkpt><trkpt lat="-27.00186666666667" lon="-48.61986166666667"><ele>3.8000000000000003</ele></trkpt><trkpt lat="-27.00186666666667" lon="-48.61986166666667"><ele>3.8000000000000003</ele></trkpt><trkpt lat="-27.00186666666667" lon="-48.61986166666667"><ele>3.8000000000000003</ele></trkpt><trkpt lat="-27.00186666666667" lon="-48.61986166666667"><ele>3.8000000000000003</ele></trkpt><trkpt lat="-27.00186666666667" lon="-48.61986166666667"><ele>3.8000000000000003</ele></trkpt><trkpt lat="-27.00186666666667" lon="-48.61986166666667"><ele>3.8000000000000003</ele></trkpt><trkpt lat="-27.00186666666667" lon="-48.61986166666667"><ele>3.8000000000000003</ele></trkpt><trkpt lat="-27.00186666666667" lon="-48.61986166666667"><ele>3.8000000000000003</ele></trkpt><trkpt lat="-27.00186666666667" lon="-48.61986166666667"><ele>3.8000000000000003</ele></trkpt><trkpt lat="-27.00186666666667" lon="-48.61986166666667"><ele>3.8000000000000003</ele></trkpt><trkpt lat="-27.00186666666667" lon="-48.61986166666667"><ele>3.8000000000000003</ele></trkpt><trkpt lat="-27.00186666666667" lon="-48.61986166666667"><ele>3.8000000000000003</ele></trkpt><trkpt lat="-27.00186666666667" lon="-48.61986166666667"><ele>3.8000000000000003</ele></trkpt><trkpt lat="-27.00186666666667" lon="-48.61986166666667"><ele>3.8000000000000003</ele></trkpt><trkpt lat="-27.00186666666667" lon="-48.61986166666667"><ele>3.8000000000000003</ele></trkpt><trkpt lat="-27.00186666666667" lon="-48.61986166666667"><ele>3.8000000000000003</ele></trkpt><trkpt lat="-27.00186666666667" lon="-48.61986166666667"><ele>3.8000000000000003</ele></trkpt><trkpt lat="-27.00186666666667" lon="-48.61986166666667"><ele>3.8000000000000003</ele></trkpt><trkpt lat="-27.001890000000003" lon="-48.61988833333333"><ele>3.2</ele></trkpt><trkpt lat="-27.001893333333335" lon="-48.619881666666664"><ele>3.2</ele></trkpt><trkpt lat="-27.001903333333335" lon="-48.619868333333336"><ele>3</ele></trkpt><trkpt lat="-27.00191" lon="-48.61985500000001"><ele>2.8</ele></trkpt><trkpt lat="-27.001915" lon="-48.619838333333334"><ele>2.7</ele></trkpt><trkpt lat="-27.001920000000002" lon="-48.61982166666667"><ele>2.3</ele></trkpt><trkpt lat="-27.001921666666664" lon="-48.619805"><ele>2</ele></trkpt><trkpt lat="-27.00192666666667" lon="-48.619789999999995"><ele>1.7000000000000002</ele></trkpt><trkpt lat="-27.001933333333334" lon="-48.61977666666667"><ele>1.2000000000000002</ele></trkpt><trkpt lat="-27.001938333333335" lon="-48.61976833333333"><ele>1.2000000000000002</ele></trkpt><trkpt lat="-27.001939999999998" lon="-48.61976166666667"><ele>1</ele></trkpt><trkpt lat="-27.001939999999998" lon="-48.61976166666667"><ele>0.8</ele></trkpt><trkpt lat="-27.001938333333335" lon="-48.61976166666667"><ele>0.8</ele></trkpt><trkpt lat="-27.001936666666666" lon="-48.61976"><ele>0.7000000000000001</ele></trkpt><trkpt lat="-27.001933333333334" lon="-48.61976"><ele>0.7000000000000001</ele></trkpt><trkpt lat="-27.001931666666664" lon="-48.61975833333333"><ele>0.8</ele></trkpt><trkpt lat="-27.00193" lon="-48.619756666666675"><ele>0.9000000000000001</ele></trkpt><trkpt lat="-27.001923333333334" lon="-48.619755000000005"><ele>1</ele></trkpt><trkpt lat="-27.001920000000002" lon="-48.619755000000005"><ele>0.9000000000000001</ele></trkpt><trkpt lat="-27.001916666666663" lon="-48.619756666666675"><ele>0.8</ele></trkpt><trkpt lat="-27.001915" lon="-48.619755000000005"><ele>0.9000000000000001</ele></trkpt><trkpt lat="-27.001908333333336" lon="-48.61975333333333"><ele>1.3</ele></trkpt><trkpt lat="-27.00191" lon="-48.619755000000005"><ele>1.4000000000000001</ele></trkpt><trkpt lat="-27.001906666666667" lon="-48.61975166666666"><ele>1.6</ele></trkpt><trkpt lat="-27.001906666666667" lon="-48.61975166666666"><ele>1.6</ele></trkpt><trkpt lat="-27.001918333333332" lon="-48.61974166666667"><ele>1.2000000000000002</ele></trkpt><trkpt lat="-27.001931666666664" lon="-48.619733333333336"><ele>1.2000000000000002</ele></trkpt><trkpt lat="-27.001941666666667" lon="-48.61972333333333"><ele>1.8</ele></trkpt><trkpt lat="-27.001941666666667" lon="-48.61972333333333"><ele>1.8</ele></trkpt><trkpt lat="-27.00194333333333" lon="-48.61971333333333"><ele>2.4000000000000004</ele></trkpt><trkpt lat="-27.00194333333333" lon="-48.619701666666664"><ele>2.8</ele></trkpt><trkpt lat="-27.00194666666666" lon="-48.619695"><ele>2.9000000000000004</ele></trkpt><trkpt lat="-27.001948333333335" lon="-48.61968666666667"><ele>2.7</ele></trkpt><trkpt lat="-27.001950000000004" lon="-48.61968333333333"><ele>2.6</ele></trkpt><trkpt lat="-27.001950000000004" lon="-48.61968333333333"><ele>2.6</ele></trkpt><trkpt lat="-27.001950000000004" lon="-48.61968333333333"><ele>2.6</ele></trkpt><trkpt lat="-27.001953333333336" lon="-48.61968166666667"><ele>2.8</ele></trkpt><trkpt lat="-27.001953333333336" lon="-48.61968166666667"><ele>2.9000000000000004</ele></trkpt><trkpt lat="-27.001951666666667" lon="-48.61968166666667"><ele>3.2</ele></trkpt><trkpt lat="-27.001950000000004" lon="-48.61967666666666"><ele>3.4000000000000004</ele></trkpt><trkpt lat="-27.001951666666667" lon="-48.61967333333334"><ele>3.6</ele></trkpt><trkpt lat="-27.001953333333336" lon="-48.61966833333333"><ele>3.6</ele></trkpt><trkpt lat="-27.001955" lon="-48.619665000000005"><ele>3.7</ele></trkpt><trkpt lat="-27.001955" lon="-48.619665000000005"><ele>3.7</ele></trkpt><trkpt lat="-27.001955" lon="-48.619665000000005"><ele>3.7</ele></trkpt><trkpt lat="-27.001955" lon="-48.619665000000005"><ele>3.7</ele></trkpt><trkpt lat="-27.001955" lon="-48.619665000000005"><ele>3.7</ele></trkpt><trkpt lat="-27.001955" lon="-48.619665000000005"><ele>3.7</ele></trkpt><trkpt lat="-27.001955" lon="-48.619665000000005"><ele>3.7</ele></trkpt><trkpt lat="-27.001955" lon="-48.619665000000005"><ele>3.7</ele></trkpt><trkpt lat="-27.001955" lon="-48.619665000000005"><ele>3.7</ele></trkpt><trkpt lat="-27.001955" lon="-48.619665000000005"><ele>3.7</ele></trkpt><trkpt lat="-27.001955" lon="-48.619665000000005"><ele>3.7</ele></trkpt><trkpt lat="-27.001955" lon="-48.619665000000005"><ele>3.7</ele></trkpt><trkpt lat="-27.001955" lon="-48.619665000000005"><ele>3.7</ele></trkpt><trkpt lat="-27.001955" lon="-48.619665000000005"><ele>3.7</ele></trkpt><trkpt lat="-27.001955" lon="-48.619665000000005"><ele>3.7</ele></trkpt><trkpt lat="-27.001955" lon="-48.619665000000005"><ele>3.7</ele></trkpt><trkpt lat="-27.001955" lon="-48.619665000000005"><ele>3.7</ele></trkpt><trkpt lat="-27.001955" lon="-48.619665000000005"><ele>3.7</ele></trkpt><trkpt lat="-27.001955" lon="-48.619665000000005"><ele>3.7</ele></trkpt><trkpt lat="-27.001955" lon="-48.619665000000005"><ele>3.7</ele></trkpt><trkpt lat="-27.001955" lon="-48.619665000000005"><ele>3.7</ele></trkpt><trkpt lat="-27.001955" lon="-48.619665000000005"><ele>3.7</ele></trkpt><trkpt lat="-27.001955" lon="-48.619665000000005"><ele>3.7</ele></trkpt><trkpt lat="-27.001955" lon="-48.619665000000005"><ele>3.7</ele></trkpt><trkpt lat="-27.001955" lon="-48.619665000000005"><ele>3.7</ele></trkpt><trkpt lat="-27.001955" lon="-48.619665000000005"><ele>3.7</ele></trkpt><trkpt lat="-27.001955" lon="-48.619665000000005"><ele>3.7</ele></trkpt><trkpt lat="-27.001955" lon="-48.619665000000005"><ele>3.7</ele></trkpt><trkpt lat="-27.001955" lon="-48.619665000000005"><ele>3.7</ele></trkpt><trkpt lat="-27.001955" lon="-48.619665000000005"><ele>3.7</ele></trkpt><trkpt lat="-27.001955" lon="-48.619665000000005"><ele>3.7</ele></trkpt><trkpt lat="-27.001955" lon="-48.619665000000005"><ele>3.7</ele></trkpt><trkpt lat="-27.001955" lon="-48.619665000000005"><ele>3.7</ele></trkpt><trkpt lat="-27.001955" lon="-48.619665000000005"><ele>3.7</ele></trkpt><trkpt lat="-27.001955" lon="-48.619665000000005"><ele>3.7</ele></trkpt><trkpt lat="-27.001955" lon="-48.619665000000005"><ele>3.7</ele></trkpt><trkpt lat="-27.001955" lon="-48.619665000000005"><ele>3.7</ele></trkpt><trkpt lat="-27.001955" lon="-48.619665000000005"><ele>3.7</ele></trkpt><trkpt lat="-27.001955" lon="-48.619665000000005"><ele>3.7</ele></trkpt><trkpt lat="-27.001955" lon="-48.619665000000005"><ele>3.7</ele></trkpt><trkpt lat="-27.001955" lon="-48.619665000000005"><ele>3.7</ele></trkpt><trkpt lat="-27.001955" lon="-48.619665000000005"><ele>3.7</ele></trkpt><trkpt lat="-27.001955" lon="-48.619665000000005"><ele>3.7</ele></trkpt><trkpt lat="-27.001955" lon="-48.619665000000005"><ele>3.7</ele></trkpt><trkpt lat="-27.001955" lon="-48.619665000000005"><ele>3.7</ele></trkpt><trkpt lat="-27.001955" lon="-48.619665000000005"><ele>3.7</ele></trkpt><trkpt lat="-27.001955" lon="-48.619665000000005"><ele>3.7</ele></trkpt><trkpt lat="-27.001955" lon="-48.619665000000005"><ele>3.7</ele></trkpt><trkpt lat="-27.001955" lon="-48.619665000000005"><ele>3.7</ele></trkpt><trkpt lat="-27.001955" lon="-48.619665000000005"><ele>3.7</ele></trkpt><trkpt lat="-27.001955" lon="-48.619665000000005"><ele>3.7</ele></trkpt><trkpt lat="-27.001955" lon="-48.619665000000005"><ele>3.7</ele></trkpt><trkpt lat="-27.001955" lon="-48.619665000000005"><ele>3.7</ele></trkpt><trkpt lat="-27.001955" lon="-48.619665000000005"><ele>3.7</ele></trkpt><trkpt lat="-27.001955" lon="-48.619665000000005"><ele>3.7</ele></trkpt><trkpt lat="-27.001955" lon="-48.619665000000005"><ele>3.7</ele></trkpt><trkpt lat="-27.001955" lon="-48.619665000000005"><ele>3.7</ele></trkpt><trkpt lat="-27.001955" lon="-48.619665000000005"><ele>3.7</ele></trkpt><trkpt lat="-27.001955" lon="-48.619665000000005"><ele>3.7</ele></trkpt><trkpt lat="-27.00196" lon="-48.61977"><ele>3.6</ele></trkpt><trkpt lat="-27.00196" lon="-48.61977333333333"><ele>3.9</ele></trkpt><trkpt lat="-27.00196" lon="-48.619775"><ele>4.1</ele></trkpt><trkpt lat="-27.00196" lon="-48.619780000000006"><ele>4.300000000000001</ele></trkpt><trkpt lat="-27.00196" lon="-48.619780000000006"><ele>4.300000000000001</ele></trkpt><trkpt lat="-27.00196" lon="-48.619780000000006"><ele>4.300000000000001</ele></trkpt><trkpt lat="-27.00196" lon="-48.619780000000006"><ele>4.300000000000001</ele></trkpt><trkpt lat="-27.001953333333336" lon="-48.61978166666666"><ele>4.4</ele></trkpt><trkpt lat="-27.001953333333336" lon="-48.61978333333333"><ele>4.4</ele></trkpt><trkpt lat="-27.001953333333336" lon="-48.61978333333333"><ele>4.4</ele></trkpt><trkpt lat="-27.001951666666667" lon="-48.619788333333325"><ele>4.5</ele></trkpt><trkpt lat="-27.001951666666667" lon="-48.619788333333325"><ele>4.5</ele></trkpt><trkpt lat="-27.001951666666667" lon="-48.619788333333325"><ele>4.5</ele></trkpt><trkpt lat="-27.001951666666667" lon="-48.619788333333325"><ele>4.5</ele></trkpt><trkpt lat="-27.001951666666667" lon="-48.619788333333325"><ele>4.5</ele></trkpt><trkpt lat="-27.001951666666667" lon="-48.619788333333325"><ele>4.5</ele></trkpt><trkpt lat="-27.001951666666667" lon="-48.619788333333325"><ele>4.5</ele></trkpt><trkpt lat="-27.001951666666667" lon="-48.619788333333325"><ele>4.5</ele></trkpt><trkpt lat="-27.001951666666667" lon="-48.619788333333325"><ele>4.5</ele></trkpt><trkpt lat="-27.001951666666667" lon="-48.619788333333325"><ele>4.5</ele></trkpt><trkpt lat="-27.001951666666667" lon="-48.619788333333325"><ele>4.5</ele></trkpt><trkpt lat="-27.001951666666667" lon="-48.619788333333325"><ele>4.5</ele></trkpt><trkpt lat="-27.001951666666667" lon="-48.619788333333325"><ele>4.5</ele></trkpt><trkpt lat="-27.001951666666667" lon="-48.619788333333325"><ele>4.5</ele></trkpt><trkpt lat="-27.001951666666667" lon="-48.619788333333325"><ele>4.5</ele></trkpt><trkpt lat="-27.001951666666667" lon="-48.619788333333325"><ele>4.5</ele></trkpt><trkpt lat="-27.001951666666667" lon="-48.619788333333325"><ele>4.5</ele></trkpt><trkpt lat="-27.001951666666667" lon="-48.619788333333325"><ele>4.5</ele></trkpt><trkpt lat="-27.001951666666667" lon="-48.619788333333325"><ele>4.5</ele></trkpt><trkpt lat="-27.001951666666667" lon="-48.619788333333325"><ele>4.5</ele></trkpt><trkpt lat="-27.001951666666667" lon="-48.619788333333325"><ele>4.5</ele></trkpt><trkpt lat="-27.001951666666667" lon="-48.619788333333325"><ele>4.5</ele></trkpt><trkpt lat="-27.001951666666667" lon="-48.619788333333325"><ele>4.5</ele></trkpt><trkpt lat="-27.001951666666667" lon="-48.619788333333325"><ele>4.5</ele></trkpt><trkpt lat="-27.001951666666667" lon="-48.619788333333325"><ele>4.5</ele></trkpt><trkpt lat="-27.001951666666667" lon="-48.619788333333325"><ele>4.5</ele></trkpt><trkpt lat="-27.001951666666667" lon="-48.619788333333325"><ele>4.5</ele></trkpt><trkpt lat="-27.001951666666667" lon="-48.619788333333325"><ele>4.5</ele></trkpt><trkpt lat="-27.001951666666667" lon="-48.619788333333325"><ele>4.5</ele></trkpt><trkpt lat="-27.001951666666667" lon="-48.619788333333325"><ele>4.5</ele></trkpt><trkpt lat="-27.001951666666667" lon="-48.619788333333325"><ele>4.5</ele></trkpt><trkpt lat="-27.001951666666667" lon="-48.619788333333325"><ele>4.5</ele></trkpt><trkpt lat="-27.001951666666667" lon="-48.619788333333325"><ele>4.5</ele></trkpt><trkpt lat="-27.001951666666667" lon="-48.619788333333325"><ele>4.5</ele></trkpt><trkpt lat="-27.001951666666667" lon="-48.619788333333325"><ele>4.5</ele></trkpt><trkpt lat="-27.001951666666667" lon="-48.619788333333325"><ele>4.5</ele></trkpt><trkpt lat="-27.001951666666667" lon="-48.619788333333325"><ele>4.5</ele></trkpt><trkpt lat="-27.001951666666667" lon="-48.619788333333325"><ele>4.5</ele></trkpt><trkpt lat="-27.001951666666667" lon="-48.619788333333325"><ele>4.5</ele></trkpt><trkpt lat="-27.001951666666667" lon="-48.619788333333325"><ele>4.5</ele></trkpt><trkpt lat="-27.001951666666667" lon="-48.619788333333325"><ele>4.5</ele></trkpt><trkpt lat="-27.001951666666667" lon="-48.619788333333325"><ele>4.5</ele></trkpt><trkpt lat="-27.001951666666667" lon="-48.619788333333325"><ele>4.5</ele></trkpt><trkpt lat="-27.001951666666667" lon="-48.619788333333325"><ele>4.5</ele></trkpt><trkpt lat="-27.001951666666667" lon="-48.619788333333325"><ele>4.5</ele></trkpt><trkpt lat="-27.001951666666667" lon="-48.619788333333325"><ele>4.5</ele></trkpt><trkpt lat="-27.001951666666667" lon="-48.619788333333325"><ele>4.5</ele></trkpt><trkpt lat="-27.001951666666667" lon="-48.619788333333325"><ele>4.5</ele></trkpt><trkpt lat="-27.001951666666667" lon="-48.619788333333325"><ele>4.5</ele></trkpt><trkpt lat="-27.001951666666667" lon="-48.619788333333325"><ele>4.5</ele></trkpt><trkpt lat="-27.001951666666667" lon="-48.619788333333325"><ele>4.5</ele></trkpt><trkpt lat="-27.001951666666667" lon="-48.619788333333325"><ele>4.5</ele></trkpt><trkpt lat="-27.001951666666667" lon="-48.619788333333325"><ele>4.5</ele></trkpt><trkpt lat="-27.001951666666667" lon="-48.619788333333325"><ele>4.5</ele></trkpt><trkpt lat="-27.001951666666667" lon="-48.619788333333325"><ele>4.5</ele></trkpt><trkpt lat="-27.001951666666667" lon="-48.619788333333325"><ele>4.5</ele></trkpt><trkpt lat="-27.001951666666667" lon="-48.619788333333325"><ele>4.5</ele></trkpt><trkpt lat="-27.001951666666667" lon="-48.619788333333325"><ele>4.5</ele></trkpt><trkpt lat="-27.001951666666667" lon="-48.619788333333325"><ele>4.5</ele></trkpt><trkpt lat="-27.001951666666667" lon="-48.619788333333325"><ele>4.5</ele></trkpt><trkpt lat="-27.001951666666667" lon="-48.619788333333325"><ele>4.5</ele></trkpt><trkpt lat="-27.001951666666667" lon="-48.619788333333325"><ele>4.5</ele></trkpt><trkpt lat="-27.001951666666667" lon="-48.619788333333325"><ele>4.5</ele></trkpt><trkpt lat="-27.001951666666667" lon="-48.619788333333325"><ele>4.5</ele></trkpt><trkpt lat="-27.001951666666667" lon="-48.619788333333325"><ele>4.5</ele></trkpt><trkpt lat="-27.001951666666667" lon="-48.619788333333325"><ele>4.5</ele></trkpt><trkpt lat="-27.001951666666667" lon="-48.619788333333325"><ele>4.5</ele></trkpt><trkpt lat="-27.001951666666667" lon="-48.619788333333325"><ele>4.5</ele></trkpt><trkpt lat="-27.001951666666667" lon="-48.619788333333325"><ele>4.5</ele></trkpt><trkpt lat="-27.001973333333332" lon="-48.619788333333325"><ele>-2.1</ele></trkpt><trkpt lat="-27.001955" lon="-48.61977666666667"><ele>-2.1999999999999997</ele></trkpt><trkpt lat="-27.001939999999998" lon="-48.61976500000001"><ele>-2.4999999999999996</ele></trkpt><trkpt lat="-27.001928333333332" lon="-48.61976333333334"><ele>-2.1</ele></trkpt><trkpt lat="-27.001918333333332" lon="-48.619748333333334"><ele>-1.6999999999999997</ele></trkpt><trkpt lat="-27.00191333333333" lon="-48.619735000000006"><ele>-0.7999999999999998</ele></trkpt><trkpt lat="-27.001908333333336" lon="-48.619725"><ele>-0.19999999999999996</ele></trkpt><trkpt lat="-27.001905000000004" lon="-48.61971333333333"><ele>0.5</ele></trkpt><trkpt lat="-27.001905000000004" lon="-48.619705"><ele>1.2000000000000002</ele></trkpt><trkpt lat="-27.00190166666666" lon="-48.619698333333325"><ele>1.4000000000000001</ele></trkpt><trkpt lat="-27.00189833333333" lon="-48.619695"><ele>1.7000000000000002</ele></trkpt><trkpt lat="-27.001896666666667" lon="-48.619695"><ele>1.8</ele></trkpt><trkpt lat="-27.001896666666667" lon="-48.61969166666666"><ele>2</ele></trkpt><trkpt lat="-27.00189833333333" lon="-48.619688333333336"><ele>2.2</ele></trkpt><trkpt lat="-27.001893333333335" lon="-48.61969166666666"><ele>1.8</ele></trkpt><trkpt lat="-27.001893333333335" lon="-48.61969166666666"><ele>1.8</ele></trkpt><trkpt lat="-27.001893333333335" lon="-48.61969166666666"><ele>1.8</ele></trkpt><trkpt lat="-27.001893333333335" lon="-48.61972166666666"><ele>0.8</ele></trkpt><trkpt lat="-27.001891666666666" lon="-48.61973666666666"><ele>0.30000000000000004</ele></trkpt><trkpt lat="-27.001886666666664" lon="-48.619756666666675"><ele>-0.09999999999999987</ele></trkpt><trkpt lat="-27.001879999999996" lon="-48.61977666666667"><ele>-0.7999999999999998</ele></trkpt><trkpt lat="-27.001873333333332" lon="-48.619795"><ele>-1.1</ele></trkpt><trkpt lat="-27.001863333333336" lon="-48.61982"><ele>-1.2999999999999998</ele></trkpt><trkpt lat="-27.00185333333333" lon="-48.619845000000005"><ele>-1.2999999999999998</ele></trkpt><trkpt lat="-27.001845000000003" lon="-48.619870000000006"><ele>-2.1</ele></trkpt><trkpt lat="-27.00184" lon="-48.61989666666667"><ele>-2.6999999999999997</ele></trkpt><trkpt lat="-27.001834999999996" lon="-48.61991666666666"><ele>-3.1999999999999997</ele></trkpt><trkpt lat="-27.001828333333332" lon="-48.61993333333333"><ele>-3.6</ele></trkpt><trkpt lat="-27.001826666666663" lon="-48.61994166666667"><ele>-3.6999999999999997</ele></trkpt><trkpt lat="-27.001828333333332" lon="-48.61995166666667"><ele>-3.8000000000000003</ele></trkpt><trkpt lat="-27.001825" lon="-48.61995666666667"><ele>-3.4</ele></trkpt><trkpt lat="-27.001828333333332" lon="-48.61995666666667"><ele>-2.3</ele></trkpt><trkpt lat="-27.001826666666663" lon="-48.619955"><ele>-1.5</ele></trkpt><trkpt lat="-27.00182333333333" lon="-48.619955"><ele>-1</ele></trkpt><trkpt lat="-27.00182333333333" lon="-48.619955"><ele>-1</ele></trkpt><trkpt lat="-27.001821666666668" lon="-48.61995166666667"><ele>-0.7999999999999998</ele></trkpt><trkpt lat="-27.00182" lon="-48.61995"><ele>-0.6999999999999997</ele></trkpt><trkpt lat="-27.001818333333336" lon="-48.61995"><ele>-0.5</ele></trkpt><trkpt lat="-27.001818333333336" lon="-48.619946666666664"><ele>-0.19999999999999996</ele></trkpt><trkpt lat="-27.001816666666667" lon="-48.61994500000001"><ele>-0.19999999999999996</ele></trkpt><trkpt lat="-27.001818333333336" lon="-48.61994333333334"><ele>-0.19999999999999996</ele></trkpt><trkpt lat="-27.001816666666667" lon="-48.619936666666675"><ele>-0.2999999999999998</ele></trkpt><trkpt lat="-27.001816666666667" lon="-48.619936666666675"><ele>-0.2999999999999998</ele></trkpt><trkpt lat="-27.001816666666667" lon="-48.619936666666675"><ele>-0.2999999999999998</ele></trkpt><trkpt lat="-27.001816666666667" lon="-48.619936666666675"><ele>-0.2999999999999998</ele></trkpt><trkpt lat="-27.001816666666667" lon="-48.619936666666675"><ele>-0.2999999999999998</ele></trkpt><trkpt lat="-27.001816666666667" lon="-48.619936666666675"><ele>-0.2999999999999998</ele></trkpt><trkpt lat="-27.001816666666667" lon="-48.619936666666675"><ele>-0.2999999999999998</ele></trkpt><trkpt lat="-27.001816666666667" lon="-48.619936666666675"><ele>-0.2999999999999998</ele></trkpt><trkpt lat="-27.001816666666667" lon="-48.619936666666675"><ele>-0.2999999999999998</ele></trkpt><trkpt lat="-27.001816666666667" lon="-48.619936666666675"><ele>-0.2999999999999998</ele></trkpt><trkpt lat="-27.001816666666667" lon="-48.619936666666675"><ele>-0.2999999999999998</ele></trkpt><trkpt lat="-27.001800000000003" lon="-48.61994500000001"><ele>2.8</ele></trkpt><trkpt lat="-27.00179666666667" lon="-48.61995333333333"><ele>3.3</ele></trkpt><trkpt lat="-27.00179333333333" lon="-48.61995166666667"><ele>4.1</ele></trkpt><trkpt lat="-27.001789999999996" lon="-48.61995166666667"><ele>4.9</ele></trkpt><trkpt lat="-27.001789999999996" lon="-48.61995166666667"><ele>4.9</ele></trkpt><trkpt lat="-27.001789999999996" lon="-48.61995166666667"><ele>4.9</ele></trkpt><trkpt lat="-27.001789999999996" lon="-48.61995166666667"><ele>4.9</ele></trkpt><trkpt lat="-27.00178" lon="-48.619975000000004"><ele>6.300000000000001</ele></trkpt><trkpt lat="-27.00178" lon="-48.619975000000004"><ele>6.300000000000001</ele></trkpt><trkpt lat="-27.001776666666668" lon="-48.619981666666675"><ele>6.800000000000001</ele></trkpt><trkpt lat="-27.001773333333336" lon="-48.61998333333333"><ele>7.4</ele></trkpt><trkpt lat="-27.001765" lon="-48.61998833333334"><ele>7.9</ele></trkpt><trkpt lat="-27.001755000000003" lon="-48.619995"><ele>8</ele></trkpt><trkpt lat="-27.00174666666667" lon="-48.62000833333333"><ele>8.1</ele></trkpt><trkpt lat="-27.00173333333333" lon="-48.62002166666666"><ele>9.4</ele></trkpt><trkpt lat="-27.001714999999997" lon="-48.62004166666667"><ele>11</ele></trkpt><trkpt lat="-27.00169" lon="-48.620063333333334"><ele>12.2</ele></trkpt><trkpt lat="-27.00165833333333" lon="-48.620085"><ele>13.799999999999999</ele></trkpt><trkpt lat="-27.001624999999997" lon="-48.620104999999995"><ele>14.9</ele></trkpt><trkpt lat="-27.001603333333332" lon="-48.62013"><ele>15.7</ele></trkpt><trkpt lat="-27.001581666666667" lon="-48.620153333333334"><ele>16</ele></trkpt><trkpt lat="-27.001563333333333" lon="-48.62017000000001"><ele>16.400000000000002</ele></trkpt><trkpt lat="-27.00153833333333" lon="-48.620185000000006"><ele>17.400000000000002</ele></trkpt><trkpt lat="-27.00152166666667" lon="-48.620205000000006"><ele>17.5</ele></trkpt><trkpt lat="-27.001515" lon="-48.620239999999995"><ele>14.4</ele></trkpt><trkpt lat="-27.00150833333333" lon="-48.62024666666666"><ele>12.799999999999999</ele></trkpt><trkpt lat="-27.001503333333336" lon="-48.620251666666675"><ele>12.4</ele></trkpt><trkpt lat="-27.001498333333334" lon="-48.620255"><ele>12.1</ele></trkpt><trkpt lat="-27.001498333333334" lon="-48.62025833333334"><ele>12.2</ele></trkpt><trkpt lat="-27.001498333333334" lon="-48.62025833333334"><ele>12.2</ele></trkpt><trkpt lat="-27.001500000000004" lon="-48.620263333333334"><ele>12.299999999999999</ele></trkpt><trkpt lat="-27.001504999999998" lon="-48.62026000000001"><ele>12.1</ele></trkpt><trkpt lat="-27.00150833333333" lon="-48.62025666666667"><ele>11.799999999999999</ele></trkpt><trkpt lat="-27.00151166666667" lon="-48.620251666666675"><ele>11.299999999999999</ele></trkpt><trkpt lat="-27.001515" lon="-48.62024666666666"><ele>11.299999999999999</ele></trkpt><trkpt lat="-27.001516666666664" lon="-48.620245000000004"><ele>11.1</ele></trkpt><trkpt lat="-27.001515" lon="-48.620245000000004"><ele>11</ele></trkpt><trkpt lat="-27.001515" lon="-48.620245000000004"><ele>11</ele></trkpt><trkpt lat="-27.001515" lon="-48.620245000000004"><ele>11</ele></trkpt><trkpt lat="-27.001515" lon="-48.620245000000004"><ele>11</ele></trkpt><trkpt lat="-27.001515" lon="-48.620245000000004"><ele>11</ele></trkpt><trkpt lat="-27.001504999999998" lon="-48.620255"><ele>10.4</ele></trkpt><trkpt lat="-27.001498333333334" lon="-48.620265"><ele>10.6</ele></trkpt><trkpt lat="-27.00149333333333" lon="-48.62027833333333"><ele>11.5</ele></trkpt><trkpt lat="-27.001483333333333" lon="-48.620296666666675"><ele>11.6</ele></trkpt><trkpt lat="-27.00148" lon="-48.62031999999999"><ele>10.9</ele></trkpt><trkpt lat="-27.001473333333333" lon="-48.62034333333333"><ele>10</ele></trkpt><trkpt lat="-27.001461666666668" lon="-48.62036499999999"><ele>9.5</ele></trkpt><trkpt lat="-27.001443333333334" lon="-48.620376666666665"><ele>8.9</ele></trkpt><trkpt lat="-27.001428333333333" lon="-48.620386666666676"><ele>8.4</ele></trkpt><trkpt lat="-27.001416666666668" lon="-48.620405"><ele>8.3</ele></trkpt><trkpt lat="-27.001395000000002" lon="-48.62042499999999"><ele>8.6</ele></trkpt><trkpt lat="-27.00138" lon="-48.62044666666667"><ele>8.5</ele></trkpt><trkpt lat="-27.00136" lon="-48.62047333333333"><ele>9.1</ele></trkpt><trkpt lat="-27.00134166666667" lon="-48.62049833333334"><ele>9.2</ele></trkpt><trkpt lat="-27.001321666666666" lon="-48.620529999999995"><ele>10.6</ele></trkpt><trkpt lat="-27.001294999999995" lon="-48.620558333333335"><ele>11.6</ele></trkpt><trkpt lat="-27.001269999999998" lon="-48.62058999999999"><ele>12.6</ele></trkpt><trkpt lat="-27.00125166666667" lon="-48.620611666666676"><ele>12.799999999999999</ele></trkpt><trkpt lat="-27.00124" lon="-48.62063499999999"><ele>13.1</ele></trkpt><trkpt lat="-27.001234999999998" lon="-48.620666666666665"><ele>14.2</ele></trkpt><trkpt lat="-27.001223333333336" lon="-48.620685"><ele>15</ele></trkpt><trkpt lat="-27.00121" lon="-48.620715000000004"><ele>14.2</ele></trkpt><trkpt lat="-27.0012" lon="-48.620738333333335"><ele>13.5</ele></trkpt><trkpt lat="-27.001189999999998" lon="-48.62075333333334"><ele>12.9</ele></trkpt><trkpt lat="-27.001189999999998" lon="-48.620760000000004"><ele>12.299999999999999</ele></trkpt><trkpt lat="-27.001189999999998" lon="-48.620760000000004"><ele>12.299999999999999</ele></trkpt><trkpt lat="-27.001189999999998" lon="-48.62076666666667"><ele>12.1</ele></trkpt><trkpt lat="-27.001191666666667" lon="-48.62077333333333"><ele>12.299999999999999</ele></trkpt><trkpt lat="-27.001195" lon="-48.620779999999996"><ele>11.799999999999999</ele></trkpt><trkpt lat="-27.00116666666667" lon="-48.62079333333333"><ele>20.3</ele></trkpt><trkpt lat="-27.00116666666667" lon="-48.62079333333333"><ele>20.3</ele></trkpt><trkpt lat="-27.001168333333332" lon="-48.620799999999996"><ele>20.5</ele></trkpt><trkpt lat="-27.001170000000002" lon="-48.620801666666665"><ele>20.5</ele></trkpt><trkpt lat="-27.001174999999996" lon="-48.620806666666674"><ele>20.5</ele></trkpt><trkpt lat="-27.001174999999996" lon="-48.62081"><ele>20.400000000000002</ele></trkpt><trkpt lat="-27.001176666666666" lon="-48.62081333333334"><ele>20</ele></trkpt><trkpt lat="-27.001173333333334" lon="-48.62081499999999"><ele>19.5</ele></trkpt><trkpt lat="-27.001173333333334" lon="-48.62081499999999"><ele>19.5</ele></trkpt><trkpt lat="-27.001173333333334" lon="-48.62081499999999"><ele>19.5</ele></trkpt><trkpt lat="-27.001173333333334" lon="-48.62081499999999"><ele>19.5</ele></trkpt><trkpt lat="-27.001173333333334" lon="-48.62081499999999"><ele>19.5</ele></trkpt><trkpt lat="-27.001148333333337" lon="-48.62081666666666"><ele>16.8</ele></trkpt><trkpt lat="-27.001138333333333" lon="-48.62081666666666"><ele>16</ele></trkpt><trkpt lat="-27.001125000000002" lon="-48.62082166666667"><ele>15.299999999999999</ele></trkpt><trkpt lat="-27.001125000000002" lon="-48.62082166666667"><ele>15.299999999999999</ele></trkpt><trkpt lat="-27.001111666666663" lon="-48.62082333333333"><ele>15</ele></trkpt><trkpt lat="-27.001095000000003" lon="-48.620826666666666"><ele>14.7</ele></trkpt><trkpt lat="-27.00108" lon="-48.62083166666666"><ele>14.5</ele></trkpt><trkpt lat="-27.001066666666663" lon="-48.62084"><ele>13.9</ele></trkpt><trkpt lat="-27.001054999999997" lon="-48.620851666666674"><ele>12.799999999999999</ele></trkpt><trkpt lat="-27.001043333333335" lon="-48.62085333333333"><ele>11.7</ele></trkpt><trkpt lat="-27.00103166666667" lon="-48.62086166666666"><ele>10.6</ele></trkpt><trkpt lat="-27.001028333333338" lon="-48.62086333333333"><ele>9.1</ele></trkpt><trkpt lat="-27.00103" lon="-48.620865"><ele>7.9</ele></trkpt><trkpt lat="-27.001033333333332" lon="-48.620865"><ele>6.6</ele></trkpt><trkpt lat="-27.001035" lon="-48.62086833333333"><ele>5.6</ele></trkpt><trkpt lat="-27.001036666666664" lon="-48.62087"><ele>5.699999999999999</ele></trkpt><trkpt lat="-27.001036666666664" lon="-48.62087"><ele>5.699999999999999</ele></trkpt><trkpt lat="-27.001038333333334" lon="-48.62087"><ele>5.4</ele></trkpt><trkpt lat="-27.001035" lon="-48.62087"><ele>5.1</ele></trkpt><trkpt lat="-27.00103166666667" lon="-48.62087"><ele>4.9</ele></trkpt><trkpt lat="-27.00103166666667" lon="-48.620873333333336"><ele>4.2</ele></trkpt><trkpt lat="-27.00103166666667" lon="-48.62087666666666"><ele>3.6</ele></trkpt><trkpt lat="-27.001028333333338" lon="-48.62088333333333"><ele>3.3</ele></trkpt><trkpt lat="-27.00102" lon="-48.62088333333333"><ele>3.2</ele></trkpt><trkpt lat="-27.00102" lon="-48.62088333333333"><ele>3.2</ele></trkpt><trkpt lat="-27.001015" lon="-48.620885"><ele>3</ele></trkpt><trkpt lat="-27.001003333333333" lon="-48.620889999999996"><ele>2.3</ele></trkpt><trkpt lat="-27.000993333333334" lon="-48.620881666666676"><ele>1.4000000000000001</ele></trkpt><trkpt lat="-27.00099" lon="-48.62088666666667"><ele>0.6000000000000001</ele></trkpt><trkpt lat="-27.000976666666663" lon="-48.62089833333333"><ele>0.6000000000000001</ele></trkpt><trkpt lat="-27.000958333333333" lon="-48.62091333333333"><ele>0.6000000000000001</ele></trkpt><trkpt lat="-27.00094" lon="-48.62093333333334"><ele>0.40000000000000013</ele></trkpt><trkpt lat="-27.000921666666667" lon="-48.620955"><ele>0.7000000000000001</ele></trkpt><trkpt lat="-27.00088166666667" lon="-48.620963333333336"><ele>6.9</ele></trkpt><trkpt lat="-27.000864999999997" lon="-48.62098833333333"><ele>7.199999999999999</ele></trkpt><trkpt lat="-27.000843333333332" lon="-48.62102333333334"><ele>7.199999999999999</ele></trkpt><trkpt lat="-27.000825000000003" lon="-48.62105"><ele>7.6</ele></trkpt><trkpt lat="-27.000805" lon="-48.621076666666674"><ele>7.800000000000001</ele></trkpt><trkpt lat="-27.000783333333334" lon="-48.62110333333333"><ele>7.800000000000001</ele></trkpt><trkpt lat="-27.00076166666667" lon="-48.621120000000005"><ele>7.6</ele></trkpt><trkpt lat="-27.00076" lon="-48.621129999999994"><ele>1.2000000000000002</ele></trkpt><trkpt lat="-27.000751666666662" lon="-48.62113166666666"><ele>1.4000000000000001</ele></trkpt><trkpt lat="-27.000751666666662" lon="-48.621135"><ele>1.5</ele></trkpt><trkpt lat="-27.000753333333332" lon="-48.62113666666667"><ele>1.9000000000000001</ele></trkpt><trkpt lat="-27.000753333333332" lon="-48.62113666666667"><ele>1.9000000000000001</ele></trkpt><trkpt lat="-27.000756666666668" lon="-48.62113833333333"><ele>2.3</ele></trkpt><trkpt lat="-27.00076" lon="-48.62113833333333"><ele>2.8</ele></trkpt><trkpt lat="-27.000766666666664" lon="-48.621129999999994"><ele>3.3</ele></trkpt><trkpt lat="-27.000768333333333" lon="-48.621129999999994"><ele>3.6</ele></trkpt><trkpt lat="-27.000766666666664" lon="-48.621129999999994"><ele>3.7</ele></trkpt><trkpt lat="-27.00076166666667" lon="-48.62113166666666"><ele>3.8000000000000003</ele></trkpt><trkpt lat="-27.00076166666667" lon="-48.62113166666666"><ele>3.8000000000000003</ele></trkpt><trkpt lat="-27.000756666666668" lon="-48.62113166666666"><ele>3.9</ele></trkpt><trkpt lat="-27.000751666666662" lon="-48.621135"><ele>3.9</ele></trkpt><trkpt lat="-27.000746666666668" lon="-48.62115000000001"><ele>4.300000000000001</ele></trkpt><trkpt lat="-27.000736666666665" lon="-48.621163333333335"><ele>4.4</ele></trkpt><trkpt lat="-27.000723333333333" lon="-48.62118"><ele>4.5</ele></trkpt><trkpt lat="-27.000710000000005" lon="-48.6212"><ele>4.1</ele></trkpt><trkpt lat="-27.000695000000004" lon="-48.62121833333334"><ele>3.7</ele></trkpt><trkpt lat="-27.000676666666664" lon="-48.62124000000001"><ele>3.4000000000000004</ele></trkpt><trkpt lat="-27.000661666666662" lon="-48.62126"><ele>3.6</ele></trkpt><trkpt lat="-27.000661666666662" lon="-48.62126"><ele>3.6</ele></trkpt><trkpt lat="-27.000643333333333" lon="-48.62128166666666"><ele>3.4000000000000004</ele></trkpt><trkpt lat="-27.000623333333337" lon="-48.62129"><ele>3.7</ele></trkpt><trkpt lat="-27.000608333333336" lon="-48.621300000000005"><ele>4</ele></trkpt><trkpt lat="-27.000608333333336" lon="-48.621301666666675"><ele>4.1</ele></trkpt><trkpt lat="-27.000606666666666" lon="-48.62130833333334"><ele>4.300000000000001</ele></trkpt><trkpt lat="-27.000605000000004" lon="-48.62130833333334"><ele>4.7</ele></trkpt><trkpt lat="-27.000603333333334" lon="-48.621309999999994"><ele>5.300000000000001</ele></trkpt><trkpt lat="-27.000601666666665" lon="-48.621311666666664"><ele>5.6</ele></trkpt><trkpt lat="-27.000600000000002" lon="-48.621311666666664"><ele>5.699999999999999</ele></trkpt><trkpt lat="-27.000600000000002" lon="-48.62131333333333"><ele>5.800000000000001</ele></trkpt><trkpt lat="-27.000603333333334" lon="-48.621315"><ele>5.699999999999999</ele></trkpt><trkpt lat="-27.000605000000004" lon="-48.62131333333333"><ele>5.699999999999999</ele></trkpt><trkpt lat="-27.000603333333334" lon="-48.62131333333333"><ele>5.699999999999999</ele></trkpt><trkpt lat="-27.000603333333334" lon="-48.62131333333333"><ele>5.699999999999999</ele></trkpt><trkpt lat="-27.000603333333334" lon="-48.62131333333333"><ele>5.699999999999999</ele></trkpt><trkpt lat="-27.000603333333334" lon="-48.62131333333333"><ele>5.699999999999999</ele></trkpt><trkpt lat="-27.000618333333332" lon="-48.62133166666668"><ele>6.9</ele></trkpt><trkpt lat="-27.000618333333332" lon="-48.621341666666666"><ele>7.300000000000001</ele></trkpt><trkpt lat="-27.000603333333334" lon="-48.62135333333334"><ele>7</ele></trkpt><trkpt lat="-27.000586666666663" lon="-48.621365"><ele>7.199999999999999</ele></trkpt><trkpt lat="-27.000566666666668" lon="-48.62136166666666"><ele>7.300000000000001</ele></trkpt><trkpt lat="-27.000545000000002" lon="-48.62136166666666"><ele>7.4</ele></trkpt><trkpt lat="-27.000525" lon="-48.62136166666666"><ele>7.800000000000001</ele></trkpt><trkpt lat="-27.000513333333334" lon="-48.621365"><ele>7.699999999999999</ele></trkpt><trkpt lat="-27.000504999999997" lon="-48.621368333333336"><ele>7.9</ele></trkpt><trkpt lat="-27.000504999999997" lon="-48.621368333333336"><ele>7.9</ele></trkpt><trkpt lat="-27.000500000000002" lon="-48.621365"><ele>7.9</ele></trkpt><trkpt lat="-27.000498333333333" lon="-48.62136166666666"><ele>7.699999999999999</ele></trkpt><trkpt lat="-27.000495" lon="-48.62136333333333"><ele>7.699999999999999</ele></trkpt><trkpt lat="-27.000495" lon="-48.62136333333333"><ele>7.300000000000001</ele></trkpt><trkpt lat="-27.000495" lon="-48.62136333333333"><ele>7.199999999999999</ele></trkpt><trkpt lat="-27.00049333333333" lon="-48.621365"><ele>7.300000000000001</ele></trkpt><trkpt lat="-27.00049333333333" lon="-48.621365"><ele>7.300000000000001</ele></trkpt><trkpt lat="-27.000488333333337" lon="-48.621365"><ele>7.300000000000001</ele></trkpt><trkpt lat="-27.000496666666663" lon="-48.62136999999999"><ele>7.1</ele></trkpt><trkpt lat="-27.000496666666663" lon="-48.621376666666656"><ele>6.9</ele></trkpt><trkpt lat="-27.000488333333337" lon="-48.621385"><ele>6.699999999999999</ele></trkpt><trkpt lat="-27.000481666666662" lon="-48.62139333333333"><ele>7</ele></trkpt><trkpt lat="-27.000471666666666" lon="-48.621399999999994"><ele>6.9</ele></trkpt><trkpt lat="-27.00046166666667" lon="-48.62140666666666"><ele>6.6</ele></trkpt><trkpt lat="-27.000453333333333" lon="-48.62141833333333"><ele>5.800000000000001</ele></trkpt><trkpt lat="-27.00044833333333" lon="-48.621425"><ele>5.6</ele></trkpt><trkpt lat="-27.000445" lon="-48.62143"><ele>5.5</ele></trkpt><trkpt lat="-27.000445" lon="-48.62143833333333"><ele>5.5</ele></trkpt><trkpt lat="-27.000445" lon="-48.62143833333333"><ele>5.5</ele></trkpt><trkpt lat="-27.000453333333333" lon="-48.621446666666664"><ele>5.2</ele></trkpt><trkpt lat="-27.00046166666667" lon="-48.62144166666667"><ele>5.300000000000001</ele></trkpt><trkpt lat="-27.000468333333334" lon="-48.62143666666666"><ele>5.1</ele></trkpt><trkpt lat="-27.000473333333336" lon="-48.621433333333336"><ele>5.1</ele></trkpt><trkpt lat="-27.000481666666662" lon="-48.621431666666666"><ele>5.2</ele></trkpt><trkpt lat="-27.00048333333333" lon="-48.62143666666666"><ele>5.2</ele></trkpt><trkpt lat="-27.00048333333333" lon="-48.62143666666666"><ele>5.2</ele></trkpt><trkpt lat="-27.00049" lon="-48.621444999999994"><ele>5.699999999999999</ele></trkpt><trkpt lat="-27.000486666666667" lon="-48.62145833333334"><ele>6.300000000000001</ele></trkpt><trkpt lat="-27.000473333333336" lon="-48.62147333333334"><ele>6.5</ele></trkpt><trkpt lat="-27.000453333333333" lon="-48.621491666666664"><ele>6.699999999999999</ele></trkpt><trkpt lat="-27.000426666666666" lon="-48.62151000000001"><ele>7.5</ele></trkpt><trkpt lat="-27.0004" lon="-48.62153"><ele>8.4</ele></trkpt><trkpt lat="-27.000381666666666" lon="-48.621545"><ele>9.3</ele></trkpt><trkpt lat="-27.000381666666666" lon="-48.621545"><ele>9.3</ele></trkpt><trkpt lat="-27.000368333333334" lon="-48.62155166666666"><ele>9.9</ele></trkpt><trkpt lat="-27.000366666666665" lon="-48.62154833333334"><ele>10.2</ele></trkpt><trkpt lat="-27.000365000000002" lon="-48.62154666666667"><ele>10</ele></trkpt><trkpt lat="-27.000363333333333" lon="-48.621545"><ele>9.799999999999999</ele></trkpt><trkpt lat="-27.00036" lon="-48.62154166666666"><ele>9.799999999999999</ele></trkpt><trkpt lat="-27.00036" lon="-48.62154166666666"><ele>9.799999999999999</ele></trkpt><trkpt lat="-27.00036" lon="-48.62154166666666"><ele>9.799999999999999</ele></trkpt><trkpt lat="-27.00035833333333" lon="-48.62154"><ele>9.799999999999999</ele></trkpt><trkpt lat="-27.00035833333333" lon="-48.62154"><ele>9.799999999999999</ele></trkpt><trkpt lat="-27.00035666666667" lon="-48.621545"><ele>9.799999999999999</ele></trkpt><trkpt lat="-27.00034833333333" lon="-48.621556666666656"><ele>9.799999999999999</ele></trkpt><trkpt lat="-27.000338333333335" lon="-48.621570000000006"><ele>9.5</ele></trkpt><trkpt lat="-27.00033" lon="-48.62157666666667"><ele>9.4</ele></trkpt><trkpt lat="-27.00032666666667" lon="-48.62159"><ele>9.2</ele></trkpt><trkpt lat="-27.000324999999997" lon="-48.62160000000001"><ele>9.2</ele></trkpt><trkpt lat="-27.000318333333333" lon="-48.62161166666667"><ele>8.7</ele></trkpt><trkpt lat="-27.000308333333336" lon="-48.621624999999995"><ele>8.1</ele></trkpt><trkpt lat="-27.000294999999998" lon="-48.62163833333334"><ele>7.800000000000001</ele></trkpt><trkpt lat="-27.000288333333334" lon="-48.62164500000001"><ele>7.199999999999999</ele></trkpt><trkpt lat="-27.000271666666663" lon="-48.62165333333334"><ele>6.199999999999999</ele></trkpt><trkpt lat="-27.000261666666667" lon="-48.621673333333334"><ele>6.300000000000001</ele></trkpt><trkpt lat="-27.000255" lon="-48.621695"><ele>6.699999999999999</ele></trkpt><trkpt lat="-27.000245000000003" lon="-48.62170833333333"><ele>6.800000000000001</ele></trkpt><trkpt lat="-27.000233333333334" lon="-48.62172833333334"><ele>7.1</ele></trkpt><trkpt lat="-27.000215000000004" lon="-48.62173833333333"><ele>6.5</ele></trkpt><trkpt lat="-27.000193333333332" lon="-48.621750000000006"><ele>7.1</ele></trkpt><trkpt lat="-27.000175" lon="-48.62176666666666"><ele>7.300000000000001</ele></trkpt><trkpt lat="-27.000156666666665" lon="-48.62178833333334"><ele>6.5</ele></trkpt><trkpt lat="-27.000135" lon="-48.62181166666666"><ele>7.199999999999999</ele></trkpt><trkpt lat="-27.000114999999997" lon="-48.62183166666667"><ele>7.9</ele></trkpt><trkpt lat="-27.000093333333332" lon="-48.62184833333334"><ele>7.300000000000001</ele></trkpt><trkpt lat="-27.000075" lon="-48.62186833333333"><ele>8.8</ele></trkpt><trkpt lat="-27.00006166666667" lon="-48.621885000000006"><ele>9.6</ele></trkpt><trkpt lat="-27.00004333333333" lon="-48.621900000000004"><ele>9.1</ele></trkpt><trkpt lat="-27.00002833333333" lon="-48.621925"><ele>9.4</ele></trkpt><trkpt lat="-27.00001666666667" lon="-48.62195333333334"><ele>9</ele></trkpt><trkpt lat="-26.99999833333333" lon="-48.62197833333333"><ele>9.2</ele></trkpt><trkpt lat="-26.999975000000003" lon="-48.62200166666666"><ele>9.2</ele></trkpt><trkpt lat="-26.99995" lon="-48.622025"><ele>9.9</ele></trkpt><trkpt lat="-26.99992333333333" lon="-48.62204666666666"><ele>10.7</ele></trkpt><trkpt lat="-26.999901666666666" lon="-48.62207166666667"><ele>11</ele></trkpt><trkpt lat="-26.99987833333333" lon="-48.62208666666667"><ele>12.2</ele></trkpt><trkpt lat="-26.999859999999998" lon="-48.62210833333334"><ele>12</ele></trkpt><trkpt lat="-26.999843333333335" lon="-48.62212666666666"><ele>11.7</ele></trkpt><trkpt lat="-26.99983333333333" lon="-48.62215166666667"><ele>11.6</ele></trkpt><trkpt lat="-26.99981833333333" lon="-48.62217333333333"><ele>12.2</ele></trkpt><trkpt lat="-26.99982" lon="-48.62219166666667"><ele>11.299999999999999</ele></trkpt><trkpt lat="-26.999825" lon="-48.62219666666667"><ele>11</ele></trkpt><trkpt lat="-26.999843333333335" lon="-48.622195"><ele>11</ele></trkpt><trkpt lat="-26.999855000000004" lon="-48.622188333333334"><ele>11.299999999999999</ele></trkpt><trkpt lat="-26.999865" lon="-48.62216333333334"><ele>10.799999999999999</ele></trkpt><trkpt lat="-26.999874999999996" lon="-48.62213"><ele>11.4</ele></trkpt><trkpt lat="-26.999889999999997" lon="-48.622105"><ele>12.5</ele></trkpt><trkpt lat="-26.99991" lon="-48.62207"><ele>13.1</ele></trkpt><trkpt lat="-26.999925" lon="-48.62204"><ele>13.2</ele></trkpt><trkpt lat="-26.999930000000003" lon="-48.622035000000004"><ele>14</ele></trkpt><trkpt lat="-26.999925" lon="-48.62202166666666"><ele>12.6</ele></trkpt><trkpt lat="-26.999916666666664" lon="-48.622015"><ele>12.299999999999999</ele></trkpt><trkpt lat="-26.999913333333332" lon="-48.62201333333334"><ele>12.1</ele></trkpt><trkpt lat="-26.99991" lon="-48.62201"><ele>11.799999999999999</ele></trkpt><trkpt lat="-26.999906666666668" lon="-48.62201333333334"><ele>11.6</ele></trkpt><trkpt lat="-26.999906666666668" lon="-48.622015"><ele>11.5</ele></trkpt><trkpt lat="-26.999901666666666" lon="-48.62200666666666"><ele>11.6</ele></trkpt><trkpt lat="-26.999900000000004" lon="-48.62200833333333"><ele>11.5</ele></trkpt><trkpt lat="-26.999900000000004" lon="-48.62199833333334"><ele>11.4</ele></trkpt><trkpt lat="-26.999889999999997" lon="-48.62199333333333"><ele>11.9</ele></trkpt><trkpt lat="-26.999889999999997" lon="-48.62199333333333"><ele>11.9</ele></trkpt><trkpt lat="-26.999889999999997" lon="-48.62199333333333"><ele>11.9</ele></trkpt><trkpt lat="-26.999889999999997" lon="-48.62199333333333"><ele>11.9</ele></trkpt><trkpt lat="-26.999889999999997" lon="-48.62199333333333"><ele>11.9</ele></trkpt><trkpt lat="-26.999889999999997" lon="-48.62199333333333"><ele>11.9</ele></trkpt><trkpt lat="-26.999889999999997" lon="-48.62199333333333"><ele>11.9</ele></trkpt><trkpt lat="-26.999889999999997" lon="-48.62199333333333"><ele>11.9</ele></trkpt><trkpt lat="-26.999889999999997" lon="-48.62199333333333"><ele>11.9</ele></trkpt><trkpt lat="-26.999889999999997" lon="-48.62199333333333"><ele>11.9</ele></trkpt><trkpt lat="-26.999889999999997" lon="-48.62199333333333"><ele>11.9</ele></trkpt><trkpt lat="-26.999889999999997" lon="-48.62199333333333"><ele>11.9</ele></trkpt><trkpt lat="-26.999889999999997" lon="-48.62199333333333"><ele>11.9</ele></trkpt><trkpt lat="-26.999889999999997" lon="-48.62199333333333"><ele>11.9</ele></trkpt><trkpt lat="-26.999889999999997" lon="-48.62199333333333"><ele>11.9</ele></trkpt><trkpt lat="-26.999889999999997" lon="-48.62199333333333"><ele>11.9</ele></trkpt><trkpt lat="-26.999889999999997" lon="-48.62199333333333"><ele>11.9</ele></trkpt><trkpt lat="-26.999883333333333" lon="-48.62200833333333"><ele>10.4</ele></trkpt><trkpt lat="-26.99988" lon="-48.62201"><ele>10.799999999999999</ele></trkpt><trkpt lat="-26.99987833333333" lon="-48.62201166666667"><ele>11.2</ele></trkpt><trkpt lat="-26.99987833333333" lon="-48.622015"><ele>11.4</ele></trkpt><trkpt lat="-26.999885000000003" lon="-48.62201833333334"><ele>11.299999999999999</ele></trkpt><trkpt lat="-26.99989333333333" lon="-48.62201833333334"><ele>11.299999999999999</ele></trkpt><trkpt lat="-26.99989333333333" lon="-48.62201833333334"><ele>11.299999999999999</ele></trkpt><trkpt lat="-26.99989333333333" lon="-48.62201833333334"><ele>11.299999999999999</ele></trkpt><trkpt lat="-26.99989333333333" lon="-48.62201833333334"><ele>11.299999999999999</ele></trkpt><trkpt lat="-26.99989333333333" lon="-48.62201833333334"><ele>11.299999999999999</ele></trkpt><trkpt lat="-26.99989333333333" lon="-48.62201833333334"><ele>11.299999999999999</ele></trkpt><trkpt lat="-26.999933333333335" lon="-48.62201166666667"><ele>9.9</ele></trkpt><trkpt lat="-26.99994" lon="-48.622020000000006"><ele>9.7</ele></trkpt><trkpt lat="-26.999946666666666" lon="-48.62204166666667"><ele>9.7</ele></trkpt><trkpt lat="-26.999945000000004" lon="-48.622074999999995"><ele>9.4</ele></trkpt><trkpt lat="-26.999918333333333" lon="-48.62209500000001"><ele>9.4</ele></trkpt><trkpt lat="-26.99989833333333" lon="-48.622115"><ele>8.9</ele></trkpt><trkpt lat="-26.99987" lon="-48.62214666666667"><ele>9.1</ele></trkpt><trkpt lat="-26.999838333333333" lon="-48.62217333333333"><ele>8.4</ele></trkpt><trkpt lat="-26.999799999999997" lon="-48.62219833333334"><ele>8.1</ele></trkpt><trkpt lat="-26.999771666666668" lon="-48.62222333333334"><ele>7.300000000000001</ele></trkpt><trkpt lat="-26.99974333333333" lon="-48.62224666666666"><ele>6.699999999999999</ele></trkpt><trkpt lat="-26.999716666666668" lon="-48.62226666666667"><ele>6.199999999999999</ele></trkpt><trkpt lat="-26.999676666666666" lon="-48.62228666666667"><ele>7.300000000000001</ele></trkpt><trkpt lat="-26.999646666666663" lon="-48.622301666666665"><ele>7.800000000000001</ele></trkpt><trkpt lat="-26.999624999999998" lon="-48.622323333333334"><ele>8.6</ele></trkpt><trkpt lat="-26.999604999999995" lon="-48.62233666666666"><ele>9.799999999999999</ele></trkpt><trkpt lat="-26.999591666666667" lon="-48.62235333333333"><ele>10.299999999999999</ele></trkpt><trkpt lat="-26.999595" lon="-48.62235833333334"><ele>10.6</ele></trkpt><trkpt lat="-26.9996" lon="-48.62235833333334"><ele>11</ele></trkpt><trkpt lat="-26.999603333333333" lon="-48.62235666666667"><ele>10.799999999999999</ele></trkpt><trkpt lat="-26.999603333333333" lon="-48.62235666666667"><ele>10.799999999999999</ele></trkpt><trkpt lat="-26.999604999999995" lon="-48.62235166666666"><ele>10.6</ele></trkpt><trkpt lat="-26.999603333333333" lon="-48.622350000000004"><ele>10.5</ele></trkpt><trkpt lat="-26.999601666666663" lon="-48.622344999999996"><ele>10.2</ele></trkpt><trkpt lat="-26.999601666666663" lon="-48.622344999999996"><ele>10.2</ele></trkpt><trkpt lat="-26.9996" lon="-48.62234"><ele>9.799999999999999</ele></trkpt><trkpt lat="-26.999601666666663" lon="-48.62233500000001"><ele>9.2</ele></trkpt><trkpt lat="-26.999603333333333" lon="-48.622325000000004"><ele>9.4</ele></trkpt><trkpt lat="-26.99959666666667" lon="-48.62231499999999"><ele>8.4</ele></trkpt><trkpt lat="-26.999595" lon="-48.62230833333333"><ele>8.2</ele></trkpt><trkpt lat="-26.999593333333337" lon="-48.622305000000004"><ele>7.9</ele></trkpt><trkpt lat="-26.999593333333337" lon="-48.622305000000004"><ele>7.9</ele></trkpt><trkpt lat="-26.999593333333337" lon="-48.622305000000004"><ele>7.9</ele></trkpt><trkpt lat="-26.999593333333337" lon="-48.622305000000004"><ele>7.9</ele></trkpt><trkpt lat="-26.999586666666666" lon="-48.62230666666666"><ele>5.699999999999999</ele></trkpt><trkpt lat="-26.999579999999998" lon="-48.62230833333333"><ele>5.800000000000001</ele></trkpt><trkpt lat="-26.999573333333334" lon="-48.62231"><ele>6.300000000000001</ele></trkpt><trkpt lat="-26.999565" lon="-48.62232166666666"><ele>5.800000000000001</ele></trkpt><trkpt lat="-26.999565" lon="-48.62232166666666"><ele>5.800000000000001</ele></trkpt><trkpt lat="-26.999558333333333" lon="-48.62233500000001"><ele>5.6</ele></trkpt><trkpt lat="-26.999555" lon="-48.622348333333335"><ele>5.6</ele></trkpt><trkpt lat="-26.999544999999998" lon="-48.622355"><ele>5.800000000000001</ele></trkpt><trkpt lat="-26.999534999999998" lon="-48.62236333333333"><ele>5.800000000000001</ele></trkpt><trkpt lat="-26.999525000000002" lon="-48.62236500000001"><ele>6</ele></trkpt><trkpt lat="-26.999518333333338" lon="-48.62236333333333"><ele>6.199999999999999</ele></trkpt><trkpt lat="-26.999513333333333" lon="-48.62236666666666"><ele>6.4</ele></trkpt><trkpt lat="-26.999513333333333" lon="-48.62236666666666"><ele>6.4</ele></trkpt><trkpt lat="-26.99950666666667" lon="-48.622368333333334"><ele>6.6</ele></trkpt><trkpt lat="-26.999503333333337" lon="-48.622370000000004"><ele>6.800000000000001</ele></trkpt><trkpt lat="-26.999505" lon="-48.622385"><ele>7.1</ele></trkpt><trkpt lat="-26.999505" lon="-48.6224"><ele>7.300000000000001</ele></trkpt><trkpt lat="-26.99951" lon="-48.62241000000001"><ele>7.199999999999999</ele></trkpt><trkpt lat="-26.99951" lon="-48.62241000000001"><ele>7.199999999999999</ele></trkpt><trkpt lat="-26.999518333333338" lon="-48.622415000000004"><ele>7.1</ele></trkpt><trkpt lat="-26.999518333333338" lon="-48.62240833333333"><ele>7.300000000000001</ele></trkpt><trkpt lat="-26.99951666666667" lon="-48.62240166666667"><ele>7.5</ele></trkpt><trkpt lat="-26.999513333333333" lon="-48.6224"><ele>8.1</ele></trkpt><trkpt lat="-26.99951" lon="-48.62239666666666"><ele>8.2</ele></trkpt><trkpt lat="-26.99951" lon="-48.62239666666666"><ele>8.2</ele></trkpt><trkpt lat="-26.99951" lon="-48.62239666666666"><ele>8.2</ele></trkpt><trkpt lat="-26.99951" lon="-48.62239666666666"><ele>8.2</ele></trkpt><trkpt lat="-26.999498333333335" lon="-48.62240166666667"><ele>8.4</ele></trkpt><trkpt lat="-26.999488333333336" lon="-48.622413333333334"><ele>8.5</ele></trkpt><trkpt lat="-26.999480000000002" lon="-48.62243"><ele>8.4</ele></trkpt><trkpt lat="-26.999465" lon="-48.62244666666667"><ele>8.2</ele></trkpt><trkpt lat="-26.999444999999998" lon="-48.62246333333333"><ele>8.2</ele></trkpt><trkpt lat="-26.99942" lon="-48.622485000000005"><ele>8.8</ele></trkpt><trkpt lat="-26.999406666666665" lon="-48.62251166666667"><ele>9</ele></trkpt><trkpt lat="-26.999388333333332" lon="-48.622538333333324"><ele>8.6</ele></trkpt><trkpt lat="-26.999366666666667" lon="-48.622565"><ele>8.2</ele></trkpt><trkpt lat="-26.999345" lon="-48.622593333333334"><ele>8.3</ele></trkpt><trkpt lat="-26.999323333333336" lon="-48.62261166666667"><ele>8.6</ele></trkpt><trkpt lat="-26.999308333333335" lon="-48.62262166666666"><ele>8.9</ele></trkpt><trkpt lat="-26.999298333333332" lon="-48.622618333333335"><ele>9</ele></trkpt><trkpt lat="-26.999293333333338" lon="-48.62261333333333"><ele>9.7</ele></trkpt><trkpt lat="-26.999286666666663" lon="-48.622614999999996"><ele>9.6</ele></trkpt><trkpt lat="-26.99928333333333" lon="-48.622614999999996"><ele>9.4</ele></trkpt><trkpt lat="-26.99928166666667" lon="-48.622614999999996"><ele>9.4</ele></trkpt><trkpt lat="-26.99928" lon="-48.62261333333333"><ele>9.3</ele></trkpt><trkpt lat="-26.99928" lon="-48.62261333333333"><ele>9.3</ele></trkpt><trkpt lat="-26.999274999999997" lon="-48.622614999999996"><ele>9</ele></trkpt><trkpt lat="-26.999271666666665" lon="-48.622616666666666"><ele>9</ele></trkpt><trkpt lat="-26.999270000000003" lon="-48.622614999999996"><ele>9.1</ele></trkpt><trkpt lat="-26.999266666666667" lon="-48.622614999999996"><ele>9.2</ele></trkpt><trkpt lat="-26.999266666666667" lon="-48.62261166666667"><ele>8.8</ele></trkpt><trkpt lat="-26.999266666666667" lon="-48.62261166666667"><ele>8.8</ele></trkpt><trkpt lat="-26.999266666666667" lon="-48.62261166666667"><ele>8.8</ele></trkpt><trkpt lat="-26.999266666666667" lon="-48.62261166666667"><ele>8.8</ele></trkpt><trkpt lat="-26.999261666666666" lon="-48.62263666666666"><ele>8</ele></trkpt><trkpt lat="-26.999248333333338" lon="-48.62265000000001"><ele>8.2</ele></trkpt><trkpt lat="-26.999235" lon="-48.62266833333333"><ele>8.1</ele></trkpt><trkpt lat="-26.999215000000003" lon="-48.62269333333334"><ele>7.300000000000001</ele></trkpt><trkpt lat="-26.99919333333333" lon="-48.62272166666666"><ele>7.9</ele></trkpt><trkpt lat="-26.99917833333333" lon="-48.622745"><ele>7</ele></trkpt><trkpt lat="-26.999158333333337" lon="-48.62277166666666"><ele>7</ele></trkpt><trkpt lat="-26.999140000000004" lon="-48.622800000000005"><ele>6.4</ele></trkpt><trkpt lat="-26.99912" lon="-48.62282333333333"><ele>5.800000000000001</ele></trkpt><trkpt lat="-26.9991" lon="-48.62285"><ele>5.300000000000001</ele></trkpt><trkpt lat="-26.999078333333333" lon="-48.62287500000001"><ele>4.9</ele></trkpt><trkpt lat="-26.999055" lon="-48.622901666666664"><ele>4.4</ele></trkpt><trkpt lat="-26.999041666666667" lon="-48.62292666666667"><ele>3.5</ele></trkpt><trkpt lat="-26.999023333333337" lon="-48.62296"><ele>2.7</ele></trkpt><trkpt lat="-26.99899833333333" lon="-48.62299666666666"><ele>2.6</ele></trkpt><trkpt lat="-26.998975000000005" lon="-48.623023333333336"><ele>2.6</ele></trkpt><trkpt lat="-26.998956666666665" lon="-48.62304166666666"><ele>2.6</ele></trkpt><trkpt lat="-26.998948333333335" lon="-48.62305500000001"><ele>2.4000000000000004</ele></trkpt><trkpt lat="-26.998948333333335" lon="-48.62305666666666"><ele>2.6</ele></trkpt><trkpt lat="-26.998945000000003" lon="-48.62306"><ele>2.9000000000000004</ele></trkpt><trkpt lat="-26.99894" lon="-48.62306"><ele>3.2</ele></trkpt><trkpt lat="-26.99894" lon="-48.62306"><ele>3.2</ele></trkpt><trkpt lat="-26.998935" lon="-48.62306166666667"><ele>3.4000000000000004</ele></trkpt><trkpt lat="-26.99893666666667" lon="-48.623066666666666"><ele>3.7</ele></trkpt><trkpt lat="-26.998933333333337" lon="-48.623066666666666"><ele>4.1</ele></trkpt><trkpt lat="-26.998933333333337" lon="-48.62307333333333"><ele>4.6</ele></trkpt><trkpt lat="-26.998935" lon="-48.623075"><ele>4.9</ele></trkpt><trkpt lat="-26.998935" lon="-48.62307333333333"><ele>5.2</ele></trkpt><trkpt lat="-26.998933333333337" lon="-48.62307166666666"><ele>5.4</ele></trkpt><trkpt lat="-26.998933333333337" lon="-48.62307166666666"><ele>5.4</ele></trkpt><trkpt lat="-26.998933333333337" lon="-48.62307166666666"><ele>5.4</ele></trkpt><trkpt lat="-26.998933333333337" lon="-48.62307166666666"><ele>5.4</ele></trkpt><trkpt lat="-26.998933333333337" lon="-48.62307166666666"><ele>5.4</ele></trkpt><trkpt lat="-26.998933333333337" lon="-48.62307166666666"><ele>5.4</ele></trkpt><trkpt lat="-26.998933333333337" lon="-48.62307166666666"><ele>5.4</ele></trkpt><trkpt lat="-26.99893666666667" lon="-48.62305166666667"><ele>6</ele></trkpt><trkpt lat="-26.99894" lon="-48.623043333333335"><ele>6.5</ele></trkpt><trkpt lat="-26.998948333333335" lon="-48.623038333333334"><ele>6.6</ele></trkpt><trkpt lat="-26.998949999999997" lon="-48.62303"><ele>7.1</ele></trkpt><trkpt lat="-26.998956666666665" lon="-48.623023333333336"><ele>7</ele></trkpt><trkpt lat="-26.998963333333336" lon="-48.62301833333333"><ele>7.1</ele></trkpt><trkpt lat="-26.99897" lon="-48.62301000000001"><ele>7.4</ele></trkpt><trkpt lat="-26.998971666666662" lon="-48.62300333333333"><ele>7.4</ele></trkpt><trkpt lat="-26.998973333333332" lon="-48.62299500000001"><ele>7.5</ele></trkpt><trkpt lat="-26.998973333333332" lon="-48.622988333333325"><ele>7.800000000000001</ele></trkpt><trkpt lat="-26.998976666666668" lon="-48.622985"><ele>7.699999999999999</ele></trkpt><trkpt lat="-26.99898166666667" lon="-48.622989999999994"><ele>7.800000000000001</ele></trkpt><trkpt lat="-26.99898166666667" lon="-48.622989999999994"><ele>7.800000000000001</ele></trkpt><trkpt lat="-26.998986666666664" lon="-48.622991666666664"><ele>8.1</ele></trkpt><trkpt lat="-26.998986666666664" lon="-48.62299500000001"><ele>8.4</ele></trkpt><trkpt lat="-26.998988333333333" lon="-48.62299333333333"><ele>8.7</ele></trkpt><trkpt lat="-26.998988333333333" lon="-48.62299333333333"><ele>8.7</ele></trkpt><trkpt lat="-26.998985" lon="-48.622989999999994"><ele>9</ele></trkpt><trkpt lat="-26.998985" lon="-48.62299333333333"><ele>9.3</ele></trkpt><trkpt lat="-26.998985" lon="-48.62299333333333"><ele>9.3</ele></trkpt><trkpt lat="-26.998973333333332" lon="-48.62301666666667"><ele>9.4</ele></trkpt><trkpt lat="-26.998960000000004" lon="-48.623038333333334"><ele>9.3</ele></trkpt><trkpt lat="-26.998941666666664" lon="-48.62306"><ele>9.6</ele></trkpt><trkpt lat="-26.998925" lon="-48.62308500000001"><ele>9.7</ele></trkpt><trkpt lat="-26.998910000000002" lon="-48.62310833333333"><ele>9.5</ele></trkpt><trkpt lat="-26.99889166666667" lon="-48.623133333333335"><ele>9.2</ele></trkpt><trkpt lat="-26.998873333333336" lon="-48.62315333333333"><ele>9</ele></trkpt><trkpt lat="-26.998855000000002" lon="-48.62316666666667"><ele>8.9</ele></trkpt><trkpt lat="-26.998836666666662" lon="-48.623173333333334"><ele>8.6</ele></trkpt><trkpt lat="-26.998836666666662" lon="-48.623173333333334"><ele>8.6</ele></trkpt><trkpt lat="-26.99883333333333" lon="-48.62317500000001"><ele>8.9</ele></trkpt><trkpt lat="-26.998835" lon="-48.62317666666666"><ele>8.6</ele></trkpt><trkpt lat="-26.998836666666662" lon="-48.62317666666666"><ele>8.2</ele></trkpt><trkpt lat="-26.998840000000005" lon="-48.623178333333335"><ele>7.9</ele></trkpt><trkpt lat="-26.998841666666667" lon="-48.623173333333334"><ele>7.699999999999999</ele></trkpt><trkpt lat="-26.998841666666667" lon="-48.623171666666664"><ele>7.6</ele></trkpt><trkpt lat="-26.998843333333337" lon="-48.623171666666664"><ele>7.4</ele></trkpt><trkpt lat="-26.998843333333337" lon="-48.623171666666664"><ele>7.4</ele></trkpt><trkpt lat="-26.998845" lon="-48.623171666666664"><ele>7.199999999999999</ele></trkpt><trkpt lat="-26.998843333333337" lon="-48.623171666666664"><ele>7</ele></trkpt><trkpt lat="-26.998843333333337" lon="-48.623171666666664"><ele>6.800000000000001</ele></trkpt><trkpt lat="-26.998843333333337" lon="-48.623171666666664"><ele>6.800000000000001</ele></trkpt><trkpt lat="-26.998843333333337" lon="-48.623171666666664"><ele>6.800000000000001</ele></trkpt><trkpt lat="-26.998836666666662" lon="-48.62318666666667"><ele>6.9</ele></trkpt><trkpt lat="-26.998836666666662" lon="-48.62318666666667"><ele>6.9</ele></trkpt><trkpt lat="-26.998829999999998" lon="-48.623195"><ele>7.4</ele></trkpt><trkpt lat="-26.998825000000004" lon="-48.62321166666667"><ele>7.199999999999999</ele></trkpt><trkpt lat="-26.998825000000004" lon="-48.62322833333333"><ele>7.199999999999999</ele></trkpt><trkpt lat="-26.998828333333336" lon="-48.62323666666666"><ele>7.300000000000001</ele></trkpt><trkpt lat="-26.998829999999998" lon="-48.62324"><ele>7.9</ele></trkpt><trkpt lat="-26.998829999999998" lon="-48.62324"><ele>7.9</ele></trkpt><trkpt lat="-26.998831666666668" lon="-48.62324"><ele>8.2</ele></trkpt><trkpt lat="-26.99883333333333" lon="-48.62324"><ele>8.2</ele></trkpt><trkpt lat="-26.998831666666668" lon="-48.62323500000001"><ele>8.3</ele></trkpt><trkpt lat="-26.99883333333333" lon="-48.62323500000001"><ele>8.3</ele></trkpt><trkpt lat="-26.998836666666662" lon="-48.62323833333333"><ele>8.2</ele></trkpt><trkpt lat="-26.99885" lon="-48.62324166666667"><ele>7.5</ele></trkpt><trkpt lat="-26.99885" lon="-48.62324666666667"><ele>7.5</ele></trkpt><trkpt lat="-26.99885" lon="-48.62324666666667"><ele>7.5</ele></trkpt><trkpt lat="-26.99885" lon="-48.62324666666667"><ele>7.5</ele></trkpt><trkpt lat="-26.99885" lon="-48.62324666666667"><ele>7.5</ele></trkpt><trkpt lat="-26.99885" lon="-48.62324666666667"><ele>7.5</ele></trkpt><trkpt lat="-26.99885" lon="-48.62324666666667"><ele>7.5</ele></trkpt><trkpt lat="-26.99885" lon="-48.62324666666667"><ele>7.5</ele></trkpt><trkpt lat="-26.99885" lon="-48.62324666666667"><ele>7.5</ele></trkpt><trkpt lat="-26.99885" lon="-48.62324666666667"><ele>7.5</ele></trkpt><trkpt lat="-26.99885" lon="-48.62324666666667"><ele>7.5</ele></trkpt><trkpt lat="-26.99885" lon="-48.62324666666667"><ele>7.5</ele></trkpt><trkpt lat="-26.99885" lon="-48.62324666666667"><ele>7.5</ele></trkpt><trkpt lat="-26.99879333333333" lon="-48.623214999999995"><ele>6.4</ele></trkpt><trkpt lat="-26.99877333333333" lon="-48.623203333333336"><ele>6</ele></trkpt><trkpt lat="-26.998755" lon="-48.62319333333333"><ele>5.800000000000001</ele></trkpt><trkpt lat="-26.998741666666668" lon="-48.623185"><ele>5.5</ele></trkpt><trkpt lat="-26.998741666666668" lon="-48.623185"><ele>5.5</ele></trkpt><trkpt lat="-26.998733333333334" lon="-48.623181666666675"><ele>5.4</ele></trkpt><trkpt lat="-26.998733333333334" lon="-48.623181666666675"><ele>5.4</ele></trkpt><trkpt lat="-26.998723333333334" lon="-48.623169999999995"><ele>5</ele></trkpt><trkpt lat="-26.998716666666663" lon="-48.62317500000001"><ele>4.800000000000001</ele></trkpt><trkpt lat="-26.99871333333333" lon="-48.62318666666667"><ele>4.6</ele></trkpt><trkpt lat="-26.99871" lon="-48.62319666666667"><ele>4.5</ele></trkpt><trkpt lat="-26.9987" lon="-48.623213333333325"><ele>4.4</ele></trkpt><trkpt lat="-26.998690000000003" lon="-48.62322166666666"><ele>3.9</ele></trkpt><trkpt lat="-26.99868333333333" lon="-48.623226666666675"><ele>3.4000000000000004</ele></trkpt><trkpt lat="-26.99867166666667" lon="-48.62323666666666"><ele>3.5</ele></trkpt><trkpt lat="-26.99866666666667" lon="-48.623245"><ele>4</ele></trkpt><trkpt lat="-26.998663333333337" lon="-48.62325166666666"><ele>4.300000000000001</ele></trkpt><trkpt lat="-26.998663333333337" lon="-48.62325333333333"><ele>4.800000000000001</ele></trkpt><trkpt lat="-26.99865666666667" lon="-48.623248333333336"><ele>5.6</ele></trkpt><trkpt lat="-26.99865666666667" lon="-48.623248333333336"><ele>5.6</ele></trkpt><trkpt lat="-26.998655" lon="-48.623245"><ele>6.4</ele></trkpt><trkpt lat="-26.99865666666667" lon="-48.62324333333333"><ele>6.800000000000001</ele></trkpt><trkpt lat="-26.998649999999998" lon="-48.62324333333333"><ele>7</ele></trkpt><trkpt lat="-26.99864166666667" lon="-48.62324166666667"><ele>7.5</ele></trkpt><trkpt lat="-26.998633333333334" lon="-48.62324166666667"><ele>7.699999999999999</ele></trkpt><trkpt lat="-26.998633333333334" lon="-48.62324166666667"><ele>7.699999999999999</ele></trkpt><trkpt lat="-26.998630000000002" lon="-48.62324"><ele>7.5</ele></trkpt><trkpt lat="-26.998630000000002" lon="-48.62324333333333"><ele>7.4</ele></trkpt><trkpt lat="-26.998631666666665" lon="-48.62325166666666"><ele>7.300000000000001</ele></trkpt><trkpt lat="-26.998630000000002" lon="-48.623261666666664"><ele>7.699999999999999</ele></trkpt><trkpt lat="-26.998628333333333" lon="-48.62327833333334"><ele>7.800000000000001</ele></trkpt><trkpt lat="-26.998618333333336" lon="-48.623295000000006"><ele>8.1</ele></trkpt><trkpt lat="-26.99860833333333" lon="-48.623308333333334"><ele>9.4</ele></trkpt><trkpt lat="-26.998600000000003" lon="-48.62332833333333"><ele>9.5</ele></trkpt><trkpt lat="-26.998591666666666" lon="-48.62333666666667"><ele>9.6</ele></trkpt><trkpt lat="-26.998588333333334" lon="-48.623335"><ele>9.9</ele></trkpt><trkpt lat="-26.99859333333333" lon="-48.623335"><ele>10</ele></trkpt><trkpt lat="-26.99859333333333" lon="-48.623335"><ele>10</ele></trkpt><trkpt lat="-26.998595" lon="-48.62333166666667"><ele>10.1</ele></trkpt><trkpt lat="-26.998595" lon="-48.62333166666667"><ele>10.1</ele></trkpt><trkpt lat="-26.998598333333334" lon="-48.62332833333333"><ele>10.1</ele></trkpt><trkpt lat="-26.998600000000003" lon="-48.62332500000001"><ele>10</ele></trkpt><trkpt lat="-26.998601666666666" lon="-48.62332500000001"><ele>10.2</ele></trkpt><trkpt lat="-26.998601666666666" lon="-48.62332500000001"><ele>10.2</ele></trkpt><trkpt lat="-26.998600000000003" lon="-48.623326666666664"><ele>10.2</ele></trkpt><trkpt lat="-26.998600000000003" lon="-48.62332833333333"><ele>10</ele></trkpt><trkpt lat="-26.998598333333334" lon="-48.62333166666667"><ele>9.9</ele></trkpt><trkpt lat="-26.998603333333335" lon="-48.62333"><ele>9.6</ele></trkpt><trkpt lat="-26.99861" lon="-48.62332833333333"><ele>9.6</ele></trkpt><trkpt lat="-26.99861166666667" lon="-48.62333"><ele>9.799999999999999</ele></trkpt><trkpt lat="-26.998616666666667" lon="-48.62333166666667"><ele>9.799999999999999</ele></trkpt><trkpt lat="-26.998616666666667" lon="-48.62333166666667"><ele>9.799999999999999</ele></trkpt><trkpt lat="-26.998616666666667" lon="-48.62333666666667"><ele>9.7</ele></trkpt><trkpt lat="-26.99862" lon="-48.62334166666666"><ele>9.6</ele></trkpt><trkpt lat="-26.99861166666667" lon="-48.62335500000001"><ele>9.7</ele></trkpt><trkpt lat="-26.998598333333334" lon="-48.62336833333334"><ele>9.9</ele></trkpt><trkpt lat="-26.99858166666667" lon="-48.62338833333333"><ele>9.5</ele></trkpt><trkpt lat="-26.998561666666667" lon="-48.623406666666675"><ele>9</ele></trkpt><trkpt lat="-26.998544999999996" lon="-48.62342166666667"><ele>8.6</ele></trkpt><trkpt lat="-26.99852333333333" lon="-48.623439999999995"><ele>7.6</ele></trkpt><trkpt lat="-26.998510000000003" lon="-48.623459999999994"><ele>6.199999999999999</ele></trkpt><trkpt lat="-26.998498333333334" lon="-48.62348166666667"><ele>3.7</ele></trkpt><trkpt lat="-26.998481666666667" lon="-48.62350166666667"><ele>2.7</ele></trkpt><trkpt lat="-26.998466666666666" lon="-48.62352166666666"><ele>1.6</ele></trkpt><trkpt lat="-26.99846" lon="-48.62353666666666"><ele>2.2</ele></trkpt><trkpt lat="-26.998456666666666" lon="-48.62353666666666"><ele>2.4000000000000004</ele></trkpt><trkpt lat="-26.998456666666666" lon="-48.62353666666666"><ele>2.4000000000000004</ele></trkpt><trkpt lat="-26.99845833333333" lon="-48.62354666666667"><ele>1.7000000000000002</ele></trkpt><trkpt lat="-26.99846" lon="-48.623549999999994"><ele>1.7000000000000002</ele></trkpt><trkpt lat="-26.99846" lon="-48.623553333333334"><ele>1.7000000000000002</ele></trkpt><trkpt lat="-26.99846" lon="-48.623553333333334"><ele>1.7000000000000002</ele></trkpt><trkpt lat="-26.99846" lon="-48.623553333333334"><ele>1.6</ele></trkpt><trkpt lat="-26.998465000000003" lon="-48.623553333333334"><ele>1.1</ele></trkpt><trkpt lat="-26.998465000000003" lon="-48.623553333333334"><ele>1.1</ele></trkpt><trkpt lat="-26.998468333333335" lon="-48.623553333333334"><ele>0.8</ele></trkpt><trkpt lat="-26.998463333333333" lon="-48.62356666666666"><ele>1.2000000000000002</ele></trkpt><trkpt lat="-26.99844666666667" lon="-48.62358833333333"><ele>1.7000000000000002</ele></trkpt><trkpt lat="-26.99843333333333" lon="-48.62360999999999"><ele>2.3</ele></trkpt><trkpt lat="-26.998415" lon="-48.623628333333336"><ele>3.2</ele></trkpt><trkpt lat="-26.998396666666668" lon="-48.62365"><ele>3.5</ele></trkpt><trkpt lat="-26.99838333333333" lon="-48.623666666666665"><ele>3.7</ele></trkpt><trkpt lat="-26.99837166666667" lon="-48.62368"><ele>3.3</ele></trkpt><trkpt lat="-26.998366666666666" lon="-48.62369166666667"><ele>3.9</ele></trkpt><trkpt lat="-26.998363333333334" lon="-48.62369"><ele>4.6</ele></trkpt><trkpt lat="-26.998363333333334" lon="-48.62369"><ele>4.6</ele></trkpt><trkpt lat="-26.998366666666666" lon="-48.62369166666667"><ele>5.4</ele></trkpt><trkpt lat="-26.99837" lon="-48.623695"><ele>5.800000000000001</ele></trkpt><trkpt lat="-26.99837166666667" lon="-48.62369666666667"><ele>6.4</ele></trkpt><trkpt lat="-26.998375000000003" lon="-48.62369333333333"><ele>5.800000000000001</ele></trkpt><trkpt lat="-26.998373333333333" lon="-48.623688333333334"><ele>4.800000000000001</ele></trkpt><trkpt lat="-26.998366666666666" lon="-48.62368166666667"><ele>4.6</ele></trkpt><trkpt lat="-26.998366666666666" lon="-48.62368166666667"><ele>4.6</ele></trkpt><trkpt lat="-26.99836" lon="-48.62367833333333"><ele>4.5</ele></trkpt><trkpt lat="-26.998355" lon="-48.62368"><ele>4.5</ele></trkpt><trkpt lat="-26.998348333333336" lon="-48.62369"><ele>4.5</ele></trkpt><trkpt lat="-26.998336666666667" lon="-48.62369833333334"><ele>4.9</ele></trkpt><trkpt lat="-26.998321666666666" lon="-48.623720000000006"><ele>5.6</ele></trkpt><trkpt lat="-26.998306666666668" lon="-48.62374166666667"><ele>6.199999999999999</ele></trkpt><trkpt lat="-26.998289999999997" lon="-48.623765000000006"><ele>7.9</ele></trkpt><trkpt lat="-26.998273333333334" lon="-48.623785"><ele>9</ele></trkpt><trkpt lat="-26.99826666666667" lon="-48.623799999999996"><ele>9.6</ele></trkpt><trkpt lat="-26.99826666666667" lon="-48.623798333333326"><ele>10.1</ele></trkpt><trkpt lat="-26.998265" lon="-48.62379666666667"><ele>11.2</ele></trkpt><trkpt lat="-26.99826333333333" lon="-48.62379166666666"><ele>11.799999999999999</ele></trkpt><trkpt lat="-26.99826333333333" lon="-48.62379166666666"><ele>11.799999999999999</ele></trkpt><trkpt lat="-26.998265" lon="-48.62378666666667"><ele>11.7</ele></trkpt><trkpt lat="-26.998261666666668" lon="-48.62378666666667"><ele>11.4</ele></trkpt><trkpt lat="-26.998256666666666" lon="-48.62378833333334"><ele>11.1</ele></trkpt><trkpt lat="-26.998258333333336" lon="-48.62378833333334"><ele>11.299999999999999</ele></trkpt><trkpt lat="-26.998258333333336" lon="-48.623785"><ele>11.6</ele></trkpt><trkpt lat="-26.998258333333336" lon="-48.623785"><ele>11.6</ele></trkpt><trkpt lat="-26.998258333333336" lon="-48.62378166666667"><ele>12</ele></trkpt><trkpt lat="-26.998256666666666" lon="-48.62378166666667"><ele>12.1</ele></trkpt><trkpt lat="-26.99825" lon="-48.623778333333334"><ele>12.9</ele></trkpt><trkpt lat="-26.99825" lon="-48.623778333333334"><ele>12.9</ele></trkpt><trkpt lat="-26.99825" lon="-48.623778333333334"><ele>12.9</ele></trkpt><trkpt lat="-26.99825" lon="-48.623778333333334"><ele>12.9</ele></trkpt><trkpt lat="-26.99825" lon="-48.623778333333334"><ele>12.9</ele></trkpt><trkpt lat="-26.99825" lon="-48.623778333333334"><ele>12.9</ele></trkpt><trkpt lat="-26.99825" lon="-48.623778333333334"><ele>12.9</ele></trkpt><trkpt lat="-26.99825" lon="-48.623778333333334"><ele>12.9</ele></trkpt><trkpt lat="-26.99825" lon="-48.623778333333334"><ele>12.9</ele></trkpt><trkpt lat="-26.99825" lon="-48.623778333333334"><ele>12.9</ele></trkpt><trkpt lat="-26.99822" lon="-48.62378999999999"><ele>12.4</ele></trkpt><trkpt lat="-26.99820833333333" lon="-48.62380666666666"><ele>12.2</ele></trkpt><trkpt lat="-26.998195000000003" lon="-48.623819999999995"><ele>12</ele></trkpt><trkpt lat="-26.998186666666665" lon="-48.62383333333334"><ele>12</ele></trkpt><trkpt lat="-26.99818" lon="-48.623846666666665"><ele>11.9</ele></trkpt><trkpt lat="-26.99817" lon="-48.62386166666667"><ele>11.5</ele></trkpt><trkpt lat="-26.998154999999997" lon="-48.62388333333333"><ele>11.1</ele></trkpt><trkpt lat="-26.998139999999996" lon="-48.62390833333334"><ele>10.6</ele></trkpt><trkpt lat="-26.998124999999998" lon="-48.623936666666665"><ele>9.6</ele></trkpt><trkpt lat="-26.998108333333334" lon="-48.62397166666666"><ele>7.800000000000001</ele></trkpt><trkpt lat="-26.998094999999996" lon="-48.62399833333334"><ele>6.6</ele></trkpt><trkpt lat="-26.998085" lon="-48.624028333333335"><ele>5.5</ele></trkpt><trkpt lat="-26.998066666666666" lon="-48.62405333333333"><ele>5.1</ele></trkpt><trkpt lat="-26.99805666666667" lon="-48.62407499999999"><ele>4.7</ele></trkpt><trkpt lat="-26.998038333333337" lon="-48.62409833333333"><ele>4.800000000000001</ele></trkpt><trkpt lat="-26.998026666666668" lon="-48.62411999999999"><ele>4.2</ele></trkpt><trkpt lat="-26.998016666666665" lon="-48.624138333333335"><ele>4.4</ele></trkpt><trkpt lat="-26.998004999999996" lon="-48.62414999999999"><ele>4.9</ele></trkpt><trkpt lat="-26.997989999999998" lon="-48.62415333333333"><ele>6.1</ele></trkpt><trkpt lat="-26.997989999999998" lon="-48.62415333333333"><ele>6.1</ele></trkpt><trkpt lat="-26.997985000000003" lon="-48.624155"><ele>6.800000000000001</ele></trkpt><trkpt lat="-26.997986666666666" lon="-48.62415333333333"><ele>7.1</ele></trkpt><trkpt lat="-26.997986666666666" lon="-48.624155"><ele>7.199999999999999</ele></trkpt><trkpt lat="-26.997986666666666" lon="-48.624159999999996"><ele>7.300000000000001</ele></trkpt><trkpt lat="-26.997986666666666" lon="-48.624161666666666"><ele>7.199999999999999</ele></trkpt><trkpt lat="-26.997986666666666" lon="-48.624161666666666"><ele>7</ele></trkpt><trkpt lat="-26.99798333333333" lon="-48.624159999999996"><ele>6.800000000000001</ele></trkpt><trkpt lat="-26.99798" lon="-48.62415666666667"><ele>6.699999999999999</ele></trkpt><trkpt lat="-26.997978333333336" lon="-48.62415333333333"><ele>6.5</ele></trkpt><trkpt lat="-26.997978333333336" lon="-48.62415333333333"><ele>6.5</ele></trkpt><trkpt lat="-26.997978333333336" lon="-48.62415333333333"><ele>6.5</ele></trkpt><trkpt lat="-26.997978333333336" lon="-48.62415333333333"><ele>6.5</ele></trkpt><trkpt lat="-26.997978333333336" lon="-48.62415333333333"><ele>6.5</ele></trkpt><trkpt lat="-26.997978333333336" lon="-48.62415333333333"><ele>6.5</ele></trkpt><trkpt lat="-26.997978333333336" lon="-48.62415333333333"><ele>6.5</ele></trkpt><trkpt lat="-26.997978333333336" lon="-48.62415333333333"><ele>6.5</ele></trkpt><trkpt lat="-26.997978333333336" lon="-48.62415333333333"><ele>6.5</ele></trkpt><trkpt lat="-26.997971666666665" lon="-48.62416666666666"><ele>7.199999999999999</ele></trkpt><trkpt lat="-26.997959999999996" lon="-48.62417833333334"><ele>7.4</ele></trkpt><trkpt lat="-26.997944999999998" lon="-48.62419666666666"><ele>7.800000000000001</ele></trkpt><trkpt lat="-26.997928333333334" lon="-48.62421833333333"><ele>8</ele></trkpt><trkpt lat="-26.997914999999995" lon="-48.62423999999999"><ele>8</ele></trkpt><trkpt lat="-26.99790833333333" lon="-48.62424666666667"><ele>7.699999999999999</ele></trkpt><trkpt lat="-26.997905" lon="-48.62425833333334"><ele>7.5</ele></trkpt><trkpt lat="-26.997905" lon="-48.62425833333334"><ele>7.5</ele></trkpt><trkpt lat="-26.997905" lon="-48.624261666666676"><ele>7</ele></trkpt><trkpt lat="-26.99790833333333" lon="-48.62426333333333"><ele>7.5</ele></trkpt><trkpt lat="-26.99790833333333" lon="-48.62426000000001"><ele>7.699999999999999</ele></trkpt><trkpt lat="-26.99791" lon="-48.62425833333334"><ele>7.800000000000001</ele></trkpt><trkpt lat="-26.99791" lon="-48.62425833333334"><ele>7.699999999999999</ele></trkpt><trkpt lat="-26.997911666666663" lon="-48.62425666666666"><ele>7.6</ele></trkpt><trkpt lat="-26.997911666666663" lon="-48.62425666666666"><ele>7.6</ele></trkpt><trkpt lat="-26.99790833333333" lon="-48.624253333333336"><ele>7.5</ele></trkpt><trkpt lat="-26.997899999999998" lon="-48.62426333333333"><ele>7.300000000000001</ele></trkpt><trkpt lat="-26.997896666666666" lon="-48.62428"><ele>7.4</ele></trkpt><trkpt lat="-26.99787666666667" lon="-48.62428499999999"><ele>7.699999999999999</ele></trkpt><trkpt lat="-26.99786" lon="-48.62429"><ele>8</ele></trkpt><trkpt lat="-26.997844999999998" lon="-48.62431"><ele>8</ele></trkpt><trkpt lat="-26.99783166666667" lon="-48.62432333333333"><ele>7.6</ele></trkpt><trkpt lat="-26.997823333333333" lon="-48.62433333333333"><ele>7</ele></trkpt><trkpt lat="-26.99781666666667" lon="-48.624343333333336"><ele>6</ele></trkpt><trkpt lat="-26.997794999999996" lon="-48.62435666666667"><ele>5.9</ele></trkpt><trkpt lat="-26.997783333333338" lon="-48.624365000000004"><ele>5.5</ele></trkpt><trkpt lat="-26.997768333333337" lon="-48.62438"><ele>5.2</ele></trkpt><trkpt lat="-26.997743333333332" lon="-48.62440333333334"><ele>5.4</ele></trkpt><trkpt lat="-26.997721666666667" lon="-48.62442833333333"><ele>4.800000000000001</ele></trkpt><trkpt lat="-26.997715000000003" lon="-48.62443499999999"><ele>4.7</ele></trkpt><trkpt lat="-26.99771333333333" lon="-48.624431666666666"><ele>5.2</ele></trkpt><trkpt lat="-26.99771333333333" lon="-48.624431666666666"><ele>5.300000000000001</ele></trkpt><trkpt lat="-26.997709999999998" lon="-48.624433333333336"><ele>5.800000000000001</ele></trkpt><trkpt lat="-26.997704999999996" lon="-48.62443499999999"><ele>6.199999999999999</ele></trkpt><trkpt lat="-26.997704999999996" lon="-48.62443499999999"><ele>6.199999999999999</ele></trkpt><trkpt lat="-26.997704999999996" lon="-48.62443666666666"><ele>6.4</ele></trkpt><trkpt lat="-26.997704999999996" lon="-48.62443666666666"><ele>6.800000000000001</ele></trkpt><trkpt lat="-26.997706666666666" lon="-48.62443499999999"><ele>7</ele></trkpt><trkpt lat="-26.997706666666666" lon="-48.62443666666666"><ele>7.1</ele></trkpt><trkpt lat="-26.997706666666666" lon="-48.62443666666666"><ele>7.199999999999999</ele></trkpt><trkpt lat="-26.997706666666666" lon="-48.62443833333334"><ele>7.4</ele></trkpt><trkpt lat="-26.997706666666666" lon="-48.62443833333334"><ele>7.4</ele></trkpt><trkpt lat="-26.997706666666666" lon="-48.62443833333334"><ele>7.4</ele></trkpt><trkpt lat="-26.997695" lon="-48.62444166666668"><ele>8.2</ele></trkpt><trkpt lat="-26.997685" lon="-48.624449999999996"><ele>8.1</ele></trkpt><trkpt lat="-26.997673333333335" lon="-48.624464999999994"><ele>8</ele></trkpt><trkpt lat="-26.997656666666664" lon="-48.62448166666666"><ele>7.800000000000001</ele></trkpt><trkpt lat="-26.997641666666663" lon="-48.62450333333333"><ele>7.800000000000001</ele></trkpt><trkpt lat="-26.997628333333335" lon="-48.62452666666666"><ele>8.3</ele></trkpt><trkpt lat="-26.99761" lon="-48.624545000000005"><ele>8.4</ele></trkpt><trkpt lat="-26.997596666666663" lon="-48.624565"><ele>8.8</ele></trkpt><trkpt lat="-26.997585000000004" lon="-48.62457833333333"><ele>9.2</ele></trkpt><trkpt lat="-26.99757833333333" lon="-48.62458166666667"><ele>9.7</ele></trkpt><trkpt lat="-26.997573333333335" lon="-48.624586666666666"><ele>9.9</ele></trkpt><trkpt lat="-26.997573333333335" lon="-48.624590000000005"><ele>10.1</ele></trkpt><trkpt lat="-26.997574999999998" lon="-48.62459333333333"><ele>10.2</ele></trkpt><trkpt lat="-26.997574999999998" lon="-48.62459333333333"><ele>10.2</ele></trkpt><trkpt lat="-26.997574999999998" lon="-48.624595"><ele>10.1</ele></trkpt><trkpt lat="-26.997576666666667" lon="-48.62459833333334"><ele>10.2</ele></trkpt><trkpt lat="-26.997580000000003" lon="-48.624599999999994"><ele>10.299999999999999</ele></trkpt><trkpt lat="-26.997585000000004" lon="-48.62460166666666"><ele>10.5</ele></trkpt><trkpt lat="-26.997586666666667" lon="-48.62460166666666"><ele>10.6</ele></trkpt><trkpt lat="-26.997586666666667" lon="-48.62460166666666"><ele>10.6</ele></trkpt><trkpt lat="-26.99759" lon="-48.62460333333333"><ele>10.7</ele></trkpt><trkpt lat="-26.99759333333333" lon="-48.624605"><ele>10.9</ele></trkpt><trkpt lat="-26.99759333333333" lon="-48.624605"><ele>10.9</ele></trkpt><trkpt lat="-26.99759333333333" lon="-48.624605"><ele>10.9</ele></trkpt><trkpt lat="-26.99759333333333" lon="-48.624605"><ele>10.9</ele></trkpt><trkpt lat="-26.99759333333333" lon="-48.624605"><ele>10.9</ele></trkpt><trkpt lat="-26.99759333333333" lon="-48.624605"><ele>10.9</ele></trkpt><trkpt lat="-26.99759333333333" lon="-48.624605"><ele>10.9</ele></trkpt><trkpt lat="-26.99759333333333" lon="-48.624605"><ele>10.9</ele></trkpt><trkpt lat="-26.99759333333333" lon="-48.624605"><ele>10.9</ele></trkpt><trkpt lat="-26.99759333333333" lon="-48.624605"><ele>10.9</ele></trkpt><trkpt lat="-26.99759333333333" lon="-48.624605"><ele>10.9</ele></trkpt><trkpt lat="-26.99759333333333" lon="-48.624605"><ele>10.9</ele></trkpt><trkpt lat="-26.99759333333333" lon="-48.624605"><ele>10.9</ele></trkpt><trkpt lat="-26.99759333333333" lon="-48.624605"><ele>10.9</ele></trkpt><trkpt lat="-26.99759333333333" lon="-48.624605"><ele>10.9</ele></trkpt><trkpt lat="-26.99759333333333" lon="-48.624605"><ele>10.9</ele></trkpt><trkpt lat="-26.99759333333333" lon="-48.624605"><ele>10.9</ele></trkpt><trkpt lat="-26.99759333333333" lon="-48.624605"><ele>10.9</ele></trkpt><trkpt lat="-26.99759333333333" lon="-48.624605"><ele>10.9</ele></trkpt><trkpt lat="-26.99759333333333" lon="-48.624605"><ele>10.9</ele></trkpt><trkpt lat="-26.99759333333333" lon="-48.624605"><ele>10.9</ele></trkpt><trkpt lat="-26.99759333333333" lon="-48.624605"><ele>10.9</ele></trkpt><trkpt lat="-26.997523333333334" lon="-48.62461499999999"><ele>7.6</ele></trkpt><trkpt lat="-26.997513333333337" lon="-48.62461833333334"><ele>7.6</ele></trkpt><trkpt lat="-26.997508333333332" lon="-48.62462166666666"><ele>7.6</ele></trkpt><trkpt lat="-26.99750166666667" lon="-48.624631666666666"><ele>7.5</ele></trkpt><trkpt lat="-26.997498333333336" lon="-48.62464"><ele>7.4</ele></trkpt><trkpt lat="-26.9975" lon="-48.624644999999994"><ele>7.199999999999999</ele></trkpt><trkpt lat="-26.997496666666667" lon="-48.624644999999994"><ele>7.300000000000001</ele></trkpt><trkpt lat="-26.997490000000003" lon="-48.62464666666666"><ele>7.300000000000001</ele></trkpt><trkpt lat="-26.997486666666667" lon="-48.62464833333333"><ele>7.300000000000001</ele></trkpt><trkpt lat="-26.997486666666667" lon="-48.62464833333333"><ele>7.300000000000001</ele></trkpt><trkpt lat="-26.997484999999998" lon="-48.62464833333333"><ele>7.300000000000001</ele></trkpt><trkpt lat="-26.997486666666667" lon="-48.62465166666666"><ele>7.300000000000001</ele></trkpt><trkpt lat="-26.997490000000003" lon="-48.62465333333333"><ele>7.300000000000001</ele></trkpt><trkpt lat="-26.997490000000003" lon="-48.62465333333333"><ele>7.300000000000001</ele></trkpt><trkpt lat="-26.997484999999998" lon="-48.62465166666666"><ele>7.4</ele></trkpt><trkpt lat="-26.997484999999998" lon="-48.62465166666666"><ele>7.4</ele></trkpt><trkpt lat="-26.997484999999998" lon="-48.62465166666666"><ele>7.4</ele></trkpt><trkpt lat="-26.997484999999998" lon="-48.62465166666666"><ele>7.4</ele></trkpt><trkpt lat="-26.997484999999998" lon="-48.62465166666666"><ele>7.4</ele></trkpt><trkpt lat="-26.997484999999998" lon="-48.62465166666666"><ele>7.4</ele></trkpt><trkpt lat="-26.997484999999998" lon="-48.62465166666666"><ele>7.4</ele></trkpt><trkpt lat="-26.997475" lon="-48.624680000000005"><ele>8.3</ele></trkpt><trkpt lat="-26.997468333333337" lon="-48.62468166666666"><ele>8.2</ele></trkpt><trkpt lat="-26.99746" lon="-48.62468666666667"><ele>8.6</ele></trkpt><trkpt lat="-26.997446666666665" lon="-48.62469666666666"><ele>8.8</ele></trkpt><trkpt lat="-26.997431666666664" lon="-48.62470166666667"><ele>8.9</ele></trkpt><trkpt lat="-26.997415" lon="-48.62471666666667"><ele>9.4</ele></trkpt><trkpt lat="-26.997394999999997" lon="-48.62474666666667"><ele>9.3</ele></trkpt><trkpt lat="-26.997378333333337" lon="-48.624766666666666"><ele>9.2</ele></trkpt><trkpt lat="-26.997356666666665" lon="-48.62478666666666"><ele>9</ele></trkpt><trkpt lat="-26.997335" lon="-48.62480833333334"><ele>9</ele></trkpt><trkpt lat="-26.997325" lon="-48.62482166666667"><ele>8.6</ele></trkpt><trkpt lat="-26.997315000000004" lon="-48.62484166666666"><ele>8.5</ele></trkpt><trkpt lat="-26.997306666666667" lon="-48.624860000000005"><ele>8.2</ele></trkpt><trkpt lat="-26.997283333333332" lon="-48.62487833333333"><ele>7.9</ele></trkpt><trkpt lat="-26.997270000000004" lon="-48.62489000000001"><ele>7.699999999999999</ele></trkpt><trkpt lat="-26.997265000000002" lon="-48.624901666666666"><ele>7.5</ele></trkpt><trkpt lat="-26.997253333333333" lon="-48.624905000000005"><ele>6.6</ele></trkpt><trkpt lat="-26.99724666666667" lon="-48.624914999999994"><ele>5.9</ele></trkpt><trkpt lat="-26.997238333333332" lon="-48.62492333333333"><ele>5.699999999999999</ele></trkpt><trkpt lat="-26.997238333333332" lon="-48.62492333333333"><ele>5.699999999999999</ele></trkpt><trkpt lat="-26.997231666666668" lon="-48.62492833333334"><ele>5.699999999999999</ele></trkpt><trkpt lat="-26.997228333333336" lon="-48.62493333333334"><ele>5.9</ele></trkpt><trkpt lat="-26.997226666666666" lon="-48.62493833333333"><ele>6.300000000000001</ele></trkpt><trkpt lat="-26.997226666666666" lon="-48.62494166666667"><ele>6.800000000000001</ele></trkpt><trkpt lat="-26.997228333333336" lon="-48.62494166666667"><ele>7</ele></trkpt><trkpt lat="-26.997228333333336" lon="-48.624946666666666"><ele>7.5</ele></trkpt><trkpt lat="-26.997225000000004" lon="-48.624950000000005"><ele>8.2</ele></trkpt><trkpt lat="-26.997223333333334" lon="-48.624955"><ele>8.7</ele></trkpt><trkpt lat="-26.997223333333334" lon="-48.624959999999994"><ele>9.3</ele></trkpt><trkpt lat="-26.997223333333334" lon="-48.624959999999994"><ele>9.3</ele></trkpt><trkpt lat="-26.997223333333334" lon="-48.624959999999994"><ele>9.3</ele></trkpt><trkpt lat="-26.997223333333334" lon="-48.624959999999994"><ele>9.3</ele></trkpt><trkpt lat="-26.997223333333334" lon="-48.624959999999994"><ele>9.3</ele></trkpt><trkpt lat="-26.997223333333334" lon="-48.624959999999994"><ele>9.3</ele></trkpt><trkpt lat="-26.997223333333334" lon="-48.624959999999994"><ele>9.3</ele></trkpt><trkpt lat="-26.997223333333334" lon="-48.624959999999994"><ele>9.3</ele></trkpt><trkpt lat="-26.997223333333334" lon="-48.624959999999994"><ele>9.3</ele></trkpt><trkpt lat="-26.997223333333334" lon="-48.624959999999994"><ele>9.3</ele></trkpt><trkpt lat="-26.997210000000003" lon="-48.624995000000006"><ele>11.9</ele></trkpt><trkpt lat="-26.99720166666667" lon="-48.62501166666666"><ele>12.7</ele></trkpt><trkpt lat="-26.997184999999998" lon="-48.62502666666666"><ele>13.1</ele></trkpt><trkpt lat="-26.997161666666663" lon="-48.62504333333333"><ele>13.299999999999999</ele></trkpt><trkpt lat="-26.997141666666668" lon="-48.625055"><ele>13</ele></trkpt><trkpt lat="-26.997121666666665" lon="-48.62507000000001"><ele>13.299999999999999</ele></trkpt><trkpt lat="-26.99710333333333" lon="-48.625085000000006"><ele>13.4</ele></trkpt><trkpt lat="-26.997096666666668" lon="-48.625096666666664"><ele>13.1</ele></trkpt><trkpt lat="-26.99708333333333" lon="-48.62510666666667"><ele>12.1</ele></trkpt><trkpt lat="-26.99707166666667" lon="-48.62511166666666"><ele>11.9</ele></trkpt><trkpt lat="-26.997061666666664" lon="-48.62511833333333"><ele>12.1</ele></trkpt><trkpt lat="-26.997061666666664" lon="-48.62512333333334"><ele>11.9</ele></trkpt><trkpt lat="-26.997065" lon="-48.625128333333336"><ele>12.299999999999999</ele></trkpt><trkpt lat="-26.997065" lon="-48.625128333333336"><ele>12.299999999999999</ele></trkpt><trkpt lat="-26.99706833333333" lon="-48.62513333333333"><ele>12.7</ele></trkpt><trkpt lat="-26.997073333333333" lon="-48.625135"><ele>12.2</ele></trkpt><trkpt lat="-26.997076666666665" lon="-48.625141666666664"><ele>11.7</ele></trkpt><trkpt lat="-26.997081666666666" lon="-48.62515166666667"><ele>11.4</ele></trkpt><trkpt lat="-26.997081666666666" lon="-48.62515499999999"><ele>11.1</ele></trkpt><trkpt lat="-26.997081666666666" lon="-48.62515499999999"><ele>11.1</ele></trkpt><trkpt lat="-26.997078333333334" lon="-48.62516000000001"><ele>10.799999999999999</ele></trkpt><trkpt lat="-26.99706833333333" lon="-48.62516666666667"><ele>11.2</ele></trkpt><trkpt lat="-26.99705666666667" lon="-48.625173333333336"><ele>12.1</ele></trkpt><trkpt lat="-26.997036666666666" lon="-48.62518"><ele>13.4</ele></trkpt><trkpt lat="-26.997015" lon="-48.62518333333334"><ele>13.7</ele></trkpt><trkpt lat="-26.997003333333335" lon="-48.62518"><ele>15.299999999999999</ele></trkpt><trkpt lat="-26.99699666666667" lon="-48.62517833333333"><ele>16.5</ele></trkpt><trkpt lat="-26.99699666666667" lon="-48.62517833333333"><ele>16.5</ele></trkpt><trkpt lat="-26.996989999999997" lon="-48.62517666666666"><ele>17</ele></trkpt><trkpt lat="-26.996986666666665" lon="-48.62517166666667"><ele>17</ele></trkpt><trkpt lat="-26.99698" lon="-48.625175000000006"><ele>17.2</ele></trkpt><trkpt lat="-26.996973333333337" lon="-48.625175000000006"><ele>17.400000000000002</ele></trkpt><trkpt lat="-26.99697" lon="-48.62518"><ele>17.700000000000003</ele></trkpt><trkpt lat="-26.99697" lon="-48.62518"><ele>17.700000000000003</ele></trkpt><trkpt lat="-26.99696666666667" lon="-48.62518166666667"><ele>17.700000000000003</ele></trkpt><trkpt lat="-26.996958333333335" lon="-48.625188333333334"><ele>17.900000000000002</ele></trkpt><trkpt lat="-26.996941666666665" lon="-48.625195"><ele>17.8</ele></trkpt><trkpt lat="-26.996928333333337" lon="-48.62520500000001"><ele>17.5</ele></trkpt><trkpt lat="-26.996925" lon="-48.625220000000006"><ele>16.7</ele></trkpt><trkpt lat="-26.99693" lon="-48.625229999999995"><ele>17.1</ele></trkpt><trkpt lat="-26.996935" lon="-48.625235"><ele>17</ele></trkpt><trkpt lat="-26.996935" lon="-48.62524166666667"><ele>16.900000000000002</ele></trkpt><trkpt lat="-26.996938333333333" lon="-48.62525000000001"><ele>16.3</ele></trkpt><trkpt lat="-26.996943333333334" lon="-48.625251666666664"><ele>16.6</ele></trkpt><trkpt lat="-26.996944999999997" lon="-48.62524833333334"><ele>16.400000000000002</ele></trkpt><trkpt lat="-26.996946666666666" lon="-48.62524833333334"><ele>16.3</ele></trkpt><trkpt lat="-26.996950000000002" lon="-48.62524833333334"><ele>16.5</ele></trkpt><trkpt lat="-26.996953333333334" lon="-48.62525333333333"><ele>16.6</ele></trkpt><trkpt lat="-26.996958333333335" lon="-48.62526"><ele>16.900000000000002</ele></trkpt><trkpt lat="-26.996961666666667" lon="-48.625263333333336"><ele>17.2</ele></trkpt><trkpt lat="-26.996961666666667" lon="-48.625263333333336"><ele>17.2</ele></trkpt><trkpt lat="-26.996961666666667" lon="-48.625263333333336"><ele>17.2</ele></trkpt><trkpt lat="-26.996961666666667" lon="-48.625263333333336"><ele>17.2</ele></trkpt><trkpt lat="-26.996961666666667" lon="-48.625263333333336"><ele>17.2</ele></trkpt><trkpt lat="-26.996961666666667" lon="-48.625263333333336"><ele>17.2</ele></trkpt><trkpt lat="-26.996961666666667" lon="-48.625263333333336"><ele>17.2</ele></trkpt><trkpt lat="-26.996961666666667" lon="-48.625263333333336"><ele>17.2</ele></trkpt><trkpt lat="-26.996961666666667" lon="-48.625263333333336"><ele>17.2</ele></trkpt><trkpt lat="-26.996961666666667" lon="-48.625263333333336"><ele>17.2</ele></trkpt><trkpt lat="-26.996959999999998" lon="-48.62529166666666"><ele>16.3</ele></trkpt><trkpt lat="-26.996953333333334" lon="-48.625310000000006"><ele>17.2</ele></trkpt><trkpt lat="-26.99693666666667" lon="-48.625325000000004"><ele>17.1</ele></trkpt><trkpt lat="-26.99692166666667" lon="-48.62533833333334"><ele>17</ele></trkpt><trkpt lat="-26.996893333333333" lon="-48.62534333333333"><ele>16.6</ele></trkpt><trkpt lat="-26.996866666666666" lon="-48.625345"><ele>16.2</ele></trkpt><trkpt lat="-26.99684333333333" lon="-48.62535333333334"><ele>15.9</ele></trkpt><trkpt lat="-26.996823333333335" lon="-48.62535666666666"><ele>15.4</ele></trkpt><trkpt lat="-26.996805000000002" lon="-48.62536333333334"><ele>14.9</ele></trkpt><trkpt lat="-26.99678666666667" lon="-48.62537333333333"><ele>14.5</ele></trkpt><trkpt lat="-26.99678666666667" lon="-48.62537333333333"><ele>14.5</ele></trkpt><trkpt lat="-26.99677166666667" lon="-48.62537833333334"><ele>14.4</ele></trkpt><trkpt lat="-26.996760000000002" lon="-48.62538166666666"><ele>14</ele></trkpt><trkpt lat="-26.996755" lon="-48.625386666666664"><ele>13.7</ele></trkpt><trkpt lat="-26.99675333333333" lon="-48.62538833333333"><ele>13.799999999999999</ele></trkpt><trkpt lat="-26.996748333333336" lon="-48.62539"><ele>13.6</ele></trkpt><trkpt lat="-26.996748333333336" lon="-48.62539333333334"><ele>13.7</ele></trkpt><trkpt lat="-26.996746666666663" lon="-48.62539333333334"><ele>13.9</ele></trkpt><trkpt lat="-26.996746666666663" lon="-48.62539333333334"><ele>13.9</ele></trkpt><trkpt lat="-26.99674333333333" lon="-48.62539666666667"><ele>13.9</ele></trkpt><trkpt lat="-26.996733333333335" lon="-48.62540333333333"><ele>13.6</ele></trkpt><trkpt lat="-26.996718333333334" lon="-48.625413333333334"><ele>13.6</ele></trkpt><trkpt lat="-26.9967" lon="-48.62542333333334"><ele>13</ele></trkpt><trkpt lat="-26.996685000000003" lon="-48.62543666666667"><ele>12.6</ele></trkpt><trkpt lat="-26.996676666666666" lon="-48.625445000000006"><ele>12.5</ele></trkpt><trkpt lat="-26.996676666666666" lon="-48.625445000000006"><ele>12.5</ele></trkpt><trkpt lat="-26.996671666666664" lon="-48.625456666666665"><ele>11.799999999999999</ele></trkpt><trkpt lat="-26.99667" lon="-48.625460000000004"><ele>11.4</ele></trkpt><trkpt lat="-26.99667" lon="-48.62546166666666"><ele>10.7</ele></trkpt><trkpt lat="-26.996673333333334" lon="-48.625458333333334"><ele>10.9</ele></trkpt><trkpt lat="-26.99667833333333" lon="-48.62546166666666"><ele>10.9</ele></trkpt><trkpt lat="-26.996683333333333" lon="-48.62546666666667"><ele>10.7</ele></trkpt><trkpt lat="-26.996685000000003" lon="-48.625476666666664"><ele>10.5</ele></trkpt><trkpt lat="-26.996685000000003" lon="-48.625476666666664"><ele>10.5</ele></trkpt><trkpt lat="-26.996688333333335" lon="-48.62548666666667"><ele>10.4</ele></trkpt><trkpt lat="-26.99668166666667" lon="-48.625501666666665"><ele>10.299999999999999</ele></trkpt><trkpt lat="-26.996661666666668" lon="-48.62551666666666"><ele>10</ele></trkpt><trkpt lat="-26.996643333333335" lon="-48.62553"><ele>9.9</ele></trkpt><trkpt lat="-26.99662" lon="-48.625548333333334"><ele>10</ele></trkpt><trkpt lat="-26.996599999999997" lon="-48.62556333333334"><ele>9.9</ele></trkpt><trkpt lat="-26.99658" lon="-48.62557666666667"><ele>9.3</ele></trkpt><trkpt lat="-26.99656" lon="-48.6256"><ele>9.3</ele></trkpt><trkpt lat="-26.996541666666666" lon="-48.625615"><ele>9.6</ele></trkpt><trkpt lat="-26.996526666666668" lon="-48.625633333333326"><ele>9.6</ele></trkpt><trkpt lat="-26.99652" lon="-48.625648333333324"><ele>9.3</ele></trkpt><trkpt lat="-26.996523333333336" lon="-48.62565500000001"><ele>8.9</ele></trkpt><trkpt lat="-26.996523333333336" lon="-48.62565500000001"><ele>8.9</ele></trkpt><trkpt lat="-26.996528333333337" lon="-48.625658333333334"><ele>8.7</ele></trkpt><trkpt lat="-26.996528333333337" lon="-48.62565500000001"><ele>8.5</ele></trkpt><trkpt lat="-26.996525" lon="-48.62565166666666"><ele>8.5</ele></trkpt><trkpt lat="-26.996525" lon="-48.62565333333334"><ele>8.6</ele></trkpt><trkpt lat="-26.996525" lon="-48.62565500000001"><ele>8.8</ele></trkpt><trkpt lat="-26.996521666666663" lon="-48.625658333333334"><ele>9.1</ele></trkpt><trkpt lat="-26.99652" lon="-48.62566833333334"><ele>9.4</ele></trkpt><trkpt lat="-26.99652" lon="-48.62566833333334"><ele>9.4</ele></trkpt><trkpt lat="-26.996509999999997" lon="-48.625678333333326"><ele>9.799999999999999</ele></trkpt><trkpt lat="-26.99649833333334" lon="-48.62568666666666"><ele>10.799999999999999</ele></trkpt><trkpt lat="-26.996478333333336" lon="-48.62569666666666"><ele>11.5</ele></trkpt><trkpt lat="-26.996461666666665" lon="-48.625701666666664"><ele>12.1</ele></trkpt><trkpt lat="-26.996451666666665" lon="-48.625703333333334"><ele>11.299999999999999</ele></trkpt><trkpt lat="-26.996451666666665" lon="-48.62570666666667"><ele>11.5</ele></trkpt><trkpt lat="-26.996451666666665" lon="-48.62570666666667"><ele>11.5</ele></trkpt><trkpt lat="-26.996449999999996" lon="-48.62570833333333"><ele>11.799999999999999</ele></trkpt><trkpt lat="-26.996449999999996" lon="-48.62571"><ele>11.7</ele></trkpt><trkpt lat="-26.996448333333333" lon="-48.62571166666667"><ele>11.799999999999999</ele></trkpt><trkpt lat="-26.996446666666664" lon="-48.62571500000001"><ele>11.5</ele></trkpt><trkpt lat="-26.996446666666664" lon="-48.62571833333333"><ele>11.2</ele></trkpt><trkpt lat="-26.996443333333332" lon="-48.62572166666667"><ele>11.299999999999999</ele></trkpt><trkpt lat="-26.996443333333332" lon="-48.62572166666667"><ele>11.299999999999999</ele></trkpt><trkpt lat="-26.996438333333337" lon="-48.62572"><ele>11.6</ele></trkpt><trkpt lat="-26.996434999999998" lon="-48.625724999999996"><ele>11.799999999999999</ele></trkpt><trkpt lat="-26.99643" lon="-48.62573666666667"><ele>12.299999999999999</ele></trkpt><trkpt lat="-26.996421666666667" lon="-48.625750000000004"><ele>12.7</ele></trkpt><trkpt lat="-26.996416666666665" lon="-48.62576166666666"><ele>13.1</ele></trkpt><trkpt lat="-26.99640833333334" lon="-48.62577666666666"><ele>13.799999999999999</ele></trkpt><trkpt lat="-26.996395" lon="-48.62578666666666"><ele>14.1</ele></trkpt><trkpt lat="-26.996395" lon="-48.62578666666666"><ele>14.1</ele></trkpt><trkpt lat="-26.996386666666663" lon="-48.62579666666667"><ele>14.4</ele></trkpt><trkpt lat="-26.996378333333336" lon="-48.625795000000004"><ele>15</ele></trkpt><trkpt lat="-26.996378333333336" lon="-48.62579833333333"><ele>14.9</ele></trkpt><trkpt lat="-26.996376666666666" lon="-48.62580166666667"><ele>14.9</ele></trkpt><trkpt lat="-26.996373333333334" lon="-48.62580666666666"><ele>14.6</ele></trkpt><trkpt lat="-26.996373333333334" lon="-48.62580666666666"><ele>14.6</ele></trkpt><trkpt lat="-26.996371666666665" lon="-48.62580833333333"><ele>14.799999999999999</ele></trkpt><trkpt lat="-26.996365" lon="-48.62581166666667"><ele>14.9</ele></trkpt><trkpt lat="-26.996356666666664" lon="-48.62581166666667"><ele>14.9</ele></trkpt><trkpt lat="-26.996341666666662" lon="-48.625825"><ele>14.9</ele></trkpt><trkpt lat="-26.996341666666662" lon="-48.625825"><ele>14.9</ele></trkpt><trkpt lat="-26.996323333333333" lon="-48.62583500000001"><ele>14.7</ele></trkpt><trkpt lat="-26.996311666666664" lon="-48.62584833333334"><ele>13.9</ele></trkpt><trkpt lat="-26.99630666666667" lon="-48.62585000000001"><ele>14.4</ele></trkpt><trkpt lat="-26.996303333333337" lon="-48.62585333333333"><ele>14.1</ele></trkpt><trkpt lat="-26.996303333333337" lon="-48.62585333333333"><ele>14.1</ele></trkpt><trkpt lat="-26.996301666666668" lon="-48.62584833333334"><ele>13.7</ele></trkpt><trkpt lat="-26.996298333333336" lon="-48.62584166666667"><ele>13</ele></trkpt><trkpt lat="-26.996296666666662" lon="-48.62583333333334"><ele>12.4</ele></trkpt><trkpt lat="-26.996295" lon="-48.62582999999999"><ele>12.2</ele></trkpt><trkpt lat="-26.996291666666668" lon="-48.625828333333324"><ele>12</ele></trkpt><trkpt lat="-26.996291666666668" lon="-48.625828333333324"><ele>12</ele></trkpt><trkpt lat="-26.996286666666666" lon="-48.625825"><ele>11.9</ele></trkpt><trkpt lat="-26.996275" lon="-48.62582333333333"><ele>11.7</ele></trkpt><trkpt lat="-26.99626333333333" lon="-48.62582666666667"><ele>11.6</ele></trkpt><trkpt lat="-26.996251666666662" lon="-48.625845"><ele>11.5</ele></trkpt><trkpt lat="-26.996238333333334" lon="-48.625865000000005"><ele>10.4</ele></trkpt><trkpt lat="-26.996224999999995" lon="-48.625881666666665"><ele>9.2</ele></trkpt><trkpt lat="-26.99621666666667" lon="-48.62589833333333"><ele>8.4</ele></trkpt><trkpt lat="-26.996205" lon="-48.62591666666667"><ele>8</ele></trkpt><trkpt lat="-26.996194999999997" lon="-48.62593333333333"><ele>7.5</ele></trkpt><trkpt lat="-26.996188333333333" lon="-48.625949999999996"><ele>7.300000000000001</ele></trkpt><trkpt lat="-26.996178333333333" lon="-48.62596833333334"><ele>6.9</ele></trkpt><trkpt lat="-26.996166666666667" lon="-48.62598500000001"><ele>6</ele></trkpt><trkpt lat="-26.996148333333334" lon="-48.626005"><ele>6</ele></trkpt><trkpt lat="-26.99612666666667" lon="-48.62601500000001"><ele>6.300000000000001</ele></trkpt><trkpt lat="-26.996106666666666" lon="-48.626035"><ele>6.800000000000001</ele></trkpt><trkpt lat="-26.996090000000002" lon="-48.626054999999994"><ele>7.300000000000001</ele></trkpt><trkpt lat="-26.996076666666667" lon="-48.62608"><ele>7.6</ele></trkpt><trkpt lat="-26.996060000000003" lon="-48.626098333333324"><ele>7.9</ele></trkpt><trkpt lat="-26.99605" lon="-48.626125"><ele>8.8</ele></trkpt><trkpt lat="-26.996035" lon="-48.62614666666666"><ele>9.1</ele></trkpt><trkpt lat="-26.996018333333335" lon="-48.62616666666666"><ele>9.7</ele></trkpt><trkpt lat="-26.996005" lon="-48.62618166666666"><ele>9.6</ele></trkpt><trkpt lat="-26.99599166666667" lon="-48.62618333333333"><ele>10</ele></trkpt><trkpt lat="-26.995985000000005" lon="-48.626185"><ele>9.9</ele></trkpt><trkpt lat="-26.995974999999998" lon="-48.626188333333324"><ele>10.4</ele></trkpt><trkpt lat="-26.995973333333335" lon="-48.626189999999994"><ele>10</ele></trkpt><trkpt lat="-26.995974999999998" lon="-48.62619500000001"><ele>9.7</ele></trkpt><trkpt lat="-26.99598" lon="-48.626196666666665"><ele>8.9</ele></trkpt><trkpt lat="-26.99598" lon="-48.626196666666665"><ele>8.9</ele></trkpt><trkpt lat="-26.995981666666662" lon="-48.626198333333335"><ele>8.8</ele></trkpt><trkpt lat="-26.99598" lon="-48.626196666666665"><ele>8.6</ele></trkpt><trkpt lat="-26.99598" lon="-48.626196666666665"><ele>8.3</ele></trkpt><trkpt lat="-26.99597833333333" lon="-48.62619333333334"><ele>8.3</ele></trkpt><trkpt lat="-26.99597833333333" lon="-48.62619333333334"><ele>8.1</ele></trkpt><trkpt lat="-26.99597833333333" lon="-48.62619333333334"><ele>8.1</ele></trkpt><trkpt lat="-26.99597833333333" lon="-48.62619333333334"><ele>8.1</ele></trkpt><trkpt lat="-26.99597833333333" lon="-48.62619333333334"><ele>8.1</ele></trkpt><trkpt lat="-26.99597833333333" lon="-48.62619333333334"><ele>8.1</ele></trkpt><trkpt lat="-26.99597833333333" lon="-48.62619333333334"><ele>8.1</ele></trkpt><trkpt lat="-26.99597833333333" lon="-48.62619333333334"><ele>8.1</ele></trkpt><trkpt lat="-26.99597833333333" lon="-48.62619333333334"><ele>8.1</ele></trkpt><trkpt lat="-26.99597833333333" lon="-48.62619333333334"><ele>8.1</ele></trkpt><trkpt lat="-26.99597833333333" lon="-48.62619333333334"><ele>8.1</ele></trkpt><trkpt lat="-26.99597833333333" lon="-48.62619333333334"><ele>8.1</ele></trkpt><trkpt lat="-26.99597833333333" lon="-48.62619333333334"><ele>8.1</ele></trkpt><trkpt lat="-26.995929999999998" lon="-48.626180000000005"><ele>7.5</ele></trkpt><trkpt lat="-26.995915" lon="-48.626191666666664"><ele>7.699999999999999</ele></trkpt><trkpt lat="-26.9959" lon="-48.626200000000004"><ele>8</ele></trkpt><trkpt lat="-26.995893333333335" lon="-48.62620333333333"><ele>8.4</ele></trkpt><trkpt lat="-26.99589" lon="-48.626201666666674"><ele>8.8</ele></trkpt><trkpt lat="-26.99588833333333" lon="-48.626200000000004"><ele>8.8</ele></trkpt><trkpt lat="-26.99588833333333" lon="-48.626200000000004"><ele>8.8</ele></trkpt><trkpt lat="-26.99588833333333" lon="-48.626200000000004"><ele>8.9</ele></trkpt><trkpt lat="-26.995884999999998" lon="-48.626196666666665"><ele>9.1</ele></trkpt><trkpt lat="-26.995886666666667" lon="-48.626198333333335"><ele>9.1</ele></trkpt><trkpt lat="-26.99589166666666" lon="-48.62619500000001"><ele>9.2</ele></trkpt><trkpt lat="-26.99589166666666" lon="-48.62619500000001"><ele>9.2</ele></trkpt><trkpt lat="-26.995898333333336" lon="-48.62619500000001"><ele>9.2</ele></trkpt><trkpt lat="-26.995898333333336" lon="-48.62619500000001"><ele>9.2</ele></trkpt><trkpt lat="-26.995898333333336" lon="-48.62619500000001"><ele>9.2</ele></trkpt><trkpt lat="-26.995898333333336" lon="-48.62619500000001"><ele>9.2</ele></trkpt><trkpt lat="-26.995898333333336" lon="-48.62619500000001"><ele>9.2</ele></trkpt><trkpt lat="-26.995898333333336" lon="-48.62619500000001"><ele>9.2</ele></trkpt><trkpt lat="-26.995898333333336" lon="-48.62619500000001"><ele>9.2</ele></trkpt><trkpt lat="-26.995898333333336" lon="-48.62619500000001"><ele>9.2</ele></trkpt><trkpt lat="-26.995898333333336" lon="-48.62619500000001"><ele>9.2</ele></trkpt><trkpt lat="-26.995898333333336" lon="-48.62619500000001"><ele>9.2</ele></trkpt><trkpt lat="-26.995898333333336" lon="-48.62619500000001"><ele>9.2</ele></trkpt><trkpt lat="-26.995898333333336" lon="-48.62619500000001"><ele>9.2</ele></trkpt><trkpt lat="-26.995898333333336" lon="-48.62619500000001"><ele>9.2</ele></trkpt><trkpt lat="-26.995898333333336" lon="-48.62619500000001"><ele>9.2</ele></trkpt><trkpt lat="-26.995898333333336" lon="-48.62619500000001"><ele>9.2</ele></trkpt><trkpt lat="-26.995898333333336" lon="-48.62619500000001"><ele>9.2</ele></trkpt><trkpt lat="-26.995898333333336" lon="-48.62619500000001"><ele>9.2</ele></trkpt><trkpt lat="-26.995898333333336" lon="-48.62619500000001"><ele>9.2</ele></trkpt><trkpt lat="-26.995898333333336" lon="-48.62619500000001"><ele>9.2</ele></trkpt><trkpt lat="-26.995898333333336" lon="-48.62619500000001"><ele>9.2</ele></trkpt><trkpt lat="-26.995898333333336" lon="-48.62619500000001"><ele>9.2</ele></trkpt><trkpt lat="-26.995898333333336" lon="-48.62619500000001"><ele>9.2</ele></trkpt><trkpt lat="-26.995898333333336" lon="-48.62619500000001"><ele>9.2</ele></trkpt><trkpt lat="-26.995898333333336" lon="-48.62619500000001"><ele>9.2</ele></trkpt><trkpt lat="-26.995898333333336" lon="-48.62619500000001"><ele>9.2</ele></trkpt><trkpt lat="-26.995898333333336" lon="-48.62619500000001"><ele>9.2</ele></trkpt><trkpt lat="-26.995898333333336" lon="-48.62619500000001"><ele>9.2</ele></trkpt><trkpt lat="-26.995898333333336" lon="-48.62619500000001"><ele>9.2</ele></trkpt><trkpt lat="-26.995863333333332" lon="-48.62617"><ele>9</ele></trkpt><trkpt lat="-26.99586" lon="-48.62616166666667"><ele>9.3</ele></trkpt><trkpt lat="-26.99585666666667" lon="-48.62616333333334"><ele>9.3</ele></trkpt><trkpt lat="-26.995850000000004" lon="-48.62616166666667"><ele>9.4</ele></trkpt><trkpt lat="-26.995848333333335" lon="-48.62617166666667"><ele>9.3</ele></trkpt><trkpt lat="-26.99584333333333" lon="-48.626174999999996"><ele>9.1</ele></trkpt><trkpt lat="-26.995831666666664" lon="-48.626180000000005"><ele>8.3</ele></trkpt><trkpt lat="-26.995825" lon="-48.626185"><ele>7.800000000000001</ele></trkpt><trkpt lat="-26.995820000000002" lon="-48.626188333333324"><ele>7.6</ele></trkpt><trkpt lat="-26.995816666666663" lon="-48.626191666666664"><ele>7.1</ele></trkpt><trkpt lat="-26.995815" lon="-48.626189999999994"><ele>6.4</ele></trkpt><trkpt lat="-26.995816666666663" lon="-48.626191666666664"><ele>5.9</ele></trkpt><trkpt lat="-26.995820000000002" lon="-48.626191666666664"><ele>5.9</ele></trkpt><trkpt lat="-26.995820000000002" lon="-48.626191666666664"><ele>5.9</ele></trkpt><trkpt lat="-26.995825" lon="-48.62619333333334"><ele>5.699999999999999</ele></trkpt><trkpt lat="-26.995828333333332" lon="-48.626196666666665"><ele>5.800000000000001</ele></trkpt><trkpt lat="-26.995835000000003" lon="-48.62619333333334"><ele>6.199999999999999</ele></trkpt><trkpt lat="-26.995839999999998" lon="-48.626189999999994"><ele>6.699999999999999</ele></trkpt><trkpt lat="-26.995845" lon="-48.626189999999994"><ele>6.800000000000001</ele></trkpt><trkpt lat="-26.995848333333335" lon="-48.626189999999994"><ele>6.699999999999999</ele></trkpt><trkpt lat="-26.995848333333335" lon="-48.626189999999994"><ele>6.699999999999999</ele></trkpt><trkpt lat="-26.995848333333335" lon="-48.626189999999994"><ele>6.699999999999999</ele></trkpt><trkpt lat="-26.995848333333335" lon="-48.626189999999994"><ele>6.699999999999999</ele></trkpt><trkpt lat="-26.995848333333335" lon="-48.626189999999994"><ele>6.699999999999999</ele></trkpt><trkpt lat="-26.995848333333335" lon="-48.626189999999994"><ele>6.699999999999999</ele></trkpt><trkpt lat="-26.995848333333335" lon="-48.626189999999994"><ele>6.699999999999999</ele></trkpt><trkpt lat="-26.995848333333335" lon="-48.626189999999994"><ele>6.699999999999999</ele></trkpt><trkpt lat="-26.995848333333335" lon="-48.626189999999994"><ele>6.699999999999999</ele></trkpt><trkpt lat="-26.995848333333335" lon="-48.626189999999994"><ele>6.699999999999999</ele></trkpt><trkpt lat="-26.995848333333335" lon="-48.626189999999994"><ele>6.699999999999999</ele></trkpt><trkpt lat="-26.995848333333335" lon="-48.626189999999994"><ele>6.699999999999999</ele></trkpt><trkpt lat="-26.995848333333335" lon="-48.626189999999994"><ele>6.699999999999999</ele></trkpt><trkpt lat="-26.995848333333335" lon="-48.626189999999994"><ele>6.699999999999999</ele></trkpt><trkpt lat="-26.995848333333335" lon="-48.626189999999994"><ele>6.699999999999999</ele></trkpt><trkpt lat="-26.995848333333335" lon="-48.626189999999994"><ele>6.699999999999999</ele></trkpt><trkpt lat="-26.995848333333335" lon="-48.626189999999994"><ele>6.699999999999999</ele></trkpt><trkpt lat="-26.995848333333335" lon="-48.626189999999994"><ele>6.699999999999999</ele></trkpt><trkpt lat="-26.995848333333335" lon="-48.626189999999994"><ele>6.699999999999999</ele></trkpt><trkpt lat="-26.995848333333335" lon="-48.626189999999994"><ele>6.699999999999999</ele></trkpt><trkpt lat="-26.995848333333335" lon="-48.626189999999994"><ele>6.699999999999999</ele></trkpt><trkpt lat="-26.995848333333335" lon="-48.626189999999994"><ele>6.699999999999999</ele></trkpt><trkpt lat="-26.995848333333335" lon="-48.626189999999994"><ele>6.699999999999999</ele></trkpt><trkpt lat="-26.995848333333335" lon="-48.626189999999994"><ele>6.699999999999999</ele></trkpt><trkpt lat="-26.995848333333335" lon="-48.626189999999994"><ele>6.699999999999999</ele></trkpt><trkpt lat="-26.995848333333335" lon="-48.626189999999994"><ele>6.699999999999999</ele></trkpt><trkpt lat="-26.995848333333335" lon="-48.626189999999994"><ele>6.699999999999999</ele></trkpt><trkpt lat="-26.995848333333335" lon="-48.626189999999994"><ele>6.699999999999999</ele></trkpt><trkpt lat="-26.995848333333335" lon="-48.626189999999994"><ele>6.699999999999999</ele></trkpt><trkpt lat="-26.995848333333335" lon="-48.626189999999994"><ele>6.699999999999999</ele></trkpt><trkpt lat="-26.995848333333335" lon="-48.626189999999994"><ele>6.699999999999999</ele></trkpt><trkpt lat="-26.995848333333335" lon="-48.626189999999994"><ele>6.699999999999999</ele></trkpt><trkpt lat="-26.995848333333335" lon="-48.626189999999994"><ele>6.699999999999999</ele></trkpt><trkpt lat="-26.995848333333335" lon="-48.626189999999994"><ele>6.699999999999999</ele></trkpt><trkpt lat="-26.995848333333335" lon="-48.626189999999994"><ele>6.699999999999999</ele></trkpt><trkpt lat="-26.995848333333335" lon="-48.626189999999994"><ele>6.699999999999999</ele></trkpt><trkpt lat="-26.995848333333335" lon="-48.626189999999994"><ele>6.699999999999999</ele></trkpt><trkpt lat="-26.995848333333335" lon="-48.626189999999994"><ele>6.699999999999999</ele></trkpt><trkpt lat="-26.995848333333335" lon="-48.626189999999994"><ele>6.699999999999999</ele></trkpt><trkpt lat="-26.995848333333335" lon="-48.626189999999994"><ele>6.699999999999999</ele></trkpt><trkpt lat="-26.995848333333335" lon="-48.626189999999994"><ele>6.699999999999999</ele></trkpt><trkpt lat="-26.995848333333335" lon="-48.626189999999994"><ele>6.699999999999999</ele></trkpt><trkpt lat="-26.995848333333335" lon="-48.626189999999994"><ele>6.699999999999999</ele></trkpt><trkpt lat="-26.995848333333335" lon="-48.626189999999994"><ele>6.699999999999999</ele></trkpt><trkpt lat="-26.995848333333335" lon="-48.626189999999994"><ele>6.699999999999999</ele></trkpt><trkpt lat="-26.995848333333335" lon="-48.626189999999994"><ele>6.699999999999999</ele></trkpt><trkpt lat="-26.995848333333335" lon="-48.626189999999994"><ele>6.699999999999999</ele></trkpt><trkpt lat="-26.995848333333335" lon="-48.626189999999994"><ele>6.699999999999999</ele></trkpt><trkpt lat="-26.995848333333335" lon="-48.626189999999994"><ele>6.699999999999999</ele></trkpt><trkpt lat="-26.995848333333335" lon="-48.626189999999994"><ele>6.699999999999999</ele></trkpt><trkpt lat="-26.995848333333335" lon="-48.626189999999994"><ele>6.699999999999999</ele></trkpt><trkpt lat="-26.995848333333335" lon="-48.626189999999994"><ele>6.699999999999999</ele></trkpt><trkpt lat="-26.995848333333335" lon="-48.626189999999994"><ele>6.699999999999999</ele></trkpt><trkpt lat="-26.995848333333335" lon="-48.626189999999994"><ele>6.699999999999999</ele></trkpt><trkpt lat="-26.995848333333335" lon="-48.626189999999994"><ele>6.699999999999999</ele></trkpt><trkpt lat="-26.995848333333335" lon="-48.626189999999994"><ele>6.699999999999999</ele></trkpt><trkpt lat="-26.995848333333335" lon="-48.626189999999994"><ele>6.699999999999999</ele></trkpt><trkpt lat="-26.995848333333335" lon="-48.626189999999994"><ele>6.699999999999999</ele></trkpt><trkpt lat="-26.995848333333335" lon="-48.626189999999994"><ele>6.699999999999999</ele></trkpt><trkpt lat="-26.995848333333335" lon="-48.626189999999994"><ele>6.699999999999999</ele></trkpt><trkpt lat="-26.995848333333335" lon="-48.626189999999994"><ele>6.699999999999999</ele></trkpt><trkpt lat="-26.995848333333335" lon="-48.626189999999994"><ele>6.699999999999999</ele></trkpt><trkpt lat="-26.995848333333335" lon="-48.626189999999994"><ele>6.699999999999999</ele></trkpt><trkpt lat="-26.995848333333335" lon="-48.626189999999994"><ele>6.699999999999999</ele></trkpt><trkpt lat="-26.995848333333335" lon="-48.626189999999994"><ele>6.699999999999999</ele></trkpt><trkpt lat="-26.995848333333335" lon="-48.626189999999994"><ele>6.699999999999999</ele></trkpt><trkpt lat="-26.995848333333335" lon="-48.626189999999994"><ele>6.699999999999999</ele></trkpt><trkpt lat="-26.995848333333335" lon="-48.626189999999994"><ele>6.699999999999999</ele></trkpt><trkpt lat="-26.995848333333335" lon="-48.626189999999994"><ele>6.699999999999999</ele></trkpt><trkpt lat="-26.995848333333335" lon="-48.626189999999994"><ele>6.699999999999999</ele></trkpt><trkpt lat="-26.995848333333335" lon="-48.626189999999994"><ele>6.699999999999999</ele></trkpt><trkpt lat="-26.995848333333335" lon="-48.626189999999994"><ele>6.699999999999999</ele></trkpt><trkpt lat="-26.995848333333335" lon="-48.626189999999994"><ele>6.699999999999999</ele></trkpt><trkpt lat="-26.995848333333335" lon="-48.626189999999994"><ele>6.699999999999999</ele></trkpt><trkpt lat="-26.995848333333335" lon="-48.626189999999994"><ele>6.699999999999999</ele></trkpt><trkpt lat="-26.995848333333335" lon="-48.626189999999994"><ele>6.699999999999999</ele></trkpt><trkpt lat="-26.995848333333335" lon="-48.626189999999994"><ele>6.699999999999999</ele></trkpt><trkpt lat="-26.995848333333335" lon="-48.626189999999994"><ele>6.699999999999999</ele></trkpt><trkpt lat="-26.995848333333335" lon="-48.626189999999994"><ele>6.699999999999999</ele></trkpt><trkpt lat="-26.995848333333335" lon="-48.626189999999994"><ele>6.699999999999999</ele></trkpt><trkpt lat="-26.995848333333335" lon="-48.626189999999994"><ele>6.699999999999999</ele></trkpt><trkpt lat="-26.995848333333335" lon="-48.626189999999994"><ele>6.699999999999999</ele></trkpt><trkpt lat="-26.995848333333335" lon="-48.626189999999994"><ele>6.699999999999999</ele></trkpt><trkpt lat="-26.995848333333335" lon="-48.626189999999994"><ele>6.699999999999999</ele></trkpt><trkpt lat="-26.995848333333335" lon="-48.626189999999994"><ele>6.699999999999999</ele></trkpt><trkpt lat="-26.995848333333335" lon="-48.626189999999994"><ele>6.699999999999999</ele></trkpt><trkpt lat="-26.995848333333335" lon="-48.626189999999994"><ele>6.699999999999999</ele></trkpt><trkpt lat="-26.995848333333335" lon="-48.626189999999994"><ele>6.699999999999999</ele></trkpt><trkpt lat="-26.995848333333335" lon="-48.626189999999994"><ele>6.699999999999999</ele></trkpt><trkpt lat="-26.995848333333335" lon="-48.626189999999994"><ele>6.699999999999999</ele></trkpt><trkpt lat="-26.995848333333335" lon="-48.626189999999994"><ele>6.699999999999999</ele></trkpt><trkpt lat="-26.995848333333335" lon="-48.626189999999994"><ele>6.699999999999999</ele></trkpt><trkpt lat="-26.995848333333335" lon="-48.626189999999994"><ele>6.699999999999999</ele></trkpt><trkpt lat="-26.995848333333335" lon="-48.626189999999994"><ele>6.699999999999999</ele></trkpt><trkpt lat="-26.995848333333335" lon="-48.626189999999994"><ele>6.699999999999999</ele></trkpt><trkpt lat="-26.995848333333335" lon="-48.626189999999994"><ele>6.699999999999999</ele></trkpt><trkpt lat="-26.995848333333335" lon="-48.626189999999994"><ele>6.699999999999999</ele></trkpt><trkpt lat="-26.995848333333335" lon="-48.626189999999994"><ele>6.699999999999999</ele></trkpt><trkpt lat="-26.995848333333335" lon="-48.626189999999994"><ele>6.699999999999999</ele></trkpt><trkpt lat="-26.995848333333335" lon="-48.626189999999994"><ele>6.699999999999999</ele></trkpt><trkpt lat="-26.995848333333335" lon="-48.626189999999994"><ele>6.699999999999999</ele></trkpt><trkpt lat="-26.995848333333335" lon="-48.626189999999994"><ele>6.699999999999999</ele></trkpt><trkpt lat="-26.995848333333335" lon="-48.626189999999994"><ele>6.699999999999999</ele></trkpt><trkpt lat="-26.995848333333335" lon="-48.626189999999994"><ele>6.699999999999999</ele></trkpt><trkpt lat="-26.995848333333335" lon="-48.626189999999994"><ele>6.699999999999999</ele></trkpt><trkpt lat="-26.995848333333335" lon="-48.626189999999994"><ele>6.699999999999999</ele></trkpt><trkpt lat="-26.995848333333335" lon="-48.626189999999994"><ele>6.699999999999999</ele></trkpt><trkpt lat="-26.995848333333335" lon="-48.626189999999994"><ele>6.699999999999999</ele></trkpt><trkpt lat="-26.995848333333335" lon="-48.626189999999994"><ele>6.699999999999999</ele></trkpt><trkpt lat="-26.995848333333335" lon="-48.626189999999994"><ele>6.699999999999999</ele></trkpt><trkpt lat="-26.995848333333335" lon="-48.626189999999994"><ele>6.699999999999999</ele></trkpt><trkpt lat="-26.995848333333335" lon="-48.626189999999994"><ele>6.699999999999999</ele></trkpt><trkpt lat="-26.995848333333335" lon="-48.626189999999994"><ele>6.699999999999999</ele></trkpt><trkpt lat="-26.995848333333335" lon="-48.626189999999994"><ele>6.699999999999999</ele></trkpt><trkpt lat="-26.995848333333335" lon="-48.626189999999994"><ele>6.699999999999999</ele></trkpt><trkpt lat="-26.995848333333335" lon="-48.626189999999994"><ele>6.699999999999999</ele></trkpt><trkpt lat="-26.995848333333335" lon="-48.626189999999994"><ele>6.699999999999999</ele></trkpt><trkpt lat="-26.995848333333335" lon="-48.626189999999994"><ele>6.699999999999999</ele></trkpt><trkpt lat="-26.995848333333335" lon="-48.626189999999994"><ele>6.699999999999999</ele></trkpt><trkpt lat="-26.995848333333335" lon="-48.626189999999994"><ele>6.699999999999999</ele></trkpt><trkpt lat="-26.995848333333335" lon="-48.626189999999994"><ele>6.699999999999999</ele></trkpt><trkpt lat="-26.995848333333335" lon="-48.626189999999994"><ele>6.699999999999999</ele></trkpt><trkpt lat="-26.995848333333335" lon="-48.626189999999994"><ele>6.699999999999999</ele></trkpt><trkpt lat="-26.995848333333335" lon="-48.626189999999994"><ele>6.699999999999999</ele></trkpt><trkpt lat="-26.995848333333335" lon="-48.626189999999994"><ele>6.699999999999999</ele></trkpt><trkpt lat="-26.995848333333335" lon="-48.626189999999994"><ele>6.699999999999999</ele></trkpt><trkpt lat="-26.995848333333335" lon="-48.626189999999994"><ele>6.699999999999999</ele></trkpt><trkpt lat="-26.995848333333335" lon="-48.626189999999994"><ele>6.699999999999999</ele></trkpt><trkpt lat="-26.995848333333335" lon="-48.626189999999994"><ele>6.699999999999999</ele></trkpt><trkpt lat="-26.995848333333335" lon="-48.626189999999994"><ele>6.699999999999999</ele></trkpt><trkpt lat="-26.995848333333335" lon="-48.626189999999994"><ele>6.699999999999999</ele></trkpt><trkpt lat="-26.995848333333335" lon="-48.626189999999994"><ele>6.699999999999999</ele></trkpt><trkpt lat="-26.995848333333335" lon="-48.626189999999994"><ele>6.699999999999999</ele></trkpt><trkpt lat="-26.995848333333335" lon="-48.626189999999994"><ele>6.699999999999999</ele></trkpt><trkpt lat="-26.995848333333335" lon="-48.626189999999994"><ele>6.699999999999999</ele></trkpt><trkpt lat="-26.995848333333335" lon="-48.626189999999994"><ele>6.699999999999999</ele></trkpt><trkpt lat="-26.995848333333335" lon="-48.626189999999994"><ele>6.699999999999999</ele></trkpt><trkpt lat="-26.995848333333335" lon="-48.626189999999994"><ele>6.699999999999999</ele></trkpt><trkpt lat="-26.995848333333335" lon="-48.626189999999994"><ele>6.699999999999999</ele></trkpt><trkpt lat="-26.995848333333335" lon="-48.626189999999994"><ele>6.699999999999999</ele></trkpt><trkpt lat="-26.995848333333335" lon="-48.626189999999994"><ele>6.699999999999999</ele></trkpt><trkpt lat="-26.995848333333335" lon="-48.626189999999994"><ele>6.699999999999999</ele></trkpt><trkpt lat="-26.995848333333335" lon="-48.626189999999994"><ele>6.699999999999999</ele></trkpt><trkpt lat="-26.995848333333335" lon="-48.626189999999994"><ele>6.699999999999999</ele></trkpt><trkpt lat="-26.995848333333335" lon="-48.626189999999994"><ele>6.699999999999999</ele></trkpt><trkpt lat="-26.995848333333335" lon="-48.626189999999994"><ele>6.699999999999999</ele></trkpt><trkpt lat="-26.995848333333335" lon="-48.626189999999994"><ele>6.699999999999999</ele></trkpt><trkpt lat="-26.995848333333335" lon="-48.626189999999994"><ele>6.699999999999999</ele></trkpt><trkpt lat="-26.995848333333335" lon="-48.626189999999994"><ele>6.699999999999999</ele></trkpt><trkpt lat="-26.995848333333335" lon="-48.626189999999994"><ele>6.699999999999999</ele></trkpt><trkpt lat="-26.995848333333335" lon="-48.626189999999994"><ele>6.699999999999999</ele></trkpt><trkpt lat="-26.995848333333335" lon="-48.626189999999994"><ele>6.699999999999999</ele></trkpt><trkpt lat="-26.995848333333335" lon="-48.626189999999994"><ele>6.699999999999999</ele></trkpt><trkpt lat="-26.995848333333335" lon="-48.626189999999994"><ele>6.699999999999999</ele></trkpt><trkpt lat="-26.995848333333335" lon="-48.626189999999994"><ele>6.699999999999999</ele></trkpt><trkpt lat="-26.995831666666664" lon="-48.62622833333333"><ele>3.3</ele></trkpt><trkpt lat="-26.995820000000002" lon="-48.626243333333335"><ele>3</ele></trkpt><trkpt lat="-26.995806666666667" lon="-48.62626166666667"><ele>2.8</ele></trkpt><trkpt lat="-26.995794999999998" lon="-48.626275"><ele>2.5</ele></trkpt><trkpt lat="-26.995783333333332" lon="-48.626286666666665"><ele>2.6</ele></trkpt><trkpt lat="-26.995771666666663" lon="-48.62629333333333"><ele>2.9000000000000004</ele></trkpt><trkpt lat="-26.995758333333335" lon="-48.62630166666666"><ele>3.2</ele></trkpt><trkpt lat="-26.995748333333335" lon="-48.626313333333336"><ele>3.3</ele></trkpt><trkpt lat="-26.995748333333335" lon="-48.626313333333336"><ele>3.3</ele></trkpt><trkpt lat="-26.995741666666664" lon="-48.62632"><ele>3.2</ele></trkpt><trkpt lat="-26.995735" lon="-48.626323333333325"><ele>3.2</ele></trkpt><trkpt lat="-26.995730000000002" lon="-48.626326666666664"><ele>3.4000000000000004</ele></trkpt><trkpt lat="-26.995730000000002" lon="-48.62633000000001"><ele>3.4000000000000004</ele></trkpt><trkpt lat="-26.995731666666664" lon="-48.626333333333335"><ele>3.3</ele></trkpt><trkpt lat="-26.995731666666664" lon="-48.62633833333333"><ele>3.3</ele></trkpt><trkpt lat="-26.995730000000002" lon="-48.62634333333334"><ele>3.4000000000000004</ele></trkpt><trkpt lat="-26.995730000000002" lon="-48.62634833333333"><ele>3.9</ele></trkpt><trkpt lat="-26.995733333333337" lon="-48.62635333333333"><ele>4.4</ele></trkpt><trkpt lat="-26.995738333333332" lon="-48.62635333333333"><ele>4.800000000000001</ele></trkpt><trkpt lat="-26.995746666666665" lon="-48.626355"><ele>5.2</ele></trkpt><trkpt lat="-26.995751666666667" lon="-48.62635333333333"><ele>5.4</ele></trkpt><trkpt lat="-26.995751666666667" lon="-48.62635333333333"><ele>5.4</ele></trkpt><trkpt lat="-26.99575666666666" lon="-48.62635"><ele>5.6</ele></trkpt><trkpt lat="-26.99575333333333" lon="-48.626358333333336"><ele>6.1</ele></trkpt><trkpt lat="-26.995746666666665" lon="-48.626369999999994"><ele>6.9</ele></trkpt><trkpt lat="-26.995731666666664" lon="-48.626381666666674"><ele>7.300000000000001</ele></trkpt><trkpt lat="-26.995716666666667" lon="-48.62639666666667"><ele>7.5</ele></trkpt><trkpt lat="-26.99569166666667" lon="-48.62640833333333"><ele>8.4</ele></trkpt><trkpt lat="-26.99566333333333" lon="-48.626416666666664"><ele>8.4</ele></trkpt><trkpt lat="-26.99564666666667" lon="-48.62643333333334"><ele>8.7</ele></trkpt><trkpt lat="-26.99563333333333" lon="-48.62645166666666"><ele>7.699999999999999</ele></trkpt><trkpt lat="-26.99562166666666" lon="-48.62646333333334"><ele>7.6</ele></trkpt><trkpt lat="-26.995611666666665" lon="-48.626468333333335"><ele>8</ele></trkpt><trkpt lat="-26.995610000000003" lon="-48.62647333333333"><ele>8.2</ele></trkpt><trkpt lat="-26.995614999999997" lon="-48.62648000000001"><ele>8.5</ele></trkpt><trkpt lat="-26.995614999999997" lon="-48.62648000000001"><ele>8.5</ele></trkpt><trkpt lat="-26.995616666666667" lon="-48.62648333333333"><ele>8.8</ele></trkpt><trkpt lat="-26.995614999999997" lon="-48.62648166666666"><ele>9.9</ele></trkpt><trkpt lat="-26.995611666666665" lon="-48.62647833333334"><ele>10.6</ele></trkpt><trkpt lat="-26.995608333333333" lon="-48.62647833333334"><ele>10.5</ele></trkpt><trkpt lat="-26.995608333333333" lon="-48.62648000000001"><ele>10.6</ele></trkpt><trkpt lat="-26.995608333333333" lon="-48.62648166666666"><ele>10.6</ele></trkpt><trkpt lat="-26.995610000000003" lon="-48.62648000000001"><ele>10.799999999999999</ele></trkpt><trkpt lat="-26.995608333333333" lon="-48.62648333333333"><ele>11.1</ele></trkpt><trkpt lat="-26.995605" lon="-48.626485"><ele>11.4</ele></trkpt><trkpt lat="-26.995605" lon="-48.626485"><ele>11.4</ele></trkpt><trkpt lat="-26.995605" lon="-48.626485"><ele>11.4</ele></trkpt><trkpt lat="-26.995591666666662" lon="-48.626491666666666"><ele>12</ele></trkpt><trkpt lat="-26.995578333333334" lon="-48.62648833333333"><ele>12.4</ele></trkpt><trkpt lat="-26.995578333333334" lon="-48.62648833333333"><ele>12.4</ele></trkpt><trkpt lat="-26.995571666666667" lon="-48.62649"><ele>12.7</ele></trkpt><trkpt lat="-26.995566666666665" lon="-48.626491666666666"><ele>13.1</ele></trkpt><trkpt lat="-26.995565000000003" lon="-48.62649666666666"><ele>13.5</ele></trkpt><trkpt lat="-26.995565000000003" lon="-48.62650166666667"><ele>13.9</ele></trkpt><trkpt lat="-26.99556166666667" lon="-48.62649833333333"><ele>14.2</ele></trkpt><trkpt lat="-26.99556" lon="-48.62650166666667"><ele>14.5</ele></trkpt><trkpt lat="-26.99555833333333" lon="-48.626503333333325"><ele>14.5</ele></trkpt><trkpt lat="-26.99555833333333" lon="-48.626504999999995"><ele>14.4</ele></trkpt><trkpt lat="-26.99555666666667" lon="-48.626504999999995"><ele>14.2</ele></trkpt><trkpt lat="-26.99555666666667" lon="-48.626503333333325"><ele>14</ele></trkpt><trkpt lat="-26.99555666666667" lon="-48.626503333333325"><ele>14</ele></trkpt><trkpt lat="-26.995555" lon="-48.626504999999995"><ele>13.799999999999999</ele></trkpt><trkpt lat="-26.995555" lon="-48.626504999999995"><ele>13.799999999999999</ele></trkpt><trkpt lat="-26.995535000000004" lon="-48.62652166666667"><ele>13.799999999999999</ele></trkpt><trkpt lat="-26.995524999999997" lon="-48.62653166666667"><ele>13.799999999999999</ele></trkpt><trkpt lat="-26.99551166666667" lon="-48.62654666666667"><ele>13.7</ele></trkpt><trkpt lat="-26.995493333333336" lon="-48.626560000000005"><ele>13.6</ele></trkpt><trkpt lat="-26.995478333333335" lon="-48.626569999999994"><ele>13.299999999999999</ele></trkpt><trkpt lat="-26.995451666666668" lon="-48.626575"><ele>12.7</ele></trkpt><trkpt lat="-26.995434999999997" lon="-48.62657666666667"><ele>12.2</ele></trkpt><trkpt lat="-26.99542166666667" lon="-48.62657333333333"><ele>11.2</ele></trkpt><trkpt lat="-26.995416666666664" lon="-48.62657166666666"><ele>10.6</ele></trkpt><trkpt lat="-26.99541166666667" lon="-48.62657166666666"><ele>10.4</ele></trkpt><trkpt lat="-26.99541166666667" lon="-48.62656833333334"><ele>10.299999999999999</ele></trkpt><trkpt lat="-26.995400000000004" lon="-48.626575"><ele>9.799999999999999</ele></trkpt><trkpt lat="-26.995398333333334" lon="-48.62657666666667"><ele>9.9</ele></trkpt><trkpt lat="-26.995400000000004" lon="-48.626575"><ele>10.4</ele></trkpt><trkpt lat="-26.995404999999998" lon="-48.626575"><ele>10.5</ele></trkpt><trkpt lat="-26.99541" lon="-48.62657166666666"><ele>10.6</ele></trkpt><trkpt lat="-26.99541" lon="-48.62657166666666"><ele>10.6</ele></trkpt><trkpt lat="-26.995415" lon="-48.62656833333334"><ele>10.799999999999999</ele></trkpt><trkpt lat="-26.995415" lon="-48.626565"><ele>11.1</ele></trkpt><trkpt lat="-26.995415" lon="-48.626565"><ele>11.1</ele></trkpt><trkpt lat="-26.995415" lon="-48.626565"><ele>11.1</ele></trkpt><trkpt lat="-26.995415" lon="-48.626565"><ele>11.1</ele></trkpt><trkpt lat="-26.995415" lon="-48.626565"><ele>11.1</ele></trkpt><trkpt lat="-26.995415" lon="-48.626565"><ele>11.1</ele></trkpt><trkpt lat="-26.995415" lon="-48.626565"><ele>11.1</ele></trkpt><trkpt lat="-26.995415" lon="-48.626565"><ele>11.1</ele></trkpt><trkpt lat="-26.995415" lon="-48.626565"><ele>11.1</ele></trkpt><trkpt lat="-26.995415" lon="-48.626565"><ele>11.1</ele></trkpt><trkpt lat="-26.995415" lon="-48.626565"><ele>11.1</ele></trkpt><trkpt lat="-26.995415" lon="-48.626565"><ele>11.1</ele></trkpt><trkpt lat="-26.995415" lon="-48.626565"><ele>11.1</ele></trkpt><trkpt lat="-26.995443333333334" lon="-48.62658833333333"><ele>10.7</ele></trkpt><trkpt lat="-26.995434999999997" lon="-48.62659833333334"><ele>10.4</ele></trkpt><trkpt lat="-26.99542333333333" lon="-48.62660833333333"><ele>10.2</ele></trkpt><trkpt lat="-26.99540833333333" lon="-48.62661833333333"><ele>10.4</ele></trkpt><trkpt lat="-26.99539333333333" lon="-48.62662666666667"><ele>10.4</ele></trkpt><trkpt lat="-26.99538" lon="-48.62663666666667"><ele>10.799999999999999</ele></trkpt><trkpt lat="-26.995359999999998" lon="-48.626646666666666"><ele>11.1</ele></trkpt><trkpt lat="-26.995359999999998" lon="-48.626646666666666"><ele>11.1</ele></trkpt><trkpt lat="-26.995344999999997" lon="-48.626659999999994"><ele>11.4</ele></trkpt><trkpt lat="-26.995335" lon="-48.62666833333333"><ele>11.799999999999999</ele></trkpt><trkpt lat="-26.99533" lon="-48.62667666666666"><ele>12.2</ele></trkpt><trkpt lat="-26.995326666666664" lon="-48.62668"><ele>12.5</ele></trkpt><trkpt lat="-26.995325" lon="-48.626684999999995"><ele>12.5</ele></trkpt><trkpt lat="-26.995325" lon="-48.62668999999999"><ele>12.799999999999999</ele></trkpt><trkpt lat="-26.995325" lon="-48.62668999999999"><ele>12.799999999999999</ele></trkpt><trkpt lat="-26.995328333333337" lon="-48.62669833333333"><ele>13.2</ele></trkpt><trkpt lat="-26.99533166666667" lon="-48.626704999999994"><ele>13.799999999999999</ele></trkpt><trkpt lat="-26.99533166666667" lon="-48.626704999999994"><ele>13.799999999999999</ele></trkpt><trkpt lat="-26.995343333333334" lon="-48.626715"><ele>14.2</ele></trkpt><trkpt lat="-26.995353333333334" lon="-48.62672166666666"><ele>14.799999999999999</ele></trkpt><trkpt lat="-26.995356666666666" lon="-48.62673333333334"><ele>15.2</ele></trkpt><trkpt lat="-26.995358333333336" lon="-48.62674333333333"><ele>15.5</ele></trkpt><trkpt lat="-26.995358333333336" lon="-48.62676"><ele>15.4</ele></trkpt><trkpt lat="-26.995358333333336" lon="-48.62676"><ele>15.4</ele></trkpt><trkpt lat="-26.995361666666668" lon="-48.62676499999999"><ele>15.4</ele></trkpt><trkpt lat="-26.995359999999998" lon="-48.62677166666667"><ele>15.2</ele></trkpt><trkpt lat="-26.995355000000004" lon="-48.626776666666665"><ele>14.799999999999999</ele></trkpt><trkpt lat="-26.995340000000002" lon="-48.62677833333334"><ele>14.6</ele></trkpt><trkpt lat="-26.995325" lon="-48.62676833333333"><ele>14.299999999999999</ele></trkpt><trkpt lat="-26.995313333333335" lon="-48.626774999999995"><ele>14.1</ele></trkpt><trkpt lat="-26.99530333333333" lon="-48.626776666666665"><ele>13.799999999999999</ele></trkpt><trkpt lat="-26.995293333333333" lon="-48.626774999999995"><ele>13.799999999999999</ele></trkpt><trkpt lat="-26.995283333333337" lon="-48.62677166666667"><ele>13.6</ele></trkpt><trkpt lat="-26.99527833333333" lon="-48.62677166666667"><ele>13.799999999999999</ele></trkpt><trkpt lat="-26.99527666666667" lon="-48.62677166666667"><ele>13.299999999999999</ele></trkpt><trkpt lat="-26.995281666666664" lon="-48.62677166666667"><ele>13</ele></trkpt><trkpt lat="-26.995283333333337" lon="-48.626774999999995"><ele>12.7</ele></trkpt><trkpt lat="-26.995283333333337" lon="-48.626774999999995"><ele>12.7</ele></trkpt><trkpt lat="-26.995283333333337" lon="-48.626776666666665"><ele>12.5</ele></trkpt><trkpt lat="-26.995283333333337" lon="-48.62677999999999"><ele>12.2</ele></trkpt><trkpt lat="-26.995285" lon="-48.626783333333336"><ele>12</ele></trkpt><trkpt lat="-26.995285" lon="-48.626781666666666"><ele>12.1</ele></trkpt><trkpt lat="-26.99528833333333" lon="-48.62677833333334"><ele>11.7</ele></trkpt><trkpt lat="-26.99528833333333" lon="-48.62677833333334"><ele>11.7</ele></trkpt><trkpt lat="-26.99528833333333" lon="-48.62677833333334"><ele>11.7</ele></trkpt><trkpt lat="-26.995275" lon="-48.62676499999999"><ele>10.5</ele></trkpt><trkpt lat="-26.995275" lon="-48.62676499999999"><ele>10.5</ele></trkpt><trkpt lat="-26.995271666666667" lon="-48.62676499999999"><ele>10.4</ele></trkpt><trkpt lat="-26.995265000000003" lon="-48.62676166666667"><ele>10.4</ele></trkpt><trkpt lat="-26.995256666666666" lon="-48.62676"><ele>10.5</ele></trkpt><trkpt lat="-26.995256666666666" lon="-48.62676"><ele>10.5</ele></trkpt><trkpt lat="-26.995256666666666" lon="-48.62676"><ele>10.5</ele></trkpt><trkpt lat="-26.995256666666666" lon="-48.62676"><ele>10.5</ele></trkpt><trkpt lat="-26.995238333333337" lon="-48.62676499999999"><ele>10.7</ele></trkpt><trkpt lat="-26.995226666666667" lon="-48.62676666666666"><ele>10.9</ele></trkpt><trkpt lat="-26.995218333333334" lon="-48.626776666666665"><ele>10.799999999999999</ele></trkpt><trkpt lat="-26.995206666666665" lon="-48.626774999999995"><ele>11.4</ele></trkpt><trkpt lat="-26.995206666666665" lon="-48.626774999999995"><ele>11.4</ele></trkpt><trkpt lat="-26.99519666666667" lon="-48.626776666666665"><ele>11.299999999999999</ele></trkpt><trkpt lat="-26.995191666666663" lon="-48.626781666666666"><ele>11.4</ele></trkpt><trkpt lat="-26.99518833333333" lon="-48.62679"><ele>10.9</ele></trkpt><trkpt lat="-26.99518833333333" lon="-48.62679333333334"><ele>11</ele></trkpt><trkpt lat="-26.99518833333333" lon="-48.626794999999994"><ele>11.2</ele></trkpt><trkpt lat="-26.99519" lon="-48.626796666666664"><ele>10.9</ele></trkpt><trkpt lat="-26.995195" lon="-48.626796666666664"><ele>10.5</ele></trkpt><trkpt lat="-26.995195" lon="-48.626796666666664"><ele>10.5</ele></trkpt><trkpt lat="-26.995195" lon="-48.62679166666667"><ele>10.5</ele></trkpt><trkpt lat="-26.995195" lon="-48.62679333333334"><ele>10.4</ele></trkpt><trkpt lat="-26.99519666666667" lon="-48.62679166666667"><ele>10.799999999999999</ele></trkpt><trkpt lat="-26.99519666666667" lon="-48.62679166666667"><ele>10.799999999999999</ele></trkpt><trkpt lat="-26.995195" lon="-48.62679333333334"><ele>11.1</ele></trkpt><trkpt lat="-26.995191666666663" lon="-48.62679333333334"><ele>11.5</ele></trkpt><trkpt lat="-26.995191666666663" lon="-48.62679333333334"><ele>11.5</ele></trkpt><trkpt lat="-26.995191666666663" lon="-48.62679333333334"><ele>11.5</ele></trkpt><trkpt lat="-26.995181666666667" lon="-48.6268"><ele>12.1</ele></trkpt><trkpt lat="-26.995178333333335" lon="-48.62680333333333"><ele>12.5</ele></trkpt><trkpt lat="-26.995176666666666" lon="-48.626805"><ele>12.6</ele></trkpt><trkpt lat="-26.995176666666666" lon="-48.62681166666666"><ele>12.9</ele></trkpt><trkpt lat="-26.995176666666666" lon="-48.62681166666666"><ele>12.9</ele></trkpt><trkpt lat="-26.995176666666666" lon="-48.62681166666666"><ele>12.9</ele></trkpt><trkpt lat="-26.99517166666667" lon="-48.626819999999995"><ele>14</ele></trkpt><trkpt lat="-26.995161666666665" lon="-48.62683666666667"><ele>14.7</ele></trkpt><trkpt lat="-26.995148333333336" lon="-48.62685499999999"><ele>15.299999999999999</ele></trkpt><trkpt lat="-26.995134999999998" lon="-48.626871666666666"><ele>15.4</ele></trkpt><trkpt lat="-26.99512333333333" lon="-48.62688833333333"><ele>15.4</ele></trkpt><trkpt lat="-26.99511" lon="-48.626905"><ele>15</ele></trkpt><trkpt lat="-26.99511" lon="-48.626905"><ele>15</ele></trkpt><trkpt lat="-26.99510666666667" lon="-48.626908333333326"><ele>15.299999999999999</ele></trkpt><trkpt lat="-26.99510833333333" lon="-48.626911666666665"><ele>15.1</ele></trkpt><trkpt lat="-26.99510833333333" lon="-48.62691499999999"><ele>15</ele></trkpt><trkpt lat="-26.995105" lon="-48.62691333333334"><ele>14.6</ele></trkpt><trkpt lat="-26.99510666666667" lon="-48.626908333333326"><ele>14.6</ele></trkpt><trkpt lat="-26.995105" lon="-48.62690166666666"><ele>14.7</ele></trkpt><trkpt lat="-26.995101666666663" lon="-48.62689666666667"><ele>14.6</ele></trkpt><trkpt lat="-26.995101666666663" lon="-48.62689666666667"><ele>14.6</ele></trkpt><trkpt lat="-26.99509666666667" lon="-48.62688833333333"><ele>14.6</ele></trkpt><trkpt lat="-26.995091666666667" lon="-48.62689"><ele>14.1</ele></trkpt><trkpt lat="-26.995074999999996" lon="-48.62690333333333"><ele>14.1</ele></trkpt><trkpt lat="-26.99506" lon="-48.626916666666666"><ele>13.9</ele></trkpt><trkpt lat="-26.995048333333337" lon="-48.626929999999994"><ele>13.7</ele></trkpt><trkpt lat="-26.99503666666667" lon="-48.62694666666666"><ele>13.7</ele></trkpt><trkpt lat="-26.995026666666664" lon="-48.62697"><ele>13.5</ele></trkpt><trkpt lat="-26.995015" lon="-48.62699166666666"><ele>13.299999999999999</ele></trkpt><trkpt lat="-26.994993333333333" lon="-48.627011666666675"><ele>13</ele></trkpt><trkpt lat="-26.994978333333332" lon="-48.627043333333326"><ele>12.2</ele></trkpt><trkpt lat="-26.994956666666667" lon="-48.627064999999995"><ele>11.9</ele></trkpt><trkpt lat="-26.994938333333334" lon="-48.627088333333326"><ele>11.6</ele></trkpt><trkpt lat="-26.994905000000003" lon="-48.62710833333334"><ele>11.7</ele></trkpt><trkpt lat="-26.994866666666667" lon="-48.627113333333334"><ele>12</ele></trkpt><trkpt lat="-26.994798333333332" lon="-48.627115"><ele>15.299999999999999</ele></trkpt><trkpt lat="-26.994773333333335" lon="-48.62713833333334"><ele>14.5</ele></trkpt><trkpt lat="-26.994753333333332" lon="-48.62716333333333"><ele>14.4</ele></trkpt><trkpt lat="-26.994735" lon="-48.627181666666665"><ele>13.9</ele></trkpt><trkpt lat="-26.994719999999997" lon="-48.62720833333333"><ele>13.5</ele></trkpt><trkpt lat="-26.99470666666667" lon="-48.62722833333334"><ele>12.799999999999999</ele></trkpt><trkpt lat="-26.994686666666666" lon="-48.627236666666676"><ele>11.799999999999999</ele></trkpt><trkpt lat="-26.99467666666667" lon="-48.627244999999995"><ele>10.1</ele></trkpt><trkpt lat="-26.994668333333333" lon="-48.62725333333333"><ele>9.2</ele></trkpt><trkpt lat="-26.994665" lon="-48.62725999999999"><ele>8.3</ele></trkpt><trkpt lat="-26.99466" lon="-48.62726666666667"><ele>7.9</ele></trkpt><trkpt lat="-26.99466" lon="-48.62726666666667"><ele>7.9</ele></trkpt><trkpt lat="-26.99466" lon="-48.627269999999996"><ele>7.699999999999999</ele></trkpt><trkpt lat="-26.99466333333333" lon="-48.62727333333334"><ele>8</ele></trkpt><trkpt lat="-26.99466166666667" lon="-48.62727333333334"><ele>7.9</ele></trkpt><trkpt lat="-26.99466" lon="-48.627271666666665"><ele>8</ele></trkpt><trkpt lat="-26.99466" lon="-48.627271666666665"><ele>8</ele></trkpt><trkpt lat="-26.994654999999998" lon="-48.62727333333334"><ele>7.9</ele></trkpt><trkpt lat="-26.994658333333337" lon="-48.62727499999999"><ele>7.9</ele></trkpt><trkpt lat="-26.99466" lon="-48.62727499999999"><ele>8</ele></trkpt><trkpt lat="-26.99466" lon="-48.62727666666667"><ele>7.9</ele></trkpt><trkpt lat="-26.99466" lon="-48.62727666666667"><ele>7.9</ele></trkpt><trkpt lat="-26.99466" lon="-48.62727666666667"><ele>7.9</ele></trkpt><trkpt lat="-26.99466" lon="-48.62727666666667"><ele>7.9</ele></trkpt><trkpt lat="-26.99466" lon="-48.62727666666667"><ele>7.9</ele></trkpt><trkpt lat="-26.99466" lon="-48.62727666666667"><ele>7.9</ele></trkpt><trkpt lat="-26.994651666666662" lon="-48.62728666666667"><ele>7.4</ele></trkpt><trkpt lat="-26.994643333333336" lon="-48.62728666666667"><ele>7.5</ele></trkpt><trkpt lat="-26.99463166666667" lon="-48.627289999999995"><ele>7.4</ele></trkpt><trkpt lat="-26.99462" lon="-48.627289999999995"><ele>7.300000000000001</ele></trkpt><trkpt lat="-26.994613333333337" lon="-48.62729833333333"><ele>6.800000000000001</ele></trkpt><trkpt lat="-26.994613333333337" lon="-48.62729833333333"><ele>6.800000000000001</ele></trkpt><trkpt lat="-26.99460333333333" lon="-48.62730833333333"><ele>6.300000000000001</ele></trkpt><trkpt lat="-26.994598333333336" lon="-48.62730833333333"><ele>5.5</ele></trkpt><trkpt lat="-26.99458666666667" lon="-48.62731999999999"><ele>5.2</ele></trkpt><trkpt lat="-26.994575" lon="-48.627326666666676"><ele>4.4</ele></trkpt><trkpt lat="-26.99455833333333" lon="-48.62733333333334"><ele>4.4</ele></trkpt><trkpt lat="-26.994539999999997" lon="-48.627340000000004"><ele>4.300000000000001</ele></trkpt><trkpt lat="-26.994531666666663" lon="-48.627355"><ele>3.5</ele></trkpt><trkpt lat="-26.994523333333337" lon="-48.627371666666676"><ele>3.3</ele></trkpt><trkpt lat="-26.994515" lon="-48.62738666666667"><ele>3.3</ele></trkpt><trkpt lat="-26.994505000000004" lon="-48.62739666666666"><ele>3.5</ele></trkpt><trkpt lat="-26.99449666666667" lon="-48.62741166666667"><ele>3.8000000000000003</ele></trkpt><trkpt lat="-26.994486666666663" lon="-48.627435"><ele>3.3</ele></trkpt><trkpt lat="-26.99446833333333" lon="-48.62745499999999"><ele>2.8</ele></trkpt><trkpt lat="-26.99446833333333" lon="-48.62745499999999"><ele>2.8</ele></trkpt><trkpt lat="-26.994446666666665" lon="-48.627471666666665"><ele>3.2</ele></trkpt><trkpt lat="-26.994431666666667" lon="-48.62748499999999"><ele>3.9</ele></trkpt><trkpt lat="-26.994431666666667" lon="-48.62748499999999"><ele>3.9</ele></trkpt><trkpt lat="-26.994419999999998" lon="-48.62749"><ele>5.2</ele></trkpt><trkpt lat="-26.994416666666666" lon="-48.62749333333333"><ele>5.9</ele></trkpt><trkpt lat="-26.994413333333334" lon="-48.627496666666666"><ele>6.4</ele></trkpt><trkpt lat="-26.99440666666667" lon="-48.627496666666666"><ele>7.1</ele></trkpt><trkpt lat="-26.994403333333334" lon="-48.62749333333333"><ele>7.6</ele></trkpt><trkpt lat="-26.994401666666665" lon="-48.62749333333333"><ele>8</ele></trkpt><trkpt lat="-26.994403333333334" lon="-48.62748833333333"><ele>8.1</ele></trkpt><trkpt lat="-26.994403333333334" lon="-48.62748666666666"><ele>8.3</ele></trkpt><trkpt lat="-26.99440666666667" lon="-48.62748833333333"><ele>8.5</ele></trkpt><trkpt lat="-26.99440666666667" lon="-48.62748833333333"><ele>8.5</ele></trkpt><trkpt lat="-26.994398333333333" lon="-48.627494999999996"><ele>8.7</ele></trkpt><trkpt lat="-26.994395" lon="-48.62750333333334"><ele>8.9</ele></trkpt><trkpt lat="-26.994385000000005" lon="-48.627514999999995"><ele>8.7</ele></trkpt><trkpt lat="-26.994371666666666" lon="-48.62752833333334"><ele>8.9</ele></trkpt><trkpt lat="-26.994351666666663" lon="-48.62753666666667"><ele>9.3</ele></trkpt><trkpt lat="-26.99433333333333" lon="-48.627551666666676"><ele>9.3</ele></trkpt><trkpt lat="-26.994318333333332" lon="-48.627563333333335"><ele>9.5</ele></trkpt><trkpt lat="-26.99430166666667" lon="-48.62757666666666"><ele>9.4</ele></trkpt><trkpt lat="-26.99428833333333" lon="-48.62759166666667"><ele>8.3</ele></trkpt><trkpt lat="-26.994268333333334" lon="-48.62761166666666"><ele>7.5</ele></trkpt><trkpt lat="-26.99424333333333" lon="-48.627631666666666"><ele>6.800000000000001</ele></trkpt><trkpt lat="-26.994215" lon="-48.627649999999996"><ele>6.1</ele></trkpt><trkpt lat="-26.994186666666664" lon="-48.62766666666666"><ele>6.300000000000001</ele></trkpt><trkpt lat="-26.99417" lon="-48.62767999999999"><ele>6.5</ele></trkpt><trkpt lat="-26.994165" lon="-48.62769"><ele>7.1</ele></trkpt><trkpt lat="-26.994163333333336" lon="-48.62769166666667"><ele>7.300000000000001</ele></trkpt><trkpt lat="-26.994161666666667" lon="-48.627696666666665"><ele>7.6</ele></trkpt><trkpt lat="-26.994160000000004" lon="-48.62770166666666"><ele>8</ele></trkpt><trkpt lat="-26.994161666666667" lon="-48.62770333333333"><ele>8.3</ele></trkpt><trkpt lat="-26.994161666666667" lon="-48.62770333333333"><ele>8.3</ele></trkpt><trkpt lat="-26.994163333333336" lon="-48.627705"><ele>8.5</ele></trkpt><trkpt lat="-26.99416666666667" lon="-48.627705"><ele>8.8</ele></trkpt><trkpt lat="-26.99416666666667" lon="-48.62770333333333"><ele>9</ele></trkpt><trkpt lat="-26.994165" lon="-48.627705"><ele>9.2</ele></trkpt><trkpt lat="-26.994163333333336" lon="-48.62770666666667"><ele>9.4</ele></trkpt><trkpt lat="-26.994163333333336" lon="-48.62770666666667"><ele>9.4</ele></trkpt><trkpt lat="-26.994161666666667" lon="-48.62771166666666"><ele>9.6</ele></trkpt><trkpt lat="-26.994158333333335" lon="-48.62771833333333"><ele>9.6</ele></trkpt><trkpt lat="-26.99415333333333" lon="-48.62773333333333"><ele>9.5</ele></trkpt><trkpt lat="-26.994143333333334" lon="-48.62775"><ele>9.4</ele></trkpt><trkpt lat="-26.994126666666663" lon="-48.627765"><ele>8.8</ele></trkpt><trkpt lat="-26.99410833333333" lon="-48.62778166666667"><ele>8.7</ele></trkpt><trkpt lat="-26.99409166666667" lon="-48.62779999999999"><ele>8.8</ele></trkpt><trkpt lat="-26.99409166666667" lon="-48.62779999999999"><ele>8.8</ele></trkpt><trkpt lat="-26.99407666666667" lon="-48.62781666666667"><ele>8.7</ele></trkpt><trkpt lat="-26.99406333333333" lon="-48.627833333333335"><ele>8.5</ele></trkpt><trkpt lat="-26.99405" lon="-48.62784"><ele>8.9</ele></trkpt><trkpt lat="-26.99404666666667" lon="-48.62784333333334"><ele>9.1</ele></trkpt><trkpt lat="-26.994041666666664" lon="-48.62784"><ele>9.2</ele></trkpt><trkpt lat="-26.994041666666664" lon="-48.62784"><ele>9.2</ele></trkpt><trkpt lat="-26.994041666666664" lon="-48.62784"><ele>9.2</ele></trkpt><trkpt lat="-26.994028333333336" lon="-48.62784333333334"><ele>9.3</ele></trkpt><trkpt lat="-26.994011666666665" lon="-48.62784833333333"><ele>9.6</ele></trkpt><trkpt lat="-26.993996666666664" lon="-48.627855"><ele>10.2</ele></trkpt><trkpt lat="-26.993981666666667" lon="-48.62788166666666"><ele>10.1</ele></trkpt><trkpt lat="-26.993963333333333" lon="-48.6279"><ele>9.9</ele></trkpt><trkpt lat="-26.99394666666667" lon="-48.627915"><ele>9.5</ele></trkpt><trkpt lat="-26.993931666666672" lon="-48.627925000000005"><ele>9.1</ele></trkpt><trkpt lat="-26.993918333333333" lon="-48.62793666666666"><ele>8.5</ele></trkpt><trkpt lat="-26.993903333333332" lon="-48.62795166666667"><ele>8</ele></trkpt><trkpt lat="-26.993881666666667" lon="-48.627968333333335"><ele>7.699999999999999</ele></trkpt><trkpt lat="-26.99386666666667" lon="-48.62799166666667"><ele>7.4</ele></trkpt><trkpt lat="-26.993846666666666" lon="-48.628011666666666"><ele>7.199999999999999</ele></trkpt><trkpt lat="-26.993834999999997" lon="-48.62803666666667"><ele>6.9</ele></trkpt><trkpt lat="-26.993819999999996" lon="-48.62805166666667"><ele>9.1</ele></trkpt><trkpt lat="-26.99381" lon="-48.62806666666667"><ele>10.299999999999999</ele></trkpt><trkpt lat="-26.993800000000004" lon="-48.628069999999994"><ele>10.5</ele></trkpt><trkpt lat="-26.99379333333333" lon="-48.62807333333333"><ele>10.5</ele></trkpt><trkpt lat="-26.99379333333333" lon="-48.62807333333333"><ele>10.5</ele></trkpt><trkpt lat="-26.993788333333335" lon="-48.62807333333333"><ele>10.7</ele></trkpt><trkpt lat="-26.99378" lon="-48.62806833333334"><ele>10.7</ele></trkpt><trkpt lat="-26.993774999999996" lon="-48.62806166666666"><ele>11.299999999999999</ele></trkpt><trkpt lat="-26.993774999999996" lon="-48.62806166666666"><ele>11.299999999999999</ele></trkpt><trkpt lat="-26.993774999999996" lon="-48.628056666666666"><ele>11.9</ele></trkpt><trkpt lat="-26.99377833333333" lon="-48.62805"><ele>12.2</ele></trkpt><trkpt lat="-26.993773333333333" lon="-48.62804666666666"><ele>12.4</ele></trkpt><trkpt lat="-26.993771666666664" lon="-48.62803666666667"><ele>12.799999999999999</ele></trkpt><trkpt lat="-26.99376666666667" lon="-48.628035"><ele>12.9</ele></trkpt><trkpt lat="-26.99376666666667" lon="-48.628035"><ele>12.9</ele></trkpt><trkpt lat="-26.99376666666667" lon="-48.628035"><ele>12.9</ele></trkpt><trkpt lat="-26.99376666666667" lon="-48.628035"><ele>12.9</ele></trkpt><trkpt lat="-26.99376666666667" lon="-48.628035"><ele>12.9</ele></trkpt><trkpt lat="-26.99376666666667" lon="-48.628035"><ele>12.9</ele></trkpt><trkpt lat="-26.993759999999998" lon="-48.62801666666666"><ele>14</ele></trkpt><trkpt lat="-26.993761666666668" lon="-48.62802666666666"><ele>14.2</ele></trkpt><trkpt lat="-26.993761666666668" lon="-48.62802666666666"><ele>14.2</ele></trkpt><trkpt lat="-26.993758333333336" lon="-48.62803166666666"><ele>14.299999999999999</ele></trkpt><trkpt lat="-26.993755000000004" lon="-48.62804333333334"><ele>14.5</ele></trkpt><trkpt lat="-26.993738333333333" lon="-48.62805166666667"><ele>14.5</ele></trkpt><trkpt lat="-26.993725" lon="-48.62806166666666"><ele>14.5</ele></trkpt><trkpt lat="-26.993710000000004" lon="-48.62806666666667"><ele>14.5</ele></trkpt><trkpt lat="-26.993698333333334" lon="-48.62808"><ele>14.4</ele></trkpt><trkpt lat="-26.99369166666667" lon="-48.62808666666667"><ele>14.1</ele></trkpt><trkpt lat="-26.99369166666667" lon="-48.62809166666666"><ele>14.299999999999999</ele></trkpt><trkpt lat="-26.99369166666667" lon="-48.62809666666667"><ele>14.299999999999999</ele></trkpt><trkpt lat="-26.99368833333333" lon="-48.62810666666666"><ele>14.1</ele></trkpt><trkpt lat="-26.99368833333333" lon="-48.62811333333334"><ele>13.7</ele></trkpt><trkpt lat="-26.99369" lon="-48.62811166666667"><ele>13.4</ele></trkpt><trkpt lat="-26.99369" lon="-48.62811166666667"><ele>13.4</ele></trkpt><trkpt lat="-26.99369" lon="-48.62811166666667"><ele>13.4</ele></trkpt><trkpt lat="-26.993693333333333" lon="-48.628105000000005"><ele>13.2</ele></trkpt><trkpt lat="-26.993696666666665" lon="-48.628101666666666"><ele>13.2</ele></trkpt><trkpt lat="-26.993699999999997" lon="-48.62809666666667"><ele>13.5</ele></trkpt><trkpt lat="-26.99370333333333" lon="-48.62808666666667"><ele>13.9</ele></trkpt><trkpt lat="-26.993708333333334" lon="-48.62808166666667"><ele>14.299999999999999</ele></trkpt><trkpt lat="-26.993714999999998" lon="-48.62807666666666"><ele>14.6</ele></trkpt><trkpt lat="-26.99372" lon="-48.62807166666666"><ele>14.9</ele></trkpt><trkpt lat="-26.99372" lon="-48.62807333333333"><ele>15.4</ele></trkpt><trkpt lat="-26.99371833333333" lon="-48.628075"><ele>15.7</ele></trkpt><trkpt lat="-26.99371833333333" lon="-48.628075"><ele>15.7</ele></trkpt><trkpt lat="-26.99371833333333" lon="-48.628075"><ele>15.7</ele></trkpt><trkpt lat="-26.99371833333333" lon="-48.628075"><ele>15.7</ele></trkpt><trkpt lat="-26.99371833333333" lon="-48.628075"><ele>15.7</ele></trkpt><trkpt lat="-26.99371833333333" lon="-48.628075"><ele>15.7</ele></trkpt><trkpt lat="-26.99371833333333" lon="-48.628075"><ele>15.7</ele></trkpt><trkpt lat="-26.99371833333333" lon="-48.628075"><ele>15.7</ele></trkpt><trkpt lat="-26.99371833333333" lon="-48.628075"><ele>15.7</ele></trkpt><trkpt lat="-26.99371833333333" lon="-48.628075"><ele>15.7</ele></trkpt><trkpt lat="-26.99371833333333" lon="-48.628075"><ele>15.7</ele></trkpt><trkpt lat="-26.99371833333333" lon="-48.628075"><ele>15.7</ele></trkpt><trkpt lat="-26.99371833333333" lon="-48.628075"><ele>15.7</ele></trkpt><trkpt lat="-26.99371833333333" lon="-48.628075"><ele>15.7</ele></trkpt><trkpt lat="-26.99371833333333" lon="-48.628075"><ele>15.7</ele></trkpt><trkpt lat="-26.99371833333333" lon="-48.628075"><ele>15.7</ele></trkpt><trkpt lat="-26.99371833333333" lon="-48.628075"><ele>15.7</ele></trkpt><trkpt lat="-26.99371833333333" lon="-48.628075"><ele>15.7</ele></trkpt><trkpt lat="-26.99371833333333" lon="-48.628075"><ele>15.7</ele></trkpt><trkpt lat="-26.99371833333333" lon="-48.628075"><ele>15.7</ele></trkpt><trkpt lat="-26.99371833333333" lon="-48.628075"><ele>15.7</ele></trkpt><trkpt lat="-26.99371833333333" lon="-48.628075"><ele>15.7</ele></trkpt><trkpt lat="-26.99371833333333" lon="-48.628075"><ele>15.7</ele></trkpt><trkpt lat="-26.99371833333333" lon="-48.628075"><ele>15.7</ele></trkpt><trkpt lat="-26.99371833333333" lon="-48.628075"><ele>15.7</ele></trkpt><trkpt lat="-26.99371833333333" lon="-48.628075"><ele>15.7</ele></trkpt><trkpt lat="-26.99371833333333" lon="-48.628075"><ele>15.7</ele></trkpt><trkpt lat="-26.99371833333333" lon="-48.628075"><ele>15.7</ele></trkpt><trkpt lat="-26.99371833333333" lon="-48.628075"><ele>15.7</ele></trkpt><trkpt lat="-26.99371833333333" lon="-48.628075"><ele>15.7</ele></trkpt><trkpt lat="-26.99371833333333" lon="-48.628075"><ele>15.7</ele></trkpt><trkpt lat="-26.993663333333334" lon="-48.62811833333333"><ele>15</ele></trkpt><trkpt lat="-26.99364333333333" lon="-48.62813500000001"><ele>14.799999999999999</ele></trkpt><trkpt lat="-26.993621666666666" lon="-48.62815166666666"><ele>14.5</ele></trkpt><trkpt lat="-26.993594999999996" lon="-48.62816833333333"><ele>14</ele></trkpt><trkpt lat="-26.99356833333333" lon="-48.62818333333333"><ele>13</ele></trkpt><trkpt lat="-26.993546666666663" lon="-48.62819666666666"><ele>12.4</ele></trkpt><trkpt lat="-26.99352666666667" lon="-48.62821166666666"><ele>11.799999999999999</ele></trkpt><trkpt lat="-26.993504999999995" lon="-48.62823333333334"><ele>11.299999999999999</ele></trkpt><trkpt lat="-26.993483333333334" lon="-48.62826166666667"><ele>11.1</ele></trkpt><trkpt lat="-26.993459999999995" lon="-48.628285000000005"><ele>11.1</ele></trkpt><trkpt lat="-26.993434999999998" lon="-48.62830166666666"><ele>9.799999999999999</ele></trkpt><trkpt lat="-26.99342" lon="-48.62832166666667"><ele>9.3</ele></trkpt><trkpt lat="-26.993381666666664" lon="-48.62833833333334"><ele>13.4</ele></trkpt><trkpt lat="-26.993353333333335" lon="-48.62834666666666"><ele>14.2</ele></trkpt><trkpt lat="-26.993323333333333" lon="-48.62836166666666"><ele>16.1</ele></trkpt><trkpt lat="-26.99331666666667" lon="-48.62837"><ele>15.6</ele></trkpt><trkpt lat="-26.993311666666667" lon="-48.62837"><ele>16.400000000000002</ele></trkpt><trkpt lat="-26.993306666666665" lon="-48.628371666666666"><ele>17.400000000000002</ele></trkpt><trkpt lat="-26.993306666666665" lon="-48.62837833333333"><ele>17</ele></trkpt><trkpt lat="-26.993299999999998" lon="-48.62837666666666"><ele>17.400000000000002</ele></trkpt><trkpt lat="-26.993298333333335" lon="-48.62838166666667"><ele>17.3</ele></trkpt><trkpt lat="-26.993298333333335" lon="-48.62838166666667"><ele>17.3</ele></trkpt><trkpt lat="-26.993299999999998" lon="-48.62838833333333"><ele>17.6</ele></trkpt><trkpt lat="-26.993306666666665" lon="-48.62839"><ele>17</ele></trkpt><trkpt lat="-26.99331666666667" lon="-48.62839166666666"><ele>15.6</ele></trkpt><trkpt lat="-26.99333166666667" lon="-48.62839333333333"><ele>15</ele></trkpt><trkpt lat="-26.993343333333335" lon="-48.62839999999999"><ele>14.5</ele></trkpt><trkpt lat="-26.993343333333335" lon="-48.628415"><ele>14.1</ele></trkpt><trkpt lat="-26.993343333333335" lon="-48.628415"><ele>14.1</ele></trkpt><trkpt lat="-26.993335000000002" lon="-48.628425"><ele>14.299999999999999</ele></trkpt><trkpt lat="-26.993321666666663" lon="-48.62843833333333"><ele>15.1</ele></trkpt><trkpt lat="-26.993309999999997" lon="-48.62845333333333"><ele>15.6</ele></trkpt><trkpt lat="-26.993290000000002" lon="-48.62846666666666"><ele>16.8</ele></trkpt><trkpt lat="-26.993264999999997" lon="-48.62847"><ele>17.3</ele></trkpt><trkpt lat="-26.993245" lon="-48.62848"><ele>17.1</ele></trkpt><trkpt lat="-26.993204999999996" lon="-48.62849833333333"><ele>19.200000000000003</ele></trkpt><trkpt lat="-26.99318166666667" lon="-48.62851333333333"><ele>18.900000000000002</ele></trkpt><trkpt lat="-26.993156666666664" lon="-48.62853"><ele>18.400000000000002</ele></trkpt><trkpt lat="-26.993128333333335" lon="-48.62853666666667"><ele>17.700000000000003</ele></trkpt><trkpt lat="-26.993098333333332" lon="-48.62853833333334"><ele>17.1</ele></trkpt><trkpt lat="-26.99307666666667" lon="-48.62854166666666"><ele>16.7</ele></trkpt><trkpt lat="-26.99306" lon="-48.62854000000001"><ele>15.799999999999999</ele></trkpt><trkpt lat="-26.99304833333333" lon="-48.62854000000001"><ele>15.799999999999999</ele></trkpt><trkpt lat="-26.993045" lon="-48.62854000000001"><ele>15.799999999999999</ele></trkpt><trkpt lat="-26.993046666666668" lon="-48.62854166666666"><ele>15.7</ele></trkpt><trkpt lat="-26.993046666666668" lon="-48.62854166666666"><ele>15.7</ele></trkpt><trkpt lat="-26.99304833333333" lon="-48.62854000000001"><ele>15.4</ele></trkpt><trkpt lat="-26.99305" lon="-48.62854333333333"><ele>15.4</ele></trkpt><trkpt lat="-26.993051666666663" lon="-48.62854000000001"><ele>15.299999999999999</ele></trkpt><trkpt lat="-26.993051666666663" lon="-48.62854000000001"><ele>15.299999999999999</ele></trkpt><trkpt lat="-26.993053333333332" lon="-48.62853666666667"><ele>15.299999999999999</ele></trkpt><trkpt lat="-26.993053333333332" lon="-48.62853499999999"><ele>15.2</ele></trkpt><trkpt lat="-26.993053333333332" lon="-48.62853499999999"><ele>15.299999999999999</ele></trkpt><trkpt lat="-26.993053333333332" lon="-48.628533333333344"><ele>15.4</ele></trkpt><trkpt lat="-26.993053333333332" lon="-48.628533333333344"><ele>15.2</ele></trkpt><trkpt lat="-26.993053333333332" lon="-48.628533333333344"><ele>15.2</ele></trkpt><trkpt lat="-26.993053333333332" lon="-48.628533333333344"><ele>15.2</ele></trkpt><trkpt lat="-26.993053333333332" lon="-48.628533333333344"><ele>15.2</ele></trkpt><trkpt lat="-26.993053333333332" lon="-48.628533333333344"><ele>15.2</ele></trkpt><trkpt lat="-26.993053333333332" lon="-48.628533333333344"><ele>15.2</ele></trkpt><trkpt lat="-26.993053333333332" lon="-48.628533333333344"><ele>15.2</ele></trkpt><trkpt lat="-26.993053333333332" lon="-48.628533333333344"><ele>15.2</ele></trkpt><trkpt lat="-26.993053333333332" lon="-48.628533333333344"><ele>15.2</ele></trkpt><trkpt lat="-26.993053333333332" lon="-48.628533333333344"><ele>15.2</ele></trkpt><trkpt lat="-26.993053333333332" lon="-48.628533333333344"><ele>15.2</ele></trkpt><trkpt lat="-26.993053333333332" lon="-48.628533333333344"><ele>15.2</ele></trkpt><trkpt lat="-26.993053333333332" lon="-48.628533333333344"><ele>15.2</ele></trkpt><trkpt lat="-26.993053333333332" lon="-48.628533333333344"><ele>15.2</ele></trkpt><trkpt lat="-26.993053333333332" lon="-48.628533333333344"><ele>15.2</ele></trkpt><trkpt lat="-26.993039999999997" lon="-48.628519999999995"><ele>14.4</ele></trkpt><trkpt lat="-26.993041666666667" lon="-48.628521666666664"><ele>14.4</ele></trkpt><trkpt lat="-26.993041666666667" lon="-48.628553333333336"><ele>14.799999999999999</ele></trkpt><trkpt lat="-26.993026666666665" lon="-48.62856333333334"><ele>14.6</ele></trkpt><trkpt lat="-26.993015" lon="-48.62857666666667"><ele>14.6</ele></trkpt><trkpt lat="-26.992996666666667" lon="-48.62858833333333"><ele>14.5</ele></trkpt><trkpt lat="-26.99297333333333" lon="-48.628605"><ele>14.6</ele></trkpt><trkpt lat="-26.992956666666668" lon="-48.628615"><ele>14.299999999999999</ele></trkpt><trkpt lat="-26.992935000000003" lon="-48.628623333333344"><ele>13.9</ele></trkpt><trkpt lat="-26.992935000000003" lon="-48.628623333333344"><ele>13.9</ele></trkpt><trkpt lat="-26.992915" lon="-48.62863333333333"><ele>13.799999999999999</ele></trkpt><trkpt lat="-26.992911666666668" lon="-48.62863833333334"><ele>14.1</ele></trkpt><trkpt lat="-26.99291333333333" lon="-48.62864"><ele>14.4</ele></trkpt><trkpt lat="-26.992916666666662" lon="-48.62864166666667"><ele>15</ele></trkpt><trkpt lat="-26.992916666666662" lon="-48.628643333333336"><ele>15.2</ele></trkpt><trkpt lat="-26.992915" lon="-48.628645000000006"><ele>15.4</ele></trkpt><trkpt lat="-26.992915" lon="-48.628645000000006"><ele>15.4</ele></trkpt><trkpt lat="-26.992911666666668" lon="-48.62864833333333"><ele>16</ele></trkpt><trkpt lat="-26.992903333333334" lon="-48.628654999999995"><ele>16.3</ele></trkpt><trkpt lat="-26.99288333333333" lon="-48.62866333333333"><ele>17.3</ele></trkpt><trkpt lat="-26.992863333333336" lon="-48.62866833333332"><ele>19</ele></trkpt><trkpt lat="-26.99283833333333" lon="-48.62867500000001"><ele>19.400000000000002</ele></trkpt><trkpt lat="-26.992811666666665" lon="-48.628685"><ele>20</ele></trkpt><trkpt lat="-26.992774999999998" lon="-48.628701666666664"><ele>20.400000000000002</ele></trkpt><trkpt lat="-26.99275" lon="-48.62871333333332"><ele>20.3</ele></trkpt><trkpt lat="-26.992725000000004" lon="-48.628721666666664"><ele>20.400000000000002</ele></trkpt><trkpt lat="-26.99270333333333" lon="-48.62872666666667"><ele>20.400000000000002</ele></trkpt><trkpt lat="-26.992681666666666" lon="-48.62873833333333"><ele>20.6</ele></trkpt><trkpt lat="-26.992669999999997" lon="-48.628744999999995"><ele>20.900000000000002</ele></trkpt><trkpt lat="-26.992663333333333" lon="-48.628746666666665"><ele>21.400000000000002</ele></trkpt><trkpt lat="-26.992663333333333" lon="-48.628746666666665"><ele>21.400000000000002</ele></trkpt><trkpt lat="-26.992663333333333" lon="-48.62874166666667"><ele>21.3</ele></trkpt><trkpt lat="-26.992661666666663" lon="-48.62874166666667"><ele>20.900000000000002</ele></trkpt><trkpt lat="-26.992663333333333" lon="-48.62874"><ele>20.5</ele></trkpt><trkpt lat="-26.99266" lon="-48.62874166666667"><ele>20.200000000000003</ele></trkpt><trkpt lat="-26.99265833333333" lon="-48.628743333333325"><ele>20.1</ele></trkpt><trkpt lat="-26.992646666666662" lon="-48.628750000000004"><ele>19.8</ele></trkpt><trkpt lat="-26.992635000000003" lon="-48.62875333333333"><ele>19.900000000000002</ele></trkpt><trkpt lat="-26.992618333333333" lon="-48.62875666666667"><ele>19.900000000000002</ele></trkpt><trkpt lat="-26.992591666666666" lon="-48.62876500000001"><ele>19.900000000000002</ele></trkpt><trkpt lat="-26.99256666666667" lon="-48.62877"><ele>19.5</ele></trkpt><trkpt lat="-26.992551666666667" lon="-48.62877333333333"><ele>19</ele></trkpt><trkpt lat="-26.992531666666665" lon="-48.628775"><ele>18.8</ele></trkpt><trkpt lat="-26.992504999999998" lon="-48.628775"><ele>17.6</ele></trkpt><trkpt lat="-26.99248" lon="-48.62876833333333"><ele>16.6</ele></trkpt><trkpt lat="-26.992458333333335" lon="-48.628766666666664"><ele>15.9</ele></trkpt><trkpt lat="-26.992441666666664" lon="-48.62877333333333"><ele>15</ele></trkpt><trkpt lat="-26.99242333333333" lon="-48.62877833333334"><ele>14.299999999999999</ele></trkpt><trkpt lat="-26.99240166666667" lon="-48.62877833333334"><ele>13.5</ele></trkpt><trkpt lat="-26.992385" lon="-48.62878333333333"><ele>12.9</ele></trkpt><trkpt lat="-26.99237333333333" lon="-48.62878666666667"><ele>12.4</ele></trkpt><trkpt lat="-26.992365000000003" lon="-48.62879666666666"><ele>12</ele></trkpt><trkpt lat="-26.992351666666664" lon="-48.62880833333334"><ele>12</ele></trkpt><trkpt lat="-26.99233333333333" lon="-48.62882"><ele>11.4</ele></trkpt><trkpt lat="-26.99231166666667" lon="-48.62882666666666"><ele>10.4</ele></trkpt><trkpt lat="-26.99228666666667" lon="-48.628834999999995"><ele>9.7</ele></trkpt><trkpt lat="-26.99225666666667" lon="-48.62884166666666"><ele>9.1</ele></trkpt><trkpt lat="-26.99222666666667" lon="-48.62884166666666"><ele>10</ele></trkpt><trkpt lat="-26.992201666666666" lon="-48.628845"><ele>9.5</ele></trkpt><trkpt lat="-26.99217833333333" lon="-48.62885333333334"><ele>9.3</ele></trkpt><trkpt lat="-26.99214833333333" lon="-48.62885833333333"><ele>8.9</ele></trkpt><trkpt lat="-26.992123333333332" lon="-48.62885500000001"><ele>9.6</ele></trkpt><trkpt lat="-26.992101666666667" lon="-48.62885166666667"><ele>9.5</ele></trkpt><trkpt lat="-26.99208666666667" lon="-48.62885500000001"><ele>9</ele></trkpt><trkpt lat="-26.99207666666667" lon="-48.628856666666664"><ele>8.7</ele></trkpt><trkpt lat="-26.992075" lon="-48.62885333333334"><ele>9.2</ele></trkpt><trkpt lat="-26.992075" lon="-48.62885333333334"><ele>9.2</ele></trkpt><trkpt lat="-26.99207333333333" lon="-48.62885500000001"><ele>10.5</ele></trkpt><trkpt lat="-26.992071666666668" lon="-48.628856666666664"><ele>11.6</ele></trkpt><trkpt lat="-26.992071666666668" lon="-48.628856666666664"><ele>11.6</ele></trkpt><trkpt lat="-26.99207" lon="-48.62886166666667"><ele>12</ele></trkpt><trkpt lat="-26.99207" lon="-48.62886666666667"><ele>12.4</ele></trkpt><trkpt lat="-26.992068333333336" lon="-48.628870000000006"><ele>12.7</ele></trkpt><trkpt lat="-26.992068333333336" lon="-48.628870000000006"><ele>12.7</ele></trkpt><trkpt lat="-26.992068333333336" lon="-48.628875"><ele>12.799999999999999</ele></trkpt><trkpt lat="-26.992075" lon="-48.628885000000004"><ele>12.9</ele></trkpt><trkpt lat="-26.992075" lon="-48.628878333333326"><ele>13.4</ele></trkpt><trkpt lat="-26.992075" lon="-48.628878333333326"><ele>13.4</ele></trkpt><trkpt lat="-26.992075" lon="-48.628878333333326"><ele>13.4</ele></trkpt><trkpt lat="-26.992075" lon="-48.628878333333326"><ele>13.4</ele></trkpt><trkpt lat="-26.992075" lon="-48.628878333333326"><ele>13.4</ele></trkpt><trkpt lat="-26.992075" lon="-48.628878333333326"><ele>13.4</ele></trkpt><trkpt lat="-26.992075" lon="-48.628878333333326"><ele>13.4</ele></trkpt><trkpt lat="-26.99204333333333" lon="-48.628875"><ele>14.2</ele></trkpt><trkpt lat="-26.992038333333333" lon="-48.62888666666666"><ele>14.6</ele></trkpt><trkpt lat="-26.992038333333333" lon="-48.62888666666666"><ele>14.6</ele></trkpt><trkpt lat="-26.99203" lon="-48.62888833333333"><ele>14.9</ele></trkpt><trkpt lat="-26.992020000000004" lon="-48.62889833333334"><ele>15.299999999999999</ele></trkpt><trkpt lat="-26.992006666666665" lon="-48.62890666666667"><ele>16</ele></trkpt><trkpt lat="-26.99199" lon="-48.62891833333333"><ele>16.6</ele></trkpt><trkpt lat="-26.991976666666666" lon="-48.628926666666665"><ele>17</ele></trkpt><trkpt lat="-26.991961666666665" lon="-48.62893166666666"><ele>16.900000000000002</ele></trkpt><trkpt lat="-26.991949999999996" lon="-48.628935"><ele>16.8</ele></trkpt><trkpt lat="-26.991945" lon="-48.62894500000001"><ele>16.6</ele></trkpt><trkpt lat="-26.991945" lon="-48.62894500000001"><ele>16.6</ele></trkpt><trkpt lat="-26.99193833333333" lon="-48.62894500000001"><ele>16.1</ele></trkpt><trkpt lat="-26.991936666666668" lon="-48.62895333333333"><ele>16.2</ele></trkpt><trkpt lat="-26.991931666666666" lon="-48.62895166666667"><ele>16.2</ele></trkpt><trkpt lat="-26.991925" lon="-48.62895833333334"><ele>16.3</ele></trkpt><trkpt lat="-26.991925" lon="-48.62895833333334"><ele>16.3</ele></trkpt><trkpt lat="-26.991915000000002" lon="-48.628960000000006"><ele>16.3</ele></trkpt><trkpt lat="-26.99189833333333" lon="-48.62895333333333"><ele>16.1</ele></trkpt><trkpt lat="-26.991874999999997" lon="-48.62894333333334"><ele>17.1</ele></trkpt><trkpt lat="-26.99185166666667" lon="-48.62893333333333"><ele>16.900000000000002</ele></trkpt><trkpt lat="-26.991825000000002" lon="-48.628924999999995"><ele>17.1</ele></trkpt><trkpt lat="-26.99180666666667" lon="-48.628926666666665"><ele>17.400000000000002</ele></trkpt><trkpt lat="-26.991788333333336" lon="-48.628926666666665"><ele>17.5</ele></trkpt><trkpt lat="-26.991765" lon="-48.628924999999995"><ele>17.700000000000003</ele></trkpt><trkpt lat="-26.991741666666666" lon="-48.628924999999995"><ele>17.6</ele></trkpt><trkpt lat="-26.991715" lon="-48.62893333333333"><ele>17.2</ele></trkpt><trkpt lat="-26.991685" lon="-48.62894500000001"><ele>17.2</ele></trkpt><trkpt lat="-26.991648333333334" lon="-48.628955"><ele>17.400000000000002</ele></trkpt><trkpt lat="-26.991615000000003" lon="-48.628965"><ele>17.6</ele></trkpt><trkpt lat="-26.991586666666663" lon="-48.628971666666665"><ele>17.8</ele></trkpt><trkpt lat="-26.991556666666664" lon="-48.62897666666666"><ele>17.8</ele></trkpt><trkpt lat="-26.991526666666665" lon="-48.62898"><ele>17.900000000000002</ele></trkpt><trkpt lat="-26.991499999999995" lon="-48.62898499999999"><ele>17.700000000000003</ele></trkpt><trkpt lat="-26.991473333333335" lon="-48.62898833333334"><ele>17.900000000000002</ele></trkpt><trkpt lat="-26.991451666666663" lon="-48.62898833333334"><ele>17.1</ele></trkpt><trkpt lat="-26.991451666666663" lon="-48.62898833333334"><ele>17.1</ele></trkpt><trkpt lat="-26.991441666666667" lon="-48.62899000000001"><ele>16.1</ele></trkpt><trkpt lat="-26.991438333333335" lon="-48.62899833333333"><ele>15.1</ele></trkpt><trkpt lat="-26.991438333333335" lon="-48.62900166666667"><ele>14.299999999999999</ele></trkpt><trkpt lat="-26.991441666666667" lon="-48.62900833333333"><ele>13.799999999999999</ele></trkpt><trkpt lat="-26.991443333333336" lon="-48.629013333333326"><ele>13.6</ele></trkpt><trkpt lat="-26.991443333333336" lon="-48.629013333333326"><ele>13.6</ele></trkpt><trkpt lat="-26.991439999999997" lon="-48.629013333333326"><ele>13.5</ele></trkpt><trkpt lat="-26.991428333333335" lon="-48.629013333333326"><ele>13.5</ele></trkpt><trkpt lat="-26.991409999999995" lon="-48.62901"><ele>13.6</ele></trkpt><trkpt lat="-26.991384999999998" lon="-48.62901"><ele>14.1</ele></trkpt><trkpt lat="-26.991365000000005" lon="-48.62901"><ele>14</ele></trkpt><trkpt lat="-26.991339999999997" lon="-48.629013333333326"><ele>13.2</ele></trkpt><trkpt lat="-26.991315" lon="-48.629018333333335"><ele>12.6</ele></trkpt><trkpt lat="-26.99128333333333" lon="-48.62902333333333"><ele>11.6</ele></trkpt><trkpt lat="-26.991258333333334" lon="-48.62902666666667"><ele>11.1</ele></trkpt><trkpt lat="-26.99123666666667" lon="-48.62903500000001"><ele>10</ele></trkpt><trkpt lat="-26.99122" lon="-48.62904166666667"><ele>8.8</ele></trkpt><trkpt lat="-26.991201666666665" lon="-48.629045"><ele>7.4</ele></trkpt><trkpt lat="-26.991173333333336" lon="-48.629055"><ele>5.9</ele></trkpt><trkpt lat="-26.991135" lon="-48.62905333333333"><ele>6.6</ele></trkpt><trkpt lat="-26.99110166666667" lon="-48.629055"><ele>6.1</ele></trkpt><trkpt lat="-26.991069999999997" lon="-48.629058333333326"><ele>5.699999999999999</ele></trkpt><trkpt lat="-26.991045" lon="-48.629063333333335"><ele>5.300000000000001</ele></trkpt><trkpt lat="-26.99101333333333" lon="-48.629065000000004"><ele>4.7</ele></trkpt><trkpt lat="-26.990993333333336" lon="-48.62907"><ele>4.5</ele></trkpt><trkpt lat="-26.990976666666665" lon="-48.62907499999999"><ele>4</ele></trkpt><trkpt lat="-26.990975000000002" lon="-48.62907499999999"><ele>3.7</ele></trkpt><trkpt lat="-26.990971666666663" lon="-48.62907"><ele>3.7</ele></trkpt><trkpt lat="-26.990971666666663" lon="-48.62906833333333"><ele>3.5</ele></trkpt><trkpt lat="-26.99096833333333" lon="-48.62907166666667"><ele>3.8000000000000003</ele></trkpt><trkpt lat="-26.990965" lon="-48.62906833333333"><ele>4.300000000000001</ele></trkpt><trkpt lat="-26.99095833333333" lon="-48.629063333333335"><ele>4.4</ele></trkpt><trkpt lat="-26.99095333333333" lon="-48.629058333333326"><ele>4.5</ele></trkpt><trkpt lat="-26.990941666666664" lon="-48.629059999999996"><ele>5.4</ele></trkpt><trkpt lat="-26.990934999999997" lon="-48.629065000000004"><ele>6</ele></trkpt><trkpt lat="-26.990926666666663" lon="-48.62906666666666"><ele>6.300000000000001</ele></trkpt><trkpt lat="-26.99092333333333" lon="-48.62907166666667"><ele>6.5</ele></trkpt><trkpt lat="-26.99092333333333" lon="-48.62907166666667"><ele>6.5</ele></trkpt><trkpt lat="-26.99092" lon="-48.62907833333334"><ele>7</ele></trkpt><trkpt lat="-26.99092" lon="-48.62907833333334"><ele>7</ele></trkpt><trkpt lat="-26.990915000000005" lon="-48.629083333333334"><ele>7.199999999999999</ele></trkpt><trkpt lat="-26.990915000000005" lon="-48.629083333333334"><ele>7.199999999999999</ele></trkpt><trkpt lat="-26.990915000000005" lon="-48.62908666666667"><ele>7.6</ele></trkpt><trkpt lat="-26.990911666666662" lon="-48.62908833333333"><ele>7.800000000000001</ele></trkpt><trkpt lat="-26.990911666666662" lon="-48.62909500000001"><ele>8.1</ele></trkpt><trkpt lat="-26.99091333333333" lon="-48.6291"><ele>8.5</ele></trkpt><trkpt lat="-26.990915000000005" lon="-48.629103333333326"><ele>8.9</ele></trkpt><trkpt lat="-26.990916666666667" lon="-48.62910166666667"><ele>9</ele></trkpt><trkpt lat="-26.990916666666667" lon="-48.629103333333326"><ele>8.8</ele></trkpt><trkpt lat="-26.990916666666667" lon="-48.62910166666667"><ele>8.6</ele></trkpt><trkpt lat="-26.990915000000005" lon="-48.62910166666667"><ele>8.7</ele></trkpt><trkpt lat="-26.990915000000005" lon="-48.62910166666667"><ele>8.6</ele></trkpt><trkpt lat="-26.990915000000005" lon="-48.62910166666667"><ele>8.6</ele></trkpt><trkpt lat="-26.990915000000005" lon="-48.62910166666667"><ele>8.6</ele></trkpt><trkpt lat="-26.990915000000005" lon="-48.62910166666667"><ele>8.6</ele></trkpt><trkpt lat="-26.990915000000005" lon="-48.62910166666667"><ele>8.6</ele></trkpt><trkpt lat="-26.990915000000005" lon="-48.62910166666667"><ele>8.6</ele></trkpt><trkpt lat="-26.990915000000005" lon="-48.62910166666667"><ele>8.6</ele></trkpt><trkpt lat="-26.990915000000005" lon="-48.62910166666667"><ele>8.6</ele></trkpt><trkpt lat="-26.990915000000005" lon="-48.62910166666667"><ele>8.6</ele></trkpt><trkpt lat="-26.990915000000005" lon="-48.62910166666667"><ele>8.6</ele></trkpt><trkpt lat="-26.990901666666666" lon="-48.62910166666667"><ele>6.4</ele></trkpt><trkpt lat="-26.990895000000002" lon="-48.62909333333334"><ele>6.6</ele></trkpt><trkpt lat="-26.990888333333334" lon="-48.62909"><ele>7</ele></trkpt><trkpt lat="-26.990886666666665" lon="-48.62909"><ele>7.1</ele></trkpt><trkpt lat="-26.990888333333334" lon="-48.62908833333333"><ele>7.199999999999999</ele></trkpt><trkpt lat="-26.990888333333334" lon="-48.62908833333333"><ele>7.199999999999999</ele></trkpt><trkpt lat="-26.990889999999997" lon="-48.62909"><ele>7.4</ele></trkpt><trkpt lat="-26.990889999999997" lon="-48.62909"><ele>7.4</ele></trkpt><trkpt lat="-26.990889999999997" lon="-48.62909"><ele>7.4</ele></trkpt><trkpt lat="-26.990889999999997" lon="-48.62909"><ele>7.4</ele></trkpt><trkpt lat="-26.990889999999997" lon="-48.62909"><ele>7.4</ele></trkpt><trkpt lat="-26.990889999999997" lon="-48.62909"><ele>7.4</ele></trkpt><trkpt lat="-26.990889999999997" lon="-48.62909"><ele>7.4</ele></trkpt><trkpt lat="-26.990889999999997" lon="-48.62909"><ele>7.4</ele></trkpt><trkpt lat="-26.990889999999997" lon="-48.62909"><ele>7.4</ele></trkpt><trkpt lat="-26.990889999999997" lon="-48.62909"><ele>7.4</ele></trkpt><trkpt lat="-26.990889999999997" lon="-48.62909"><ele>7.4</ele></trkpt><trkpt lat="-26.990889999999997" lon="-48.62909"><ele>7.4</ele></trkpt><trkpt lat="-26.990889999999997" lon="-48.62909"><ele>7.4</ele></trkpt><trkpt lat="-26.990889999999997" lon="-48.62909"><ele>7.4</ele></trkpt><trkpt lat="-26.990889999999997" lon="-48.62909"><ele>7.4</ele></trkpt><trkpt lat="-26.990889999999997" lon="-48.62909"><ele>7.4</ele></trkpt><trkpt lat="-26.990889999999997" lon="-48.62909"><ele>7.4</ele></trkpt><trkpt lat="-26.990889999999997" lon="-48.62909"><ele>7.4</ele></trkpt><trkpt lat="-26.990889999999997" lon="-48.62909"><ele>7.4</ele></trkpt><trkpt lat="-26.99087666666667" lon="-48.62907499999999"><ele>12.5</ele></trkpt><trkpt lat="-26.99087833333333" lon="-48.62906666666666"><ele>12.799999999999999</ele></trkpt><trkpt lat="-26.99088166666667" lon="-48.629055"><ele>13</ele></trkpt><trkpt lat="-26.990888333333334" lon="-48.629045"><ele>13.2</ele></trkpt><trkpt lat="-26.990900000000003" lon="-48.62904166666667"><ele>13.4</ele></trkpt><trkpt lat="-26.99090833333333" lon="-48.62904"><ele>12.9</ele></trkpt><trkpt lat="-26.990915000000005" lon="-48.629038333333334"><ele>12.9</ele></trkpt><trkpt lat="-26.990926666666663" lon="-48.629045"><ele>12.6</ele></trkpt><trkpt lat="-26.990941666666664" lon="-48.62904"><ele>12</ele></trkpt><trkpt lat="-26.990949999999998" lon="-48.62905333333333"><ele>11.7</ele></trkpt><trkpt lat="-26.99095333333333" lon="-48.629083333333334"><ele>2.9000000000000004</ele></trkpt><trkpt lat="-26.99095833333333" lon="-48.62909333333334"><ele>2.5</ele></trkpt><trkpt lat="-26.990960000000005" lon="-48.6291"><ele>2.7</ele></trkpt><trkpt lat="-26.990949999999998" lon="-48.629106666666665"><ele>2.8</ele></trkpt><trkpt lat="-26.990933333333334" lon="-48.62911333333333"><ele>2.8</ele></trkpt><trkpt lat="-26.990915000000005" lon="-48.629118333333324"><ele>2.7</ele></trkpt><trkpt lat="-26.99089333333333" lon="-48.62911999999999"><ele>3</ele></trkpt><trkpt lat="-26.990870000000005" lon="-48.62912500000001"><ele>2.9000000000000004</ele></trkpt><trkpt lat="-26.990844999999997" lon="-48.62913166666667"><ele>2.6</ele></trkpt><trkpt lat="-26.990816666666667" lon="-48.62913666666667"><ele>3.5</ele></trkpt><trkpt lat="-26.99078666666667" lon="-48.62913833333334"><ele>4.800000000000001</ele></trkpt><trkpt lat="-26.99076166666667" lon="-48.62914333333333"><ele>6.699999999999999</ele></trkpt><trkpt lat="-26.99074" lon="-48.62915833333333"><ele>7.300000000000001</ele></trkpt><trkpt lat="-26.990718333333334" lon="-48.629171666666664"><ele>7.699999999999999</ele></trkpt><trkpt lat="-26.990703333333332" lon="-48.62918"><ele>8.1</ele></trkpt><trkpt lat="-26.990691666666667" lon="-48.62918500000001"><ele>8.8</ele></trkpt><trkpt lat="-26.99068833333333" lon="-48.62918666666666"><ele>9.1</ele></trkpt><trkpt lat="-26.990685" lon="-48.62918166666667"><ele>9.2</ele></trkpt><trkpt lat="-26.990676666666666" lon="-48.62917666666667"><ele>9.2</ele></trkpt><trkpt lat="-26.990675000000003" lon="-48.62917000000001"><ele>9.4</ele></trkpt><trkpt lat="-26.990673333333334" lon="-48.62916499999999"><ele>10.1</ele></trkpt><trkpt lat="-26.99067166666667" lon="-48.62916166666667"><ele>10.7</ele></trkpt><trkpt lat="-26.99067" lon="-48.629155000000004"><ele>10.9</ele></trkpt><trkpt lat="-26.990673333333334" lon="-48.629151666666665"><ele>10.9</ele></trkpt><trkpt lat="-26.990676666666666" lon="-48.629149999999996"><ele>11</ele></trkpt><trkpt lat="-26.990681666666667" lon="-48.629149999999996"><ele>10.799999999999999</ele></trkpt><trkpt lat="-26.99068333333333" lon="-48.629149999999996"><ele>10.799999999999999</ele></trkpt><trkpt lat="-26.99068333333333" lon="-48.629149999999996"><ele>10.799999999999999</ele></trkpt><trkpt lat="-26.99068333333333" lon="-48.629149999999996"><ele>10.799999999999999</ele></trkpt><trkpt lat="-26.99068333333333" lon="-48.629149999999996"><ele>10.799999999999999</ele></trkpt><trkpt lat="-26.99068333333333" lon="-48.629149999999996"><ele>10.799999999999999</ele></trkpt><trkpt lat="-26.99068333333333" lon="-48.629149999999996"><ele>10.799999999999999</ele></trkpt><trkpt lat="-26.99068333333333" lon="-48.629149999999996"><ele>10.799999999999999</ele></trkpt><trkpt lat="-26.99068333333333" lon="-48.629149999999996"><ele>10.799999999999999</ele></trkpt><trkpt lat="-26.99068333333333" lon="-48.629149999999996"><ele>10.799999999999999</ele></trkpt><trkpt lat="-26.99068333333333" lon="-48.629149999999996"><ele>10.799999999999999</ele></trkpt><trkpt lat="-26.99068333333333" lon="-48.629149999999996"><ele>10.799999999999999</ele></trkpt><trkpt lat="-26.99068333333333" lon="-48.629149999999996"><ele>10.799999999999999</ele></trkpt><trkpt lat="-26.99068333333333" lon="-48.629149999999996"><ele>10.799999999999999</ele></trkpt><trkpt lat="-26.99068333333333" lon="-48.629149999999996"><ele>10.799999999999999</ele></trkpt><trkpt lat="-26.99068333333333" lon="-48.629149999999996"><ele>10.799999999999999</ele></trkpt><trkpt lat="-26.99068333333333" lon="-48.629149999999996"><ele>10.799999999999999</ele></trkpt><trkpt lat="-26.99068333333333" lon="-48.629149999999996"><ele>10.799999999999999</ele></trkpt><trkpt lat="-26.99068333333333" lon="-48.629149999999996"><ele>10.799999999999999</ele></trkpt><trkpt lat="-26.99068333333333" lon="-48.629149999999996"><ele>10.799999999999999</ele></trkpt><trkpt lat="-26.99068333333333" lon="-48.629149999999996"><ele>10.799999999999999</ele></trkpt><trkpt lat="-26.990660000000002" lon="-48.62914666666667"><ele>11.4</ele></trkpt><trkpt lat="-26.990646666666667" lon="-48.62915666666666"><ele>11.1</ele></trkpt><trkpt lat="-26.990631666666665" lon="-48.62916"><ele>11.4</ele></trkpt><trkpt lat="-26.990616666666664" lon="-48.62916"><ele>11.6</ele></trkpt><trkpt lat="-26.990616666666664" lon="-48.62916"><ele>11.6</ele></trkpt><trkpt lat="-26.990606666666668" lon="-48.62916499999999"><ele>11.299999999999999</ele></trkpt><trkpt lat="-26.990600000000004" lon="-48.62916833333334"><ele>11.2</ele></trkpt><trkpt lat="-26.99059666666667" lon="-48.629173333333334"><ele>11.1</ele></trkpt><trkpt lat="-26.99059666666667" lon="-48.62917666666667"><ele>10.9</ele></trkpt><trkpt lat="-26.99059666666667" lon="-48.62918"><ele>10.9</ele></trkpt><trkpt lat="-26.99059666666667" lon="-48.62918500000001"><ele>10.9</ele></trkpt><trkpt lat="-26.990595" lon="-48.62918833333333"><ele>11</ele></trkpt><trkpt lat="-26.990589999999997" lon="-48.62919"><ele>10.9</ele></trkpt><trkpt lat="-26.99057833333333" lon="-48.629196666666665"><ele>11</ele></trkpt><trkpt lat="-26.990565" lon="-48.629208333333324"><ele>10.799999999999999</ele></trkpt><trkpt lat="-26.990546666666667" lon="-48.629225"><ele>10.9</ele></trkpt><trkpt lat="-26.990533333333328" lon="-48.62924666666666"><ele>11</ele></trkpt><trkpt lat="-26.990516666666668" lon="-48.629265000000004"><ele>11.2</ele></trkpt><trkpt lat="-26.990499999999997" lon="-48.62928"><ele>11.4</ele></trkpt><trkpt lat="-26.990484999999996" lon="-48.62929333333333"><ele>11.6</ele></trkpt><trkpt lat="-26.990465000000004" lon="-48.629310000000004"><ele>11.799999999999999</ele></trkpt><trkpt lat="-26.990441666666666" lon="-48.629333333333335"><ele>12.5</ele></trkpt><trkpt lat="-26.99041833333333" lon="-48.62936"><ele>13.1</ele></trkpt><trkpt lat="-26.990385" lon="-48.62938333333333"><ele>13.7</ele></trkpt><trkpt lat="-26.990348333333333" lon="-48.629405"><ele>13.799999999999999</ele></trkpt><trkpt lat="-26.990316666666665" lon="-48.62943166666667"><ele>13.5</ele></trkpt><trkpt lat="-26.990278333333336" lon="-48.62945666666666"><ele>13.1</ele></trkpt><trkpt lat="-26.99025" lon="-48.62947666666667"><ele>12.1</ele></trkpt><trkpt lat="-26.990228333333334" lon="-48.62948500000001"><ele>10.7</ele></trkpt><trkpt lat="-26.990198333333336" lon="-48.629495"><ele>10.6</ele></trkpt><trkpt lat="-26.990171666666665" lon="-48.629509999999996"><ele>9.9</ele></trkpt><trkpt lat="-26.990145" lon="-48.62952666666667"><ele>8.6</ele></trkpt><trkpt lat="-26.990121666666663" lon="-48.62954500000001"><ele>7.6</ele></trkpt><trkpt lat="-26.990094999999997" lon="-48.62956333333333"><ele>6.1</ele></trkpt><trkpt lat="-26.990076666666663" lon="-48.629578333333335"><ele>3.8000000000000003</ele></trkpt><trkpt lat="-26.990066666666667" lon="-48.629581666666674"><ele>2.4000000000000004</ele></trkpt><trkpt lat="-26.990061666666666" lon="-48.629580000000004"><ele>1.8</ele></trkpt><trkpt lat="-26.99005833333333" lon="-48.629576666666665"><ele>1.2000000000000002</ele></trkpt><trkpt lat="-26.990049999999997" lon="-48.629569999999994"><ele>2.1</ele></trkpt><trkpt lat="-26.990049999999997" lon="-48.629569999999994"><ele>2.1</ele></trkpt><trkpt lat="-26.990043333333332" lon="-48.629565"><ele>3</ele></trkpt><trkpt lat="-26.990038333333338" lon="-48.629560000000005"><ele>3.7</ele></trkpt><trkpt lat="-26.990033333333333" lon="-48.629556666666666"><ele>4.5</ele></trkpt><trkpt lat="-26.99003" lon="-48.629554999999996"><ele>4.9</ele></trkpt><trkpt lat="-26.99003" lon="-48.629554999999996"><ele>4.9</ele></trkpt><trkpt lat="-26.99003" lon="-48.629554999999996"><ele>4.9</ele></trkpt><trkpt lat="-26.99003" lon="-48.62955333333333"><ele>5.300000000000001</ele></trkpt><trkpt lat="-26.99003" lon="-48.62955333333333"><ele>5.300000000000001</ele></trkpt><trkpt lat="-26.990033333333333" lon="-48.62954833333333"><ele>5.4</ele></trkpt><trkpt lat="-26.990036666666665" lon="-48.62954333333334"><ele>5.300000000000001</ele></trkpt><trkpt lat="-26.990036666666665" lon="-48.62954333333334"><ele>5.300000000000001</ele></trkpt><trkpt lat="-26.990036666666665" lon="-48.62954333333334"><ele>5.300000000000001</ele></trkpt><trkpt lat="-26.990036666666665" lon="-48.62954333333334"><ele>5.300000000000001</ele></trkpt><trkpt lat="-26.990036666666665" lon="-48.62954333333334"><ele>5.300000000000001</ele></trkpt><trkpt lat="-26.990036666666665" lon="-48.62954333333334"><ele>5.300000000000001</ele></trkpt><trkpt lat="-26.990036666666665" lon="-48.62954333333334"><ele>5.300000000000001</ele></trkpt><trkpt lat="-26.990036666666665" lon="-48.62954333333334"><ele>5.300000000000001</ele></trkpt><trkpt lat="-26.990036666666665" lon="-48.62954333333334"><ele>5.300000000000001</ele></trkpt><trkpt lat="-26.990036666666665" lon="-48.62954333333334"><ele>5.300000000000001</ele></trkpt><trkpt lat="-26.990036666666665" lon="-48.62954333333334"><ele>5.300000000000001</ele></trkpt><trkpt lat="-26.990036666666665" lon="-48.62954333333334"><ele>5.300000000000001</ele></trkpt><trkpt lat="-26.990025" lon="-48.629531666666665"><ele>5.9</ele></trkpt><trkpt lat="-26.990016666666666" lon="-48.62953000000001"><ele>6.5</ele></trkpt><trkpt lat="-26.990008333333336" lon="-48.62953833333333"><ele>6.800000000000001</ele></trkpt><trkpt lat="-26.98999666666667" lon="-48.62953833333333"><ele>6.9</ele></trkpt><trkpt lat="-26.989989999999995" lon="-48.62953833333333"><ele>7.1</ele></trkpt><trkpt lat="-26.98998166666667" lon="-48.62954166666667"><ele>7.300000000000001</ele></trkpt><trkpt lat="-26.989978333333337" lon="-48.62954833333333"><ele>7.199999999999999</ele></trkpt><trkpt lat="-26.98996833333333" lon="-48.62955166666667"><ele>7.199999999999999</ele></trkpt><trkpt lat="-26.989959999999996" lon="-48.629556666666666"><ele>6.800000000000001</ele></trkpt><trkpt lat="-26.98995" lon="-48.629568333333324"><ele>6.6</ele></trkpt><trkpt lat="-26.989931666666667" lon="-48.62957500000001"><ele>6.199999999999999</ele></trkpt><trkpt lat="-26.989908333333332" lon="-48.62958333333333"><ele>6.300000000000001</ele></trkpt><trkpt lat="-26.989884999999997" lon="-48.62959666666667"><ele>6.1</ele></trkpt><trkpt lat="-26.989856666666665" lon="-48.629605000000005"><ele>5.800000000000001</ele></trkpt><trkpt lat="-26.989829999999998" lon="-48.629614999999994"><ele>6</ele></trkpt><trkpt lat="-26.989806666666663" lon="-48.62962833333333"><ele>6.1</ele></trkpt><trkpt lat="-26.989784999999998" lon="-48.629646666666666"><ele>6.1</ele></trkpt><trkpt lat="-26.98975833333333" lon="-48.62967333333333"><ele>6</ele></trkpt><trkpt lat="-26.989736666666666" lon="-48.62970166666667"><ele>6</ele></trkpt><trkpt lat="-26.989718333333332" lon="-48.62972833333333"><ele>5.2</ele></trkpt><trkpt lat="-26.989691666666666" lon="-48.629748333333325"><ele>4.800000000000001</ele></trkpt><trkpt lat="-26.989665" lon="-48.62976666666667"><ele>5</ele></trkpt><trkpt lat="-26.98964" lon="-48.629781666666666"><ele>4.5</ele></trkpt><trkpt lat="-26.989615000000004" lon="-48.629793333333325"><ele>3.8000000000000003</ele></trkpt><trkpt lat="-26.989596666666664" lon="-48.629806666666674"><ele>3.3</ele></trkpt><trkpt lat="-26.989575" lon="-48.62982"><ele>3.2</ele></trkpt><trkpt lat="-26.989543333333337" lon="-48.629828333333336"><ele>3.8000000000000003</ele></trkpt><trkpt lat="-26.989521666666665" lon="-48.629835"><ele>4.2</ele></trkpt><trkpt lat="-26.989513333333335" lon="-48.62983166666666"><ele>4.1</ele></trkpt><trkpt lat="-26.989511666666665" lon="-48.62982999999999"><ele>3.9</ele></trkpt><trkpt lat="-26.989511666666665" lon="-48.62982999999999"><ele>4.2</ele></trkpt><trkpt lat="-26.989513333333335" lon="-48.62983166666666"><ele>4.300000000000001</ele></trkpt><trkpt lat="-26.989514999999997" lon="-48.629835"><ele>4.7</ele></trkpt><trkpt lat="-26.989516666666667" lon="-48.62983333333333"><ele>5.1</ele></trkpt><trkpt lat="-26.989516666666667" lon="-48.62983333333333"><ele>5.1</ele></trkpt><trkpt lat="-26.989516666666667" lon="-48.629835"><ele>4.4</ele></trkpt><trkpt lat="-26.989516666666667" lon="-48.62983333333333"><ele>4.4</ele></trkpt><trkpt lat="-26.989513333333335" lon="-48.62983333333333"><ele>4.1</ele></trkpt><trkpt lat="-26.989511666666665" lon="-48.62983166666666"><ele>3.9</ele></trkpt><trkpt lat="-26.989513333333335" lon="-48.62982999999999"><ele>3.5</ele></trkpt><trkpt lat="-26.989513333333335" lon="-48.62982999999999"><ele>3.5</ele></trkpt><trkpt lat="-26.989513333333335" lon="-48.62982999999999"><ele>3.5</ele></trkpt><trkpt lat="-26.989506666666664" lon="-48.629828333333336"><ele>3.6</ele></trkpt><trkpt lat="-26.989495" lon="-48.629839999999994"><ele>3.6</ele></trkpt><trkpt lat="-26.989480000000004" lon="-48.629850000000005"><ele>3.9</ele></trkpt><trkpt lat="-26.989461666666664" lon="-48.62986166666666"><ele>4.1</ele></trkpt><trkpt lat="-26.989445" lon="-48.629873333333336"><ele>3.8000000000000003</ele></trkpt><trkpt lat="-26.989421666666665" lon="-48.62987833333333"><ele>3.9</ele></trkpt><trkpt lat="-26.9894" lon="-48.629896666666674"><ele>3.2</ele></trkpt><trkpt lat="-26.989381666666667" lon="-48.62991333333333"><ele>2.7</ele></trkpt><trkpt lat="-26.989361666666664" lon="-48.629929999999995"><ele>2.4000000000000004</ele></trkpt><trkpt lat="-26.98933833333333" lon="-48.62994833333334"><ele>1.5</ele></trkpt><trkpt lat="-26.98932" lon="-48.62996666666666"><ele>1.3</ele></trkpt><trkpt lat="-26.989303333333336" lon="-48.62999333333334"><ele>0.40000000000000013</ele></trkpt><trkpt lat="-26.989286666666665" lon="-48.63001333333333"><ele>-0.3999999999999999</ele></trkpt><trkpt lat="-26.98927" lon="-48.63003333333333"><ele>-1.1999999999999997</ele></trkpt><trkpt lat="-26.989253333333334" lon="-48.630053333333336"><ele>-1.6999999999999997</ele></trkpt><trkpt lat="-26.989235" lon="-48.63006666666667"><ele>-1.9</ele></trkpt><trkpt lat="-26.989211666666666" lon="-48.63008333333334"><ele>-1.6</ele></trkpt><trkpt lat="-26.98918666666667" lon="-48.63009666666667"><ele>0</ele></trkpt><trkpt lat="-26.98916166666667" lon="-48.63011166666667"><ele>1.1</ele></trkpt><trkpt lat="-26.98914" lon="-48.63012833333334"><ele>1.7000000000000002</ele></trkpt><trkpt lat="-26.989120000000003" lon="-48.63014"><ele>2.6</ele></trkpt><trkpt lat="-26.98909833333333" lon="-48.630154999999995"><ele>3.7</ele></trkpt><trkpt lat="-26.98907" lon="-48.630176666666664"><ele>4.2</ele></trkpt><trkpt lat="-26.989045" lon="-48.63020333333334"><ele>4.300000000000001</ele></trkpt><trkpt lat="-26.989016666666664" lon="-48.63022833333333"><ele>4.1</ele></trkpt><trkpt lat="-26.98899333333333" lon="-48.630251666666666"><ele>4.300000000000001</ele></trkpt><trkpt lat="-26.988974999999996" lon="-48.630275"><ele>4.4</ele></trkpt><trkpt lat="-26.98895333333333" lon="-48.63029166666667"><ele>4.6</ele></trkpt><trkpt lat="-26.988943333333335" lon="-48.63030333333333"><ele>3.8000000000000003</ele></trkpt><trkpt lat="-26.988935" lon="-48.630311666666664"><ele>3.7</ele></trkpt><trkpt lat="-26.98893666666667" lon="-48.630309999999994"><ele>3.5</ele></trkpt><trkpt lat="-26.98893666666667" lon="-48.630309999999994"><ele>3.5</ele></trkpt><trkpt lat="-26.988940000000003" lon="-48.63030666666667"><ele>3.4000000000000004</ele></trkpt><trkpt lat="-26.988940000000003" lon="-48.63030666666667"><ele>3.3</ele></trkpt><trkpt lat="-26.988940000000003" lon="-48.63030666666667"><ele>3.1</ele></trkpt><trkpt lat="-26.98893666666667" lon="-48.63030666666667"><ele>2.9000000000000004</ele></trkpt><trkpt lat="-26.98893333333333" lon="-48.63030833333334"><ele>2.8</ele></trkpt><trkpt lat="-26.988928333333334" lon="-48.630309999999994"><ele>2.7</ele></trkpt><trkpt lat="-26.988928333333334" lon="-48.630309999999994"><ele>2.7</ele></trkpt><trkpt lat="-26.98891833333333" lon="-48.630309999999994"><ele>2.6</ele></trkpt><trkpt lat="-26.988915" lon="-48.63030666666667"><ele>3</ele></trkpt><trkpt lat="-26.988915" lon="-48.630305"><ele>3.2</ele></trkpt><trkpt lat="-26.988915" lon="-48.630305"><ele>3.2</ele></trkpt><trkpt lat="-26.988915" lon="-48.630305"><ele>3.2</ele></trkpt><trkpt lat="-26.988915" lon="-48.630305"><ele>3.2</ele></trkpt><trkpt lat="-26.988915" lon="-48.630305"><ele>3.2</ele></trkpt><trkpt lat="-26.988915" lon="-48.630305"><ele>3.2</ele></trkpt><trkpt lat="-26.988896666666665" lon="-48.630343333333336"><ele>2.6</ele></trkpt><trkpt lat="-26.98888833333333" lon="-48.630354999999994"><ele>2.4000000000000004</ele></trkpt><trkpt lat="-26.98887666666667" lon="-48.63036666666667"><ele>2.3</ele></trkpt><trkpt lat="-26.988865" lon="-48.630378333333326"><ele>2.1</ele></trkpt><trkpt lat="-26.988865" lon="-48.630378333333326"><ele>2.1</ele></trkpt><trkpt lat="-26.988853333333335" lon="-48.630386666666666"><ele>1.9000000000000001</ele></trkpt><trkpt lat="-26.988843333333328" lon="-48.630401666666664"><ele>1.8</ele></trkpt><trkpt lat="-26.98883" lon="-48.63041666666666"><ele>1.9000000000000001</ele></trkpt><trkpt lat="-26.98881666666667" lon="-48.63043166666667"><ele>2</ele></trkpt><trkpt lat="-26.988803333333333" lon="-48.630444999999995"><ele>2</ele></trkpt><trkpt lat="-26.988794999999996" lon="-48.63045833333334"><ele>1.9000000000000001</ele></trkpt><trkpt lat="-26.988781666666668" lon="-48.63047666666667"><ele>2.5</ele></trkpt><trkpt lat="-26.98877" lon="-48.630489999999995"><ele>2.8</ele></trkpt><trkpt lat="-26.988758333333333" lon="-48.63051"><ele>2.3</ele></trkpt><trkpt lat="-26.988749999999996" lon="-48.630514999999995"><ele>2.1</ele></trkpt><trkpt lat="-26.98874166666667" lon="-48.630513333333326"><ele>2</ele></trkpt><trkpt lat="-26.98874166666667" lon="-48.630513333333326"><ele>2</ele></trkpt><trkpt lat="-26.98874" lon="-48.63050666666666"><ele>2.1</ele></trkpt><trkpt lat="-26.98874166666667" lon="-48.63050833333333"><ele>2</ele></trkpt><trkpt lat="-26.98874166666667" lon="-48.63051"><ele>2.3</ele></trkpt><trkpt lat="-26.98874166666667" lon="-48.63051"><ele>2.3</ele></trkpt><trkpt lat="-26.98874166666667" lon="-48.63051"><ele>2</ele></trkpt><trkpt lat="-26.98874166666667" lon="-48.63051166666667"><ele>1.8</ele></trkpt><trkpt lat="-26.98874" lon="-48.63051166666667"><ele>2.1</ele></trkpt><trkpt lat="-26.988738333333337" lon="-48.63051666666667"><ele>2.3</ele></trkpt><trkpt lat="-26.988738333333337" lon="-48.63051833333334"><ele>2</ele></trkpt><trkpt lat="-26.988738333333337" lon="-48.63052"><ele>2</ele></trkpt><trkpt lat="-26.988738333333337" lon="-48.63052"><ele>2</ele></trkpt><trkpt lat="-26.988738333333337" lon="-48.63052"><ele>2</ele></trkpt><trkpt lat="-26.988738333333337" lon="-48.63052"><ele>2</ele></trkpt><trkpt lat="-26.988738333333337" lon="-48.63052"><ele>2</ele></trkpt><trkpt lat="-26.988719999999997" lon="-48.63054333333333"><ele>2.8</ele></trkpt><trkpt lat="-26.988704999999996" lon="-48.630555"><ele>4.4</ele></trkpt><trkpt lat="-26.988691666666668" lon="-48.630570000000006"><ele>5.5</ele></trkpt><trkpt lat="-26.988676666666667" lon="-48.63057666666667"><ele>5.9</ele></trkpt><trkpt lat="-26.988676666666667" lon="-48.63057666666667"><ele>5.9</ele></trkpt><trkpt lat="-26.988670000000003" lon="-48.63057666666667"><ele>6.5</ele></trkpt><trkpt lat="-26.988671666666665" lon="-48.63057666666667"><ele>6.800000000000001</ele></trkpt><trkpt lat="-26.988676666666667" lon="-48.63057833333334"><ele>7.199999999999999</ele></trkpt><trkpt lat="-26.98868" lon="-48.63057333333333"><ele>7.300000000000001</ele></trkpt><trkpt lat="-26.98868166666667" lon="-48.630571666666675"><ele>7.1</ele></trkpt><trkpt lat="-26.98868" lon="-48.63056666666667"><ele>7.5</ele></trkpt><trkpt lat="-26.98868" lon="-48.63056666666667"><ele>7.699999999999999</ele></trkpt><trkpt lat="-26.98868" lon="-48.63056666666667"><ele>7.699999999999999</ele></trkpt><trkpt lat="-26.98868" lon="-48.63056666666667"><ele>7.9</ele></trkpt><trkpt lat="-26.988676666666667" lon="-48.630565"><ele>7.9</ele></trkpt><trkpt lat="-26.988674999999997" lon="-48.63056666666667"><ele>8.1</ele></trkpt><trkpt lat="-26.988673333333335" lon="-48.630579999999995"><ele>8.3</ele></trkpt><trkpt lat="-26.988656666666664" lon="-48.63059499999999"><ele>8.9</ele></trkpt><trkpt lat="-26.988636666666668" lon="-48.63060833333334"><ele>9.4</ele></trkpt><trkpt lat="-26.988616666666665" lon="-48.630630000000004"><ele>9.2</ele></trkpt><trkpt lat="-26.988595" lon="-48.630655"><ele>8.9</ele></trkpt><trkpt lat="-26.98857666666667" lon="-48.63066833333334"><ele>9.5</ele></trkpt><trkpt lat="-26.98856166666667" lon="-48.63068166666667"><ele>9.6</ele></trkpt><trkpt lat="-26.988558333333337" lon="-48.63068666666666"><ele>9.5</ele></trkpt><trkpt lat="-26.988558333333337" lon="-48.63068333333334"><ele>9.7</ele></trkpt><trkpt lat="-26.988558333333337" lon="-48.63068333333334"><ele>10</ele></trkpt><trkpt lat="-26.988558333333337" lon="-48.63068333333334"><ele>10</ele></trkpt><trkpt lat="-26.98856" lon="-48.63068166666667"><ele>10.5</ele></trkpt><trkpt lat="-26.98856166666667" lon="-48.63068166666667"><ele>10.7</ele></trkpt><trkpt lat="-26.98856166666667" lon="-48.63068833333333"><ele>10.799999999999999</ele></trkpt><trkpt lat="-26.98856" lon="-48.630693333333326"><ele>10.9</ele></trkpt><trkpt lat="-26.988554999999998" lon="-48.630694999999996"><ele>10.799999999999999</ele></trkpt><trkpt lat="-26.988554999999998" lon="-48.630694999999996"><ele>10.799999999999999</ele></trkpt><trkpt lat="-26.988551666666662" lon="-48.630694999999996"><ele>10.799999999999999</ele></trkpt><trkpt lat="-26.98855" lon="-48.63069666666667"><ele>10.7</ele></trkpt><trkpt lat="-26.988546666666668" lon="-48.630694999999996"><ele>10.6</ele></trkpt><trkpt lat="-26.988546666666668" lon="-48.630694999999996"><ele>10.6</ele></trkpt><trkpt lat="-26.988546666666668" lon="-48.630694999999996"><ele>10.6</ele></trkpt><trkpt lat="-26.988539999999997" lon="-48.63070333333334"><ele>10.5</ele></trkpt><trkpt lat="-26.988533333333333" lon="-48.630714999999995"><ele>10.2</ele></trkpt><trkpt lat="-26.988526666666665" lon="-48.63072833333334"><ele>9.1</ele></trkpt><trkpt lat="-26.988509999999998" lon="-48.63074333333334"><ele>8.4</ele></trkpt><trkpt lat="-26.988491666666665" lon="-48.630761666666665"><ele>7.9</ele></trkpt><trkpt lat="-26.98847333333333" lon="-48.630783333333326"><ele>7.5</ele></trkpt><trkpt lat="-26.988456666666668" lon="-48.6308"><ele>7.4</ele></trkpt><trkpt lat="-26.98844166666667" lon="-48.63081666666667"><ele>7.1</ele></trkpt><trkpt lat="-26.98843" lon="-48.63083166666667"><ele>6.9</ele></trkpt><trkpt lat="-26.988419999999998" lon="-48.63084166666666"><ele>6.800000000000001</ele></trkpt><trkpt lat="-26.988415" lon="-48.63084666666667"><ele>7.4</ele></trkpt><trkpt lat="-26.988415" lon="-48.630851666666665"><ele>7.9</ele></trkpt><trkpt lat="-26.988415" lon="-48.630851666666665"><ele>7.9</ele></trkpt><trkpt lat="-26.988416666666662" lon="-48.630855000000004"><ele>8.9</ele></trkpt><trkpt lat="-26.988418333333335" lon="-48.630855000000004"><ele>9.6</ele></trkpt><trkpt lat="-26.988423333333337" lon="-48.630855000000004"><ele>10.5</ele></trkpt><trkpt lat="-26.988425" lon="-48.630851666666665"><ele>11</ele></trkpt><trkpt lat="-26.988425" lon="-48.630849999999995"><ele>11.5</ele></trkpt><trkpt lat="-26.988425" lon="-48.630849999999995"><ele>11.5</ele></trkpt><trkpt lat="-26.988421666666667" lon="-48.630845"><ele>11.6</ele></trkpt><trkpt lat="-26.988419999999998" lon="-48.63084666666667"><ele>11.5</ele></trkpt><trkpt lat="-26.988418333333335" lon="-48.630845"><ele>11.4</ele></trkpt><trkpt lat="-26.988418333333335" lon="-48.630845"><ele>11.4</ele></trkpt><trkpt lat="-26.988418333333335" lon="-48.630845"><ele>11.4</ele></trkpt><trkpt lat="-26.988418333333335" lon="-48.630845"><ele>11.4</ele></trkpt><trkpt lat="-26.988418333333335" lon="-48.630845"><ele>11.4</ele></trkpt><trkpt lat="-26.988418333333335" lon="-48.630845"><ele>11.4</ele></trkpt><trkpt lat="-26.988418333333335" lon="-48.630845"><ele>11.4</ele></trkpt><trkpt lat="-26.988418333333335" lon="-48.630845"><ele>11.4</ele></trkpt><trkpt lat="-26.988418333333335" lon="-48.630845"><ele>11.4</ele></trkpt><trkpt lat="-26.98841333333333" lon="-48.630851666666665"><ele>10.4</ele></trkpt><trkpt lat="-26.98841333333333" lon="-48.630851666666665"><ele>10.4</ele></trkpt><trkpt lat="-26.988408333333336" lon="-48.63086"><ele>10.2</ele></trkpt><trkpt lat="-26.988401666666665" lon="-48.63087"><ele>10.4</ele></trkpt><trkpt lat="-26.988388333333333" lon="-48.630874999999996"><ele>10.299999999999999</ele></trkpt><trkpt lat="-26.988388333333333" lon="-48.630874999999996"><ele>10.299999999999999</ele></trkpt><trkpt lat="-26.98838" lon="-48.63088166666667"><ele>10.5</ele></trkpt><trkpt lat="-26.988376666666667" lon="-48.63089166666667"><ele>10.6</ele></trkpt><trkpt lat="-26.988374999999998" lon="-48.63090333333333"><ele>10.799999999999999</ele></trkpt><trkpt lat="-26.98836833333333" lon="-48.630905"><ele>10.799999999999999</ele></trkpt><trkpt lat="-26.988361666666666" lon="-48.63090166666666"><ele>10.6</ele></trkpt><trkpt lat="-26.988355000000002" lon="-48.630894999999995"><ele>10.4</ele></trkpt><trkpt lat="-26.98835" lon="-48.63089166666667"><ele>10.1</ele></trkpt><trkpt lat="-26.988341666666663" lon="-48.630885000000006"><ele>9.799999999999999</ele></trkpt><trkpt lat="-26.988333333333337" lon="-48.63087666666667"><ele>9.6</ele></trkpt><trkpt lat="-26.988333333333337" lon="-48.63087666666667"><ele>9.6</ele></trkpt><trkpt lat="-26.988328333333335" lon="-48.63087166666666"><ele>9.4</ele></trkpt><trkpt lat="-26.98832333333333" lon="-48.63087333333333"><ele>9.3</ele></trkpt><trkpt lat="-26.988314999999997" lon="-48.630885000000006"><ele>9</ele></trkpt><trkpt lat="-26.988301666666665" lon="-48.63090333333333"><ele>8.7</ele></trkpt><trkpt lat="-26.98829166666667" lon="-48.630930000000006"><ele>8.3</ele></trkpt><trkpt lat="-26.98828" lon="-48.63095666666666"><ele>8.4</ele></trkpt><trkpt lat="-26.988265000000002" lon="-48.630988333333335"><ele>8.1</ele></trkpt><trkpt lat="-26.98824833333333" lon="-48.63101333333334"><ele>7.800000000000001</ele></trkpt><trkpt lat="-26.988229999999998" lon="-48.631029999999996"><ele>7.9</ele></trkpt><trkpt lat="-26.988211666666665" lon="-48.63104499999999"><ele>8.2</ele></trkpt><trkpt lat="-26.98820333333333" lon="-48.63105666666667"><ele>8.5</ele></trkpt><trkpt lat="-26.988198333333337" lon="-48.63106166666667"><ele>8.5</ele></trkpt><trkpt lat="-26.988198333333337" lon="-48.63106166666667"><ele>8.5</ele></trkpt><trkpt lat="-26.988195000000005" lon="-48.63106500000001"><ele>8.7</ele></trkpt><trkpt lat="-26.988196666666667" lon="-48.63106666666666"><ele>9.2</ele></trkpt><trkpt lat="-26.9882" lon="-48.63106666666666"><ele>9.799999999999999</ele></trkpt><trkpt lat="-26.98820333333333" lon="-48.63106500000001"><ele>10</ele></trkpt><trkpt lat="-26.988206666666663" lon="-48.63106666666666"><ele>10.299999999999999</ele></trkpt><trkpt lat="-26.988206666666663" lon="-48.63106666666666"><ele>10.299999999999999</ele></trkpt><trkpt lat="-26.988210000000002" lon="-48.63106833333333"><ele>10.7</ele></trkpt><trkpt lat="-26.988218333333332" lon="-48.63107333333334"><ele>11.2</ele></trkpt><trkpt lat="-26.988223333333334" lon="-48.631074999999996"><ele>12</ele></trkpt><trkpt lat="-26.988221666666664" lon="-48.63107166666667"><ele>12.5</ele></trkpt><trkpt lat="-26.988218333333332" lon="-48.63106666666666"><ele>12.6</ele></trkpt><trkpt lat="-26.988218333333332" lon="-48.63106666666666"><ele>12.6</ele></trkpt><trkpt lat="-26.988218333333332" lon="-48.63106666666666"><ele>12.6</ele></trkpt><trkpt lat="-26.988218333333332" lon="-48.63106666666666"><ele>12.6</ele></trkpt><trkpt lat="-26.988218333333332" lon="-48.63106666666666"><ele>12.6</ele></trkpt><trkpt lat="-26.988218333333332" lon="-48.63106666666666"><ele>12.6</ele></trkpt><trkpt lat="-26.988218333333332" lon="-48.63106666666666"><ele>12.6</ele></trkpt><trkpt lat="-26.988218333333332" lon="-48.63106666666666"><ele>12.6</ele></trkpt><trkpt lat="-26.988218333333332" lon="-48.63106666666666"><ele>12.6</ele></trkpt><trkpt lat="-26.988218333333332" lon="-48.63106666666666"><ele>12.6</ele></trkpt><trkpt lat="-26.988218333333332" lon="-48.63106666666666"><ele>12.6</ele></trkpt><trkpt lat="-26.988210000000002" lon="-48.63106"><ele>11.4</ele></trkpt><trkpt lat="-26.988211666666665" lon="-48.63106166666667"><ele>11.7</ele></trkpt><trkpt lat="-26.988211666666665" lon="-48.63105833333334"><ele>11.9</ele></trkpt><trkpt lat="-26.988208333333333" lon="-48.631054999999996"><ele>12</ele></trkpt><trkpt lat="-26.988208333333333" lon="-48.631054999999996"><ele>12</ele></trkpt><trkpt lat="-26.988208333333333" lon="-48.631054999999996"><ele>12</ele></trkpt><trkpt lat="-26.988208333333333" lon="-48.631054999999996"><ele>12</ele></trkpt><trkpt lat="-26.988208333333333" lon="-48.631054999999996"><ele>12</ele></trkpt><trkpt lat="-26.988208333333333" lon="-48.631054999999996"><ele>12</ele></trkpt><trkpt lat="-26.988208333333333" lon="-48.631054999999996"><ele>12</ele></trkpt><trkpt lat="-26.988208333333333" lon="-48.631054999999996"><ele>12</ele></trkpt><trkpt lat="-26.988208333333333" lon="-48.631054999999996"><ele>12</ele></trkpt><trkpt lat="-26.988208333333333" lon="-48.631054999999996"><ele>12</ele></trkpt><trkpt lat="-26.988208333333333" lon="-48.631054999999996"><ele>12</ele></trkpt><trkpt lat="-26.988210000000002" lon="-48.63108166666666"><ele>12</ele></trkpt><trkpt lat="-26.988225000000003" lon="-48.631074999999996"><ele>12.2</ele></trkpt><trkpt lat="-26.988240000000005" lon="-48.63106333333334"><ele>12.2</ele></trkpt><trkpt lat="-26.988253333333333" lon="-48.63105166666666"><ele>11.6</ele></trkpt><trkpt lat="-26.988270000000004" lon="-48.631029999999996"><ele>11.299999999999999</ele></trkpt><trkpt lat="-26.988288333333337" lon="-48.63101166666667"><ele>11.1</ele></trkpt><trkpt lat="-26.988301666666665" lon="-48.63099166666666"><ele>10.9</ele></trkpt><trkpt lat="-26.98830666666667" lon="-48.63097"><ele>10.1</ele></trkpt><trkpt lat="-26.988314999999997" lon="-48.63095833333333"><ele>9.799999999999999</ele></trkpt><trkpt lat="-26.988321666666668" lon="-48.63094666666666"><ele>9.1</ele></trkpt><trkpt lat="-26.988333333333337" lon="-48.630941666666665"><ele>8.5</ele></trkpt><trkpt lat="-26.98835" lon="-48.630939999999995"><ele>7.699999999999999</ele></trkpt><trkpt lat="-26.988363333333336" lon="-48.63092833333334"><ele>7.699999999999999</ele></trkpt><trkpt lat="-26.988376666666667" lon="-48.63092166666667"><ele>7.300000000000001</ele></trkpt><trkpt lat="-26.988391666666665" lon="-48.63090833333334"><ele>7</ele></trkpt><trkpt lat="-26.988401666666665" lon="-48.63088833333333"><ele>7.300000000000001</ele></trkpt><trkpt lat="-26.988406666666666" lon="-48.630874999999996"><ele>7.199999999999999</ele></trkpt><trkpt lat="-26.988404999999997" lon="-48.63087333333333"><ele>7.5</ele></trkpt><trkpt lat="-26.988401666666665" lon="-48.63086666666666"><ele>7.9</ele></trkpt><trkpt lat="-26.988401666666665" lon="-48.63086499999999"><ele>7.699999999999999</ele></trkpt><trkpt lat="-26.988398333333333" lon="-48.63087"><ele>7.5</ele></trkpt><trkpt lat="-26.98839666666667" lon="-48.63086666666666"><ele>7.6</ele></trkpt><trkpt lat="-26.988398333333333" lon="-48.63085666666666"><ele>7.9</ele></trkpt><trkpt lat="-26.988398333333333" lon="-48.630849999999995"><ele>8.2</ele></trkpt><trkpt lat="-26.988398333333333" lon="-48.630845"><ele>8.4</ele></trkpt><trkpt lat="-26.988398333333333" lon="-48.63084333333333"><ele>8.4</ele></trkpt><trkpt lat="-26.988401666666665" lon="-48.63084333333333"><ele>8.3</ele></trkpt><trkpt lat="-26.988406666666666" lon="-48.63084333333333"><ele>8.4</ele></trkpt><trkpt lat="-26.988406666666666" lon="-48.63084333333333"><ele>8.4</ele></trkpt><trkpt lat="-26.98841" lon="-48.630845"><ele>8.4</ele></trkpt><trkpt lat="-26.988411666666668" lon="-48.63084166666666"><ele>8.4</ele></trkpt><trkpt lat="-26.988411666666668" lon="-48.63084166666666"><ele>8.4</ele></trkpt><trkpt lat="-26.988411666666668" lon="-48.63084166666666"><ele>8.4</ele></trkpt><trkpt lat="-26.988411666666668" lon="-48.63084166666666"><ele>8.4</ele></trkpt><trkpt lat="-26.988411666666668" lon="-48.63084166666666"><ele>8.4</ele></trkpt><trkpt lat="-26.988411666666668" lon="-48.63084166666666"><ele>8.4</ele></trkpt><trkpt lat="-26.988411666666668" lon="-48.63084166666666"><ele>8.4</ele></trkpt><trkpt lat="-26.988411666666668" lon="-48.63084166666666"><ele>8.4</ele></trkpt><trkpt lat="-26.988411666666668" lon="-48.63084166666666"><ele>8.4</ele></trkpt><trkpt lat="-26.988411666666668" lon="-48.63084166666666"><ele>8.4</ele></trkpt><trkpt lat="-26.988416666666662" lon="-48.63082333333333"><ele>8.8</ele></trkpt><trkpt lat="-26.988415" lon="-48.63083333333334"><ele>8.7</ele></trkpt><trkpt lat="-26.988404999999997" lon="-48.630849999999995"><ele>8.8</ele></trkpt><trkpt lat="-26.988391666666665" lon="-48.63087"><ele>8.8</ele></trkpt><trkpt lat="-26.98836833333333" lon="-48.630898333333334"><ele>9</ele></trkpt><trkpt lat="-26.988346666666665" lon="-48.63092333333334"><ele>9</ele></trkpt><trkpt lat="-26.988316666666666" lon="-48.63095166666667"><ele>9.2</ele></trkpt><trkpt lat="-26.98829166666667" lon="-48.630984999999995"><ele>8.7</ele></trkpt><trkpt lat="-26.988270000000004" lon="-48.63101166666667"><ele>8.3</ele></trkpt><trkpt lat="-26.988251666666663" lon="-48.63103833333333"><ele>7</ele></trkpt><trkpt lat="-26.988225000000003" lon="-48.63106333333334"><ele>6.1</ele></trkpt><trkpt lat="-26.988195000000005" lon="-48.63109666666666"><ele>6.4</ele></trkpt><trkpt lat="-26.988166666666665" lon="-48.63113333333334"><ele>6.5</ele></trkpt><trkpt lat="-26.988155" lon="-48.63115666666666"><ele>6.4</ele></trkpt><trkpt lat="-26.988138333333335" lon="-48.63117666666667"><ele>6.6</ele></trkpt><trkpt lat="-26.988120000000002" lon="-48.63120166666666"><ele>7.6</ele></trkpt><trkpt lat="-26.98809833333333" lon="-48.63122499999999"><ele>8</ele></trkpt><trkpt lat="-26.98808166666667" lon="-48.631254999999996"><ele>8.1</ele></trkpt><trkpt lat="-26.988063333333336" lon="-48.63128333333334"><ele>7.6</ele></trkpt><trkpt lat="-26.988051666666667" lon="-48.63129166666666"><ele>8.2</ele></trkpt><trkpt lat="-26.98804" lon="-48.631285"><ele>8.2</ele></trkpt><trkpt lat="-26.988031666666664" lon="-48.63128333333334"><ele>8.4</ele></trkpt><trkpt lat="-26.988025" lon="-48.631285"><ele>8.5</ele></trkpt><trkpt lat="-26.988025" lon="-48.631285"><ele>8.5</ele></trkpt><trkpt lat="-26.988026666666663" lon="-48.63128333333334"><ele>8.2</ele></trkpt><trkpt lat="-26.988028333333332" lon="-48.63128333333334"><ele>8.2</ele></trkpt><trkpt lat="-26.988026666666663" lon="-48.631285"><ele>8.4</ele></trkpt><trkpt lat="-26.988028333333332" lon="-48.63128833333334"><ele>8.1</ele></trkpt><trkpt lat="-26.988030000000002" lon="-48.63129000000001"><ele>8.2</ele></trkpt><trkpt lat="-26.988033333333338" lon="-48.63129333333333"><ele>8.4</ele></trkpt><trkpt lat="-26.988033333333338" lon="-48.63129333333333"><ele>8.4</ele></trkpt><trkpt lat="-26.988026666666663" lon="-48.63129333333333"><ele>9</ele></trkpt><trkpt lat="-26.98802" lon="-48.631299999999996"><ele>9.4</ele></trkpt><trkpt lat="-26.988006666666667" lon="-48.63131"><ele>9.6</ele></trkpt><trkpt lat="-26.987985000000002" lon="-48.63131666666666"><ele>10.9</ele></trkpt><trkpt lat="-26.987968333333335" lon="-48.63132666666667"><ele>11.2</ele></trkpt><trkpt lat="-26.987953333333333" lon="-48.63134333333334"><ele>11.299999999999999</ele></trkpt><trkpt lat="-26.987948333333332" lon="-48.631346666666666"><ele>10.7</ele></trkpt><trkpt lat="-26.98794666666667" lon="-48.631348333333335"><ele>10.7</ele></trkpt><trkpt lat="-26.987945" lon="-48.63135333333333"><ele>10.7</ele></trkpt><trkpt lat="-26.987941666666664" lon="-48.63135333333333"><ele>10.9</ele></trkpt><trkpt lat="-26.987938333333332" lon="-48.631355"><ele>11</ele></trkpt><trkpt lat="-26.987938333333332" lon="-48.631355"><ele>11</ele></trkpt><trkpt lat="-26.987936666666663" lon="-48.63135833333334"><ele>10.7</ele></trkpt><trkpt lat="-26.987940000000002" lon="-48.63136166666666"><ele>10.9</ele></trkpt><trkpt lat="-26.987945" lon="-48.63136333333333"><ele>10.9</ele></trkpt><trkpt lat="-26.987948333333332" lon="-48.631365"><ele>10.7</ele></trkpt><trkpt lat="-26.987948333333332" lon="-48.63137"><ele>10.6</ele></trkpt><trkpt lat="-26.987948333333332" lon="-48.63137"><ele>10.6</ele></trkpt><trkpt lat="-26.98795" lon="-48.63137833333334"><ele>9.9</ele></trkpt><trkpt lat="-26.98794666666667" lon="-48.631385"><ele>10</ele></trkpt><trkpt lat="-26.987938333333332" lon="-48.631395000000005"><ele>9.7</ele></trkpt><trkpt lat="-26.987935" lon="-48.63140666666666"><ele>9.6</ele></trkpt><trkpt lat="-26.987923333333335" lon="-48.63142"><ele>9.4</ele></trkpt><trkpt lat="-26.987905" lon="-48.631434999999996"><ele>9.6</ele></trkpt><trkpt lat="-26.987885" lon="-48.631445"><ele>9.4</ele></trkpt><trkpt lat="-26.987865000000003" lon="-48.631461666666674"><ele>9.3</ele></trkpt><trkpt lat="-26.98785" lon="-48.63147000000001"><ele>9.1</ele></trkpt><trkpt lat="-26.987836666666666" lon="-48.631479999999996"><ele>8.9</ele></trkpt><trkpt lat="-26.987824999999997" lon="-48.631485000000005"><ele>8.6</ele></trkpt><trkpt lat="-26.987823333333335" lon="-48.631485000000005"><ele>8.7</ele></trkpt><trkpt lat="-26.987823333333335" lon="-48.631485000000005"><ele>8.7</ele></trkpt><trkpt lat="-26.987821666666665" lon="-48.63147833333334"><ele>8.7</ele></trkpt><trkpt lat="-26.987820000000003" lon="-48.63147666666667"><ele>8.5</ele></trkpt><trkpt lat="-26.987820000000003" lon="-48.63147666666667"><ele>8.4</ele></trkpt><trkpt lat="-26.987820000000003" lon="-48.63147666666667"><ele>8.4</ele></trkpt><trkpt lat="-26.987824999999997" lon="-48.631475"><ele>7.800000000000001</ele></trkpt><trkpt lat="-26.987826666666667" lon="-48.63147666666667"><ele>7.5</ele></trkpt><trkpt lat="-26.987824999999997" lon="-48.631475"><ele>7.1</ele></trkpt><trkpt lat="-26.987824999999997" lon="-48.63147333333333"><ele>6.699999999999999</ele></trkpt><trkpt lat="-26.987826666666667" lon="-48.63147166666666"><ele>6.699999999999999</ele></trkpt><trkpt lat="-26.987826666666667" lon="-48.63147166666666"><ele>6.699999999999999</ele></trkpt><trkpt lat="-26.987826666666667" lon="-48.63147166666666"><ele>6.699999999999999</ele></trkpt><trkpt lat="-26.987826666666667" lon="-48.63147166666666"><ele>6.699999999999999</ele></trkpt><trkpt lat="-26.987826666666667" lon="-48.63147166666666"><ele>6.699999999999999</ele></trkpt><trkpt lat="-26.987826666666667" lon="-48.63147166666666"><ele>6.699999999999999</ele></trkpt><trkpt lat="-26.987826666666667" lon="-48.63147166666666"><ele>6.699999999999999</ele></trkpt><trkpt lat="-26.987826666666667" lon="-48.63147166666666"><ele>6.699999999999999</ele></trkpt><trkpt lat="-26.987826666666667" lon="-48.63147166666666"><ele>6.699999999999999</ele></trkpt><trkpt lat="-26.987826666666667" lon="-48.63147166666666"><ele>6.699999999999999</ele></trkpt><trkpt lat="-26.987826666666667" lon="-48.63147166666666"><ele>6.699999999999999</ele></trkpt><trkpt lat="-26.987826666666667" lon="-48.63147166666666"><ele>6.699999999999999</ele></trkpt><trkpt lat="-26.987826666666667" lon="-48.63147166666666"><ele>6.699999999999999</ele></trkpt><trkpt lat="-26.987826666666667" lon="-48.63147166666666"><ele>6.699999999999999</ele></trkpt><trkpt lat="-26.987826666666667" lon="-48.63147166666666"><ele>6.699999999999999</ele></trkpt><trkpt lat="-26.987826666666667" lon="-48.63147166666666"><ele>6.699999999999999</ele></trkpt><trkpt lat="-26.987826666666667" lon="-48.63147166666666"><ele>6.699999999999999</ele></trkpt><trkpt lat="-26.987826666666667" lon="-48.63147166666666"><ele>6.699999999999999</ele></trkpt><trkpt lat="-26.987826666666667" lon="-48.63147166666666"><ele>6.699999999999999</ele></trkpt><trkpt lat="-26.987826666666667" lon="-48.63147166666666"><ele>6.699999999999999</ele></trkpt><trkpt lat="-26.987826666666667" lon="-48.63147166666666"><ele>6.699999999999999</ele></trkpt><trkpt lat="-26.987826666666667" lon="-48.63147166666666"><ele>6.699999999999999</ele></trkpt><trkpt lat="-26.987826666666667" lon="-48.63147166666666"><ele>6.699999999999999</ele></trkpt><trkpt lat="-26.987826666666667" lon="-48.63147166666666"><ele>6.699999999999999</ele></trkpt><trkpt lat="-26.987826666666667" lon="-48.63147166666666"><ele>6.699999999999999</ele></trkpt><trkpt lat="-26.987826666666667" lon="-48.63147166666666"><ele>6.699999999999999</ele></trkpt><trkpt lat="-26.987826666666667" lon="-48.63147166666666"><ele>6.699999999999999</ele></trkpt><trkpt lat="-26.987826666666667" lon="-48.63147166666666"><ele>6.699999999999999</ele></trkpt><trkpt lat="-26.987758333333332" lon="-48.63144333333333"><ele>9</ele></trkpt><trkpt lat="-26.987745000000004" lon="-48.63146"><ele>9.1</ele></trkpt><trkpt lat="-26.987733333333335" lon="-48.631479999999996"><ele>9</ele></trkpt><trkpt lat="-26.987713333333332" lon="-48.63150333333333"><ele>9</ele></trkpt><trkpt lat="-26.987689999999997" lon="-48.631524999999996"><ele>8.3</ele></trkpt><trkpt lat="-26.987665" lon="-48.63154333333333"><ele>7.699999999999999</ele></trkpt><trkpt lat="-26.98765166666667" lon="-48.63155666666667"><ele>7.6</ele></trkpt><trkpt lat="-26.987635" lon="-48.63156833333334"><ele>7.1</ele></trkpt><trkpt lat="-26.98762" lon="-48.631584999999994"><ele>6.5</ele></trkpt><trkpt lat="-26.98760333333333" lon="-48.63160833333333"><ele>6.4</ele></trkpt><trkpt lat="-26.987593333333333" lon="-48.63162666666667"><ele>5</ele></trkpt><trkpt lat="-26.98757833333333" lon="-48.63163833333333"><ele>5.2</ele></trkpt><trkpt lat="-26.987571666666668" lon="-48.631645"><ele>4.7</ele></trkpt><trkpt lat="-26.987565000000004" lon="-48.63164833333334"><ele>4.6</ele></trkpt><trkpt lat="-26.987563333333334" lon="-48.63164666666667"><ele>4.4</ele></trkpt><trkpt lat="-26.987566666666666" lon="-48.631645"><ele>4.4</ele></trkpt><trkpt lat="-26.987563333333334" lon="-48.63164333333334"><ele>5</ele></trkpt><trkpt lat="-26.987563333333334" lon="-48.63164333333334"><ele>5.4</ele></trkpt><trkpt lat="-26.987565000000004" lon="-48.63164333333334"><ele>5.5</ele></trkpt><trkpt lat="-26.987565000000004" lon="-48.63164333333334"><ele>5.300000000000001</ele></trkpt><trkpt lat="-26.987566666666666" lon="-48.631645"><ele>5.2</ele></trkpt><trkpt lat="-26.987566666666666" lon="-48.631645"><ele>5.2</ele></trkpt><trkpt lat="-26.987566666666666" lon="-48.63164666666667"><ele>4.9</ele></trkpt><trkpt lat="-26.987566666666666" lon="-48.63164666666667"><ele>4.9</ele></trkpt><trkpt lat="-26.987566666666666" lon="-48.63164666666667"><ele>4.9</ele></trkpt><trkpt lat="-26.987566666666666" lon="-48.63164666666667"><ele>4.9</ele></trkpt><trkpt lat="-26.987566666666666" lon="-48.63164666666667"><ele>4.9</ele></trkpt><trkpt lat="-26.987566666666666" lon="-48.63164666666667"><ele>4.9</ele></trkpt><trkpt lat="-26.987566666666666" lon="-48.63164666666667"><ele>4.9</ele></trkpt><trkpt lat="-26.987566666666666" lon="-48.63164666666667"><ele>4.9</ele></trkpt><trkpt lat="-26.987566666666666" lon="-48.63164666666667"><ele>4.9</ele></trkpt><trkpt lat="-26.987566666666666" lon="-48.63164666666667"><ele>4.9</ele></trkpt><trkpt lat="-26.987566666666666" lon="-48.63164666666667"><ele>4.9</ele></trkpt><trkpt lat="-26.987566666666666" lon="-48.63164666666667"><ele>4.9</ele></trkpt><trkpt lat="-26.987566666666666" lon="-48.63164666666667"><ele>4.9</ele></trkpt><trkpt lat="-26.987566666666666" lon="-48.63164666666667"><ele>4.9</ele></trkpt><trkpt lat="-26.987566666666666" lon="-48.63164666666667"><ele>4.9</ele></trkpt><trkpt lat="-26.987566666666666" lon="-48.63164666666667"><ele>4.9</ele></trkpt><trkpt lat="-26.98754666666667" lon="-48.63166833333333"><ele>3.5</ele></trkpt><trkpt lat="-26.987551666666665" lon="-48.63167"><ele>3.3</ele></trkpt><trkpt lat="-26.987565000000004" lon="-48.63166833333333"><ele>3.4000000000000004</ele></trkpt><trkpt lat="-26.987585" lon="-48.63165666666667"><ele>3.9</ele></trkpt><trkpt lat="-26.987599999999997" lon="-48.63164333333334"><ele>4</ele></trkpt><trkpt lat="-26.987628333333337" lon="-48.631635"><ele>4.300000000000001</ele></trkpt><trkpt lat="-26.98765166666667" lon="-48.63161333333334"><ele>4.4</ele></trkpt><trkpt lat="-26.987668333333332" lon="-48.63158833333333"><ele>4.6</ele></trkpt><trkpt lat="-26.987683333333333" lon="-48.63156833333334"><ele>4.5</ele></trkpt><trkpt lat="-26.98769666666667" lon="-48.63154833333333"><ele>4.6</ele></trkpt><trkpt lat="-26.98771" lon="-48.631528333333335"><ele>4.300000000000001</ele></trkpt><trkpt lat="-26.987728333333333" lon="-48.63151833333333"><ele>3.5</ele></trkpt><trkpt lat="-26.987743333333334" lon="-48.631505"><ele>3.5</ele></trkpt><trkpt lat="-26.98776" lon="-48.63149333333334"><ele>3.6</ele></trkpt><trkpt lat="-26.987781666666667" lon="-48.63149"><ele>3.2</ele></trkpt><trkpt lat="-26.987801666666662" lon="-48.631485000000005"><ele>3.1</ele></trkpt><trkpt lat="-26.987823333333335" lon="-48.63147666666667"><ele>2.5</ele></trkpt><trkpt lat="-26.98784" lon="-48.63146666666667"><ele>2.3</ele></trkpt><trkpt lat="-26.987855" lon="-48.631461666666674"><ele>1.4000000000000001</ele></trkpt><trkpt lat="-26.987865000000003" lon="-48.63145833333333"><ele>1</ele></trkpt><trkpt lat="-26.987866666666665" lon="-48.631461666666674"><ele>0.6000000000000001</ele></trkpt><trkpt lat="-26.987868333333335" lon="-48.631465"><ele>0.30000000000000004</ele></trkpt><trkpt lat="-26.987866666666665" lon="-48.63146666666667"><ele>0.30000000000000004</ele></trkpt><trkpt lat="-26.987865000000003" lon="-48.631465"><ele>0.30000000000000004</ele></trkpt><trkpt lat="-26.987865000000003" lon="-48.631465"><ele>0.30000000000000004</ele></trkpt><trkpt lat="-26.98786" lon="-48.63146"><ele>0</ele></trkpt><trkpt lat="-26.98786" lon="-48.63146"><ele>0</ele></trkpt><trkpt lat="-26.98786" lon="-48.63146"><ele>0</ele></trkpt><trkpt lat="-26.98785833333333" lon="-48.631455"><ele>-0.09999999999999987</ele></trkpt><trkpt lat="-26.987851666666664" lon="-48.631449999999994"><ele>-0.09999999999999987</ele></trkpt><trkpt lat="-26.987848333333332" lon="-48.63144333333333"><ele>-0.19999999999999996</ele></trkpt><trkpt lat="-26.987845" lon="-48.631436666666666"><ele>-0.19999999999999996</ele></trkpt><trkpt lat="-26.98784333333333" lon="-48.63143"><ele>-0.2999999999999998</ele></trkpt><trkpt lat="-26.98784333333333" lon="-48.63143"><ele>-0.2999999999999998</ele></trkpt><trkpt lat="-26.98784333333333" lon="-48.63143"><ele>-0.2999999999999998</ele></trkpt><trkpt lat="-26.98784333333333" lon="-48.63143"><ele>-0.2999999999999998</ele></trkpt><trkpt lat="-26.98784333333333" lon="-48.63143"><ele>-0.2999999999999998</ele></trkpt><trkpt lat="-26.98784333333333" lon="-48.63143"><ele>-0.2999999999999998</ele></trkpt><trkpt lat="-26.98784333333333" lon="-48.63143"><ele>-0.2999999999999998</ele></trkpt><trkpt lat="-26.98784333333333" lon="-48.63143"><ele>-0.2999999999999998</ele></trkpt><trkpt lat="-26.98784333333333" lon="-48.63143"><ele>-0.2999999999999998</ele></trkpt><trkpt lat="-26.987841666666668" lon="-48.631416666666674"><ele>0.6000000000000001</ele></trkpt><trkpt lat="-26.987841666666668" lon="-48.63141"><ele>0.7000000000000001</ele></trkpt><trkpt lat="-26.987841666666668" lon="-48.63140666666666"><ele>0.7000000000000001</ele></trkpt><trkpt lat="-26.98783166666666" lon="-48.63140333333334"><ele>0.6000000000000001</ele></trkpt><trkpt lat="-26.987815" lon="-48.63140833333333"><ele>0.8</ele></trkpt><trkpt lat="-26.987803333333332" lon="-48.63143"><ele>0.10000000000000009</ele></trkpt><trkpt lat="-26.987788333333334" lon="-48.63145166666666"><ele>-0.09999999999999987</ele></trkpt><trkpt lat="-26.98777" lon="-48.631475"><ele>-0.2999999999999998</ele></trkpt><trkpt lat="-26.987748333333336" lon="-48.63150333333333"><ele>-0.6000000000000001</ele></trkpt><trkpt lat="-26.98772333333333" lon="-48.631530000000005"><ele>-0.7999999999999998</ele></trkpt><trkpt lat="-26.987691666666667" lon="-48.63155"><ele>-0.3999999999999999</ele></trkpt><trkpt lat="-26.987661666666668" lon="-48.63156666666667"><ele>-0.2999999999999998</ele></trkpt><trkpt lat="-26.987641666666665" lon="-48.63158166666667"><ele>-0.7999999999999998</ele></trkpt><trkpt lat="-26.987625" lon="-48.63160333333334"><ele>-0.8999999999999999</ele></trkpt><trkpt lat="-26.987598333333334" lon="-48.63162666666667"><ele>-0.2999999999999998</ele></trkpt><trkpt lat="-26.987575" lon="-48.63165166666666"><ele>-0.2999999999999998</ele></trkpt><trkpt lat="-26.987554999999997" lon="-48.63167"><ele>-0.09999999999999987</ele></trkpt><trkpt lat="-26.987535" lon="-48.63169333333334"><ele>-0.09999999999999987</ele></trkpt><trkpt lat="-26.98751333333333" lon="-48.63173"><ele>0.10000000000000009</ele></trkpt><trkpt lat="-26.98748833333333" lon="-48.63175"><ele>0.5</ele></trkpt><trkpt lat="-26.987464999999997" lon="-48.63177166666666"><ele>1</ele></trkpt><trkpt lat="-26.987445" lon="-48.63179"><ele>1.2000000000000002</ele></trkpt><trkpt lat="-26.987424999999998" lon="-48.631805"><ele>1.9000000000000001</ele></trkpt><trkpt lat="-26.987415000000002" lon="-48.631821666666674"><ele>2.9000000000000004</ele></trkpt><trkpt lat="-26.987415000000002" lon="-48.63183166666666"><ele>3.8000000000000003</ele></trkpt><trkpt lat="-26.987418333333334" lon="-48.63184"><ele>4.6</ele></trkpt><trkpt lat="-26.987421666666666" lon="-48.631845000000006"><ele>5.1</ele></trkpt><trkpt lat="-26.987421666666666" lon="-48.63184666666666"><ele>5.300000000000001</ele></trkpt><trkpt lat="-26.987421666666666" lon="-48.63184833333333"><ele>5.800000000000001</ele></trkpt><trkpt lat="-26.98742333333333" lon="-48.63184833333333"><ele>6.1</ele></trkpt><trkpt lat="-26.98742333333333" lon="-48.63185"><ele>6.4</ele></trkpt><trkpt lat="-26.98742333333333" lon="-48.63185"><ele>6.4</ele></trkpt><trkpt lat="-26.987419999999997" lon="-48.63185"><ele>6.1</ele></trkpt><trkpt lat="-26.987416666666665" lon="-48.63185166666667"><ele>6.1</ele></trkpt><trkpt lat="-26.987418333333334" lon="-48.631854999999995"><ele>6.199999999999999</ele></trkpt><trkpt lat="-26.987418333333334" lon="-48.631854999999995"><ele>6.199999999999999</ele></trkpt><trkpt lat="-26.987418333333334" lon="-48.631854999999995"><ele>6.199999999999999</ele></trkpt><trkpt lat="-26.987418333333334" lon="-48.631854999999995"><ele>6.199999999999999</ele></trkpt><trkpt lat="-26.987418333333334" lon="-48.631854999999995"><ele>6.199999999999999</ele></trkpt><trkpt lat="-26.987418333333334" lon="-48.631854999999995"><ele>6.199999999999999</ele></trkpt><trkpt lat="-26.987416666666665" lon="-48.631885"><ele>7.4</ele></trkpt><trkpt lat="-26.98740666666667" lon="-48.631895"><ele>7.5</ele></trkpt><trkpt lat="-26.987401666666663" lon="-48.631905"><ele>7.5</ele></trkpt><trkpt lat="-26.987389999999998" lon="-48.63191"><ele>7.300000000000001</ele></trkpt><trkpt lat="-26.98737833333333" lon="-48.631925"><ele>7.1</ele></trkpt><trkpt lat="-26.987368333333333" lon="-48.63194"><ele>6.9</ele></trkpt><trkpt lat="-26.98736" lon="-48.63195333333333"><ele>6.6</ele></trkpt><trkpt lat="-26.98734833333333" lon="-48.63196333333334"><ele>6.5</ele></trkpt><trkpt lat="-26.987341666666666" lon="-48.63196833333333"><ele>5.9</ele></trkpt><trkpt lat="-26.98733666666667" lon="-48.63197"><ele>5.800000000000001</ele></trkpt><trkpt lat="-26.987328333333334" lon="-48.63196833333333"><ele>5.9</ele></trkpt><trkpt lat="-26.987323333333332" lon="-48.63196333333334"><ele>6.4</ele></trkpt><trkpt lat="-26.98732166666667" lon="-48.63196166666667"><ele>6.699999999999999</ele></trkpt><trkpt lat="-26.98732166666667" lon="-48.63196"><ele>7</ele></trkpt><trkpt lat="-26.98731833333333" lon="-48.63196"><ele>7.1</ele></trkpt><trkpt lat="-26.98731833333333" lon="-48.63195833333332"><ele>7.1</ele></trkpt><trkpt lat="-26.98731833333333" lon="-48.63195833333332"><ele>7.1</ele></trkpt><trkpt lat="-26.98731666666667" lon="-48.631956666666674"><ele>7.199999999999999</ele></trkpt><trkpt lat="-26.98731666666667" lon="-48.631956666666674"><ele>7.199999999999999</ele></trkpt><trkpt lat="-26.98731666666667" lon="-48.631956666666674"><ele>7.199999999999999</ele></trkpt><trkpt lat="-26.987313333333336" lon="-48.631955"><ele>7.4</ele></trkpt><trkpt lat="-26.987313333333336" lon="-48.631956666666674"><ele>7.300000000000001</ele></trkpt><trkpt lat="-26.987313333333336" lon="-48.631956666666674"><ele>7.300000000000001</ele></trkpt><trkpt lat="-26.987313333333336" lon="-48.631956666666674"><ele>7.300000000000001</ele></trkpt><trkpt lat="-26.987313333333336" lon="-48.631956666666674"><ele>7.300000000000001</ele></trkpt><trkpt lat="-26.987313333333336" lon="-48.631956666666674"><ele>7.300000000000001</ele></trkpt><trkpt lat="-26.987313333333336" lon="-48.631956666666674"><ele>7.300000000000001</ele></trkpt><trkpt lat="-26.987313333333336" lon="-48.631956666666674"><ele>7.300000000000001</ele></trkpt><trkpt lat="-26.987313333333336" lon="-48.631956666666674"><ele>7.300000000000001</ele></trkpt><trkpt lat="-26.987313333333336" lon="-48.631956666666674"><ele>7.300000000000001</ele></trkpt><trkpt lat="-26.987313333333336" lon="-48.631956666666674"><ele>7.300000000000001</ele></trkpt><trkpt lat="-26.98731" lon="-48.63198666666667"><ele>7.9</ele></trkpt><trkpt lat="-26.987305" lon="-48.631995"><ele>8</ele></trkpt><trkpt lat="-26.987305" lon="-48.631995"><ele>8</ele></trkpt><trkpt lat="-26.987298333333335" lon="-48.631995"><ele>8.1</ele></trkpt><trkpt lat="-26.987295000000003" lon="-48.632"><ele>8.1</ele></trkpt><trkpt lat="-26.987293333333334" lon="-48.63200333333332"><ele>8.3</ele></trkpt><trkpt lat="-26.987293333333334" lon="-48.63200333333332"><ele>8.3</ele></trkpt><trkpt lat="-26.987293333333334" lon="-48.63200333333332"><ele>8.3</ele></trkpt><trkpt lat="-26.987293333333334" lon="-48.63200333333332"><ele>8.3</ele></trkpt><trkpt lat="-26.987293333333334" lon="-48.63200333333332"><ele>8.3</ele></trkpt><trkpt lat="-26.987293333333334" lon="-48.63200333333332"><ele>8.3</ele></trkpt><trkpt lat="-26.987293333333334" lon="-48.63200333333332"><ele>8.3</ele></trkpt><trkpt lat="-26.987293333333334" lon="-48.63200333333332"><ele>8.3</ele></trkpt><trkpt lat="-26.987293333333334" lon="-48.63200333333332"><ele>8.3</ele></trkpt><trkpt lat="-26.987293333333334" lon="-48.63200333333332"><ele>8.3</ele></trkpt><trkpt lat="-26.987293333333334" lon="-48.63200333333332"><ele>8.3</ele></trkpt><trkpt lat="-26.987268333333336" lon="-48.63202833333333"><ele>8.6</ele></trkpt><trkpt lat="-26.98726" lon="-48.632038333333334"><ele>8.4</ele></trkpt><trkpt lat="-26.987253333333335" lon="-48.632046666666675"><ele>8.2</ele></trkpt><trkpt lat="-26.987250000000003" lon="-48.63206"><ele>8.1</ele></trkpt><trkpt lat="-26.987248333333334" lon="-48.63207666666667"><ele>8.3</ele></trkpt><trkpt lat="-26.987248333333334" lon="-48.63207666666667"><ele>8.3</ele></trkpt><trkpt lat="-26.987248333333334" lon="-48.63209333333332"><ele>8.4</ele></trkpt><trkpt lat="-26.987254999999998" lon="-48.63210833333333"><ele>8.6</ele></trkpt><trkpt lat="-26.98727" lon="-48.632124999999995"><ele>9.5</ele></trkpt><trkpt lat="-26.987283333333334" lon="-48.63215166666667"><ele>9.799999999999999</ele></trkpt><trkpt lat="-26.987296666666666" lon="-48.63217666666666"><ele>9.9</ele></trkpt><trkpt lat="-26.98730333333333" lon="-48.63219666666667"><ele>9.6</ele></trkpt><trkpt lat="-26.987301666666667" lon="-48.63222166666666"><ele>9.6</ele></trkpt><trkpt lat="-26.987299999999998" lon="-48.63224666666667"><ele>9.6</ele></trkpt><trkpt lat="-26.987299999999998" lon="-48.63226833333333"><ele>9.4</ele></trkpt><trkpt lat="-26.987289999999998" lon="-48.63228833333333"><ele>8.7</ele></trkpt><trkpt lat="-26.987280000000002" lon="-48.632304999999995"><ele>8.5</ele></trkpt><trkpt lat="-26.987265" lon="-48.63232"><ele>7.9</ele></trkpt><trkpt lat="-26.987253333333335" lon="-48.63232500000001"><ele>7.699999999999999</ele></trkpt><trkpt lat="-26.987248333333334" lon="-48.632326666666664"><ele>7.5</ele></trkpt><trkpt lat="-26.987248333333334" lon="-48.632328333333334"><ele>7.199999999999999</ele></trkpt><trkpt lat="-26.987254999999998" lon="-48.63233"><ele>6.9</ele></trkpt><trkpt lat="-26.98726166666667" lon="-48.632335"><ele>6.800000000000001</ele></trkpt><trkpt lat="-26.98726166666667" lon="-48.632335"><ele>6.800000000000001</ele></trkpt><trkpt lat="-26.987266666666663" lon="-48.63233833333334"><ele>6.800000000000001</ele></trkpt><trkpt lat="-26.98727333333333" lon="-48.63233833333334"><ele>7.1</ele></trkpt><trkpt lat="-26.987280000000002" lon="-48.63234166666666"><ele>7.5</ele></trkpt><trkpt lat="-26.987280000000002" lon="-48.63234166666666"><ele>7.5</ele></trkpt><trkpt lat="-26.987283333333334" lon="-48.63234333333333"><ele>7.699999999999999</ele></trkpt><trkpt lat="-26.987283333333334" lon="-48.632345"><ele>7.9</ele></trkpt><trkpt lat="-26.987283333333334" lon="-48.632349999999995"><ele>8.3</ele></trkpt><trkpt lat="-26.98728833333333" lon="-48.632353333333334"><ele>8.7</ele></trkpt><trkpt lat="-26.98728833333333" lon="-48.632353333333334"><ele>8.7</ele></trkpt><trkpt lat="-26.98728833333333" lon="-48.632353333333334"><ele>8.7</ele></trkpt><trkpt lat="-26.98728833333333" lon="-48.632353333333334"><ele>8.7</ele></trkpt><trkpt lat="-26.98728833333333" lon="-48.632353333333334"><ele>8.7</ele></trkpt><trkpt lat="-26.98728833333333" lon="-48.632353333333334"><ele>8.7</ele></trkpt><trkpt lat="-26.98728833333333" lon="-48.632353333333334"><ele>8.7</ele></trkpt><trkpt lat="-26.98728833333333" lon="-48.632353333333334"><ele>8.7</ele></trkpt><trkpt lat="-26.98728833333333" lon="-48.632353333333334"><ele>8.7</ele></trkpt><trkpt lat="-26.98728833333333" lon="-48.632353333333334"><ele>8.7</ele></trkpt><trkpt lat="-26.98728833333333" lon="-48.632353333333334"><ele>8.7</ele></trkpt><trkpt lat="-26.98728833333333" lon="-48.632353333333334"><ele>8.7</ele></trkpt><trkpt lat="-26.98728833333333" lon="-48.632353333333334"><ele>8.7</ele></trkpt><trkpt lat="-26.98728833333333" lon="-48.632353333333334"><ele>8.7</ele></trkpt><trkpt lat="-26.98728833333333" lon="-48.632353333333334"><ele>8.7</ele></trkpt><trkpt lat="-26.98728833333333" lon="-48.632353333333334"><ele>8.7</ele></trkpt><trkpt lat="-26.98728833333333" lon="-48.632353333333334"><ele>8.7</ele></trkpt><trkpt lat="-26.98728833333333" lon="-48.632353333333334"><ele>8.7</ele></trkpt><trkpt lat="-26.98728833333333" lon="-48.632353333333334"><ele>8.7</ele></trkpt><trkpt lat="-26.98728833333333" lon="-48.632353333333334"><ele>8.7</ele></trkpt><trkpt lat="-26.98728833333333" lon="-48.632353333333334"><ele>8.7</ele></trkpt><trkpt lat="-26.98728833333333" lon="-48.632353333333334"><ele>8.7</ele></trkpt><trkpt lat="-26.98728833333333" lon="-48.632353333333334"><ele>8.7</ele></trkpt><trkpt lat="-26.98728833333333" lon="-48.632353333333334"><ele>8.7</ele></trkpt><trkpt lat="-26.987266666666663" lon="-48.63236666666667"><ele>12.2</ele></trkpt><trkpt lat="-26.98726166666667" lon="-48.63237833333333"><ele>12</ele></trkpt><trkpt lat="-26.987248333333334" lon="-48.632398333333335"><ele>11.799999999999999</ele></trkpt><trkpt lat="-26.98722666666667" lon="-48.63242"><ele>11.1</ele></trkpt><trkpt lat="-26.987196666666666" lon="-48.632445000000004"><ele>10.6</ele></trkpt><trkpt lat="-26.987166666666667" lon="-48.63246833333333"><ele>10.299999999999999</ele></trkpt><trkpt lat="-26.987145" lon="-48.632486666666665"><ele>10.1</ele></trkpt><trkpt lat="-26.987119999999997" lon="-48.632515"><ele>9.799999999999999</ele></trkpt><trkpt lat="-26.987103333333334" lon="-48.632541666666675"><ele>9.3</ele></trkpt><trkpt lat="-26.98708" lon="-48.63256333333334"><ele>8.8</ele></trkpt><trkpt lat="-26.987055" lon="-48.632574999999996"><ele>8.6</ele></trkpt><trkpt lat="-26.987028333333335" lon="-48.632574999999996"><ele>9.2</ele></trkpt><trkpt lat="-26.987003333333337" lon="-48.632573333333326"><ele>9.799999999999999</ele></trkpt><trkpt lat="-26.986986666666667" lon="-48.63256500000001"><ele>10.2</ele></trkpt><trkpt lat="-26.986969999999996" lon="-48.632555"><ele>11.2</ele></trkpt><trkpt lat="-26.986956666666668" lon="-48.632543333333324"><ele>12.9</ele></trkpt><trkpt lat="-26.98695" lon="-48.632531666666665"><ele>13</ele></trkpt><trkpt lat="-26.986955" lon="-48.63252666666667"><ele>13.2</ele></trkpt><trkpt lat="-26.986955" lon="-48.63252166666666"><ele>13.5</ele></trkpt><trkpt lat="-26.986953333333336" lon="-48.63252000000001"><ele>13.2</ele></trkpt><trkpt lat="-26.98695" lon="-48.632515"><ele>13</ele></trkpt><trkpt lat="-26.986946666666668" lon="-48.63251166666667"><ele>12.799999999999999</ele></trkpt><trkpt lat="-26.986943333333336" lon="-48.63251833333334"><ele>12.5</ele></trkpt><trkpt lat="-26.986939999999997" lon="-48.63252000000001"><ele>12.4</ele></trkpt><trkpt lat="-26.986939999999997" lon="-48.63252000000001"><ele>12.4</ele></trkpt><trkpt lat="-26.986939999999997" lon="-48.63252000000001"><ele>12.4</ele></trkpt><trkpt lat="-26.986939999999997" lon="-48.632525"><ele>12</ele></trkpt><trkpt lat="-26.986939999999997" lon="-48.632525"><ele>12</ele></trkpt><trkpt lat="-26.986938333333335" lon="-48.632528333333326"><ele>11.5</ele></trkpt><trkpt lat="-26.986938333333335" lon="-48.632528333333326"><ele>11.5</ele></trkpt><trkpt lat="-26.986938333333335" lon="-48.632528333333326"><ele>11.5</ele></trkpt><trkpt lat="-26.986938333333335" lon="-48.632528333333326"><ele>11.5</ele></trkpt><trkpt lat="-26.986938333333335" lon="-48.632528333333326"><ele>11.5</ele></trkpt><trkpt lat="-26.986938333333335" lon="-48.632528333333326"><ele>11.5</ele></trkpt><trkpt lat="-26.986938333333335" lon="-48.632528333333326"><ele>11.5</ele></trkpt><trkpt lat="-26.986938333333335" lon="-48.632528333333326"><ele>11.5</ele></trkpt><trkpt lat="-26.986938333333335" lon="-48.632528333333326"><ele>11.5</ele></trkpt><trkpt lat="-26.986938333333335" lon="-48.632528333333326"><ele>11.5</ele></trkpt><trkpt lat="-26.986938333333335" lon="-48.632528333333326"><ele>11.5</ele></trkpt><trkpt lat="-26.986938333333335" lon="-48.632528333333326"><ele>11.5</ele></trkpt><trkpt lat="-26.98691666666667" lon="-48.632541666666675"><ele>8.3</ele></trkpt><trkpt lat="-26.986911666666668" lon="-48.63253833333333"><ele>8.4</ele></trkpt><trkpt lat="-26.986905" lon="-48.632535000000004"><ele>8.8</ele></trkpt><trkpt lat="-26.986896666666667" lon="-48.632531666666665"><ele>8.8</ele></trkpt><trkpt lat="-26.986884999999997" lon="-48.632525"><ele>8.7</ele></trkpt><trkpt lat="-26.98687166666667" lon="-48.63251833333334"><ele>8.8</ele></trkpt><trkpt lat="-26.98685833333333" lon="-48.632508333333334"><ele>8.9</ele></trkpt><trkpt lat="-26.986843333333333" lon="-48.63250166666667"><ele>8.9</ele></trkpt><trkpt lat="-26.98683" lon="-48.632495"><ele>8.1</ele></trkpt><trkpt lat="-26.986811666666668" lon="-48.63249333333333"><ele>7.800000000000001</ele></trkpt><trkpt lat="-26.986789999999996" lon="-48.632498333333324"><ele>7.6</ele></trkpt><trkpt lat="-26.98677" lon="-48.63250500000001"><ele>7.699999999999999</ele></trkpt><trkpt lat="-26.98675166666667" lon="-48.63251333333333"><ele>7.5</ele></trkpt><trkpt lat="-26.986735" lon="-48.63252333333333"><ele>7.800000000000001</ele></trkpt><trkpt lat="-26.986715000000004" lon="-48.632535000000004"><ele>8.1</ele></trkpt><trkpt lat="-26.986698333333333" lon="-48.632551666666664"><ele>8.6</ele></trkpt><trkpt lat="-26.98667833333333" lon="-48.63256166666667"><ele>8.8</ele></trkpt><trkpt lat="-26.986656666666665" lon="-48.632573333333326"><ele>9</ele></trkpt><trkpt lat="-26.986636666666662" lon="-48.632585"><ele>9</ele></trkpt><trkpt lat="-26.986614999999997" lon="-48.632600000000004"><ele>9.3</ele></trkpt><trkpt lat="-26.986595000000005" lon="-48.63261666666667"><ele>9.6</ele></trkpt><trkpt lat="-26.986573333333332" lon="-48.632633333333324"><ele>9.9</ele></trkpt><trkpt lat="-26.98655833333333" lon="-48.63265"><ele>10.7</ele></trkpt><trkpt lat="-26.986545" lon="-48.632663333333326"><ele>12.9</ele></trkpt><trkpt lat="-26.986528333333332" lon="-48.63268"><ele>14.1</ele></trkpt><trkpt lat="-26.986506666666667" lon="-48.63270666666667"><ele>14.1</ele></trkpt><trkpt lat="-26.98648166666667" lon="-48.632735000000004"><ele>14.299999999999999</ele></trkpt><trkpt lat="-26.986460000000005" lon="-48.632753333333326"><ele>14.799999999999999</ele></trkpt><trkpt lat="-26.98644" lon="-48.63277166666667"><ele>15.4</ele></trkpt><trkpt lat="-26.98641" lon="-48.63279333333333"><ele>15.9</ele></trkpt><trkpt lat="-26.986383333333333" lon="-48.632813333333324"><ele>15.9</ele></trkpt><trkpt lat="-26.986356666666666" lon="-48.63282666666667"><ele>15.5</ele></trkpt><trkpt lat="-26.986338333333332" lon="-48.63285166666666"><ele>14.299999999999999</ele></trkpt><trkpt lat="-26.986306666666664" lon="-48.632868333333334"><ele>14</ele></trkpt><trkpt lat="-26.986278333333335" lon="-48.63289666666666"><ele>13.4</ele></trkpt><trkpt lat="-26.986250000000002" lon="-48.63291833333333"><ele>12.799999999999999</ele></trkpt><trkpt lat="-26.986233333333335" lon="-48.63293166666667"><ele>12.4</ele></trkpt><trkpt lat="-26.986216666666664" lon="-48.632948333333324"><ele>11.299999999999999</ele></trkpt><trkpt lat="-26.986208333333334" lon="-48.63295166666667"><ele>10.299999999999999</ele></trkpt><trkpt lat="-26.986205" lon="-48.63295333333334"><ele>8.4</ele></trkpt><trkpt lat="-26.986203333333332" lon="-48.63295333333334"><ele>6.1</ele></trkpt><trkpt lat="-26.986203333333332" lon="-48.632948333333324"><ele>5.1</ele></trkpt><trkpt lat="-26.986208333333334" lon="-48.63295166666667"><ele>4.6</ele></trkpt><trkpt lat="-26.98621166666667" lon="-48.63294333333333"><ele>4.7</ele></trkpt><trkpt lat="-26.986209999999996" lon="-48.632936666666666"><ele>4.9</ele></trkpt><trkpt lat="-26.98621166666667" lon="-48.63293"><ele>4.9</ele></trkpt><trkpt lat="-26.986213333333332" lon="-48.63292499999999"><ele>5</ele></trkpt><trkpt lat="-26.986213333333332" lon="-48.63292166666667"><ele>5.300000000000001</ele></trkpt><trkpt lat="-26.986209999999996" lon="-48.63291833333333"><ele>5.699999999999999</ele></trkpt><trkpt lat="-26.986208333333334" lon="-48.632911666666665"><ele>6.1</ele></trkpt><trkpt lat="-26.986209999999996" lon="-48.632909999999995"><ele>7</ele></trkpt><trkpt lat="-26.986213333333332" lon="-48.63290833333334"><ele>7.699999999999999</ele></trkpt><trkpt lat="-26.986218333333333" lon="-48.632909999999995"><ele>8.3</ele></trkpt><trkpt lat="-26.986221666666665" lon="-48.632913333333335"><ele>8.9</ele></trkpt><trkpt lat="-26.986221666666665" lon="-48.632913333333335"><ele>8.9</ele></trkpt><trkpt lat="-26.986221666666665" lon="-48.632913333333335"><ele>8.9</ele></trkpt><trkpt lat="-26.986221666666665" lon="-48.632913333333335"><ele>8.9</ele></trkpt><trkpt lat="-26.986221666666665" lon="-48.632913333333335"><ele>8.9</ele></trkpt><trkpt lat="-26.986221666666665" lon="-48.632913333333335"><ele>8.9</ele></trkpt><trkpt lat="-26.986221666666665" lon="-48.632913333333335"><ele>8.9</ele></trkpt><trkpt lat="-26.986221666666665" lon="-48.632913333333335"><ele>8.9</ele></trkpt><trkpt lat="-26.986221666666665" lon="-48.632913333333335"><ele>8.9</ele></trkpt><trkpt lat="-26.986221666666665" lon="-48.632913333333335"><ele>8.9</ele></trkpt><trkpt lat="-26.986221666666665" lon="-48.632913333333335"><ele>8.9</ele></trkpt><trkpt lat="-26.986221666666665" lon="-48.632913333333335"><ele>8.9</ele></trkpt><trkpt lat="-26.98626" lon="-48.63292166666667"><ele>12.799999999999999</ele></trkpt><trkpt lat="-26.986251666666664" lon="-48.63292499999999"><ele>13.4</ele></trkpt><trkpt lat="-26.986251666666664" lon="-48.63292499999999"><ele>13.4</ele></trkpt><trkpt lat="-26.986235000000004" lon="-48.63292833333333"><ele>15</ele></trkpt><trkpt lat="-26.986223333333335" lon="-48.63294166666666"><ele>15.4</ele></trkpt><trkpt lat="-26.986215" lon="-48.63295"><ele>15.799999999999999</ele></trkpt><trkpt lat="-26.986195" lon="-48.632961666666674"><ele>16</ele></trkpt><trkpt lat="-26.98616833333333" lon="-48.63297833333333"><ele>16.1</ele></trkpt><trkpt lat="-26.986146666666667" lon="-48.632993333333324"><ele>15.9</ele></trkpt><trkpt lat="-26.986118333333334" lon="-48.633001666666665"><ele>15.9</ele></trkpt><trkpt lat="-26.986089999999997" lon="-48.63301333333334"><ele>15.5</ele></trkpt><trkpt lat="-26.98606666666667" lon="-48.633026666666666"><ele>15</ele></trkpt><trkpt lat="-26.986040000000003" lon="-48.63305333333333"><ele>13.799999999999999</ele></trkpt><trkpt lat="-26.98601833333333" lon="-48.63307499999999"><ele>12.5</ele></trkpt><trkpt lat="-26.985998333333335" lon="-48.633096666666674"><ele>11.6</ele></trkpt><trkpt lat="-26.985983333333333" lon="-48.633116666666666"><ele>9.4</ele></trkpt><trkpt lat="-26.985966666666666" lon="-48.633126666666676"><ele>8.8</ele></trkpt><trkpt lat="-26.98594333333333" lon="-48.63314333333333"><ele>7.5</ele></trkpt><trkpt lat="-26.98591666666667" lon="-48.633155"><ele>6.199999999999999</ele></trkpt><trkpt lat="-26.985885" lon="-48.633155"><ele>5.5</ele></trkpt><trkpt lat="-26.985863333333334" lon="-48.633163333333336"><ele>4.300000000000001</ele></trkpt><trkpt lat="-26.985845" lon="-48.63317833333334"><ele>2.8</ele></trkpt><trkpt lat="-26.985833333333336" lon="-48.6332"><ele>1.3</ele></trkpt><trkpt lat="-26.985821666666666" lon="-48.63321333333333"><ele>1.1</ele></trkpt><trkpt lat="-26.985803333333333" lon="-48.633230000000005"><ele>1.7000000000000002</ele></trkpt><trkpt lat="-26.985795" lon="-48.63324666666667"><ele>2.3</ele></trkpt><trkpt lat="-26.985788333333335" lon="-48.63326166666668"><ele>2.5</ele></trkpt><trkpt lat="-26.98578" lon="-48.633265"><ele>3.3</ele></trkpt><trkpt lat="-26.98577833333333" lon="-48.63326833333334"><ele>2.7</ele></trkpt><trkpt lat="-26.98577833333333" lon="-48.633271666666666"><ele>2.3</ele></trkpt><trkpt lat="-26.985774999999997" lon="-48.633269999999996"><ele>2.8</ele></trkpt><trkpt lat="-26.985774999999997" lon="-48.633269999999996"><ele>2.8</ele></trkpt><trkpt lat="-26.985774999999997" lon="-48.63326833333334"><ele>3.1</ele></trkpt><trkpt lat="-26.985774999999997" lon="-48.63326833333334"><ele>3.1</ele></trkpt><trkpt lat="-26.985774999999997" lon="-48.63326833333334"><ele>3.1</ele></trkpt><trkpt lat="-26.985774999999997" lon="-48.63326833333334"><ele>3.3</ele></trkpt><trkpt lat="-26.985771666666665" lon="-48.633263333333325"><ele>3.7</ele></trkpt><trkpt lat="-26.985771666666665" lon="-48.633253333333336"><ele>4.300000000000001</ele></trkpt><trkpt lat="-26.985770000000002" lon="-48.633245"><ele>4.7</ele></trkpt><trkpt lat="-26.985768333333333" lon="-48.63324333333333"><ele>5</ele></trkpt><trkpt lat="-26.985768333333333" lon="-48.63324333333333"><ele>5</ele></trkpt><trkpt lat="-26.985768333333333" lon="-48.63324333333333"><ele>5</ele></trkpt><trkpt lat="-26.985768333333333" lon="-48.63324333333333"><ele>5</ele></trkpt><trkpt lat="-26.985768333333333" lon="-48.63324333333333"><ele>5</ele></trkpt><trkpt lat="-26.985768333333333" lon="-48.63324333333333"><ele>5</ele></trkpt><trkpt lat="-26.985768333333333" lon="-48.63324333333333"><ele>5</ele></trkpt><trkpt lat="-26.985768333333333" lon="-48.63324333333333"><ele>5</ele></trkpt><trkpt lat="-26.985768333333333" lon="-48.63324333333333"><ele>5</ele></trkpt><trkpt lat="-26.985768333333333" lon="-48.63324333333333"><ele>5</ele></trkpt><trkpt lat="-26.985768333333333" lon="-48.63324333333333"><ele>5</ele></trkpt><trkpt lat="-26.985768333333333" lon="-48.63324333333333"><ele>5</ele></trkpt><trkpt lat="-26.985768333333333" lon="-48.63324333333333"><ele>5</ele></trkpt><trkpt lat="-26.985768333333333" lon="-48.63324333333333"><ele>5</ele></trkpt><trkpt lat="-26.985768333333333" lon="-48.63324333333333"><ele>5</ele></trkpt><trkpt lat="-26.985768333333333" lon="-48.63324333333333"><ele>5</ele></trkpt><trkpt lat="-26.985768333333333" lon="-48.63324333333333"><ele>5</ele></trkpt><trkpt lat="-26.985768333333333" lon="-48.63324333333333"><ele>5</ele></trkpt><trkpt lat="-26.98571666666667" lon="-48.633271666666666"><ele>10.6</ele></trkpt><trkpt lat="-26.985684999999997" lon="-48.63328666666666"><ele>11.1</ele></trkpt><trkpt lat="-26.985656666666667" lon="-48.63329999999999"><ele>11.9</ele></trkpt><trkpt lat="-26.985624999999995" lon="-48.633305"><ele>13.2</ele></trkpt><trkpt lat="-26.985596666666666" lon="-48.633308333333325"><ele>14.299999999999999</ele></trkpt><trkpt lat="-26.98557333333333" lon="-48.633314999999996"><ele>14.5</ele></trkpt><trkpt lat="-26.985546666666664" lon="-48.633318333333335"><ele>15.6</ele></trkpt><trkpt lat="-26.985519999999998" lon="-48.63332333333333"><ele>17.5</ele></trkpt><trkpt lat="-26.985501666666664" lon="-48.63332333333333"><ele>18.6</ele></trkpt><trkpt lat="-26.985485" lon="-48.63333166666666"><ele>19</ele></trkpt><trkpt lat="-26.985470000000003" lon="-48.633335"><ele>19.1</ele></trkpt><trkpt lat="-26.985468333333333" lon="-48.633329999999994"><ele>19.3</ele></trkpt><trkpt lat="-26.985468333333333" lon="-48.633329999999994"><ele>19.3</ele></trkpt><trkpt lat="-26.98546666666667" lon="-48.63332666666667"><ele>19.700000000000003</ele></trkpt><trkpt lat="-26.98546666666667" lon="-48.63332666666667"><ele>19.5</ele></trkpt><trkpt lat="-26.985470000000003" lon="-48.63332666666667"><ele>19.1</ele></trkpt><trkpt lat="-26.98546666666667" lon="-48.63332333333333"><ele>18.8</ele></trkpt><trkpt lat="-26.98546666666667" lon="-48.63332333333333"><ele>18.8</ele></trkpt><trkpt lat="-26.98546666666667" lon="-48.633316666666666"><ele>18.700000000000003</ele></trkpt><trkpt lat="-26.985463333333335" lon="-48.63332666666667"><ele>18.5</ele></trkpt><trkpt lat="-26.985461666666666" lon="-48.63332833333334"><ele>18.3</ele></trkpt><trkpt lat="-26.985446666666668" lon="-48.63332833333334"><ele>18.200000000000003</ele></trkpt><trkpt lat="-26.985416666666666" lon="-48.63333333333333"><ele>17.700000000000003</ele></trkpt><trkpt lat="-26.985386666666667" lon="-48.63335166666668"><ele>17.3</ele></trkpt><trkpt lat="-26.985358333333338" lon="-48.63337"><ele>16.7</ele></trkpt><trkpt lat="-26.985329999999998" lon="-48.63339666666668"><ele>15.9</ele></trkpt><trkpt lat="-26.98530333333333" lon="-48.63341833333334"><ele>15.6</ele></trkpt><trkpt lat="-26.985283333333335" lon="-48.633433333333336"><ele>15.299999999999999</ele></trkpt><trkpt lat="-26.98525666666667" lon="-48.633455000000005"><ele>14.2</ele></trkpt><trkpt lat="-26.985231666666664" lon="-48.633464999999994"><ele>14</ele></trkpt><trkpt lat="-26.98521" lon="-48.63347999999999"><ele>13</ele></trkpt><trkpt lat="-26.985186666666664" lon="-48.63349333333334"><ele>12.4</ele></trkpt><trkpt lat="-26.985163333333336" lon="-48.633509999999994"><ele>11.2</ele></trkpt><trkpt lat="-26.98513666666667" lon="-48.63352166666667"><ele>10.1</ele></trkpt><trkpt lat="-26.98512" lon="-48.63352833333333"><ele>9.2</ele></trkpt><trkpt lat="-26.985103333333335" lon="-48.63353666666667"><ele>9.1</ele></trkpt><trkpt lat="-26.98509166666667" lon="-48.63354833333333"><ele>9.2</ele></trkpt><trkpt lat="-26.985076666666668" lon="-48.63356166666667"><ele>8.9</ele></trkpt><trkpt lat="-26.985058333333335" lon="-48.63356666666667"><ele>9.5</ele></trkpt><trkpt lat="-26.98505" lon="-48.633568333333336"><ele>9.4</ele></trkpt><trkpt lat="-26.98504666666667" lon="-48.63356666666667"><ele>9.6</ele></trkpt><trkpt lat="-26.985045" lon="-48.633568333333336"><ele>9.9</ele></trkpt><trkpt lat="-26.985043333333337" lon="-48.63357166666666"><ele>10.299999999999999</ele></trkpt><trkpt lat="-26.985041666666667" lon="-48.63357166666666"><ele>10.6</ele></trkpt><trkpt lat="-26.985040000000005" lon="-48.63357333333333"><ele>11</ele></trkpt><trkpt lat="-26.985038333333332" lon="-48.63357333333333"><ele>11.4</ele></trkpt><trkpt lat="-26.985038333333332" lon="-48.63357333333333"><ele>11.4</ele></trkpt><trkpt lat="-26.985038333333332" lon="-48.63357166666666"><ele>11.799999999999999</ele></trkpt><trkpt lat="-26.985038333333332" lon="-48.63357166666666"><ele>11.799999999999999</ele></trkpt><trkpt lat="-26.985038333333332" lon="-48.63357166666666"><ele>12.299999999999999</ele></trkpt><trkpt lat="-26.98503333333333" lon="-48.63357166666666"><ele>12.7</ele></trkpt><trkpt lat="-26.98503333333333" lon="-48.63357166666666"><ele>12.7</ele></trkpt><trkpt lat="-26.98503333333333" lon="-48.63357166666666"><ele>12.7</ele></trkpt><trkpt lat="-26.98503333333333" lon="-48.63357166666666"><ele>12.7</ele></trkpt><trkpt lat="-26.98503333333333" lon="-48.63357166666666"><ele>12.7</ele></trkpt><trkpt lat="-26.98503333333333" lon="-48.63357166666666"><ele>12.7</ele></trkpt><trkpt lat="-26.98503333333333" lon="-48.63357166666666"><ele>12.7</ele></trkpt><trkpt lat="-26.98503333333333" lon="-48.63357166666666"><ele>12.7</ele></trkpt><trkpt lat="-26.98503333333333" lon="-48.63357166666666"><ele>12.7</ele></trkpt><trkpt lat="-26.98503333333333" lon="-48.63357166666666"><ele>12.7</ele></trkpt><trkpt lat="-26.98503333333333" lon="-48.63357166666666"><ele>12.7</ele></trkpt><trkpt lat="-26.98503333333333" lon="-48.63357166666666"><ele>12.7</ele></trkpt><trkpt lat="-26.98503333333333" lon="-48.63357166666666"><ele>12.7</ele></trkpt><trkpt lat="-26.98503333333333" lon="-48.63357166666666"><ele>12.7</ele></trkpt><trkpt lat="-26.98503333333333" lon="-48.63357166666666"><ele>12.7</ele></trkpt><trkpt lat="-26.98503333333333" lon="-48.63357166666666"><ele>12.7</ele></trkpt><trkpt lat="-26.98503333333333" lon="-48.63357166666666"><ele>12.7</ele></trkpt><trkpt lat="-26.98503333333333" lon="-48.63357166666666"><ele>12.7</ele></trkpt><trkpt lat="-26.98503333333333" lon="-48.63357166666666"><ele>12.7</ele></trkpt><trkpt lat="-26.98503333333333" lon="-48.63357166666666"><ele>12.7</ele></trkpt><trkpt lat="-26.984978333333334" lon="-48.63354833333333"><ele>13.299999999999999</ele></trkpt><trkpt lat="-26.984966666666665" lon="-48.63354833333333"><ele>13</ele></trkpt><trkpt lat="-26.984945" lon="-48.63355"><ele>12.4</ele></trkpt><trkpt lat="-26.98492666666667" lon="-48.633556666666664"><ele>11.8</ele></trkpt><trkpt lat="-26.984906666666667" lon="-48.633556666666664"><ele>11.6</ele></trkpt><trkpt lat="-26.984883333333332" lon="-48.63356"><ele>11.5</ele></trkpt><trkpt lat="-26.984865" lon="-48.63356333333333"><ele>11.1</ele></trkpt><trkpt lat="-26.984848333333336" lon="-48.63356999999999"><ele>11</ele></trkpt><trkpt lat="-26.984828333333333" lon="-48.633578333333325"><ele>11.3</ele></trkpt><trkpt lat="-26.984806666666667" lon="-48.633585"><ele>11</ele></trkpt><trkpt lat="-26.984795000000002" lon="-48.633588333333336"><ele>10.7</ele></trkpt><trkpt lat="-26.984789999999997" lon="-48.633588333333336"><ele>10.7</ele></trkpt><trkpt lat="-26.984789999999997" lon="-48.633588333333336"><ele>10.7</ele></trkpt><trkpt lat="-26.984786666666665" lon="-48.633585"><ele>10.6</ele></trkpt><trkpt lat="-26.984788333333334" lon="-48.633586666666666"><ele>10.7</ele></trkpt><trkpt lat="-26.984785000000002" lon="-48.633588333333336"><ele>10.3</ele></trkpt><trkpt lat="-26.984781666666663" lon="-48.633588333333336"><ele>10</ele></trkpt><trkpt lat="-26.98477833333333" lon="-48.633586666666666"><ele>9.9</ele></trkpt><trkpt lat="-26.984775" lon="-48.633585"><ele>9.6</ele></trkpt><trkpt lat="-26.984775" lon="-48.633585"><ele>9.6</ele></trkpt><trkpt lat="-26.98476833333333" lon="-48.633586666666666"><ele>9.5</ele></trkpt><trkpt lat="-26.984759999999998" lon="-48.633586666666666"><ele>9.3</ele></trkpt><trkpt lat="-26.984750000000002" lon="-48.63359666666667"><ele>9.2</ele></trkpt><trkpt lat="-26.984738333333333" lon="-48.633599999999994"><ele>9.1</ele></trkpt><trkpt lat="-26.984726666666667" lon="-48.63361166666667"><ele>8.6</ele></trkpt><trkpt lat="-26.984705" lon="-48.63361666666666"><ele>7.7</ele></trkpt><trkpt lat="-26.98468666666667" lon="-48.63362"><ele>7.3</ele></trkpt><trkpt lat="-26.98466" lon="-48.633625"><ele>6.7</ele></trkpt><trkpt lat="-26.98463333333333" lon="-48.633631666666666"><ele>6.9</ele></trkpt><trkpt lat="-26.984605000000002" lon="-48.63365"><ele>6</ele></trkpt><trkpt lat="-26.984581666666667" lon="-48.63366166666666"><ele>5.6</ele></trkpt><trkpt lat="-26.98455666666667" lon="-48.63367"><ele>5.4</ele></trkpt><trkpt lat="-26.984533333333335" lon="-48.633678333333336"><ele>5.3</ele></trkpt><trkpt lat="-26.984505" lon="-48.633681666666675"><ele>5.7</ele></trkpt><trkpt lat="-26.98447666666667" lon="-48.63368666666667"><ele>6</ele></trkpt><trkpt lat="-26.984446666666667" lon="-48.63369333333333"><ele>6.3</ele></trkpt><trkpt lat="-26.98441833333333" lon="-48.6337"><ele>6.4</ele></trkpt><trkpt lat="-26.98439" lon="-48.63371"><ele>6.4</ele></trkpt><trkpt lat="-26.98436166666667" lon="-48.633725000000005"><ele>7.4</ele></trkpt><trkpt lat="-26.984333333333332" lon="-48.63374166666667"><ele>7.4</ele></trkpt><trkpt lat="-26.984306666666665" lon="-48.63375166666666"><ele>8</ele></trkpt><trkpt lat="-26.984291666666664" lon="-48.633755"><ele>9.5</ele></trkpt><trkpt lat="-26.984278333333336" lon="-48.633758333333326"><ele>10.4</ele></trkpt><trkpt lat="-26.984275000000004" lon="-48.63376"><ele>10.6</ele></trkpt><trkpt lat="-26.984276666666666" lon="-48.633765"><ele>10.6</ele></trkpt><trkpt lat="-26.984276666666666" lon="-48.633766666666666"><ele>11.1</ele></trkpt><trkpt lat="-26.984278333333336" lon="-48.633768333333336"><ele>11.5</ele></trkpt><trkpt lat="-26.984276666666666" lon="-48.633770000000005"><ele>11.9</ele></trkpt><trkpt lat="-26.984278333333336" lon="-48.63377333333333"><ele>12.5</ele></trkpt><trkpt lat="-26.984278333333336" lon="-48.63377333333333"><ele>13</ele></trkpt><trkpt lat="-26.98428" lon="-48.63377666666667"><ele>13.4</ele></trkpt><trkpt lat="-26.984281666666668" lon="-48.633779999999994"><ele>13.7</ele></trkpt><trkpt lat="-26.984281666666668" lon="-48.633779999999994"><ele>13.7</ele></trkpt><trkpt lat="-26.98428333333333" lon="-48.633781666666664"><ele>13.8</ele></trkpt><trkpt lat="-26.98428333333333" lon="-48.633781666666664"><ele>13.8</ele></trkpt><trkpt lat="-26.98428333333333" lon="-48.633781666666664"><ele>13.8</ele></trkpt><trkpt lat="-26.98428333333333" lon="-48.633781666666664"><ele>13.8</ele></trkpt><trkpt lat="-26.98428333333333" lon="-48.633781666666664"><ele>13.8</ele></trkpt><trkpt lat="-26.98428333333333" lon="-48.633781666666664"><ele>13.8</ele></trkpt><trkpt lat="-26.98428333333333" lon="-48.633781666666664"><ele>13.8</ele></trkpt><trkpt lat="-26.98428333333333" lon="-48.633781666666664"><ele>13.8</ele></trkpt><trkpt lat="-26.984271666666668" lon="-48.633783333333334"><ele>15.4</ele></trkpt><trkpt lat="-26.98425333333333" lon="-48.63378833333333"><ele>15.6</ele></trkpt><trkpt lat="-26.984236666666668" lon="-48.63379166666667"><ele>15.7</ele></trkpt><trkpt lat="-26.98420833333333" lon="-48.63379499999999"><ele>16</ele></trkpt><trkpt lat="-26.984176666666666" lon="-48.633805"><ele>15.7</ele></trkpt><trkpt lat="-26.98415" lon="-48.633816666666675"><ele>15.2</ele></trkpt><trkpt lat="-26.98412166666667" lon="-48.63383"><ele>14.5</ele></trkpt><trkpt lat="-26.984091666666668" lon="-48.63385666666667"><ele>13.4</ele></trkpt><trkpt lat="-26.984068333333333" lon="-48.63388166666667"><ele>10.4</ele></trkpt><trkpt lat="-26.98404833333333" lon="-48.633891666666656"><ele>8.4</ele></trkpt><trkpt lat="-26.984024999999995" lon="-48.63390666666666"><ele>6.7</ele></trkpt><trkpt lat="-26.98401833333333" lon="-48.633891666666656"><ele>5.8</ele></trkpt><trkpt lat="-26.984013333333337" lon="-48.63388499999999"><ele>4.7</ele></trkpt><trkpt lat="-26.984009999999998" lon="-48.63387833333333"><ele>4.7</ele></trkpt><trkpt lat="-26.984005000000003" lon="-48.633873333333334"><ele>4.6</ele></trkpt><trkpt lat="-26.984001666666668" lon="-48.63386833333334"><ele>4.6</ele></trkpt><trkpt lat="-26.983999999999998" lon="-48.63386333333333"><ele>4.6</ele></trkpt><trkpt lat="-26.983999999999998" lon="-48.63386333333333"><ele>4.6</ele></trkpt><trkpt lat="-26.984001666666668" lon="-48.633858333333336"><ele>4.7</ele></trkpt><trkpt lat="-26.984001666666668" lon="-48.633858333333336"><ele>4.7</ele></trkpt><trkpt lat="-26.984001666666668" lon="-48.63386166666666"><ele>4.8</ele></trkpt><trkpt lat="-26.983999999999998" lon="-48.633865"><ele>4.8</ele></trkpt><trkpt lat="-26.983998333333336" lon="-48.63386333333333"><ele>4.9</ele></trkpt><trkpt lat="-26.983998333333336" lon="-48.63386333333333"><ele>4.9</ele></trkpt><trkpt lat="-26.983998333333336" lon="-48.63386333333333"><ele>4.9</ele></trkpt><trkpt lat="-26.983988333333333" lon="-48.63386833333334"><ele>4.9</ele></trkpt><trkpt lat="-26.98397333333333" lon="-48.633869999999995"><ele>4.9</ele></trkpt><trkpt lat="-26.983956666666668" lon="-48.633873333333334"><ele>5.2</ele></trkpt><trkpt lat="-26.983934999999995" lon="-48.63388"><ele>5.3</ele></trkpt><trkpt lat="-26.98391333333333" lon="-48.63388666666666"><ele>5.7</ele></trkpt><trkpt lat="-26.983889999999995" lon="-48.63389"><ele>5.6</ele></trkpt><trkpt lat="-26.983870000000003" lon="-48.63389833333334"><ele>5.7</ele></trkpt><trkpt lat="-26.983863333333336" lon="-48.63389666666667"><ele>6.2</ele></trkpt><trkpt lat="-26.983861666666666" lon="-48.63389"><ele>6.6</ele></trkpt><trkpt lat="-26.983859999999996" lon="-48.63388833333333"><ele>7</ele></trkpt><trkpt lat="-26.983861666666666" lon="-48.63389"><ele>7.3</ele></trkpt><trkpt lat="-26.983863333333336" lon="-48.63388333333334"><ele>7.7</ele></trkpt><trkpt lat="-26.983863333333336" lon="-48.63388333333334"><ele>7.7</ele></trkpt><trkpt lat="-26.983863333333336" lon="-48.63388333333334"><ele>7.7</ele></trkpt><trkpt lat="-26.98386833333333" lon="-48.63388333333334"><ele>7.9</ele></trkpt><trkpt lat="-26.983871666666666" lon="-48.63388166666667"><ele>8.2</ele></trkpt><trkpt lat="-26.983876666666667" lon="-48.63388333333334"><ele>9</ele></trkpt><trkpt lat="-26.98388166666667" lon="-48.63388166666667"><ele>9.6</ele></trkpt><trkpt lat="-26.98388333333333" lon="-48.63387833333333"><ele>9.5</ele></trkpt><trkpt lat="-26.983885" lon="-48.63388"><ele>9.8</ele></trkpt><trkpt lat="-26.983885" lon="-48.63388"><ele>10</ele></trkpt><trkpt lat="-26.983885" lon="-48.63388"><ele>10</ele></trkpt><trkpt lat="-26.983885" lon="-48.63388"><ele>10</ele></trkpt><trkpt lat="-26.983885" lon="-48.63388"><ele>10</ele></trkpt><trkpt lat="-26.983885" lon="-48.63388"><ele>10</ele></trkpt><trkpt lat="-26.983885" lon="-48.63388"><ele>10</ele></trkpt><trkpt lat="-26.983885" lon="-48.63388"><ele>10</ele></trkpt><trkpt lat="-26.983885" lon="-48.63388"><ele>10</ele></trkpt><trkpt lat="-26.983885" lon="-48.63388"><ele>10</ele></trkpt><trkpt lat="-26.983885" lon="-48.63388"><ele>10</ele></trkpt><trkpt lat="-26.983866666666668" lon="-48.633903333333336"><ele>12.9</ele></trkpt><trkpt lat="-26.983855000000002" lon="-48.633914999999995"><ele>13.9</ele></trkpt><trkpt lat="-26.983843333333333" lon="-48.63392333333333"><ele>14.1</ele></trkpt><trkpt lat="-26.983831666666667" lon="-48.63392833333334"><ele>14.3</ele></trkpt><trkpt lat="-26.983828333333335" lon="-48.63392999999999"><ele>14.8</ele></trkpt><trkpt lat="-26.98382333333333" lon="-48.633936666666656"><ele>15</ele></trkpt><trkpt lat="-26.983821666666667" lon="-48.633938333333326"><ele>14.7</ele></trkpt><trkpt lat="-26.983821666666667" lon="-48.633938333333326"><ele>14.7</ele></trkpt><trkpt lat="-26.983819999999998" lon="-48.633936666666656"><ele>14.9</ele></trkpt><trkpt lat="-26.983821666666667" lon="-48.63393333333333"><ele>14.9</ele></trkpt><trkpt lat="-26.983821666666667" lon="-48.63393166666666"><ele>15.1</ele></trkpt><trkpt lat="-26.983821666666667" lon="-48.63393166666666"><ele>15.1</ele></trkpt><trkpt lat="-26.98382333333333" lon="-48.63392999999999"><ele>15.2</ele></trkpt><trkpt lat="-26.983825000000003" lon="-48.63392666666667"><ele>15.1</ele></trkpt><trkpt lat="-26.983825000000003" lon="-48.633925"><ele>15.1</ele></trkpt><trkpt lat="-26.983819999999998" lon="-48.63392333333333"><ele>14.9</ele></trkpt><trkpt lat="-26.983811666666664" lon="-48.633918333333334"><ele>14.5</ele></trkpt><trkpt lat="-26.983811666666664" lon="-48.633918333333334"><ele>14.5</ele></trkpt><trkpt lat="-26.983811666666664" lon="-48.633918333333334"><ele>14.5</ele></trkpt><trkpt lat="-26.983811666666664" lon="-48.633918333333334"><ele>14.5</ele></trkpt><trkpt lat="-26.983811666666664" lon="-48.633918333333334"><ele>14.5</ele></trkpt><trkpt lat="-26.983811666666664" lon="-48.633918333333334"><ele>14.5</ele></trkpt><trkpt lat="-26.983781666666665" lon="-48.63390166666667"><ele>12.8</ele></trkpt><trkpt lat="-26.983763333333332" lon="-48.63390666666666"><ele>12</ele></trkpt><trkpt lat="-26.983745" lon="-48.63391"><ele>11.1</ele></trkpt><trkpt lat="-26.983728333333335" lon="-48.63391333333334"><ele>9.9</ele></trkpt><trkpt lat="-26.983715" lon="-48.63392333333333"><ele>8.3</ele></trkpt><trkpt lat="-26.983705" lon="-48.63392833333334"><ele>7.4</ele></trkpt><trkpt lat="-26.9837" lon="-48.63393333333333"><ele>6.4</ele></trkpt><trkpt lat="-26.9837" lon="-48.633938333333326"><ele>5.3</ele></trkpt><trkpt lat="-26.983705" lon="-48.633935"><ele>4.6</ele></trkpt><trkpt lat="-26.983705" lon="-48.633935"><ele>4.6</ele></trkpt><trkpt lat="-26.98370166666667" lon="-48.63393166666666"><ele>4</ele></trkpt><trkpt lat="-26.983694999999997" lon="-48.63392666666667"><ele>3.7</ele></trkpt><trkpt lat="-26.983684999999998" lon="-48.63393166666666"><ele>3.6</ele></trkpt><trkpt lat="-26.983676666666664" lon="-48.63394166666667"><ele>3.6</ele></trkpt><trkpt lat="-26.98365833333333" lon="-48.633948333333336"><ele>3.8</ele></trkpt><trkpt lat="-26.983636666666666" lon="-48.63395833333334"><ele>3.9</ele></trkpt><trkpt lat="-26.983615" lon="-48.63396666666666"><ele>3.5</ele></trkpt><trkpt lat="-26.983594999999998" lon="-48.63397499999999"><ele>3.1</ele></trkpt><trkpt lat="-26.98357" lon="-48.63398833333334"><ele>1.8</ele></trkpt><trkpt lat="-26.983545000000003" lon="-48.63399833333333"><ele>0.5</ele></trkpt><trkpt lat="-26.983521666666668" lon="-48.63400166666667"><ele>-0.19999999999999996</ele></trkpt><trkpt lat="-26.983496666666664" lon="-48.634006666666664"><ele>-0.7000000000000002</ele></trkpt><trkpt lat="-26.983468333333334" lon="-48.63401666666667"><ele>-1.4</ele></trkpt><trkpt lat="-26.98344833333333" lon="-48.63402333333333"><ele>-1.9</ele></trkpt><trkpt lat="-26.983426666666666" lon="-48.634035"><ele>-2.5999999999999996</ele></trkpt><trkpt lat="-26.98340333333333" lon="-48.634051666666664"><ele>-2.8</ele></trkpt><trkpt lat="-26.983383333333336" lon="-48.63405666666666"><ele>-4.8</ele></trkpt><trkpt lat="-26.983361666666664" lon="-48.634053333333334"><ele>-5.2</ele></trkpt><trkpt lat="-26.983338333333336" lon="-48.634053333333334"><ele>-6.2</ele></trkpt><trkpt lat="-26.983320000000003" lon="-48.634051666666664"><ele>-6.1</ele></trkpt><trkpt lat="-26.983306666666667" lon="-48.634055000000004"><ele>-5.5</ele></trkpt><trkpt lat="-26.983305000000005" lon="-48.634045"><ele>-5.8</ele></trkpt><trkpt lat="-26.983305000000005" lon="-48.634040000000006"><ele>-5.4</ele></trkpt><trkpt lat="-26.983303333333332" lon="-48.63403666666667"><ele>-5.1</ele></trkpt><trkpt lat="-26.983303333333332" lon="-48.63403333333334"><ele>-4.7</ele></trkpt><trkpt lat="-26.983303333333332" lon="-48.63403333333334"><ele>-4.7</ele></trkpt><trkpt lat="-26.983305000000005" lon="-48.634028333333326"><ele>-4.1</ele></trkpt><trkpt lat="-26.983305000000005" lon="-48.63402666666666"><ele>-3.5999999999999996</ele></trkpt><trkpt lat="-26.983301666666662" lon="-48.634035"><ele>-2.8</ele></trkpt><trkpt lat="-26.9833" lon="-48.634040000000006"><ele>-2.3</ele></trkpt><trkpt lat="-26.98329833333333" lon="-48.634049999999995"><ele>-2</ele></trkpt><trkpt lat="-26.98329833333333" lon="-48.634049999999995"><ele>-2</ele></trkpt><trkpt lat="-26.983296666666668" lon="-48.634055000000004"><ele>-1.6</ele></trkpt><trkpt lat="-26.983296666666668" lon="-48.634055000000004"><ele>-1.6</ele></trkpt><trkpt lat="-26.983288333333334" lon="-48.63406666666666"><ele>-0.30000000000000004</ele></trkpt><trkpt lat="-26.983276666666665" lon="-48.634073333333326"><ele>0.30000000000000004</ele></trkpt><trkpt lat="-26.983256666666662" lon="-48.63407"><ele>1.1</ele></trkpt><trkpt lat="-26.98323833333333" lon="-48.63407666666667"><ele>1.8</ele></trkpt><trkpt lat="-26.983215000000005" lon="-48.63408166666667"><ele>2.8</ele></trkpt><trkpt lat="-26.983186666666665" lon="-48.63409"><ele>3.3</ele></trkpt><trkpt lat="-26.983156666666666" lon="-48.63409166666667"><ele>3.5</ele></trkpt><trkpt lat="-26.983156666666666" lon="-48.63409166666667"><ele>3.5</ele></trkpt><trkpt lat="-26.98313333333333" lon="-48.634098333333334"><ele>3.4</ele></trkpt><trkpt lat="-26.983116666666668" lon="-48.63410999999999"><ele>3.5</ele></trkpt><trkpt lat="-26.983098333333334" lon="-48.634115"><ele>3.3</ele></trkpt><trkpt lat="-26.98308833333333" lon="-48.63412"><ele>3</ele></trkpt><trkpt lat="-26.98309" lon="-48.63412"><ele>2.8</ele></trkpt><trkpt lat="-26.98309" lon="-48.63411666666666"><ele>2.9</ele></trkpt><trkpt lat="-26.98308666666667" lon="-48.634118333333326"><ele>2.9</ele></trkpt><trkpt lat="-26.983081666666667" lon="-48.634118333333326"><ele>3</ele></trkpt><trkpt lat="-26.983081666666667" lon="-48.634118333333326"><ele>3</ele></trkpt><trkpt lat="-26.98307833333333" lon="-48.63411166666666"><ele>3.7</ele></trkpt><trkpt lat="-26.98307833333333" lon="-48.63410333333333"><ele>4.2</ele></trkpt><trkpt lat="-26.98307333333333" lon="-48.63409166666667"><ele>4.6</ele></trkpt><trkpt lat="-26.983068333333335" lon="-48.63408833333333"><ele>4.4</ele></trkpt><trkpt lat="-26.983051666666665" lon="-48.63408833333333"><ele>4.8</ele></trkpt><trkpt lat="-26.983035000000005" lon="-48.63408833333333"><ele>4.9</ele></trkpt><trkpt lat="-26.983018333333334" lon="-48.63409166666667"><ele>4.9</ele></trkpt><trkpt lat="-26.983" lon="-48.634098333333334"><ele>5</ele></trkpt><trkpt lat="-26.982976666666666" lon="-48.63410999999999"><ele>4.6</ele></trkpt><trkpt lat="-26.982961666666665" lon="-48.634125"><ele>4.1</ele></trkpt><trkpt lat="-26.98294166666667" lon="-48.63413166666666"><ele>3.8</ele></trkpt><trkpt lat="-26.98292333333333" lon="-48.63413333333333"><ele>3.8</ele></trkpt><trkpt lat="-26.982900000000004" lon="-48.63413333333333"><ele>3.7</ele></trkpt><trkpt lat="-26.982876666666666" lon="-48.63413166666666"><ele>3.4</ele></trkpt><trkpt lat="-26.98285333333333" lon="-48.634130000000006"><ele>3.2</ele></trkpt><trkpt lat="-26.982844999999998" lon="-48.63412333333334"><ele>2.8</ele></trkpt><trkpt lat="-26.98285" lon="-48.63411666666666"><ele>3.3</ele></trkpt><trkpt lat="-26.982856666666667" lon="-48.63411666666666"><ele>3.3</ele></trkpt><trkpt lat="-26.98286" lon="-48.63411333333333"><ele>3.1</ele></trkpt><trkpt lat="-26.98286" lon="-48.63411333333333"><ele>3.3</ele></trkpt><trkpt lat="-26.98286333333333" lon="-48.63410666666667"><ele>3.2</ele></trkpt><trkpt lat="-26.982865" lon="-48.63410333333333"><ele>3.1</ele></trkpt><trkpt lat="-26.982865" lon="-48.63410333333333"><ele>3.1</ele></trkpt><trkpt lat="-26.98286333333333" lon="-48.63410333333333"><ele>3.1</ele></trkpt><trkpt lat="-26.982865" lon="-48.63410666666667"><ele>3.2</ele></trkpt><trkpt lat="-26.98286333333333" lon="-48.63411166666666"><ele>3.5</ele></trkpt><trkpt lat="-26.98286" lon="-48.634115"><ele>3.8</ele></trkpt><trkpt lat="-26.982856666666667" lon="-48.63410333333333"><ele>4.3</ele></trkpt><trkpt lat="-26.982856666666667" lon="-48.63410333333333"><ele>4.3</ele></trkpt><trkpt lat="-26.982855000000004" lon="-48.63409166666667"><ele>4.6</ele></trkpt><trkpt lat="-26.982846666666667" lon="-48.63409"><ele>4.7</ele></trkpt><trkpt lat="-26.982828333333334" lon="-48.634100000000004"><ele>5.3</ele></trkpt><trkpt lat="-26.98280666666667" lon="-48.63411333333333"><ele>5.5</ele></trkpt><trkpt lat="-26.982786666666666" lon="-48.63412"><ele>5.2</ele></trkpt><trkpt lat="-26.982768333333336" lon="-48.634139999999995"><ele>5.5</ele></trkpt><trkpt lat="-26.98274666666667" lon="-48.634163333333326"><ele>5.2</ele></trkpt><trkpt lat="-26.982726666666668" lon="-48.63418333333334"><ele>5.7</ele></trkpt><trkpt lat="-26.982696666666666" lon="-48.63421833333334"><ele>5.3</ele></trkpt><trkpt lat="-26.982666666666667" lon="-48.63424"><ele>5</ele></trkpt><trkpt lat="-26.982643333333332" lon="-48.63425666666667"><ele>4.7</ele></trkpt><trkpt lat="-26.982619999999997" lon="-48.63426833333333"><ele>3.6</ele></trkpt><trkpt lat="-26.98259333333333" lon="-48.634274999999995"><ele>3.3</ele></trkpt><trkpt lat="-26.982571666666665" lon="-48.63427333333334"><ele>3</ele></trkpt><trkpt lat="-26.98255" lon="-48.63427166666667"><ele>2.9</ele></trkpt><trkpt lat="-26.982535" lon="-48.63427333333334"><ele>2.9</ele></trkpt><trkpt lat="-26.982528333333335" lon="-48.63427166666667"><ele>2.8</ele></trkpt><trkpt lat="-26.98253833333333" lon="-48.634280000000004"><ele>2</ele></trkpt><trkpt lat="-26.98253833333333" lon="-48.634280000000004"><ele>2</ele></trkpt><trkpt lat="-26.98253833333333" lon="-48.634280000000004"><ele>2</ele></trkpt><trkpt lat="-26.982533333333336" lon="-48.63427166666667"><ele>2.5</ele></trkpt><trkpt lat="-26.98252166666667" lon="-48.63426833333333"><ele>3</ele></trkpt><trkpt lat="-26.98251" lon="-48.63426666666666"><ele>3.4</ele></trkpt><trkpt lat="-26.982499999999998" lon="-48.63426833333333"><ele>3.7</ele></trkpt><trkpt lat="-26.98249" lon="-48.63427"><ele>4.2</ele></trkpt><trkpt lat="-26.98249" lon="-48.63427"><ele>4.2</ele></trkpt><trkpt lat="-26.982475" lon="-48.63427333333334"><ele>4.7</ele></trkpt><trkpt lat="-26.98246166666667" lon="-48.634278333333334"><ele>5.6</ele></trkpt><trkpt lat="-26.982450000000004" lon="-48.63428833333334"><ele>6.3</ele></trkpt><trkpt lat="-26.98243166666667" lon="-48.63430333333334"><ele>6.9</ele></trkpt><trkpt lat="-26.982413333333337" lon="-48.634310000000006"><ele>7.8</ele></trkpt><trkpt lat="-26.982391666666665" lon="-48.63431833333334"><ele>8.2</ele></trkpt><trkpt lat="-26.982376666666664" lon="-48.63432833333333"><ele>9.3</ele></trkpt><trkpt lat="-26.982353333333336" lon="-48.63433166666667"><ele>10.3</ele></trkpt><trkpt lat="-26.982321666666667" lon="-48.63433"><ele>11.1</ele></trkpt><trkpt lat="-26.982295" lon="-48.63432833333333"><ele>12.5</ele></trkpt><trkpt lat="-26.982285" lon="-48.634325000000004"><ele>13.4</ele></trkpt><trkpt lat="-26.982285" lon="-48.634325000000004"><ele>13.4</ele></trkpt><trkpt lat="-26.98228166666667" lon="-48.634325000000004"><ele>13.8</ele></trkpt><trkpt lat="-26.982278333333337" lon="-48.63432666666666"><ele>14</ele></trkpt><trkpt lat="-26.982276666666667" lon="-48.634325000000004"><ele>13.7</ele></trkpt><trkpt lat="-26.982274999999998" lon="-48.634321666666665"><ele>13.4</ele></trkpt><trkpt lat="-26.982276666666667" lon="-48.63431833333334"><ele>13.1</ele></trkpt><trkpt lat="-26.982273333333335" lon="-48.63431833333334"><ele>13</ele></trkpt><trkpt lat="-26.982271666666666" lon="-48.634310000000006"><ele>12.5</ele></trkpt><trkpt lat="-26.982271666666666" lon="-48.634305"><ele>12.5</ele></trkpt><trkpt lat="-26.982270000000003" lon="-48.63429833333333"><ele>12.3</ele></trkpt><trkpt lat="-26.982270000000003" lon="-48.63429833333333"><ele>12.3</ele></trkpt><trkpt lat="-26.982264999999998" lon="-48.63429333333333"><ele>11.9</ele></trkpt><trkpt lat="-26.982264999999998" lon="-48.63429333333333"><ele>11.9</ele></trkpt><trkpt lat="-26.98225" lon="-48.63428833333334"><ele>11</ele></trkpt><trkpt lat="-26.982241666666663" lon="-48.63428666666667"><ele>10.7</ele></trkpt><trkpt lat="-26.982229999999998" lon="-48.63428666666667"><ele>10.5</ele></trkpt><trkpt lat="-26.982219999999998" lon="-48.63428999999999"><ele>10.3</ele></trkpt><trkpt lat="-26.982205" lon="-48.634295"><ele>10</ele></trkpt><trkpt lat="-26.982199999999995" lon="-48.6343"><ele>9.4</ele></trkpt><trkpt lat="-26.982201666666665" lon="-48.63430166666667"><ele>10.3</ele></trkpt><trkpt lat="-26.982208333333332" lon="-48.63430333333334"><ele>10.2</ele></trkpt><trkpt lat="-26.982208333333332" lon="-48.63430333333334"><ele>10.2</ele></trkpt><trkpt lat="-26.982211666666664" lon="-48.634310000000006"><ele>10</ele></trkpt><trkpt lat="-26.982213333333334" lon="-48.63431333333333"><ele>10.1</ele></trkpt><trkpt lat="-26.982213333333334" lon="-48.634315"><ele>10.2</ele></trkpt><trkpt lat="-26.982214999999997" lon="-48.63431833333334"><ele>10.3</ele></trkpt><trkpt lat="-26.982213333333334" lon="-48.634321666666665"><ele>10.6</ele></trkpt><trkpt lat="-26.982213333333334" lon="-48.634319999999995"><ele>10.6</ele></trkpt><trkpt lat="-26.982211666666664" lon="-48.634323333333334"><ele>10.7</ele></trkpt><trkpt lat="-26.982210000000002" lon="-48.634323333333334"><ele>10.8</ele></trkpt><trkpt lat="-26.982208333333332" lon="-48.63432666666666"><ele>10.8</ele></trkpt><trkpt lat="-26.982208333333332" lon="-48.63432666666666"><ele>10.8</ele></trkpt><trkpt lat="-26.982208333333332" lon="-48.63432666666666"><ele>10.8</ele></trkpt><trkpt lat="-26.982208333333332" lon="-48.63432666666666"><ele>10.8</ele></trkpt><trkpt lat="-26.982208333333332" lon="-48.63432666666666"><ele>10.8</ele></trkpt><trkpt lat="-26.982208333333332" lon="-48.63432666666666"><ele>10.8</ele></trkpt><trkpt lat="-26.982208333333332" lon="-48.63432666666666"><ele>10.8</ele></trkpt><trkpt lat="-26.982208333333332" lon="-48.63432666666666"><ele>10.8</ele></trkpt><trkpt lat="-26.982208333333332" lon="-48.63432666666666"><ele>10.8</ele></trkpt><trkpt lat="-26.982208333333332" lon="-48.63432666666666"><ele>10.8</ele></trkpt><trkpt lat="-26.982208333333332" lon="-48.63432666666666"><ele>10.8</ele></trkpt><trkpt lat="-26.982208333333332" lon="-48.63432666666666"><ele>10.8</ele></trkpt><trkpt lat="-26.982208333333332" lon="-48.63432666666666"><ele>10.8</ele></trkpt><trkpt lat="-26.982208333333332" lon="-48.63432666666666"><ele>10.8</ele></trkpt><trkpt lat="-26.982208333333332" lon="-48.63432666666666"><ele>10.8</ele></trkpt><trkpt lat="-26.982208333333332" lon="-48.63432666666666"><ele>10.8</ele></trkpt><trkpt lat="-26.982208333333332" lon="-48.63432666666666"><ele>10.8</ele></trkpt><trkpt lat="-26.982208333333332" lon="-48.63432666666666"><ele>10.8</ele></trkpt><trkpt lat="-26.982208333333332" lon="-48.63432666666666"><ele>10.8</ele></trkpt><trkpt lat="-26.982208333333332" lon="-48.63432666666666"><ele>10.8</ele></trkpt><trkpt lat="-26.982208333333332" lon="-48.63432666666666"><ele>10.8</ele></trkpt><trkpt lat="-26.982208333333332" lon="-48.63432666666666"><ele>10.8</ele></trkpt><trkpt lat="-26.982208333333332" lon="-48.63432666666666"><ele>10.8</ele></trkpt><trkpt lat="-26.982208333333332" lon="-48.63432666666666"><ele>10.8</ele></trkpt><trkpt lat="-26.982208333333332" lon="-48.63432666666666"><ele>10.8</ele></trkpt><trkpt lat="-26.982208333333332" lon="-48.63432666666666"><ele>10.8</ele></trkpt><trkpt lat="-26.982208333333332" lon="-48.63432666666666"><ele>10.8</ele></trkpt><trkpt lat="-26.982208333333332" lon="-48.63432666666666"><ele>10.8</ele></trkpt><trkpt lat="-26.982208333333332" lon="-48.63432666666666"><ele>10.8</ele></trkpt><trkpt lat="-26.982208333333332" lon="-48.63432666666666"><ele>10.8</ele></trkpt><trkpt lat="-26.982208333333332" lon="-48.63432666666666"><ele>10.8</ele></trkpt><trkpt lat="-26.982208333333332" lon="-48.63432666666666"><ele>10.8</ele></trkpt><trkpt lat="-26.982211666666664" lon="-48.63439333333334"><ele>8</ele></trkpt><trkpt lat="-26.982226666666666" lon="-48.63439166666667"><ele>7.6</ele></trkpt><trkpt lat="-26.98225" lon="-48.63438166666666"><ele>7.9</ele></trkpt><trkpt lat="-26.982276666666667" lon="-48.634366666666665"><ele>7.8</ele></trkpt><trkpt lat="-26.982303333333334" lon="-48.63436"><ele>8.6</ele></trkpt><trkpt lat="-26.982336666666665" lon="-48.63436"><ele>9.1</ele></trkpt><trkpt lat="-26.982364999999998" lon="-48.63435333333334"><ele>9.6</ele></trkpt><trkpt lat="-26.982401666666668" lon="-48.63433666666666"><ele>9.9</ele></trkpt><trkpt lat="-26.982435000000002" lon="-48.63431666666667"><ele>9.7</ele></trkpt><trkpt lat="-26.982458333333337" lon="-48.63430666666667"><ele>9.6</ele></trkpt><trkpt lat="-26.98249333333333" lon="-48.63428666666667"><ele>9.8</ele></trkpt><trkpt lat="-26.98252" lon="-48.63427333333334"><ele>9.4</ele></trkpt><trkpt lat="-26.98255166666667" lon="-48.634265000000006"><ele>8.8</ele></trkpt><trkpt lat="-26.982588333333336" lon="-48.63425666666667"><ele>8.2</ele></trkpt><trkpt lat="-26.98262833333333" lon="-48.63425"><ele>8</ele></trkpt><trkpt lat="-26.982658333333333" lon="-48.63423833333333"><ele>6.6</ele></trkpt><trkpt lat="-26.982698333333328" lon="-48.63422833333334"><ele>6.1</ele></trkpt><trkpt lat="-26.982733333333332" lon="-48.63422166666666"><ele>6</ele></trkpt><trkpt lat="-26.982766666666667" lon="-48.63420166666666"><ele>6.3</ele></trkpt><trkpt lat="-26.982801666666667" lon="-48.63419166666666"><ele>6.3</ele></trkpt><trkpt lat="-26.982841666666666" lon="-48.63419333333333"><ele>5.9</ele></trkpt><trkpt lat="-26.982883333333334" lon="-48.63419666666667"><ele>5.6</ele></trkpt><trkpt lat="-26.982919999999996" lon="-48.63419666666667"><ele>5.3</ele></trkpt><trkpt lat="-26.982955" lon="-48.63419166666666"><ele>5.5</ele></trkpt><trkpt lat="-26.98298833333333" lon="-48.63417833333333"><ele>5.6</ele></trkpt><trkpt lat="-26.983021666666666" lon="-48.63415833333333"><ele>5.8</ele></trkpt><trkpt lat="-26.98304666666667" lon="-48.63414666666666"><ele>5.5</ele></trkpt><trkpt lat="-26.98308833333333" lon="-48.63412833333334"><ele>5.8</ele></trkpt><trkpt lat="-26.983116666666668" lon="-48.634118333333326"><ele>4.8</ele></trkpt><trkpt lat="-26.98317666666667" lon="-48.63408833333333"><ele>4.7</ele></trkpt><trkpt lat="-26.98322333333333" lon="-48.63407833333334"><ele>5.5</ele></trkpt><trkpt lat="-26.983256666666662" lon="-48.63407"><ele>5.1</ele></trkpt><trkpt lat="-26.983295" lon="-48.634055000000004"><ele>4.5</ele></trkpt><trkpt lat="-26.983335000000004" lon="-48.634045"><ele>5.6</ele></trkpt><trkpt lat="-26.983375000000002" lon="-48.63404166666666"><ele>7.1</ele></trkpt><trkpt lat="-26.983413333333335" lon="-48.634035"><ele>8.6</ele></trkpt><trkpt lat="-26.98344833333333" lon="-48.63403166666667"><ele>8.9</ele></trkpt><trkpt lat="-26.983486666666668" lon="-48.63402333333333"><ele>9.3</ele></trkpt><trkpt lat="-26.98352" lon="-48.634025"><ele>8.9</ele></trkpt><trkpt lat="-26.983556666666665" lon="-48.63401333333333"><ele>8.4</ele></trkpt><trkpt lat="-26.983594999999998" lon="-48.63400333333334"><ele>9.1</ele></trkpt><trkpt lat="-26.983623333333338" lon="-48.633995000000006"><ele>8.4</ele></trkpt><trkpt lat="-26.98365666666667" lon="-48.63398666666667"><ele>8.8</ele></trkpt><trkpt lat="-26.983683333333335" lon="-48.63398666666667"><ele>9</ele></trkpt><trkpt lat="-26.983708333333333" lon="-48.63398166666666"><ele>9.3</ele></trkpt><trkpt lat="-26.983708333333333" lon="-48.63395166666666"><ele>9.6</ele></trkpt><trkpt lat="-26.983690000000003" lon="-48.63392999999999"><ele>8</ele></trkpt><trkpt lat="-26.98367166666667" lon="-48.63391166666667"><ele>6.7</ele></trkpt><trkpt lat="-26.98365666666667" lon="-48.63391"><ele>5.6</ele></trkpt><trkpt lat="-26.983633333333334" lon="-48.63391166666667"><ele>5.3</ele></trkpt><trkpt lat="-26.983621666666668" lon="-48.63391333333334"><ele>4.9</ele></trkpt><trkpt lat="-26.98361" lon="-48.63392333333333"><ele>4.3</ele></trkpt><trkpt lat="-26.983601666666665" lon="-48.63392833333334"><ele>3.5</ele></trkpt><trkpt lat="-26.98359833333333" lon="-48.63392833333334"><ele>3.1</ele></trkpt><trkpt lat="-26.983590000000003" lon="-48.63392999999999"><ele>2.7</ele></trkpt><trkpt lat="-26.983590000000003" lon="-48.63393166666666"><ele>2.1</ele></trkpt><trkpt lat="-26.983594999999998" lon="-48.63393166666666"><ele>2.2</ele></trkpt><trkpt lat="-26.983600000000003" lon="-48.63393333333333"><ele>2.4</ele></trkpt><trkpt lat="-26.983603333333335" lon="-48.63393333333333"><ele>2.6</ele></trkpt><trkpt lat="-26.983604999999997" lon="-48.633938333333326"><ele>2.5</ele></trkpt><trkpt lat="-26.983604999999997" lon="-48.633938333333326"><ele>2.5</ele></trkpt><trkpt lat="-26.98361166666667" lon="-48.63394166666667"><ele>2.8</ele></trkpt><trkpt lat="-26.98361166666667" lon="-48.63394166666667"><ele>2.8</ele></trkpt><trkpt lat="-26.98361166666667" lon="-48.63394166666667"><ele>2.8</ele></trkpt><trkpt lat="-26.98361166666667" lon="-48.63394166666667"><ele>2.8</ele></trkpt><trkpt lat="-26.98361166666667" lon="-48.63394166666667"><ele>2.8</ele></trkpt><trkpt lat="-26.98361166666667" lon="-48.63394166666667"><ele>2.8</ele></trkpt><trkpt lat="-26.98361166666667" lon="-48.63394166666667"><ele>2.8</ele></trkpt><trkpt lat="-26.98361166666667" lon="-48.63394166666667"><ele>2.8</ele></trkpt><trkpt lat="-26.98361166666667" lon="-48.63394166666667"><ele>2.8</ele></trkpt><trkpt lat="-26.983606666666667" lon="-48.63391166666667"><ele>3.1</ele></trkpt><trkpt lat="-26.983601666666665" lon="-48.633903333333336"><ele>3.3</ele></trkpt><trkpt lat="-26.983596666666667" lon="-48.63390166666667"><ele>3.1</ele></trkpt><trkpt lat="-26.983591666666666" lon="-48.63390833333333"><ele>2.8</ele></trkpt><trkpt lat="-26.983590000000003" lon="-48.63391"><ele>2.8</ele></trkpt><trkpt lat="-26.983590000000003" lon="-48.63391"><ele>2.8</ele></trkpt><trkpt lat="-26.983575000000005" lon="-48.63392666666667"><ele>2.4</ele></trkpt><trkpt lat="-26.983560000000004" lon="-48.63394166666667"><ele>2.2</ele></trkpt><trkpt lat="-26.983541666666664" lon="-48.63395833333334"><ele>1.9</ele></trkpt><trkpt lat="-26.98352" lon="-48.63397833333333"><ele>1.7</ele></trkpt><trkpt lat="-26.983496666666664" lon="-48.633995000000006"><ele>1.4</ele></trkpt><trkpt lat="-26.983475" lon="-48.634004999999995"><ele>1.1</ele></trkpt><trkpt lat="-26.98345" lon="-48.63401333333333"><ele>1</ele></trkpt><trkpt lat="-26.983426666666666" lon="-48.63401999999999"><ele>1.2</ele></trkpt><trkpt lat="-26.983396666666668" lon="-48.634028333333326"><ele>0.9</ele></trkpt><trkpt lat="-26.983365000000003" lon="-48.63403"><ele>0.9</ele></trkpt><trkpt lat="-26.983333333333334" lon="-48.63403666666667"><ele>0.8</ele></trkpt><trkpt lat="-26.983296666666668" lon="-48.634051666666664"><ele>0.19999999999999996</ele></trkpt><trkpt lat="-26.983258333333332" lon="-48.63406666666666"><ele>-0.3999999999999999</ele></trkpt><trkpt lat="-26.983226666666663" lon="-48.634075"><ele>-1.2999999999999998</ele></trkpt><trkpt lat="-26.983196666666664" lon="-48.634085000000006"><ele>-2.1</ele></trkpt><trkpt lat="-26.983161666666668" lon="-48.634098333333334"><ele>-2.1</ele></trkpt><trkpt lat="-26.98313333333333" lon="-48.63410999999999"><ele>-3</ele></trkpt><trkpt lat="-26.983095000000002" lon="-48.63412833333334"><ele>-3.7</ele></trkpt><trkpt lat="-26.983060000000002" lon="-48.63414666666666"><ele>-3.5</ele></trkpt><trkpt lat="-26.98303333333333" lon="-48.63415666666666"><ele>-3.8</ele></trkpt><trkpt lat="-26.983003333333333" lon="-48.63416833333334"><ele>-4.2</ele></trkpt><trkpt lat="-26.98297166666667" lon="-48.634186666666665"><ele>-4.8</ele></trkpt><trkpt lat="-26.98295" lon="-48.63420166666666"><ele>-5</ele></trkpt><trkpt lat="-26.982921666666666" lon="-48.63421"><ele>-6.1</ele></trkpt><trkpt lat="-26.98290666666667" lon="-48.63422666666667"><ele>-7.300000000000001</ele></trkpt><trkpt lat="-26.98289833333333" lon="-48.63423666666666"><ele>-7.699999999999999</ele></trkpt><trkpt lat="-26.982885000000003" lon="-48.63425"><ele>-8.5</ele></trkpt><trkpt lat="-26.982871666666664" lon="-48.63426666666666"><ele>-9.3</ele></trkpt><trkpt lat="-26.982855000000004" lon="-48.634280000000004"><ele>-9.7</ele></trkpt><trkpt lat="-26.982835" lon="-48.6343"><ele>-9.7</ele></trkpt><trkpt lat="-26.982815" lon="-48.63431333333333"><ele>-10.1</ele></trkpt><trkpt lat="-26.982783333333334" lon="-48.63431333333333"><ele>-8.6</ele></trkpt><trkpt lat="-26.98276" lon="-48.63433"><ele>-9</ele></trkpt><trkpt lat="-26.982743333333328" lon="-48.634345"><ele>-9.4</ele></trkpt><trkpt lat="-26.982720000000004" lon="-48.63435833333333"><ele>-9.6</ele></trkpt><trkpt lat="-26.982698333333328" lon="-48.63437166666666"><ele>-10</ele></trkpt><trkpt lat="-26.98266833333333" lon="-48.63438166666666"><ele>-10.5</ele></trkpt><trkpt lat="-26.982633333333336" lon="-48.63437666666667"><ele>-8.3</ele></trkpt><trkpt lat="-26.982586666666666" lon="-48.63435666666666"><ele>-6.3</ele></trkpt><trkpt lat="-26.982558333333333" lon="-48.63435833333333"><ele>-6.2</ele></trkpt><trkpt lat="-26.982529999999997" lon="-48.63437166666666"><ele>-6.3</ele></trkpt><trkpt lat="-26.982496666666666" lon="-48.63437166666666"><ele>-6.2</ele></trkpt><trkpt lat="-26.982465" lon="-48.634375"><ele>-6</ele></trkpt><trkpt lat="-26.982433333333333" lon="-48.63438666666666"><ele>-6.5</ele></trkpt><trkpt lat="-26.982401666666668" lon="-48.63438833333333"><ele>-4.6</ele></trkpt><trkpt lat="-26.982379999999996" lon="-48.63439333333334"><ele>-4.3</ele></trkpt><trkpt lat="-26.982376666666664" lon="-48.63439833333334"><ele>-4.1</ele></trkpt><trkpt lat="-26.982366666666667" lon="-48.63440000000001"><ele>-3.4000000000000004</ele></trkpt><trkpt lat="-26.982360000000003" lon="-48.634395"><ele>-2.9000000000000004</ele></trkpt><trkpt lat="-26.982355" lon="-48.63438666666666"><ele>-1.2000000000000002</ele></trkpt><trkpt lat="-26.982355" lon="-48.63438666666666"><ele>-1.2000000000000002</ele></trkpt><trkpt lat="-26.982349999999997" lon="-48.63438666666666"><ele>-0.19999999999999996</ele></trkpt><trkpt lat="-26.982345000000002" lon="-48.63438666666666"><ele>0.8</ele></trkpt><trkpt lat="-26.98234" lon="-48.634385"><ele>1.7</ele></trkpt><trkpt lat="-26.982334999999996" lon="-48.63437999999999"><ele>2.6</ele></trkpt><trkpt lat="-26.98233" lon="-48.63437333333333"><ele>3.2</ele></trkpt><trkpt lat="-26.98233" lon="-48.634370000000004"><ele>3.4</ele></trkpt><trkpt lat="-26.98233" lon="-48.634370000000004"><ele>3.4</ele></trkpt><trkpt lat="-26.982325" lon="-48.634370000000004"><ele>3.5</ele></trkpt><trkpt lat="-26.982325" lon="-48.634370000000004"><ele>3.5</ele></trkpt><trkpt lat="-26.982293333333338" lon="-48.63438333333333"><ele>4</ele></trkpt><trkpt lat="-26.982266666666668" lon="-48.63438333333333"><ele>4.4</ele></trkpt><trkpt lat="-26.982241666666663" lon="-48.634385"><ele>4.4</ele></trkpt><trkpt lat="-26.982225000000003" lon="-48.63437833333334"><ele>4.1</ele></trkpt><trkpt lat="-26.982213333333334" lon="-48.634368333333335"><ele>3.9</ele></trkpt><trkpt lat="-26.982208333333332" lon="-48.63436"><ele>3.4</ele></trkpt><trkpt lat="-26.982203333333338" lon="-48.63434666666667"><ele>3.1</ele></trkpt><trkpt lat="-26.982203333333338" lon="-48.63433666666666"><ele>2.7</ele></trkpt><trkpt lat="-26.982198333333333" lon="-48.63432666666666"><ele>2.4</ele></trkpt><trkpt lat="-26.98219166666667" lon="-48.634319999999995"><ele>2.2</ele></trkpt><trkpt lat="-26.982186666666667" lon="-48.63430833333334"><ele>1.9</ele></trkpt><trkpt lat="-26.982188333333337" lon="-48.63429166666666"><ele>1.9</ele></trkpt><trkpt lat="-26.982195" lon="-48.634285"><ele>2.2</ele></trkpt><trkpt lat="-26.982203333333338" lon="-48.63428166666666"><ele>2.1</ele></trkpt><trkpt lat="-26.982210000000002" lon="-48.634280000000004"><ele>2.4</ele></trkpt><trkpt lat="-26.982226666666666" lon="-48.63426833333333"><ele>2.7</ele></trkpt><trkpt lat="-26.98224" lon="-48.63426"><ele>3</ele></trkpt><trkpt lat="-26.982263333333336" lon="-48.634255"><ele>9.6</ele></trkpt><trkpt lat="-26.982273333333335" lon="-48.63425833333334"><ele>9.4</ele></trkpt><trkpt lat="-26.982274999999998" lon="-48.634265000000006"><ele>9.2</ele></trkpt><trkpt lat="-26.982276666666667" lon="-48.634276666666665"><ele>9.1</ele></trkpt><trkpt lat="-26.982270000000003" lon="-48.63428833333334"><ele>9</ele></trkpt><trkpt lat="-26.982256666666665" lon="-48.63430166666667"><ele>9</ele></trkpt><trkpt lat="-26.98224" lon="-48.634310000000006"><ele>9</ele></trkpt><trkpt lat="-26.982226666666666" lon="-48.63431166666666"><ele>9</ele></trkpt><trkpt lat="-26.982219999999998" lon="-48.63431333333333"><ele>9</ele></trkpt><trkpt lat="-26.982218333333336" lon="-48.63431333333333"><ele>8.9</ele></trkpt><trkpt lat="-26.982218333333336" lon="-48.634315"><ele>9</ele></trkpt><trkpt lat="-26.982216666666666" lon="-48.63431666666667"><ele>9</ele></trkpt><trkpt lat="-26.982214999999997" lon="-48.634315"><ele>9.1</ele></trkpt><trkpt lat="-26.982214999999997" lon="-48.634315"><ele>9.1</ele></trkpt><trkpt lat="-26.982214999999997" lon="-48.63431166666666"><ele>9.2</ele></trkpt><trkpt lat="-26.982214999999997" lon="-48.63431166666666"><ele>9.2</ele></trkpt><trkpt lat="-26.982214999999997" lon="-48.63430833333334"><ele>9.3</ele></trkpt><trkpt lat="-26.982214999999997" lon="-48.63430833333334"><ele>9.3</ele></trkpt><trkpt lat="-26.982213333333334" lon="-48.63430666666667"><ele>9.1</ele></trkpt><trkpt lat="-26.982213333333334" lon="-48.634305"><ele>8.8</ele></trkpt><trkpt lat="-26.982213333333334" lon="-48.634305"><ele>8.4</ele></trkpt><trkpt lat="-26.982213333333334" lon="-48.634305"><ele>8.4</ele></trkpt><trkpt lat="-26.982213333333334" lon="-48.634305"><ele>8.4</ele></trkpt><trkpt lat="-26.982213333333334" lon="-48.634305"><ele>8.4</ele></trkpt><trkpt lat="-26.982213333333334" lon="-48.634305"><ele>8.4</ele></trkpt><trkpt lat="-26.982213333333334" lon="-48.634305"><ele>8.4</ele></trkpt><trkpt lat="-26.982213333333334" lon="-48.634305"><ele>8.4</ele></trkpt><trkpt lat="-26.982213333333334" lon="-48.634305"><ele>8.4</ele></trkpt><trkpt lat="-26.982213333333334" lon="-48.634305"><ele>8.4</ele></trkpt><trkpt lat="-26.982213333333334" lon="-48.634305"><ele>8.4</ele></trkpt><trkpt lat="-26.982213333333334" lon="-48.634305"><ele>8.4</ele></trkpt><trkpt lat="-26.982198333333333" lon="-48.634321666666665"><ele>5.9</ele></trkpt><trkpt lat="-26.98219166666667" lon="-48.63432833333333"><ele>5.8</ele></trkpt><trkpt lat="-26.98217833333333" lon="-48.63433"><ele>5.7</ele></trkpt><trkpt lat="-26.98216166666667" lon="-48.63433666666666"><ele>4.8</ele></trkpt><trkpt lat="-26.98214666666667" lon="-48.634345"><ele>4.8</ele></trkpt><trkpt lat="-26.982135000000003" lon="-48.63435333333334"><ele>4.6</ele></trkpt><trkpt lat="-26.982120000000002" lon="-48.63436"><ele>4.3</ele></trkpt><trkpt lat="-26.982111666666665" lon="-48.63436166666667"><ele>4</ele></trkpt><trkpt lat="-26.982108333333333" lon="-48.63436166666667"><ele>3.9</ele></trkpt><trkpt lat="-26.982108333333333" lon="-48.63436"><ele>4.1</ele></trkpt><trkpt lat="-26.982109999999995" lon="-48.63436"><ele>4.1</ele></trkpt><trkpt lat="-26.982109999999995" lon="-48.634366666666665"><ele>3.8</ele></trkpt><trkpt lat="-26.982108333333333" lon="-48.634368333333335"><ele>4.1</ele></trkpt><trkpt lat="-26.982108333333333" lon="-48.634370000000004"><ele>4.5</ele></trkpt><trkpt lat="-26.982108333333333" lon="-48.634368333333335"><ele>5.3</ele></trkpt><trkpt lat="-26.982108333333333" lon="-48.634366666666665"><ele>5.4</ele></trkpt><trkpt lat="-26.982108333333333" lon="-48.634366666666665"><ele>5.4</ele></trkpt><trkpt lat="-26.982108333333333" lon="-48.634366666666665"><ele>5.4</ele></trkpt><trkpt lat="-26.982108333333333" lon="-48.634366666666665"><ele>5.4</ele></trkpt><trkpt lat="-26.982108333333333" lon="-48.634366666666665"><ele>5.4</ele></trkpt><trkpt lat="-26.982108333333333" lon="-48.634366666666665"><ele>5.4</ele></trkpt><trkpt lat="-26.982108333333333" lon="-48.634366666666665"><ele>5.4</ele></trkpt><trkpt lat="-26.982108333333333" lon="-48.634366666666665"><ele>5.4</ele></trkpt><trkpt lat="-26.982108333333333" lon="-48.634366666666665"><ele>5.4</ele></trkpt><trkpt lat="-26.982108333333333" lon="-48.634366666666665"><ele>5.4</ele></trkpt><trkpt lat="-26.982108333333333" lon="-48.634366666666665"><ele>5.4</ele></trkpt><trkpt lat="-26.982108333333333" lon="-48.634366666666665"><ele>5.4</ele></trkpt><trkpt lat="-26.982108333333333" lon="-48.634366666666665"><ele>5.4</ele></trkpt><trkpt lat="-26.982108333333333" lon="-48.634366666666665"><ele>5.4</ele></trkpt><trkpt lat="-26.982108333333333" lon="-48.634366666666665"><ele>5.4</ele></trkpt><trkpt lat="-26.982108333333333" lon="-48.634366666666665"><ele>5.4</ele></trkpt><trkpt lat="-26.982108333333333" lon="-48.634366666666665"><ele>5.4</ele></trkpt><trkpt lat="-26.982108333333333" lon="-48.634366666666665"><ele>5.4</ele></trkpt><trkpt lat="-26.982108333333333" lon="-48.634366666666665"><ele>5.4</ele></trkpt><trkpt lat="-26.982108333333333" lon="-48.634366666666665"><ele>5.4</ele></trkpt><trkpt lat="-26.982108333333333" lon="-48.634366666666665"><ele>5.4</ele></trkpt><trkpt lat="-26.982108333333333" lon="-48.634366666666665"><ele>5.4</ele></trkpt><trkpt lat="-26.982108333333333" lon="-48.634366666666665"><ele>5.4</ele></trkpt><trkpt lat="-26.982108333333333" lon="-48.634366666666665"><ele>5.4</ele></trkpt><trkpt lat="-26.982108333333333" lon="-48.634366666666665"><ele>5.4</ele></trkpt><trkpt lat="-26.982108333333333" lon="-48.634366666666665"><ele>5.4</ele></trkpt><trkpt lat="-26.982108333333333" lon="-48.634366666666665"><ele>5.4</ele></trkpt><trkpt lat="-26.982108333333333" lon="-48.634366666666665"><ele>5.4</ele></trkpt><trkpt lat="-26.982108333333333" lon="-48.634366666666665"><ele>5.4</ele></trkpt><trkpt lat="-26.982108333333333" lon="-48.634366666666665"><ele>5.4</ele></trkpt><trkpt lat="-26.98210166666667" lon="-48.63439333333334"><ele>11.6</ele></trkpt><trkpt lat="-26.982084999999998" lon="-48.63439666666667"><ele>11.2</ele></trkpt><trkpt lat="-26.982061666666663" lon="-48.63439666666667"><ele>11.4</ele></trkpt><trkpt lat="-26.982034999999996" lon="-48.63440166666666"><ele>11.6</ele></trkpt><trkpt lat="-26.982008333333336" lon="-48.63440666666667"><ele>12</ele></trkpt><trkpt lat="-26.981983333333332" lon="-48.63441666666666"><ele>12</ele></trkpt><trkpt lat="-26.981960000000004" lon="-48.63442499999999"><ele>12.6</ele></trkpt><trkpt lat="-26.981933333333338" lon="-48.63443666666667"><ele>12.5</ele></trkpt><trkpt lat="-26.981915000000004" lon="-48.63445166666667"><ele>13</ele></trkpt><trkpt lat="-26.981893333333332" lon="-48.63444333333334"><ele>13.5</ele></trkpt><trkpt lat="-26.981871666666667" lon="-48.63444833333333"><ele>13.6</ele></trkpt><trkpt lat="-26.981851666666664" lon="-48.634456666666665"><ele>13.5</ele></trkpt><trkpt lat="-26.981836666666663" lon="-48.63447166666666"><ele>13.4</ele></trkpt><trkpt lat="-26.98181833333333" lon="-48.63448"><ele>12.7</ele></trkpt><trkpt lat="-26.981798333333337" lon="-48.63448833333334"><ele>11.4</ele></trkpt><trkpt lat="-26.981771666666667" lon="-48.634495"><ele>10.4</ele></trkpt><trkpt lat="-26.98175" lon="-48.63450666666666"><ele>9.8</ele></trkpt><trkpt lat="-26.981724999999997" lon="-48.63451333333334"><ele>9.4</ele></trkpt><trkpt lat="-26.9817" lon="-48.63451333333334"><ele>9.3</ele></trkpt><trkpt lat="-26.981685000000002" lon="-48.63451666666666"><ele>10.1</ele></trkpt><trkpt lat="-26.98167" lon="-48.63451499999999"><ele>10.7</ele></trkpt><trkpt lat="-26.98166" lon="-48.63451"><ele>11.4</ele></trkpt><trkpt lat="-26.981656666666662" lon="-48.63451"><ele>11.8</ele></trkpt><trkpt lat="-26.98165" lon="-48.63451"><ele>12.3</ele></trkpt><trkpt lat="-26.981648333333336" lon="-48.63451666666666"><ele>12.4</ele></trkpt><trkpt lat="-26.981646666666666" lon="-48.63452166666666"><ele>12.5</ele></trkpt><trkpt lat="-26.981645000000004" lon="-48.63453"><ele>12.6</ele></trkpt><trkpt lat="-26.98163833333333" lon="-48.63453500000001"><ele>12.9</ele></trkpt><trkpt lat="-26.981634999999997" lon="-48.63454333333334"><ele>13.1</ele></trkpt><trkpt lat="-26.981631666666665" lon="-48.634548333333335"><ele>13.2</ele></trkpt><trkpt lat="-26.981626666666664" lon="-48.634550000000004"><ele>13.3</ele></trkpt><trkpt lat="-26.981626666666664" lon="-48.634550000000004"><ele>13.3</ele></trkpt><trkpt lat="-26.981626666666664" lon="-48.634550000000004"><ele>13.3</ele></trkpt><trkpt lat="-26.981626666666664" lon="-48.634550000000004"><ele>13.3</ele></trkpt><trkpt lat="-26.981626666666664" lon="-48.634550000000004"><ele>13.3</ele></trkpt><trkpt lat="-26.981626666666664" lon="-48.634550000000004"><ele>13.3</ele></trkpt><trkpt lat="-26.981626666666664" lon="-48.634550000000004"><ele>13.3</ele></trkpt><trkpt lat="-26.981626666666664" lon="-48.634550000000004"><ele>13.3</ele></trkpt><trkpt lat="-26.981626666666664" lon="-48.634550000000004"><ele>13.3</ele></trkpt><trkpt lat="-26.981626666666664" lon="-48.634550000000004"><ele>13.3</ele></trkpt><trkpt lat="-26.981626666666664" lon="-48.634550000000004"><ele>13.3</ele></trkpt><trkpt lat="-26.981626666666664" lon="-48.634550000000004"><ele>13.3</ele></trkpt><trkpt lat="-26.981606666666668" lon="-48.63451833333333"><ele>14.8</ele></trkpt><trkpt lat="-26.981615" lon="-48.63451166666667"><ele>14.8</ele></trkpt><trkpt lat="-26.98162" lon="-48.63450666666666"><ele>15.1</ele></trkpt><trkpt lat="-26.981626666666664" lon="-48.634499999999996"><ele>15.2</ele></trkpt><trkpt lat="-26.981633333333335" lon="-48.63449333333333"><ele>15.2</ele></trkpt><trkpt lat="-26.981633333333335" lon="-48.63449333333333"><ele>15.2</ele></trkpt><trkpt lat="-26.981633333333335" lon="-48.63449333333333"><ele>15.2</ele></trkpt><trkpt lat="-26.981633333333335" lon="-48.63449333333333"><ele>15.2</ele></trkpt><trkpt lat="-26.981633333333335" lon="-48.63449333333333"><ele>15.2</ele></trkpt><trkpt lat="-26.981633333333335" lon="-48.63449333333333"><ele>15.2</ele></trkpt><trkpt lat="-26.981633333333335" lon="-48.63449333333333"><ele>15.2</ele></trkpt><trkpt lat="-26.981628333333333" lon="-48.634475"><ele>15.1</ele></trkpt><trkpt lat="-26.98162166666667" lon="-48.63446666666667"><ele>15.1</ele></trkpt><trkpt lat="-26.981618333333337" lon="-48.63445333333334"><ele>15.4</ele></trkpt><trkpt lat="-26.98161" lon="-48.63443833333334"><ele>15.1</ele></trkpt><trkpt lat="-26.981605" lon="-48.63442666666666"><ele>14.9</ele></trkpt><trkpt lat="-26.981605" lon="-48.634411666666665"><ele>14.4</ele></trkpt><trkpt lat="-26.981601666666666" lon="-48.634395"><ele>13.9</ele></trkpt><trkpt lat="-26.981596666666665" lon="-48.63437999999999"><ele>13.5</ele></trkpt><trkpt lat="-26.98159333333333" lon="-48.634366666666665"><ele>13.4</ele></trkpt><trkpt lat="-26.981595000000002" lon="-48.63435833333333"><ele>13.1</ele></trkpt><trkpt lat="-26.981595000000002" lon="-48.63434833333334"><ele>12.9</ele></trkpt><trkpt lat="-26.981595000000002" lon="-48.63433499999999"><ele>12.3</ele></trkpt><trkpt lat="-26.981595000000002" lon="-48.634323333333334"><ele>11.7</ele></trkpt><trkpt lat="-26.98159333333333" lon="-48.634315"><ele>11.4</ele></trkpt><trkpt lat="-26.98159333333333" lon="-48.634305"><ele>11.1</ele></trkpt><trkpt lat="-26.981591666666667" lon="-48.634295"><ele>10.8</ele></trkpt><trkpt lat="-26.981591666666667" lon="-48.634285"><ele>10.4</ele></trkpt><trkpt lat="-26.981591666666667" lon="-48.634276666666665"><ele>9.9</ele></trkpt><trkpt lat="-26.981591666666667" lon="-48.634276666666665"><ele>9.9</ele></trkpt><trkpt lat="-26.981591666666667" lon="-48.634276666666665"><ele>9.9</ele></trkpt><trkpt lat="-26.98159333333333" lon="-48.63427333333334"><ele>9.3</ele></trkpt><trkpt lat="-26.981603333333336" lon="-48.63429833333333"><ele>1.9</ele></trkpt><trkpt lat="-26.981606666666668" lon="-48.63430833333334"><ele>2.3</ele></trkpt><trkpt lat="-26.98161" lon="-48.63431166666666"><ele>2.7</ele></trkpt><trkpt lat="-26.981625" lon="-48.63433"><ele>3.4</ele></trkpt><trkpt lat="-26.981625" lon="-48.63434833333334"><ele>4.2</ele></trkpt><trkpt lat="-26.98162" lon="-48.63436333333334"><ele>4.8</ele></trkpt><trkpt lat="-26.981618333333337" lon="-48.63438333333333"><ele>5.3</ele></trkpt><trkpt lat="-26.981616666666664" lon="-48.63440000000001"><ele>5.8</ele></trkpt><trkpt lat="-26.981611666666662" lon="-48.634413333333335"><ele>5.8</ele></trkpt><trkpt lat="-26.98161" lon="-48.63443"><ele>5.9</ele></trkpt><trkpt lat="-26.98161" lon="-48.63443"><ele>5.9</ele></trkpt><trkpt lat="-26.98161" lon="-48.63443"><ele>5.9</ele></trkpt><trkpt lat="-26.98161" lon="-48.63443"><ele>5.9</ele></trkpt><trkpt lat="-26.981583333333333" lon="-48.63446166666666"><ele>6.9</ele></trkpt><trkpt lat="-26.981561666666668" lon="-48.63446166666666"><ele>6.8</ele></trkpt><trkpt lat="-26.981538333333333" lon="-48.634465"><ele>6.7</ele></trkpt><trkpt lat="-26.981514999999998" lon="-48.63446333333333"><ele>6.3</ele></trkpt><trkpt lat="-26.98148833333333" lon="-48.63446666666667"><ele>5.6</ele></trkpt><trkpt lat="-26.981465000000004" lon="-48.63447166666666"><ele>5.4</ele></trkpt><trkpt lat="-26.981436666666664" lon="-48.634475"><ele>4.5</ele></trkpt><trkpt lat="-26.981415000000002" lon="-48.63448666666667"><ele>4.2</ele></trkpt><trkpt lat="-26.981385" lon="-48.63449833333334"><ele>3.9</ele></trkpt><trkpt lat="-26.981358333333333" lon="-48.634499999999996"><ele>3.9</ele></trkpt><trkpt lat="-26.981348333333337" lon="-48.63449166666666"><ele>3.2</ele></trkpt><trkpt lat="-26.98133833333333" lon="-48.63447166666666"><ele>3.3</ele></trkpt><trkpt lat="-26.98134166666667" lon="-48.634460000000004"><ele>3.4</ele></trkpt><trkpt lat="-26.98134333333333" lon="-48.634454999999996"><ele>3.6</ele></trkpt><trkpt lat="-26.98134166666667" lon="-48.63444666666666"><ele>4.2</ele></trkpt><trkpt lat="-26.98133833333333" lon="-48.634454999999996"><ele>4.4</ele></trkpt><trkpt lat="-26.981334999999998" lon="-48.63446166666666"><ele>4.5</ele></trkpt><trkpt lat="-26.981336666666667" lon="-48.63446333333333"><ele>5</ele></trkpt><trkpt lat="-26.98133833333333" lon="-48.63446666666667"><ele>5.5</ele></trkpt><trkpt lat="-26.98133833333333" lon="-48.63446666666667"><ele>5.7</ele></trkpt><trkpt lat="-26.98133833333333" lon="-48.63446833333334"><ele>6</ele></trkpt><trkpt lat="-26.981334999999998" lon="-48.63447333333333"><ele>5.9</ele></trkpt><trkpt lat="-26.981334999999998" lon="-48.63447333333333"><ele>5.9</ele></trkpt><trkpt lat="-26.981334999999998" lon="-48.63447333333333"><ele>5.9</ele></trkpt><trkpt lat="-26.981334999999998" lon="-48.63447333333333"><ele>5.9</ele></trkpt><trkpt lat="-26.981334999999998" lon="-48.63447333333333"><ele>5.9</ele></trkpt><trkpt lat="-26.981334999999998" lon="-48.63447333333333"><ele>5.9</ele></trkpt><trkpt lat="-26.981334999999998" lon="-48.63447333333333"><ele>5.9</ele></trkpt><trkpt lat="-26.981334999999998" lon="-48.63447333333333"><ele>5.9</ele></trkpt><trkpt lat="-26.981334999999998" lon="-48.63447333333333"><ele>5.9</ele></trkpt><trkpt lat="-26.981334999999998" lon="-48.63447333333333"><ele>5.9</ele></trkpt><trkpt lat="-26.981334999999998" lon="-48.63447333333333"><ele>5.9</ele></trkpt><trkpt lat="-26.981334999999998" lon="-48.63447333333333"><ele>5.9</ele></trkpt><trkpt lat="-26.981334999999998" lon="-48.63447333333333"><ele>5.9</ele></trkpt><trkpt lat="-26.981334999999998" lon="-48.63447333333333"><ele>5.9</ele></trkpt><trkpt lat="-26.981334999999998" lon="-48.63447333333333"><ele>5.9</ele></trkpt><trkpt lat="-26.981334999999998" lon="-48.63447333333333"><ele>5.9</ele></trkpt><trkpt lat="-26.981334999999998" lon="-48.63447333333333"><ele>5.9</ele></trkpt><trkpt lat="-26.981334999999998" lon="-48.63447333333333"><ele>5.9</ele></trkpt><trkpt lat="-26.981334999999998" lon="-48.63447333333333"><ele>5.9</ele></trkpt><trkpt lat="-26.981334999999998" lon="-48.63447333333333"><ele>5.9</ele></trkpt><trkpt lat="-26.981334999999998" lon="-48.63447333333333"><ele>5.9</ele></trkpt><trkpt lat="-26.981334999999998" lon="-48.63447333333333"><ele>5.9</ele></trkpt><trkpt lat="-26.981334999999998" lon="-48.63447333333333"><ele>5.9</ele></trkpt><trkpt lat="-26.981334999999998" lon="-48.63447333333333"><ele>5.9</ele></trkpt><trkpt lat="-26.981334999999998" lon="-48.63447333333333"><ele>5.9</ele></trkpt><trkpt lat="-26.981334999999998" lon="-48.63447333333333"><ele>5.9</ele></trkpt><trkpt lat="-26.981334999999998" lon="-48.63447333333333"><ele>5.9</ele></trkpt><trkpt lat="-26.981334999999998" lon="-48.63447333333333"><ele>5.9</ele></trkpt><trkpt lat="-26.981334999999998" lon="-48.63447333333333"><ele>5.9</ele></trkpt><trkpt lat="-26.981334999999998" lon="-48.63447333333333"><ele>5.9</ele></trkpt><trkpt lat="-26.981334999999998" lon="-48.63447333333333"><ele>5.9</ele></trkpt><trkpt lat="-26.981334999999998" lon="-48.63447333333333"><ele>5.9</ele></trkpt><trkpt lat="-26.981334999999998" lon="-48.63447333333333"><ele>5.9</ele></trkpt><trkpt lat="-26.981334999999998" lon="-48.63447333333333"><ele>5.9</ele></trkpt><trkpt lat="-26.981334999999998" lon="-48.63447333333333"><ele>5.9</ele></trkpt><trkpt lat="-26.981334999999998" lon="-48.63447333333333"><ele>5.9</ele></trkpt><trkpt lat="-26.981334999999998" lon="-48.63447333333333"><ele>5.9</ele></trkpt><trkpt lat="-26.981334999999998" lon="-48.63447333333333"><ele>5.9</ele></trkpt><trkpt lat="-26.981334999999998" lon="-48.63447333333333"><ele>5.9</ele></trkpt><trkpt lat="-26.981334999999998" lon="-48.63447333333333"><ele>5.9</ele></trkpt><trkpt lat="-26.981334999999998" lon="-48.63447333333333"><ele>5.9</ele></trkpt><trkpt lat="-26.981376666666666" lon="-48.63446166666666"><ele>9</ele></trkpt><trkpt lat="-26.981376666666666" lon="-48.63446166666666"><ele>9.1</ele></trkpt><trkpt lat="-26.981375000000003" lon="-48.634460000000004"><ele>9.2</ele></trkpt><trkpt lat="-26.981373333333334" lon="-48.634458333333335"><ele>9.2</ele></trkpt><trkpt lat="-26.981373333333334" lon="-48.634458333333335"><ele>9.2</ele></trkpt><trkpt lat="-26.981373333333334" lon="-48.634458333333335"><ele>9.2</ele></trkpt><trkpt lat="-26.981373333333334" lon="-48.634458333333335"><ele>9.2</ele></trkpt><trkpt lat="-26.981373333333334" lon="-48.634458333333335"><ele>9.2</ele></trkpt><trkpt lat="-26.981373333333334" lon="-48.634458333333335"><ele>9.2</ele></trkpt><trkpt lat="-26.981373333333334" lon="-48.634458333333335"><ele>9.2</ele></trkpt><trkpt lat="-26.981373333333334" lon="-48.634458333333335"><ele>9.2</ele></trkpt><trkpt lat="-26.981373333333334" lon="-48.634458333333335"><ele>9.2</ele></trkpt><trkpt lat="-26.981373333333334" lon="-48.634458333333335"><ele>9.2</ele></trkpt><trkpt lat="-26.981373333333334" lon="-48.634458333333335"><ele>9.2</ele></trkpt><trkpt lat="-26.981373333333334" lon="-48.634458333333335"><ele>9.2</ele></trkpt><trkpt lat="-26.981373333333334" lon="-48.634458333333335"><ele>9.2</ele></trkpt><trkpt lat="-26.981391666666664" lon="-48.63449833333334"><ele>8.5</ele></trkpt><trkpt lat="-26.98139" lon="-48.634505000000004"><ele>8.5</ele></trkpt><trkpt lat="-26.98138833333333" lon="-48.634505000000004"><ele>8.6</ele></trkpt><trkpt lat="-26.98138833333333" lon="-48.63450666666666"><ele>8.7</ele></trkpt><trkpt lat="-26.98138833333333" lon="-48.63451"><ele>8.9</ele></trkpt><trkpt lat="-26.98138833333333" lon="-48.63451"><ele>8.9</ele></trkpt><trkpt lat="-26.98138833333333" lon="-48.63451"><ele>8.9</ele></trkpt><trkpt lat="-26.98138833333333" lon="-48.63451"><ele>8.9</ele></trkpt><trkpt lat="-26.98138833333333" lon="-48.63451"><ele>8.9</ele></trkpt><trkpt lat="-26.98138833333333" lon="-48.63451"><ele>8.9</ele></trkpt><trkpt lat="-26.98138833333333" lon="-48.63451"><ele>8.9</ele></trkpt><trkpt lat="-26.98138833333333" lon="-48.63451"><ele>8.9</ele></trkpt><trkpt lat="-26.98138833333333" lon="-48.63451"><ele>8.9</ele></trkpt><trkpt lat="-26.98138833333333" lon="-48.63451"><ele>8.9</ele></trkpt><trkpt lat="-26.98138833333333" lon="-48.63451"><ele>8.9</ele></trkpt><trkpt lat="-26.98138833333333" lon="-48.63451"><ele>8.9</ele></trkpt><trkpt lat="-26.98138833333333" lon="-48.63451"><ele>8.9</ele></trkpt><trkpt lat="-26.98138833333333" lon="-48.63451"><ele>8.9</ele></trkpt><trkpt lat="-26.98138833333333" lon="-48.63451"><ele>8.9</ele></trkpt><trkpt lat="-26.98138833333333" lon="-48.63451"><ele>8.9</ele></trkpt><trkpt lat="-26.98138833333333" lon="-48.63451"><ele>8.9</ele></trkpt><trkpt lat="-26.98138833333333" lon="-48.63451"><ele>8.9</ele></trkpt><trkpt lat="-26.98138833333333" lon="-48.63451"><ele>8.9</ele></trkpt><trkpt lat="-26.98138833333333" lon="-48.63451"><ele>8.9</ele></trkpt><trkpt lat="-26.98138833333333" lon="-48.63451"><ele>8.9</ele></trkpt><trkpt lat="-26.98138833333333" lon="-48.63451"><ele>8.9</ele></trkpt><trkpt lat="-26.98138833333333" lon="-48.63451"><ele>8.9</ele></trkpt><trkpt lat="-26.98138833333333" lon="-48.63451"><ele>8.9</ele></trkpt><trkpt lat="-26.98138833333333" lon="-48.63451"><ele>8.9</ele></trkpt><trkpt lat="-26.98138833333333" lon="-48.63451"><ele>8.9</ele></trkpt><trkpt lat="-26.98138833333333" lon="-48.63451"><ele>8.9</ele></trkpt><trkpt lat="-26.98138833333333" lon="-48.63451"><ele>8.9</ele></trkpt><trkpt lat="-26.98138833333333" lon="-48.63451"><ele>8.9</ele></trkpt><trkpt lat="-26.98138833333333" lon="-48.63451"><ele>8.9</ele></trkpt><trkpt lat="-26.98138833333333" lon="-48.63451"><ele>8.9</ele></trkpt><trkpt lat="-26.98138833333333" lon="-48.63451"><ele>8.9</ele></trkpt><trkpt lat="-26.98138833333333" lon="-48.63451"><ele>8.9</ele></trkpt><trkpt lat="-26.98138833333333" lon="-48.63451"><ele>8.9</ele></trkpt><trkpt lat="-26.98138833333333" lon="-48.63451"><ele>8.9</ele></trkpt><trkpt lat="-26.98138833333333" lon="-48.63451"><ele>8.9</ele></trkpt><trkpt lat="-26.98138833333333" lon="-48.63451"><ele>8.9</ele></trkpt><trkpt lat="-26.98138833333333" lon="-48.63451"><ele>8.9</ele></trkpt><trkpt lat="-26.98138833333333" lon="-48.63451"><ele>8.9</ele></trkpt><trkpt lat="-26.98138833333333" lon="-48.63451"><ele>8.9</ele></trkpt><trkpt lat="-26.98138833333333" lon="-48.63451"><ele>8.9</ele></trkpt><trkpt lat="-26.98138833333333" lon="-48.63451"><ele>8.9</ele></trkpt><trkpt lat="-26.98138833333333" lon="-48.63451"><ele>8.9</ele></trkpt><trkpt lat="-26.98138833333333" lon="-48.63451"><ele>8.9</ele></trkpt><trkpt lat="-26.98138833333333" lon="-48.63451"><ele>8.9</ele></trkpt><trkpt lat="-26.98138833333333" lon="-48.63451"><ele>8.9</ele></trkpt><trkpt lat="-26.98138833333333" lon="-48.63451"><ele>8.9</ele></trkpt><trkpt lat="-26.98138833333333" lon="-48.63451"><ele>8.9</ele></trkpt><trkpt lat="-26.98138833333333" lon="-48.63451"><ele>8.9</ele></trkpt><trkpt lat="-26.981364999999997" lon="-48.634411666666665"><ele>2.2</ele></trkpt><trkpt lat="-26.981363333333334" lon="-48.63440666666667"><ele>2.3</ele></trkpt><trkpt lat="-26.981361666666665" lon="-48.63440166666666"><ele>2.6</ele></trkpt><trkpt lat="-26.981360000000002" lon="-48.634395"><ele>2.6</ele></trkpt><trkpt lat="-26.981360000000002" lon="-48.634395"><ele>2.6</ele></trkpt><trkpt lat="-26.981360000000002" lon="-48.634395"><ele>2.6</ele></trkpt><trkpt lat="-26.981360000000002" lon="-48.634395"><ele>2.6</ele></trkpt><trkpt lat="-26.981360000000002" lon="-48.634395"><ele>2.6</ele></trkpt><trkpt lat="-26.981360000000002" lon="-48.634395"><ele>2.6</ele></trkpt><trkpt lat="-26.981360000000002" lon="-48.634395"><ele>2.6</ele></trkpt><trkpt lat="-26.981360000000002" lon="-48.634395"><ele>2.6</ele></trkpt><trkpt lat="-26.981360000000002" lon="-48.634395"><ele>2.6</ele></trkpt><trkpt lat="-26.981360000000002" lon="-48.634395"><ele>2.6</ele></trkpt><trkpt lat="-26.981336666666667" lon="-48.63440000000001"><ele>2.7</ele></trkpt><trkpt lat="-26.981325000000002" lon="-48.63440833333334"><ele>3</ele></trkpt><trkpt lat="-26.98130666666667" lon="-48.634413333333335"><ele>3.1</ele></trkpt><trkpt lat="-26.98129333333333" lon="-48.63442"><ele>3.2</ele></trkpt><trkpt lat="-26.981288333333335" lon="-48.63442666666666"><ele>3.5</ele></trkpt><trkpt lat="-26.981289999999998" lon="-48.63443"><ele>3.9</ele></trkpt><trkpt lat="-26.981291666666667" lon="-48.63443166666666"><ele>4</ele></trkpt><trkpt lat="-26.98129333333333" lon="-48.63443333333333"><ele>3.9</ele></trkpt><trkpt lat="-26.98129333333333" lon="-48.63443333333333"><ele>3.9</ele></trkpt><trkpt lat="-26.98129333333333" lon="-48.63443666666667"><ele>4.3</ele></trkpt><trkpt lat="-26.98129333333333" lon="-48.63444166666667"><ele>4.5</ele></trkpt><trkpt lat="-26.981291666666667" lon="-48.63444666666666"><ele>4.8</ele></trkpt><trkpt lat="-26.981291666666667" lon="-48.63445166666667"><ele>5.1</ele></trkpt><trkpt lat="-26.981289999999998" lon="-48.634458333333335"><ele>5.4</ele></trkpt><trkpt lat="-26.981289999999998" lon="-48.634458333333335"><ele>5.4</ele></trkpt><trkpt lat="-26.981289999999998" lon="-48.634458333333335"><ele>5.4</ele></trkpt><trkpt lat="-26.981289999999998" lon="-48.634458333333335"><ele>5.4</ele></trkpt><trkpt lat="-26.981289999999998" lon="-48.634458333333335"><ele>5.4</ele></trkpt><trkpt lat="-26.981289999999998" lon="-48.634458333333335"><ele>5.4</ele></trkpt><trkpt lat="-26.981289999999998" lon="-48.634458333333335"><ele>5.4</ele></trkpt><trkpt lat="-26.981289999999998" lon="-48.634458333333335"><ele>5.4</ele></trkpt><trkpt lat="-26.981289999999998" lon="-48.634458333333335"><ele>5.4</ele></trkpt><trkpt lat="-26.981289999999998" lon="-48.634458333333335"><ele>5.4</ele></trkpt><trkpt lat="-26.981289999999998" lon="-48.634458333333335"><ele>5.4</ele></trkpt><trkpt lat="-26.981289999999998" lon="-48.634458333333335"><ele>5.4</ele></trkpt><trkpt lat="-26.981289999999998" lon="-48.634458333333335"><ele>5.4</ele></trkpt><trkpt lat="-26.981289999999998" lon="-48.634458333333335"><ele>5.4</ele></trkpt><trkpt lat="-26.981289999999998" lon="-48.634458333333335"><ele>5.4</ele></trkpt><trkpt lat="-26.981289999999998" lon="-48.634458333333335"><ele>5.4</ele></trkpt><trkpt lat="-26.981289999999998" lon="-48.634458333333335"><ele>5.4</ele></trkpt><trkpt lat="-26.981289999999998" lon="-48.634458333333335"><ele>5.4</ele></trkpt><trkpt lat="-26.981289999999998" lon="-48.634458333333335"><ele>5.4</ele></trkpt><trkpt lat="-26.981289999999998" lon="-48.634458333333335"><ele>5.4</ele></trkpt><trkpt lat="-26.981289999999998" lon="-48.634458333333335"><ele>5.4</ele></trkpt><trkpt lat="-26.981289999999998" lon="-48.634458333333335"><ele>5.4</ele></trkpt><trkpt lat="-26.981289999999998" lon="-48.634458333333335"><ele>5.4</ele></trkpt><trkpt lat="-26.981289999999998" lon="-48.634458333333335"><ele>5.4</ele></trkpt><trkpt lat="-26.981289999999998" lon="-48.634458333333335"><ele>5.4</ele></trkpt><trkpt lat="-26.981289999999998" lon="-48.634458333333335"><ele>5.4</ele></trkpt><trkpt lat="-26.981289999999998" lon="-48.634458333333335"><ele>5.4</ele></trkpt><trkpt lat="-26.981289999999998" lon="-48.634458333333335"><ele>5.4</ele></trkpt><trkpt lat="-26.981289999999998" lon="-48.634458333333335"><ele>5.4</ele></trkpt><trkpt lat="-26.981289999999998" lon="-48.634458333333335"><ele>5.4</ele></trkpt><trkpt lat="-26.981289999999998" lon="-48.634458333333335"><ele>5.4</ele></trkpt><trkpt lat="-26.981289999999998" lon="-48.634458333333335"><ele>5.4</ele></trkpt><trkpt lat="-26.981289999999998" lon="-48.634458333333335"><ele>5.4</ele></trkpt><trkpt lat="-26.981289999999998" lon="-48.634458333333335"><ele>5.4</ele></trkpt><trkpt lat="-26.981289999999998" lon="-48.634458333333335"><ele>5.4</ele></trkpt><trkpt lat="-26.981289999999998" lon="-48.634458333333335"><ele>5.4</ele></trkpt><trkpt lat="-26.981289999999998" lon="-48.634458333333335"><ele>5.4</ele></trkpt><trkpt lat="-26.981289999999998" lon="-48.634458333333335"><ele>5.4</ele></trkpt><trkpt lat="-26.981289999999998" lon="-48.634458333333335"><ele>5.4</ele></trkpt><trkpt lat="-26.981289999999998" lon="-48.634458333333335"><ele>5.4</ele></trkpt><trkpt lat="-26.981289999999998" lon="-48.634458333333335"><ele>5.4</ele></trkpt><trkpt lat="-26.981289999999998" lon="-48.634458333333335"><ele>5.4</ele></trkpt><trkpt lat="-26.981289999999998" lon="-48.634458333333335"><ele>5.4</ele></trkpt><trkpt lat="-26.981289999999998" lon="-48.634458333333335"><ele>5.4</ele></trkpt><trkpt lat="-26.981289999999998" lon="-48.634458333333335"><ele>5.4</ele></trkpt><trkpt lat="-26.981289999999998" lon="-48.634458333333335"><ele>5.4</ele></trkpt><trkpt lat="-26.981289999999998" lon="-48.634458333333335"><ele>5.4</ele></trkpt><trkpt lat="-26.981289999999998" lon="-48.634458333333335"><ele>5.4</ele></trkpt><trkpt lat="-26.981289999999998" lon="-48.634458333333335"><ele>5.4</ele></trkpt><trkpt lat="-26.981289999999998" lon="-48.634458333333335"><ele>5.4</ele></trkpt><trkpt lat="-26.981289999999998" lon="-48.634458333333335"><ele>5.4</ele></trkpt><trkpt lat="-26.981289999999998" lon="-48.634458333333335"><ele>5.4</ele></trkpt><trkpt lat="-26.981319999999997" lon="-48.634456666666665"><ele>4.7</ele></trkpt><trkpt lat="-26.98131166666667" lon="-48.63446666666667"><ele>4.4</ele></trkpt><trkpt lat="-26.98129833333333" lon="-48.63446999999999"><ele>4.3</ele></trkpt><trkpt lat="-26.98128166666667" lon="-48.634475"><ele>4.1</ele></trkpt><trkpt lat="-26.98126" lon="-48.634475"><ele>3.9</ele></trkpt><trkpt lat="-26.98123333333333" lon="-48.63447333333333"><ele>4</ele></trkpt><trkpt lat="-26.981201666666667" lon="-48.63447166666666"><ele>4.5</ele></trkpt><trkpt lat="-26.981165" lon="-48.634475"><ele>4.7</ele></trkpt><trkpt lat="-26.981138333333334" lon="-48.63448166666667"><ele>4.9</ele></trkpt><trkpt lat="-26.98111666666667" lon="-48.63449000000001"><ele>5.6</ele></trkpt><trkpt lat="-26.98109833333333" lon="-48.634495"><ele>6.2</ele></trkpt><trkpt lat="-26.98109833333333" lon="-48.634495"><ele>6.2</ele></trkpt><trkpt lat="-26.981090000000002" lon="-48.63449666666667"><ele>6.8</ele></trkpt><trkpt lat="-26.981085" lon="-48.634495"><ele>6.9</ele></trkpt><trkpt lat="-26.981081666666668" lon="-48.63449833333334"><ele>7</ele></trkpt><trkpt lat="-26.98108666666667" lon="-48.634501666666665"><ele>6.8</ele></trkpt><trkpt lat="-26.981094999999996" lon="-48.634503333333335"><ele>6.9</ele></trkpt><trkpt lat="-26.981094999999996" lon="-48.634505000000004"><ele>6.9</ele></trkpt><trkpt lat="-26.981096666666666" lon="-48.63450666666666"><ele>7.1</ele></trkpt><trkpt lat="-26.981096666666666" lon="-48.63450666666666"><ele>7.1</ele></trkpt><trkpt lat="-26.98109833333333" lon="-48.63450833333333"><ele>7.7</ele></trkpt><trkpt lat="-26.981094999999996" lon="-48.63451666666666"><ele>7.6</ele></trkpt><trkpt lat="-26.98108333333333" lon="-48.63451333333334"><ele>7.6</ele></trkpt><trkpt lat="-26.98107" lon="-48.63450666666666"><ele>7.8</ele></trkpt><trkpt lat="-26.981049999999996" lon="-48.63451166666667"><ele>7.9</ele></trkpt><trkpt lat="-26.98102666666667" lon="-48.63450833333333"><ele>7.9</ele></trkpt><trkpt lat="-26.98101" lon="-48.63451"><ele>7.9</ele></trkpt><trkpt lat="-26.980988333333336" lon="-48.63451833333333"><ele>7.9</ele></trkpt><trkpt lat="-26.98096333333334" lon="-48.63452666666667"><ele>8</ele></trkpt><trkpt lat="-26.98093833333333" lon="-48.63454"><ele>7.8</ele></trkpt><trkpt lat="-26.98092" lon="-48.634544999999996"><ele>7.6</ele></trkpt><trkpt lat="-26.980888333333336" lon="-48.634555"><ele>6.7</ele></trkpt><trkpt lat="-26.98085" lon="-48.63456166666666"><ele>6.2</ele></trkpt><trkpt lat="-26.980818333333332" lon="-48.63456666666666"><ele>6.1</ele></trkpt><trkpt lat="-26.980790000000002" lon="-48.63457333333334"><ele>5.7</ele></trkpt><trkpt lat="-26.980756666666668" lon="-48.63458333333333"><ele>5.1</ele></trkpt><trkpt lat="-26.98072666666667" lon="-48.63457833333334"><ele>4.5</ele></trkpt><trkpt lat="-26.980703333333334" lon="-48.63458000000001"><ele>3.9</ele></trkpt><trkpt lat="-26.98069666666667" lon="-48.634565"><ele>3.7</ele></trkpt><trkpt lat="-26.98069666666667" lon="-48.63455833333334"><ele>3.4</ele></trkpt><trkpt lat="-26.980695" lon="-48.63455333333333"><ele>3.2</ele></trkpt><trkpt lat="-26.980698333333333" lon="-48.634550000000004"><ele>2.7</ele></trkpt><trkpt lat="-26.980698333333333" lon="-48.634544999999996"><ele>2.9</ele></trkpt><trkpt lat="-26.98069666666667" lon="-48.63454333333334"><ele>3</ele></trkpt><trkpt lat="-26.980689999999996" lon="-48.63454166666667"><ele>3.5</ele></trkpt><trkpt lat="-26.980689999999996" lon="-48.63454166666667"><ele>3.5</ele></trkpt><trkpt lat="-26.980685" lon="-48.63454333333334"><ele>4.1</ele></trkpt><trkpt lat="-26.98068" lon="-48.63454333333334"><ele>4.7</ele></trkpt><trkpt lat="-26.980678333333337" lon="-48.63454333333334"><ele>5</ele></trkpt><trkpt lat="-26.980671666666662" lon="-48.63454166666667"><ele>5.4</ele></trkpt><trkpt lat="-26.980671666666662" lon="-48.63454166666667"><ele>5.4</ele></trkpt><trkpt lat="-26.980671666666662" lon="-48.63454166666667"><ele>5.4</ele></trkpt><trkpt lat="-26.980671666666662" lon="-48.63454166666667"><ele>5.4</ele></trkpt><trkpt lat="-26.980671666666662" lon="-48.63454166666667"><ele>5.4</ele></trkpt><trkpt lat="-26.980671666666662" lon="-48.63454166666667"><ele>5.4</ele></trkpt><trkpt lat="-26.980644999999996" lon="-48.63454333333334"><ele>5.5</ele></trkpt><trkpt lat="-26.980629999999998" lon="-48.634544999999996"><ele>5.4</ele></trkpt><trkpt lat="-26.980611666666665" lon="-48.634546666666665"><ele>5</ele></trkpt><trkpt lat="-26.98059333333333" lon="-48.634550000000004"><ele>4.2</ele></trkpt><trkpt lat="-26.980573333333336" lon="-48.63455833333334"><ele>3.2</ele></trkpt><trkpt lat="-26.980551666666663" lon="-48.63456166666666"><ele>3.1</ele></trkpt><trkpt lat="-26.98053333333333" lon="-48.634565"><ele>2.3</ele></trkpt><trkpt lat="-26.980509999999995" lon="-48.634575"><ele>1.6</ele></trkpt><trkpt lat="-26.980486666666668" lon="-48.63458333333333"><ele>1</ele></trkpt><trkpt lat="-26.98046" lon="-48.63458833333334"><ele>-0.3999999999999999</ele></trkpt><trkpt lat="-26.980431666666664" lon="-48.634595000000004"><ele>-1</ele></trkpt><trkpt lat="-26.980405000000005" lon="-48.63460499999999"><ele>-1.6</ele></trkpt><trkpt lat="-26.980385000000002" lon="-48.63460833333333"><ele>-2.1</ele></trkpt><trkpt lat="-26.980371666666663" lon="-48.63460666666666"><ele>-2</ele></trkpt><trkpt lat="-26.980371666666663" lon="-48.63460499999999"><ele>-1.4</ele></trkpt><trkpt lat="-26.980373333333333" lon="-48.63459833333333"><ele>-0.7999999999999998</ele></trkpt><trkpt lat="-26.980375000000002" lon="-48.63459833333333"><ele>-0.10000000000000009</ele></trkpt><trkpt lat="-26.980376666666665" lon="-48.63459833333333"><ele>0.5</ele></trkpt><trkpt lat="-26.980371666666663" lon="-48.63460166666667"><ele>1.5</ele></trkpt><trkpt lat="-26.98036666666667" lon="-48.63460499999999"><ele>2.1</ele></trkpt><trkpt lat="-26.980365" lon="-48.63461"><ele>2.4</ele></trkpt><trkpt lat="-26.980365" lon="-48.63461"><ele>2.4</ele></trkpt><trkpt lat="-26.980363333333337" lon="-48.634615000000004"><ele>2.3</ele></trkpt><trkpt lat="-26.980361666666667" lon="-48.63461333333333"><ele>2.3</ele></trkpt><trkpt lat="-26.980361666666667" lon="-48.63461166666666"><ele>2.3</ele></trkpt><trkpt lat="-26.980361666666667" lon="-48.63461166666666"><ele>2.3</ele></trkpt><trkpt lat="-26.980361666666667" lon="-48.63461166666666"><ele>2.3</ele></trkpt><trkpt lat="-26.980361666666667" lon="-48.63461166666666"><ele>2.3</ele></trkpt><trkpt lat="-26.980361666666667" lon="-48.63461166666666"><ele>2.3</ele></trkpt><trkpt lat="-26.980361666666667" lon="-48.63461166666666"><ele>2.3</ele></trkpt><trkpt lat="-26.980361666666667" lon="-48.63461166666666"><ele>2.3</ele></trkpt><trkpt lat="-26.980361666666667" lon="-48.63461166666666"><ele>2.3</ele></trkpt><trkpt lat="-26.980361666666667" lon="-48.63461166666666"><ele>2.3</ele></trkpt><trkpt lat="-26.980361666666667" lon="-48.63461166666666"><ele>2.3</ele></trkpt><trkpt lat="-26.980361666666667" lon="-48.63461166666666"><ele>2.3</ele></trkpt><trkpt lat="-26.980361666666667" lon="-48.63461166666666"><ele>2.3</ele></trkpt><trkpt lat="-26.980361666666667" lon="-48.63461166666666"><ele>2.3</ele></trkpt><trkpt lat="-26.980361666666667" lon="-48.63461166666666"><ele>2.3</ele></trkpt><trkpt lat="-26.980361666666667" lon="-48.63461166666666"><ele>2.3</ele></trkpt><trkpt lat="-26.980361666666667" lon="-48.63461166666666"><ele>2.3</ele></trkpt><trkpt lat="-26.980361666666667" lon="-48.63461166666666"><ele>2.3</ele></trkpt><trkpt lat="-26.980361666666667" lon="-48.63461166666666"><ele>2.3</ele></trkpt><trkpt lat="-26.980361666666667" lon="-48.63461166666666"><ele>2.3</ele></trkpt><trkpt lat="-26.980361666666667" lon="-48.63461166666666"><ele>2.3</ele></trkpt><trkpt lat="-26.980356666666662" lon="-48.63459666666666"><ele>5.1</ele></trkpt><trkpt lat="-26.980338333333332" lon="-48.63460166666667"><ele>5.5</ele></trkpt><trkpt lat="-26.98032" lon="-48.63460833333333"><ele>5.3</ele></trkpt><trkpt lat="-26.980304999999998" lon="-48.63460499999999"><ele>5.3</ele></trkpt><trkpt lat="-26.980295" lon="-48.63460666666666"><ele>5.1</ele></trkpt><trkpt lat="-26.98029" lon="-48.63460666666666"><ele>5</ele></trkpt><trkpt lat="-26.98029" lon="-48.63460333333334"><ele>4.5</ele></trkpt><trkpt lat="-26.980286666666665" lon="-48.63459666666666"><ele>4.5</ele></trkpt><trkpt lat="-26.980286666666665" lon="-48.634593333333335"><ele>4.6</ele></trkpt><trkpt lat="-26.98029" lon="-48.63458833333334"><ele>4.8</ele></trkpt><trkpt lat="-26.98029" lon="-48.63458833333334"><ele>4.8</ele></trkpt><trkpt lat="-26.980293333333332" lon="-48.63458333333333"><ele>4.8</ele></trkpt><trkpt lat="-26.980296666666664" lon="-48.63457666666667"><ele>4.6</ele></trkpt><trkpt lat="-26.980295" lon="-48.63457333333334"><ele>4.7</ele></trkpt><trkpt lat="-26.980296666666664" lon="-48.634570000000004"><ele>4.9</ele></trkpt><trkpt lat="-26.980296666666664" lon="-48.63457166666667"><ele>5</ele></trkpt><trkpt lat="-26.980293333333332" lon="-48.63457166666667"><ele>5.1</ele></trkpt><trkpt lat="-26.980288333333338" lon="-48.63457166666667"><ele>5.2</ele></trkpt><trkpt lat="-26.98028" lon="-48.63457666666667"><ele>5.3</ele></trkpt><trkpt lat="-26.980270000000004" lon="-48.63458333333333"><ele>5.3</ele></trkpt><trkpt lat="-26.980259999999998" lon="-48.63458666666667"><ele>5.1</ele></trkpt><trkpt lat="-26.980255000000003" lon="-48.63458833333334"><ele>5.2</ele></trkpt><trkpt lat="-26.980251666666664" lon="-48.634589999999996"><ele>5.3</ele></trkpt><trkpt lat="-26.980251666666664" lon="-48.634589999999996"><ele>5.3</ele></trkpt><trkpt lat="-26.980248333333332" lon="-48.63458833333334"><ele>5.4</ele></trkpt><trkpt lat="-26.980248333333332" lon="-48.63458333333333"><ele>5.6</ele></trkpt><trkpt lat="-26.980248333333332" lon="-48.63458333333333"><ele>5.6</ele></trkpt><trkpt lat="-26.98024666666667" lon="-48.63458166666666"><ele>5.7</ele></trkpt><trkpt lat="-26.98024666666667" lon="-48.63457666666667"><ele>5.4</ele></trkpt><trkpt lat="-26.98025" lon="-48.63457833333334"><ele>5.4</ele></trkpt><trkpt lat="-26.980253333333334" lon="-48.63458166666666"><ele>5.2</ele></trkpt><trkpt lat="-26.980255000000003" lon="-48.63458666666667"><ele>5.3</ele></trkpt><trkpt lat="-26.98025" lon="-48.63458833333334"><ele>5.3</ele></trkpt><trkpt lat="-26.98025" lon="-48.63458833333334"><ele>5.3</ele></trkpt><trkpt lat="-26.980235" lon="-48.63460666666666"><ele>4.8</ele></trkpt><trkpt lat="-26.980216666666667" lon="-48.63462500000001"><ele>3.6</ele></trkpt><trkpt lat="-26.980191666666663" lon="-48.634636666666665"><ele>3.2</ele></trkpt><trkpt lat="-26.980161666666664" lon="-48.63464666666667"><ele>2.3</ele></trkpt><trkpt lat="-26.980135000000004" lon="-48.63466333333334"><ele>1.1</ele></trkpt><trkpt lat="-26.98011" lon="-48.63467666666667"><ele>-0.30000000000000004</ele></trkpt><trkpt lat="-26.98008666666666" lon="-48.634683333333335"><ele>-1.5</ele></trkpt><trkpt lat="-26.980058333333332" lon="-48.63468666666666"><ele>-2.5999999999999996</ele></trkpt><trkpt lat="-26.980031666666665" lon="-48.634694999999994"><ele>-3.8</ele></trkpt><trkpt lat="-26.980006666666668" lon="-48.63470833333334"><ele>-5.1</ele></trkpt><trkpt lat="-26.979986666666665" lon="-48.63472"><ele>-5.4</ele></trkpt><trkpt lat="-26.979975" lon="-48.634724999999996"><ele>-5.5</ele></trkpt><trkpt lat="-26.979966666666662" lon="-48.634726666666666"><ele>-5.6</ele></trkpt><trkpt lat="-26.97996" lon="-48.634735"><ele>-5.5</ele></trkpt><trkpt lat="-26.979965" lon="-48.634735"><ele>-5.5</ele></trkpt><trkpt lat="-26.979965" lon="-48.63473333333333"><ele>-5.6</ele></trkpt><trkpt lat="-26.979965" lon="-48.63473333333333"><ele>-5.6</ele></trkpt><trkpt lat="-26.97996333333333" lon="-48.63473666666667"><ele>-6</ele></trkpt><trkpt lat="-26.979961666666668" lon="-48.63473666666667"><ele>-5.8</ele></trkpt><trkpt lat="-26.979958333333336" lon="-48.63473166666666"><ele>-5.7</ele></trkpt><trkpt lat="-26.979955000000004" lon="-48.634728333333335"><ele>-5.6</ele></trkpt><trkpt lat="-26.979955000000004" lon="-48.634724999999996"><ele>-5.3</ele></trkpt><trkpt lat="-26.979953333333334" lon="-48.63472"><ele>-5.1</ele></trkpt><trkpt lat="-26.97995166666666" lon="-48.63472"><ele>-5</ele></trkpt><trkpt lat="-26.97995166666666" lon="-48.63472"><ele>-5</ele></trkpt><trkpt lat="-26.97995166666666" lon="-48.63472"><ele>-5</ele></trkpt><trkpt lat="-26.979944999999997" lon="-48.63471666666666"><ele>-4.4</ele></trkpt><trkpt lat="-26.979940000000003" lon="-48.634726666666666"><ele>-4</ele></trkpt><trkpt lat="-26.97993" lon="-48.63473666666667"><ele>-3.5999999999999996</ele></trkpt><trkpt lat="-26.979911666666666" lon="-48.634745"><ele>-3.3</ele></trkpt><trkpt lat="-26.979893333333333" lon="-48.634755"><ele>-3</ele></trkpt><trkpt lat="-26.979875" lon="-48.634771666666666"><ele>-2.5</ele></trkpt><trkpt lat="-26.979850000000003" lon="-48.63478333333334"><ele>-2.9000000000000004</ele></trkpt><trkpt lat="-26.97982833333333" lon="-48.63478833333333"><ele>-3.5999999999999996</ele></trkpt><trkpt lat="-26.979808333333335" lon="-48.634796666666674"><ele>-4.3</ele></trkpt><trkpt lat="-26.97978666666667" lon="-48.63480833333333"><ele>-4.8</ele></trkpt><trkpt lat="-26.979761666666665" lon="-48.63481333333334"><ele>-5.6</ele></trkpt><trkpt lat="-26.979734999999998" lon="-48.634820000000005"><ele>-6.800000000000001</ele></trkpt><trkpt lat="-26.97970666666667" lon="-48.634818333333335"><ele>-7.6</ele></trkpt><trkpt lat="-26.979686666666666" lon="-48.63482333333333"><ele>-8.6</ele></trkpt><trkpt lat="-26.97964833333333" lon="-48.63478666666666"><ele>-5.7</ele></trkpt><trkpt lat="-26.979628333333334" lon="-48.63478166666667"><ele>-4.9</ele></trkpt><trkpt lat="-26.979623333333333" lon="-48.63478833333333"><ele>-5.3</ele></trkpt><trkpt lat="-26.979615" lon="-48.63478833333333"><ele>-5.9</ele></trkpt><trkpt lat="-26.97961" lon="-48.634795000000004"><ele>-6</ele></trkpt><trkpt lat="-26.97960333333333" lon="-48.63479833333334"><ele>-5.7</ele></trkpt><trkpt lat="-26.979593333333334" lon="-48.634796666666674"><ele>-5.2</ele></trkpt><trkpt lat="-26.97959166666667" lon="-48.6348"><ele>-4.3</ele></trkpt><trkpt lat="-26.97959166666667" lon="-48.63479833333334"><ele>-3.8</ele></trkpt><trkpt lat="-26.979589999999998" lon="-48.63479333333333"><ele>-3.8</ele></trkpt><trkpt lat="-26.979586666666666" lon="-48.63479"><ele>-3.5999999999999996</ele></trkpt><trkpt lat="-26.979586666666666" lon="-48.63478833333333"><ele>-3.0999999999999996</ele></trkpt><trkpt lat="-26.979589999999998" lon="-48.634784999999994"><ele>-3.2</ele></trkpt><trkpt lat="-26.979589999999998" lon="-48.63478666666666"><ele>-3.2</ele></trkpt><trkpt lat="-26.979593333333334" lon="-48.63478666666666"><ele>-3.0999999999999996</ele></trkpt><trkpt lat="-26.979593333333334" lon="-48.63478333333334"><ele>-3.0999999999999996</ele></trkpt><trkpt lat="-26.979596666666666" lon="-48.63478166666667"><ele>-2.4</ele></trkpt><trkpt lat="-26.979599999999998" lon="-48.63478333333334"><ele>-2.2</ele></trkpt><trkpt lat="-26.97960833333333" lon="-48.63478"><ele>-2.2</ele></trkpt><trkpt lat="-26.979615" lon="-48.634775000000005"><ele>-2.2</ele></trkpt><trkpt lat="-26.97962166666667" lon="-48.634769999999996"><ele>-2.5</ele></trkpt><trkpt lat="-26.979626666666665" lon="-48.634769999999996"><ele>-2.5999999999999996</ele></trkpt><trkpt lat="-26.979631666666666" lon="-48.63476833333334"><ele>-3.2</ele></trkpt><trkpt lat="-26.97963666666667" lon="-48.634769999999996"><ele>-3.4000000000000004</ele></trkpt><trkpt lat="-26.979641666666666" lon="-48.63476666666667"><ele>-3.5</ele></trkpt><trkpt lat="-26.979641666666666" lon="-48.63476666666667"><ele>-3.5</ele></trkpt><trkpt lat="-26.979641666666666" lon="-48.63476666666667"><ele>-3.5</ele></trkpt><trkpt lat="-26.979641666666666" lon="-48.63476666666667"><ele>-3.5</ele></trkpt><trkpt lat="-26.979641666666666" lon="-48.63476666666667"><ele>-3.5</ele></trkpt><trkpt lat="-26.979641666666666" lon="-48.63476666666667"><ele>-3.5</ele></trkpt><trkpt lat="-26.979641666666666" lon="-48.63476666666667"><ele>-3.5</ele></trkpt><trkpt lat="-26.979641666666666" lon="-48.63476666666667"><ele>-3.5</ele></trkpt><trkpt lat="-26.979641666666666" lon="-48.63476666666667"><ele>-3.5</ele></trkpt><trkpt lat="-26.979641666666666" lon="-48.63476666666667"><ele>-3.5</ele></trkpt><trkpt lat="-26.979641666666666" lon="-48.63476666666667"><ele>-3.5</ele></trkpt><trkpt lat="-26.979641666666666" lon="-48.63476666666667"><ele>-3.5</ele></trkpt><trkpt lat="-26.979641666666666" lon="-48.63476666666667"><ele>-3.5</ele></trkpt><trkpt lat="-26.979641666666666" lon="-48.63476666666667"><ele>-3.5</ele></trkpt><trkpt lat="-26.979641666666666" lon="-48.63476666666667"><ele>-3.5</ele></trkpt><trkpt lat="-26.979641666666666" lon="-48.63476666666667"><ele>-3.5</ele></trkpt><trkpt lat="-26.979641666666666" lon="-48.63476666666667"><ele>-3.5</ele></trkpt><trkpt lat="-26.979641666666666" lon="-48.63476666666667"><ele>-3.5</ele></trkpt><trkpt lat="-26.979641666666666" lon="-48.63476666666667"><ele>-3.5</ele></trkpt><trkpt lat="-26.979641666666666" lon="-48.63476666666667"><ele>-3.5</ele></trkpt><trkpt lat="-26.979641666666666" lon="-48.63476666666667"><ele>-3.5</ele></trkpt><trkpt lat="-26.979641666666666" lon="-48.63476666666667"><ele>-3.5</ele></trkpt><trkpt lat="-26.979641666666666" lon="-48.63476666666667"><ele>-3.5</ele></trkpt><trkpt lat="-26.979641666666666" lon="-48.63476666666667"><ele>-3.5</ele></trkpt><trkpt lat="-26.979641666666666" lon="-48.63476666666667"><ele>-3.5</ele></trkpt><trkpt lat="-26.979641666666666" lon="-48.63476666666667"><ele>-3.5</ele></trkpt><trkpt lat="-26.979641666666666" lon="-48.63476666666667"><ele>-3.5</ele></trkpt><trkpt lat="-26.979641666666666" lon="-48.63476666666667"><ele>-3.5</ele></trkpt><trkpt lat="-26.979641666666666" lon="-48.63476666666667"><ele>-3.5</ele></trkpt><trkpt lat="-26.979641666666666" lon="-48.63476666666667"><ele>-3.5</ele></trkpt><trkpt lat="-26.979641666666666" lon="-48.63476666666667"><ele>-3.5</ele></trkpt><trkpt lat="-26.979641666666666" lon="-48.63476666666667"><ele>-3.5</ele></trkpt><trkpt lat="-26.979641666666666" lon="-48.63476666666667"><ele>-3.5</ele></trkpt><trkpt lat="-26.979641666666666" lon="-48.63476666666667"><ele>-3.5</ele></trkpt><trkpt lat="-26.979641666666666" lon="-48.63476666666667"><ele>-3.5</ele></trkpt><trkpt lat="-26.979641666666666" lon="-48.63476666666667"><ele>-3.5</ele></trkpt><trkpt lat="-26.979641666666666" lon="-48.63476666666667"><ele>-3.5</ele></trkpt><trkpt lat="-26.979641666666666" lon="-48.63476666666667"><ele>-3.5</ele></trkpt><trkpt lat="-26.979641666666666" lon="-48.63476666666667"><ele>-3.5</ele></trkpt><trkpt lat="-26.979641666666666" lon="-48.63476666666667"><ele>-3.5</ele></trkpt><trkpt lat="-26.979641666666666" lon="-48.63476666666667"><ele>-3.5</ele></trkpt><trkpt lat="-26.979641666666666" lon="-48.63476666666667"><ele>-3.5</ele></trkpt><trkpt lat="-26.979641666666666" lon="-48.63476666666667"><ele>-3.5</ele></trkpt><trkpt lat="-26.979641666666666" lon="-48.63476666666667"><ele>-3.5</ele></trkpt><trkpt lat="-26.979641666666666" lon="-48.63476666666667"><ele>-3.5</ele></trkpt><trkpt lat="-26.979641666666666" lon="-48.63476666666667"><ele>-3.5</ele></trkpt><trkpt lat="-26.979641666666666" lon="-48.63476666666667"><ele>-3.5</ele></trkpt><trkpt lat="-26.979641666666666" lon="-48.63476666666667"><ele>-3.5</ele></trkpt><trkpt lat="-26.979641666666666" lon="-48.63476666666667"><ele>-3.5</ele></trkpt><trkpt lat="-26.979641666666666" lon="-48.63476666666667"><ele>-3.5</ele></trkpt><trkpt lat="-26.979641666666666" lon="-48.63476666666667"><ele>-3.5</ele></trkpt><trkpt lat="-26.979641666666666" lon="-48.63476666666667"><ele>-3.5</ele></trkpt><trkpt lat="-26.979641666666666" lon="-48.63476666666667"><ele>-3.5</ele></trkpt><trkpt lat="-26.979641666666666" lon="-48.63476666666667"><ele>-3.5</ele></trkpt><trkpt lat="-26.979641666666666" lon="-48.63476666666667"><ele>-3.5</ele></trkpt><trkpt lat="-26.979641666666666" lon="-48.63476666666667"><ele>-3.5</ele></trkpt><trkpt lat="-26.979641666666666" lon="-48.63476666666667"><ele>-3.5</ele></trkpt><trkpt lat="-26.979641666666666" lon="-48.63476666666667"><ele>-3.5</ele></trkpt><trkpt lat="-26.979641666666666" lon="-48.63476666666667"><ele>-3.5</ele></trkpt><trkpt lat="-26.979641666666666" lon="-48.63476666666667"><ele>-3.5</ele></trkpt><trkpt lat="-26.979641666666666" lon="-48.63476666666667"><ele>-3.5</ele></trkpt><trkpt lat="-26.979641666666666" lon="-48.63476666666667"><ele>-3.5</ele></trkpt><trkpt lat="-26.979641666666666" lon="-48.63476666666667"><ele>-3.5</ele></trkpt><trkpt lat="-26.979641666666666" lon="-48.63476666666667"><ele>-3.5</ele></trkpt><trkpt lat="-26.979641666666666" lon="-48.63476666666667"><ele>-3.5</ele></trkpt><trkpt lat="-26.979641666666666" lon="-48.63476666666667"><ele>-3.5</ele></trkpt><trkpt lat="-26.979641666666666" lon="-48.63476666666667"><ele>-3.5</ele></trkpt><trkpt lat="-26.979641666666666" lon="-48.63476666666667"><ele>-3.5</ele></trkpt><trkpt lat="-26.979641666666666" lon="-48.63476666666667"><ele>-3.5</ele></trkpt><trkpt lat="-26.979641666666666" lon="-48.63476666666667"><ele>-3.5</ele></trkpt><trkpt lat="-26.979641666666666" lon="-48.63476666666667"><ele>-3.5</ele></trkpt><trkpt lat="-26.979641666666666" lon="-48.63476666666667"><ele>-3.5</ele></trkpt><trkpt lat="-26.979641666666666" lon="-48.63476666666667"><ele>-3.5</ele></trkpt><trkpt lat="-26.979641666666666" lon="-48.63476666666667"><ele>-3.5</ele></trkpt><trkpt lat="-26.979641666666666" lon="-48.63476666666667"><ele>-3.5</ele></trkpt><trkpt lat="-26.979641666666666" lon="-48.63476666666667"><ele>-3.5</ele></trkpt><trkpt lat="-26.979641666666666" lon="-48.63476666666667"><ele>-3.5</ele></trkpt><trkpt lat="-26.979641666666666" lon="-48.63476666666667"><ele>-3.5</ele></trkpt><trkpt lat="-26.979641666666666" lon="-48.63476666666667"><ele>-3.5</ele></trkpt><trkpt lat="-26.979641666666666" lon="-48.63476666666667"><ele>-3.5</ele></trkpt><trkpt lat="-26.979641666666666" lon="-48.63476666666667"><ele>-3.5</ele></trkpt><trkpt lat="-26.979641666666666" lon="-48.63476666666667"><ele>-3.5</ele></trkpt><trkpt lat="-26.979641666666666" lon="-48.63476666666667"><ele>-3.5</ele></trkpt><trkpt lat="-26.979641666666666" lon="-48.63476666666667"><ele>-3.5</ele></trkpt><trkpt lat="-26.979641666666666" lon="-48.63476666666667"><ele>-3.5</ele></trkpt><trkpt lat="-26.979641666666666" lon="-48.63476666666667"><ele>-3.5</ele></trkpt><trkpt lat="-26.979641666666666" lon="-48.63476666666667"><ele>-3.5</ele></trkpt><trkpt lat="-26.979641666666666" lon="-48.63476666666667"><ele>-3.5</ele></trkpt><trkpt lat="-26.979641666666666" lon="-48.63476666666667"><ele>-3.5</ele></trkpt><trkpt lat="-26.979641666666666" lon="-48.63476666666667"><ele>-3.5</ele></trkpt><trkpt lat="-26.979641666666666" lon="-48.63476666666667"><ele>-3.5</ele></trkpt><trkpt lat="-26.979641666666666" lon="-48.63476666666667"><ele>-3.5</ele></trkpt><trkpt lat="-26.979641666666666" lon="-48.63476666666667"><ele>-3.5</ele></trkpt><trkpt lat="-26.979641666666666" lon="-48.63476666666667"><ele>-3.5</ele></trkpt><trkpt lat="-26.979595000000003" lon="-48.634825"><ele>2.6</ele></trkpt><trkpt lat="-26.979586666666666" lon="-48.634820000000005"><ele>2.3</ele></trkpt><trkpt lat="-26.979581666666665" lon="-48.63481166666667"><ele>2.1</ele></trkpt><trkpt lat="-26.97957166666667" lon="-48.63480833333333"><ele>1.9</ele></trkpt><trkpt lat="-26.979568333333336" lon="-48.63480333333334"><ele>1.8</ele></trkpt><trkpt lat="-26.979568333333336" lon="-48.63480500000001"><ele>1.7</ele></trkpt><trkpt lat="-26.979568333333336" lon="-48.63480500000001"><ele>1.7</ele></trkpt><trkpt lat="-26.979568333333336" lon="-48.63480500000001"><ele>1.7</ele></trkpt><trkpt lat="-26.979568333333336" lon="-48.63480500000001"><ele>1.7</ele></trkpt><trkpt lat="-26.979568333333336" lon="-48.63480500000001"><ele>1.7</ele></trkpt><trkpt lat="-26.979581666666665" lon="-48.63480833333333"><ele>1</ele></trkpt><trkpt lat="-26.979581666666665" lon="-48.63480833333333"><ele>1</ele></trkpt><trkpt lat="-26.979586666666666" lon="-48.63480666666666"><ele>1</ele></trkpt><trkpt lat="-26.97959166666667" lon="-48.63480333333334"><ele>1.1</ele></trkpt><trkpt lat="-26.979596666666666" lon="-48.6348"><ele>1.2</ele></trkpt><trkpt lat="-26.979598333333335" lon="-48.634795000000004"><ele>1.4</ele></trkpt><trkpt lat="-26.979601666666667" lon="-48.63479"><ele>1.6</ele></trkpt><trkpt lat="-26.979601666666667" lon="-48.63479"><ele>1.6</ele></trkpt><trkpt lat="-26.979601666666667" lon="-48.63479"><ele>1.6</ele></trkpt><trkpt lat="-26.979601666666667" lon="-48.63479"><ele>1.6</ele></trkpt><trkpt lat="-26.979601666666667" lon="-48.63479"><ele>1.6</ele></trkpt><trkpt lat="-26.979601666666667" lon="-48.63479"><ele>1.6</ele></trkpt><trkpt lat="-26.979601666666667" lon="-48.63479"><ele>1.6</ele></trkpt><trkpt lat="-26.979601666666667" lon="-48.63479"><ele>1.6</ele></trkpt><trkpt lat="-26.97960333333333" lon="-48.63479166666666"><ele>3.4</ele></trkpt><trkpt lat="-26.979596666666666" lon="-48.634795000000004"><ele>3.1</ele></trkpt><trkpt lat="-26.979593333333334" lon="-48.634795000000004"><ele>2.8</ele></trkpt><trkpt lat="-26.979589999999998" lon="-48.634795000000004"><ele>2.8</ele></trkpt><trkpt lat="-26.979583333333334" lon="-48.634796666666674"><ele>2.9</ele></trkpt><trkpt lat="-26.979583333333334" lon="-48.634796666666674"><ele>2.9</ele></trkpt><trkpt lat="-26.97956166666667" lon="-48.63480166666667"><ele>3</ele></trkpt><trkpt lat="-26.979551666666666" lon="-48.63480666666666"><ele>2.4</ele></trkpt><trkpt lat="-26.979541666666666" lon="-48.634814999999996"><ele>1.8</ele></trkpt><trkpt lat="-26.979525" lon="-48.63482666666667"><ele>1.3</ele></trkpt><trkpt lat="-26.97950166666667" lon="-48.63483666666666"><ele>-0.8999999999999999</ele></trkpt><trkpt lat="-26.979490000000002" lon="-48.634845"><ele>-1.2000000000000002</ele></trkpt><trkpt lat="-26.97948" lon="-48.63485333333333"><ele>-1</ele></trkpt><trkpt lat="-26.979464999999998" lon="-48.63486666666666"><ele>-0.8999999999999999</ele></trkpt><trkpt lat="-26.979449999999996" lon="-48.634885000000004"><ele>-0.8999999999999999</ele></trkpt><trkpt lat="-26.97943" lon="-48.63489833333333"><ele>-1.2000000000000002</ele></trkpt><trkpt lat="-26.979408333333335" lon="-48.63491333333333"><ele>-1.6</ele></trkpt><trkpt lat="-26.979386666666663" lon="-48.63492333333333"><ele>-2</ele></trkpt><trkpt lat="-26.979363333333335" lon="-48.634935"><ele>-2.4</ele></trkpt><trkpt lat="-26.979333333333336" lon="-48.63494000000001"><ele>-1.7000000000000002</ele></trkpt><trkpt lat="-26.979305" lon="-48.63496"><ele>-2.5</ele></trkpt><trkpt lat="-26.979295" lon="-48.63497833333333"><ele>-3.3</ele></trkpt><trkpt lat="-26.979283333333335" lon="-48.63498500000001"><ele>-3.7</ele></trkpt><trkpt lat="-26.979273333333335" lon="-48.63498166666667"><ele>-3.7</ele></trkpt><trkpt lat="-26.979265" lon="-48.63496833333333"><ele>-3</ele></trkpt><trkpt lat="-26.979258333333338" lon="-48.634955000000005"><ele>-2.5999999999999996</ele></trkpt><trkpt lat="-26.979253333333336" lon="-48.63494666666667"><ele>-2.2</ele></trkpt><trkpt lat="-26.97924833333333" lon="-48.63494000000001"><ele>-1.7999999999999998</ele></trkpt><trkpt lat="-26.97924666666667" lon="-48.63493333333333"><ele>-1.4</ele></trkpt><trkpt lat="-26.979241666666667" lon="-48.63492666666666"><ele>-1.5</ele></trkpt><trkpt lat="-26.979233333333333" lon="-48.63492666666666"><ele>-1.2000000000000002</ele></trkpt><trkpt lat="-26.979228333333335" lon="-48.634919999999994"><ele>-0.7000000000000002</ele></trkpt><trkpt lat="-26.979224999999996" lon="-48.634915"><ele>-0.3999999999999999</ele></trkpt><trkpt lat="-26.979223333333334" lon="-48.63491166666666"><ele>-0.30000000000000004</ele></trkpt><trkpt lat="-26.979223333333334" lon="-48.63491166666666"><ele>-0.30000000000000004</ele></trkpt><trkpt lat="-26.979223333333334" lon="-48.63491166666666"><ele>-0.30000000000000004</ele></trkpt><trkpt lat="-26.979223333333334" lon="-48.63491166666666"><ele>-0.30000000000000004</ele></trkpt><trkpt lat="-26.979223333333334" lon="-48.63491166666666"><ele>-0.30000000000000004</ele></trkpt><trkpt lat="-26.979223333333334" lon="-48.63491166666666"><ele>-0.30000000000000004</ele></trkpt><trkpt lat="-26.979223333333334" lon="-48.63491166666666"><ele>-0.30000000000000004</ele></trkpt><trkpt lat="-26.979223333333334" lon="-48.63491166666666"><ele>-0.30000000000000004</ele></trkpt><trkpt lat="-26.979223333333334" lon="-48.63491166666666"><ele>-0.30000000000000004</ele></trkpt><trkpt lat="-26.979218333333332" lon="-48.634906666666666"><ele>1.9</ele></trkpt><trkpt lat="-26.979215" lon="-48.634904999999996"><ele>2.4</ele></trkpt><trkpt lat="-26.97920166666667" lon="-48.634908333333335"><ele>3</ele></trkpt><trkpt lat="-26.979183333333335" lon="-48.634915"><ele>4.3</ele></trkpt><trkpt lat="-26.97915833333333" lon="-48.63492166666666"><ele>5.3</ele></trkpt><trkpt lat="-26.979133333333333" lon="-48.634930000000004"><ele>6.7</ele></trkpt><trkpt lat="-26.979133333333333" lon="-48.634930000000004"><ele>6.7</ele></trkpt><trkpt lat="-26.97911" lon="-48.634935"><ele>7.3</ele></trkpt><trkpt lat="-26.979091666666665" lon="-48.634930000000004"><ele>9.7</ele></trkpt><trkpt lat="-26.979078333333337" lon="-48.63492666666666"><ele>11.1</ele></trkpt><trkpt lat="-26.979073333333336" lon="-48.634919999999994"><ele>12.3</ele></trkpt><trkpt lat="-26.979071666666663" lon="-48.63491333333333"><ele>12.6</ele></trkpt><trkpt lat="-26.97906833333333" lon="-48.63491333333333"><ele>11.9</ele></trkpt><trkpt lat="-26.979066666666668" lon="-48.63491333333333"><ele>11.1</ele></trkpt><trkpt lat="-26.979061666666666" lon="-48.63491666666667"><ele>10.5</ele></trkpt><trkpt lat="-26.979058333333334" lon="-48.63491333333333"><ele>9.8</ele></trkpt><trkpt lat="-26.979058333333334" lon="-48.634915"><ele>9.2</ele></trkpt><trkpt lat="-26.979056666666665" lon="-48.634910000000005"><ele>8.5</ele></trkpt><trkpt lat="-26.979056666666665" lon="-48.634910000000005"><ele>8.5</ele></trkpt><trkpt lat="-26.979059999999997" lon="-48.63491166666666"><ele>8.1</ele></trkpt><trkpt lat="-26.979059999999997" lon="-48.63490333333333"><ele>8</ele></trkpt><trkpt lat="-26.979061666666666" lon="-48.63490333333333"><ele>8.6</ele></trkpt><trkpt lat="-26.979065" lon="-48.634904999999996"><ele>8.5</ele></trkpt><trkpt lat="-26.979065" lon="-48.634904999999996"><ele>8.5</ele></trkpt><trkpt lat="-26.979065" lon="-48.634904999999996"><ele>8.5</ele></trkpt><trkpt lat="-26.979065" lon="-48.634904999999996"><ele>8.5</ele></trkpt><trkpt lat="-26.979065" lon="-48.634904999999996"><ele>8.5</ele></trkpt><trkpt lat="-26.979065" lon="-48.634904999999996"><ele>8.5</ele></trkpt><trkpt lat="-26.979065" lon="-48.634904999999996"><ele>8.5</ele></trkpt><trkpt lat="-26.979065" lon="-48.634904999999996"><ele>8.5</ele></trkpt><trkpt lat="-26.979065" lon="-48.634904999999996"><ele>8.5</ele></trkpt><trkpt lat="-26.979065" lon="-48.634904999999996"><ele>8.5</ele></trkpt><trkpt lat="-26.979065" lon="-48.634904999999996"><ele>8.5</ele></trkpt><trkpt lat="-26.979065" lon="-48.634904999999996"><ele>8.5</ele></trkpt><trkpt lat="-26.979065" lon="-48.634904999999996"><ele>8.5</ele></trkpt><trkpt lat="-26.978983333333336" lon="-48.63492166666666"><ele>4.7</ele></trkpt><trkpt lat="-26.978968333333334" lon="-48.63492833333333"><ele>5</ele></trkpt><trkpt lat="-26.978956666666665" lon="-48.63493833333334"><ele>5</ele></trkpt><trkpt lat="-26.978941666666667" lon="-48.63494333333333"><ele>5.2</ele></trkpt><trkpt lat="-26.978921666666665" lon="-48.634945"><ele>5.7</ele></trkpt><trkpt lat="-26.978898333333337" lon="-48.634955000000005"><ele>6.3</ele></trkpt><trkpt lat="-26.97887166666667" lon="-48.634963333333324"><ele>6.4</ele></trkpt><trkpt lat="-26.978845" lon="-48.63497833333333"><ele>6.3</ele></trkpt><trkpt lat="-26.978823333333334" lon="-48.63499"><ele>6</ele></trkpt><trkpt lat="-26.978803333333335" lon="-48.63500333333333"><ele>5.4</ele></trkpt><trkpt lat="-26.978790000000004" lon="-48.635011666666664"><ele>5.4</ele></trkpt><trkpt lat="-26.97878166666667" lon="-48.635011666666664"><ele>4.4</ele></trkpt><trkpt lat="-26.978773333333333" lon="-48.63500666666667"><ele>3.7</ele></trkpt><trkpt lat="-26.978773333333333" lon="-48.635005"><ele>3.8</ele></trkpt><trkpt lat="-26.978776666666665" lon="-48.635005"><ele>3.5</ele></trkpt><trkpt lat="-26.978779999999997" lon="-48.63500333333333"><ele>3.5</ele></trkpt><trkpt lat="-26.978779999999997" lon="-48.635005"><ele>3.5</ele></trkpt><trkpt lat="-26.978779999999997" lon="-48.635005"><ele>3.5</ele></trkpt><trkpt lat="-26.97878166666667" lon="-48.63500166666666"><ele>3.1</ele></trkpt><trkpt lat="-26.978783333333332" lon="-48.63500333333333"><ele>2.8</ele></trkpt><trkpt lat="-26.978783333333332" lon="-48.635005"><ele>2.9</ele></trkpt><trkpt lat="-26.978783333333332" lon="-48.63500666666667"><ele>3</ele></trkpt><trkpt lat="-26.97878166666667" lon="-48.635008333333325"><ele>3</ele></trkpt><trkpt lat="-26.97878166666667" lon="-48.635008333333325"><ele>3</ele></trkpt><trkpt lat="-26.97878166666667" lon="-48.635008333333325"><ele>3</ele></trkpt><trkpt lat="-26.97878166666667" lon="-48.635008333333325"><ele>3</ele></trkpt><trkpt lat="-26.97878166666667" lon="-48.635008333333325"><ele>3</ele></trkpt><trkpt lat="-26.978776666666665" lon="-48.635009999999994"><ele>3.2</ele></trkpt><trkpt lat="-26.97876833333333" lon="-48.63501333333333"><ele>3.3</ele></trkpt><trkpt lat="-26.978758333333335" lon="-48.635015"><ele>3.3</ele></trkpt><trkpt lat="-26.978758333333335" lon="-48.635015"><ele>3.3</ele></trkpt><trkpt lat="-26.978751666666668" lon="-48.63501666666666"><ele>3.2</ele></trkpt><trkpt lat="-26.978745000000004" lon="-48.635015"><ele>3.4</ele></trkpt><trkpt lat="-26.978740000000002" lon="-48.635020000000004"><ele>3.5</ele></trkpt><trkpt lat="-26.978733333333334" lon="-48.635025"><ele>3.4</ele></trkpt><trkpt lat="-26.978726666666663" lon="-48.63503000000001"><ele>3.3</ele></trkpt><trkpt lat="-26.978725" lon="-48.63503000000001"><ele>3</ele></trkpt><trkpt lat="-26.97872333333333" lon="-48.63503000000001"><ele>2.7</ele></trkpt><trkpt lat="-26.97872333333333" lon="-48.63502666666667"><ele>2.8</ele></trkpt><trkpt lat="-26.978726666666663" lon="-48.63502666666667"><ele>3.1</ele></trkpt><trkpt lat="-26.978730000000002" lon="-48.63502666666667"><ele>3.1</ele></trkpt><trkpt lat="-26.978730000000002" lon="-48.63502666666667"><ele>3.1</ele></trkpt><trkpt lat="-26.978733333333334" lon="-48.635021666666674"><ele>3.5</ele></trkpt><trkpt lat="-26.97873666666667" lon="-48.635025"><ele>3.7</ele></trkpt><trkpt lat="-26.978738333333332" lon="-48.63503000000001"><ele>4.3</ele></trkpt><trkpt lat="-26.978738333333332" lon="-48.63503000000001"><ele>4.3</ele></trkpt><trkpt lat="-26.978713333333335" lon="-48.63504833333333"><ele>5.1</ele></trkpt><trkpt lat="-26.978689999999997" lon="-48.63506166666666"><ele>5.2</ele></trkpt><trkpt lat="-26.97866333333333" lon="-48.63507166666667"><ele>5.6</ele></trkpt><trkpt lat="-26.97863333333333" lon="-48.63508333333333"><ele>6.2</ele></trkpt><trkpt lat="-26.978603333333332" lon="-48.63509166666666"><ele>6.8</ele></trkpt><trkpt lat="-26.978575" lon="-48.63509333333333"><ele>8.3</ele></trkpt><trkpt lat="-26.978550000000002" lon="-48.63509166666666"><ele>8.9</ele></trkpt><trkpt lat="-26.978526666666667" lon="-48.635090000000005"><ele>9.5</ele></trkpt><trkpt lat="-26.9785" lon="-48.635095"><ele>9.1</ele></trkpt><trkpt lat="-26.978476666666666" lon="-48.63509666666667"><ele>9.2</ele></trkpt><trkpt lat="-26.978460000000002" lon="-48.63510833333333"><ele>9.6</ele></trkpt><trkpt lat="-26.978446666666667" lon="-48.63511833333334"><ele>9.3</ele></trkpt><trkpt lat="-26.978433333333335" lon="-48.63512833333333"><ele>9.5</ele></trkpt><trkpt lat="-26.978425" lon="-48.635131666666666"><ele>9.8</ele></trkpt><trkpt lat="-26.97842166666667" lon="-48.635131666666666"><ele>9.5</ele></trkpt><trkpt lat="-26.978419999999996" lon="-48.635131666666666"><ele>9.4</ele></trkpt><trkpt lat="-26.978418333333334" lon="-48.635131666666666"><ele>9.1</ele></trkpt><trkpt lat="-26.97842166666667" lon="-48.635133333333336"><ele>8.5</ele></trkpt><trkpt lat="-26.97842166666667" lon="-48.635133333333336"><ele>7.9</ele></trkpt><trkpt lat="-26.97842166666667" lon="-48.635133333333336"><ele>7.9</ele></trkpt><trkpt lat="-26.97842166666667" lon="-48.63513"><ele>7.3</ele></trkpt><trkpt lat="-26.978419999999996" lon="-48.63512833333333"><ele>6.9</ele></trkpt><trkpt lat="-26.978419999999996" lon="-48.63512666666667"><ele>6.6</ele></trkpt><trkpt lat="-26.978419999999996" lon="-48.63512666666667"><ele>6.6</ele></trkpt><trkpt lat="-26.978418333333334" lon="-48.63512666666667"><ele>6.4</ele></trkpt><trkpt lat="-26.978415000000002" lon="-48.635125"><ele>6.8</ele></trkpt><trkpt lat="-26.978415000000002" lon="-48.635125"><ele>6.8</ele></trkpt><trkpt lat="-26.978415000000002" lon="-48.635125"><ele>6.8</ele></trkpt><trkpt lat="-26.978415000000002" lon="-48.635125"><ele>6.8</ele></trkpt><trkpt lat="-26.978415000000002" lon="-48.635125"><ele>6.8</ele></trkpt><trkpt lat="-26.978415000000002" lon="-48.635125"><ele>6.8</ele></trkpt><trkpt lat="-26.978415000000002" lon="-48.635125"><ele>6.8</ele></trkpt><trkpt lat="-26.978415000000002" lon="-48.635125"><ele>6.8</ele></trkpt><trkpt lat="-26.978415000000002" lon="-48.635125"><ele>6.8</ele></trkpt><trkpt lat="-26.978415000000002" lon="-48.635125"><ele>6.8</ele></trkpt><trkpt lat="-26.978415000000002" lon="-48.635125"><ele>6.8</ele></trkpt><trkpt lat="-26.978415000000002" lon="-48.635125"><ele>6.8</ele></trkpt><trkpt lat="-26.978415000000002" lon="-48.635125"><ele>6.8</ele></trkpt><trkpt lat="-26.978415000000002" lon="-48.635125"><ele>6.8</ele></trkpt><trkpt lat="-26.978415000000002" lon="-48.635125"><ele>6.8</ele></trkpt><trkpt lat="-26.978415000000002" lon="-48.635125"><ele>6.8</ele></trkpt><trkpt lat="-26.978415000000002" lon="-48.635125"><ele>6.8</ele></trkpt><trkpt lat="-26.978415000000002" lon="-48.635125"><ele>6.8</ele></trkpt><trkpt lat="-26.978415000000002" lon="-48.635125"><ele>6.8</ele></trkpt><trkpt lat="-26.978400000000004" lon="-48.635111666666674"><ele>6.5</ele></trkpt><trkpt lat="-26.978386666666665" lon="-48.63510666666666"><ele>6.3</ele></trkpt><trkpt lat="-26.978374999999996" lon="-48.635101666666664"><ele>6.1</ele></trkpt><trkpt lat="-26.978365" lon="-48.635095"><ele>6.1</ele></trkpt><trkpt lat="-26.978353333333335" lon="-48.63509166666666"><ele>6</ele></trkpt><trkpt lat="-26.97834833333333" lon="-48.635086666666666"><ele>5.9</ele></trkpt><trkpt lat="-26.97834833333333" lon="-48.635085"><ele>5.8</ele></trkpt><trkpt lat="-26.97834833333333" lon="-48.635085"><ele>5.5</ele></trkpt><trkpt lat="-26.978346666666667" lon="-48.63508166666667"><ele>5.4</ele></trkpt><trkpt lat="-26.978344999999997" lon="-48.63508166666667"><ele>5.2</ele></trkpt><trkpt lat="-26.978344999999997" lon="-48.63508166666667"><ele>5.2</ele></trkpt><trkpt lat="-26.978344999999997" lon="-48.63508"><ele>5.2</ele></trkpt><trkpt lat="-26.978344999999997" lon="-48.63507333333334"><ele>5.3</ele></trkpt><trkpt lat="-26.978344999999997" lon="-48.63506333333333"><ele>5.5</ele></trkpt><trkpt lat="-26.978344999999997" lon="-48.635056666666664"><ele>5.6</ele></trkpt><trkpt lat="-26.978344999999997" lon="-48.63505166666667"><ele>5.5</ele></trkpt><trkpt lat="-26.978343333333335" lon="-48.63504666666666"><ele>5.6</ele></trkpt><trkpt lat="-26.978343333333335" lon="-48.63504666666666"><ele>5.6</ele></trkpt><trkpt lat="-26.978335" lon="-48.635045000000005"><ele>5.7</ele></trkpt><trkpt lat="-26.978325" lon="-48.63505166666667"><ele>5.7</ele></trkpt><trkpt lat="-26.978308333333334" lon="-48.635065000000004"><ele>5.8</ele></trkpt><trkpt lat="-26.978281666666664" lon="-48.63507500000001"><ele>6</ele></trkpt><trkpt lat="-26.978254999999997" lon="-48.63509166666666"><ele>5.6</ele></trkpt><trkpt lat="-26.97823" lon="-48.635101666666664"><ele>5.2</ele></trkpt><trkpt lat="-26.978211666666667" lon="-48.63511833333334"><ele>5.1</ele></trkpt><trkpt lat="-26.978194999999996" lon="-48.63512833333333"><ele>5.1</ele></trkpt><trkpt lat="-26.978176666666666" lon="-48.635135000000005"><ele>5</ele></trkpt><trkpt lat="-26.978176666666666" lon="-48.635135000000005"><ele>5</ele></trkpt><trkpt lat="-26.97815666666667" lon="-48.63512666666667"><ele>5.2</ele></trkpt><trkpt lat="-26.97813833333333" lon="-48.63512833333333"><ele>5.2</ele></trkpt><trkpt lat="-26.978121666666667" lon="-48.63512333333333"><ele>5.8</ele></trkpt><trkpt lat="-26.97811166666667" lon="-48.635125"><ele>6.4</ele></trkpt><trkpt lat="-26.978103333333333" lon="-48.63512333333333"><ele>5.8</ele></trkpt><trkpt lat="-26.9781" lon="-48.63512000000001"><ele>5.4</ele></trkpt><trkpt lat="-26.97809833333333" lon="-48.63512333333333"><ele>4.9</ele></trkpt><trkpt lat="-26.9781" lon="-48.63512833333333"><ele>4.6</ele></trkpt><trkpt lat="-26.9781" lon="-48.63512833333333"><ele>4.6</ele></trkpt><trkpt lat="-26.978101666666664" lon="-48.635133333333336"><ele>4.3</ele></trkpt><trkpt lat="-26.97810666666667" lon="-48.635135000000005"><ele>4.5</ele></trkpt><trkpt lat="-26.97810833333333" lon="-48.63514166666667"><ele>4.8</ele></trkpt><trkpt lat="-26.97811" lon="-48.63515"><ele>4.8</ele></trkpt><trkpt lat="-26.978113333333333" lon="-48.635156666666674"><ele>4.9</ele></trkpt><trkpt lat="-26.978113333333333" lon="-48.635156666666674"><ele>4.9</ele></trkpt><trkpt lat="-26.978113333333333" lon="-48.63515833333333"><ele>4.9</ele></trkpt><trkpt lat="-26.97810833333333" lon="-48.63516166666667"><ele>5</ele></trkpt><trkpt lat="-26.97810833333333" lon="-48.63516166666667"><ele>5</ele></trkpt><trkpt lat="-26.97807833333333" lon="-48.63517333333333"><ele>5.5</ele></trkpt><trkpt lat="-26.978055" lon="-48.635178333333336"><ele>5.7</ele></trkpt><trkpt lat="-26.978028333333334" lon="-48.635180000000005"><ele>6.4</ele></trkpt><trkpt lat="-26.977999999999998" lon="-48.635180000000005"><ele>6.5</ele></trkpt><trkpt lat="-26.97797333333333" lon="-48.635180000000005"><ele>6.7</ele></trkpt><trkpt lat="-26.97794666666667" lon="-48.63518166666666"><ele>7</ele></trkpt><trkpt lat="-26.97792666666667" lon="-48.635188333333325"><ele>6.7</ele></trkpt><trkpt lat="-26.977909999999998" lon="-48.635191666666664"><ele>6.3</ele></trkpt><trkpt lat="-26.977893333333334" lon="-48.63519666666666"><ele>6.6</ele></trkpt><trkpt lat="-26.977875" lon="-48.635195"><ele>6.7</ele></trkpt><trkpt lat="-26.97787333333333" lon="-48.635189999999994"><ele>7.3</ele></trkpt><trkpt lat="-26.977875" lon="-48.635188333333325"><ele>7.5</ele></trkpt><trkpt lat="-26.977875" lon="-48.635188333333325"><ele>7.5</ele></trkpt><trkpt lat="-26.97787" lon="-48.635188333333325"><ele>7.8</ele></trkpt><trkpt lat="-26.97786833333333" lon="-48.63518666666667"><ele>8.3</ele></trkpt><trkpt lat="-26.97786833333333" lon="-48.63518666666667"><ele>8.9</ele></trkpt><trkpt lat="-26.97787" lon="-48.635188333333325"><ele>9.6</ele></trkpt><trkpt lat="-26.97787333333333" lon="-48.635185"><ele>10.1</ele></trkpt><trkpt lat="-26.97787333333333" lon="-48.63518333333333"><ele>10.6</ele></trkpt><trkpt lat="-26.97787333333333" lon="-48.63518333333333"><ele>10.6</ele></trkpt><trkpt lat="-26.97786833333333" lon="-48.635188333333325"><ele>10.9</ele></trkpt><trkpt lat="-26.977863333333335" lon="-48.635191666666664"><ele>11.1</ele></trkpt><trkpt lat="-26.977851666666666" lon="-48.635195"><ele>11.7</ele></trkpt><trkpt lat="-26.97782833333333" lon="-48.635200000000005"><ele>11.4</ele></trkpt><trkpt lat="-26.977804999999996" lon="-48.635215"><ele>10.3</ele></trkpt><trkpt lat="-26.977776666666667" lon="-48.63522833333333"><ele>9.5</ele></trkpt><trkpt lat="-26.977743333333333" lon="-48.635245000000005"><ele>8.6</ele></trkpt><trkpt lat="-26.977713333333334" lon="-48.63525500000001"><ele>8.3</ele></trkpt><trkpt lat="-26.977678333333333" lon="-48.63525500000001"><ele>6.8</ele></trkpt><trkpt lat="-26.97764833333333" lon="-48.63525333333334"><ele>6.1</ele></trkpt><trkpt lat="-26.977623333333334" lon="-48.63525333333334"><ele>5</ele></trkpt><trkpt lat="-26.977588333333333" lon="-48.63526"><ele>4.9</ele></trkpt><trkpt lat="-26.97755833333333" lon="-48.635265"><ele>5.2</ele></trkpt><trkpt lat="-26.97753" lon="-48.635270000000006"><ele>5</ele></trkpt><trkpt lat="-26.977500000000003" lon="-48.63527166666666"><ele>4.4</ele></trkpt><trkpt lat="-26.977471666666663" lon="-48.635270000000006"><ele>4.2</ele></trkpt><trkpt lat="-26.977443333333333" lon="-48.63527166666666"><ele>4.1</ele></trkpt><trkpt lat="-26.977421666666668" lon="-48.635279999999995"><ele>3.9</ele></trkpt><trkpt lat="-26.977403333333335" lon="-48.635270000000006"><ele>4.8</ele></trkpt><trkpt lat="-26.977388333333337" lon="-48.63526333333333"><ele>4.8</ele></trkpt><trkpt lat="-26.977388333333337" lon="-48.63526333333333"><ele>4.8</ele></trkpt><trkpt lat="-26.977376666666668" lon="-48.63526"><ele>4.7</ele></trkpt><trkpt lat="-26.977373333333336" lon="-48.63525833333333"><ele>5.2</ele></trkpt><trkpt lat="-26.977369999999997" lon="-48.63526"><ele>5.3</ele></trkpt><trkpt lat="-26.977366666666665" lon="-48.63525666666666"><ele>5.2</ele></trkpt><trkpt lat="-26.977366666666665" lon="-48.63525666666666"><ele>5.2</ele></trkpt><trkpt lat="-26.977366666666665" lon="-48.63525666666666"><ele>5.3</ele></trkpt><trkpt lat="-26.977366666666665" lon="-48.63525666666666"><ele>5.3</ele></trkpt><trkpt lat="-26.977365000000002" lon="-48.63525500000001"><ele>5.2</ele></trkpt><trkpt lat="-26.977354999999996" lon="-48.63525666666666"><ele>5.1</ele></trkpt><trkpt lat="-26.977336666666663" lon="-48.63526333333333"><ele>5</ele></trkpt><trkpt lat="-26.977318333333333" lon="-48.635270000000006"><ele>4.8</ele></trkpt><trkpt lat="-26.977296666666668" lon="-48.635275"><ele>4.6</ele></trkpt><trkpt lat="-26.97727166666667" lon="-48.63527666666667"><ele>3.9</ele></trkpt><trkpt lat="-26.977250000000005" lon="-48.635283333333334"><ele>3.9</ele></trkpt><trkpt lat="-26.977223333333335" lon="-48.63528666666666"><ele>3.5</ele></trkpt><trkpt lat="-26.977195" lon="-48.635291666666674"><ele>2.7</ele></trkpt><trkpt lat="-26.97716833333333" lon="-48.635291666666674"><ele>2.7</ele></trkpt><trkpt lat="-26.977146666666666" lon="-48.63530000000001"><ele>2.8</ele></trkpt><trkpt lat="-26.977131666666665" lon="-48.63530333333333"><ele>3.6</ele></trkpt><trkpt lat="-26.97712" lon="-48.635305"><ele>4.7</ele></trkpt><trkpt lat="-26.97710833333333" lon="-48.63530666666667"><ele>4.7</ele></trkpt><trkpt lat="-26.977103333333336" lon="-48.63530666666667"><ele>4.9</ele></trkpt><trkpt lat="-26.977100000000004" lon="-48.635315000000006"><ele>5.5</ele></trkpt><trkpt lat="-26.97709166666667" lon="-48.63532166666667"><ele>5.7</ele></trkpt><trkpt lat="-26.977086666666665" lon="-48.635324999999995"><ele>5.8</ele></trkpt><trkpt lat="-26.97708" lon="-48.63533"><ele>5.9</ele></trkpt><trkpt lat="-26.97707666666667" lon="-48.635336666666674"><ele>5.8</ele></trkpt><trkpt lat="-26.97707666666667" lon="-48.635336666666674"><ele>5.8</ele></trkpt><trkpt lat="-26.977071666666667" lon="-48.63534"><ele>5.6</ele></trkpt><trkpt lat="-26.97706833333333" lon="-48.63534333333334"><ele>5.5</ele></trkpt><trkpt lat="-26.97706833333333" lon="-48.63534833333333"><ele>5.2</ele></trkpt><trkpt lat="-26.977071666666667" lon="-48.63535"><ele>5</ele></trkpt><trkpt lat="-26.977073333333337" lon="-48.63535166666667"><ele>4.9</ele></trkpt><trkpt lat="-26.977073333333337" lon="-48.63535166666667"><ele>4.9</ele></trkpt><trkpt lat="-26.977073333333337" lon="-48.63535166666667"><ele>4.9</ele></trkpt><trkpt lat="-26.977073333333337" lon="-48.63535166666667"><ele>4.9</ele></trkpt><trkpt lat="-26.977073333333337" lon="-48.63535166666667"><ele>4.9</ele></trkpt><trkpt lat="-26.977073333333337" lon="-48.63535166666667"><ele>4.9</ele></trkpt><trkpt lat="-26.977073333333337" lon="-48.63535166666667"><ele>4.9</ele></trkpt><trkpt lat="-26.977073333333337" lon="-48.63535166666667"><ele>4.9</ele></trkpt><trkpt lat="-26.977073333333337" lon="-48.63535166666667"><ele>4.9</ele></trkpt><trkpt lat="-26.977073333333337" lon="-48.63535166666667"><ele>4.9</ele></trkpt><trkpt lat="-26.977073333333337" lon="-48.63535166666667"><ele>4.9</ele></trkpt><trkpt lat="-26.977073333333337" lon="-48.63535166666667"><ele>4.9</ele></trkpt><trkpt lat="-26.977035" lon="-48.635315000000006"><ele>4.8</ele></trkpt><trkpt lat="-26.97701833333333" lon="-48.63531666666666"><ele>4.6</ele></trkpt><trkpt lat="-26.977003333333332" lon="-48.635315000000006"><ele>4.2</ele></trkpt><trkpt lat="-26.97698833333333" lon="-48.63531166666667"><ele>4</ele></trkpt><trkpt lat="-26.976981666666667" lon="-48.63530333333333"><ele>4</ele></trkpt><trkpt lat="-26.976975" lon="-48.63530000000001"><ele>3.9</ele></trkpt><trkpt lat="-26.976961666666664" lon="-48.63530166666666"><ele>3.9</ele></trkpt><trkpt lat="-26.976961666666664" lon="-48.63530166666666"><ele>3.9</ele></trkpt><trkpt lat="-26.976948333333333" lon="-48.63529833333334"><ele>3.4</ele></trkpt><trkpt lat="-26.976924999999998" lon="-48.635295"><ele>3.5</ele></trkpt><trkpt lat="-26.976903333333333" lon="-48.63530000000001"><ele>3.6</ele></trkpt><trkpt lat="-26.976885" lon="-48.63529666666667"><ele>3.3</ele></trkpt><trkpt lat="-26.976863333333334" lon="-48.63529666666667"><ele>3.5</ele></trkpt><trkpt lat="-26.97684166666666" lon="-48.63530333333333"><ele>3</ele></trkpt><trkpt lat="-26.976819999999996" lon="-48.63530833333333"><ele>2.6</ele></trkpt><trkpt lat="-26.976791666666667" lon="-48.63531"><ele>2.1</ele></trkpt><trkpt lat="-26.97676333333333" lon="-48.63530000000001"><ele>1.7</ele></trkpt><trkpt lat="-26.97673666666667" lon="-48.63529833333334"><ele>1</ele></trkpt><trkpt lat="-26.97670333333333" lon="-48.63529666666667"><ele>0.19999999999999996</ele></trkpt><trkpt lat="-26.97666166666667" lon="-48.63529333333333"><ele>0.19999999999999996</ele></trkpt><trkpt lat="-26.97663" lon="-48.635295"><ele>-0.7000000000000002</ele></trkpt><trkpt lat="-26.976594999999996" lon="-48.63530166666666"><ele>-1.6</ele></trkpt><trkpt lat="-26.976549999999996" lon="-48.63532"><ele>-4.5</ele></trkpt><trkpt lat="-26.97652833333333" lon="-48.635323333333325"><ele>-5.3</ele></trkpt><trkpt lat="-26.97650666666667" lon="-48.63533166666666"><ele>-7.800000000000001</ele></trkpt><trkpt lat="-26.97649" lon="-48.635336666666674"><ele>-8.9</ele></trkpt><trkpt lat="-26.976473333333335" lon="-48.63534333333334"><ele>-9.9</ele></trkpt><trkpt lat="-26.976465" lon="-48.63534666666666"><ele>-10.3</ele></trkpt><trkpt lat="-26.976465" lon="-48.63534666666666"><ele>-10.3</ele></trkpt><trkpt lat="-26.97646166666667" lon="-48.63535"><ele>-10.8</ele></trkpt><trkpt lat="-26.976456666666664" lon="-48.635355"><ele>-11.2</ele></trkpt><trkpt lat="-26.97646166666667" lon="-48.63535666666667"><ele>-10.3</ele></trkpt><trkpt lat="-26.97646333333333" lon="-48.635360000000006"><ele>-10.4</ele></trkpt><trkpt lat="-26.976465" lon="-48.63536166666666"><ele>-10.5</ele></trkpt><trkpt lat="-26.976471666666665" lon="-48.635360000000006"><ele>-9.8</ele></trkpt><trkpt lat="-26.976476666666667" lon="-48.635358333333336"><ele>-9</ele></trkpt><trkpt lat="-26.97648333333333" lon="-48.635360000000006"><ele>-8.3</ele></trkpt><trkpt lat="-26.976486666666666" lon="-48.635358333333336"><ele>-7.4</ele></trkpt><trkpt lat="-26.97649" lon="-48.63535333333333"><ele>-7</ele></trkpt><trkpt lat="-26.976491666666668" lon="-48.635355"><ele>-6.2</ele></trkpt><trkpt lat="-26.976491666666668" lon="-48.635355"><ele>-6.2</ele></trkpt><trkpt lat="-26.976491666666668" lon="-48.635355"><ele>-6.2</ele></trkpt><trkpt lat="-26.976491666666668" lon="-48.635355"><ele>-6.2</ele></trkpt><trkpt lat="-26.976491666666668" lon="-48.635355"><ele>-6.2</ele></trkpt><trkpt lat="-26.976491666666668" lon="-48.635355"><ele>-6.2</ele></trkpt><trkpt lat="-26.976491666666668" lon="-48.635355"><ele>-6.2</ele></trkpt><trkpt lat="-26.976491666666668" lon="-48.635355"><ele>-6.2</ele></trkpt><trkpt lat="-26.976491666666668" lon="-48.635355"><ele>-6.2</ele></trkpt><trkpt lat="-26.976491666666668" lon="-48.635355"><ele>-6.2</ele></trkpt><trkpt lat="-26.976486666666666" lon="-48.63534833333333"><ele>-3.4000000000000004</ele></trkpt><trkpt lat="-26.976473333333335" lon="-48.63534333333334"><ele>-2.9000000000000004</ele></trkpt><trkpt lat="-26.976456666666664" lon="-48.63534333333334"><ele>-2.5999999999999996</ele></trkpt><trkpt lat="-26.976431666666667" lon="-48.63534"><ele>-2.5</ele></trkpt><trkpt lat="-26.97640333333333" lon="-48.63533833333333"><ele>-2</ele></trkpt><trkpt lat="-26.976369999999996" lon="-48.63533833333333"><ele>-2</ele></trkpt><trkpt lat="-26.97633166666667" lon="-48.63534333333334"><ele>-1.7999999999999998</ele></trkpt><trkpt lat="-26.976293333333334" lon="-48.63535166666667"><ele>-2</ele></trkpt><trkpt lat="-26.97625833333333" lon="-48.63535166666667"><ele>-2.8</ele></trkpt><trkpt lat="-26.976223333333337" lon="-48.63534833333333"><ele>-3.2</ele></trkpt><trkpt lat="-26.976186666666663" lon="-48.63534"><ele>-3.2</ele></trkpt><trkpt lat="-26.976155000000002" lon="-48.635328333333334"><ele>-2.5</ele></trkpt><trkpt lat="-26.976128333333335" lon="-48.635326666666664"><ele>-2.3</ele></trkpt><trkpt lat="-26.976103333333338" lon="-48.635315000000006"><ele>-1.1</ele></trkpt><trkpt lat="-26.976103333333338" lon="-48.635315000000006"><ele>-1.1</ele></trkpt><trkpt lat="-26.97609" lon="-48.63529833333334"><ele>3.1</ele></trkpt><trkpt lat="-26.976081666666666" lon="-48.63529666666667"><ele>4.2</ele></trkpt><trkpt lat="-26.97607833333333" lon="-48.63529666666667"><ele>4.8</ele></trkpt><trkpt lat="-26.976080000000003" lon="-48.63529833333334"><ele>5.4</ele></trkpt><trkpt lat="-26.976080000000003" lon="-48.63530000000001"><ele>5.7</ele></trkpt><trkpt lat="-26.976081666666666" lon="-48.63530333333333"><ele>6</ele></trkpt><trkpt lat="-26.976081666666666" lon="-48.63530333333333"><ele>6</ele></trkpt><trkpt lat="-26.976080000000003" lon="-48.63531"><ele>6.7</ele></trkpt><trkpt lat="-26.976071666666666" lon="-48.63531833333333"><ele>6.8</ele></trkpt><trkpt lat="-26.976063333333332" lon="-48.635324999999995"><ele>7.6</ele></trkpt><trkpt lat="-26.976054999999995" lon="-48.635313333333336"><ele>9.8</ele></trkpt><trkpt lat="-26.97604833333333" lon="-48.63530666666667"><ele>10.5</ele></trkpt><trkpt lat="-26.976038333333335" lon="-48.635305"><ele>10.9</ele></trkpt><trkpt lat="-26.976038333333335" lon="-48.635305"><ele>10.9</ele></trkpt><trkpt lat="-26.976031666666668" lon="-48.63529833333334"><ele>11.8</ele></trkpt><trkpt lat="-26.976026666666666" lon="-48.63529666666667"><ele>12.3</ele></trkpt><trkpt lat="-26.97601166666667" lon="-48.635295"><ele>12.5</ele></trkpt><trkpt lat="-26.975998333333337" lon="-48.635290000000005"><ele>12.4</ele></trkpt><trkpt lat="-26.975990000000003" lon="-48.63528666666666"><ele>12</ele></trkpt><trkpt lat="-26.97598833333333" lon="-48.635283333333334"><ele>11.6</ele></trkpt><trkpt lat="-26.97598833333333" lon="-48.635278333333325"><ele>11.3</ele></trkpt><trkpt lat="-26.975990000000003" lon="-48.635278333333325"><ele>10.9</ele></trkpt><trkpt lat="-26.975990000000003" lon="-48.635278333333325"><ele>10.9</ele></trkpt><trkpt lat="-26.975993333333335" lon="-48.635270000000006"><ele>10.7</ele></trkpt><trkpt lat="-26.975994999999998" lon="-48.63526166666667"><ele>10.5</ele></trkpt><trkpt lat="-26.975994999999998" lon="-48.63526333333333"><ele>10.3</ele></trkpt><trkpt lat="-26.975991666666665" lon="-48.635268333333336"><ele>9.8</ele></trkpt><trkpt lat="-26.975984999999998" lon="-48.63527166666666"><ele>9.6</ele></trkpt><trkpt lat="-26.975978333333334" lon="-48.63527333333333"><ele>9.4</ele></trkpt><trkpt lat="-26.975966666666668" lon="-48.63527333333333"><ele>9</ele></trkpt><trkpt lat="-26.975951666666667" lon="-48.635265"><ele>8.9</ele></trkpt><trkpt lat="-26.975934999999996" lon="-48.63525500000001"><ele>8.8</ele></trkpt><trkpt lat="-26.975934999999996" lon="-48.63525500000001"><ele>8.8</ele></trkpt><trkpt lat="-26.975918333333333" lon="-48.63525333333334"><ele>8.3</ele></trkpt><trkpt lat="-26.975906666666667" lon="-48.63526"><ele>7.8</ele></trkpt><trkpt lat="-26.975901666666665" lon="-48.63526333333333"><ele>8</ele></trkpt><trkpt lat="-26.975894999999998" lon="-48.635266666666666"><ele>7.9</ele></trkpt><trkpt lat="-26.975893333333335" lon="-48.635265"><ele>7.7</ele></trkpt><trkpt lat="-26.975891666666666" lon="-48.635268333333336"><ele>7.3</ele></trkpt><trkpt lat="-26.975888333333334" lon="-48.635270000000006"><ele>7.6</ele></trkpt><trkpt lat="-26.975888333333334" lon="-48.635270000000006"><ele>7.6</ele></trkpt><trkpt lat="-26.97588166666667" lon="-48.635275"><ele>7.8</ele></trkpt><trkpt lat="-26.97586666666667" lon="-48.63527333333333"><ele>8.3</ele></trkpt><trkpt lat="-26.975846666666666" lon="-48.635266666666666"><ele>9.1</ele></trkpt><trkpt lat="-26.975826666666663" lon="-48.635266666666666"><ele>9.8</ele></trkpt><trkpt lat="-26.975803333333335" lon="-48.63526333333333"><ele>9.9</ele></trkpt><trkpt lat="-26.975771666666667" lon="-48.63525"><ele>10.2</ele></trkpt><trkpt lat="-26.975741666666668" lon="-48.635245000000005"><ele>9.9</ele></trkpt><trkpt lat="-26.975713333333335" lon="-48.63524"><ele>9.9</ele></trkpt><trkpt lat="-26.97569" lon="-48.63524333333333"><ele>10.1</ele></trkpt><trkpt lat="-26.97565833333333" lon="-48.63524"><ele>11</ele></trkpt><trkpt lat="-26.975631666666665" lon="-48.635238333333334"><ele>10.3</ele></trkpt><trkpt lat="-26.975631666666665" lon="-48.635238333333334"><ele>10.3</ele></trkpt><trkpt lat="-26.975623333333335" lon="-48.63524833333333"><ele>9.3</ele></trkpt><trkpt lat="-26.975626666666667" lon="-48.63525833333333"><ele>9.4</ele></trkpt><trkpt lat="-26.975623333333335" lon="-48.635265"><ele>8.8</ele></trkpt><trkpt lat="-26.975621666666665" lon="-48.635265"><ele>8.1</ele></trkpt><trkpt lat="-26.975621666666665" lon="-48.63526166666667"><ele>7.7</ele></trkpt><trkpt lat="-26.975620000000003" lon="-48.63525833333333"><ele>7.5</ele></trkpt><trkpt lat="-26.975620000000003" lon="-48.63525666666666"><ele>7.7</ele></trkpt><trkpt lat="-26.975620000000003" lon="-48.63525666666666"><ele>7.7</ele></trkpt><trkpt lat="-26.97561166666667" lon="-48.63525833333333"><ele>7.3</ele></trkpt><trkpt lat="-26.975605000000005" lon="-48.63525833333333"><ele>7</ele></trkpt><trkpt lat="-26.975596666666668" lon="-48.63525666666666"><ele>6.8</ele></trkpt><trkpt lat="-26.975581666666667" lon="-48.63525500000001"><ele>7.5</ele></trkpt><trkpt lat="-26.975558333333332" lon="-48.63525166666667"><ele>7.3</ele></trkpt><trkpt lat="-26.975534999999997" lon="-48.63524333333333"><ele>7.3</ele></trkpt><trkpt lat="-26.975506666666668" lon="-48.635245000000005"><ele>6.8</ele></trkpt><trkpt lat="-26.97548" lon="-48.63524166666666"><ele>6.9</ele></trkpt><trkpt lat="-26.975450000000002" lon="-48.635236666666664"><ele>7</ele></trkpt><trkpt lat="-26.975421666666662" lon="-48.63522833333333"><ele>7.4</ele></trkpt><trkpt lat="-26.97539" lon="-48.63521833333333"><ele>7.3</ele></trkpt><trkpt lat="-26.975353333333334" lon="-48.63521333333333"><ele>7.6</ele></trkpt><trkpt lat="-26.975320000000004" lon="-48.63521000000001"><ele>7.8</ele></trkpt><trkpt lat="-26.97528833333333" lon="-48.63520666666667"><ele>8</ele></trkpt><trkpt lat="-26.97525666666667" lon="-48.635200000000005"><ele>8</ele></trkpt><trkpt lat="-26.975225000000002" lon="-48.635195"><ele>7.8</ele></trkpt><trkpt lat="-26.975191666666667" lon="-48.63519833333333"><ele>7.7</ele></trkpt><trkpt lat="-26.97516666666667" lon="-48.63519333333333"><ele>7.6</ele></trkpt><trkpt lat="-26.97516666666667" lon="-48.63519333333333"><ele>7.6</ele></trkpt><trkpt lat="-26.975158333333336" lon="-48.63519666666666"><ele>7.5</ele></trkpt><trkpt lat="-26.975156666666667" lon="-48.635201666666674"><ele>7.3</ele></trkpt><trkpt lat="-26.975158333333336" lon="-48.63520333333333"><ele>7.1</ele></trkpt><trkpt lat="-26.975158333333336" lon="-48.63520333333333"><ele>7.1</ele></trkpt><trkpt lat="-26.97516" lon="-48.635205"><ele>7.1</ele></trkpt><trkpt lat="-26.97516" lon="-48.635205"><ele>7.1</ele></trkpt><trkpt lat="-26.97516" lon="-48.635201666666674"><ele>7.1</ele></trkpt><trkpt lat="-26.97516" lon="-48.635201666666674"><ele>7.1</ele></trkpt><trkpt lat="-26.97516166666667" lon="-48.635201666666674"><ele>6.9</ele></trkpt><trkpt lat="-26.97516" lon="-48.635200000000005"><ele>6.8</ele></trkpt><trkpt lat="-26.975158333333336" lon="-48.63520333333333"><ele>7.2</ele></trkpt><trkpt lat="-26.975156666666667" lon="-48.635205"><ele>7.2</ele></trkpt><trkpt lat="-26.975158333333336" lon="-48.63520333333333"><ele>7.5</ele></trkpt><trkpt lat="-26.975158333333336" lon="-48.63520333333333"><ele>7.5</ele></trkpt><trkpt lat="-26.975158333333336" lon="-48.63520333333333"><ele>7.5</ele></trkpt><trkpt lat="-26.975158333333336" lon="-48.63520333333333"><ele>7.5</ele></trkpt><trkpt lat="-26.975158333333336" lon="-48.63520333333333"><ele>7.5</ele></trkpt><trkpt lat="-26.975158333333336" lon="-48.63520333333333"><ele>7.5</ele></trkpt><trkpt lat="-26.975158333333336" lon="-48.63520333333333"><ele>7.5</ele></trkpt><trkpt lat="-26.975158333333336" lon="-48.63520333333333"><ele>7.5</ele></trkpt><trkpt lat="-26.975158333333336" lon="-48.63520333333333"><ele>7.5</ele></trkpt><trkpt lat="-26.975158333333336" lon="-48.63520333333333"><ele>7.5</ele></trkpt><trkpt lat="-26.975158333333336" lon="-48.63520333333333"><ele>7.5</ele></trkpt><trkpt lat="-26.975140000000003" lon="-48.63515"><ele>6.5</ele></trkpt><trkpt lat="-26.975129999999996" lon="-48.63514833333333"><ele>5.9</ele></trkpt><trkpt lat="-26.975115" lon="-48.635146666666664"><ele>5.7</ele></trkpt><trkpt lat="-26.975099999999998" lon="-48.63514833333333"><ele>5</ele></trkpt><trkpt lat="-26.975080000000002" lon="-48.63515"><ele>4.7</ele></trkpt><trkpt lat="-26.97506" lon="-48.63515"><ele>4.3</ele></trkpt><trkpt lat="-26.975039999999996" lon="-48.635155000000005"><ele>3.7</ele></trkpt><trkpt lat="-26.975039999999996" lon="-48.635155000000005"><ele>3.7</ele></trkpt><trkpt lat="-26.975020000000004" lon="-48.635156666666674"><ele>3.4</ele></trkpt><trkpt lat="-26.974994999999996" lon="-48.63516500000001"><ele>2</ele></trkpt><trkpt lat="-26.974976666666667" lon="-48.635155000000005"><ele>2</ele></trkpt><trkpt lat="-26.974958333333333" lon="-48.635143333333325"><ele>1.9</ele></trkpt><trkpt lat="-26.974930000000004" lon="-48.635125"><ele>2.4</ele></trkpt><trkpt lat="-26.97491166666667" lon="-48.63512333333333"><ele>3.7</ele></trkpt><trkpt lat="-26.97489666666667" lon="-48.63512000000001"><ele>4.8</ele></trkpt><trkpt lat="-26.97489666666667" lon="-48.63512000000001"><ele>4.8</ele></trkpt><trkpt lat="-26.974886666666666" lon="-48.63511666666667"><ele>4.8</ele></trkpt><trkpt lat="-26.97488" lon="-48.63511666666667"><ele>5.6</ele></trkpt><trkpt lat="-26.974885000000004" lon="-48.63512166666666"><ele>6</ele></trkpt><trkpt lat="-26.97489" lon="-48.63512833333333"><ele>6.3</ele></trkpt><trkpt lat="-26.97489333333333" lon="-48.63512666666667"><ele>6.3</ele></trkpt><trkpt lat="-26.974895" lon="-48.63513"><ele>6</ele></trkpt><trkpt lat="-26.974895" lon="-48.63513"><ele>6</ele></trkpt><trkpt lat="-26.97489666666667" lon="-48.63513833333333"><ele>6.1</ele></trkpt><trkpt lat="-26.974876666666667" lon="-48.63513666666666"><ele>6.9</ele></trkpt><trkpt lat="-26.974861666666666" lon="-48.63513666666666"><ele>7.4</ele></trkpt><trkpt lat="-26.974843333333336" lon="-48.635135000000005"><ele>7.9</ele></trkpt><trkpt lat="-26.974825000000003" lon="-48.63513"><ele>8.3</ele></trkpt><trkpt lat="-26.974811666666664" lon="-48.63512666666667"><ele>8.7</ele></trkpt><trkpt lat="-26.974795000000004" lon="-48.635125"><ele>8.6</ele></trkpt><trkpt lat="-26.974775" lon="-48.63513"><ele>8.3</ele></trkpt><trkpt lat="-26.974753333333336" lon="-48.635133333333336"><ele>8.2</ele></trkpt><trkpt lat="-26.974735000000003" lon="-48.63513666666666"><ele>8.2</ele></trkpt><trkpt lat="-26.974711666666668" lon="-48.635133333333336"><ele>7.7</ele></trkpt><trkpt lat="-26.97468666666667" lon="-48.63512833333333"><ele>7.8</ele></trkpt><trkpt lat="-26.974656666666668" lon="-48.63513"><ele>7.9</ele></trkpt><trkpt lat="-26.97462666666667" lon="-48.63513"><ele>7.6</ele></trkpt><trkpt lat="-26.97459333333334" lon="-48.635125"><ele>7.3</ele></trkpt><trkpt lat="-26.974558333333334" lon="-48.63512000000001"><ele>7.4</ele></trkpt><trkpt lat="-26.974525000000003" lon="-48.63511666666667"><ele>7.7</ele></trkpt><trkpt lat="-26.974495" lon="-48.635110000000005"><ele>8.5</ele></trkpt><trkpt lat="-26.97446166666667" lon="-48.635101666666664"><ele>8.4</ele></trkpt><trkpt lat="-26.974429999999998" lon="-48.635095"><ele>8.1</ele></trkpt><trkpt lat="-26.974394999999998" lon="-48.63509166666666"><ele>8</ele></trkpt><trkpt lat="-26.97435833333333" lon="-48.63509166666666"><ele>7.6</ele></trkpt><trkpt lat="-26.974325" lon="-48.63509333333333"><ele>7.2</ele></trkpt><trkpt lat="-26.97429833333333" lon="-48.63509333333333"><ele>6.6</ele></trkpt><trkpt lat="-26.974283333333332" lon="-48.63509666666667"><ele>5.3</ele></trkpt><trkpt lat="-26.974286666666664" lon="-48.635098333333325"><ele>4.4</ele></trkpt><trkpt lat="-26.974294999999998" lon="-48.635088333333336"><ele>4.1</ele></trkpt><trkpt lat="-26.97429833333333" lon="-48.63508"><ele>3.8</ele></trkpt><trkpt lat="-26.97429833333333" lon="-48.63508"><ele>3.8</ele></trkpt><trkpt lat="-26.974300000000003" lon="-48.63507333333334"><ele>3.1</ele></trkpt><trkpt lat="-26.974304999999998" lon="-48.63506833333333"><ele>2.2</ele></trkpt><trkpt lat="-26.974308333333337" lon="-48.635066666666674"><ele>2.1</ele></trkpt><trkpt lat="-26.974315" lon="-48.63506"><ele>2.2</ele></trkpt><trkpt lat="-26.974319999999995" lon="-48.635056666666664"><ele>2</ele></trkpt><trkpt lat="-26.974323333333338" lon="-48.63505166666667"><ele>2.4</ele></trkpt><trkpt lat="-26.974323333333338" lon="-48.63505166666667"><ele>2.4</ele></trkpt><trkpt lat="-26.974321666666665" lon="-48.63504833333333"><ele>2.6</ele></trkpt><trkpt lat="-26.974315" lon="-48.63504666666666"><ele>3.1</ele></trkpt><trkpt lat="-26.974296666666667" lon="-48.635041666666666"><ele>3.9</ele></trkpt><trkpt lat="-26.974274999999995" lon="-48.63503833333333"><ele>4.3</ele></trkpt><trkpt lat="-26.97425333333333" lon="-48.63503333333333"><ele>4.7</ele></trkpt><trkpt lat="-26.974233333333338" lon="-48.63501833333333"><ele>7.2</ele></trkpt><trkpt lat="-26.974213333333335" lon="-48.63500166666666"><ele>8.4</ele></trkpt><trkpt lat="-26.974188333333338" lon="-48.634994999999996"><ele>8.9</ele></trkpt><trkpt lat="-26.97416333333333" lon="-48.63499"><ele>9</ele></trkpt><trkpt lat="-26.974141666666664" lon="-48.63498166666667"><ele>9</ele></trkpt><trkpt lat="-26.974123333333335" lon="-48.63497166666666"><ele>9.9</ele></trkpt><trkpt lat="-26.97411833333333" lon="-48.63497"><ele>9.7</ele></trkpt><trkpt lat="-26.974121666666665" lon="-48.634963333333324"><ele>10.5</ele></trkpt><trkpt lat="-26.974121666666665" lon="-48.634955000000005"><ele>11.5</ele></trkpt><trkpt lat="-26.974120000000003" lon="-48.634949999999996"><ele>12.2</ele></trkpt><trkpt lat="-26.974120000000003" lon="-48.634949999999996"><ele>12.2</ele></trkpt><trkpt lat="-26.974121666666665" lon="-48.63494666666667"><ele>12.9</ele></trkpt><trkpt lat="-26.974125000000004" lon="-48.63494333333333"><ele>13.4</ele></trkpt><trkpt lat="-26.974123333333335" lon="-48.634945"><ele>13.2</ele></trkpt><trkpt lat="-26.974121666666665" lon="-48.63494333333333"><ele>12.9</ele></trkpt><trkpt lat="-26.97411833333333" lon="-48.634945"><ele>12.5</ele></trkpt><trkpt lat="-26.974113333333335" lon="-48.63494666666667"><ele>12.1</ele></trkpt><trkpt lat="-26.974110000000003" lon="-48.63494833333333"><ele>11.4</ele></trkpt><trkpt lat="-26.974110000000003" lon="-48.63494833333333"><ele>11.4</ele></trkpt><trkpt lat="-26.974110000000003" lon="-48.63494833333333"><ele>11.4</ele></trkpt><trkpt lat="-26.974110000000003" lon="-48.63494833333333"><ele>11.4</ele></trkpt><trkpt lat="-26.974110000000003" lon="-48.63494833333333"><ele>11.4</ele></trkpt><trkpt lat="-26.974110000000003" lon="-48.63494833333333"><ele>11.4</ele></trkpt><trkpt lat="-26.974110000000003" lon="-48.63494833333333"><ele>11.4</ele></trkpt><trkpt lat="-26.974078333333335" lon="-48.63495833333333"><ele>9.6</ele></trkpt><trkpt lat="-26.974058333333332" lon="-48.634963333333324"><ele>8.6</ele></trkpt><trkpt lat="-26.974035000000004" lon="-48.634964999999994"><ele>8.2</ele></trkpt><trkpt lat="-26.974015" lon="-48.63496"><ele>7.9</ele></trkpt><trkpt lat="-26.974015" lon="-48.63496"><ele>7.9</ele></trkpt><trkpt lat="-26.973996666666668" lon="-48.63495833333333"><ele>7.9</ele></trkpt><trkpt lat="-26.974015" lon="-48.63494000000001"><ele>9.5</ele></trkpt><trkpt lat="-26.97402833333333" lon="-48.63491666666667"><ele>11.7</ele></trkpt><trkpt lat="-26.97402833333333" lon="-48.634915"><ele>11.7</ele></trkpt><trkpt lat="-26.974021666666665" lon="-48.63492833333333"><ele>11.3</ele></trkpt><trkpt lat="-26.974016666666664" lon="-48.63493666666667"><ele>12.2</ele></trkpt><trkpt lat="-26.974015" lon="-48.63494333333333"><ele>12.2</ele></trkpt><trkpt lat="-26.974015" lon="-48.63494333333333"><ele>12.2</ele></trkpt><trkpt lat="-26.97401" lon="-48.63494666666667"><ele>12.4</ele></trkpt><trkpt lat="-26.97399833333333" lon="-48.634953333333335"><ele>12.4</ele></trkpt><trkpt lat="-26.973985000000003" lon="-48.63494833333333"><ele>12.8</ele></trkpt><trkpt lat="-26.97396833333333" lon="-48.63494333333333"><ele>12.8</ele></trkpt><trkpt lat="-26.97396833333333" lon="-48.63494333333333"><ele>12.8</ele></trkpt><trkpt lat="-26.973955" lon="-48.63493333333333"><ele>13.1</ele></trkpt><trkpt lat="-26.973948333333336" lon="-48.634930000000004"><ele>13.4</ele></trkpt><trkpt lat="-26.973941666666665" lon="-48.634930000000004"><ele>13.4</ele></trkpt><trkpt lat="-26.973934999999997" lon="-48.63492666666666"><ele>13.5</ele></trkpt><trkpt lat="-26.973936666666667" lon="-48.634918333333324"><ele>13.2</ele></trkpt><trkpt lat="-26.973930000000003" lon="-48.63491166666666"><ele>12.8</ele></trkpt><trkpt lat="-26.973926666666664" lon="-48.63490166666667"><ele>12.6</ele></trkpt><trkpt lat="-26.973918333333337" lon="-48.63489166666667"><ele>12.3</ele></trkpt><trkpt lat="-26.973918333333337" lon="-48.63489166666667"><ele>12.3</ele></trkpt><trkpt lat="-26.973916666666664" lon="-48.634885000000004"><ele>12</ele></trkpt><trkpt lat="-26.973911666666663" lon="-48.63488166666666"><ele>11.3</ele></trkpt><trkpt lat="-26.973905" lon="-48.63487333333334"><ele>10.7</ele></trkpt><trkpt lat="-26.973898333333334" lon="-48.63487333333334"><ele>10</ele></trkpt><trkpt lat="-26.973883333333333" lon="-48.63487166666667"><ele>9.1</ele></trkpt><trkpt lat="-26.973868333333332" lon="-48.63487"><ele>8.3</ele></trkpt><trkpt lat="-26.973851666666665" lon="-48.63485333333333"><ele>8.1</ele></trkpt><trkpt lat="-26.973835" lon="-48.63485166666666"><ele>8.3</ele></trkpt><trkpt lat="-26.973810000000004" lon="-48.63485833333334"><ele>8.1</ele></trkpt><trkpt lat="-26.97378833333333" lon="-48.634859999999996"><ele>7.6</ele></trkpt><trkpt lat="-26.973765000000004" lon="-48.634855"><ele>7.6</ele></trkpt><trkpt lat="-26.973738333333337" lon="-48.63484333333334"><ele>8.7</ele></trkpt><trkpt lat="-26.973738333333337" lon="-48.63484333333334"><ele>8.7</ele></trkpt><trkpt lat="-26.973724999999998" lon="-48.634820000000005"><ele>9.6</ele></trkpt><trkpt lat="-26.97371333333333" lon="-48.63481166666667"><ele>10.4</ele></trkpt><trkpt lat="-26.973709999999997" lon="-48.63480666666666"><ele>11.2</ele></trkpt><trkpt lat="-26.973711666666667" lon="-48.6348"><ele>12.1</ele></trkpt><trkpt lat="-26.97371333333333" lon="-48.634796666666674"><ele>13</ele></trkpt><trkpt lat="-26.97371333333333" lon="-48.63480333333334"><ele>13.4</ele></trkpt><trkpt lat="-26.973716666666665" lon="-48.63480833333333"><ele>13.7</ele></trkpt><trkpt lat="-26.973718333333334" lon="-48.63481333333334"><ele>14</ele></trkpt><trkpt lat="-26.973721666666666" lon="-48.63481166666667"><ele>14.6</ele></trkpt><trkpt lat="-26.973726666666668" lon="-48.63481166666667"><ele>14.9</ele></trkpt><trkpt lat="-26.97373" lon="-48.63481"><ele>15.4</ele></trkpt><trkpt lat="-26.97373" lon="-48.63480166666667"><ele>15.9</ele></trkpt><trkpt lat="-26.97373" lon="-48.63480166666667"><ele>15.9</ele></trkpt><trkpt lat="-26.97373" lon="-48.634771666666666"><ele>19.5</ele></trkpt><trkpt lat="-26.973733333333332" lon="-48.634769999999996"><ele>19.8</ele></trkpt><trkpt lat="-26.973733333333332" lon="-48.634769999999996"><ele>19.8</ele></trkpt><trkpt lat="-26.973733333333332" lon="-48.634769999999996"><ele>19.8</ele></trkpt><trkpt lat="-26.973733333333332" lon="-48.634769999999996"><ele>19.8</ele></trkpt><trkpt lat="-26.973733333333332" lon="-48.634769999999996"><ele>19.8</ele></trkpt><trkpt lat="-26.973733333333332" lon="-48.634769999999996"><ele>19.8</ele></trkpt><trkpt lat="-26.973706666666665" lon="-48.63478833333333"><ele>21.9</ele></trkpt><trkpt lat="-26.973693333333337" lon="-48.63479166666666"><ele>22</ele></trkpt><trkpt lat="-26.973675000000004" lon="-48.634795000000004"><ele>21.6</ele></trkpt><trkpt lat="-26.97365" lon="-48.634796666666674"><ele>21</ele></trkpt><trkpt lat="-26.973621666666666" lon="-48.63479"><ele>21</ele></trkpt><trkpt lat="-26.97359833333333" lon="-48.63477833333333"><ele>20.8</ele></trkpt><trkpt lat="-26.973574999999997" lon="-48.634765"><ele>20.8</ele></trkpt><trkpt lat="-26.973556666666664" lon="-48.63475833333334"><ele>20.8</ele></trkpt><trkpt lat="-26.973555" lon="-48.63471"><ele>25.8</ele></trkpt><trkpt lat="-26.973535000000002" lon="-48.63469666666666"><ele>26</ele></trkpt><trkpt lat="-26.97352" lon="-48.63468666666666"><ele>24.1</ele></trkpt><trkpt lat="-26.97351" lon="-48.634679999999996"><ele>24.5</ele></trkpt><trkpt lat="-26.97350666666667" lon="-48.63467666666667"><ele>24.9</ele></trkpt><trkpt lat="-26.973501666666667" lon="-48.63467333333333"><ele>24.9</ele></trkpt><trkpt lat="-26.973499999999998" lon="-48.63467666666667"><ele>24.9</ele></trkpt><trkpt lat="-26.973498333333335" lon="-48.634679999999996"><ele>24.7</ele></trkpt><trkpt lat="-26.973496666666666" lon="-48.634681666666665"><ele>24.6</ele></trkpt><trkpt lat="-26.973496666666666" lon="-48.634681666666665"><ele>24.6</ele></trkpt><trkpt lat="-26.973495000000003" lon="-48.634681666666665"><ele>24.2</ele></trkpt><trkpt lat="-26.97349166666667" lon="-48.634679999999996"><ele>23.8</ele></trkpt><trkpt lat="-26.97349166666667" lon="-48.634679999999996"><ele>23.6</ele></trkpt><trkpt lat="-26.97349" lon="-48.63467833333334"><ele>23.4</ele></trkpt><trkpt lat="-26.97349" lon="-48.634675"><ele>23</ele></trkpt><trkpt lat="-26.97349" lon="-48.634675"><ele>23</ele></trkpt><trkpt lat="-26.97349" lon="-48.634675"><ele>23</ele></trkpt><trkpt lat="-26.97349" lon="-48.634675"><ele>23</ele></trkpt><trkpt lat="-26.97349" lon="-48.634675"><ele>23</ele></trkpt><trkpt lat="-26.973484999999997" lon="-48.63467166666666"><ele>22.1</ele></trkpt><trkpt lat="-26.97347666666667" lon="-48.634660000000004"><ele>21.7</ele></trkpt><trkpt lat="-26.973466666666663" lon="-48.63464333333333"><ele>22.2</ele></trkpt><trkpt lat="-26.973438333333334" lon="-48.634638333333335"><ele>21</ele></trkpt><trkpt lat="-26.973415" lon="-48.63462500000001"><ele>18.4</ele></trkpt><trkpt lat="-26.97338666666667" lon="-48.63461166666666"><ele>16.9</ele></trkpt><trkpt lat="-26.973348333333334" lon="-48.63461166666666"><ele>7.2</ele></trkpt><trkpt lat="-26.973319999999998" lon="-48.63460333333334"><ele>5.1</ele></trkpt><trkpt lat="-26.973306666666666" lon="-48.63458333333333"><ele>7.5</ele></trkpt><trkpt lat="-26.97328333333333" lon="-48.634570000000004"><ele>6.9</ele></trkpt><trkpt lat="-26.97326333333333" lon="-48.634555"><ele>6.8</ele></trkpt><trkpt lat="-26.97323833333333" lon="-48.63454"><ele>7.2</ele></trkpt><trkpt lat="-26.973218333333328" lon="-48.63452666666667"><ele>7.9</ele></trkpt><trkpt lat="-26.973195" lon="-48.63451666666666"><ele>9.2</ele></trkpt><trkpt lat="-26.973169999999996" lon="-48.63451"><ele>10.3</ele></trkpt><trkpt lat="-26.97315" lon="-48.634499999999996"><ele>11</ele></trkpt><trkpt lat="-26.97315" lon="-48.634499999999996"><ele>11</ele></trkpt><trkpt lat="-26.97312833333334" lon="-48.63449000000001"><ele>11.5</ele></trkpt><trkpt lat="-26.97311" lon="-48.63446999999999"><ele>11.7</ele></trkpt><trkpt lat="-26.973094999999997" lon="-48.634458333333335"><ele>11.9</ele></trkpt><trkpt lat="-26.97308333333334" lon="-48.63445166666667"><ele>12.1</ele></trkpt><trkpt lat="-26.973079999999996" lon="-48.63444833333333"><ele>12.3</ele></trkpt><trkpt lat="-26.973076666666664" lon="-48.63445333333334"><ele>12.4</ele></trkpt><trkpt lat="-26.973075" lon="-48.634458333333335"><ele>12.5</ele></trkpt><trkpt lat="-26.973075" lon="-48.634458333333335"><ele>12.5</ele></trkpt><trkpt lat="-26.973073333333332" lon="-48.634460000000004"><ele>12.5</ele></trkpt><trkpt lat="-26.973073333333332" lon="-48.634460000000004"><ele>12.5</ele></trkpt><trkpt lat="-26.973073333333332" lon="-48.634458333333335"><ele>12.3</ele></trkpt><trkpt lat="-26.973075" lon="-48.634454999999996"><ele>12</ele></trkpt><trkpt lat="-26.973076666666664" lon="-48.63445"><ele>11.9</ele></trkpt><trkpt lat="-26.973076666666664" lon="-48.63445"><ele>11.9</ele></trkpt><trkpt lat="-26.973079999999996" lon="-48.63444500000001"><ele>11.6</ele></trkpt><trkpt lat="-26.973079999999996" lon="-48.63443666666667"><ele>11.3</ele></trkpt><trkpt lat="-26.973073333333332" lon="-48.63443"><ele>10.9</ele></trkpt><trkpt lat="-26.973065" lon="-48.63442333333334"><ele>10.1</ele></trkpt><trkpt lat="-26.973055" lon="-48.634413333333335"><ele>9.8</ele></trkpt><trkpt lat="-26.97304166666667" lon="-48.63440333333333"><ele>8.9</ele></trkpt><trkpt lat="-26.97303" lon="-48.63439166666667"><ele>8</ele></trkpt><trkpt lat="-26.973016666666663" lon="-48.634385"><ele>7.7</ele></trkpt><trkpt lat="-26.973016666666663" lon="-48.634385"><ele>7.7</ele></trkpt><trkpt lat="-26.973001666666665" lon="-48.634375"><ele>7.3</ele></trkpt><trkpt lat="-26.972989999999996" lon="-48.634370000000004"><ele>6.7</ele></trkpt><trkpt lat="-26.97298333333333" lon="-48.63436"><ele>6.2</ele></trkpt><trkpt lat="-26.972976666666668" lon="-48.634355000000006"><ele>5.8</ele></trkpt><trkpt lat="-26.972974999999998" lon="-48.634355000000006"><ele>5.9</ele></trkpt><trkpt lat="-26.972974999999998" lon="-48.63435666666666"><ele>6.1</ele></trkpt><trkpt lat="-26.972976666666668" lon="-48.63435666666666"><ele>6.5</ele></trkpt><trkpt lat="-26.972976666666668" lon="-48.63435666666666"><ele>6.5</ele></trkpt><trkpt lat="-26.972978333333337" lon="-48.63435666666666"><ele>6.3</ele></trkpt><trkpt lat="-26.97298" lon="-48.63435833333333"><ele>6.1</ele></trkpt><trkpt lat="-26.97298166666667" lon="-48.63436"><ele>6</ele></trkpt><trkpt lat="-26.97298333333333" lon="-48.63436"><ele>6</ele></trkpt><trkpt lat="-26.972985" lon="-48.63436"><ele>6.1</ele></trkpt><trkpt lat="-26.972986666666664" lon="-48.63435833333333"><ele>6</ele></trkpt><trkpt lat="-26.972986666666664" lon="-48.63435833333333"><ele>6</ele></trkpt><trkpt lat="-26.972986666666664" lon="-48.63435833333333"><ele>6</ele></trkpt><trkpt lat="-26.972986666666664" lon="-48.63435833333333"><ele>6</ele></trkpt><trkpt lat="-26.97297" lon="-48.63433833333333"><ele>7.7</ele></trkpt><trkpt lat="-26.972955000000002" lon="-48.634321666666665"><ele>8.9</ele></trkpt><trkpt lat="-26.972933333333337" lon="-48.63429666666666"><ele>15.9</ele></trkpt><trkpt lat="-26.972921666666668" lon="-48.63428833333334"><ele>15.8</ele></trkpt><trkpt lat="-26.972913333333334" lon="-48.63428333333333"><ele>15.8</ele></trkpt><trkpt lat="-26.97290333333334" lon="-48.634280000000004"><ele>15.5</ele></trkpt><trkpt lat="-26.97289333333333" lon="-48.634276666666665"><ele>15.3</ele></trkpt><trkpt lat="-26.97289333333333" lon="-48.634276666666665"><ele>15.2</ele></trkpt><trkpt lat="-26.97289333333333" lon="-48.634276666666665"><ele>15.2</ele></trkpt><trkpt lat="-26.97289" lon="-48.634280000000004"><ele>15.3</ele></trkpt><trkpt lat="-26.972886666666668" lon="-48.63428166666666"><ele>15.6</ele></trkpt><trkpt lat="-26.972884999999998" lon="-48.63428833333334"><ele>16.1</ele></trkpt><trkpt lat="-26.972883333333336" lon="-48.63428999999999"><ele>16.3</ele></trkpt><trkpt lat="-26.97288" lon="-48.63428833333334"><ele>16.2</ele></trkpt><trkpt lat="-26.972881666666662" lon="-48.63428833333334"><ele>16.3</ele></trkpt><trkpt lat="-26.97288" lon="-48.63428999999999"><ele>16.2</ele></trkpt><trkpt lat="-26.97288" lon="-48.63428999999999"><ele>16.2</ele></trkpt><trkpt lat="-26.972875" lon="-48.63428833333334"><ele>16.2</ele></trkpt><trkpt lat="-26.972865000000002" lon="-48.634280000000004"><ele>16</ele></trkpt><trkpt lat="-26.972853333333333" lon="-48.63427"><ele>15.7</ele></trkpt><trkpt lat="-26.972839999999998" lon="-48.63425833333334"><ele>15.5</ele></trkpt><trkpt lat="-26.972826666666666" lon="-48.63424333333334"><ele>15.4</ele></trkpt><trkpt lat="-26.972811666666665" lon="-48.634233333333334"><ele>16.1</ele></trkpt><trkpt lat="-26.972793333333335" lon="-48.63421833333334"><ele>16.2</ele></trkpt><trkpt lat="-26.972783333333336" lon="-48.63421"><ele>16.3</ele></trkpt><trkpt lat="-26.972778333333334" lon="-48.63420166666666"><ele>16.7</ele></trkpt><trkpt lat="-26.97277166666667" lon="-48.63419166666666"><ele>17.2</ele></trkpt><trkpt lat="-26.972766666666665" lon="-48.634188333333334"><ele>17.3</ele></trkpt><trkpt lat="-26.972761666666663" lon="-48.634188333333334"><ele>17.4</ele></trkpt><trkpt lat="-26.972753333333337" lon="-48.634186666666665"><ele>17.7</ele></trkpt><trkpt lat="-26.972753333333337" lon="-48.634186666666665"><ele>17.7</ele></trkpt><trkpt lat="-26.972749999999998" lon="-48.634186666666665"><ele>18</ele></trkpt><trkpt lat="-26.972748333333335" lon="-48.634186666666665"><ele>17.9</ele></trkpt><trkpt lat="-26.972745" lon="-48.634188333333334"><ele>18.1</ele></trkpt><trkpt lat="-26.972739999999998" lon="-48.634190000000004"><ele>17.9</ele></trkpt><trkpt lat="-26.972739999999998" lon="-48.634190000000004"><ele>17.9</ele></trkpt><trkpt lat="-26.972734999999997" lon="-48.63419166666666"><ele>17.7</ele></trkpt><trkpt lat="-26.972736666666666" lon="-48.63419666666667"><ele>17.4</ele></trkpt><trkpt lat="-26.972739999999998" lon="-48.63419999999999"><ele>17.1</ele></trkpt><trkpt lat="-26.972746666666662" lon="-48.63419833333334"><ele>16.6</ele></trkpt><trkpt lat="-26.972746666666662" lon="-48.63419833333334"><ele>16.6</ele></trkpt><trkpt lat="-26.972746666666662" lon="-48.63419833333334"><ele>16.6</ele></trkpt><trkpt lat="-26.972746666666662" lon="-48.63419833333334"><ele>16.6</ele></trkpt><trkpt lat="-26.972746666666662" lon="-48.63419833333334"><ele>16.6</ele></trkpt><trkpt lat="-26.972746666666662" lon="-48.63419833333334"><ele>16.6</ele></trkpt><trkpt lat="-26.972746666666662" lon="-48.63419833333334"><ele>16.6</ele></trkpt><trkpt lat="-26.972746666666662" lon="-48.63419833333334"><ele>16.6</ele></trkpt><trkpt lat="-26.972746666666662" lon="-48.63419833333334"><ele>16.6</ele></trkpt><trkpt lat="-26.972746666666662" lon="-48.63419833333334"><ele>16.6</ele></trkpt><trkpt lat="-26.972746666666662" lon="-48.63419833333334"><ele>16.6</ele></trkpt><trkpt lat="-26.972746666666662" lon="-48.63419833333334"><ele>16.6</ele></trkpt><trkpt lat="-26.972746666666662" lon="-48.63419833333334"><ele>16.6</ele></trkpt><trkpt lat="-26.972746666666662" lon="-48.63419833333334"><ele>16.6</ele></trkpt><trkpt lat="-26.972746666666662" lon="-48.63419833333334"><ele>16.6</ele></trkpt><trkpt lat="-26.972746666666662" lon="-48.63419833333334"><ele>16.6</ele></trkpt><trkpt lat="-26.972746666666662" lon="-48.63419833333334"><ele>16.6</ele></trkpt><trkpt lat="-26.972746666666662" lon="-48.63419833333334"><ele>16.6</ele></trkpt><trkpt lat="-26.972746666666662" lon="-48.63419833333334"><ele>16.6</ele></trkpt><trkpt lat="-26.972746666666662" lon="-48.63419833333334"><ele>16.6</ele></trkpt><trkpt lat="-26.972746666666662" lon="-48.63419833333334"><ele>16.6</ele></trkpt><trkpt lat="-26.972746666666662" lon="-48.63419833333334"><ele>16.6</ele></trkpt><trkpt lat="-26.972746666666662" lon="-48.63419833333334"><ele>16.6</ele></trkpt><trkpt lat="-26.972746666666662" lon="-48.63419833333334"><ele>16.6</ele></trkpt><trkpt lat="-26.97277" lon="-48.63415166666667"><ele>12.1</ele></trkpt><trkpt lat="-26.97277166666667" lon="-48.634143333333334"><ele>12.2</ele></trkpt><trkpt lat="-26.972773333333333" lon="-48.634135"><ele>12.2</ele></trkpt><trkpt lat="-26.972768333333338" lon="-48.63412833333334"><ele>12.2</ele></trkpt><trkpt lat="-26.972764999999995" lon="-48.63412"><ele>12.2</ele></trkpt><trkpt lat="-26.972768333333338" lon="-48.63411666666666"><ele>12.1</ele></trkpt><trkpt lat="-26.972766666666665" lon="-48.63411166666666"><ele>12</ele></trkpt><trkpt lat="-26.97275666666667" lon="-48.63410833333334"><ele>11.8</ele></trkpt><trkpt lat="-26.972745" lon="-48.63411333333333"><ele>11.5</ele></trkpt><trkpt lat="-26.972730000000002" lon="-48.634118333333326"><ele>11.6</ele></trkpt><trkpt lat="-26.972716666666663" lon="-48.63412166666667"><ele>11.9</ele></trkpt><trkpt lat="-26.972703333333335" lon="-48.634125"><ele>11.9</ele></trkpt><trkpt lat="-26.972688333333334" lon="-48.63413666666667"><ele>11.9</ele></trkpt><trkpt lat="-26.972674999999995" lon="-48.634145000000004"><ele>11.8</ele></trkpt><trkpt lat="-26.972673333333333" lon="-48.63414666666666"><ele>11.6</ele></trkpt><trkpt lat="-26.97267" lon="-48.634145000000004"><ele>11.3</ele></trkpt><trkpt lat="-26.97267" lon="-48.634145000000004"><ele>11.3</ele></trkpt><trkpt lat="-26.972674999999995" lon="-48.634145000000004"><ele>11.2</ele></trkpt><trkpt lat="-26.972678333333338" lon="-48.634143333333334"><ele>11.3</ele></trkpt><trkpt lat="-26.97268" lon="-48.63413666666667"><ele>10.9</ele></trkpt><trkpt lat="-26.972678333333338" lon="-48.63413666666667"><ele>10.8</ele></trkpt><trkpt lat="-26.972678333333338" lon="-48.63413333333333"><ele>10.6</ele></trkpt><trkpt lat="-26.972676666666665" lon="-48.634125"><ele>10.4</ele></trkpt><trkpt lat="-26.97266666666667" lon="-48.634115"><ele>10</ele></trkpt><trkpt lat="-26.97265333333333" lon="-48.63410166666666"><ele>8.6</ele></trkpt><trkpt lat="-26.972641666666664" lon="-48.634094999999995"><ele>7.8</ele></trkpt><trkpt lat="-26.972631666666665" lon="-48.63408833333333"><ele>7.5</ele></trkpt><trkpt lat="-26.97262333333333" lon="-48.634085000000006"><ele>7.2</ele></trkpt><trkpt lat="-26.972611666666662" lon="-48.63408166666667"><ele>7</ele></trkpt><trkpt lat="-26.972600000000003" lon="-48.634073333333326"><ele>7.2</ele></trkpt><trkpt lat="-26.972585000000002" lon="-48.63406333333334"><ele>7.7</ele></trkpt><trkpt lat="-26.972575" lon="-48.63405833333333"><ele>8.8</ele></trkpt><trkpt lat="-26.972568333333335" lon="-48.63405666666666"><ele>9.1</ele></trkpt><trkpt lat="-26.97256333333333" lon="-48.63405666666666"><ele>10.8</ele></trkpt><trkpt lat="-26.972568333333335" lon="-48.634051666666664"><ele>10.5</ele></trkpt><trkpt lat="-26.972568333333335" lon="-48.634051666666664"><ele>10.5</ele></trkpt><trkpt lat="-26.972568333333335" lon="-48.634049999999995"><ele>10.3</ele></trkpt><trkpt lat="-26.972570000000005" lon="-48.634051666666664"><ele>9.1</ele></trkpt><trkpt lat="-26.972568333333335" lon="-48.634055000000004"><ele>8.9</ele></trkpt><trkpt lat="-26.972568333333335" lon="-48.63405666666666"><ele>8.8</ele></trkpt><trkpt lat="-26.972568333333335" lon="-48.63405666666666"><ele>8.7</ele></trkpt><trkpt lat="-26.972568333333335" lon="-48.63405666666666"><ele>8.3</ele></trkpt><trkpt lat="-26.972570000000005" lon="-48.63405833333333"><ele>8.3</ele></trkpt><trkpt lat="-26.972570000000005" lon="-48.63406"><ele>8.3</ele></trkpt><trkpt lat="-26.97256333333333" lon="-48.63406"><ele>8.5</ele></trkpt><trkpt lat="-26.97256333333333" lon="-48.63406"><ele>8.5</ele></trkpt><trkpt lat="-26.972551666666664" lon="-48.634055000000004"><ele>8.7</ele></trkpt><trkpt lat="-26.972548333333332" lon="-48.63404666666667"><ele>8.7</ele></trkpt><trkpt lat="-26.972535" lon="-48.63403666666667"><ele>8.7</ele></trkpt><trkpt lat="-26.972521666666662" lon="-48.634025"><ele>8.6</ele></trkpt><trkpt lat="-26.972503333333332" lon="-48.63401333333333"><ele>8.4</ele></trkpt><trkpt lat="-26.97248833333333" lon="-48.63399833333333"><ele>8.4</ele></trkpt><trkpt lat="-26.97247666666666" lon="-48.63398"><ele>8.5</ele></trkpt><trkpt lat="-26.97246" lon="-48.633959999999995"><ele>8.7</ele></trkpt><trkpt lat="-26.97244333333333" lon="-48.633945"><ele>8.6</ele></trkpt><trkpt lat="-26.972433333333335" lon="-48.633936666666656"><ele>8.6</ele></trkpt><trkpt lat="-26.97243" lon="-48.63393333333333"><ele>8.5</ele></trkpt><trkpt lat="-26.97242833333333" lon="-48.63393166666666"><ele>8.7</ele></trkpt><trkpt lat="-26.97243" lon="-48.63393166666666"><ele>8.8</ele></trkpt><trkpt lat="-26.97243166666666" lon="-48.63392999999999"><ele>8.9</ele></trkpt><trkpt lat="-26.972435000000004" lon="-48.63393333333333"><ele>9.3</ele></trkpt><trkpt lat="-26.97244166666667" lon="-48.633936666666656"><ele>9.4</ele></trkpt><trkpt lat="-26.972450000000002" lon="-48.63394"><ele>9.9</ele></trkpt><trkpt lat="-26.972458333333332" lon="-48.63394166666667"><ele>10.3</ele></trkpt><trkpt lat="-26.972463333333334" lon="-48.63394"><ele>10.7</ele></trkpt><trkpt lat="-26.972468333333335" lon="-48.63394333333334"><ele>10.9</ele></trkpt><trkpt lat="-26.97247333333333" lon="-48.633950000000006"><ele>10.9</ele></trkpt><trkpt lat="-26.97247666666666" lon="-48.633950000000006"><ele>11</ele></trkpt><trkpt lat="-26.972480000000004" lon="-48.63395166666666"><ele>10.7</ele></trkpt><trkpt lat="-26.972480000000004" lon="-48.63395666666667"><ele>10.9</ele></trkpt><trkpt lat="-26.972481666666667" lon="-48.63395833333334"><ele>11.1</ele></trkpt><trkpt lat="-26.972480000000004" lon="-48.63395666666667"><ele>11.2</ele></trkpt><trkpt lat="-26.972480000000004" lon="-48.63395666666667"><ele>11.3</ele></trkpt><trkpt lat="-26.972480000000004" lon="-48.63395666666667"><ele>11.3</ele></trkpt><trkpt lat="-26.972481666666667" lon="-48.63395666666667"><ele>11.5</ele></trkpt><trkpt lat="-26.972481666666667" lon="-48.63395666666667"><ele>11.5</ele></trkpt><trkpt lat="-26.972483333333336" lon="-48.63395666666667"><ele>11.8</ele></trkpt><trkpt lat="-26.972483333333336" lon="-48.63395666666667"><ele>11.8</ele></trkpt><trkpt lat="-26.972483333333336" lon="-48.63395833333334"><ele>12</ele></trkpt><trkpt lat="-26.97249" lon="-48.63394666666667"><ele>15.8</ele></trkpt><trkpt lat="-26.972493333333333" lon="-48.63394666666667"><ele>15.9</ele></trkpt><trkpt lat="-26.972493333333333" lon="-48.63394666666667"><ele>15.9</ele></trkpt><trkpt lat="-26.972493333333333" lon="-48.63394666666667"><ele>15.9</ele></trkpt><trkpt lat="-26.972493333333333" lon="-48.63394666666667"><ele>15.9</ele></trkpt><trkpt lat="-26.972493333333333" lon="-48.63394666666667"><ele>15.9</ele></trkpt><trkpt lat="-26.972493333333333" lon="-48.63394666666667"><ele>15.9</ele></trkpt><trkpt lat="-26.972493333333333" lon="-48.63394666666667"><ele>15.9</ele></trkpt><trkpt lat="-26.972493333333333" lon="-48.63394666666667"><ele>15.9</ele></trkpt><trkpt lat="-26.972493333333333" lon="-48.63394666666667"><ele>15.9</ele></trkpt><trkpt lat="-26.972493333333333" lon="-48.63394666666667"><ele>15.9</ele></trkpt><trkpt lat="-26.972493333333333" lon="-48.63394666666667"><ele>15.9</ele></trkpt><trkpt lat="-26.97247666666666" lon="-48.63397"><ele>15.7</ele></trkpt><trkpt lat="-26.972480000000004" lon="-48.63397166666667"><ele>15.4</ele></trkpt><trkpt lat="-26.972478333333335" lon="-48.63397"><ele>15.2</ele></trkpt><trkpt lat="-26.97247333333333" lon="-48.63396666666666"><ele>14.9</ele></trkpt><trkpt lat="-26.97247333333333" lon="-48.63396666666666"><ele>14.9</ele></trkpt><trkpt lat="-26.97247333333333" lon="-48.63396666666666"><ele>14.9</ele></trkpt><trkpt lat="-26.97247333333333" lon="-48.63396666666666"><ele>14.9</ele></trkpt><trkpt lat="-26.97247333333333" lon="-48.63396666666666"><ele>14.9</ele></trkpt><trkpt lat="-26.97247333333333" lon="-48.63396666666666"><ele>14.9</ele></trkpt><trkpt lat="-26.97247333333333" lon="-48.63396666666666"><ele>14.9</ele></trkpt><trkpt lat="-26.97247333333333" lon="-48.63396666666666"><ele>14.9</ele></trkpt><trkpt lat="-26.97245666666667" lon="-48.63394666666667"><ele>14.6</ele></trkpt><trkpt lat="-26.972451666666664" lon="-48.633938333333326"><ele>14.3</ele></trkpt><trkpt lat="-26.97244166666667" lon="-48.633925"><ele>13.8</ele></trkpt><trkpt lat="-26.972426666666667" lon="-48.63391333333334"><ele>12.9</ele></trkpt><trkpt lat="-26.972413333333332" lon="-48.63390166666667"><ele>12.4</ele></trkpt><trkpt lat="-26.972401666666663" lon="-48.633895"><ele>11</ele></trkpt><trkpt lat="-26.972379999999998" lon="-48.633891666666656"><ele>10.2</ele></trkpt><trkpt lat="-26.97237" lon="-48.63388166666667"><ele>9.5</ele></trkpt><trkpt lat="-26.972356666666663" lon="-48.63388"><ele>8.8</ele></trkpt><trkpt lat="-26.972345000000004" lon="-48.63388333333334"><ele>7.9</ele></trkpt><trkpt lat="-26.97234166666666" lon="-48.63388333333334"><ele>7.6</ele></trkpt><trkpt lat="-26.972331666666665" lon="-48.63388333333334"><ele>7.6</ele></trkpt><trkpt lat="-26.972331666666665" lon="-48.63388333333334"><ele>7.6</ele></trkpt><trkpt lat="-26.972325" lon="-48.63388666666666"><ele>7.8</ele></trkpt><trkpt lat="-26.972318333333337" lon="-48.633893333333326"><ele>8.7</ele></trkpt><trkpt lat="-26.972316666666664" lon="-48.63389833333334"><ele>9.4</ele></trkpt><trkpt lat="-26.972325" lon="-48.6339"><ele>9.1</ele></trkpt><trkpt lat="-26.972333333333335" lon="-48.63390166666667"><ele>8.8</ele></trkpt><trkpt lat="-26.972331666666665" lon="-48.633905000000006"><ele>9.1</ele></trkpt><trkpt lat="-26.972333333333335" lon="-48.63390666666666"><ele>9.4</ele></trkpt><trkpt lat="-26.972330000000003" lon="-48.63390833333333"><ele>9.7</ele></trkpt><trkpt lat="-26.972331666666665" lon="-48.63390666666666"><ele>9.8</ele></trkpt><trkpt lat="-26.972331666666665" lon="-48.633903333333336"><ele>10.1</ele></trkpt><trkpt lat="-26.972331666666665" lon="-48.633903333333336"><ele>10.1</ele></trkpt><trkpt lat="-26.972331666666665" lon="-48.633903333333336"><ele>10.1</ele></trkpt><trkpt lat="-26.972331666666665" lon="-48.633903333333336"><ele>10.1</ele></trkpt><trkpt lat="-26.972331666666665" lon="-48.633903333333336"><ele>10.1</ele></trkpt><trkpt lat="-26.972331666666665" lon="-48.633903333333336"><ele>10.1</ele></trkpt><trkpt lat="-26.972331666666665" lon="-48.633903333333336"><ele>10.1</ele></trkpt><trkpt lat="-26.972331666666665" lon="-48.633903333333336"><ele>10.1</ele></trkpt><trkpt lat="-26.972331666666665" lon="-48.633903333333336"><ele>10</ele></trkpt><trkpt lat="-26.972331666666665" lon="-48.633903333333336"><ele>10</ele></trkpt><trkpt lat="-26.972331666666665" lon="-48.633903333333336"><ele>10</ele></trkpt><trkpt lat="-26.972331666666665" lon="-48.633903333333336"><ele>10</ele></trkpt><trkpt lat="-26.972331666666665" lon="-48.633903333333336"><ele>10</ele></trkpt><trkpt lat="-26.972331666666665" lon="-48.633903333333336"><ele>10</ele></trkpt><trkpt lat="-26.972331666666665" lon="-48.633903333333336"><ele>10</ele></trkpt><trkpt lat="-26.972331666666665" lon="-48.633903333333336"><ele>10</ele></trkpt><trkpt lat="-26.972331666666665" lon="-48.633903333333336"><ele>10.1</ele></trkpt><trkpt lat="-26.972331666666665" lon="-48.633903333333336"><ele>10</ele></trkpt><trkpt lat="-26.972331666666665" lon="-48.633903333333336"><ele>10</ele></trkpt><trkpt lat="-26.972331666666665" lon="-48.633903333333336"><ele>10</ele></trkpt><trkpt lat="-26.972331666666665" lon="-48.633903333333336"><ele>10</ele></trkpt><trkpt lat="-26.97237" lon="-48.633860000000006"><ele>9.9</ele></trkpt><trkpt lat="-26.97236666666667" lon="-48.63385166666667"><ele>9.7</ele></trkpt><trkpt lat="-26.972360000000002" lon="-48.63384166666666"><ele>9.6</ele></trkpt><trkpt lat="-26.97235" lon="-48.633828333333334"><ele>9.5</ele></trkpt><trkpt lat="-26.97235" lon="-48.633828333333334"><ele>9.5</ele></trkpt><trkpt lat="-26.972343333333335" lon="-48.633815000000006"><ele>9.6</ele></trkpt><trkpt lat="-26.972333333333335" lon="-48.63381"><ele>9.8</ele></trkpt><trkpt lat="-26.97232" lon="-48.63380166666668"><ele>9.9</ele></trkpt><trkpt lat="-26.972300000000004" lon="-48.63379499999999"><ele>10</ele></trkpt><trkpt lat="-26.972273333333337" lon="-48.63378666666667"><ele>9.8</ele></trkpt><trkpt lat="-26.97225166666666" lon="-48.63377333333333"><ele>9.9</ele></trkpt><trkpt lat="-26.97223" lon="-48.63376166666667"><ele>10.3</ele></trkpt><trkpt lat="-26.972210000000004" lon="-48.633745"><ele>10.2</ele></trkpt><trkpt lat="-26.972191666666664" lon="-48.63373166666667"><ele>9.7</ele></trkpt><trkpt lat="-26.972185" lon="-48.63372833333333"><ele>9.5</ele></trkpt><trkpt lat="-26.97218" lon="-48.63373166666667"><ele>10.1</ele></trkpt><trkpt lat="-26.972176666666662" lon="-48.633734999999994"><ele>10.1</ele></trkpt><trkpt lat="-26.97217333333333" lon="-48.633734999999994"><ele>9.8</ele></trkpt><trkpt lat="-26.972171666666668" lon="-48.63374"><ele>9.5</ele></trkpt><trkpt lat="-26.972175" lon="-48.63374"><ele>9.4</ele></trkpt><trkpt lat="-26.972176666666662" lon="-48.63374"><ele>9.3</ele></trkpt><trkpt lat="-26.972178333333332" lon="-48.63374333333333"><ele>9.4</ele></trkpt><trkpt lat="-26.972178333333332" lon="-48.63374333333333"><ele>9.8</ele></trkpt><trkpt lat="-26.972178333333332" lon="-48.63374333333333"><ele>9.8</ele></trkpt><trkpt lat="-26.972176666666662" lon="-48.633745"><ele>10.1</ele></trkpt><trkpt lat="-26.97217333333333" lon="-48.63374666666667"><ele>10.2</ele></trkpt><trkpt lat="-26.972175" lon="-48.63374833333334"><ele>10.4</ele></trkpt><trkpt lat="-26.97217333333333" lon="-48.63374666666667"><ele>10.4</ele></trkpt><trkpt lat="-26.97217333333333" lon="-48.63374666666667"><ele>10.4</ele></trkpt><trkpt lat="-26.97217333333333" lon="-48.63374666666667"><ele>10.4</ele></trkpt><trkpt lat="-26.97217333333333" lon="-48.63374666666667"><ele>10.4</ele></trkpt><trkpt lat="-26.97217333333333" lon="-48.63374666666667"><ele>10.4</ele></trkpt><trkpt lat="-26.97217333333333" lon="-48.63374666666667"><ele>10.4</ele></trkpt><trkpt lat="-26.97217333333333" lon="-48.63374666666667"><ele>10.4</ele></trkpt><trkpt lat="-26.97217333333333" lon="-48.63374666666667"><ele>10.4</ele></trkpt><trkpt lat="-26.97217333333333" lon="-48.63374666666667"><ele>10.4</ele></trkpt><trkpt lat="-26.97217333333333" lon="-48.63374666666667"><ele>10.4</ele></trkpt><trkpt lat="-26.97217333333333" lon="-48.63374666666667"><ele>10.4</ele></trkpt><trkpt lat="-26.97217333333333" lon="-48.63374666666667"><ele>10.4</ele></trkpt><trkpt lat="-26.97217333333333" lon="-48.63374666666667"><ele>10.4</ele></trkpt><trkpt lat="-26.97217333333333" lon="-48.63374666666667"><ele>10.4</ele></trkpt><trkpt lat="-26.97217333333333" lon="-48.63374666666667"><ele>10.4</ele></trkpt><trkpt lat="-26.97215833333333" lon="-48.63373166666667"><ele>10.7</ele></trkpt><trkpt lat="-26.97215833333333" lon="-48.63373166666667"><ele>10.7</ele></trkpt><trkpt lat="-26.97216" lon="-48.63373"><ele>10.8</ele></trkpt><trkpt lat="-26.97216166666666" lon="-48.63373"><ele>10.6</ele></trkpt><trkpt lat="-26.97216166666666" lon="-48.63373"><ele>10.6</ele></trkpt><trkpt lat="-26.97216166666666" lon="-48.63373"><ele>10.6</ele></trkpt><trkpt lat="-26.97216166666666" lon="-48.63373"><ele>10.6</ele></trkpt><trkpt lat="-26.97216166666666" lon="-48.63373"><ele>10.6</ele></trkpt><trkpt lat="-26.97216166666666" lon="-48.63373"><ele>10.6</ele></trkpt><trkpt lat="-26.97216166666666" lon="-48.63373"><ele>10.6</ele></trkpt><trkpt lat="-26.97214166666667" lon="-48.633725000000005"><ele>9.9</ele></trkpt><trkpt lat="-26.97213" lon="-48.63372"><ele>9.8</ele></trkpt><trkpt lat="-26.972121666666666" lon="-48.63371166666668"><ele>9.7</ele></trkpt><trkpt lat="-26.972108333333335" lon="-48.63369833333333"><ele>9.6</ele></trkpt><trkpt lat="-26.972093333333337" lon="-48.633678333333336"><ele>9.8</ele></trkpt><trkpt lat="-26.972076666666666" lon="-48.63365833333334"><ele>10</ele></trkpt><trkpt lat="-26.97205666666667" lon="-48.633646666666664"><ele>10.2</ele></trkpt><trkpt lat="-26.97205666666667" lon="-48.633646666666664"><ele>10.2</ele></trkpt><trkpt lat="-26.97203833333333" lon="-48.633631666666666"><ele>10.4</ele></trkpt><trkpt lat="-26.972021666666667" lon="-48.633623333333325"><ele>10.8</ele></trkpt><trkpt lat="-26.97201166666667" lon="-48.63361833333333"><ele>11.2</ele></trkpt><trkpt lat="-26.97200833333333" lon="-48.63361666666666"><ele>11.2</ele></trkpt><trkpt lat="-26.97201" lon="-48.63361833333333"><ele>11.1</ele></trkpt><trkpt lat="-26.972013333333333" lon="-48.63362"><ele>10.9</ele></trkpt><trkpt lat="-26.972016666666665" lon="-48.63362"><ele>11.3</ele></trkpt><trkpt lat="-26.972016666666665" lon="-48.63362"><ele>11.3</ele></trkpt><trkpt lat="-26.972018333333335" lon="-48.63362"><ele>11.2</ele></trkpt><trkpt lat="-26.97202333333333" lon="-48.63361833333333"><ele>10.9</ele></trkpt><trkpt lat="-26.97202666666667" lon="-48.63361166666667"><ele>10.6</ele></trkpt><trkpt lat="-26.972015000000003" lon="-48.633599999999994"><ele>10.7</ele></trkpt><trkpt lat="-26.97199833333333" lon="-48.633586666666666"><ele>10.9</ele></trkpt><trkpt lat="-26.971991666666668" lon="-48.633565"><ele>11</ele></trkpt><trkpt lat="-26.97198166666667" lon="-48.63355"><ele>10.7</ele></trkpt><trkpt lat="-26.971976666666666" lon="-48.633543333333336"><ele>10.2</ele></trkpt><trkpt lat="-26.971974999999997" lon="-48.63353833333334"><ele>10.1</ele></trkpt><trkpt lat="-26.97198" lon="-48.633535"><ele>9.8</ele></trkpt><trkpt lat="-26.97198166666667" lon="-48.633535"><ele>9.9</ele></trkpt><trkpt lat="-26.971983333333334" lon="-48.63353166666668"><ele>9.7</ele></trkpt><trkpt lat="-26.971986666666666" lon="-48.63353166666668"><ele>9.5</ele></trkpt><trkpt lat="-26.971985000000004" lon="-48.63353"><ele>9.6</ele></trkpt><trkpt lat="-26.971986666666666" lon="-48.633533333333325"><ele>9.4</ele></trkpt><trkpt lat="-26.971989999999998" lon="-48.63353166666668"><ele>9.2</ele></trkpt><trkpt lat="-26.971989999999998" lon="-48.63353166666668"><ele>9.2</ele></trkpt><trkpt lat="-26.971991666666668" lon="-48.63353"><ele>9</ele></trkpt><trkpt lat="-26.971985000000004" lon="-48.63352666666666"><ele>8.8</ele></trkpt><trkpt lat="-26.971976666666666" lon="-48.63352166666667"><ele>8.4</ele></trkpt><trkpt lat="-26.971970000000002" lon="-48.633515"><ele>8.2</ele></trkpt><trkpt lat="-26.971965" lon="-48.633511666666664"><ele>7.8</ele></trkpt><trkpt lat="-26.97196166666667" lon="-48.63350833333334"><ele>7.7</ele></trkpt><trkpt lat="-26.971958333333337" lon="-48.63350666666667"><ele>7.4</ele></trkpt><trkpt lat="-26.971958333333337" lon="-48.63350833333334"><ele>7.1</ele></trkpt><trkpt lat="-26.971958333333337" lon="-48.63350833333334"><ele>7.1</ele></trkpt><trkpt lat="-26.971958333333337" lon="-48.63350833333334"><ele>7.1</ele></trkpt><trkpt lat="-26.971958333333337" lon="-48.63350833333334"><ele>7.1</ele></trkpt><trkpt lat="-26.971958333333337" lon="-48.63350833333334"><ele>7.1</ele></trkpt><trkpt lat="-26.971958333333337" lon="-48.63350833333334"><ele>7.1</ele></trkpt><trkpt lat="-26.971958333333337" lon="-48.63350833333334"><ele>7.1</ele></trkpt><trkpt lat="-26.971958333333337" lon="-48.63350833333334"><ele>7.1</ele></trkpt><trkpt lat="-26.971958333333337" lon="-48.63350833333334"><ele>7.1</ele></trkpt><trkpt lat="-26.971958333333337" lon="-48.63350833333334"><ele>7.1</ele></trkpt><trkpt lat="-26.971940000000004" lon="-48.633511666666664"><ele>7.6</ele></trkpt><trkpt lat="-26.971940000000004" lon="-48.633494999999996"><ele>7.7</ele></trkpt><trkpt lat="-26.971941666666666" lon="-48.63347333333333"><ele>7.7</ele></trkpt><trkpt lat="-26.971941666666666" lon="-48.63347333333333"><ele>7.7</ele></trkpt><trkpt lat="-26.971938333333334" lon="-48.633451666666666"><ele>7.5</ele></trkpt><trkpt lat="-26.971938333333334" lon="-48.633433333333336"><ele>7.9</ele></trkpt><trkpt lat="-26.97193666666667" lon="-48.63341833333334"><ele>7.7</ele></trkpt><trkpt lat="-26.971935" lon="-48.633411666666674"><ele>7.6</ele></trkpt><trkpt lat="-26.971935" lon="-48.633404999999996"><ele>7.4</ele></trkpt><trkpt lat="-26.971935" lon="-48.63340333333334"><ele>7.2</ele></trkpt><trkpt lat="-26.971940000000004" lon="-48.63340166666667"><ele>7.2</ele></trkpt><trkpt lat="-26.971941666666666" lon="-48.63339666666668"><ele>7.3</ele></trkpt><trkpt lat="-26.971941666666666" lon="-48.633398333333325"><ele>7.4</ele></trkpt><trkpt lat="-26.97193666666667" lon="-48.63340333333334"><ele>7.2</ele></trkpt><trkpt lat="-26.97193333333333" lon="-48.633408333333335"><ele>6.8</ele></trkpt><trkpt lat="-26.971929999999997" lon="-48.633410000000005"><ele>7</ele></trkpt><trkpt lat="-26.971928333333334" lon="-48.633406666666666"><ele>7.2</ele></trkpt><trkpt lat="-26.97191833333333" lon="-48.633410000000005"><ele>7.3</ele></trkpt><trkpt lat="-26.971913333333337" lon="-48.63341666666667"><ele>7.6</ele></trkpt><trkpt lat="-26.971915" lon="-48.633425"><ele>7.9</ele></trkpt><trkpt lat="-26.971915" lon="-48.63343499999999"><ele>7.9</ele></trkpt><trkpt lat="-26.97192" lon="-48.63344166666668"><ele>7.7</ele></trkpt><trkpt lat="-26.971923333333333" lon="-48.63344166666668"><ele>7.6</ele></trkpt><trkpt lat="-26.971926666666665" lon="-48.633443333333325"><ele>7.6</ele></trkpt><trkpt lat="-26.971926666666665" lon="-48.633443333333325"><ele>7.6</ele></trkpt><trkpt lat="-26.971926666666665" lon="-48.633443333333325"><ele>7.6</ele></trkpt><trkpt lat="-26.971926666666665" lon="-48.633443333333325"><ele>7.6</ele></trkpt><trkpt lat="-26.971926666666665" lon="-48.633443333333325"><ele>7.6</ele></trkpt><trkpt lat="-26.971926666666665" lon="-48.633443333333325"><ele>7.6</ele></trkpt><trkpt lat="-26.971926666666665" lon="-48.633443333333325"><ele>7.6</ele></trkpt><trkpt lat="-26.971926666666665" lon="-48.633443333333325"><ele>7.6</ele></trkpt><trkpt lat="-26.971926666666665" lon="-48.633443333333325"><ele>7.6</ele></trkpt><trkpt lat="-26.971926666666665" lon="-48.633443333333325"><ele>7.6</ele></trkpt><trkpt lat="-26.971926666666665" lon="-48.633443333333325"><ele>7.6</ele></trkpt><trkpt lat="-26.971926666666665" lon="-48.633443333333325"><ele>7.6</ele></trkpt><trkpt lat="-26.971926666666665" lon="-48.633443333333325"><ele>7.6</ele></trkpt><trkpt lat="-26.971926666666665" lon="-48.633443333333325"><ele>7.6</ele></trkpt><trkpt lat="-26.971926666666665" lon="-48.633443333333325"><ele>7.6</ele></trkpt><trkpt lat="-26.971926666666665" lon="-48.633443333333325"><ele>7.6</ele></trkpt><trkpt lat="-26.971928333333334" lon="-48.633445"><ele>7.7</ele></trkpt><trkpt lat="-26.971925000000002" lon="-48.63344166666668"><ele>7.8</ele></trkpt><trkpt lat="-26.971923333333333" lon="-48.63344"><ele>8</ele></trkpt><trkpt lat="-26.971926666666665" lon="-48.633443333333325"><ele>7.9</ele></trkpt><trkpt lat="-26.971926666666665" lon="-48.633443333333325"><ele>7.9</ele></trkpt><trkpt lat="-26.971926666666665" lon="-48.633443333333325"><ele>7.9</ele></trkpt><trkpt lat="-26.971926666666665" lon="-48.633443333333325"><ele>7.9</ele></trkpt><trkpt lat="-26.971926666666665" lon="-48.633443333333325"><ele>7.9</ele></trkpt><trkpt lat="-26.971926666666665" lon="-48.633443333333325"><ele>7.9</ele></trkpt><trkpt lat="-26.971926666666665" lon="-48.633443333333325"><ele>7.9</ele></trkpt><trkpt lat="-26.971938333333334" lon="-48.633455000000005"><ele>7.9</ele></trkpt><trkpt lat="-26.971941666666666" lon="-48.633464999999994"><ele>7.7</ele></trkpt><trkpt lat="-26.97194833333333" lon="-48.63348333333333"><ele>7.8</ele></trkpt><trkpt lat="-26.97195166666667" lon="-48.633501666666675"><ele>7.7</ele></trkpt><trkpt lat="-26.97195" lon="-48.63352666666666"><ele>7.3</ele></trkpt><trkpt lat="-26.97195166666667" lon="-48.63355333333334"><ele>7.9</ele></trkpt><trkpt lat="-26.971956666666664" lon="-48.63358166666667"><ele>8.3</ele></trkpt><trkpt lat="-26.97196166666667" lon="-48.63361"><ele>9</ele></trkpt><trkpt lat="-26.971970000000002" lon="-48.633633333333336"><ele>9</ele></trkpt><trkpt lat="-26.971971666666665" lon="-48.63365333333333"><ele>9</ele></trkpt><trkpt lat="-26.97198166666667" lon="-48.633676666666666"><ele>9</ele></trkpt><trkpt lat="-26.971986666666666" lon="-48.63370333333334"><ele>9.1</ele></trkpt><trkpt lat="-26.97197833333333" lon="-48.63371166666668"><ele>9.3</ele></trkpt><trkpt lat="-26.971970000000002" lon="-48.63370833333333"><ele>9.3</ele></trkpt><trkpt lat="-26.97196166666667" lon="-48.63369333333333"><ele>9.5</ele></trkpt><trkpt lat="-26.971946666666668" lon="-48.63367166666667"><ele>9.9</ele></trkpt><trkpt lat="-26.971935" lon="-48.63364166666667"><ele>10.4</ele></trkpt><trkpt lat="-26.971925000000002" lon="-48.63361"><ele>10.8</ele></trkpt><trkpt lat="-26.97192166666667" lon="-48.63356999999999"><ele>11.1</ele></trkpt><trkpt lat="-26.971923333333333" lon="-48.63353"><ele>11.2</ele></trkpt><trkpt lat="-26.971923333333333" lon="-48.63353"><ele>11.2</ele></trkpt><trkpt lat="-26.971928333333334" lon="-48.633494999999996"><ele>11.4</ele></trkpt><trkpt lat="-26.971931666666666" lon="-48.633464999999994"><ele>11.3</ele></trkpt><trkpt lat="-26.971925000000002" lon="-48.63343499999999"><ele>11.5</ele></trkpt><trkpt lat="-26.971926666666665" lon="-48.63341833333334"><ele>11.7</ele></trkpt><trkpt lat="-26.971928333333334" lon="-48.633410000000005"><ele>11.6</ele></trkpt><trkpt lat="-26.971931666666666" lon="-48.633408333333335"><ele>12.2</ele></trkpt><trkpt lat="-26.971931666666666" lon="-48.633410000000005"><ele>12.4</ele></trkpt><trkpt lat="-26.97193333333333" lon="-48.633406666666666"><ele>12.6</ele></trkpt><trkpt lat="-26.97193333333333" lon="-48.633406666666666"><ele>12.6</ele></trkpt><trkpt lat="-26.971935" lon="-48.633398333333325"><ele>12.6</ele></trkpt><trkpt lat="-26.971935" lon="-48.633388333333336"><ele>11.9</ele></trkpt><trkpt lat="-26.971935" lon="-48.63337666666666"><ele>12.1</ele></trkpt><trkpt lat="-26.971923333333333" lon="-48.633359999999996"><ele>11.7</ele></trkpt><trkpt lat="-26.971915" lon="-48.63333833333333"><ele>11.8</ele></trkpt><trkpt lat="-26.97190666666667" lon="-48.633314999999996"><ele>11.6</ele></trkpt><trkpt lat="-26.97189" lon="-48.63330666666668"><ele>11</ele></trkpt><trkpt lat="-26.97187" lon="-48.63330166666666"><ele>10.2</ele></trkpt><trkpt lat="-26.971850000000003" lon="-48.63328833333333"><ele>9.5</ele></trkpt><trkpt lat="-26.97183166666667" lon="-48.633276666666674"><ele>9.1</ele></trkpt><trkpt lat="-26.97181333333333" lon="-48.63325666666666"><ele>8.5</ele></trkpt><trkpt lat="-26.97179833333333" lon="-48.63323333333333"><ele>8.3</ele></trkpt><trkpt lat="-26.97178666666667" lon="-48.63320999999999"><ele>7.6</ele></trkpt><trkpt lat="-26.971776666666663" lon="-48.633185000000005"><ele>6.5</ele></trkpt><trkpt lat="-26.971764999999998" lon="-48.63315333333333"><ele>6.1</ele></trkpt><trkpt lat="-26.97175333333333" lon="-48.63312166666666"><ele>5.3</ele></trkpt><trkpt lat="-26.971746666666665" lon="-48.633089999999996"><ele>4.9</ele></trkpt><trkpt lat="-26.97174" lon="-48.633065"><ele>4</ele></trkpt><trkpt lat="-26.97172833333333" lon="-48.633038333333324"><ele>3.9</ele></trkpt><trkpt lat="-26.971716666666666" lon="-48.633005000000004"><ele>4.1</ele></trkpt><trkpt lat="-26.971703333333334" lon="-48.632979999999996"><ele>4.5</ele></trkpt><trkpt lat="-26.97169" lon="-48.632956666666665"><ele>4.5</ele></trkpt><trkpt lat="-26.97168166666667" lon="-48.63293999999999"><ele>4</ele></trkpt><trkpt lat="-26.971670000000003" lon="-48.632936666666666"><ele>2.8</ele></trkpt><trkpt lat="-26.97166333333333" lon="-48.632936666666666"><ele>3.1</ele></trkpt><trkpt lat="-26.971659999999996" lon="-48.63293999999999"><ele>3.3</ele></trkpt><trkpt lat="-26.971656666666664" lon="-48.632936666666666"><ele>3.6</ele></trkpt><trkpt lat="-26.971655000000002" lon="-48.632934999999996"><ele>4.3</ele></trkpt><trkpt lat="-26.971655000000002" lon="-48.632934999999996"><ele>4.3</ele></trkpt><trkpt lat="-26.97165166666667" lon="-48.63293333333333"><ele>4.6</ele></trkpt><trkpt lat="-26.97165166666667" lon="-48.63293"><ele>5.1</ele></trkpt><trkpt lat="-26.97165166666667" lon="-48.63293166666667"><ele>5.4</ele></trkpt><trkpt lat="-26.97165" lon="-48.63293"><ele>5.6</ele></trkpt><trkpt lat="-26.97165166666667" lon="-48.63292666666666"><ele>6.1</ele></trkpt><trkpt lat="-26.97165166666667" lon="-48.63292666666666"><ele>6.4</ele></trkpt><trkpt lat="-26.97165166666667" lon="-48.63292666666666"><ele>6.4</ele></trkpt><trkpt lat="-26.97165166666667" lon="-48.63292666666666"><ele>6.4</ele></trkpt><trkpt lat="-26.97165166666667" lon="-48.63292666666666"><ele>6.4</ele></trkpt><trkpt lat="-26.97165166666667" lon="-48.63292666666666"><ele>6.4</ele></trkpt><trkpt lat="-26.971645" lon="-48.632911666666665"><ele>7.4</ele></trkpt><trkpt lat="-26.97163833333333" lon="-48.632903333333324"><ele>7.5</ele></trkpt><trkpt lat="-26.97163333333333" lon="-48.63288833333333"><ele>8.1</ele></trkpt><trkpt lat="-26.971628333333335" lon="-48.632868333333334"><ele>8.4</ele></trkpt><trkpt lat="-26.971614999999996" lon="-48.632846666666666"><ele>8.2</ele></trkpt><trkpt lat="-26.9716" lon="-48.632821666666665"><ele>7.8</ele></trkpt><trkpt lat="-26.971583333333335" lon="-48.63279833333333"><ele>7.4</ele></trkpt><trkpt lat="-26.971568333333334" lon="-48.63277500000001"><ele>7.1</ele></trkpt><trkpt lat="-26.971556666666668" lon="-48.63274833333333"><ele>7.8</ele></trkpt><trkpt lat="-26.971539999999997" lon="-48.632721666666676"><ele>8.6</ele></trkpt><trkpt lat="-26.971526666666666" lon="-48.63269666666667"><ele>8.5</ele></trkpt><trkpt lat="-26.971515" lon="-48.63267166666666"><ele>9.1</ele></trkpt><trkpt lat="-26.971505" lon="-48.632645000000004"><ele>9.7</ele></trkpt><trkpt lat="-26.971493333333335" lon="-48.632625000000004"><ele>9.7</ele></trkpt><trkpt lat="-26.971479999999996" lon="-48.63261166666666"><ele>9.5</ele></trkpt><trkpt lat="-26.971461666666663" lon="-48.63259333333334"><ele>8.2</ele></trkpt><trkpt lat="-26.971448333333335" lon="-48.632576666666665"><ele>8.5</ele></trkpt><trkpt lat="-26.971433333333334" lon="-48.63256500000001"><ele>8.7</ele></trkpt><trkpt lat="-26.97143" lon="-48.632555"><ele>8.4</ele></trkpt><trkpt lat="-26.971428333333332" lon="-48.63255000000001"><ele>8.5</ele></trkpt><trkpt lat="-26.971431666666664" lon="-48.632545"><ele>8.5</ele></trkpt><trkpt lat="-26.97143" lon="-48.63254"><ele>8.3</ele></trkpt><trkpt lat="-26.971428333333332" lon="-48.63254"><ele>8.1</ele></trkpt><trkpt lat="-26.971423333333338" lon="-48.632545"><ele>7.8</ele></trkpt><trkpt lat="-26.971425" lon="-48.63254833333334"><ele>7.7</ele></trkpt><trkpt lat="-26.971425" lon="-48.63254833333334"><ele>7.8</ele></trkpt><trkpt lat="-26.971423333333338" lon="-48.63255666666667"><ele>7.8</ele></trkpt><trkpt lat="-26.97142" lon="-48.63256"><ele>7.7</ele></trkpt><trkpt lat="-26.971416666666663" lon="-48.63256166666667"><ele>7.8</ele></trkpt><trkpt lat="-26.971416666666663" lon="-48.63256166666667"><ele>7.8</ele></trkpt><trkpt lat="-26.971416666666663" lon="-48.63256166666667"><ele>7.8</ele></trkpt><trkpt lat="-26.971416666666663" lon="-48.63256166666667"><ele>7.8</ele></trkpt><trkpt lat="-26.971416666666663" lon="-48.63256166666667"><ele>7.8</ele></trkpt><trkpt lat="-26.971416666666663" lon="-48.63256166666667"><ele>7.8</ele></trkpt><trkpt lat="-26.971416666666663" lon="-48.63256166666667"><ele>7.8</ele></trkpt><trkpt lat="-26.971416666666663" lon="-48.63256166666667"><ele>7.8</ele></trkpt><trkpt lat="-26.971416666666663" lon="-48.63256166666667"><ele>7.8</ele></trkpt><trkpt lat="-26.971416666666663" lon="-48.63256166666667"><ele>7.8</ele></trkpt><trkpt lat="-26.971416666666663" lon="-48.63256166666667"><ele>7.8</ele></trkpt><trkpt lat="-26.971416666666663" lon="-48.63256166666667"><ele>7.8</ele></trkpt><trkpt lat="-26.971416666666663" lon="-48.63256166666667"><ele>7.8</ele></trkpt><trkpt lat="-26.971416666666663" lon="-48.63256166666667"><ele>7.8</ele></trkpt><trkpt lat="-26.971416666666663" lon="-48.63256166666667"><ele>7.8</ele></trkpt><trkpt lat="-26.971416666666663" lon="-48.63256166666667"><ele>7.8</ele></trkpt><trkpt lat="-26.971416666666663" lon="-48.63256166666667"><ele>7.8</ele></trkpt><trkpt lat="-26.971438333333335" lon="-48.63251666666667"><ele>8.8</ele></trkpt><trkpt lat="-26.971434999999996" lon="-48.6325"><ele>8.6</ele></trkpt><trkpt lat="-26.971431666666664" lon="-48.63247666666666"><ele>8.2</ele></trkpt><trkpt lat="-26.971418333333336" lon="-48.632451666666675"><ele>7.9</ele></trkpt><trkpt lat="-26.971404999999997" lon="-48.63243000000001"><ele>7.1</ele></trkpt><trkpt lat="-26.971400000000003" lon="-48.632405"><ele>6.7</ele></trkpt><trkpt lat="-26.971393333333335" lon="-48.632371666666664"><ele>6.7</ele></trkpt><trkpt lat="-26.971383333333332" lon="-48.63234333333333"><ele>7.3</ele></trkpt><trkpt lat="-26.971373333333336" lon="-48.632310000000004"><ele>8.4</ele></trkpt><trkpt lat="-26.971363333333336" lon="-48.63227833333334"><ele>9.5</ele></trkpt><trkpt lat="-26.971353333333333" lon="-48.63225666666667"><ele>9.8</ele></trkpt><trkpt lat="-26.971346666666665" lon="-48.63222166666666"><ele>10.4</ele></trkpt><trkpt lat="-26.971328333333336" lon="-48.63220333333334"><ele>10.5</ele></trkpt><trkpt lat="-26.971328333333336" lon="-48.63220333333334"><ele>10.5</ele></trkpt><trkpt lat="-26.971310000000003" lon="-48.632181666666675"><ele>11</ele></trkpt><trkpt lat="-26.971293333333332" lon="-48.63215833333334"><ele>10.9</ele></trkpt><trkpt lat="-26.971273333333336" lon="-48.63214"><ele>11.2</ele></trkpt><trkpt lat="-26.971259999999997" lon="-48.632130000000004"><ele>11.1</ele></trkpt><trkpt lat="-26.97124833333333" lon="-48.63211"><ele>11.3</ele></trkpt><trkpt lat="-26.971235" lon="-48.63208833333333"><ele>12.1</ele></trkpt><trkpt lat="-26.971220000000002" lon="-48.632075"><ele>12</ele></trkpt><trkpt lat="-26.971205" lon="-48.63206166666667"><ele>11.9</ele></trkpt><trkpt lat="-26.971193333333336" lon="-48.632045"><ele>11.9</ele></trkpt><trkpt lat="-26.971179999999997" lon="-48.63202833333333"><ele>11.6</ele></trkpt><trkpt lat="-26.971166666666665" lon="-48.63201000000001"><ele>11.4</ele></trkpt><trkpt lat="-26.971166666666665" lon="-48.63201000000001"><ele>11.4</ele></trkpt><trkpt lat="-26.971155" lon="-48.63199666666666"><ele>11</ele></trkpt><trkpt lat="-26.971141666666668" lon="-48.631980000000006"><ele>10.8</ele></trkpt><trkpt lat="-26.97112666666667" lon="-48.63196166666667"><ele>10.7</ele></trkpt><trkpt lat="-26.971118333333333" lon="-48.631943333333325"><ele>11.2</ele></trkpt><trkpt lat="-26.971115" lon="-48.631925"><ele>11.4</ele></trkpt><trkpt lat="-26.971118333333333" lon="-48.631901666666664"><ele>11.9</ele></trkpt><trkpt lat="-26.971123333333335" lon="-48.631890000000006"><ele>11.8</ele></trkpt><trkpt lat="-26.971133333333334" lon="-48.63188333333333"><ele>12.1</ele></trkpt><trkpt lat="-26.971145" lon="-48.631888333333336"><ele>12.4</ele></trkpt><trkpt lat="-26.971155" lon="-48.631895"><ele>12.6</ele></trkpt><trkpt lat="-26.971164999999996" lon="-48.631905"><ele>12.8</ele></trkpt><trkpt lat="-26.971169999999997" lon="-48.63192166666666"><ele>13.3</ele></trkpt><trkpt lat="-26.971179999999997" lon="-48.63194"><ele>13.3</ele></trkpt><trkpt lat="-26.971179999999997" lon="-48.63196166666667"><ele>13.9</ele></trkpt><trkpt lat="-26.97117166666667" lon="-48.63197666666667"><ele>13.9</ele></trkpt><trkpt lat="-26.971153333333337" lon="-48.63197333333333"><ele>13.5</ele></trkpt><trkpt lat="-26.971136666666666" lon="-48.63196500000001"><ele>13.2</ele></trkpt><trkpt lat="-26.971118333333333" lon="-48.63196333333334"><ele>13.7</ele></trkpt><trkpt lat="-26.97111333333333" lon="-48.63197"><ele>13.9</ele></trkpt><trkpt lat="-26.971121666666665" lon="-48.631985"><ele>13.2</ele></trkpt><trkpt lat="-26.971138333333336" lon="-48.63200666666667"><ele>12.8</ele></trkpt><trkpt lat="-26.971148333333336" lon="-48.63202666666666"><ele>12.2</ele></trkpt><trkpt lat="-26.97116" lon="-48.632045"><ele>11.8</ele></trkpt><trkpt lat="-26.971178333333334" lon="-48.63206666666667"><ele>11.7</ele></trkpt><trkpt lat="-26.971198333333337" lon="-48.632083333333334"><ele>11.8</ele></trkpt><trkpt lat="-26.971213333333335" lon="-48.632101666666664"><ele>12.1</ele></trkpt><trkpt lat="-26.97123" lon="-48.63212"><ele>11.8</ele></trkpt><trkpt lat="-26.971251666666664" lon="-48.63214"><ele>11.1</ele></trkpt><trkpt lat="-26.971263333333333" lon="-48.632171666666665"><ele>11.4</ele></trkpt><trkpt lat="-26.971281666666663" lon="-48.63219833333333"><ele>11.5</ele></trkpt><trkpt lat="-26.971298333333333" lon="-48.632220000000004"><ele>11.8</ele></trkpt><trkpt lat="-26.971308333333333" lon="-48.632245"><ele>12.2</ele></trkpt><trkpt lat="-26.971316666666667" lon="-48.632259999999995"><ele>12.2</ele></trkpt><trkpt lat="-26.971318333333336" lon="-48.63228000000001"><ele>12.5</ele></trkpt><trkpt lat="-26.971321666666668" lon="-48.632303333333326"><ele>12.9</ele></trkpt><trkpt lat="-26.971325" lon="-48.63232333333334"><ele>13.3</ele></trkpt><trkpt lat="-26.971335" lon="-48.63233666666667"><ele>13.3</ele></trkpt><trkpt lat="-26.971344999999996" lon="-48.63233166666667"><ele>13.4</ele></trkpt><trkpt lat="-26.97135166666667" lon="-48.63232333333334"><ele>13.4</ele></trkpt><trkpt lat="-26.971358333333335" lon="-48.63231833333332"><ele>13.2</ele></trkpt><trkpt lat="-26.971361666666667" lon="-48.63232"><ele>13.3</ele></trkpt><trkpt lat="-26.971359999999997" lon="-48.63232"><ele>13.2</ele></trkpt><trkpt lat="-26.971365" lon="-48.63232"><ele>13.9</ele></trkpt><trkpt lat="-26.971361666666667" lon="-48.63231833333332"><ele>13.9</ele></trkpt><trkpt lat="-26.971355000000003" lon="-48.632308333333334"><ele>13.8</ele></trkpt><trkpt lat="-26.971355000000003" lon="-48.63230166666667"><ele>13.7</ele></trkpt><trkpt lat="-26.97135166666667" lon="-48.63230166666667"><ele>13.8</ele></trkpt><trkpt lat="-26.971348333333335" lon="-48.63229833333333"><ele>14.1</ele></trkpt><trkpt lat="-26.971348333333335" lon="-48.63229833333333"><ele>14.1</ele></trkpt><trkpt lat="-26.971348333333335" lon="-48.63229833333333"><ele>14.1</ele></trkpt><trkpt lat="-26.971348333333335" lon="-48.63229833333333"><ele>14.1</ele></trkpt><trkpt lat="-26.971348333333335" lon="-48.63229833333333"><ele>14.1</ele></trkpt><trkpt lat="-26.971348333333335" lon="-48.63229833333333"><ele>14.1</ele></trkpt><trkpt lat="-26.971348333333335" lon="-48.63229833333333"><ele>14.1</ele></trkpt><trkpt lat="-26.971348333333335" lon="-48.63229833333333"><ele>14.1</ele></trkpt><trkpt lat="-26.971348333333335" lon="-48.63229833333333"><ele>14.1</ele></trkpt><trkpt lat="-26.971348333333335" lon="-48.63229833333333"><ele>14.1</ele></trkpt><trkpt lat="-26.971348333333335" lon="-48.63229833333333"><ele>14.1</ele></trkpt><trkpt lat="-26.971348333333335" lon="-48.63229833333333"><ele>14.1</ele></trkpt><trkpt lat="-26.971348333333335" lon="-48.63229833333333"><ele>14.1</ele></trkpt><trkpt lat="-26.971348333333335" lon="-48.63229833333333"><ele>14.1</ele></trkpt><trkpt lat="-26.971348333333335" lon="-48.63229833333333"><ele>14.1</ele></trkpt><trkpt lat="-26.971348333333335" lon="-48.63229833333333"><ele>14.1</ele></trkpt><trkpt lat="-26.971348333333335" lon="-48.63229833333333"><ele>14.1</ele></trkpt><trkpt lat="-26.971348333333335" lon="-48.63229833333333"><ele>14.1</ele></trkpt><trkpt lat="-26.971348333333335" lon="-48.63229833333333"><ele>14.1</ele></trkpt><trkpt lat="-26.971348333333335" lon="-48.63229833333333"><ele>14.1</ele></trkpt><trkpt lat="-26.971348333333335" lon="-48.63229833333333"><ele>14.1</ele></trkpt><trkpt lat="-26.971348333333335" lon="-48.63229833333333"><ele>14.1</ele></trkpt><trkpt lat="-26.971348333333335" lon="-48.63229833333333"><ele>14.1</ele></trkpt><trkpt lat="-26.971404999999997" lon="-48.632258333333326"><ele>14.2</ele></trkpt><trkpt lat="-26.97139666666667" lon="-48.632245"><ele>14.1</ele></trkpt><trkpt lat="-26.971393333333335" lon="-48.632225"><ele>14.2</ele></trkpt><trkpt lat="-26.971388333333334" lon="-48.63220166666667"><ele>14.4</ele></trkpt><trkpt lat="-26.971373333333336" lon="-48.632185"><ele>14.5</ele></trkpt><trkpt lat="-26.971348333333335" lon="-48.632171666666665"><ele>14.3</ele></trkpt><trkpt lat="-26.97132333333333" lon="-48.632146666666664"><ele>14.1</ele></trkpt><trkpt lat="-26.971296666666664" lon="-48.63213166666666"><ele>13.7</ele></trkpt><trkpt lat="-26.971269999999997" lon="-48.63211166666667"><ele>13.4</ele></trkpt><trkpt lat="-26.971241666666668" lon="-48.63209333333332"><ele>12.9</ele></trkpt><trkpt lat="-26.97121666666667" lon="-48.632078333333325"><ele>12.4</ele></trkpt><trkpt lat="-26.971191666666662" lon="-48.63206"><ele>12.2</ele></trkpt><trkpt lat="-26.971164999999996" lon="-48.63204"><ele>12.2</ele></trkpt><trkpt lat="-26.971136666666666" lon="-48.63201666666667"><ele>12.1</ele></trkpt><trkpt lat="-26.971116666666664" lon="-48.631991666666664"><ele>11.6</ele></trkpt><trkpt lat="-26.97109833333333" lon="-48.63196833333333"><ele>11.1</ele></trkpt><trkpt lat="-26.971090000000004" lon="-48.631946666666664"><ele>10.5</ele></trkpt><trkpt lat="-26.971086666666665" lon="-48.63192333333333"><ele>8.9</ele></trkpt><trkpt lat="-26.971086666666665" lon="-48.631905"><ele>8.5</ele></trkpt><trkpt lat="-26.971083333333333" lon="-48.63189666666667"><ele>8.1</ele></trkpt><trkpt lat="-26.97108166666667" lon="-48.63189333333333"><ele>8</ele></trkpt><trkpt lat="-26.971079999999997" lon="-48.63189166666666"><ele>8.1</ele></trkpt><trkpt lat="-26.97108166666667" lon="-48.63189166666666"><ele>8.3</ele></trkpt><trkpt lat="-26.97108166666667" lon="-48.631895"><ele>8.5</ele></trkpt><trkpt lat="-26.971083333333333" lon="-48.631890000000006"><ele>9.4</ele></trkpt><trkpt lat="-26.971085000000002" lon="-48.631885"><ele>9.8</ele></trkpt><trkpt lat="-26.971088333333334" lon="-48.63188166666667"><ele>10.2</ele></trkpt><trkpt lat="-26.971090000000004" lon="-48.63187500000001"><ele>10.5</ele></trkpt><trkpt lat="-26.971091666666666" lon="-48.63187166666667"><ele>11.1</ele></trkpt><trkpt lat="-26.971093333333336" lon="-48.631865"><ele>11.5</ele></trkpt><trkpt lat="-26.971093333333336" lon="-48.631865"><ele>11.5</ele></trkpt><trkpt lat="-26.971093333333336" lon="-48.631865"><ele>11.5</ele></trkpt><trkpt lat="-26.971093333333336" lon="-48.631865"><ele>11.5</ele></trkpt><trkpt lat="-26.971093333333336" lon="-48.631865"><ele>11.5</ele></trkpt><trkpt lat="-26.971093333333336" lon="-48.631865"><ele>11.5</ele></trkpt><trkpt lat="-26.971093333333336" lon="-48.631865"><ele>11.5</ele></trkpt><trkpt lat="-26.971093333333336" lon="-48.631865"><ele>11.5</ele></trkpt><trkpt lat="-26.971093333333336" lon="-48.631865"><ele>11.5</ele></trkpt><trkpt lat="-26.971093333333336" lon="-48.631865"><ele>11.5</ele></trkpt><trkpt lat="-26.971093333333336" lon="-48.631865"><ele>11.5</ele></trkpt><trkpt lat="-26.971093333333336" lon="-48.631865"><ele>11.5</ele></trkpt><trkpt lat="-26.971093333333336" lon="-48.631865"><ele>11.5</ele></trkpt><trkpt lat="-26.971093333333336" lon="-48.631865"><ele>11.5</ele></trkpt><trkpt lat="-26.971093333333336" lon="-48.631865"><ele>11.5</ele></trkpt><trkpt lat="-26.971093333333336" lon="-48.631865"><ele>11.5</ele></trkpt><trkpt lat="-26.971093333333336" lon="-48.631865"><ele>11.5</ele></trkpt><trkpt lat="-26.971093333333336" lon="-48.631865"><ele>11.5</ele></trkpt><trkpt lat="-26.971093333333336" lon="-48.631865"><ele>11.5</ele></trkpt><trkpt lat="-26.971093333333336" lon="-48.631865"><ele>11.5</ele></trkpt><trkpt lat="-26.971093333333336" lon="-48.631865"><ele>11.5</ele></trkpt><trkpt lat="-26.971093333333336" lon="-48.631865"><ele>11.5</ele></trkpt><trkpt lat="-26.971093333333336" lon="-48.631865"><ele>11.5</ele></trkpt><trkpt lat="-26.971093333333336" lon="-48.631865"><ele>11.5</ele></trkpt><trkpt lat="-26.971093333333336" lon="-48.631865"><ele>11.5</ele></trkpt><trkpt lat="-26.971093333333336" lon="-48.631865"><ele>11.5</ele></trkpt><trkpt lat="-26.971093333333336" lon="-48.631865"><ele>11.5</ele></trkpt><trkpt lat="-26.971093333333336" lon="-48.631865"><ele>11.5</ele></trkpt><trkpt lat="-26.971093333333336" lon="-48.631865"><ele>11.5</ele></trkpt><trkpt lat="-26.971093333333336" lon="-48.631865"><ele>11.5</ele></trkpt><trkpt lat="-26.971093333333336" lon="-48.631865"><ele>11.5</ele></trkpt><trkpt lat="-26.971093333333336" lon="-48.631865"><ele>11.5</ele></trkpt><trkpt lat="-26.971093333333336" lon="-48.631865"><ele>11.5</ele></trkpt><trkpt lat="-26.97109833333333" lon="-48.63189166666666"><ele>12</ele></trkpt><trkpt lat="-26.9711" lon="-48.63189166666666"><ele>12.3</ele></trkpt><trkpt lat="-26.971096666666668" lon="-48.631888333333336"><ele>12.7</ele></trkpt><trkpt lat="-26.9711" lon="-48.63188"><ele>12.9</ele></trkpt><trkpt lat="-26.9711" lon="-48.63188"><ele>12.9</ele></trkpt><trkpt lat="-26.9711" lon="-48.63188"><ele>12.9</ele></trkpt><trkpt lat="-26.97109833333333" lon="-48.631858333333334"><ele>13.5</ele></trkpt><trkpt lat="-26.971091666666666" lon="-48.631858333333334"><ele>13.4</ele></trkpt><trkpt lat="-26.97108166666667" lon="-48.63186166666666"><ele>13.1</ele></trkpt><trkpt lat="-26.971075000000003" lon="-48.63186"><ele>13.2</ele></trkpt><trkpt lat="-26.971075000000003" lon="-48.631854999999995"><ele>13.6</ele></trkpt><trkpt lat="-26.971073333333333" lon="-48.631854999999995"><ele>14.1</ele></trkpt><trkpt lat="-26.97106833333333" lon="-48.63186"><ele>14.3</ele></trkpt><trkpt lat="-26.97106666666667" lon="-48.63186833333332"><ele>14.5</ele></trkpt><trkpt lat="-26.971061666666667" lon="-48.63187333333334"><ele>14.7</ele></trkpt><trkpt lat="-26.971058333333335" lon="-48.63188"><ele>15.3</ele></trkpt><trkpt lat="-26.971055" lon="-48.631888333333336"><ele>15.7</ele></trkpt><trkpt lat="-26.971049999999998" lon="-48.631898333333325"><ele>15.9</ele></trkpt><trkpt lat="-26.971048333333336" lon="-48.631901666666664"><ele>15.8</ele></trkpt><trkpt lat="-26.971045000000004" lon="-48.63190833333333"><ele>15.9</ele></trkpt><trkpt lat="-26.971045000000004" lon="-48.63190833333333"><ele>15.9</ele></trkpt><trkpt lat="-26.971045000000004" lon="-48.63190833333333"><ele>15.9</ele></trkpt><trkpt lat="-26.971045000000004" lon="-48.63190833333333"><ele>15.9</ele></trkpt><trkpt lat="-26.971045000000004" lon="-48.63190833333333"><ele>15.9</ele></trkpt><trkpt lat="-26.971045000000004" lon="-48.63190833333333"><ele>15.9</ele></trkpt><trkpt lat="-26.971045000000004" lon="-48.63190833333333"><ele>15.9</ele></trkpt><trkpt lat="-26.971045000000004" lon="-48.63190833333333"><ele>15.9</ele></trkpt><trkpt lat="-26.971045000000004" lon="-48.63190833333333"><ele>15.9</ele></trkpt><trkpt lat="-26.971045000000004" lon="-48.63190833333333"><ele>15.9</ele></trkpt><trkpt lat="-26.971045000000004" lon="-48.63190833333333"><ele>15.9</ele></trkpt><trkpt lat="-26.971045000000004" lon="-48.63190833333333"><ele>15.9</ele></trkpt><trkpt lat="-26.971045000000004" lon="-48.63190833333333"><ele>15.9</ele></trkpt><trkpt lat="-26.971045000000004" lon="-48.63190833333333"><ele>15.9</ele></trkpt><trkpt lat="-26.971045000000004" lon="-48.63190833333333"><ele>15.9</ele></trkpt><trkpt lat="-26.971045000000004" lon="-48.63190833333333"><ele>15.9</ele></trkpt><trkpt lat="-26.971045000000004" lon="-48.63190833333333"><ele>15.9</ele></trkpt><trkpt lat="-26.971045000000004" lon="-48.63190833333333"><ele>15.9</ele></trkpt><trkpt lat="-26.971045000000004" lon="-48.63190833333333"><ele>15.9</ele></trkpt><trkpt lat="-26.971045000000004" lon="-48.63190833333333"><ele>15.9</ele></trkpt><trkpt lat="-26.971045000000004" lon="-48.63190833333333"><ele>15.9</ele></trkpt><trkpt lat="-26.971045000000004" lon="-48.63190833333333"><ele>15.9</ele></trkpt><trkpt lat="-26.971045000000004" lon="-48.63190833333333"><ele>15.9</ele></trkpt><trkpt lat="-26.971045000000004" lon="-48.63190833333333"><ele>15.9</ele></trkpt><trkpt lat="-26.971045000000004" lon="-48.63190833333333"><ele>15.9</ele></trkpt><trkpt lat="-26.971045000000004" lon="-48.63190833333333"><ele>15.9</ele></trkpt><trkpt lat="-26.971045000000004" lon="-48.63190833333333"><ele>15.9</ele></trkpt><trkpt lat="-26.971045000000004" lon="-48.63190833333333"><ele>15.9</ele></trkpt><trkpt lat="-26.971045000000004" lon="-48.63190833333333"><ele>15.9</ele></trkpt><trkpt lat="-26.971045000000004" lon="-48.63190833333333"><ele>15.9</ele></trkpt><trkpt lat="-26.971045000000004" lon="-48.63190833333333"><ele>15.9</ele></trkpt><trkpt lat="-26.971045000000004" lon="-48.63190833333333"><ele>15.9</ele></trkpt><trkpt lat="-26.971045000000004" lon="-48.63190833333333"><ele>15.9</ele></trkpt><trkpt lat="-26.971045000000004" lon="-48.63190833333333"><ele>15.9</ele></trkpt><trkpt lat="-26.971045000000004" lon="-48.63190833333333"><ele>15.9</ele></trkpt><trkpt lat="-26.971045000000004" lon="-48.63190833333333"><ele>15.9</ele></trkpt><trkpt lat="-26.971045000000004" lon="-48.63190833333333"><ele>15.9</ele></trkpt><trkpt lat="-26.971045000000004" lon="-48.63190833333333"><ele>15.9</ele></trkpt><trkpt lat="-26.971045000000004" lon="-48.63190833333333"><ele>15.9</ele></trkpt><trkpt lat="-26.971045000000004" lon="-48.63190833333333"><ele>15.9</ele></trkpt><trkpt lat="-26.971045000000004" lon="-48.63190833333333"><ele>15.9</ele></trkpt><trkpt lat="-26.971045000000004" lon="-48.63190833333333"><ele>15.9</ele></trkpt><trkpt lat="-26.971045000000004" lon="-48.63190833333333"><ele>15.9</ele></trkpt><trkpt lat="-26.971045000000004" lon="-48.63190833333333"><ele>15.9</ele></trkpt><trkpt lat="-26.971045000000004" lon="-48.63190833333333"><ele>15.9</ele></trkpt><trkpt lat="-26.971045000000004" lon="-48.63190833333333"><ele>15.9</ele></trkpt><trkpt lat="-26.971045000000004" lon="-48.63190833333333"><ele>15.9</ele></trkpt><trkpt lat="-26.971045000000004" lon="-48.63190833333333"><ele>15.9</ele></trkpt><trkpt lat="-26.971045000000004" lon="-48.63190833333333"><ele>15.9</ele></trkpt><trkpt lat="-26.971045000000004" lon="-48.63190833333333"><ele>15.9</ele></trkpt><trkpt lat="-26.971045000000004" lon="-48.63190833333333"><ele>15.9</ele></trkpt><trkpt lat="-26.971045000000004" lon="-48.63190833333333"><ele>15.9</ele></trkpt><trkpt lat="-26.971045000000004" lon="-48.63190833333333"><ele>15.9</ele></trkpt><trkpt lat="-26.971045000000004" lon="-48.63190833333333"><ele>15.9</ele></trkpt><trkpt lat="-26.971045000000004" lon="-48.63190833333333"><ele>15.9</ele></trkpt><trkpt lat="-26.971045000000004" lon="-48.63190833333333"><ele>15.9</ele></trkpt><trkpt lat="-26.971045000000004" lon="-48.63190833333333"><ele>15.9</ele></trkpt><trkpt lat="-26.971045000000004" lon="-48.63190833333333"><ele>15.9</ele></trkpt><trkpt lat="-26.971045000000004" lon="-48.63190833333333"><ele>15.9</ele></trkpt><trkpt lat="-26.971045000000004" lon="-48.63190833333333"><ele>15.9</ele></trkpt><trkpt lat="-26.971045000000004" lon="-48.63190833333333"><ele>15.9</ele></trkpt><trkpt lat="-26.971045000000004" lon="-48.63190833333333"><ele>15.9</ele></trkpt><trkpt lat="-26.971045000000004" lon="-48.63190833333333"><ele>15.9</ele></trkpt><trkpt lat="-26.971045000000004" lon="-48.63190833333333"><ele>15.9</ele></trkpt><trkpt lat="-26.971045000000004" lon="-48.63190833333333"><ele>15.9</ele></trkpt><trkpt lat="-26.971045000000004" lon="-48.63190833333333"><ele>15.9</ele></trkpt><trkpt lat="-26.971045000000004" lon="-48.63190833333333"><ele>15.9</ele></trkpt><trkpt lat="-26.971045000000004" lon="-48.63190833333333"><ele>15.9</ele></trkpt><trkpt lat="-26.971045000000004" lon="-48.63190833333333"><ele>15.9</ele></trkpt><trkpt lat="-26.971045000000004" lon="-48.63190833333333"><ele>15.9</ele></trkpt><trkpt lat="-26.971045000000004" lon="-48.63190833333333"><ele>15.9</ele></trkpt><trkpt lat="-26.971045000000004" lon="-48.63190833333333"><ele>15.9</ele></trkpt><trkpt lat="-26.971045000000004" lon="-48.63190833333333"><ele>15.9</ele></trkpt><trkpt lat="-26.971045000000004" lon="-48.63190833333333"><ele>15.9</ele></trkpt><trkpt lat="-26.971045000000004" lon="-48.63190833333333"><ele>15.9</ele></trkpt><trkpt lat="-26.971045000000004" lon="-48.63190833333333"><ele>15.9</ele></trkpt><trkpt lat="-26.971045000000004" lon="-48.63190833333333"><ele>15.9</ele></trkpt><trkpt lat="-26.971045000000004" lon="-48.63190833333333"><ele>15.9</ele></trkpt><trkpt lat="-26.971045000000004" lon="-48.63190833333333"><ele>15.9</ele></trkpt><trkpt lat="-26.971045000000004" lon="-48.63190833333333"><ele>15.9</ele></trkpt><trkpt lat="-26.971045000000004" lon="-48.63190833333333"><ele>15.9</ele></trkpt><trkpt lat="-26.971045000000004" lon="-48.63190833333333"><ele>15.9</ele></trkpt><trkpt lat="-26.971045000000004" lon="-48.63190833333333"><ele>15.9</ele></trkpt><trkpt lat="-26.971045000000004" lon="-48.63190833333333"><ele>15.9</ele></trkpt><trkpt lat="-26.971045000000004" lon="-48.63190833333333"><ele>15.9</ele></trkpt><trkpt lat="-26.971045000000004" lon="-48.63190833333333"><ele>15.9</ele></trkpt><trkpt lat="-26.971045000000004" lon="-48.63190833333333"><ele>15.9</ele></trkpt><trkpt lat="-26.971045000000004" lon="-48.63190833333333"><ele>15.9</ele></trkpt><trkpt lat="-26.971045000000004" lon="-48.63190833333333"><ele>15.9</ele></trkpt><trkpt lat="-26.971045000000004" lon="-48.63190833333333"><ele>15.9</ele></trkpt><trkpt lat="-26.971045000000004" lon="-48.63190833333333"><ele>15.9</ele></trkpt><trkpt lat="-26.971045000000004" lon="-48.63190833333333"><ele>15.9</ele></trkpt><trkpt lat="-26.971045000000004" lon="-48.63190833333333"><ele>15.9</ele></trkpt><trkpt lat="-26.971045000000004" lon="-48.63190833333333"><ele>15.9</ele></trkpt><trkpt lat="-26.971045000000004" lon="-48.63190833333333"><ele>15.9</ele></trkpt><trkpt lat="-26.971045000000004" lon="-48.63190833333333"><ele>15.9</ele></trkpt><trkpt lat="-26.971045000000004" lon="-48.63190833333333"><ele>15.9</ele></trkpt><trkpt lat="-26.971045000000004" lon="-48.63190833333333"><ele>15.9</ele></trkpt><trkpt lat="-26.971045000000004" lon="-48.63190833333333"><ele>15.9</ele></trkpt><trkpt lat="-26.971045000000004" lon="-48.63190833333333"><ele>15.9</ele></trkpt><trkpt lat="-26.971045000000004" lon="-48.63190833333333"><ele>15.9</ele></trkpt><trkpt lat="-26.971045000000004" lon="-48.63190833333333"><ele>15.9</ele></trkpt><trkpt lat="-26.971045000000004" lon="-48.63190833333333"><ele>15.9</ele></trkpt><trkpt lat="-26.971045000000004" lon="-48.63190833333333"><ele>15.9</ele></trkpt><trkpt lat="-26.971045000000004" lon="-48.63190833333333"><ele>15.9</ele></trkpt><trkpt lat="-26.971045000000004" lon="-48.63190833333333"><ele>15.9</ele></trkpt><trkpt lat="-26.971045000000004" lon="-48.63190833333333"><ele>15.9</ele></trkpt><trkpt lat="-26.971045000000004" lon="-48.63190833333333"><ele>15.9</ele></trkpt><trkpt lat="-26.971045000000004" lon="-48.63190833333333"><ele>15.9</ele></trkpt><trkpt lat="-26.971045000000004" lon="-48.63190833333333"><ele>15.9</ele></trkpt><trkpt lat="-26.971045000000004" lon="-48.63190833333333"><ele>15.9</ele></trkpt><trkpt lat="-26.971045000000004" lon="-48.63190833333333"><ele>15.9</ele></trkpt><trkpt lat="-26.971045000000004" lon="-48.63190833333333"><ele>15.9</ele></trkpt><trkpt lat="-26.971045000000004" lon="-48.63190833333333"><ele>15.9</ele></trkpt><trkpt lat="-26.971045000000004" lon="-48.63190833333333"><ele>15.9</ele></trkpt><trkpt lat="-26.971045000000004" lon="-48.63190833333333"><ele>15.9</ele></trkpt><trkpt lat="-26.971045000000004" lon="-48.63190833333333"><ele>15.9</ele></trkpt><trkpt lat="-26.971048333333336" lon="-48.63186833333332"><ele>16.2</ele></trkpt><trkpt lat="-26.971048333333336" lon="-48.63186833333332"><ele>16</ele></trkpt><trkpt lat="-26.971048333333336" lon="-48.631865"><ele>16.2</ele></trkpt><trkpt lat="-26.971048333333336" lon="-48.631866666666674"><ele>16.4</ele></trkpt><trkpt lat="-26.971048333333336" lon="-48.63186333333333"><ele>16.4</ele></trkpt><trkpt lat="-26.97105333333333" lon="-48.63186333333333"><ele>16.5</ele></trkpt><trkpt lat="-26.971058333333335" lon="-48.63186166666666"><ele>16.6</ele></trkpt><trkpt lat="-26.971060000000005" lon="-48.631866666666674"><ele>16.7</ele></trkpt><trkpt lat="-26.971061666666667" lon="-48.63186833333332"><ele>16.8</ele></trkpt><trkpt lat="-26.971065" lon="-48.63187"><ele>17</ele></trkpt><trkpt lat="-26.97106833333333" lon="-48.63187"><ele>17.1</ele></trkpt><trkpt lat="-26.97107" lon="-48.63187500000001"><ele>17.2</ele></trkpt><trkpt lat="-26.97107" lon="-48.63187500000001"><ele>17.2</ele></trkpt><trkpt lat="-26.97107" lon="-48.63187500000001"><ele>17.2</ele></trkpt><trkpt lat="-26.97107" lon="-48.63187500000001"><ele>17.2</ele></trkpt><trkpt lat="-26.97107" lon="-48.63187500000001"><ele>17.2</ele></trkpt><trkpt lat="-26.97107" lon="-48.63187500000001"><ele>17.2</ele></trkpt><trkpt lat="-26.97107" lon="-48.63187500000001"><ele>17.2</ele></trkpt><trkpt lat="-26.97107" lon="-48.63187500000001"><ele>17.2</ele></trkpt><trkpt lat="-26.97107" lon="-48.63187500000001"><ele>17.2</ele></trkpt><trkpt lat="-26.97107" lon="-48.63187500000001"><ele>17.2</ele></trkpt><trkpt lat="-26.97107" lon="-48.63187500000001"><ele>17.2</ele></trkpt><trkpt lat="-26.97107" lon="-48.63187500000001"><ele>17.2</ele></trkpt><trkpt lat="-26.97107" lon="-48.63187500000001"><ele>17.2</ele></trkpt><trkpt lat="-26.97107" lon="-48.63187500000001"><ele>17.2</ele></trkpt><trkpt lat="-26.97107" lon="-48.63187500000001"><ele>17.2</ele></trkpt><trkpt lat="-26.97107" lon="-48.63187500000001"><ele>17.2</ele></trkpt><trkpt lat="-26.97107" lon="-48.63187500000001"><ele>17.2</ele></trkpt><trkpt lat="-26.97107" lon="-48.63187500000001"><ele>17.2</ele></trkpt><trkpt lat="-26.97107" lon="-48.63187500000001"><ele>17.2</ele></trkpt><trkpt lat="-26.97107" lon="-48.63187500000001"><ele>17.2</ele></trkpt><trkpt lat="-26.97107" lon="-48.63187500000001"><ele>17.2</ele></trkpt><trkpt lat="-26.97107" lon="-48.63187500000001"><ele>17.2</ele></trkpt><trkpt lat="-26.97107" lon="-48.63187500000001"><ele>17.2</ele></trkpt><trkpt lat="-26.97107" lon="-48.63187500000001"><ele>17.2</ele></trkpt><trkpt lat="-26.97107" lon="-48.63187500000001"><ele>17.2</ele></trkpt><trkpt lat="-26.97107" lon="-48.63187500000001"><ele>17.2</ele></trkpt><trkpt lat="-26.97107" lon="-48.63187500000001"><ele>17.2</ele></trkpt><trkpt lat="-26.97107" lon="-48.63187500000001"><ele>17.2</ele></trkpt><trkpt lat="-26.97107" lon="-48.63187500000001"><ele>17.2</ele></trkpt><trkpt lat="-26.97107" lon="-48.63187500000001"><ele>17.2</ele></trkpt><trkpt lat="-26.97107" lon="-48.63187500000001"><ele>17.2</ele></trkpt><trkpt lat="-26.97107" lon="-48.63187500000001"><ele>17.2</ele></trkpt><trkpt lat="-26.97107" lon="-48.63187500000001"><ele>17.2</ele></trkpt><trkpt lat="-26.97107" lon="-48.63187500000001"><ele>17.2</ele></trkpt><trkpt lat="-26.97107" lon="-48.63187500000001"><ele>17.2</ele></trkpt><trkpt lat="-26.97107" lon="-48.63187500000001"><ele>17.2</ele></trkpt><trkpt lat="-26.97107" lon="-48.63187500000001"><ele>17.2</ele></trkpt><trkpt lat="-26.97107" lon="-48.63187500000001"><ele>17.2</ele></trkpt><trkpt lat="-26.97107" lon="-48.63187500000001"><ele>17.2</ele></trkpt><trkpt lat="-26.97107" lon="-48.63187500000001"><ele>17.2</ele></trkpt><trkpt lat="-26.97107" lon="-48.63187500000001"><ele>17.2</ele></trkpt><trkpt lat="-26.97107" lon="-48.63187500000001"><ele>17.2</ele></trkpt><trkpt lat="-26.97107" lon="-48.63187500000001"><ele>17.2</ele></trkpt><trkpt lat="-26.97107" lon="-48.63187500000001"><ele>17.2</ele></trkpt><trkpt lat="-26.97107" lon="-48.63187500000001"><ele>17.2</ele></trkpt><trkpt lat="-26.97107" lon="-48.63187500000001"><ele>17.2</ele></trkpt><trkpt lat="-26.97107" lon="-48.63187500000001"><ele>17.2</ele></trkpt><trkpt lat="-26.97107" lon="-48.63187500000001"><ele>17.2</ele></trkpt><trkpt lat="-26.97107" lon="-48.63187500000001"><ele>17.2</ele></trkpt><trkpt lat="-26.97107" lon="-48.63187500000001"><ele>17.2</ele></trkpt><trkpt lat="-26.97107" lon="-48.63187500000001"><ele>17.2</ele></trkpt><trkpt lat="-26.97107" lon="-48.63187500000001"><ele>17.2</ele></trkpt><trkpt lat="-26.97107" lon="-48.63187500000001"><ele>17.2</ele></trkpt><trkpt lat="-26.97107" lon="-48.63187500000001"><ele>17.2</ele></trkpt><trkpt lat="-26.97107" lon="-48.63187500000001"><ele>17.2</ele></trkpt><trkpt lat="-26.97107" lon="-48.63187500000001"><ele>17.2</ele></trkpt><trkpt lat="-26.97107" lon="-48.63187500000001"><ele>17.2</ele></trkpt><trkpt lat="-26.97107" lon="-48.63187500000001"><ele>17.2</ele></trkpt><trkpt lat="-26.97107" lon="-48.63187500000001"><ele>17.2</ele></trkpt><trkpt lat="-26.97107" lon="-48.63187500000001"><ele>17.2</ele></trkpt><trkpt lat="-26.97107" lon="-48.63187500000001"><ele>17.2</ele></trkpt></trkseg></trk></gpx>