<?xml version="1.0" encoding="UTF-8"?>
<gpx xmlns="http://www.topografix.com/GPX/1/1" version="1.1" creator="@dwayneparton/geojson-to-gpx"><wpt lat="-27.004795" lon="-48.638682"><ele>3.955933</ele><name>22</name></wpt><wpt lat="-27.007509" lon="-48.64294"><ele>6.771576</ele><name>25</name></wpt><wpt lat="-27.009356" lon="-48.645946"><ele>9.543945</ele><name>25</name></wpt><wpt lat="-27.002903" lon="-48.635904"><ele>8.806824</ele><name>38</name></wpt><wpt lat="-27.00556" lon="-48.639972"><ele>10.009338</ele><name>50</name></wpt><wpt lat="-27.002905" lon="-48.635903"><ele>8.133118</ele><name>160</name></wpt><wpt lat="-27.004792" lon="-48.638682"><ele>4.598022</ele><name>170</name></wpt><wpt lat="-27.009372" lon="-48.64593"><ele>10.879913</ele><name>195</name></wpt><wpt lat="-27.007523" lon="-48.642901"><ele>7.453186</ele><name>200</name></wpt><wpt lat="-27.004822" lon="-48.638664"><ele>4.841736</ele><name>273</name></wpt><wpt lat="-27.009358" lon="-48.645942"><ele>8.80722</ele><name>333</name></wpt><wpt lat="-27.002904" lon="-48.63591"><ele>9.54837</ele><name>345</name></wpt><wpt lat="-27.007499" lon="-48.64294"><ele>7.160095</ele><name>359</name></wpt><wpt lat="-27.002915" lon="-48.635923"><ele>9.95993</ele><name>761</name></wpt><wpt lat="-27.004815" lon="-48.638658"><ele>7.318848</ele><name>765</name></wpt><wpt lat="-27.009369" lon="-48.645932"><ele>7.169373</ele><name>775</name></wpt><wpt lat="-27.007497" lon="-48.642943"><ele>7.418457</ele><name>801</name></wpt><wpt lat="-27.009795" lon="-48.646814"><ele>5.642944</ele><name>A ciclo é completamente reta.</name></wpt><wpt lat="-27.009808" lon="-48.646818"><ele>5.815338</ele><name>A pintura está boa, mas FALHA em ALGUNS pontos</name></wpt><wpt lat="-27.002767" lon="-48.63576"><ele>13.615723</ele><name>Apenas faixas vermelhas nas bordas</name></wpt><wpt lat="-27.002903" lon="-48.635904"><ele>8.806824</ele><name>Área de amortecimento da ciclo (cm)</name></wpt><wpt lat="-27.004794" lon="-48.638684"><ele>4.493195</ele><name>Área de amortecimento da ciclo (cm)</name></wpt><wpt lat="-27.007509" lon="-48.64294"><ele>6.771576</ele><name>Área de amortecimento da ciclo (cm)</name></wpt><wpt lat="-27.009358" lon="-48.645945"><ele>10.34552</ele><name>Área de amortecimento da ciclo (cm)</name></wpt><wpt lat="-27.002908" lon="-48.635907"><ele>7.817993</ele><name>Área transitável da ciclo (cm)</name></wpt><wpt lat="-27.004798" lon="-48.638675"><ele>4.193939</ele><name>Área transitável da ciclo (cm)</name></wpt><wpt lat="-27.007523" lon="-48.642901"><ele>7.453186</ele><name>Área transitável da ciclo (cm)</name></wpt><wpt lat="-27.009373" lon="-48.645928"><ele>10.950165</ele><name>Área transitável da ciclo (cm)</name></wpt><wpt lat="-27.002781" lon="-48.635766"><ele>12.534119</ele><name>Asfalto</name></wpt><wpt lat="-27.002776" lon="-48.635745"><ele>8.510834</ele><name>Bidirecional</name></wpt><wpt lat="-27.002889" lon="-48.635909"><ele>10.923492</ele><name>Bueiro</name></wpt><wpt lat="-27.003081" lon="-48.636241"><ele>9.262299</ele><name>Bueiro</name></wpt><wpt lat="-27.00346" lon="-48.636769"><ele>8.554626</ele><name>Bueiro</name></wpt><wpt lat="-27.003666" lon="-48.637044"><ele>8.943604</ele><name>Bueiro</name></wpt><wpt lat="-27.003966" lon="-48.637522"><ele>8.646271</ele><name>Bueiro</name></wpt><wpt lat="-27.004185" lon="-48.637851"><ele>6.839874</ele><name>Bueiro</name></wpt><wpt lat="-27.004979" lon="-48.638993"><ele>7.879761</ele><name>Bueiro</name></wpt><wpt lat="-27.00571" lon="-48.640233"><ele>9.704895</ele><name>Bueiro</name></wpt><wpt lat="-27.005984" lon="-48.640621"><ele>6.05722</ele><name>Bueiro</name></wpt><wpt lat="-27.006193" lon="-48.640913"><ele>5.346741</ele><name>Bueiro</name></wpt><wpt lat="-27.006393" lon="-48.64123"><ele>7.613556</ele><name>Bueiro</name></wpt><wpt lat="-27.006623" lon="-48.641614"><ele>6.948578</ele><name>Bueiro</name></wpt><wpt lat="-27.007283" lon="-48.64262"><ele>5.283905</ele><name>Bueiro</name></wpt><wpt lat="-27.009142" lon="-48.645579"><ele>9.310059</ele><name>Bueiro</name></wpt><wpt lat="-27.003442" lon="-48.636755"><ele>8.246735</ele><name>Buraco</name></wpt><wpt lat="-27.006623" lon="-48.641614"><ele>6.948578</ele><name>Buraco</name></wpt><wpt lat="-27.007426" lon="-48.642806"><ele>7.871002</ele><name>Buraco</name></wpt><wpt lat="-27.002777" lon="-48.635744"><ele>8.503265</ele><name>Ciclofaixa</name></wpt><wpt lat="-27.007435" lon="-48.642796"><ele>7.105591</ele><name>cruzamento com via de mão dupla</name></wpt><wpt lat="-27.004495" lon="-48.638358"><ele>6.830109</ele><name>Cruzamento perigoso. EXPLIQUE.</name></wpt><wpt lat="-27.007435" lon="-48.642799"><ele>7.151306</ele><name>Cruzamento perigoso. EXPLIQUE.</name></wpt><wpt lat="-27.005607" lon="-48.640029"><ele>6.127655</ele><name>É privado</name></wpt><wpt lat="-27.009801" lon="-48.646619"><ele>9.774841</ele><name>Em cruzamento MÁ condição</name></wpt><wpt lat="-27.002784" lon="-48.635743"><ele>10.25293</ele><name>Estacionamento dedicado de um lado, segregado da circulação</name></wpt><wpt lat="-27.002905" lon="-48.635907"><ele>9.13623</ele><name>Faixa de carros logo ao lado da ciclo (cm)</name></wpt><wpt lat="-27.004825" lon="-48.638662"><ele>4.089508</ele><name>Faixa de carros logo ao lado da ciclo (cm)</name></wpt><wpt lat="-27.007501" lon="-48.642939"><ele>7.307281</ele><name>Faixa de carros logo ao lado da ciclo (cm)</name></wpt><wpt lat="-27.009358" lon="-48.645942"><ele>8.80722</ele><name>Faixa de carros logo ao lado da ciclo (cm)</name></wpt><wpt lat="-27.002879" lon="-48.635865"><ele>9.309753</ele><name>Foto</name></wpt><wpt lat="-27.002907" lon="-48.63592"><ele>10.529266</ele><name>Foto</name></wpt><wpt lat="-27.00289" lon="-48.635867"><ele>16.141479</ele><name>Foto</name></wpt><wpt lat="-27.002979" lon="-48.635999"><ele>10.225006</ele><name>Foto</name></wpt><wpt lat="-27.003084" lon="-48.636246"><ele>9.099731</ele><name>Foto</name></wpt><wpt lat="-27.004499" lon="-48.638342"><ele>7.146271</ele><name>Foto</name></wpt><wpt lat="-27.005622" lon="-48.64002"><ele>7.470459</ele><name>Foto</name></wpt><wpt lat="-27.00739" lon="-48.642744"><ele>8.416199</ele><name>Foto</name></wpt><wpt lat="-27.007427" lon="-48.642805"><ele>7.729004</ele><name>Foto</name></wpt><wpt lat="-27.007432" lon="-48.642795"><ele>7.354156</ele><name>Foto</name></wpt><wpt lat="-27.007509" lon="-48.642943"><ele>6.411041</ele><name>Foto</name></wpt><wpt lat="-27.00927" lon="-48.645761"><ele>9.934845</ele><name>Foto</name></wpt><wpt lat="-27.009767" lon="-48.646508"><ele>10.569702</ele><name>Foto</name></wpt><wpt lat="-27.009886" lon="-48.646747"><ele>13.666992</ele><name>Foto</name></wpt><wpt lat="-27.009854" lon="-48.646823"><ele>9.491516</ele><name>Iluminação geral na via do mesmo lado da estrutura</name></wpt><wpt lat="-27.002875" lon="-48.635872"><ele>9.00531</ele><name>Lombadas físicas</name></wpt><wpt lat="-27.003618" lon="-48.636997"><ele>8.766388</ele><name>Lombadas físicas</name></wpt><wpt lat="-27.004244" lon="-48.63793"><ele>7.837952</ele><name>Lombadas físicas</name></wpt><wpt lat="-27.005173" lon="-48.639337"><name>Lombadas físicas</name></wpt><wpt lat="-27.007608" lon="-48.643164"><ele>10.75882</ele><name>Lombadas físicas</name></wpt><wpt lat="-27.009041" lon="-48.645436"><ele>9.714905</ele><name>Lombadas físicas</name></wpt><wpt lat="-27.009518" lon="-48.646119"><ele>8.811218</ele><name>Lombadas físicas</name></wpt><wpt lat="-27.002768" lon="-48.635728"><ele>11.595062</ele><name>Mão Única</name></wpt><wpt lat="-27.005561" lon="-48.639978"><ele>8.759491</ele><name>meschk atacadista </name></wpt><wpt lat="-27.009805" lon="-48.64681"><ele>5.876343</ele><name>Não há árvores nem mudas</name></wpt><wpt lat="-27.002759" lon="-48.635732"><ele>11.992432</ele><name>No bordo esquerdo de Via de Mão Única</name></wpt><wpt lat="-27.007287" lon="-48.642621"><ele>5.131653</ele><name>Outro obstáculo</name></wpt><wpt lat="-27.009806" lon="-48.646833"><ele>12.09729</ele><name>Outro risco. EXPLIQUE.</name></wpt><wpt lat="-27.009807" lon="-48.646822"><ele>5.645874</ele><name>Pequenas imperfeições, como fissuras</name></wpt><wpt lat="-27.002761" lon="-48.63576"><ele>14.821777</ele><name>primeiro trecho é novo, e não tem tachões ainda</name></wpt><wpt lat="-27.005561" lon="-48.639971"><ele>9.999817</ele><name>Quantidade de vagas</name></wpt><wpt lat="-27.003004" lon="-48.635992"><ele>9.595032</ele><name>R-34</name></wpt><wpt lat="-27.003718" lon="-48.637123"><ele>9.116028</ele><name>R-34</name></wpt><wpt lat="-27.005629" lon="-48.64002"><ele>5.910156</ele><name>R-34</name></wpt><wpt lat="-27.007381" lon="-48.642743"><ele>7.399689</ele><name>R-34</name></wpt><wpt lat="-27.009271" lon="-48.645762"><ele>9.868958</ele><name>R-34</name></wpt><wpt lat="-27.009756" lon="-48.646507"><ele>9.748199</ele><name>R-34</name></wpt><wpt lat="-27.003458" lon="-48.636769"><ele>8.648743</ele><name>R3m0v3r Obstáculo 🗑️</name></wpt><wpt lat="-27.007287" lon="-48.642621"><ele>5.130585</ele><name>R3m0v3r Obstáculo 🗑️</name></wpt><wpt lat="-27.009807" lon="-48.646853"><ele>9.451813</ele><name>SE CICLOFAIXA: para invadir a ciclo parte do automóvel passa obrigatoriamente por cima de segregadores</name></wpt><wpt lat="-27.005561" lon="-48.639978"><ele>8.75946</ele><name>Se tiver um nome, descreva</name></wpt><wpt lat="-27.009795" lon="-48.646814"><ele>5.246948</ele><name>Segregadores NÃO DIFICULTAM o acesso de ciclistas</name></wpt><wpt lat="-27.002764" lon="-48.635772"><ele>14.220093</ele><name>Tachões</name></wpt><wpt lat="-27.009802" lon="-48.646828"><ele>12.179382</ele><name>termina em via estreita sobre a ponte</name></wpt><wpt lat="-27.002919" lon="-48.635921"><ele>10.190399</ele><name>Total da via (incluindo a ciclo) (cm)</name></wpt><wpt lat="-27.004819" lon="-48.638659"><ele>6.702942</ele><name>Total da via (incluindo a ciclo) (cm)</name></wpt><wpt lat="-27.007497" lon="-48.642943"><ele>7.420197</ele><name>Total da via (incluindo a ciclo) (cm)</name></wpt><wpt lat="-27.009362" lon="-48.645936"><ele>8.478546</ele><name>Total da via (incluindo a ciclo) (cm)</name></wpt><wpt lat="-27.009368" lon="-48.645932"><ele>7.171265</ele><name>Total da via (incluindo a ciclo) (cm)</name></wpt><wpt lat="-27.007506" lon="-48.64295"><ele>5.494537</ele><name>Travessia de pedestre em nível (lombofaixa)</name></wpt><wpt lat="-27.005607" lon="-48.640029"><ele>6.112366</ele><name>U invertido</name></wpt><wpt lat="-27.002896" lon="-48.635878"><ele>14.651794</ele><name>Via transversal SEM acesso à ciclovia</name></wpt><wpt lat="-27.004375" lon="-48.638119"><name>1 faixa</name></wpt><wpt lat="-27.009652" lon="-48.646318"><name>1 faixa</name></wpt><wpt lat="-27.005013" lon="-48.6391"><name>2 faixa</name></wpt><wpt lat="-27.006794" lon="-48.641882"><name>Ambas: Alguns trechos sem segregadores. Automóvel consegue passar por entre estes com facilidade</name></wpt><wpt lat="-27.003677" lon="-48.637151"><name>APENAS a Pintura</name></wpt><wpt lat="-27.00448" lon="-48.638207"><name>SEM pintura no cruzamento</name></wpt><wpt lat="-27.0046" lon="-48.638518"><name>Semáforo para motorizado</name></wpt><wpt lat="-27.004667" lon="-48.63854"><name>SEM Semáforo exclusivo</name></wpt><trk><name>Ciclofaixa R. Biguaçu - BC</name><trkseg><trkpt lat="-27.002812" lon="-48.635791"><ele>20.443237</ele></trkpt><trkpt lat="-27.002796" lon="-48.635757"><ele>11.668976</ele></trkpt><trkpt lat="-27.002792" lon="-48.635749"><ele>11.952454</ele></trkpt><trkpt lat="-27.002783" lon="-48.635739"><ele>12.205261</ele></trkpt><trkpt lat="-27.002787" lon="-48.635734"><ele>10.304016</ele></trkpt><trkpt lat="-27.002785" lon="-48.635737"><ele>9.363739</ele></trkpt><trkpt lat="-27.002786" lon="-48.635734"><ele>8.786285</ele></trkpt><trkpt lat="-27.00279" lon="-48.635732"><ele>8.330536</ele></trkpt><trkpt lat="-27.00279" lon="-48.635731"><ele>7.592651</ele></trkpt><trkpt lat="-27.002792" lon="-48.635732"><ele>7.446747</ele></trkpt><trkpt lat="-27.002788" lon="-48.635731"><ele>7.637909</ele></trkpt><trkpt lat="-27.00279" lon="-48.635732"><ele>7.620148</ele></trkpt><trkpt lat="-27.002786" lon="-48.635729"><ele>8.509399</ele></trkpt><trkpt lat="-27.002785" lon="-48.635731"><ele>8.826843</ele></trkpt><trkpt lat="-27.002784" lon="-48.635732"><ele>8.444855</ele></trkpt><trkpt lat="-27.002783" lon="-48.635732"><ele>9.368652</ele></trkpt><trkpt lat="-27.002784" lon="-48.635734"><ele>9.334351</ele></trkpt><trkpt lat="-27.002785" lon="-48.635735"><ele>9.579254</ele></trkpt><trkpt lat="-27.002788" lon="-48.635735"><ele>9.615234</ele></trkpt><trkpt lat="-27.002789" lon="-48.635735"><ele>9.599976</ele></trkpt><trkpt lat="-27.00279" lon="-48.635737"><ele>9.464996</ele></trkpt><trkpt lat="-27.00279" lon="-48.63574"><ele>9.395905</ele></trkpt><trkpt lat="-27.00279" lon="-48.635741"><ele>9.31778</ele></trkpt><trkpt lat="-27.002789" lon="-48.635741"><ele>9.259308</ele></trkpt><trkpt lat="-27.002788" lon="-48.635742"><ele>9.400269</ele></trkpt><trkpt lat="-27.002787" lon="-48.635743"><ele>9.485596</ele></trkpt><trkpt lat="-27.002788" lon="-48.635743"><ele>9.420532</ele></trkpt><trkpt lat="-27.002786" lon="-48.635743"><ele>9.359222</ele></trkpt><trkpt lat="-27.002787" lon="-48.635742"><ele>9.280884</ele></trkpt><trkpt lat="-27.002786" lon="-48.635742"><ele>9.339996</ele></trkpt><trkpt lat="-27.002787" lon="-48.635741"><ele>9.487671</ele></trkpt><trkpt lat="-27.002787" lon="-48.635741"><ele>9.496826</ele></trkpt><trkpt lat="-27.002786" lon="-48.635742"><ele>9.384491</ele></trkpt><trkpt lat="-27.002781" lon="-48.635742"><ele>8.919434</ele></trkpt><trkpt lat="-27.00278" lon="-48.635741"><ele>8.929169</ele></trkpt><trkpt lat="-27.002779" lon="-48.635742"><ele>9.036377</ele></trkpt><trkpt lat="-27.002779" lon="-48.635743"><ele>9.037811</ele></trkpt><trkpt lat="-27.002777" lon="-48.635743"><ele>9.025085</ele></trkpt><trkpt lat="-27.002778" lon="-48.635743"><ele>8.945862</ele></trkpt><trkpt lat="-27.002778" lon="-48.635743"><ele>8.955933</ele></trkpt><trkpt lat="-27.002777" lon="-48.635743"><ele>8.451202</ele></trkpt><trkpt lat="-27.002777" lon="-48.635744"><ele>8.471344</ele></trkpt><trkpt lat="-27.002777" lon="-48.635744"><ele>8.503265</ele></trkpt><trkpt lat="-27.002777" lon="-48.635744"><ele>8.503265</ele></trkpt><trkpt lat="-27.002776" lon="-48.635745"><ele>8.505737</ele></trkpt><trkpt lat="-27.002776" lon="-48.635745"><ele>8.510071</ele></trkpt><trkpt lat="-27.002776" lon="-48.635745"><ele>8.511963</ele></trkpt><trkpt lat="-27.002776" lon="-48.635745"><ele>8.51059</ele></trkpt><trkpt lat="-27.002776" lon="-48.635745"><ele>8.510834</ele></trkpt><trkpt lat="-27.002776" lon="-48.635745"><ele>8.510834</ele></trkpt><trkpt lat="-27.002776" lon="-48.635745"><ele>8.510834</ele></trkpt><trkpt lat="-27.002776" lon="-48.635745"><ele>8.511261</ele></trkpt><trkpt lat="-27.002776" lon="-48.635745"><ele>8.511658</ele></trkpt><trkpt lat="-27.002776" lon="-48.635745"><ele>8.513397</ele></trkpt><trkpt lat="-27.002776" lon="-48.635745"><ele>9.179016</ele></trkpt><trkpt lat="-27.002776" lon="-48.635745"><ele>9.180908</ele></trkpt><trkpt lat="-27.002776" lon="-48.635745"><ele>9.183838</ele></trkpt><trkpt lat="-27.002773" lon="-48.635745"><ele>9.426117</ele></trkpt><trkpt lat="-27.002769" lon="-48.635746"><ele>6.374268</ele></trkpt><trkpt lat="-27.002768" lon="-48.635746"><ele>6.718872</ele></trkpt><trkpt lat="-27.002765" lon="-48.635744"><ele>9.486023</ele></trkpt><trkpt lat="-27.002765" lon="-48.635743"><ele>9.562927</ele></trkpt><trkpt lat="-27.002765" lon="-48.635742"><ele>9.582642</ele></trkpt><trkpt lat="-27.002764" lon="-48.635741"><ele>9.447754</ele></trkpt><trkpt lat="-27.002765" lon="-48.635739"><ele>9.103241</ele></trkpt><trkpt lat="-27.002765" lon="-48.635735"><ele>9.441101</ele></trkpt><trkpt lat="-27.002764" lon="-48.635729"><ele>9.643524</ele></trkpt><trkpt lat="-27.002761" lon="-48.635727"><ele>9.950378</ele></trkpt><trkpt lat="-27.002763" lon="-48.635729"><ele>10.62381</ele></trkpt><trkpt lat="-27.002764" lon="-48.635731"><ele>10.881378</ele></trkpt><trkpt lat="-27.002759" lon="-48.635733"><ele>10.99057</ele></trkpt><trkpt lat="-27.002758" lon="-48.635733"><ele>11.024445</ele></trkpt><trkpt lat="-27.002758" lon="-48.635732"><ele>10.978363</ele></trkpt><trkpt lat="-27.002759" lon="-48.635732"><ele>11.432495</ele></trkpt><trkpt lat="-27.002761" lon="-48.635731"><ele>11.493317</ele></trkpt><trkpt lat="-27.002759" lon="-48.635731"><ele>11.51297</ele></trkpt><trkpt lat="-27.002759" lon="-48.635732"><ele>11.992432</ele></trkpt><trkpt lat="-27.002759" lon="-48.635732"><ele>11.992432</ele></trkpt><trkpt lat="-27.002762" lon="-48.63573"><ele>11.549011</ele></trkpt><trkpt lat="-27.002763" lon="-48.635731"><ele>11.424866</ele></trkpt><trkpt lat="-27.002763" lon="-48.63573"><ele>11.474701</ele></trkpt><trkpt lat="-27.002765" lon="-48.63573"><ele>11.51178</ele></trkpt><trkpt lat="-27.002766" lon="-48.63573"><ele>11.559662</ele></trkpt><trkpt lat="-27.002768" lon="-48.635729"><ele>11.619507</ele></trkpt><trkpt lat="-27.002768" lon="-48.635728"><ele>11.552887</ele></trkpt><trkpt lat="-27.002768" lon="-48.635728"><ele>11.595062</ele></trkpt><trkpt lat="-27.002768" lon="-48.635728"><ele>11.595062</ele></trkpt><trkpt lat="-27.002773" lon="-48.635725"><ele>11.577057</ele></trkpt><trkpt lat="-27.002775" lon="-48.635726"><ele>11.607483</ele></trkpt><trkpt lat="-27.002775" lon="-48.635727"><ele>12.25177</ele></trkpt><trkpt lat="-27.002775" lon="-48.635727"><ele>12.131592</ele></trkpt><trkpt lat="-27.002774" lon="-48.635727"><ele>11.883453</ele></trkpt><trkpt lat="-27.002771" lon="-48.635726"><ele>11.76181</ele></trkpt><trkpt lat="-27.00277" lon="-48.635726"><ele>11.960114</ele></trkpt><trkpt lat="-27.002767" lon="-48.635729"><ele>12.109741</ele></trkpt><trkpt lat="-27.002762" lon="-48.635731"><ele>12.033569</ele></trkpt><trkpt lat="-27.002763" lon="-48.635733"><ele>12.033875</ele></trkpt><trkpt lat="-27.002764" lon="-48.635738"><ele>11.50647</ele></trkpt><trkpt lat="-27.002767" lon="-48.635741"><ele>11.496918</ele></trkpt><trkpt lat="-27.002766" lon="-48.635741"><ele>11.728424</ele></trkpt><trkpt lat="-27.002766" lon="-48.63574"><ele>11.815338</ele></trkpt><trkpt lat="-27.002766" lon="-48.63574"><ele>11.863312</ele></trkpt><trkpt lat="-27.002763" lon="-48.635737"><ele>12.032959</ele></trkpt><trkpt lat="-27.002763" lon="-48.635735"><ele>11.992065</ele></trkpt><trkpt lat="-27.002764" lon="-48.635734"><ele>11.854401</ele></trkpt><trkpt lat="-27.002764" lon="-48.635734"><ele>12.013733</ele></trkpt><trkpt lat="-27.002766" lon="-48.635735"><ele>11.994995</ele></trkpt><trkpt lat="-27.002766" lon="-48.635737"><ele>11.987152</ele></trkpt><trkpt lat="-27.002767" lon="-48.635738"><ele>12.026123</ele></trkpt><trkpt lat="-27.002766" lon="-48.635739"><ele>12.102966</ele></trkpt><trkpt lat="-27.002768" lon="-48.635741"><ele>11.960571</ele></trkpt><trkpt lat="-27.002771" lon="-48.635744"><ele>12.174988</ele></trkpt><trkpt lat="-27.002773" lon="-48.635744"><ele>13.850342</ele></trkpt><trkpt lat="-27.002776" lon="-48.635745"><ele>12.309692</ele></trkpt><trkpt lat="-27.002777" lon="-48.635745"><ele>12.379761</ele></trkpt><trkpt lat="-27.002777" lon="-48.635746"><ele>12.532288</ele></trkpt><trkpt lat="-27.002777" lon="-48.635746"><ele>12.714539</ele></trkpt><trkpt lat="-27.002777" lon="-48.635745"><ele>14.33075</ele></trkpt><trkpt lat="-27.002779" lon="-48.635746"><ele>14.289551</ele></trkpt><trkpt lat="-27.002779" lon="-48.635746"><ele>14.456299</ele></trkpt><trkpt lat="-27.00278" lon="-48.635747"><ele>12.883362</ele></trkpt><trkpt lat="-27.00278" lon="-48.635748"><ele>12.87854</ele></trkpt><trkpt lat="-27.002779" lon="-48.635748"><ele>12.917603</ele></trkpt><trkpt lat="-27.002779" lon="-48.635748"><ele>12.918701</ele></trkpt><trkpt lat="-27.002778" lon="-48.635749"><ele>12.787964</ele></trkpt><trkpt lat="-27.002777" lon="-48.635751"><ele>12.729187</ele></trkpt><trkpt lat="-27.002774" lon="-48.635752"><ele>12.743164</ele></trkpt><trkpt lat="-27.002774" lon="-48.635753"><ele>12.960083</ele></trkpt><trkpt lat="-27.002774" lon="-48.635753"><ele>13.186646</ele></trkpt><trkpt lat="-27.002774" lon="-48.635754"><ele>11.56839</ele></trkpt><trkpt lat="-27.002773" lon="-48.635756"><ele>13.633423</ele></trkpt><trkpt lat="-27.002771" lon="-48.635757"><ele>13.584778</ele></trkpt><trkpt lat="-27.002767" lon="-48.63576"><ele>13.615723</ele></trkpt><trkpt lat="-27.002767" lon="-48.63576"><ele>13.615723</ele></trkpt><trkpt lat="-27.002765" lon="-48.635761"><ele>14.768982</ele></trkpt><trkpt lat="-27.002764" lon="-48.635762"><ele>15.042358</ele></trkpt><trkpt lat="-27.002765" lon="-48.635762"><ele>15.252625</ele></trkpt><trkpt lat="-27.002764" lon="-48.635763"><ele>15.093994</ele></trkpt><trkpt lat="-27.002764" lon="-48.635764"><ele>15.141113</ele></trkpt><trkpt lat="-27.002763" lon="-48.635765"><ele>15.371399</ele></trkpt><trkpt lat="-27.002762" lon="-48.635766"><ele>15.406433</ele></trkpt><trkpt lat="-27.002761" lon="-48.635765"><ele>15.597595</ele></trkpt><trkpt lat="-27.002764" lon="-48.635772"><ele>14.220093</ele></trkpt><trkpt lat="-27.002764" lon="-48.635772"><ele>14.220093</ele></trkpt><trkpt lat="-27.002765" lon="-48.635775"><ele>14.214722</ele></trkpt><trkpt lat="-27.002765" lon="-48.635777"><ele>14.253662</ele></trkpt><trkpt lat="-27.002765" lon="-48.635777"><ele>14.399048</ele></trkpt><trkpt lat="-27.002765" lon="-48.635776"><ele>14.361877</ele></trkpt><trkpt lat="-27.002767" lon="-48.635772"><ele>15.255066</ele></trkpt><trkpt lat="-27.002768" lon="-48.635768"><ele>15.064453</ele></trkpt><trkpt lat="-27.002767" lon="-48.635764"><ele>14.790894</ele></trkpt><trkpt lat="-27.002767" lon="-48.635764"><ele>15.653198</ele></trkpt><trkpt lat="-27.002768" lon="-48.635764"><ele>15.768799</ele></trkpt><trkpt lat="-27.002766" lon="-48.635764"><ele>15.75531</ele></trkpt><trkpt lat="-27.002762" lon="-48.635763"><ele>15.660828</ele></trkpt><trkpt lat="-27.002761" lon="-48.635764"><ele>13.966248</ele></trkpt><trkpt lat="-27.002761" lon="-48.635764"><ele>14.616272</ele></trkpt><trkpt lat="-27.002761" lon="-48.635765"><ele>14.540405</ele></trkpt><trkpt lat="-27.002761" lon="-48.635764"><ele>14.345337</ele></trkpt><trkpt lat="-27.002761" lon="-48.635763"><ele>14.487</ele></trkpt><trkpt lat="-27.002761" lon="-48.635762"><ele>14.677124</ele></trkpt><trkpt lat="-27.00276" lon="-48.635761"><ele>14.833618</ele></trkpt><trkpt lat="-27.002761" lon="-48.63576"><ele>14.821777</ele></trkpt><trkpt lat="-27.002761" lon="-48.63576"><ele>14.821777</ele></trkpt><trkpt lat="-27.002761" lon="-48.63576"><ele>14.98938</ele></trkpt><trkpt lat="-27.002762" lon="-48.635761"><ele>14.135071</ele></trkpt><trkpt lat="-27.002763" lon="-48.635762"><ele>14.044861</ele></trkpt><trkpt lat="-27.002765" lon="-48.635762"><ele>14.036804</ele></trkpt><trkpt lat="-27.002766" lon="-48.635763"><ele>13.775208</ele></trkpt><trkpt lat="-27.002769" lon="-48.635762"><ele>13.603882</ele></trkpt><trkpt lat="-27.00277" lon="-48.635761"><ele>13.679626</ele></trkpt><trkpt lat="-27.002769" lon="-48.635761"><ele>13.507813</ele></trkpt><trkpt lat="-27.00277" lon="-48.635762"><ele>13.474365</ele></trkpt><trkpt lat="-27.002771" lon="-48.635763"><ele>13.371948</ele></trkpt><trkpt lat="-27.002771" lon="-48.635762"><ele>13.436096</ele></trkpt><trkpt lat="-27.002771" lon="-48.635762"><ele>13.440979</ele></trkpt><trkpt lat="-27.002771" lon="-48.635763"><ele>13.371155</ele></trkpt><trkpt lat="-27.002774" lon="-48.635763"><ele>13.274414</ele></trkpt><trkpt lat="-27.002775" lon="-48.635764"><ele>13.290955</ele></trkpt><trkpt lat="-27.002778" lon="-48.635764"><ele>13.258423</ele></trkpt><trkpt lat="-27.00278" lon="-48.635764"><ele>13.189697</ele></trkpt><trkpt lat="-27.002777" lon="-48.635764"><ele>13.030212</ele></trkpt><trkpt lat="-27.002778" lon="-48.635765"><ele>13.015381</ele></trkpt><trkpt lat="-27.002779" lon="-48.635765"><ele>12.906555</ele></trkpt><trkpt lat="-27.00278" lon="-48.635765"><ele>12.756409</ele></trkpt><trkpt lat="-27.00278" lon="-48.635765"><ele>12.727783</ele></trkpt><trkpt lat="-27.002781" lon="-48.635765"><ele>12.758057</ele></trkpt><trkpt lat="-27.002782" lon="-48.635766"><ele>12.684998</ele></trkpt><trkpt lat="-27.002781" lon="-48.635767"><ele>12.628235</ele></trkpt><trkpt lat="-27.002781" lon="-48.635767"><ele>12.691406</ele></trkpt><trkpt lat="-27.002781" lon="-48.635767"><ele>12.487976</ele></trkpt><trkpt lat="-27.002781" lon="-48.635766"><ele>12.534119</ele></trkpt><trkpt lat="-27.002781" lon="-48.635766"><ele>12.534119</ele></trkpt><trkpt lat="-27.002781" lon="-48.635765"><ele>12.493225</ele></trkpt><trkpt lat="-27.002781" lon="-48.635764"><ele>12.428284</ele></trkpt><trkpt lat="-27.002781" lon="-48.635763"><ele>12.308655</ele></trkpt><trkpt lat="-27.002781" lon="-48.635763"><ele>12.247559</ele></trkpt><trkpt lat="-27.002782" lon="-48.63576"><ele>12.312317</ele></trkpt><trkpt lat="-27.002781" lon="-48.63576"><ele>12.247192</ele></trkpt><trkpt lat="-27.002781" lon="-48.635759"><ele>12.259521</ele></trkpt><trkpt lat="-27.002779" lon="-48.635759"><ele>12.220459</ele></trkpt><trkpt lat="-27.002779" lon="-48.635758"><ele>12.198547</ele></trkpt><trkpt lat="-27.002779" lon="-48.635756"><ele>12.208435</ele></trkpt><trkpt lat="-27.00278" lon="-48.635755"><ele>12.173645</ele></trkpt><trkpt lat="-27.002781" lon="-48.635753"><ele>12.109009</ele></trkpt><trkpt lat="-27.002781" lon="-48.635753"><ele>11.991791</ele></trkpt><trkpt lat="-27.002781" lon="-48.635752"><ele>11.866943</ele></trkpt><trkpt lat="-27.002781" lon="-48.635751"><ele>11.852631</ele></trkpt><trkpt lat="-27.002781" lon="-48.63575"><ele>11.755646</ele></trkpt><trkpt lat="-27.002779" lon="-48.635743"><ele>11.362976</ele></trkpt><trkpt lat="-27.00278" lon="-48.635739"><ele>11.237518</ele></trkpt><trkpt lat="-27.002781" lon="-48.635739"><ele>11.175476</ele></trkpt><trkpt lat="-27.002781" lon="-48.635738"><ele>11.024719</ele></trkpt><trkpt lat="-27.002781" lon="-48.635738"><ele>10.908966</ele></trkpt><trkpt lat="-27.002781" lon="-48.635738"><ele>10.908966</ele></trkpt><trkpt lat="-27.002782" lon="-48.635738"><ele>10.646759</ele></trkpt><trkpt lat="-27.002782" lon="-48.635739"><ele>10.627808</ele></trkpt><trkpt lat="-27.002782" lon="-48.635741"><ele>10.467224</ele></trkpt><trkpt lat="-27.002782" lon="-48.635741"><ele>10.407745</ele></trkpt><trkpt lat="-27.002783" lon="-48.635742"><ele>10.25174</ele></trkpt><trkpt lat="-27.002784" lon="-48.635743"><ele>10.262054</ele></trkpt><trkpt lat="-27.002784" lon="-48.635743"><ele>10.248596</ele></trkpt><trkpt lat="-27.002784" lon="-48.635743"><ele>10.248047</ele></trkpt><trkpt lat="-27.002784" lon="-48.635743"><ele>10.25293</ele></trkpt><trkpt lat="-27.002784" lon="-48.635743"><ele>10.25293</ele></trkpt><trkpt lat="-27.002784" lon="-48.635743"><ele>10.2565</ele></trkpt><trkpt lat="-27.002784" lon="-48.635743"><ele>10.257751</ele></trkpt><trkpt lat="-27.002784" lon="-48.635743"><ele>10.259796</ele></trkpt><trkpt lat="-27.002784" lon="-48.635743"><ele>10.260437</ele></trkpt><trkpt lat="-27.002784" lon="-48.635743"><ele>10.260773</ele></trkpt><trkpt lat="-27.002784" lon="-48.635743"><ele>10.255096</ele></trkpt><trkpt lat="-27.002784" lon="-48.635743"><ele>10.253235</ele></trkpt><trkpt lat="-27.002784" lon="-48.635742"><ele>10.178864</ele></trkpt><trkpt lat="-27.002783" lon="-48.63574"><ele>9.958862</ele></trkpt><trkpt lat="-27.002782" lon="-48.635736"><ele>10.144867</ele></trkpt><trkpt lat="-27.002782" lon="-48.635734"><ele>10.34079</ele></trkpt><trkpt lat="-27.002782" lon="-48.635735"><ele>10.421906</ele></trkpt><trkpt lat="-27.002781" lon="-48.635737"><ele>10.235046</ele></trkpt><trkpt lat="-27.002778" lon="-48.635738"><ele>9.815979</ele></trkpt><trkpt lat="-27.002776" lon="-48.635737"><ele>9.419647</ele></trkpt><trkpt lat="-27.002774" lon="-48.635733"><ele>9.389648</ele></trkpt><trkpt lat="-27.002773" lon="-48.635731"><ele>9.329041</ele></trkpt><trkpt lat="-27.002773" lon="-48.635731"><ele>9.27179</ele></trkpt><trkpt lat="-27.002773" lon="-48.635731"><ele>9.030121</ele></trkpt><trkpt lat="-27.002772" lon="-48.635727"><ele>9.316895</ele></trkpt><trkpt lat="-27.002775" lon="-48.635726"><ele>9.310944</ele></trkpt><trkpt lat="-27.002776" lon="-48.635727"><ele>9.421783</ele></trkpt><trkpt lat="-27.002775" lon="-48.635726"><ele>9.309906</ele></trkpt><trkpt lat="-27.002775" lon="-48.635727"><ele>10.976471</ele></trkpt><trkpt lat="-27.002775" lon="-48.635728"><ele>9.492432</ele></trkpt><trkpt lat="-27.002776" lon="-48.635732"><ele>9.043945</ele></trkpt><trkpt lat="-27.002773" lon="-48.635731"><ele>8.92215</ele></trkpt><trkpt lat="-27.002773" lon="-48.635743"><ele>8.316193</ele></trkpt><trkpt lat="-27.002773" lon="-48.635745"><ele>6.008331</ele></trkpt><trkpt lat="-27.002774" lon="-48.635744"><ele>10.351379</ele></trkpt><trkpt lat="-27.002775" lon="-48.635744"><ele>10.65097</ele></trkpt><trkpt lat="-27.002776" lon="-48.635743"><ele>8.969452</ele></trkpt><trkpt lat="-27.00278" lon="-48.635743"><ele>8.977692</ele></trkpt><trkpt lat="-27.00278" lon="-48.635741"><ele>9.041107</ele></trkpt><trkpt lat="-27.002779" lon="-48.635738"><ele>9.329529</ele></trkpt><trkpt lat="-27.002783" lon="-48.635737"><ele>10.885559</ele></trkpt><trkpt lat="-27.002784" lon="-48.635738"><ele>10.807983</ele></trkpt><trkpt lat="-27.002779" lon="-48.63574"><ele>8.663361</ele></trkpt><trkpt lat="-27.002771" lon="-48.635746"><ele>8.333862</ele></trkpt><trkpt lat="-27.002763" lon="-48.635747"><ele>8.110535</ele></trkpt><trkpt lat="-27.002761" lon="-48.635742"><ele>7.787018</ele></trkpt><trkpt lat="-27.002762" lon="-48.63574"><ele>9.078979</ele></trkpt><trkpt lat="-27.002771" lon="-48.635739"><ele>8.962982</ele></trkpt><trkpt lat="-27.00278" lon="-48.635743"><ele>8.771606</ele></trkpt><trkpt lat="-27.002782" lon="-48.635746"><ele>7.540588</ele></trkpt><trkpt lat="-27.002786" lon="-48.63575"><ele>8.015381</ele></trkpt><trkpt lat="-27.002798" lon="-48.635762"><ele>8.254303</ele></trkpt><trkpt lat="-27.002813" lon="-48.63578"><ele>8.128754</ele></trkpt><trkpt lat="-27.00283" lon="-48.635803"><ele>8.306885</ele></trkpt><trkpt lat="-27.002844" lon="-48.635828"><ele>8.458282</ele></trkpt><trkpt lat="-27.002856" lon="-48.635849"><ele>8.434875</ele></trkpt><trkpt lat="-27.002865" lon="-48.635866"><ele>8.580627</ele></trkpt><trkpt lat="-27.00287" lon="-48.635873"><ele>8.567505</ele></trkpt><trkpt lat="-27.002869" lon="-48.635872"><ele>8.580444</ele></trkpt><trkpt lat="-27.002872" lon="-48.635873"><ele>9.230591</ele></trkpt><trkpt lat="-27.002873" lon="-48.635873"><ele>9.056152</ele></trkpt><trkpt lat="-27.002875" lon="-48.635871"><ele>9.045776</ele></trkpt><trkpt lat="-27.002875" lon="-48.635872"><ele>9.00531</ele></trkpt><trkpt lat="-27.002875" lon="-48.635872"><ele>9.00531</ele></trkpt><trkpt lat="-27.002875" lon="-48.635871"><ele>8.995605</ele></trkpt><trkpt lat="-27.002875" lon="-48.635871"><ele>8.99588</ele></trkpt><trkpt lat="-27.002876" lon="-48.635871"><ele>8.996735</ele></trkpt><trkpt lat="-27.002876" lon="-48.63587"><ele>9.011963</ele></trkpt><trkpt lat="-27.002877" lon="-48.635868"><ele>9.015015</ele></trkpt><trkpt lat="-27.002879" lon="-48.635866"><ele>9.126129</ele></trkpt><trkpt lat="-27.002879" lon="-48.635865"><ele>9.473145</ele></trkpt><trkpt lat="-27.002878" lon="-48.635865"><ele>9.514893</ele></trkpt><trkpt lat="-27.002877" lon="-48.635865"><ele>9.541565</ele></trkpt><trkpt lat="-27.002879" lon="-48.635865"><ele>9.309753</ele></trkpt><trkpt lat="-27.002879" lon="-48.635865"><ele>9.309753</ele></trkpt><trkpt lat="-27.00288" lon="-48.635867"><ele>9.304352</ele></trkpt><trkpt lat="-27.002881" lon="-48.635863"><ele>9.312256</ele></trkpt><trkpt lat="-27.002879" lon="-48.635862"><ele>9.026733</ele></trkpt><trkpt lat="-27.00288" lon="-48.635863"><ele>9.388153</ele></trkpt><trkpt lat="-27.002881" lon="-48.63586"><ele>9.533722</ele></trkpt><trkpt lat="-27.002884" lon="-48.635867"><ele>9.477692</ele></trkpt><trkpt lat="-27.002891" lon="-48.635877"><ele>8.89447</ele></trkpt><trkpt lat="-27.002898" lon="-48.635886"><ele>8.569611</ele></trkpt><trkpt lat="-27.002906" lon="-48.635895"><ele>8.669464</ele></trkpt><trkpt lat="-27.002914" lon="-48.635903"><ele>8.490204</ele></trkpt><trkpt lat="-27.002919" lon="-48.635913"><ele>9.184143</ele></trkpt><trkpt lat="-27.00292" lon="-48.635922"><ele>9.302338</ele></trkpt><trkpt lat="-27.00292" lon="-48.635929"><ele>9.00946</ele></trkpt><trkpt lat="-27.002918" lon="-48.635936"><ele>9.232361</ele></trkpt><trkpt lat="-27.002913" lon="-48.635944"><ele>9.314911</ele></trkpt><trkpt lat="-27.002908" lon="-48.635944"><ele>9.232422</ele></trkpt><trkpt lat="-27.002907" lon="-48.635943"><ele>9.207733</ele></trkpt><trkpt lat="-27.002907" lon="-48.635943"><ele>9.206879</ele></trkpt><trkpt lat="-27.002907" lon="-48.635943"><ele>9.205627</ele></trkpt><trkpt lat="-27.002907" lon="-48.635943"><ele>9.204224</ele></trkpt><trkpt lat="-27.002907" lon="-48.635943"><ele>9.205444</ele></trkpt><trkpt lat="-27.002907" lon="-48.635943"><ele>9.204468</ele></trkpt><trkpt lat="-27.002907" lon="-48.635943"><ele>9.205658</ele></trkpt><trkpt lat="-27.002907" lon="-48.635943"><ele>9.204956</ele></trkpt><trkpt lat="-27.002906" lon="-48.635942"><ele>9.016479</ele></trkpt><trkpt lat="-27.002903" lon="-48.635938"><ele>9.241425</ele></trkpt><trkpt lat="-27.002902" lon="-48.635937"><ele>9.208069</ele></trkpt><trkpt lat="-27.002896" lon="-48.635939"><ele>8.927551</ele></trkpt><trkpt lat="-27.002894" lon="-48.63594"><ele>8.851166</ele></trkpt><trkpt lat="-27.002896" lon="-48.635939"><ele>8.645813</ele></trkpt><trkpt lat="-27.002895" lon="-48.63594"><ele>8.446198</ele></trkpt><trkpt lat="-27.002891" lon="-48.635942"><ele>8.549652</ele></trkpt><trkpt lat="-27.002889" lon="-48.635942"><ele>8.57132</ele></trkpt><trkpt lat="-27.002888" lon="-48.635941"><ele>8.502472</ele></trkpt><trkpt lat="-27.002889" lon="-48.635939"><ele>8.484955</ele></trkpt><trkpt lat="-27.002891" lon="-48.635935"><ele>8.435883</ele></trkpt><trkpt lat="-27.002894" lon="-48.635934"><ele>8.106384</ele></trkpt><trkpt lat="-27.002895" lon="-48.635937"><ele>8.126068</ele></trkpt><trkpt lat="-27.002896" lon="-48.635936"><ele>8.190247</ele></trkpt><trkpt lat="-27.002895" lon="-48.635934"><ele>8.186615</ele></trkpt><trkpt lat="-27.002894" lon="-48.635934"><ele>8.187256</ele></trkpt><trkpt lat="-27.002897" lon="-48.635933"><ele>5.431702</ele></trkpt><trkpt lat="-27.002902" lon="-48.635935"><ele>5.274017</ele></trkpt><trkpt lat="-27.002903" lon="-48.635937"><ele>7.767914</ele></trkpt><trkpt lat="-27.002904" lon="-48.635938"><ele>7.771179</ele></trkpt><trkpt lat="-27.002904" lon="-48.635938"><ele>7.774445</ele></trkpt><trkpt lat="-27.002904" lon="-48.635938"><ele>7.776031</ele></trkpt><trkpt lat="-27.002904" lon="-48.635938"><ele>5.2659</ele></trkpt><trkpt lat="-27.002903" lon="-48.635938"><ele>5.265015</ele></trkpt><trkpt lat="-27.002903" lon="-48.635938"><ele>7.773743</ele></trkpt><trkpt lat="-27.002903" lon="-48.635939"><ele>7.874573</ele></trkpt><trkpt lat="-27.002903" lon="-48.635939"><ele>8.219849</ele></trkpt><trkpt lat="-27.002902" lon="-48.635942"><ele>7.996552</ele></trkpt><trkpt lat="-27.002901" lon="-48.635944"><ele>7.972015</ele></trkpt><trkpt lat="-27.002901" lon="-48.635944"><ele>7.970947</ele></trkpt><trkpt lat="-27.0029" lon="-48.635944"><ele>7.971832</ele></trkpt><trkpt lat="-27.0029" lon="-48.635944"><ele>7.973572</ele></trkpt><trkpt lat="-27.0029" lon="-48.635944"><ele>7.973572</ele></trkpt><trkpt lat="-27.0029" lon="-48.635944"><ele>7.973846</ele></trkpt><trkpt lat="-27.0029" lon="-48.635944"><ele>7.687439</ele></trkpt><trkpt lat="-27.002899" lon="-48.635946"><ele>7.686401</ele></trkpt><trkpt lat="-27.0029" lon="-48.635947"><ele>7.647034</ele></trkpt><trkpt lat="-27.002953" lon="-48.635771"><ele>-21.447418</ele></trkpt><trkpt lat="-27.002911" lon="-48.635877"><ele>1.058624</ele></trkpt><trkpt lat="-27.002901" lon="-48.63589"><ele>8.616608</ele></trkpt><trkpt lat="-27.002908" lon="-48.6359"><ele>8.061768</ele></trkpt><trkpt lat="-27.002913" lon="-48.635908"><ele>7.971252</ele></trkpt><trkpt lat="-27.002908" lon="-48.635907"><ele>7.817993</ele></trkpt><trkpt lat="-27.002908" lon="-48.635907"><ele>7.817993</ele></trkpt><trkpt lat="-27.002905" lon="-48.635903"><ele>8.133118</ele></trkpt><trkpt lat="-27.002905" lon="-48.635903"><ele>8.133118</ele></trkpt><trkpt lat="-27.002906" lon="-48.635906"><ele>8.361603</ele></trkpt><trkpt lat="-27.002907" lon="-48.635906"><ele>8.529541</ele></trkpt><trkpt lat="-27.002903" lon="-48.635906"><ele>8.523071</ele></trkpt><trkpt lat="-27.002903" lon="-48.635904"><ele>8.806824</ele></trkpt><trkpt lat="-27.002903" lon="-48.635904"><ele>8.806824</ele></trkpt><trkpt lat="-27.002903" lon="-48.635904"><ele>8.806824</ele></trkpt><trkpt lat="-27.002905" lon="-48.635902"><ele>8.714386</ele></trkpt><trkpt lat="-27.002904" lon="-48.635904"><ele>8.525848</ele></trkpt><trkpt lat="-27.002907" lon="-48.635903"><ele>8.480255</ele></trkpt><trkpt lat="-27.002906" lon="-48.635905"><ele>9.0849</ele></trkpt><trkpt lat="-27.002905" lon="-48.635907"><ele>9.13623</ele></trkpt><trkpt lat="-27.002905" lon="-48.635907"><ele>9.13623</ele></trkpt><trkpt lat="-27.002896" lon="-48.635914"><ele>9.174713</ele></trkpt><trkpt lat="-27.002904" lon="-48.63591"><ele>9.54837</ele></trkpt><trkpt lat="-27.002904" lon="-48.63591"><ele>9.54837</ele></trkpt><trkpt lat="-27.002908" lon="-48.635912"><ele>10.352997</ele></trkpt><trkpt lat="-27.002907" lon="-48.635914"><ele>10.859314</ele></trkpt><trkpt lat="-27.002907" lon="-48.635915"><ele>10.849091</ele></trkpt><trkpt lat="-27.002908" lon="-48.635913"><ele>10.480713</ele></trkpt><trkpt lat="-27.002906" lon="-48.635913"><ele>10.210968</ele></trkpt><trkpt lat="-27.00291" lon="-48.635915"><ele>10.187897</ele></trkpt><trkpt lat="-27.002912" lon="-48.635916"><ele>10.22052</ele></trkpt><trkpt lat="-27.002918" lon="-48.635916"><ele>10.035706</ele></trkpt><trkpt lat="-27.002919" lon="-48.635919"><ele>10.085632</ele></trkpt><trkpt lat="-27.002919" lon="-48.635921"><ele>10.190399</ele></trkpt><trkpt lat="-27.002919" lon="-48.635921"><ele>10.190399</ele></trkpt><trkpt lat="-27.002915" lon="-48.635923"><ele>9.95993</ele></trkpt><trkpt lat="-27.002915" lon="-48.635923"><ele>9.95993</ele></trkpt><trkpt lat="-27.002912" lon="-48.635927"><ele>9.764008</ele></trkpt><trkpt lat="-27.002913" lon="-48.635928"><ele>9.88739</ele></trkpt><trkpt lat="-27.002914" lon="-48.635927"><ele>10.169128</ele></trkpt><trkpt lat="-27.002912" lon="-48.635927"><ele>9.960663</ele></trkpt><trkpt lat="-27.002909" lon="-48.635924"><ele>9.845276</ele></trkpt><trkpt lat="-27.002912" lon="-48.635922"><ele>9.582733</ele></trkpt><trkpt lat="-27.002915" lon="-48.635917"><ele>9.550293</ele></trkpt><trkpt lat="-27.002916" lon="-48.635915"><ele>9.670929</ele></trkpt><trkpt lat="-27.002916" lon="-48.635913"><ele>9.390625</ele></trkpt><trkpt lat="-27.002913" lon="-48.63591"><ele>9.278564</ele></trkpt><trkpt lat="-27.002913" lon="-48.635908"><ele>8.963226</ele></trkpt><trkpt lat="-27.002912" lon="-48.635906"><ele>8.744812</ele></trkpt><trkpt lat="-27.002913" lon="-48.635904"><ele>8.828247</ele></trkpt><trkpt lat="-27.002913" lon="-48.635904"><ele>8.740265</ele></trkpt><trkpt lat="-27.002915" lon="-48.635903"><ele>8.89566</ele></trkpt><trkpt lat="-27.002914" lon="-48.635903"><ele>9.062988</ele></trkpt><trkpt lat="-27.002913" lon="-48.635904"><ele>9.005676</ele></trkpt><trkpt lat="-27.002911" lon="-48.635905"><ele>9.104889</ele></trkpt><trkpt lat="-27.002912" lon="-48.635905"><ele>9.250977</ele></trkpt><trkpt lat="-27.002912" lon="-48.635906"><ele>9.128387</ele></trkpt><trkpt lat="-27.002912" lon="-48.635906"><ele>9.262512</ele></trkpt><trkpt lat="-27.002912" lon="-48.635909"><ele>9.413391</ele></trkpt><trkpt lat="-27.00291" lon="-48.63591"><ele>9.620148</ele></trkpt><trkpt lat="-27.002909" lon="-48.63591"><ele>9.862183</ele></trkpt><trkpt lat="-27.002909" lon="-48.63591"><ele>8.628326</ele></trkpt><trkpt lat="-27.002908" lon="-48.63591"><ele>9.897064</ele></trkpt><trkpt lat="-27.002908" lon="-48.635911"><ele>9.98468</ele></trkpt><trkpt lat="-27.002908" lon="-48.635911"><ele>9.984863</ele></trkpt><trkpt lat="-27.002906" lon="-48.635911"><ele>9.920349</ele></trkpt><trkpt lat="-27.002907" lon="-48.635911"><ele>10.187134</ele></trkpt><trkpt lat="-27.002908" lon="-48.635911"><ele>10.087128</ele></trkpt><trkpt lat="-27.00291" lon="-48.635908"><ele>10.254852</ele></trkpt><trkpt lat="-27.002909" lon="-48.635908"><ele>10.339172</ele></trkpt><trkpt lat="-27.00291" lon="-48.635908"><ele>10.3078</ele></trkpt><trkpt lat="-27.002909" lon="-48.635911"><ele>10.232513</ele></trkpt><trkpt lat="-27.002909" lon="-48.635914"><ele>10.243317</ele></trkpt><trkpt lat="-27.002909" lon="-48.635914"><ele>10.333496</ele></trkpt><trkpt lat="-27.002908" lon="-48.635914"><ele>10.422546</ele></trkpt><trkpt lat="-27.002907" lon="-48.635913"><ele>10.2612</ele></trkpt><trkpt lat="-27.002903" lon="-48.635912"><ele>10.248779</ele></trkpt><trkpt lat="-27.002903" lon="-48.635914"><ele>10.121826</ele></trkpt><trkpt lat="-27.002898" lon="-48.635918"><ele>10.538025</ele></trkpt><trkpt lat="-27.002896" lon="-48.63592"><ele>10.716888</ele></trkpt><trkpt lat="-27.002896" lon="-48.63592"><ele>10.748108</ele></trkpt><trkpt lat="-27.002896" lon="-48.635919"><ele>10.874634</ele></trkpt><trkpt lat="-27.002896" lon="-48.635917"><ele>10.580231</ele></trkpt><trkpt lat="-27.002895" lon="-48.635911"><ele>9.130951</ele></trkpt><trkpt lat="-27.002895" lon="-48.635906"><ele>11.207916</ele></trkpt><trkpt lat="-27.002889" lon="-48.635901"><ele>11.163361</ele></trkpt><trkpt lat="-27.002887" lon="-48.635902"><ele>11.061981</ele></trkpt><trkpt lat="-27.002886" lon="-48.635905"><ele>10.944977</ele></trkpt><trkpt lat="-27.002884" lon="-48.635908"><ele>11.46814</ele></trkpt><trkpt lat="-27.002884" lon="-48.635909"><ele>11.894073</ele></trkpt><trkpt lat="-27.002886" lon="-48.635908"><ele>11.50766</ele></trkpt><trkpt lat="-27.002889" lon="-48.635909"><ele>10.923492</ele></trkpt><trkpt lat="-27.002889" lon="-48.635909"><ele>10.923492</ele></trkpt><trkpt lat="-27.002892" lon="-48.63591"><ele>10.497833</ele></trkpt><trkpt lat="-27.002895" lon="-48.635911"><ele>10.689484</ele></trkpt><trkpt lat="-27.002897" lon="-48.635913"><ele>10.881775</ele></trkpt><trkpt lat="-27.002902" lon="-48.635915"><ele>10.733948</ele></trkpt><trkpt lat="-27.002902" lon="-48.635915"><ele>10.316437</ele></trkpt><trkpt lat="-27.002902" lon="-48.635918"><ele>10.428223</ele></trkpt><trkpt lat="-27.002904" lon="-48.635917"><ele>10.522491</ele></trkpt><trkpt lat="-27.002905" lon="-48.635918"><ele>10.621399</ele></trkpt><trkpt lat="-27.002907" lon="-48.635919"><ele>10.474091</ele></trkpt><trkpt lat="-27.002908" lon="-48.635918"><ele>10.883087</ele></trkpt><trkpt lat="-27.002907" lon="-48.63592"><ele>10.529266</ele></trkpt><trkpt lat="-27.002907" lon="-48.63592"><ele>10.529266</ele></trkpt><trkpt lat="-27.002907" lon="-48.635925"><ele>10.282654</ele></trkpt><trkpt lat="-27.002902" lon="-48.635926"><ele>10.870941</ele></trkpt><trkpt lat="-27.002896" lon="-48.635922"><ele>10.709869</ele></trkpt><trkpt lat="-27.002897" lon="-48.635921"><ele>10.751038</ele></trkpt><trkpt lat="-27.002897" lon="-48.635922"><ele>10.409943</ele></trkpt><trkpt lat="-27.0029" lon="-48.635922"><ele>10.338867</ele></trkpt><trkpt lat="-27.002905" lon="-48.635918"><ele>10.349274</ele></trkpt><trkpt lat="-27.002907" lon="-48.635917"><ele>10.588867</ele></trkpt><trkpt lat="-27.002912" lon="-48.635912"><ele>10.186554</ele></trkpt><trkpt lat="-27.002912" lon="-48.635909"><ele>10.082703</ele></trkpt><trkpt lat="-27.002915" lon="-48.63591"><ele>9.824036</ele></trkpt><trkpt lat="-27.002918" lon="-48.635916"><ele>9.605377</ele></trkpt><trkpt lat="-27.002911" lon="-48.635922"><ele>9.599731</ele></trkpt><trkpt lat="-27.002901" lon="-48.635923"><ele>9.692963</ele></trkpt><trkpt lat="-27.002895" lon="-48.635923"><ele>9.882385</ele></trkpt><trkpt lat="-27.002893" lon="-48.635922"><ele>9.733459</ele></trkpt><trkpt lat="-27.002893" lon="-48.63592"><ele>9.493073</ele></trkpt><trkpt lat="-27.002891" lon="-48.635921"><ele>9.476532</ele></trkpt><trkpt lat="-27.002888" lon="-48.635923"><ele>9.519104</ele></trkpt><trkpt lat="-27.002885" lon="-48.635926"><ele>9.666718</ele></trkpt><trkpt lat="-27.002884" lon="-48.635927"><ele>9.740509</ele></trkpt><trkpt lat="-27.002883" lon="-48.635928"><ele>9.723633</ele></trkpt><trkpt lat="-27.002882" lon="-48.635931"><ele>9.552551</ele></trkpt><trkpt lat="-27.002883" lon="-48.635926"><ele>9.667358</ele></trkpt><trkpt lat="-27.002887" lon="-48.635928"><ele>9.383331</ele></trkpt><trkpt lat="-27.002891" lon="-48.635931"><ele>9.172729</ele></trkpt><trkpt lat="-27.002893" lon="-48.635934"><ele>9.273315</ele></trkpt><trkpt lat="-27.0029" lon="-48.635935"><ele>9.375549</ele></trkpt><trkpt lat="-27.002903" lon="-48.635935"><ele>9.474396</ele></trkpt><trkpt lat="-27.002906" lon="-48.635936"><ele>9.47226</ele></trkpt><trkpt lat="-27.002908" lon="-48.635936"><ele>9.360229</ele></trkpt><trkpt lat="-27.002909" lon="-48.635936"><ele>9.334961</ele></trkpt><trkpt lat="-27.002909" lon="-48.635938"><ele>9.337891</ele></trkpt><trkpt lat="-27.002912" lon="-48.635942"><ele>9.410828</ele></trkpt><trkpt lat="-27.002913" lon="-48.635943"><ele>9.440765</ele></trkpt><trkpt lat="-27.002913" lon="-48.635944"><ele>9.303802</ele></trkpt><trkpt lat="-27.002912" lon="-48.635944"><ele>9.501068</ele></trkpt><trkpt lat="-27.002911" lon="-48.635942"><ele>9.600769</ele></trkpt><trkpt lat="-27.002912" lon="-48.635939"><ele>9.725403</ele></trkpt><trkpt lat="-27.002915" lon="-48.635933"><ele>9.708405</ele></trkpt><trkpt lat="-27.002916" lon="-48.63593"><ele>9.932312</ele></trkpt><trkpt lat="-27.002915" lon="-48.635929"><ele>10.121948</ele></trkpt><trkpt lat="-27.002916" lon="-48.635928"><ele>10.526794</ele></trkpt><trkpt lat="-27.002916" lon="-48.635928"><ele>11.017334</ele></trkpt><trkpt lat="-27.002919" lon="-48.635925"><ele>11.494293</ele></trkpt><trkpt lat="-27.002921" lon="-48.635923"><ele>11.786652</ele></trkpt><trkpt lat="-27.00292" lon="-48.635923"><ele>11.992981</ele></trkpt><trkpt lat="-27.002919" lon="-48.635921"><ele>12.297852</ele></trkpt><trkpt lat="-27.00292" lon="-48.63592"><ele>12.182922</ele></trkpt><trkpt lat="-27.002921" lon="-48.63592"><ele>12.500916</ele></trkpt><trkpt lat="-27.002922" lon="-48.635921"><ele>12.53656</ele></trkpt><trkpt lat="-27.002924" lon="-48.635922"><ele>12.359558</ele></trkpt><trkpt lat="-27.002924" lon="-48.635923"><ele>12.184448</ele></trkpt><trkpt lat="-27.002924" lon="-48.635924"><ele>12.188599</ele></trkpt><trkpt lat="-27.002924" lon="-48.635924"><ele>12.184998</ele></trkpt><trkpt lat="-27.002924" lon="-48.635925"><ele>12.158264</ele></trkpt><trkpt lat="-27.002924" lon="-48.635925"><ele>12.178406</ele></trkpt><trkpt lat="-27.002924" lon="-48.635925"><ele>12.098389</ele></trkpt><trkpt lat="-27.002924" lon="-48.635925"><ele>12.073669</ele></trkpt><trkpt lat="-27.002924" lon="-48.635925"><ele>12.08667</ele></trkpt><trkpt lat="-27.002924" lon="-48.635925"><ele>12.16864</ele></trkpt><trkpt lat="-27.002925" lon="-48.635925"><ele>12.219055</ele></trkpt><trkpt lat="-27.002925" lon="-48.635925"><ele>12.137756</ele></trkpt><trkpt lat="-27.002925" lon="-48.635925"><ele>12.035645</ele></trkpt><trkpt lat="-27.002922" lon="-48.635926"><ele>11.929413</ele></trkpt><trkpt lat="-27.002925" lon="-48.635926"><ele>12.600159</ele></trkpt><trkpt lat="-27.002926" lon="-48.635926"><ele>12.477173</ele></trkpt><trkpt lat="-27.002925" lon="-48.63593"><ele>11.077087</ele></trkpt><trkpt lat="-27.002923" lon="-48.635935"><ele>12.802246</ele></trkpt><trkpt lat="-27.00292" lon="-48.635935"><ele>13.358215</ele></trkpt><trkpt lat="-27.00292" lon="-48.635936"><ele>13.448181</ele></trkpt><trkpt lat="-27.002919" lon="-48.635938"><ele>13.53241</ele></trkpt><trkpt lat="-27.002927" lon="-48.635938"><ele>12.772339</ele></trkpt><trkpt lat="-27.002927" lon="-48.63594"><ele>12.744934</ele></trkpt><trkpt lat="-27.002927" lon="-48.635942"><ele>12.297485</ele></trkpt><trkpt lat="-27.002926" lon="-48.635943"><ele>12.110352</ele></trkpt><trkpt lat="-27.002929" lon="-48.635941"><ele>11.936615</ele></trkpt><trkpt lat="-27.002926" lon="-48.635944"><ele>12.088684</ele></trkpt><trkpt lat="-27.002926" lon="-48.635944"><ele>9.333893</ele></trkpt><trkpt lat="-27.002925" lon="-48.635944"><ele>10.300964</ele></trkpt><trkpt lat="-27.002927" lon="-48.635944"><ele>10.187988</ele></trkpt><trkpt lat="-27.002932" lon="-48.635945"><ele>10.481689</ele></trkpt><trkpt lat="-27.002936" lon="-48.635947"><ele>10.760986</ele></trkpt><trkpt lat="-27.002937" lon="-48.635949"><ele>10.812958</ele></trkpt><trkpt lat="-27.002937" lon="-48.63595"><ele>10.838562</ele></trkpt><trkpt lat="-27.002937" lon="-48.63595"><ele>10.587402</ele></trkpt><trkpt lat="-27.002935" lon="-48.635951"><ele>8.88797</ele></trkpt><trkpt lat="-27.002932" lon="-48.635951"><ele>8.384003</ele></trkpt><trkpt lat="-27.002931" lon="-48.635952"><ele>7.975311</ele></trkpt><trkpt lat="-27.00293" lon="-48.635952"><ele>7.446533</ele></trkpt><trkpt lat="-27.00293" lon="-48.635953"><ele>7.166656</ele></trkpt><trkpt lat="-27.002931" lon="-48.635954"><ele>6.911652</ele></trkpt><trkpt lat="-27.00293" lon="-48.635955"><ele>6.726563</ele></trkpt><trkpt lat="-27.00293" lon="-48.635954"><ele>6.388733</ele></trkpt><trkpt lat="-27.002931" lon="-48.63595"><ele>7.998566</ele></trkpt><trkpt lat="-27.00294" lon="-48.635937"><ele>8.094666</ele></trkpt><trkpt lat="-27.002944" lon="-48.635932"><ele>7.887329</ele></trkpt><trkpt lat="-27.002947" lon="-48.63593"><ele>7.41153</ele></trkpt><trkpt lat="-27.002947" lon="-48.63593"><ele>7.440125</ele></trkpt><trkpt lat="-27.002947" lon="-48.63593"><ele>7.567566</ele></trkpt><trkpt lat="-27.002947" lon="-48.63593"><ele>7.693085</ele></trkpt><trkpt lat="-27.002944" lon="-48.63593"><ele>7.503784</ele></trkpt><trkpt lat="-27.002944" lon="-48.63593"><ele>7.580566</ele></trkpt><trkpt lat="-27.002946" lon="-48.635929"><ele>7.55368</ele></trkpt><trkpt lat="-27.002947" lon="-48.63593"><ele>7.613586</ele></trkpt><trkpt lat="-27.002948" lon="-48.63593"><ele>7.443054</ele></trkpt><trkpt lat="-27.002948" lon="-48.635928"><ele>7.477478</ele></trkpt><trkpt lat="-27.002948" lon="-48.635923"><ele>7.507477</ele></trkpt><trkpt lat="-27.002949" lon="-48.635921"><ele>7.227356</ele></trkpt><trkpt lat="-27.002948" lon="-48.635921"><ele>7.303619</ele></trkpt><trkpt lat="-27.002947" lon="-48.635922"><ele>7.361603</ele></trkpt><trkpt lat="-27.002947" lon="-48.635923"><ele>7.478973</ele></trkpt><trkpt lat="-27.002947" lon="-48.635925"><ele>7.408661</ele></trkpt><trkpt lat="-27.002946" lon="-48.635925"><ele>7.625336</ele></trkpt><trkpt lat="-27.002945" lon="-48.635926"><ele>7.548615</ele></trkpt><trkpt lat="-27.002945" lon="-48.635927"><ele>7.590668</ele></trkpt><trkpt lat="-27.002945" lon="-48.63593"><ele>7.736542</ele></trkpt><trkpt lat="-27.002945" lon="-48.635932"><ele>8.021454</ele></trkpt><trkpt lat="-27.002944" lon="-48.635932"><ele>7.93985</ele></trkpt><trkpt lat="-27.002945" lon="-48.635931"><ele>8.078552</ele></trkpt><trkpt lat="-27.002944" lon="-48.635931"><ele>8.11438</ele></trkpt><trkpt lat="-27.002942" lon="-48.635929"><ele>7.347107</ele></trkpt><trkpt lat="-27.002942" lon="-48.635927"><ele>8.153778</ele></trkpt><trkpt lat="-27.002941" lon="-48.635923"><ele>8.262512</ele></trkpt><trkpt lat="-27.002938" lon="-48.63592"><ele>8.345032</ele></trkpt><trkpt lat="-27.002936" lon="-48.635918"><ele>8.584473</ele></trkpt><trkpt lat="-27.002933" lon="-48.635912"><ele>8.961243</ele></trkpt><trkpt lat="-27.002933" lon="-48.635911"><ele>8.582672</ele></trkpt><trkpt lat="-27.00293" lon="-48.635907"><ele>6.100586</ele></trkpt><trkpt lat="-27.002928" lon="-48.635906"><ele>6.354431</ele></trkpt><trkpt lat="-27.002927" lon="-48.635903"><ele>6.958679</ele></trkpt><trkpt lat="-27.002924" lon="-48.635903"><ele>7.533936</ele></trkpt><trkpt lat="-27.002921" lon="-48.635904"><ele>7.855225</ele></trkpt><trkpt lat="-27.002921" lon="-48.635904"><ele>8.421326</ele></trkpt><trkpt lat="-27.002921" lon="-48.635904"><ele>8.868561</ele></trkpt><trkpt lat="-27.002917" lon="-48.635901"><ele>8.79007</ele></trkpt><trkpt lat="-27.002916" lon="-48.635901"><ele>9.05188</ele></trkpt><trkpt lat="-27.002917" lon="-48.6359"><ele>9.433411</ele></trkpt><trkpt lat="-27.002916" lon="-48.6359"><ele>11.966736</ele></trkpt><trkpt lat="-27.002913" lon="-48.6359"><ele>12.164307</ele></trkpt><trkpt lat="-27.002912" lon="-48.635901"><ele>12.564819</ele></trkpt><trkpt lat="-27.002912" lon="-48.635902"><ele>12.943848</ele></trkpt><trkpt lat="-27.002912" lon="-48.635904"><ele>11.552704</ele></trkpt><trkpt lat="-27.002912" lon="-48.635907"><ele>12.948364</ele></trkpt><trkpt lat="-27.00291" lon="-48.635907"><ele>13.198242</ele></trkpt><trkpt lat="-27.002909" lon="-48.635909"><ele>13.143799</ele></trkpt><trkpt lat="-27.002908" lon="-48.635911"><ele>13.27179</ele></trkpt><trkpt lat="-27.002908" lon="-48.635915"><ele>13.778687</ele></trkpt><trkpt lat="-27.002906" lon="-48.635915"><ele>13.936401</ele></trkpt><trkpt lat="-27.002906" lon="-48.635914"><ele>13.760742</ele></trkpt><trkpt lat="-27.002904" lon="-48.635912"><ele>13.651245</ele></trkpt><trkpt lat="-27.002901" lon="-48.635909"><ele>13.978577</ele></trkpt><trkpt lat="-27.0029" lon="-48.635906"><ele>14.186279</ele></trkpt><trkpt lat="-27.002898" lon="-48.635903"><ele>14.327148</ele></trkpt><trkpt lat="-27.002896" lon="-48.635901"><ele>14.255676</ele></trkpt><trkpt lat="-27.002895" lon="-48.635898"><ele>14.258484</ele></trkpt><trkpt lat="-27.002893" lon="-48.635896"><ele>14.504333</ele></trkpt><trkpt lat="-27.002893" lon="-48.635892"><ele>14.692566</ele></trkpt><trkpt lat="-27.002894" lon="-48.635891"><ele>14.548218</ele></trkpt><trkpt lat="-27.002895" lon="-48.635886"><ele>14.626282</ele></trkpt><trkpt lat="-27.002895" lon="-48.635884"><ele>14.924988</ele></trkpt><trkpt lat="-27.002896" lon="-48.63588"><ele>14.917969</ele></trkpt><trkpt lat="-27.002896" lon="-48.635878"><ele>14.862244</ele></trkpt><trkpt lat="-27.002896" lon="-48.635878"><ele>14.651794</ele></trkpt><trkpt lat="-27.002896" lon="-48.635878"><ele>14.651794</ele></trkpt><trkpt lat="-27.002898" lon="-48.635878"><ele>14.430847</ele></trkpt><trkpt lat="-27.0029" lon="-48.635877"><ele>14.299744</ele></trkpt><trkpt lat="-27.002899" lon="-48.635875"><ele>14.29718</ele></trkpt><trkpt lat="-27.002897" lon="-48.635874"><ele>14.36731</ele></trkpt><trkpt lat="-27.002896" lon="-48.635875"><ele>14.418396</ele></trkpt><trkpt lat="-27.002894" lon="-48.635875"><ele>14.609863</ele></trkpt><trkpt lat="-27.002893" lon="-48.635875"><ele>14.895203</ele></trkpt><trkpt lat="-27.002893" lon="-48.635874"><ele>14.811401</ele></trkpt><trkpt lat="-27.002893" lon="-48.635874"><ele>14.88501</ele></trkpt><trkpt lat="-27.002893" lon="-48.635873"><ele>15.379211</ele></trkpt><trkpt lat="-27.002891" lon="-48.635868"><ele>15.607544</ele></trkpt><trkpt lat="-27.002891" lon="-48.635868"><ele>15.746521</ele></trkpt><trkpt lat="-27.00289" lon="-48.635867"><ele>16.141479</ele></trkpt><trkpt lat="-27.00289" lon="-48.635867"><ele>16.141479</ele></trkpt><trkpt lat="-27.00289" lon="-48.635868"><ele>16.281982</ele></trkpt><trkpt lat="-27.002889" lon="-48.635871"><ele>15.74231</ele></trkpt><trkpt lat="-27.00289" lon="-48.635876"><ele>15.122131</ele></trkpt><trkpt lat="-27.00289" lon="-48.635884"><ele>14.997253</ele></trkpt><trkpt lat="-27.002892" lon="-48.635888"><ele>14.786316</ele></trkpt><trkpt lat="-27.002894" lon="-48.635892"><ele>14.5672</ele></trkpt><trkpt lat="-27.002893" lon="-48.635894"><ele>14.303223</ele></trkpt><trkpt lat="-27.002894" lon="-48.635895"><ele>14.138672</ele></trkpt><trkpt lat="-27.002895" lon="-48.635896"><ele>14.117493</ele></trkpt><trkpt lat="-27.002894" lon="-48.635896"><ele>14.145752</ele></trkpt><trkpt lat="-27.002895" lon="-48.635896"><ele>14.117432</ele></trkpt><trkpt lat="-27.002895" lon="-48.635896"><ele>14.082092</ele></trkpt><trkpt lat="-27.002895" lon="-48.635897"><ele>14.122864</ele></trkpt><trkpt lat="-27.002894" lon="-48.6359"><ele>14.052429</ele></trkpt><trkpt lat="-27.002897" lon="-48.635906"><ele>14.130798</ele></trkpt><trkpt lat="-27.002903" lon="-48.635909"><ele>13.41449</ele></trkpt><trkpt lat="-27.002913" lon="-48.635918"><ele>12.593262</ele></trkpt><trkpt lat="-27.00292" lon="-48.635929"><ele>12.233398</ele></trkpt><trkpt lat="-27.002927" lon="-48.635939"><ele>12.350891</ele></trkpt><trkpt lat="-27.002934" lon="-48.635952"><ele>11.767029</ele></trkpt><trkpt lat="-27.00294" lon="-48.635963"><ele>11.264435</ele></trkpt><trkpt lat="-27.002946" lon="-48.63597"><ele>11.05777</ele></trkpt><trkpt lat="-27.002957" lon="-48.635972"><ele>10.895172</ele></trkpt><trkpt lat="-27.002972" lon="-48.635969"><ele>10.400818</ele></trkpt><trkpt lat="-27.002985" lon="-48.63597"><ele>10.314392</ele></trkpt><trkpt lat="-27.002995" lon="-48.63598"><ele>9.956238</ele></trkpt><trkpt lat="-27.003004" lon="-48.635992"><ele>9.595032</ele></trkpt><trkpt lat="-27.003004" lon="-48.635992"><ele>9.595032</ele></trkpt><trkpt lat="-27.002998" lon="-48.636"><ele>10.147858</ele></trkpt><trkpt lat="-27.002991" lon="-48.635997"><ele>10.123169</ele></trkpt><trkpt lat="-27.002989" lon="-48.635995"><ele>10.217316</ele></trkpt><trkpt lat="-27.002984" lon="-48.635997"><ele>10.238403</ele></trkpt><trkpt lat="-27.002981" lon="-48.635999"><ele>10.295105</ele></trkpt><trkpt lat="-27.00298" lon="-48.635999"><ele>10.279358</ele></trkpt><trkpt lat="-27.002979" lon="-48.635999"><ele>10.2258</ele></trkpt><trkpt lat="-27.002979" lon="-48.635999"><ele>10.225006</ele></trkpt><trkpt lat="-27.002979" lon="-48.635999"><ele>10.225006</ele></trkpt><trkpt lat="-27.002974" lon="-48.635997"><ele>10.592621</ele></trkpt><trkpt lat="-27.002973" lon="-48.635995"><ele>10.338165</ele></trkpt><trkpt lat="-27.002967" lon="-48.635986"><ele>10.816467</ele></trkpt><trkpt lat="-27.00296" lon="-48.635977"><ele>10.877014</ele></trkpt><trkpt lat="-27.002948" lon="-48.635969"><ele>10.471283</ele></trkpt><trkpt lat="-27.00294" lon="-48.635961"><ele>10.736786</ele></trkpt><trkpt lat="-27.002934" lon="-48.635954"><ele>11.253296</ele></trkpt><trkpt lat="-27.00293" lon="-48.63595"><ele>11.252167</ele></trkpt><trkpt lat="-27.00292" lon="-48.635947"><ele>11.122742</ele></trkpt><trkpt lat="-27.002914" lon="-48.63595"><ele>11.130432</ele></trkpt><trkpt lat="-27.002914" lon="-48.635952"><ele>10.959045</ele></trkpt><trkpt lat="-27.002915" lon="-48.635953"><ele>11.213745</ele></trkpt><trkpt lat="-27.002915" lon="-48.635953"><ele>11.340271</ele></trkpt><trkpt lat="-27.002915" lon="-48.635951"><ele>11.306366</ele></trkpt><trkpt lat="-27.002914" lon="-48.635951"><ele>11.561981</ele></trkpt><trkpt lat="-27.002913" lon="-48.635951"><ele>11.647308</ele></trkpt><trkpt lat="-27.002913" lon="-48.635951"><ele>12.40564</ele></trkpt><trkpt lat="-27.002916" lon="-48.63595"><ele>13.329285</ele></trkpt><trkpt lat="-27.002918" lon="-48.635951"><ele>13.248901</ele></trkpt><trkpt lat="-27.00292" lon="-48.635953"><ele>13.168274</ele></trkpt><trkpt lat="-27.002921" lon="-48.635954"><ele>12.395447</ele></trkpt><trkpt lat="-27.002921" lon="-48.635954"><ele>12.394226</ele></trkpt><trkpt lat="-27.002921" lon="-48.635954"><ele>12.699341</ele></trkpt><trkpt lat="-27.002926" lon="-48.63595"><ele>12.48761</ele></trkpt><trkpt lat="-27.002936" lon="-48.635944"><ele>12.410828</ele></trkpt><trkpt lat="-27.002947" lon="-48.635943"><ele>12.266357</ele></trkpt><trkpt lat="-27.00295" lon="-48.635941"><ele>12.27124</ele></trkpt><trkpt lat="-27.002955" lon="-48.635945"><ele>12.213074</ele></trkpt><trkpt lat="-27.002963" lon="-48.63595"><ele>12.129272</ele></trkpt><trkpt lat="-27.002971" lon="-48.635957"><ele>12.245178</ele></trkpt><trkpt lat="-27.002977" lon="-48.63597"><ele>12.500061</ele></trkpt><trkpt lat="-27.002984" lon="-48.635984"><ele>12.624573</ele></trkpt><trkpt lat="-27.002993" lon="-48.636"><ele>12.531555</ele></trkpt><trkpt lat="-27.003004" lon="-48.636015"><ele>12.272217</ele></trkpt><trkpt lat="-27.003016" lon="-48.636033"><ele>12.297913</ele></trkpt><trkpt lat="-27.00303" lon="-48.636052"><ele>12.266785</ele></trkpt><trkpt lat="-27.003045" lon="-48.636073"><ele>12.5979</ele></trkpt><trkpt lat="-27.003059" lon="-48.636096"><ele>11.365601</ele></trkpt><trkpt lat="-27.00307" lon="-48.636123"><ele>11.10022</ele></trkpt><trkpt lat="-27.003082" lon="-48.636148"><ele>10.778442</ele></trkpt><trkpt lat="-27.003095" lon="-48.636173"><ele>10.627991</ele></trkpt><trkpt lat="-27.003106" lon="-48.636193"><ele>10.503021</ele></trkpt><trkpt lat="-27.003118" lon="-48.636214"><ele>10.740326</ele></trkpt><trkpt lat="-27.003126" lon="-48.636235"><ele>9.087677</ele></trkpt><trkpt lat="-27.00313" lon="-48.63626"><ele>8.303772</ele></trkpt><trkpt lat="-27.003127" lon="-48.636256"><ele>8.586334</ele></trkpt><trkpt lat="-27.003125" lon="-48.636254"><ele>8.984741</ele></trkpt><trkpt lat="-27.003121" lon="-48.636247"><ele>8.494568</ele></trkpt><trkpt lat="-27.003118" lon="-48.636239"><ele>8.542847</ele></trkpt><trkpt lat="-27.003117" lon="-48.636237"><ele>8.540558</ele></trkpt><trkpt lat="-27.003117" lon="-48.636237"><ele>8.542694</ele></trkpt><trkpt lat="-27.003114" lon="-48.636234"><ele>8.993439</ele></trkpt><trkpt lat="-27.003109" lon="-48.636229"><ele>9.210144</ele></trkpt><trkpt lat="-27.003091" lon="-48.636236"><ele>9.381042</ele></trkpt><trkpt lat="-27.003081" lon="-48.63624"><ele>9.47403</ele></trkpt><trkpt lat="-27.003081" lon="-48.636241"><ele>9.262299</ele></trkpt><trkpt lat="-27.003081" lon="-48.636241"><ele>9.262299</ele></trkpt><trkpt lat="-27.003081" lon="-48.636242"><ele>8.996918</ele></trkpt><trkpt lat="-27.003083" lon="-48.636243"><ele>8.949249</ele></trkpt><trkpt lat="-27.003083" lon="-48.636243"><ele>8.953705</ele></trkpt><trkpt lat="-27.003083" lon="-48.636243"><ele>8.960114</ele></trkpt><trkpt lat="-27.003083" lon="-48.636244"><ele>8.956329</ele></trkpt><trkpt lat="-27.003083" lon="-48.636244"><ele>8.95697</ele></trkpt><trkpt lat="-27.003084" lon="-48.636244"><ele>9.084412</ele></trkpt><trkpt lat="-27.003084" lon="-48.636245"><ele>9.099396</ele></trkpt><trkpt lat="-27.003084" lon="-48.636246"><ele>9.1008</ele></trkpt><trkpt lat="-27.003084" lon="-48.636246"><ele>9.099731</ele></trkpt><trkpt lat="-27.003084" lon="-48.636246"><ele>9.099731</ele></trkpt><trkpt lat="-27.003083" lon="-48.636247"><ele>8.92218</ele></trkpt><trkpt lat="-27.003085" lon="-48.636248"><ele>8.874481</ele></trkpt><trkpt lat="-27.003087" lon="-48.636247"><ele>8.216522</ele></trkpt><trkpt lat="-27.003089" lon="-48.636245"><ele>7.96698</ele></trkpt><trkpt lat="-27.003089" lon="-48.636246"><ele>7.551422</ele></trkpt><trkpt lat="-27.003088" lon="-48.636247"><ele>7.333893</ele></trkpt><trkpt lat="-27.003092" lon="-48.636251"><ele>6.999512</ele></trkpt><trkpt lat="-27.003099" lon="-48.636254"><ele>7.134949</ele></trkpt><trkpt lat="-27.003105" lon="-48.636263"><ele>7.140106</ele></trkpt><trkpt lat="-27.003114" lon="-48.636273"><ele>6.689209</ele></trkpt><trkpt lat="-27.003125" lon="-48.636287"><ele>6.767426</ele></trkpt><trkpt lat="-27.003136" lon="-48.636301"><ele>6.697906</ele></trkpt><trkpt lat="-27.003146" lon="-48.636316"><ele>6.75769</ele></trkpt><trkpt lat="-27.003157" lon="-48.636331"><ele>6.880676</ele></trkpt><trkpt lat="-27.003166" lon="-48.636343"><ele>6.957428</ele></trkpt><trkpt lat="-27.003175" lon="-48.636353"><ele>6.850433</ele></trkpt><trkpt lat="-27.003185" lon="-48.636363"><ele>6.791443</ele></trkpt><trkpt lat="-27.003196" lon="-48.636378"><ele>6.909973</ele></trkpt><trkpt lat="-27.003208" lon="-48.636394"><ele>6.83017</ele></trkpt><trkpt lat="-27.003221" lon="-48.636413"><ele>6.669159</ele></trkpt><trkpt lat="-27.003234" lon="-48.636433"><ele>7.270203</ele></trkpt><trkpt lat="-27.003246" lon="-48.636452"><ele>7.20752</ele></trkpt><trkpt lat="-27.003261" lon="-48.636471"><ele>7.313293</ele></trkpt><trkpt lat="-27.003275" lon="-48.636491"><ele>6.495544</ele></trkpt><trkpt lat="-27.00329" lon="-48.636515"><ele>6.86377</ele></trkpt><trkpt lat="-27.003304" lon="-48.636539"><ele>6.877014</ele></trkpt><trkpt lat="-27.00332" lon="-48.636564"><ele>6.879272</ele></trkpt><trkpt lat="-27.003336" lon="-48.636587"><ele>6.848938</ele></trkpt><trkpt lat="-27.003351" lon="-48.636609"><ele>6.819702</ele></trkpt><trkpt lat="-27.003366" lon="-48.636629"><ele>6.762512</ele></trkpt><trkpt lat="-27.00338" lon="-48.636648"><ele>6.612091</ele></trkpt><trkpt lat="-27.003391" lon="-48.63666"><ele>6.814636</ele></trkpt><trkpt lat="-27.0034" lon="-48.636677"><ele>7.221954</ele></trkpt><trkpt lat="-27.003409" lon="-48.6367"><ele>8.375549</ele></trkpt><trkpt lat="-27.003413" lon="-48.63671"><ele>8.375427</ele></trkpt><trkpt lat="-27.003417" lon="-48.636724"><ele>8.33606</ele></trkpt><trkpt lat="-27.00342" lon="-48.636733"><ele>8.246613</ele></trkpt><trkpt lat="-27.003424" lon="-48.63674"><ele>8.262543</ele></trkpt><trkpt lat="-27.003429" lon="-48.636746"><ele>8.178955</ele></trkpt><trkpt lat="-27.003436" lon="-48.636751"><ele>8.261658</ele></trkpt><trkpt lat="-27.003442" lon="-48.636755"><ele>8.246735</ele></trkpt><trkpt lat="-27.003442" lon="-48.636755"><ele>8.246735</ele></trkpt><trkpt lat="-27.003446" lon="-48.636758"><ele>7.841309</ele></trkpt><trkpt lat="-27.003452" lon="-48.636764"><ele>7.967987</ele></trkpt><trkpt lat="-27.003458" lon="-48.636769"><ele>8.648743</ele></trkpt><trkpt lat="-27.003458" lon="-48.636769"><ele>8.648743</ele></trkpt><trkpt lat="-27.00346" lon="-48.636769"><ele>8.554626</ele></trkpt><trkpt lat="-27.00346" lon="-48.636769"><ele>8.554626</ele></trkpt><trkpt lat="-27.00346" lon="-48.636769"><ele>8.59668</ele></trkpt><trkpt lat="-27.00346" lon="-48.636769"><ele>8.594421</ele></trkpt><trkpt lat="-27.003459" lon="-48.636769"><ele>8.813843</ele></trkpt><trkpt lat="-27.00346" lon="-48.636766"><ele>8.923523</ele></trkpt><trkpt lat="-27.003458" lon="-48.636764"><ele>8.907928</ele></trkpt><trkpt lat="-27.003454" lon="-48.636765"><ele>8.088287</ele></trkpt><trkpt lat="-27.003454" lon="-48.636766"><ele>7.781006</ele></trkpt><trkpt lat="-27.003452" lon="-48.636768"><ele>8.065369</ele></trkpt><trkpt lat="-27.003451" lon="-48.636766"><ele>7.941681</ele></trkpt><trkpt lat="-27.003452" lon="-48.636763"><ele>7.931458</ele></trkpt><trkpt lat="-27.003453" lon="-48.636762"><ele>7.932129</ele></trkpt><trkpt lat="-27.003453" lon="-48.636762"><ele>7.934082</ele></trkpt><trkpt lat="-27.003453" lon="-48.636762"><ele>7.931335</ele></trkpt><trkpt lat="-27.003458" lon="-48.636769"><ele>8.288666</ele></trkpt><trkpt lat="-27.003465" lon="-48.636779"><ele>7.910339</ele></trkpt><trkpt lat="-27.003473" lon="-48.636792"><ele>7.595306</ele></trkpt><trkpt lat="-27.003482" lon="-48.636808"><ele>7.742462</ele></trkpt><trkpt lat="-27.003491" lon="-48.636825"><ele>7.745667</ele></trkpt><trkpt lat="-27.003502" lon="-48.636843"><ele>8.071472</ele></trkpt><trkpt lat="-27.003514" lon="-48.636862"><ele>7.923981</ele></trkpt><trkpt lat="-27.003525" lon="-48.636882"><ele>7.745636</ele></trkpt><trkpt lat="-27.003538" lon="-48.636904"><ele>7.640106</ele></trkpt><trkpt lat="-27.003552" lon="-48.636919"><ele>7.792694</ele></trkpt><trkpt lat="-27.003567" lon="-48.636932"><ele>9.437714</ele></trkpt><trkpt lat="-27.003574" lon="-48.636945"><ele>9.223877</ele></trkpt><trkpt lat="-27.00358" lon="-48.636964"><ele>9.294617</ele></trkpt><trkpt lat="-27.003589" lon="-48.636979"><ele>8.936066</ele></trkpt><trkpt lat="-27.003597" lon="-48.636982"><ele>9.074219</ele></trkpt><trkpt lat="-27.003604" lon="-48.636986"><ele>9.223572</ele></trkpt><trkpt lat="-27.003612" lon="-48.636992"><ele>9.138702</ele></trkpt><trkpt lat="-27.003618" lon="-48.636997"><ele>8.766388</ele></trkpt><trkpt lat="-27.003618" lon="-48.636997"><ele>8.766388</ele></trkpt><trkpt lat="-27.003625" lon="-48.637004"><ele>8.505005</ele></trkpt><trkpt lat="-27.003637" lon="-48.637016"><ele>8.610657</ele></trkpt><trkpt lat="-27.00365" lon="-48.637027"><ele>8.499634</ele></trkpt><trkpt lat="-27.00366" lon="-48.637036"><ele>8.921478</ele></trkpt><trkpt lat="-27.003666" lon="-48.637044"><ele>8.943604</ele></trkpt><trkpt lat="-27.003666" lon="-48.637044"><ele>8.943604</ele></trkpt><trkpt lat="-27.003673" lon="-48.637052"><ele>8.988922</ele></trkpt><trkpt lat="-27.003681" lon="-48.637062"><ele>9.021362</ele></trkpt><trkpt lat="-27.003688" lon="-48.637075"><ele>9.233337</ele></trkpt><trkpt lat="-27.003698" lon="-48.637093"><ele>8.960815</ele></trkpt><trkpt lat="-27.003707" lon="-48.637111"><ele>9.141785</ele></trkpt><trkpt lat="-27.003713" lon="-48.637125"><ele>9.30365</ele></trkpt><trkpt lat="-27.003714" lon="-48.637128"><ele>9.658569</ele></trkpt><trkpt lat="-27.003713" lon="-48.637127"><ele>9.686432</ele></trkpt><trkpt lat="-27.003715" lon="-48.637127"><ele>9.116394</ele></trkpt><trkpt lat="-27.003718" lon="-48.637123"><ele>9.116028</ele></trkpt><trkpt lat="-27.003718" lon="-48.637123"><ele>9.116028</ele></trkpt><trkpt lat="-27.003719" lon="-48.637122"><ele>9.113342</ele></trkpt><trkpt lat="-27.003719" lon="-48.637122"><ele>9.11264</ele></trkpt><trkpt lat="-27.003718" lon="-48.63712"><ele>9.504974</ele></trkpt><trkpt lat="-27.003716" lon="-48.637123"><ele>9.339478</ele></trkpt><trkpt lat="-27.003711" lon="-48.637129"><ele>9.289124</ele></trkpt><trkpt lat="-27.003713" lon="-48.637139"><ele>7.957245</ele></trkpt><trkpt lat="-27.003724" lon="-48.637155"><ele>7.936371</ele></trkpt><trkpt lat="-27.003737" lon="-48.637171"><ele>7.764465</ele></trkpt><trkpt lat="-27.003748" lon="-48.637186"><ele>7.635712</ele></trkpt><trkpt lat="-27.003759" lon="-48.637201"><ele>7.708435</ele></trkpt><trkpt lat="-27.003767" lon="-48.637218"><ele>7.668701</ele></trkpt><trkpt lat="-27.003777" lon="-48.637237"><ele>7.797577</ele></trkpt><trkpt lat="-27.003789" lon="-48.637256"><ele>7.881622</ele></trkpt><trkpt lat="-27.003801" lon="-48.637275"><ele>7.677063</ele></trkpt><trkpt lat="-27.003814" lon="-48.637297"><ele>8.708984</ele></trkpt><trkpt lat="-27.003827" lon="-48.637319"><ele>8.553223</ele></trkpt><trkpt lat="-27.003838" lon="-48.637339"><ele>8.618011</ele></trkpt><trkpt lat="-27.003851" lon="-48.637359"><ele>8.519531</ele></trkpt><trkpt lat="-27.003865" lon="-48.63738"><ele>8.732666</ele></trkpt><trkpt lat="-27.003879" lon="-48.637403"><ele>8.724609</ele></trkpt><trkpt lat="-27.003892" lon="-48.637429"><ele>8.722839</ele></trkpt><trkpt lat="-27.003907" lon="-48.637458"><ele>8.66626</ele></trkpt><trkpt lat="-27.003925" lon="-48.637484"><ele>9.000061</ele></trkpt><trkpt lat="-27.003938" lon="-48.637498"><ele>8.901215</ele></trkpt><trkpt lat="-27.003951" lon="-48.63751"><ele>8.66507</ele></trkpt><trkpt lat="-27.003966" lon="-48.637522"><ele>8.646271</ele></trkpt><trkpt lat="-27.003966" lon="-48.637522"><ele>8.646271</ele></trkpt><trkpt lat="-27.003977" lon="-48.637544"><ele>8.220154</ele></trkpt><trkpt lat="-27.003976" lon="-48.637559"><ele>8.138519</ele></trkpt><trkpt lat="-27.003986" lon="-48.637579"><ele>7.881653</ele></trkpt><trkpt lat="-27.004001" lon="-48.637601"><ele>7.770111</ele></trkpt><trkpt lat="-27.004019" lon="-48.637625"><ele>7.77597</ele></trkpt><trkpt lat="-27.004035" lon="-48.637645"><ele>7.464813</ele></trkpt><trkpt lat="-27.004053" lon="-48.637669"><ele>7.697479</ele></trkpt><trkpt lat="-27.004071" lon="-48.637693"><ele>7.468689</ele></trkpt><trkpt lat="-27.004087" lon="-48.637717"><ele>7.374756</ele></trkpt><trkpt lat="-27.004104" lon="-48.637741"><ele>6.754761</ele></trkpt><trkpt lat="-27.004117" lon="-48.637765"><ele>6.626434</ele></trkpt><trkpt lat="-27.00413" lon="-48.637787"><ele>6.564453</ele></trkpt><trkpt lat="-27.004146" lon="-48.637809"><ele>6.459839</ele></trkpt><trkpt lat="-27.004161" lon="-48.637827"><ele>6.643097</ele></trkpt><trkpt lat="-27.004173" lon="-48.63784"><ele>6.518188</ele></trkpt><trkpt lat="-27.004185" lon="-48.637851"><ele>6.839874</ele></trkpt><trkpt lat="-27.004185" lon="-48.637851"><ele>6.839874</ele></trkpt><trkpt lat="-27.004194" lon="-48.63786"><ele>7.199036</ele></trkpt><trkpt lat="-27.004203" lon="-48.637872"><ele>7.427063</ele></trkpt><trkpt lat="-27.004213" lon="-48.637888"><ele>7.069275</ele></trkpt><trkpt lat="-27.004223" lon="-48.637901"><ele>7.715149</ele></trkpt><trkpt lat="-27.004234" lon="-48.637916"><ele>7.98349</ele></trkpt><trkpt lat="-27.004244" lon="-48.63793"><ele>7.837952</ele></trkpt><trkpt lat="-27.004244" lon="-48.63793"><ele>7.837952</ele></trkpt><trkpt lat="-27.004254" lon="-48.637943"><ele>7.504486</ele></trkpt><trkpt lat="-27.004265" lon="-48.637956"><ele>7.587891</ele></trkpt><trkpt lat="-27.004273" lon="-48.637969"><ele>8.247894</ele></trkpt><trkpt lat="-27.004285" lon="-48.637981"><ele>8.50882</ele></trkpt><trkpt lat="-27.004299" lon="-48.637999"><ele>8.955933</ele></trkpt><trkpt lat="-27.004313" lon="-48.638019"><ele>8.867615</ele></trkpt><trkpt lat="-27.004327" lon="-48.638041"><ele>8.592865</ele></trkpt><trkpt lat="-27.004343" lon="-48.638063"><ele>8.550079</ele></trkpt><trkpt lat="-27.004359" lon="-48.638086"><ele>8.529388</ele></trkpt><trkpt lat="-27.004372" lon="-48.638109"><ele>8.753693</ele></trkpt><trkpt lat="-27.004385" lon="-48.638131"><ele>8.736877</ele></trkpt><trkpt lat="-27.0044" lon="-48.638154"><ele>8.721649</ele></trkpt><trkpt lat="-27.004416" lon="-48.638175"><ele>9.330017</ele></trkpt><trkpt lat="-27.004431" lon="-48.638194"><ele>9.515594</ele></trkpt><trkpt lat="-27.004449" lon="-48.638212"><ele>9.856384</ele></trkpt><trkpt lat="-27.004466" lon="-48.638231"><ele>9.27243</ele></trkpt><trkpt lat="-27.004477" lon="-48.638253"><ele>8.408478</ele></trkpt><trkpt lat="-27.004481" lon="-48.638278"><ele>7.788544</ele></trkpt><trkpt lat="-27.004484" lon="-48.638299"><ele>7.88327</ele></trkpt><trkpt lat="-27.004491" lon="-48.638312"><ele>7.798004</ele></trkpt><trkpt lat="-27.0045" lon="-48.638327"><ele>7.93866</ele></trkpt><trkpt lat="-27.004504" lon="-48.63834"><ele>7.643829</ele></trkpt><trkpt lat="-27.004505" lon="-48.638349"><ele>7.611633</ele></trkpt><trkpt lat="-27.004505" lon="-48.638349"><ele>7.193115</ele></trkpt><trkpt lat="-27.004504" lon="-48.638349"><ele>7.026184</ele></trkpt><trkpt lat="-27.004504" lon="-48.638346"><ele>6.980225</ele></trkpt><trkpt lat="-27.004506" lon="-48.638345"><ele>6.870575</ele></trkpt><trkpt lat="-27.004506" lon="-48.638346"><ele>7.134735</ele></trkpt><trkpt lat="-27.004505" lon="-48.638347"><ele>7.255646</ele></trkpt><trkpt lat="-27.004505" lon="-48.638346"><ele>7.374664</ele></trkpt><trkpt lat="-27.004503" lon="-48.638344"><ele>7.200531</ele></trkpt><trkpt lat="-27.0045" lon="-48.638342"><ele>7.221161</ele></trkpt><trkpt lat="-27.004499" lon="-48.638341"><ele>7.218536</ele></trkpt><trkpt lat="-27.004499" lon="-48.638342"><ele>7.102997</ele></trkpt><trkpt lat="-27.004499" lon="-48.638342"><ele>7.146271</ele></trkpt><trkpt lat="-27.004499" lon="-48.638342"><ele>7.146271</ele></trkpt><trkpt lat="-27.004499" lon="-48.638342"><ele>7.145294</ele></trkpt><trkpt lat="-27.004499" lon="-48.638342"><ele>7.176147</ele></trkpt><trkpt lat="-27.0045" lon="-48.638341"><ele>7.199829</ele></trkpt><trkpt lat="-27.0045" lon="-48.638344"><ele>7.137329</ele></trkpt><trkpt lat="-27.0045" lon="-48.638345"><ele>7.114777</ele></trkpt><trkpt lat="-27.004502" lon="-48.638346"><ele>7.194214</ele></trkpt><trkpt lat="-27.004506" lon="-48.638351"><ele>7.310852</ele></trkpt><trkpt lat="-27.004508" lon="-48.638353"><ele>7.616272</ele></trkpt><trkpt lat="-27.004507" lon="-48.638351"><ele>6.782806</ele></trkpt><trkpt lat="-27.004505" lon="-48.63835"><ele>7.223694</ele></trkpt><trkpt lat="-27.004503" lon="-48.638349"><ele>7.367828</ele></trkpt><trkpt lat="-27.004502" lon="-48.638346"><ele>7.446167</ele></trkpt><trkpt lat="-27.004503" lon="-48.638347"><ele>7.576508</ele></trkpt><trkpt lat="-27.004503" lon="-48.638348"><ele>7.586731</ele></trkpt><trkpt lat="-27.004504" lon="-48.63835"><ele>7.441528</ele></trkpt><trkpt lat="-27.004504" lon="-48.638352"><ele>7.429565</ele></trkpt><trkpt lat="-27.004503" lon="-48.638349"><ele>7.656525</ele></trkpt><trkpt lat="-27.004502" lon="-48.638348"><ele>7.735107</ele></trkpt><trkpt lat="-27.004503" lon="-48.638347"><ele>7.748444</ele></trkpt><trkpt lat="-27.004499" lon="-48.638351"><ele>7.917847</ele></trkpt><trkpt lat="-27.004498" lon="-48.638355"><ele>7.865753</ele></trkpt><trkpt lat="-27.004496" lon="-48.638356"><ele>7.824402</ele></trkpt><trkpt lat="-27.004494" lon="-48.638358"><ele>7.927002</ele></trkpt><trkpt lat="-27.004494" lon="-48.638358"><ele>7.92569</ele></trkpt><trkpt lat="-27.004494" lon="-48.638359"><ele>7.924622</ele></trkpt><trkpt lat="-27.004494" lon="-48.638359"><ele>7.928345</ele></trkpt><trkpt lat="-27.004494" lon="-48.638359"><ele>7.930389</ele></trkpt><trkpt lat="-27.004494" lon="-48.638359"><ele>7.876923</ele></trkpt><trkpt lat="-27.004494" lon="-48.638359"><ele>7.789948</ele></trkpt><trkpt lat="-27.004494" lon="-48.638358"><ele>7.680786</ele></trkpt><trkpt lat="-27.004494" lon="-48.638358"><ele>7.565155</ele></trkpt><trkpt lat="-27.004494" lon="-48.638359"><ele>7.211517</ele></trkpt><trkpt lat="-27.004495" lon="-48.638358"><ele>6.830109</ele></trkpt><trkpt lat="-27.004495" lon="-48.638358"><ele>6.830109</ele></trkpt><trkpt lat="-27.004495" lon="-48.638358"><ele>6.748535</ele></trkpt><trkpt lat="-27.004495" lon="-48.638359"><ele>6.754333</ele></trkpt><trkpt lat="-27.004495" lon="-48.638359"><ele>7.040558</ele></trkpt><trkpt lat="-27.004495" lon="-48.638359"><ele>7.040558</ele></trkpt><trkpt lat="-27.004496" lon="-48.638359"><ele>7.100159</ele></trkpt><trkpt lat="-27.004496" lon="-48.638358"><ele>6.912048</ele></trkpt><trkpt lat="-27.004496" lon="-48.638358"><ele>6.937622</ele></trkpt><trkpt lat="-27.004496" lon="-48.638358"><ele>6.955261</ele></trkpt><trkpt lat="-27.004496" lon="-48.638358"><ele>7.191284</ele></trkpt><trkpt lat="-27.004496" lon="-48.638358"><ele>7.209564</ele></trkpt><trkpt lat="-27.004496" lon="-48.638358"><ele>7.205627</ele></trkpt><trkpt lat="-27.004498" lon="-48.638357"><ele>7.066589</ele></trkpt><trkpt lat="-27.004499" lon="-48.638355"><ele>6.836853</ele></trkpt><trkpt lat="-27.004499" lon="-48.638355"><ele>6.797516</ele></trkpt><trkpt lat="-27.004499" lon="-48.638355"><ele>6.692749</ele></trkpt><trkpt lat="-27.0045" lon="-48.638355"><ele>6.794861</ele></trkpt><trkpt lat="-27.0045" lon="-48.638354"><ele>6.781433</ele></trkpt><trkpt lat="-27.004499" lon="-48.638356"><ele>7.118774</ele></trkpt><trkpt lat="-27.004498" lon="-48.638357"><ele>7.082092</ele></trkpt><trkpt lat="-27.004497" lon="-48.638359"><ele>6.900513</ele></trkpt><trkpt lat="-27.004499" lon="-48.63836"><ele>7.270508</ele></trkpt><trkpt lat="-27.004502" lon="-48.638361"><ele>7.239349</ele></trkpt><trkpt lat="-27.004503" lon="-48.638361"><ele>7.225739</ele></trkpt><trkpt lat="-27.004504" lon="-48.638361"><ele>7.138428</ele></trkpt><trkpt lat="-27.004504" lon="-48.638361"><ele>7.313599</ele></trkpt><trkpt lat="-27.004504" lon="-48.63836"><ele>7.809631</ele></trkpt><trkpt lat="-27.004504" lon="-48.63836"><ele>7.666687</ele></trkpt><trkpt lat="-27.004504" lon="-48.63836"><ele>7.671814</ele></trkpt><trkpt lat="-27.004504" lon="-48.63836"><ele>7.835571</ele></trkpt><trkpt lat="-27.004505" lon="-48.63836"><ele>7.758118</ele></trkpt><trkpt lat="-27.004505" lon="-48.638358"><ele>7.2565</ele></trkpt><trkpt lat="-27.004506" lon="-48.638357"><ele>7.39798</ele></trkpt><trkpt lat="-27.004506" lon="-48.638357"><ele>7.27182</ele></trkpt><trkpt lat="-27.004507" lon="-48.638356"><ele>7.591156</ele></trkpt><trkpt lat="-27.004507" lon="-48.638356"><ele>7.861359</ele></trkpt><trkpt lat="-27.004507" lon="-48.638356"><ele>8.129913</ele></trkpt><trkpt lat="-27.004507" lon="-48.638356"><ele>8.554718</ele></trkpt><trkpt lat="-27.004507" lon="-48.638356"><ele>8.780548</ele></trkpt><trkpt lat="-27.004507" lon="-48.638355"><ele>8.578491</ele></trkpt><trkpt lat="-27.004508" lon="-48.638355"><ele>8.414276</ele></trkpt><trkpt lat="-27.004508" lon="-48.638355"><ele>8.44577</ele></trkpt><trkpt lat="-27.004508" lon="-48.638354"><ele>8.404022</ele></trkpt><trkpt lat="-27.004508" lon="-48.638354"><ele>8.758728</ele></trkpt><trkpt lat="-27.004508" lon="-48.638354"><ele>8.848816</ele></trkpt><trkpt lat="-27.004506" lon="-48.638352"><ele>8.775391</ele></trkpt><trkpt lat="-27.004503" lon="-48.638351"><ele>8.524139</ele></trkpt><trkpt lat="-27.004503" lon="-48.638351"><ele>8.280182</ele></trkpt><trkpt lat="-27.004504" lon="-48.638349"><ele>7.948761</ele></trkpt><trkpt lat="-27.004504" lon="-48.638348"><ele>7.949097</ele></trkpt><trkpt lat="-27.004504" lon="-48.638348"><ele>7.9711</ele></trkpt><trkpt lat="-27.004505" lon="-48.638347"><ele>7.82547</ele></trkpt><trkpt lat="-27.004503" lon="-48.638345"><ele>8.042603</ele></trkpt><trkpt lat="-27.0045" lon="-48.638345"><ele>8.238861</ele></trkpt><trkpt lat="-27.004499" lon="-48.638344"><ele>8.174591</ele></trkpt><trkpt lat="-27.004499" lon="-48.638344"><ele>8.042145</ele></trkpt><trkpt lat="-27.0045" lon="-48.638344"><ele>8.244598</ele></trkpt><trkpt lat="-27.0045" lon="-48.638344"><ele>8.280609</ele></trkpt><trkpt lat="-27.0045" lon="-48.638344"><ele>8.280701</ele></trkpt><trkpt lat="-27.0045" lon="-48.638344"><ele>8.283295</ele></trkpt><trkpt lat="-27.0045" lon="-48.638344"><ele>8.283173</ele></trkpt><trkpt lat="-27.0045" lon="-48.638344"><ele>8.299255</ele></trkpt><trkpt lat="-27.0045" lon="-48.638344"><ele>8.205505</ele></trkpt><trkpt lat="-27.0045" lon="-48.638344"><ele>7.939667</ele></trkpt><trkpt lat="-27.0045" lon="-48.638344"><ele>7.939667</ele></trkpt><trkpt lat="-27.0045" lon="-48.638344"><ele>7.703796</ele></trkpt><trkpt lat="-27.0045" lon="-48.638344"><ele>7.556976</ele></trkpt><trkpt lat="-27.004501" lon="-48.638344"><ele>7.371246</ele></trkpt><trkpt lat="-27.004502" lon="-48.638344"><ele>7.554688</ele></trkpt><trkpt lat="-27.004504" lon="-48.638344"><ele>7.591797</ele></trkpt><trkpt lat="-27.004502" lon="-48.638342"><ele>7.792145</ele></trkpt><trkpt lat="-27.004501" lon="-48.638343"><ele>7.815125</ele></trkpt><trkpt lat="-27.004503" lon="-48.63834"><ele>7.894684</ele></trkpt><trkpt lat="-27.004503" lon="-48.638339"><ele>7.676788</ele></trkpt><trkpt lat="-27.004502" lon="-48.638335"><ele>7.383575</ele></trkpt><trkpt lat="-27.004502" lon="-48.638333"><ele>7.89389</ele></trkpt><trkpt lat="-27.004501" lon="-48.638333"><ele>7.677399</ele></trkpt><trkpt lat="-27.0045" lon="-48.638333"><ele>7.741119</ele></trkpt><trkpt lat="-27.0045" lon="-48.638333"><ele>7.598297</ele></trkpt><trkpt lat="-27.0045" lon="-48.638334"><ele>7.728363</ele></trkpt><trkpt lat="-27.004503" lon="-48.638337"><ele>7.638916</ele></trkpt><trkpt lat="-27.004504" lon="-48.638337"><ele>7.77652</ele></trkpt><trkpt lat="-27.004504" lon="-48.638337"><ele>7.873169</ele></trkpt><trkpt lat="-27.004504" lon="-48.638337"><ele>8.043243</ele></trkpt><trkpt lat="-27.004504" lon="-48.638337"><ele>8.172302</ele></trkpt><trkpt lat="-27.004504" lon="-48.638337"><ele>8.148041</ele></trkpt><trkpt lat="-27.004504" lon="-48.638337"><ele>8.430389</ele></trkpt><trkpt lat="-27.004504" lon="-48.638337"><ele>8.592041</ele></trkpt><trkpt lat="-27.004504" lon="-48.638337"><ele>8.590668</ele></trkpt><trkpt lat="-27.004504" lon="-48.638337"><ele>8.58313</ele></trkpt><trkpt lat="-27.004506" lon="-48.638339"><ele>8.554657</ele></trkpt><trkpt lat="-27.004509" lon="-48.638341"><ele>8.514099</ele></trkpt><trkpt lat="-27.004511" lon="-48.638343"><ele>9.540405</ele></trkpt><trkpt lat="-27.004515" lon="-48.638347"><ele>9.68576</ele></trkpt><trkpt lat="-27.004516" lon="-48.63835"><ele>9.717499</ele></trkpt><trkpt lat="-27.004513" lon="-48.638349"><ele>9.642029</ele></trkpt><trkpt lat="-27.004513" lon="-48.638346"><ele>9.656708</ele></trkpt><trkpt lat="-27.004513" lon="-48.638346"><ele>9.657562</ele></trkpt><trkpt lat="-27.004513" lon="-48.638345"><ele>9.657745</ele></trkpt><trkpt lat="-27.004513" lon="-48.638345"><ele>9.676331</ele></trkpt><trkpt lat="-27.004513" lon="-48.638345"><ele>9.67572</ele></trkpt><trkpt lat="-27.004514" lon="-48.638355"><ele>9.502045</ele></trkpt><trkpt lat="-27.004513" lon="-48.638366"><ele>9.735748</ele></trkpt><trkpt lat="-27.004508" lon="-48.638377"><ele>9.699493</ele></trkpt><trkpt lat="-27.004506" lon="-48.63838"><ele>10.15094</ele></trkpt><trkpt lat="-27.004502" lon="-48.63838"><ele>10.105774</ele></trkpt><trkpt lat="-27.004499" lon="-48.638381"><ele>10.117554</ele></trkpt><trkpt lat="-27.004496" lon="-48.638384"><ele>10.120178</ele></trkpt><trkpt lat="-27.004495" lon="-48.638385"><ele>10.119965</ele></trkpt><trkpt lat="-27.004494" lon="-48.638386"><ele>10.06781</ele></trkpt><trkpt lat="-27.004494" lon="-48.638395"><ele>10.034302</ele></trkpt><trkpt lat="-27.004492" lon="-48.638406"><ele>10.297974</ele></trkpt><trkpt lat="-27.004491" lon="-48.638419"><ele>10.201538</ele></trkpt><trkpt lat="-27.004493" lon="-48.638428"><ele>9.947693</ele></trkpt><trkpt lat="-27.004499" lon="-48.638432"><ele>9.139526</ele></trkpt><trkpt lat="-27.004505" lon="-48.638435"><ele>8.740631</ele></trkpt><trkpt lat="-27.00451" lon="-48.638435"><ele>9.155334</ele></trkpt><trkpt lat="-27.004517" lon="-48.638433"><ele>9.317261</ele></trkpt><trkpt lat="-27.004518" lon="-48.638432"><ele>9.313293</ele></trkpt><trkpt lat="-27.00452" lon="-48.638431"><ele>9.368073</ele></trkpt><trkpt lat="-27.00452" lon="-48.638429"><ele>9.444489</ele></trkpt><trkpt lat="-27.00452" lon="-48.638429"><ele>9.455872</ele></trkpt><trkpt lat="-27.00452" lon="-48.638429"><ele>9.449951</ele></trkpt><trkpt lat="-27.00452" lon="-48.638429"><ele>9.445557</ele></trkpt><trkpt lat="-27.00452" lon="-48.638429"><ele>9.441864</ele></trkpt><trkpt lat="-27.00452" lon="-48.638429"><ele>9.441345</ele></trkpt><trkpt lat="-27.00452" lon="-48.638429"><ele>9.437836</ele></trkpt><trkpt lat="-27.00452" lon="-48.638429"><ele>9.432373</ele></trkpt><trkpt lat="-27.00452" lon="-48.638429"><ele>9.427185</ele></trkpt><trkpt lat="-27.00452" lon="-48.638429"><ele>9.423615</ele></trkpt><trkpt lat="-27.00452" lon="-48.638429"><ele>9.420593</ele></trkpt><trkpt lat="-27.00452" lon="-48.638429"><ele>9.417694</ele></trkpt><trkpt lat="-27.004445" lon="-48.63865"><ele>14.416138</ele></trkpt><trkpt lat="-27.004687" lon="-48.638687"><ele>10.368042</ele></trkpt><trkpt lat="-27.004675" lon="-48.638672"><ele>2.167938</ele></trkpt><trkpt lat="-27.004704" lon="-48.638665"><ele>2.610565</ele></trkpt><trkpt lat="-27.004759" lon="-48.638662"><ele>2.749054</ele></trkpt><trkpt lat="-27.004775" lon="-48.638663"><ele>2.728729</ele></trkpt><trkpt lat="-27.004795" lon="-48.638658"><ele>2.246765</ele></trkpt><trkpt lat="-27.004796" lon="-48.638657"><ele>2.527954</ele></trkpt><trkpt lat="-27.004797" lon="-48.638661"><ele>3.047272</ele></trkpt><trkpt lat="-27.004783" lon="-48.638667"><ele>3.868805</ele></trkpt><trkpt lat="-27.004774" lon="-48.638674"><ele>4.575531</ele></trkpt><trkpt lat="-27.004774" lon="-48.638674"><ele>4.911743</ele></trkpt><trkpt lat="-27.004777" lon="-48.638675"><ele>4.812714</ele></trkpt><trkpt lat="-27.004771" lon="-48.638679"><ele>5.274841</ele></trkpt><trkpt lat="-27.004776" lon="-48.638677"><ele>5.313812</ele></trkpt><trkpt lat="-27.00478" lon="-48.638677"><ele>5.39209</ele></trkpt><trkpt lat="-27.004786" lon="-48.638676"><ele>5.104156</ele></trkpt><trkpt lat="-27.00479" lon="-48.638675"><ele>5.219879</ele></trkpt><trkpt lat="-27.004791" lon="-48.638676"><ele>5.402618</ele></trkpt><trkpt lat="-27.004794" lon="-48.638677"><ele>5.401245</ele></trkpt><trkpt lat="-27.004801" lon="-48.638677"><ele>5.225739</ele></trkpt><trkpt lat="-27.004802" lon="-48.638675"><ele>5.071533</ele></trkpt><trkpt lat="-27.0048" lon="-48.638674"><ele>4.806549</ele></trkpt><trkpt lat="-27.004801" lon="-48.638674"><ele>4.728394</ele></trkpt><trkpt lat="-27.004801" lon="-48.638674"><ele>4.440338</ele></trkpt><trkpt lat="-27.004801" lon="-48.638671"><ele>4.346313</ele></trkpt><trkpt lat="-27.004802" lon="-48.638671"><ele>4.009979</ele></trkpt><trkpt lat="-27.004802" lon="-48.638669"><ele>3.9776</ele></trkpt><trkpt lat="-27.004799" lon="-48.638668"><ele>4.059601</ele></trkpt><trkpt lat="-27.004799" lon="-48.638667"><ele>3.890503</ele></trkpt><trkpt lat="-27.004799" lon="-48.638667"><ele>3.444397</ele></trkpt><trkpt lat="-27.0048" lon="-48.638669"><ele>3.262329</ele></trkpt><trkpt lat="-27.0048" lon="-48.638674"><ele>4.211243</ele></trkpt><trkpt lat="-27.004798" lon="-48.638675"><ele>4.193939</ele></trkpt><trkpt lat="-27.004798" lon="-48.638675"><ele>4.193939</ele></trkpt><trkpt lat="-27.004795" lon="-48.638681"><ele>4.488007</ele></trkpt><trkpt lat="-27.004792" lon="-48.638682"><ele>4.598022</ele></trkpt><trkpt lat="-27.004792" lon="-48.638682"><ele>4.598022</ele></trkpt><trkpt lat="-27.004789" lon="-48.638681"><ele>4.637726</ele></trkpt><trkpt lat="-27.004787" lon="-48.638683"><ele>4.668671</ele></trkpt><trkpt lat="-27.004789" lon="-48.638682"><ele>4.360107</ele></trkpt><trkpt lat="-27.004789" lon="-48.638685"><ele>4.687866</ele></trkpt><trkpt lat="-27.00479" lon="-48.638685"><ele>4.648041</ele></trkpt><trkpt lat="-27.004794" lon="-48.638684"><ele>4.493195</ele></trkpt><trkpt lat="-27.004794" lon="-48.638684"><ele>4.493195</ele></trkpt><trkpt lat="-27.004795" lon="-48.638682"><ele>3.955933</ele></trkpt><trkpt lat="-27.004795" lon="-48.638682"><ele>3.955933</ele></trkpt><trkpt lat="-27.004799" lon="-48.638681"><ele>4.215851</ele></trkpt><trkpt lat="-27.004813" lon="-48.638675"><ele>3.845947</ele></trkpt><trkpt lat="-27.004817" lon="-48.638669"><ele>4.035858</ele></trkpt><trkpt lat="-27.004818" lon="-48.638667"><ele>4.202301</ele></trkpt><trkpt lat="-27.00482" lon="-48.638663"><ele>4.454956</ele></trkpt><trkpt lat="-27.004825" lon="-48.638662"><ele>4.089508</ele></trkpt><trkpt lat="-27.004825" lon="-48.638662"><ele>4.089508</ele></trkpt><trkpt lat="-27.004824" lon="-48.638664"><ele>4.440613</ele></trkpt><trkpt lat="-27.004822" lon="-48.638665"><ele>4.720642</ele></trkpt><trkpt lat="-27.004822" lon="-48.638664"><ele>4.841736</ele></trkpt><trkpt lat="-27.004822" lon="-48.638664"><ele>4.841736</ele></trkpt><trkpt lat="-27.00482" lon="-48.638664"><ele>5.108673</ele></trkpt><trkpt lat="-27.00482" lon="-48.638663"><ele>5.408539</ele></trkpt><trkpt lat="-27.00482" lon="-48.638663"><ele>5.847656</ele></trkpt><trkpt lat="-27.004821" lon="-48.638665"><ele>6.034882</ele></trkpt><trkpt lat="-27.00482" lon="-48.638664"><ele>6.125061</ele></trkpt><trkpt lat="-27.004819" lon="-48.638663"><ele>6.399567</ele></trkpt><trkpt lat="-27.004819" lon="-48.638659"><ele>6.4086</ele></trkpt><trkpt lat="-27.004818" lon="-48.638659"><ele>6.611206</ele></trkpt><trkpt lat="-27.004819" lon="-48.638659"><ele>6.702942</ele></trkpt><trkpt lat="-27.004819" lon="-48.638659"><ele>6.702942</ele></trkpt><trkpt lat="-27.004819" lon="-48.638659"><ele>7.06604</ele></trkpt><trkpt lat="-27.004815" lon="-48.638658"><ele>7.318848</ele></trkpt><trkpt lat="-27.004815" lon="-48.638658"><ele>7.318848</ele></trkpt><trkpt lat="-27.004816" lon="-48.638657"><ele>7.282471</ele></trkpt><trkpt lat="-27.004821" lon="-48.638656"><ele>7.619873</ele></trkpt><trkpt lat="-27.004823" lon="-48.638655"><ele>7.75293</ele></trkpt><trkpt lat="-27.004822" lon="-48.638655"><ele>7.924805</ele></trkpt><trkpt lat="-27.004821" lon="-48.638654"><ele>7.980865</ele></trkpt><trkpt lat="-27.004823" lon="-48.638652"><ele>7.871948</ele></trkpt><trkpt lat="-27.004828" lon="-48.638649"><ele>7.718414</ele></trkpt><trkpt lat="-27.004828" lon="-48.638649"><ele>7.718414</ele></trkpt><trkpt lat="-27.004831" lon="-48.638648"><ele>8.01178</ele></trkpt><trkpt lat="-27.004835" lon="-48.638645"><ele>7.893372</ele></trkpt><trkpt lat="-27.004836" lon="-48.638645"><ele>7.470856</ele></trkpt><trkpt lat="-27.004836" lon="-48.638642"><ele>7.3302</ele></trkpt><trkpt lat="-27.004836" lon="-48.638641"><ele>7.284729</ele></trkpt><trkpt lat="-27.004836" lon="-48.63864"><ele>7.127441</ele></trkpt><trkpt lat="-27.004836" lon="-48.638641"><ele>7.070496</ele></trkpt><trkpt lat="-27.004835" lon="-48.638641"><ele>6.997009</ele></trkpt><trkpt lat="-27.004834" lon="-48.63864"><ele>6.729095</ele></trkpt><trkpt lat="-27.004834" lon="-48.638639"><ele>6.809113</ele></trkpt><trkpt lat="-27.004835" lon="-48.638639"><ele>6.594604</ele></trkpt><trkpt lat="-27.004835" lon="-48.638637"><ele>6.565643</ele></trkpt><trkpt lat="-27.004832" lon="-48.638636"><ele>6.468079</ele></trkpt><trkpt lat="-27.004833" lon="-48.638637"><ele>6.612671</ele></trkpt><trkpt lat="-27.004835" lon="-48.638635"><ele>6.695068</ele></trkpt><trkpt lat="-27.004835" lon="-48.638635"><ele>6.608673</ele></trkpt><trkpt lat="-27.004835" lon="-48.638633"><ele>6.833954</ele></trkpt><trkpt lat="-27.004836" lon="-48.638632"><ele>6.921143</ele></trkpt><trkpt lat="-27.004835" lon="-48.638631"><ele>6.989105</ele></trkpt><trkpt lat="-27.004835" lon="-48.638631"><ele>7.038757</ele></trkpt><trkpt lat="-27.004836" lon="-48.63863"><ele>7.141998</ele></trkpt><trkpt lat="-27.004837" lon="-48.638629"><ele>7.129395</ele></trkpt><trkpt lat="-27.004839" lon="-48.638628"><ele>7.031982</ele></trkpt><trkpt lat="-27.00484" lon="-48.638628"><ele>7.105316</ele></trkpt><trkpt lat="-27.004841" lon="-48.638627"><ele>7.080292</ele></trkpt><trkpt lat="-27.004843" lon="-48.638627"><ele>7.094238</ele></trkpt><trkpt lat="-27.004845" lon="-48.638626"><ele>7.10614</ele></trkpt><trkpt lat="-27.004845" lon="-48.638626"><ele>7.104797</ele></trkpt><trkpt lat="-27.004844" lon="-48.638627"><ele>6.896912</ele></trkpt><trkpt lat="-27.004845" lon="-48.638628"><ele>7.662842</ele></trkpt><trkpt lat="-27.004844" lon="-48.638627"><ele>7.692871</ele></trkpt><trkpt lat="-27.004845" lon="-48.638627"><ele>8.343719</ele></trkpt><trkpt lat="-27.004843" lon="-48.638628"><ele>8.271484</ele></trkpt><trkpt lat="-27.004839" lon="-48.638627"><ele>8.458496</ele></trkpt><trkpt lat="-27.004837" lon="-48.638627"><ele>8.532532</ele></trkpt><trkpt lat="-27.004834" lon="-48.638627"><ele>7.58194</ele></trkpt><trkpt lat="-27.00484" lon="-48.638631"><ele>7.535004</ele></trkpt><trkpt lat="-27.004838" lon="-48.638633"><ele>7.30072</ele></trkpt><trkpt lat="-27.004836" lon="-48.638632"><ele>7.317291</ele></trkpt><trkpt lat="-27.004836" lon="-48.638632"><ele>7.129547</ele></trkpt><trkpt lat="-27.004832" lon="-48.638631"><ele>7.357697</ele></trkpt><trkpt lat="-27.00483" lon="-48.638636"><ele>7.271912</ele></trkpt><trkpt lat="-27.004834" lon="-48.638647"><ele>7.066925</ele></trkpt><trkpt lat="-27.004832" lon="-48.638657"><ele>7.353699</ele></trkpt><trkpt lat="-27.004836" lon="-48.638671"><ele>7.202332</ele></trkpt><trkpt lat="-27.00484" lon="-48.638689"><ele>7.699127</ele></trkpt><trkpt lat="-27.004844" lon="-48.638707"><ele>7.860046</ele></trkpt><trkpt lat="-27.004852" lon="-48.638725"><ele>7.512085</ele></trkpt><trkpt lat="-27.004863" lon="-48.638746"><ele>7.321655</ele></trkpt><trkpt lat="-27.004874" lon="-48.638767"><ele>7.262115</ele></trkpt><trkpt lat="-27.004886" lon="-48.638785"><ele>7.271332</ele></trkpt><trkpt lat="-27.0049" lon="-48.638806"><ele>7.417877</ele></trkpt><trkpt lat="-27.004914" lon="-48.638829"><ele>7.237701</ele></trkpt><trkpt lat="-27.004925" lon="-48.638855"><ele>7.234222</ele></trkpt><trkpt lat="-27.004935" lon="-48.638879"><ele>7.144104</ele></trkpt><trkpt lat="-27.004943" lon="-48.638899"><ele>6.795471</ele></trkpt><trkpt lat="-27.00495" lon="-48.638916"><ele>6.681244</ele></trkpt><trkpt lat="-27.004957" lon="-48.638931"><ele>6.696075</ele></trkpt><trkpt lat="-27.004969" lon="-48.638944"><ele>7.19397</ele></trkpt><trkpt lat="-27.004973" lon="-48.63895"><ele>7.26413</ele></trkpt><trkpt lat="-27.00498" lon="-48.638956"><ele>7.081055</ele></trkpt><trkpt lat="-27.004986" lon="-48.638969"><ele>7.331787</ele></trkpt><trkpt lat="-27.004984" lon="-48.638979"><ele>7.467224</ele></trkpt><trkpt lat="-27.004983" lon="-48.638988"><ele>7.566254</ele></trkpt><trkpt lat="-27.004979" lon="-48.638993"><ele>7.879761</ele></trkpt><trkpt lat="-27.004979" lon="-48.638993"><ele>7.879761</ele></trkpt><trkpt lat="-27.004975" lon="-48.638996"><ele>7.198944</ele></trkpt><trkpt lat="-27.004977" lon="-48.639001"><ele>7.21402</ele></trkpt><trkpt lat="-27.004981" lon="-48.639008"><ele>7.138702</ele></trkpt><trkpt lat="-27.004986" lon="-48.639018"><ele>6.504913</ele></trkpt><trkpt lat="-27.004996" lon="-48.639031"><ele>6.538483</ele></trkpt><trkpt lat="-27.005007" lon="-48.639047"><ele>6.299774</ele></trkpt><trkpt lat="-27.005016" lon="-48.639065"><ele>5.982025</ele></trkpt><trkpt lat="-27.005021" lon="-48.639081"><ele>6.072968</ele></trkpt><trkpt lat="-27.005027" lon="-48.6391"><ele>6.205902</ele></trkpt><trkpt lat="-27.005038" lon="-48.639119"><ele>6.100342</ele></trkpt><trkpt lat="-27.005049" lon="-48.639137"><ele>6.564087</ele></trkpt><trkpt lat="-27.005056" lon="-48.639155"><ele>6.639465</ele></trkpt><trkpt lat="-27.005068" lon="-48.639178"><ele>6.729919</ele></trkpt><trkpt lat="-27.005082" lon="-48.639195"><ele>6.793976</ele></trkpt><trkpt lat="-27.005095" lon="-48.639217"><ele>6.878418</ele></trkpt><trkpt lat="-27.005107" lon="-48.639241"><ele>6.418213</ele></trkpt><trkpt lat="-27.00512" lon="-48.639263"><ele>6.577911</ele></trkpt><trkpt lat="-27.005135" lon="-48.639284"><ele>6.499023</ele></trkpt><trkpt lat="-27.005148" lon="-48.6393"><ele>6.40976</ele></trkpt><trkpt lat="-27.005159" lon="-48.639313"><ele>6.406708</ele></trkpt><trkpt lat="-27.005169" lon="-48.639327"><ele>6.017395</ele></trkpt><trkpt lat="-27.005179" lon="-48.63934"><ele>6.577301</ele></trkpt><trkpt lat="-27.005191" lon="-48.639353"><ele>6.400665</ele></trkpt><trkpt lat="-27.005205" lon="-48.639368"><ele>6.330353</ele></trkpt><trkpt lat="-27.005218" lon="-48.639384"><ele>6.267883</ele></trkpt><trkpt lat="-27.005232" lon="-48.639403"><ele>6.191284</ele></trkpt><trkpt lat="-27.005245" lon="-48.639423"><ele>6.283966</ele></trkpt><trkpt lat="-27.005257" lon="-48.639441"><ele>6.615417</ele></trkpt><trkpt lat="-27.005257" lon="-48.639441"><ele>6.615417</ele></trkpt><trkpt lat="-27.00527" lon="-48.639458"><ele>6.771973</ele></trkpt><trkpt lat="-27.005282" lon="-48.63947"><ele>6.661804</ele></trkpt><trkpt lat="-27.005295" lon="-48.639485"><ele>6.7995</ele></trkpt><trkpt lat="-27.005304" lon="-48.639497"><ele>7.020782</ele></trkpt><trkpt lat="-27.005311" lon="-48.639511"><ele>6.941986</ele></trkpt><trkpt lat="-27.005319" lon="-48.639528"><ele>7.020996</ele></trkpt><trkpt lat="-27.00533" lon="-48.639546"><ele>7.198792</ele></trkpt><trkpt lat="-27.005341" lon="-48.639564"><ele>7.188904</ele></trkpt><trkpt lat="-27.005356" lon="-48.639583"><ele>7.139252</ele></trkpt><trkpt lat="-27.005369" lon="-48.6396"><ele>7.123413</ele></trkpt><trkpt lat="-27.005384" lon="-48.639619"><ele>7.089935</ele></trkpt><trkpt lat="-27.005397" lon="-48.639639"><ele>7.384766</ele></trkpt><trkpt lat="-27.00541" lon="-48.639659"><ele>7.431915</ele></trkpt><trkpt lat="-27.005421" lon="-48.639678"><ele>7.230103</ele></trkpt><trkpt lat="-27.005431" lon="-48.639697"><ele>7.263519</ele></trkpt><trkpt lat="-27.005443" lon="-48.639717"><ele>7.023285</ele></trkpt><trkpt lat="-27.005459" lon="-48.639735"><ele>7.085663</ele></trkpt><trkpt lat="-27.00547" lon="-48.639749"><ele>7.095581</ele></trkpt><trkpt lat="-27.005491" lon="-48.639777"><ele>7.773956</ele></trkpt><trkpt lat="-27.005512" lon="-48.639808"><ele>8.256927</ele></trkpt><trkpt lat="-27.005518" lon="-48.639827"><ele>7.792511</ele></trkpt><trkpt lat="-27.005522" lon="-48.639837"><ele>7.183289</ele></trkpt><trkpt lat="-27.005527" lon="-48.639843"><ele>7.066193</ele></trkpt><trkpt lat="-27.005531" lon="-48.63985"><ele>6.85257</ele></trkpt><trkpt lat="-27.005539" lon="-48.639857"><ele>6.729614</ele></trkpt><trkpt lat="-27.005549" lon="-48.639868"><ele>6.885132</ele></trkpt><trkpt lat="-27.005558" lon="-48.639881"><ele>6.431305</ele></trkpt><trkpt lat="-27.005568" lon="-48.639892"><ele>6.122467</ele></trkpt><trkpt lat="-27.005577" lon="-48.639906"><ele>5.944458</ele></trkpt><trkpt lat="-27.005584" lon="-48.639922"><ele>5.970245</ele></trkpt><trkpt lat="-27.00559" lon="-48.63994"><ele>6.333099</ele></trkpt><trkpt lat="-27.005596" lon="-48.639957"><ele>6.751953</ele></trkpt><trkpt lat="-27.005605" lon="-48.639973"><ele>5.963715</ele></trkpt><trkpt lat="-27.005614" lon="-48.639986"><ele>6.338501</ele></trkpt><trkpt lat="-27.005621" lon="-48.639997"><ele>6.446838</ele></trkpt><trkpt lat="-27.005634" lon="-48.640011"><ele>6.209381</ele></trkpt><trkpt lat="-27.00564" lon="-48.640022"><ele>5.68634</ele></trkpt><trkpt lat="-27.00564" lon="-48.640029"><ele>6.1073</ele></trkpt><trkpt lat="-27.005637" lon="-48.64003"><ele>6.192963</ele></trkpt><trkpt lat="-27.005634" lon="-48.640025"><ele>6.369202</ele></trkpt><trkpt lat="-27.005631" lon="-48.640022"><ele>6.376648</ele></trkpt><trkpt lat="-27.005629" lon="-48.64002"><ele>5.910156</ele></trkpt><trkpt lat="-27.005629" lon="-48.64002"><ele>5.910156</ele></trkpt><trkpt lat="-27.005627" lon="-48.64002"><ele>5.550415</ele></trkpt><trkpt lat="-27.005625" lon="-48.64002"><ele>5.582611</ele></trkpt><trkpt lat="-27.005623" lon="-48.64002"><ele>6.026794</ele></trkpt><trkpt lat="-27.005622" lon="-48.64002"><ele>6.705566</ele></trkpt><trkpt lat="-27.00562" lon="-48.640021"><ele>6.733612</ele></trkpt><trkpt lat="-27.005619" lon="-48.640021"><ele>6.736481</ele></trkpt><trkpt lat="-27.005621" lon="-48.64002"><ele>7.222076</ele></trkpt><trkpt lat="-27.005622" lon="-48.64002"><ele>7.470459</ele></trkpt><trkpt lat="-27.005622" lon="-48.64002"><ele>7.470459</ele></trkpt><trkpt lat="-27.005622" lon="-48.640022"><ele>7.555573</ele></trkpt><trkpt lat="-27.005621" lon="-48.640024"><ele>7.463806</ele></trkpt><trkpt lat="-27.005619" lon="-48.640026"><ele>7.472076</ele></trkpt><trkpt lat="-27.005618" lon="-48.640026"><ele>7.473114</ele></trkpt><trkpt lat="-27.005618" lon="-48.640026"><ele>7.473816</ele></trkpt><trkpt lat="-27.005618" lon="-48.640026"><ele>7.473511</ele></trkpt><trkpt lat="-27.005616" lon="-48.640028"><ele>7.661835</ele></trkpt><trkpt lat="-27.005618" lon="-48.640025"><ele>7.384064</ele></trkpt><trkpt lat="-27.005621" lon="-48.640015"><ele>7.057709</ele></trkpt><trkpt lat="-27.005622" lon="-48.640013"><ele>7.057953</ele></trkpt><trkpt lat="-27.005622" lon="-48.640013"><ele>7.05835</ele></trkpt><trkpt lat="-27.005622" lon="-48.640013"><ele>6.96283</ele></trkpt><trkpt lat="-27.005618" lon="-48.640012"><ele>6.760895</ele></trkpt><trkpt lat="-27.005615" lon="-48.640015"><ele>6.765778</ele></trkpt><trkpt lat="-27.005614" lon="-48.640019"><ele>6.787415</ele></trkpt><trkpt lat="-27.005606" lon="-48.640026"><ele>7.176819</ele></trkpt><trkpt lat="-27.005608" lon="-48.640027"><ele>6.678009</ele></trkpt><trkpt lat="-27.005606" lon="-48.64003"><ele>6.396027</ele></trkpt><trkpt lat="-27.005608" lon="-48.640031"><ele>6.334686</ele></trkpt><trkpt lat="-27.005608" lon="-48.640031"><ele>6.332489</ele></trkpt><trkpt lat="-27.005608" lon="-48.640032"><ele>6.330963</ele></trkpt><trkpt lat="-27.005608" lon="-48.640031"><ele>6.041138</ele></trkpt><trkpt lat="-27.005608" lon="-48.640031"><ele>5.915314</ele></trkpt><trkpt lat="-27.005608" lon="-48.64003"><ele>6.096405</ele></trkpt><trkpt lat="-27.005607" lon="-48.640029"><ele>6.084747</ele></trkpt><trkpt lat="-27.005607" lon="-48.640029"><ele>6.084778</ele></trkpt><trkpt lat="-27.005607" lon="-48.640029"><ele>6.085083</ele></trkpt><trkpt lat="-27.005607" lon="-48.640029"><ele>6.090088</ele></trkpt><trkpt lat="-27.005607" lon="-48.640029"><ele>6.097504</ele></trkpt><trkpt lat="-27.005607" lon="-48.640029"><ele>6.112366</ele></trkpt><trkpt lat="-27.005607" lon="-48.640029"><ele>6.112366</ele></trkpt><trkpt lat="-27.005607" lon="-48.640029"><ele>6.125824</ele></trkpt><trkpt lat="-27.005607" lon="-48.640029"><ele>6.123688</ele></trkpt><trkpt lat="-27.005607" lon="-48.640029"><ele>6.130829</ele></trkpt><trkpt lat="-27.005607" lon="-48.640029"><ele>6.127655</ele></trkpt><trkpt lat="-27.005607" lon="-48.640029"><ele>6.127655</ele></trkpt><trkpt lat="-27.005607" lon="-48.640028"><ele>6.126678</ele></trkpt><trkpt lat="-27.005607" lon="-48.640028"><ele>6.125732</ele></trkpt><trkpt lat="-27.005609" lon="-48.640027"><ele>5.883148</ele></trkpt><trkpt lat="-27.005612" lon="-48.640027"><ele>5.507751</ele></trkpt><trkpt lat="-27.005613" lon="-48.640027"><ele>5.449646</ele></trkpt><trkpt lat="-27.005614" lon="-48.64003"><ele>5.269897</ele></trkpt><trkpt lat="-27.005612" lon="-48.640035"><ele>5.239532</ele></trkpt><trkpt lat="-27.005612" lon="-48.640037"><ele>5.001678</ele></trkpt><trkpt lat="-27.005614" lon="-48.640039"><ele>5.859497</ele></trkpt><trkpt lat="-27.005611" lon="-48.640029"><ele>6.390625</ele></trkpt><trkpt lat="-27.005607" lon="-48.640022"><ele>6.475769</ele></trkpt><trkpt lat="-27.005604" lon="-48.640018"><ele>6.185486</ele></trkpt><trkpt lat="-27.0056" lon="-48.640012"><ele>6.451141</ele></trkpt><trkpt lat="-27.005597" lon="-48.640004"><ele>6.913116</ele></trkpt><trkpt lat="-27.005594" lon="-48.639997"><ele>6.24649</ele></trkpt><trkpt lat="-27.005589" lon="-48.639985"><ele>6.31897</ele></trkpt><trkpt lat="-27.00559" lon="-48.639965"><ele>6.411621</ele></trkpt><trkpt lat="-27.0056" lon="-48.639942"><ele>6.557861</ele></trkpt><trkpt lat="-27.005611" lon="-48.639923"><ele>6.800476</ele></trkpt><trkpt lat="-27.005618" lon="-48.639914"><ele>6.879547</ele></trkpt><trkpt lat="-27.005621" lon="-48.63992"><ele>6.961212</ele></trkpt><trkpt lat="-27.005622" lon="-48.639922"><ele>6.961182</ele></trkpt><trkpt lat="-27.005622" lon="-48.639922"><ele>6.961639</ele></trkpt><trkpt lat="-27.005622" lon="-48.639923"><ele>6.9617</ele></trkpt><trkpt lat="-27.005622" lon="-48.639923"><ele>6.961517</ele></trkpt><trkpt lat="-27.005621" lon="-48.639922"><ele>7.114227</ele></trkpt><trkpt lat="-27.00562" lon="-48.639922"><ele>7.132233</ele></trkpt><trkpt lat="-27.00562" lon="-48.639922"><ele>7.249817</ele></trkpt><trkpt lat="-27.005619" lon="-48.639922"><ele>7.266907</ele></trkpt><trkpt lat="-27.00562" lon="-48.639921"><ele>7.307678</ele></trkpt><trkpt lat="-27.005618" lon="-48.639916"><ele>8.077362</ele></trkpt><trkpt lat="-27.005618" lon="-48.639911"><ele>8.389221</ele></trkpt><trkpt lat="-27.005615" lon="-48.63991"><ele>8.355469</ele></trkpt><trkpt lat="-27.005613" lon="-48.639909"><ele>8.165314</ele></trkpt><trkpt lat="-27.005609" lon="-48.639908"><ele>8.583435</ele></trkpt><trkpt lat="-27.005604" lon="-48.639908"><ele>8.472046</ele></trkpt><trkpt lat="-27.005602" lon="-48.639909"><ele>8.283325</ele></trkpt><trkpt lat="-27.005599" lon="-48.639917"><ele>8.157623</ele></trkpt><trkpt lat="-27.005597" lon="-48.639924"><ele>7.25354</ele></trkpt><trkpt lat="-27.005591" lon="-48.639933"><ele>6.410736</ele></trkpt><trkpt lat="-27.005586" lon="-48.639941"><ele>7.959961</ele></trkpt><trkpt lat="-27.005577" lon="-48.639957"><ele>7.78006</ele></trkpt><trkpt lat="-27.00557" lon="-48.639972"><ele>7.82254</ele></trkpt><trkpt lat="-27.005569" lon="-48.639975"><ele>8.127655</ele></trkpt><trkpt lat="-27.005564" lon="-48.639971"><ele>8.335449</ele></trkpt><trkpt lat="-27.005563" lon="-48.63997"><ele>9.341461</ele></trkpt><trkpt lat="-27.005562" lon="-48.63997"><ele>9.534576</ele></trkpt><trkpt lat="-27.005562" lon="-48.63997"><ele>9.735504</ele></trkpt><trkpt lat="-27.005561" lon="-48.639971"><ele>9.999817</ele></trkpt><trkpt lat="-27.005561" lon="-48.639971"><ele>9.999817</ele></trkpt><trkpt lat="-27.00556" lon="-48.639972"><ele>10.009338</ele></trkpt><trkpt lat="-27.00556" lon="-48.639972"><ele>10.009338</ele></trkpt><trkpt lat="-27.00556" lon="-48.639972"><ele>10.00647</ele></trkpt><trkpt lat="-27.00556" lon="-48.639972"><ele>10.007202</ele></trkpt><trkpt lat="-27.00556" lon="-48.639972"><ele>10.00531</ele></trkpt><trkpt lat="-27.00556" lon="-48.639976"><ele>8.772736</ele></trkpt><trkpt lat="-27.005561" lon="-48.639978"><ele>8.75946</ele></trkpt><trkpt lat="-27.005561" lon="-48.639978"><ele>8.75946</ele></trkpt><trkpt lat="-27.005561" lon="-48.639978"><ele>8.759491</ele></trkpt><trkpt lat="-27.005561" lon="-48.639978"><ele>8.759491</ele></trkpt><trkpt lat="-27.005561" lon="-48.639978"><ele>8.756226</ele></trkpt><trkpt lat="-27.00556" lon="-48.639979"><ele>9.016266</ele></trkpt><trkpt lat="-27.005558" lon="-48.639979"><ele>9.041534</ele></trkpt><trkpt lat="-27.005558" lon="-48.639981"><ele>8.677185</ele></trkpt><trkpt lat="-27.005559" lon="-48.639981"><ele>8.554993</ele></trkpt><trkpt lat="-27.005558" lon="-48.639982"><ele>8.54892</ele></trkpt><trkpt lat="-27.005556" lon="-48.639981"><ele>8.709106</ele></trkpt><trkpt lat="-27.005555" lon="-48.63998"><ele>8.330872</ele></trkpt><trkpt lat="-27.005552" lon="-48.639982"><ele>8.655334</ele></trkpt><trkpt lat="-27.005552" lon="-48.639983"><ele>8.913422</ele></trkpt><trkpt lat="-27.005555" lon="-48.639986"><ele>8.807678</ele></trkpt><trkpt lat="-27.005556" lon="-48.639987"><ele>8.744659</ele></trkpt><trkpt lat="-27.005556" lon="-48.639987"><ele>8.740906</ele></trkpt><trkpt lat="-27.005557" lon="-48.639987"><ele>8.74115</ele></trkpt><trkpt lat="-27.005557" lon="-48.639987"><ele>8.741089</ele></trkpt><trkpt lat="-27.005557" lon="-48.639987"><ele>8.741364</ele></trkpt><trkpt lat="-27.005557" lon="-48.639988"><ele>9.180939</ele></trkpt><trkpt lat="-27.005557" lon="-48.639989"><ele>9.335663</ele></trkpt><trkpt lat="-27.005557" lon="-48.63999"><ele>9.342468</ele></trkpt><trkpt lat="-27.005558" lon="-48.63999"><ele>9.434387</ele></trkpt><trkpt lat="-27.005559" lon="-48.639992"><ele>11.140076</ele></trkpt><trkpt lat="-27.005559" lon="-48.639994"><ele>11.112946</ele></trkpt><trkpt lat="-27.005561" lon="-48.639995"><ele>11.336731</ele></trkpt><trkpt lat="-27.005561" lon="-48.639995"><ele>11.348846</ele></trkpt><trkpt lat="-27.005561" lon="-48.639994"><ele>11.361969</ele></trkpt><trkpt lat="-27.005561" lon="-48.639994"><ele>11.255219</ele></trkpt><trkpt lat="-27.005561" lon="-48.639996"><ele>11.487671</ele></trkpt><trkpt lat="-27.005562" lon="-48.639998"><ele>11.187531</ele></trkpt><trkpt lat="-27.005562" lon="-48.639999"><ele>11.156036</ele></trkpt><trkpt lat="-27.005562" lon="-48.639999"><ele>11.15921</ele></trkpt><trkpt lat="-27.005564" lon="-48.640003"><ele>11.246887</ele></trkpt><trkpt lat="-27.00557" lon="-48.640012"><ele>11.225616</ele></trkpt><trkpt lat="-27.005575" lon="-48.640018"><ele>10.980377</ele></trkpt><trkpt lat="-27.005581" lon="-48.640027"><ele>10.788513</ele></trkpt><trkpt lat="-27.005588" lon="-48.640039"><ele>10.322998</ele></trkpt><trkpt lat="-27.005597" lon="-48.640052"><ele>9.913239</ele></trkpt><trkpt lat="-27.005608" lon="-48.640064"><ele>9.805603</ele></trkpt><trkpt lat="-27.005619" lon="-48.640078"><ele>9.613037</ele></trkpt><trkpt lat="-27.00563" lon="-48.640093"><ele>9.312592</ele></trkpt><trkpt lat="-27.00564" lon="-48.640109"><ele>9.179688</ele></trkpt><trkpt lat="-27.005651" lon="-48.640131"><ele>9.951416</ele></trkpt><trkpt lat="-27.00566" lon="-48.640149"><ele>10.190033</ele></trkpt><trkpt lat="-27.005668" lon="-48.640164"><ele>10.249512</ele></trkpt><trkpt lat="-27.005677" lon="-48.640183"><ele>9.787292</ele></trkpt><trkpt lat="-27.005683" lon="-48.640201"><ele>9.545044</ele></trkpt><trkpt lat="-27.005696" lon="-48.640218"><ele>9.946411</ele></trkpt><trkpt lat="-27.00571" lon="-48.640233"><ele>9.704895</ele></trkpt><trkpt lat="-27.00571" lon="-48.640233"><ele>9.704895</ele></trkpt><trkpt lat="-27.005724" lon="-48.640249"><ele>9.201538</ele></trkpt><trkpt lat="-27.005738" lon="-48.640264"><ele>9.002441</ele></trkpt><trkpt lat="-27.00575" lon="-48.64028"><ele>9.449585</ele></trkpt><trkpt lat="-27.005765" lon="-48.640296"><ele>9.612427</ele></trkpt><trkpt lat="-27.005778" lon="-48.640315"><ele>8.865417</ele></trkpt><trkpt lat="-27.005789" lon="-48.640336"><ele>8.720612</ele></trkpt><trkpt lat="-27.005803" lon="-48.640359"><ele>8.720795</ele></trkpt><trkpt lat="-27.005816" lon="-48.640384"><ele>9.015411</ele></trkpt><trkpt lat="-27.005828" lon="-48.640407"><ele>9.120514</ele></trkpt><trkpt lat="-27.005843" lon="-48.640429"><ele>8.266937</ele></trkpt><trkpt lat="-27.005859" lon="-48.64045"><ele>8.388916</ele></trkpt><trkpt lat="-27.005875" lon="-48.640472"><ele>8.03299</ele></trkpt><trkpt lat="-27.00589" lon="-48.640493"><ele>7.851563</ele></trkpt><trkpt lat="-27.005906" lon="-48.640515"><ele>8.052002</ele></trkpt><trkpt lat="-27.005922" lon="-48.640539"><ele>7.754395</ele></trkpt><trkpt lat="-27.005936" lon="-48.640563"><ele>7.785614</ele></trkpt><trkpt lat="-27.005952" lon="-48.640585"><ele>7.294617</ele></trkpt><trkpt lat="-27.005966" lon="-48.640605"><ele>6.699677</ele></trkpt><trkpt lat="-27.005984" lon="-48.640621"><ele>6.05722</ele></trkpt><trkpt lat="-27.005984" lon="-48.640621"><ele>6.05722</ele></trkpt><trkpt lat="-27.006004" lon="-48.640634"><ele>5.39621</ele></trkpt><trkpt lat="-27.006019" lon="-48.640651"><ele>4.849091</ele></trkpt><trkpt lat="-27.006033" lon="-48.640672"><ele>4.90451</ele></trkpt><trkpt lat="-27.006049" lon="-48.640695"><ele>4.787567</ele></trkpt><trkpt lat="-27.006063" lon="-48.640719"><ele>4.908325</ele></trkpt><trkpt lat="-27.006074" lon="-48.64074"><ele>4.108978</ele></trkpt><trkpt lat="-27.006086" lon="-48.640758"><ele>3.985779</ele></trkpt><trkpt lat="-27.006098" lon="-48.640779"><ele>4.010925</ele></trkpt><trkpt lat="-27.00611" lon="-48.640798"><ele>4.135712</ele></trkpt><trkpt lat="-27.006124" lon="-48.640818"><ele>4.290436</ele></trkpt><trkpt lat="-27.006144" lon="-48.64084"><ele>5.168579</ele></trkpt><trkpt lat="-27.006162" lon="-48.640862"><ele>5.165009</ele></trkpt><trkpt lat="-27.006179" lon="-48.640891"><ele>4.999084</ele></trkpt><trkpt lat="-27.006193" lon="-48.640913"><ele>5.346741</ele></trkpt><trkpt lat="-27.006193" lon="-48.640913"><ele>5.346741</ele></trkpt><trkpt lat="-27.006206" lon="-48.640932"><ele>5.713837</ele></trkpt><trkpt lat="-27.006221" lon="-48.640953"><ele>5.544891</ele></trkpt><trkpt lat="-27.006241" lon="-48.64097"><ele>6.710571</ele></trkpt><trkpt lat="-27.006257" lon="-48.640989"><ele>6.973724</ele></trkpt><trkpt lat="-27.006268" lon="-48.641012"><ele>6.956329</ele></trkpt><trkpt lat="-27.006272" lon="-48.641034"><ele>6.355255</ele></trkpt><trkpt lat="-27.006281" lon="-48.64106"><ele>6.926605</ele></trkpt><trkpt lat="-27.006296" lon="-48.641084"><ele>7.104034</ele></trkpt><trkpt lat="-27.006314" lon="-48.641107"><ele>7.366486</ele></trkpt><trkpt lat="-27.006333" lon="-48.641131"><ele>7.36319</ele></trkpt><trkpt lat="-27.00635" lon="-48.641155"><ele>7.103119</ele></trkpt><trkpt lat="-27.006366" lon="-48.641179"><ele>7.611053</ele></trkpt><trkpt lat="-27.006381" lon="-48.641203"><ele>7.807617</ele></trkpt><trkpt lat="-27.006393" lon="-48.64123"><ele>7.613556</ele></trkpt><trkpt lat="-27.006393" lon="-48.64123"><ele>7.613556</ele></trkpt><trkpt lat="-27.006404" lon="-48.641254"><ele>8.083191</ele></trkpt><trkpt lat="-27.006418" lon="-48.641277"><ele>7.706512</ele></trkpt><trkpt lat="-27.006433" lon="-48.641297"><ele>7.382935</ele></trkpt><trkpt lat="-27.006446" lon="-48.641321"><ele>7.1315</ele></trkpt><trkpt lat="-27.006462" lon="-48.641346"><ele>6.762573</ele></trkpt><trkpt lat="-27.006479" lon="-48.641372"><ele>6.853485</ele></trkpt><trkpt lat="-27.006495" lon="-48.641397"><ele>7.085205</ele></trkpt><trkpt lat="-27.006513" lon="-48.641424"><ele>7.168243</ele></trkpt><trkpt lat="-27.006531" lon="-48.641447"><ele>6.973633</ele></trkpt><trkpt lat="-27.006544" lon="-48.64147"><ele>6.459808</ele></trkpt><trkpt lat="-27.00656" lon="-48.641495"><ele>6.694031</ele></trkpt><trkpt lat="-27.006576" lon="-48.641518"><ele>7.522186</ele></trkpt><trkpt lat="-27.006589" lon="-48.641538"><ele>6.920776</ele></trkpt><trkpt lat="-27.0066" lon="-48.641554"><ele>7.361298</ele></trkpt><trkpt lat="-27.00661" lon="-48.641575"><ele>7.542969</ele></trkpt><trkpt lat="-27.006618" lon="-48.641595"><ele>7.237213</ele></trkpt><trkpt lat="-27.006623" lon="-48.641614"><ele>6.948578</ele></trkpt><trkpt lat="-27.006623" lon="-48.641614"><ele>6.948578</ele></trkpt><trkpt lat="-27.006623" lon="-48.641614"><ele>6.948578</ele></trkpt><trkpt lat="-27.006631" lon="-48.641632"><ele>7.171021</ele></trkpt><trkpt lat="-27.006638" lon="-48.641639"><ele>6.865021</ele></trkpt><trkpt lat="-27.006646" lon="-48.641647"><ele>7.155151</ele></trkpt><trkpt lat="-27.006654" lon="-48.641653"><ele>7.29248</ele></trkpt><trkpt lat="-27.006663" lon="-48.641667"><ele>7.022125</ele></trkpt><trkpt lat="-27.00667" lon="-48.641676"><ele>6.803894</ele></trkpt><trkpt lat="-27.006681" lon="-48.641686"><ele>7.099487</ele></trkpt><trkpt lat="-27.006696" lon="-48.641694"><ele>7.540619</ele></trkpt><trkpt lat="-27.006717" lon="-48.64171"><ele>7.384949</ele></trkpt><trkpt lat="-27.006732" lon="-48.641727"><ele>7.737549</ele></trkpt><trkpt lat="-27.006745" lon="-48.641743"><ele>7.273773</ele></trkpt><trkpt lat="-27.006759" lon="-48.641764"><ele>6.860687</ele></trkpt><trkpt lat="-27.006773" lon="-48.641784"><ele>6.942505</ele></trkpt><trkpt lat="-27.006778" lon="-48.641805"><ele>6.681793</ele></trkpt><trkpt lat="-27.006779" lon="-48.641825"><ele>6.32782</ele></trkpt><trkpt lat="-27.006785" lon="-48.641846"><ele>6.439026</ele></trkpt><trkpt lat="-27.006793" lon="-48.641864"><ele>6.480713</ele></trkpt><trkpt lat="-27.006804" lon="-48.641882"><ele>6.312897</ele></trkpt><trkpt lat="-27.006817" lon="-48.6419"><ele>6.565491</ele></trkpt><trkpt lat="-27.00683" lon="-48.641917"><ele>6.546051</ele></trkpt><trkpt lat="-27.006845" lon="-48.641935"><ele>6.424347</ele></trkpt><trkpt lat="-27.006861" lon="-48.641955"><ele>6.325012</ele></trkpt><trkpt lat="-27.006876" lon="-48.641975"><ele>6.235504</ele></trkpt><trkpt lat="-27.006889" lon="-48.641993"><ele>6.425812</ele></trkpt><trkpt lat="-27.006901" lon="-48.642009"><ele>6.622284</ele></trkpt><trkpt lat="-27.006915" lon="-48.642028"><ele>6.343201</ele></trkpt><trkpt lat="-27.006929" lon="-48.642046"><ele>6.805908</ele></trkpt><trkpt lat="-27.006943" lon="-48.642064"><ele>7.396698</ele></trkpt><trkpt lat="-27.006956" lon="-48.642081"><ele>7.871002</ele></trkpt><trkpt lat="-27.006968" lon="-48.642097"><ele>8.25</ele></trkpt><trkpt lat="-27.006978" lon="-48.642114"><ele>8.568298</ele></trkpt><trkpt lat="-27.006991" lon="-48.642132"><ele>9.286774</ele></trkpt><trkpt lat="-27.007005" lon="-48.642147"><ele>9.535065</ele></trkpt><trkpt lat="-27.007018" lon="-48.642162"><ele>9.363068</ele></trkpt><trkpt lat="-27.00703" lon="-48.642181"><ele>8.804932</ele></trkpt><trkpt lat="-27.007043" lon="-48.642199"><ele>8.688507</ele></trkpt><trkpt lat="-27.007057" lon="-48.642217"><ele>9.61145</ele></trkpt><trkpt lat="-27.007069" lon="-48.642234"><ele>9.717407</ele></trkpt><trkpt lat="-27.007081" lon="-48.64226"><ele>8.882172</ele></trkpt><trkpt lat="-27.007092" lon="-48.642279"><ele>9.26593</ele></trkpt><trkpt lat="-27.007107" lon="-48.642292"><ele>10.819153</ele></trkpt><trkpt lat="-27.007122" lon="-48.642305"><ele>10.62207</ele></trkpt><trkpt lat="-27.00714" lon="-48.642332"><ele>9.318817</ele></trkpt><trkpt lat="-27.007156" lon="-48.642355"><ele>9.586548</ele></trkpt><trkpt lat="-27.007168" lon="-48.64238"><ele>8.646729</ele></trkpt><trkpt lat="-27.007177" lon="-48.642401"><ele>8.858185</ele></trkpt><trkpt lat="-27.007188" lon="-48.642419"><ele>9.024048</ele></trkpt><trkpt lat="-27.007199" lon="-48.642436"><ele>9.186981</ele></trkpt><trkpt lat="-27.007204" lon="-48.642462"><ele>8.077789</ele></trkpt><trkpt lat="-27.007211" lon="-48.642495"><ele>7.195801</ele></trkpt><trkpt lat="-27.007221" lon="-48.642525"><ele>6.626465</ele></trkpt><trkpt lat="-27.007233" lon="-48.642548"><ele>6.128662</ele></trkpt><trkpt lat="-27.007243" lon="-48.642569"><ele>5.638153</ele></trkpt><trkpt lat="-27.007255" lon="-48.64259"><ele>4.915619</ele></trkpt><trkpt lat="-27.007261" lon="-48.642612"><ele>4.999451</ele></trkpt><trkpt lat="-27.007266" lon="-48.642623"><ele>5.087341</ele></trkpt><trkpt lat="-27.00727" lon="-48.642625"><ele>5.139038</ele></trkpt><trkpt lat="-27.007274" lon="-48.642623"><ele>5.141205</ele></trkpt><trkpt lat="-27.007281" lon="-48.642621"><ele>5.271576</ele></trkpt><trkpt lat="-27.007283" lon="-48.64262"><ele>5.283905</ele></trkpt><trkpt lat="-27.007283" lon="-48.64262"><ele>5.283905</ele></trkpt><trkpt lat="-27.007284" lon="-48.642619"><ele>5.286713</ele></trkpt><trkpt lat="-27.007286" lon="-48.64262"><ele>5.122284</ele></trkpt><trkpt lat="-27.007287" lon="-48.642621"><ele>5.124847</ele></trkpt><trkpt lat="-27.007287" lon="-48.642621"><ele>5.130585</ele></trkpt><trkpt lat="-27.007287" lon="-48.642621"><ele>5.130585</ele></trkpt><trkpt lat="-27.007287" lon="-48.642621"><ele>5.131653</ele></trkpt><trkpt lat="-27.007287" lon="-48.642621"><ele>5.131653</ele></trkpt><trkpt lat="-27.00728" lon="-48.642625"><ele>5.302887</ele></trkpt><trkpt lat="-27.007284" lon="-48.642631"><ele>5.837433</ele></trkpt><trkpt lat="-27.007302" lon="-48.642641"><ele>5.821991</ele></trkpt><trkpt lat="-27.007319" lon="-48.642657"><ele>6.021301</ele></trkpt><trkpt lat="-27.007337" lon="-48.642679"><ele>6.219299</ele></trkpt><trkpt lat="-27.007356" lon="-48.642702"><ele>6.318237</ele></trkpt><trkpt lat="-27.007371" lon="-48.642719"><ele>6.600433</ele></trkpt><trkpt lat="-27.007383" lon="-48.642732"><ele>7.302185</ele></trkpt><trkpt lat="-27.007392" lon="-48.642742"><ele>7.103271</ele></trkpt><trkpt lat="-27.007393" lon="-48.642746"><ele>7.303192</ele></trkpt><trkpt lat="-27.007383" lon="-48.642745"><ele>7.424194</ele></trkpt><trkpt lat="-27.007381" lon="-48.642743"><ele>7.399689</ele></trkpt><trkpt lat="-27.007381" lon="-48.642743"><ele>7.399689</ele></trkpt><trkpt lat="-27.00738" lon="-48.642745"><ele>7.291138</ele></trkpt><trkpt lat="-27.007382" lon="-48.642746"><ele>7.252899</ele></trkpt><trkpt lat="-27.007384" lon="-48.642745"><ele>7.445435</ele></trkpt><trkpt lat="-27.007388" lon="-48.642744"><ele>7.65036</ele></trkpt><trkpt lat="-27.007389" lon="-48.642743"><ele>7.662598</ele></trkpt><trkpt lat="-27.00739" lon="-48.642743"><ele>7.665894</ele></trkpt><trkpt lat="-27.007391" lon="-48.642742"><ele>7.835815</ele></trkpt><trkpt lat="-27.007391" lon="-48.642741"><ele>7.841431</ele></trkpt><trkpt lat="-27.007391" lon="-48.642741"><ele>7.841522</ele></trkpt><trkpt lat="-27.007391" lon="-48.642742"><ele>8.048096</ele></trkpt><trkpt lat="-27.00739" lon="-48.642744"><ele>8.416199</ele></trkpt><trkpt lat="-27.00739" lon="-48.642744"><ele>8.416199</ele></trkpt><trkpt lat="-27.00739" lon="-48.642745"><ele>8.343414</ele></trkpt><trkpt lat="-27.007393" lon="-48.642747"><ele>8.352386</ele></trkpt><trkpt lat="-27.007395" lon="-48.642748"><ele>8.172089</ele></trkpt><trkpt lat="-27.007396" lon="-48.642748"><ele>8.190125</ele></trkpt><trkpt lat="-27.007394" lon="-48.642749"><ele>8.057251</ele></trkpt><trkpt lat="-27.007396" lon="-48.642754"><ele>8.126617</ele></trkpt><trkpt lat="-27.007403" lon="-48.642762"><ele>7.888214</ele></trkpt><trkpt lat="-27.00741" lon="-48.64277"><ele>7.360962</ele></trkpt><trkpt lat="-27.007417" lon="-48.642779"><ele>7.170868</ele></trkpt><trkpt lat="-27.007424" lon="-48.642789"><ele>7.056488</ele></trkpt><trkpt lat="-27.007432" lon="-48.6428"><ele>6.525909</ele></trkpt><trkpt lat="-27.007434" lon="-48.642804"><ele>6.140076</ele></trkpt><trkpt lat="-27.007429" lon="-48.642805"><ele>6.762115</ele></trkpt><trkpt lat="-27.007428" lon="-48.642805"><ele>7.708252</ele></trkpt><trkpt lat="-27.007428" lon="-48.642806"><ele>7.725708</ele></trkpt><trkpt lat="-27.007427" lon="-48.642806"><ele>7.724274</ele></trkpt><trkpt lat="-27.007426" lon="-48.642804"><ele>7.577759</ele></trkpt><trkpt lat="-27.007428" lon="-48.642804"><ele>7.445465</ele></trkpt><trkpt lat="-27.007427" lon="-48.642804"><ele>7.71521</ele></trkpt><trkpt lat="-27.007427" lon="-48.642805"><ele>7.728271</ele></trkpt><trkpt lat="-27.007427" lon="-48.642805"><ele>7.729004</ele></trkpt><trkpt lat="-27.007427" lon="-48.642805"><ele>7.729004</ele></trkpt><trkpt lat="-27.007426" lon="-48.642806"><ele>7.868561</ele></trkpt><trkpt lat="-27.007426" lon="-48.642806"><ele>7.871002</ele></trkpt><trkpt lat="-27.007426" lon="-48.642806"><ele>7.871002</ele></trkpt><trkpt lat="-27.007427" lon="-48.642806"><ele>7.87381</ele></trkpt><trkpt lat="-27.007427" lon="-48.642806"><ele>7.873657</ele></trkpt><trkpt lat="-27.007427" lon="-48.642806"><ele>7.874359</ele></trkpt><trkpt lat="-27.007427" lon="-48.642806"><ele>7.878998</ele></trkpt><trkpt lat="-27.007427" lon="-48.642805"><ele>7.918518</ele></trkpt><trkpt lat="-27.007428" lon="-48.642804"><ele>7.936523</ele></trkpt><trkpt lat="-27.007428" lon="-48.642804"><ele>7.936523</ele></trkpt><trkpt lat="-27.007429" lon="-48.642801"><ele>7.501892</ele></trkpt><trkpt lat="-27.00743" lon="-48.642799"><ele>7.470428</ele></trkpt><trkpt lat="-27.00743" lon="-48.642798"><ele>7.46933</ele></trkpt><trkpt lat="-27.007431" lon="-48.642801"><ele>7.345123</ele></trkpt><trkpt lat="-27.007432" lon="-48.642802"><ele>7.336151</ele></trkpt><trkpt lat="-27.007433" lon="-48.642801"><ele>7.393219</ele></trkpt><trkpt lat="-27.007433" lon="-48.6428"><ele>7.408112</ele></trkpt><trkpt lat="-27.007433" lon="-48.6428"><ele>7.40921</ele></trkpt><trkpt lat="-27.007433" lon="-48.6428"><ele>7.410339</ele></trkpt><trkpt lat="-27.007435" lon="-48.642799"><ele>7.151306</ele></trkpt><trkpt lat="-27.007435" lon="-48.642799"><ele>7.151306</ele></trkpt><trkpt lat="-27.007436" lon="-48.642798"><ele>7.166626</ele></trkpt><trkpt lat="-27.007437" lon="-48.642799"><ele>7.156403</ele></trkpt><trkpt lat="-27.007438" lon="-48.642799"><ele>7.154022</ele></trkpt><trkpt lat="-27.007436" lon="-48.642798"><ele>7.399597</ele></trkpt><trkpt lat="-27.007434" lon="-48.642796"><ele>7.957336</ele></trkpt><trkpt lat="-27.007434" lon="-48.642796"><ele>8.046417</ele></trkpt><trkpt lat="-27.007433" lon="-48.642796"><ele>8.234955</ele></trkpt><trkpt lat="-27.007432" lon="-48.642795"><ele>8.275574</ele></trkpt><trkpt lat="-27.007432" lon="-48.642795"><ele>7.354218</ele></trkpt><trkpt lat="-27.007432" lon="-48.642795"><ele>7.357391</ele></trkpt><trkpt lat="-27.007432" lon="-48.642795"><ele>7.357788</ele></trkpt><trkpt lat="-27.007432" lon="-48.642795"><ele>7.354156</ele></trkpt><trkpt lat="-27.007432" lon="-48.642795"><ele>7.354156</ele></trkpt><trkpt lat="-27.007432" lon="-48.642795"><ele>7.352142</ele></trkpt><trkpt lat="-27.007434" lon="-48.642796"><ele>7.143738</ele></trkpt><trkpt lat="-27.007435" lon="-48.642796"><ele>7.107727</ele></trkpt><trkpt lat="-27.007435" lon="-48.642796"><ele>7.105591</ele></trkpt><trkpt lat="-27.007435" lon="-48.642796"><ele>7.105591</ele></trkpt><trkpt lat="-27.007435" lon="-48.642797"><ele>7.104645</ele></trkpt><trkpt lat="-27.007436" lon="-48.642797"><ele>6.869019</ele></trkpt><trkpt lat="-27.007436" lon="-48.642798"><ele>7.255829</ele></trkpt><trkpt lat="-27.007436" lon="-48.642799"><ele>7.26297</ele></trkpt><trkpt lat="-27.007436" lon="-48.642799"><ele>7.265839</ele></trkpt><trkpt lat="-27.007436" lon="-48.642799"><ele>7.266754</ele></trkpt><trkpt lat="-27.007436" lon="-48.642799"><ele>7.26947</ele></trkpt><trkpt lat="-27.007436" lon="-48.642799"><ele>7.274475</ele></trkpt><trkpt lat="-27.007437" lon="-48.6428"><ele>7.259888</ele></trkpt><trkpt lat="-27.007437" lon="-48.642802"><ele>7.395874</ele></trkpt><trkpt lat="-27.007437" lon="-48.642803"><ele>7.526123</ele></trkpt><trkpt lat="-27.007436" lon="-48.642804"><ele>7.530273</ele></trkpt><trkpt lat="-27.007436" lon="-48.642804"><ele>7.797516</ele></trkpt><trkpt lat="-27.007435" lon="-48.642802"><ele>7.486023</ele></trkpt><trkpt lat="-27.007434" lon="-48.642802"><ele>7.856049</ele></trkpt><trkpt lat="-27.007434" lon="-48.6428"><ele>8.125214</ele></trkpt><trkpt lat="-27.007432" lon="-48.642798"><ele>7.76001</ele></trkpt><trkpt lat="-27.007432" lon="-48.642795"><ele>7.137268</ele></trkpt><trkpt lat="-27.007433" lon="-48.642794"><ele>6.702362</ele></trkpt><trkpt lat="-27.007436" lon="-48.642797"><ele>6.665863</ele></trkpt><trkpt lat="-27.007438" lon="-48.642796"><ele>7.483948</ele></trkpt><trkpt lat="-27.007439" lon="-48.642797"><ele>7.473572</ele></trkpt><trkpt lat="-27.00744" lon="-48.642796"><ele>7.422211</ele></trkpt><trkpt lat="-27.007441" lon="-48.642796"><ele>7.424622</ele></trkpt><trkpt lat="-27.00744" lon="-48.642795"><ele>7.309326</ele></trkpt><trkpt lat="-27.00744" lon="-48.642796"><ele>7.358887</ele></trkpt><trkpt lat="-27.00744" lon="-48.642796"><ele>7.360748</ele></trkpt><trkpt lat="-27.00744" lon="-48.642796"><ele>7.357666</ele></trkpt><trkpt lat="-27.00744" lon="-48.642796"><ele>6.545807</ele></trkpt><trkpt lat="-27.00744" lon="-48.642796"><ele>6.544861</ele></trkpt><trkpt lat="-27.007443" lon="-48.642803"><ele>6.396851</ele></trkpt><trkpt lat="-27.007446" lon="-48.642812"><ele>6.066376</ele></trkpt><trkpt lat="-27.00745" lon="-48.642819"><ele>5.649933</ele></trkpt><trkpt lat="-27.007453" lon="-48.64282"><ele>5.749268</ele></trkpt><trkpt lat="-27.007452" lon="-48.642819"><ele>5.746429</ele></trkpt><trkpt lat="-27.007452" lon="-48.642819"><ele>5.746216</ele></trkpt><trkpt lat="-27.007452" lon="-48.642819"><ele>5.742981</ele></trkpt><trkpt lat="-27.007453" lon="-48.642819"><ele>5.704926</ele></trkpt><trkpt lat="-27.007453" lon="-48.642818"><ele>5.703522</ele></trkpt><trkpt lat="-27.007454" lon="-48.642819"><ele>5.52951</ele></trkpt><trkpt lat="-27.007454" lon="-48.642819"><ele>5.508911</ele></trkpt><trkpt lat="-27.007454" lon="-48.642819"><ele>5.509491</ele></trkpt><trkpt lat="-27.007454" lon="-48.642819"><ele>5.510437</ele></trkpt><trkpt lat="-27.007454" lon="-48.642819"><ele>5.51178</ele></trkpt><trkpt lat="-27.007457" lon="-48.642827"><ele>5.484314</ele></trkpt><trkpt lat="-27.007459" lon="-48.642836"><ele>5.080017</ele></trkpt><trkpt lat="-27.007465" lon="-48.64285"><ele>5.203339</ele></trkpt><trkpt lat="-27.007476" lon="-48.642869"><ele>5.773834</ele></trkpt><trkpt lat="-27.007483" lon="-48.642893"><ele>5.432861</ele></trkpt><trkpt lat="-27.007486" lon="-48.642917"><ele>5.278442</ele></trkpt><trkpt lat="-27.007493" lon="-48.642939"><ele>5.450195</ele></trkpt><trkpt lat="-27.007501" lon="-48.642952"><ele>5.170105</ele></trkpt><trkpt lat="-27.007503" lon="-48.642956"><ele>5.114136</ele></trkpt><trkpt lat="-27.007503" lon="-48.642961"><ele>5.31662</ele></trkpt><trkpt lat="-27.0075" lon="-48.642966"><ele>5.318359</ele></trkpt><trkpt lat="-27.007498" lon="-48.64297"><ele>5.553009</ele></trkpt><trkpt lat="-27.007498" lon="-48.642972"><ele>5.996643</ele></trkpt><trkpt lat="-27.007498" lon="-48.642973"><ele>5.965973</ele></trkpt><trkpt lat="-27.007498" lon="-48.642975"><ele>5.836304</ele></trkpt><trkpt lat="-27.007498" lon="-48.642973"><ele>5.592133</ele></trkpt><trkpt lat="-27.007498" lon="-48.642971"><ele>5.630585</ele></trkpt><trkpt lat="-27.007499" lon="-48.642969"><ele>5.412811</ele></trkpt><trkpt lat="-27.007506" lon="-48.642953"><ele>5.396942</ele></trkpt><trkpt lat="-27.007509" lon="-48.642948"><ele>5.258759</ele></trkpt><trkpt lat="-27.007508" lon="-48.642948"><ele>5.48819</ele></trkpt><trkpt lat="-27.007506" lon="-48.642949"><ele>5.495148</ele></trkpt><trkpt lat="-27.007506" lon="-48.64295"><ele>5.494537</ele></trkpt><trkpt lat="-27.007506" lon="-48.64295"><ele>5.494537</ele></trkpt><trkpt lat="-27.007506" lon="-48.642953"><ele>5.273834</ele></trkpt><trkpt lat="-27.007508" lon="-48.642954"><ele>5.467072</ele></trkpt><trkpt lat="-27.00751" lon="-48.642956"><ele>5.720825</ele></trkpt><trkpt lat="-27.007512" lon="-48.642957"><ele>5.741608</ele></trkpt><trkpt lat="-27.007508" lon="-48.642955"><ele>5.894043</ele></trkpt><trkpt lat="-27.007506" lon="-48.642955"><ele>5.945465</ele></trkpt><trkpt lat="-27.007507" lon="-48.642949"><ele>6.326263</ele></trkpt><trkpt lat="-27.007508" lon="-48.642948"><ele>6.341766</ele></trkpt><trkpt lat="-27.007509" lon="-48.642947"><ele>6.341614</ele></trkpt><trkpt lat="-27.007509" lon="-48.642947"><ele>6.341766</ele></trkpt><trkpt lat="-27.007509" lon="-48.642945"><ele>6.305359</ele></trkpt><trkpt lat="-27.007509" lon="-48.642943"><ele>6.4104</ele></trkpt><trkpt lat="-27.007509" lon="-48.642943"><ele>6.411041</ele></trkpt><trkpt lat="-27.007509" lon="-48.642943"><ele>6.411041</ele></trkpt><trkpt lat="-27.007509" lon="-48.642943"><ele>6.411682</ele></trkpt><trkpt lat="-27.007509" lon="-48.642942"><ele>6.474548</ele></trkpt><trkpt lat="-27.007508" lon="-48.64294"><ele>6.214203</ele></trkpt><trkpt lat="-27.007506" lon="-48.64294"><ele>6.22702</ele></trkpt><trkpt lat="-27.007507" lon="-48.642934"><ele>7.473389</ele></trkpt><trkpt lat="-27.007502" lon="-48.642923"><ele>7.632446</ele></trkpt><trkpt lat="-27.007501" lon="-48.64292"><ele>7.632874</ele></trkpt><trkpt lat="-27.0075" lon="-48.642919"><ele>7.633148</ele></trkpt><trkpt lat="-27.007497" lon="-48.642924"><ele>7.236603</ele></trkpt><trkpt lat="-27.007496" lon="-48.642925"><ele>7.545837</ele></trkpt><trkpt lat="-27.007495" lon="-48.642925"><ele>7.573669</ele></trkpt><trkpt lat="-27.007492" lon="-48.642924"><ele>7.656158</ele></trkpt><trkpt lat="-27.00749" lon="-48.642924"><ele>7.690094</ele></trkpt><trkpt lat="-27.007492" lon="-48.642924"><ele>7.458832</ele></trkpt><trkpt lat="-27.007495" lon="-48.64293"><ele>7.486603</ele></trkpt><trkpt lat="-27.007499" lon="-48.642936"><ele>7.316193</ele></trkpt><trkpt lat="-27.007509" lon="-48.642941"><ele>7.177185</ele></trkpt><trkpt lat="-27.007517" lon="-48.642944"><ele>6.819153</ele></trkpt><trkpt lat="-27.007527" lon="-48.642948"><ele>6.543793</ele></trkpt><trkpt lat="-27.007535" lon="-48.642952"><ele>6.156403</ele></trkpt><trkpt lat="-27.007537" lon="-48.642958"><ele>6.148041</ele></trkpt><trkpt lat="-27.00754" lon="-48.642961"><ele>6.260254</ele></trkpt><trkpt lat="-27.007546" lon="-48.642969"><ele>6.632446</ele></trkpt><trkpt lat="-27.007548" lon="-48.64298"><ele>6.435059</ele></trkpt><trkpt lat="-27.007547" lon="-48.642984"><ele>6.414886</ele></trkpt><trkpt lat="-27.007542" lon="-48.642988"><ele>6.236206</ele></trkpt><trkpt lat="-27.007538" lon="-48.642992"><ele>5.96814</ele></trkpt><trkpt lat="-27.007536" lon="-48.642998"><ele>5.291321</ele></trkpt><trkpt lat="-27.007532" lon="-48.642996"><ele>5.948364</ele></trkpt><trkpt lat="-27.007527" lon="-48.642996"><ele>5.940765</ele></trkpt><trkpt lat="-27.007525" lon="-48.642994"><ele>6.36911</ele></trkpt><trkpt lat="-27.007524" lon="-48.642993"><ele>6.4664</ele></trkpt><trkpt lat="-27.007524" lon="-48.642993"><ele>6.466858</ele></trkpt><trkpt lat="-27.007524" lon="-48.642993"><ele>6.468079</ele></trkpt><trkpt lat="-27.007524" lon="-48.642993"><ele>6.470062</ele></trkpt><trkpt lat="-27.007524" lon="-48.642993"><ele>6.47168</ele></trkpt><trkpt lat="-27.007524" lon="-48.642993"><ele>6.474426</ele></trkpt><trkpt lat="-27.007524" lon="-48.642993"><ele>6.483887</ele></trkpt><trkpt lat="-27.007525" lon="-48.642991"><ele>6.780701</ele></trkpt><trkpt lat="-27.007527" lon="-48.642989"><ele>6.733948</ele></trkpt><trkpt lat="-27.007528" lon="-48.642989"><ele>6.677765</ele></trkpt><trkpt lat="-27.007531" lon="-48.642995"><ele>6.560669</ele></trkpt><trkpt lat="-27.007537" lon="-48.642997"><ele>5.898285</ele></trkpt><trkpt lat="-27.00754" lon="-48.642997"><ele>5.837189</ele></trkpt><trkpt lat="-27.007542" lon="-48.642995"><ele>5.92749</ele></trkpt><trkpt lat="-27.007543" lon="-48.642994"><ele>5.216064</ele></trkpt><trkpt lat="-27.007542" lon="-48.642993"><ele>5.522156</ele></trkpt><trkpt lat="-27.007543" lon="-48.642991"><ele>5.774353</ele></trkpt><trkpt lat="-27.007543" lon="-48.64299"><ele>5.777618</ele></trkpt><trkpt lat="-27.007541" lon="-48.642992"><ele>6.122559</ele></trkpt><trkpt lat="-27.00754" lon="-48.642992"><ele>6.475708</ele></trkpt><trkpt lat="-27.007543" lon="-48.642987"><ele>6.394104</ele></trkpt><trkpt lat="-27.007548" lon="-48.642986"><ele>6.139709</ele></trkpt><trkpt lat="-27.007557" lon="-48.642983"><ele>5.933502</ele></trkpt><trkpt lat="-27.007564" lon="-48.642978"><ele>6.072601</ele></trkpt><trkpt lat="-27.007567" lon="-48.642971"><ele>6.161407</ele></trkpt><trkpt lat="-27.007569" lon="-48.642965"><ele>6.332428</ele></trkpt><trkpt lat="-27.007571" lon="-48.642962"><ele>5.947998</ele></trkpt><trkpt lat="-27.00757" lon="-48.64296"><ele>5.797028</ele></trkpt><trkpt lat="-27.007569" lon="-48.642956"><ele>5.590942</ele></trkpt><trkpt lat="-27.007573" lon="-48.642954"><ele>5.467773</ele></trkpt><trkpt lat="-27.007579" lon="-48.642954"><ele>5.531128</ele></trkpt><trkpt lat="-27.007581" lon="-48.642954"><ele>5.529816</ele></trkpt><trkpt lat="-27.007579" lon="-48.642902"><ele>28.134399</ele></trkpt><trkpt lat="-27.007579" lon="-48.642902"><ele>28.177979</ele></trkpt><trkpt lat="-27.00755" lon="-48.642888"><ele>8.346832</ele></trkpt><trkpt lat="-27.007536" lon="-48.642884"><ele>10.18335</ele></trkpt><trkpt lat="-27.007523" lon="-48.642901"><ele>7.453186</ele></trkpt><trkpt lat="-27.007523" lon="-48.642901"><ele>7.453186</ele></trkpt><trkpt lat="-27.007523" lon="-48.642901"><ele>7.453186</ele></trkpt><trkpt lat="-27.007512" lon="-48.642917"><ele>7.533508</ele></trkpt><trkpt lat="-27.007514" lon="-48.642926"><ele>7.822906</ele></trkpt><trkpt lat="-27.00752" lon="-48.642927"><ele>7.692535</ele></trkpt><trkpt lat="-27.00752" lon="-48.642934"><ele>6.724548</ele></trkpt><trkpt lat="-27.007521" lon="-48.642935"><ele>6.852417</ele></trkpt><trkpt lat="-27.007509" lon="-48.64294"><ele>6.771576</ele></trkpt><trkpt lat="-27.007509" lon="-48.64294"><ele>6.771576</ele></trkpt><trkpt lat="-27.007509" lon="-48.64294"><ele>6.771576</ele></trkpt><trkpt lat="-27.007508" lon="-48.642938"><ele>6.776062</ele></trkpt><trkpt lat="-27.007508" lon="-48.642939"><ele>7.121063</ele></trkpt><trkpt lat="-27.007507" lon="-48.642939"><ele>7.22641</ele></trkpt><trkpt lat="-27.007505" lon="-48.64294"><ele>7.276703</ele></trkpt><trkpt lat="-27.007501" lon="-48.642939"><ele>7.307281</ele></trkpt><trkpt lat="-27.007501" lon="-48.642939"><ele>7.307281</ele></trkpt><trkpt lat="-27.007499" lon="-48.64294"><ele>7.160095</ele></trkpt><trkpt lat="-27.007499" lon="-48.64294"><ele>7.160095</ele></trkpt><trkpt lat="-27.007498" lon="-48.64294"><ele>7.232422</ele></trkpt><trkpt lat="-27.007498" lon="-48.64294"><ele>7.241608</ele></trkpt><trkpt lat="-27.007498" lon="-48.642941"><ele>7.236603</ele></trkpt><trkpt lat="-27.007498" lon="-48.642943"><ele>7.097534</ele></trkpt><trkpt lat="-27.007498" lon="-48.642945"><ele>7.124878</ele></trkpt><trkpt lat="-27.007497" lon="-48.642945"><ele>7.267517</ele></trkpt><trkpt lat="-27.007497" lon="-48.642945"><ele>7.35083</ele></trkpt><trkpt lat="-27.007496" lon="-48.642945"><ele>7.464203</ele></trkpt><trkpt lat="-27.007496" lon="-48.642945"><ele>7.583435</ele></trkpt><trkpt lat="-27.007495" lon="-48.642946"><ele>7.389069</ele></trkpt><trkpt lat="-27.007496" lon="-48.642946"><ele>7.383057</ele></trkpt><trkpt lat="-27.007496" lon="-48.642945"><ele>7.453735</ele></trkpt><trkpt lat="-27.007496" lon="-48.642944"><ele>7.409668</ele></trkpt><trkpt lat="-27.007497" lon="-48.642944"><ele>7.433289</ele></trkpt><trkpt lat="-27.007497" lon="-48.642943"><ele>7.424286</ele></trkpt><trkpt lat="-27.007497" lon="-48.642943"><ele>7.423889</ele></trkpt><trkpt lat="-27.007497" lon="-48.642943"><ele>7.420197</ele></trkpt><trkpt lat="-27.007497" lon="-48.642943"><ele>7.420197</ele></trkpt><trkpt lat="-27.007497" lon="-48.642943"><ele>7.418457</ele></trkpt><trkpt lat="-27.007497" lon="-48.642943"><ele>7.418457</ele></trkpt><trkpt lat="-27.007497" lon="-48.642943"><ele>7.420776</ele></trkpt><trkpt lat="-27.007497" lon="-48.642943"><ele>7.417786</ele></trkpt><trkpt lat="-27.007497" lon="-48.642943"><ele>7.405762</ele></trkpt><trkpt lat="-27.007497" lon="-48.642943"><ele>7.402863</ele></trkpt><trkpt lat="-27.007498" lon="-48.642942"><ele>7.482819</ele></trkpt><trkpt lat="-27.007495" lon="-48.642941"><ele>8.524353</ele></trkpt><trkpt lat="-27.007493" lon="-48.642941"><ele>8.396851</ele></trkpt><trkpt lat="-27.007491" lon="-48.642942"><ele>8.298553</ele></trkpt><trkpt lat="-27.007492" lon="-48.642943"><ele>8.20929</ele></trkpt><trkpt lat="-27.007492" lon="-48.642943"><ele>7.872681</ele></trkpt><trkpt lat="-27.007493" lon="-48.642945"><ele>7.711029</ele></trkpt><trkpt lat="-27.007492" lon="-48.642946"><ele>7.60611</ele></trkpt><trkpt lat="-27.007493" lon="-48.642947"><ele>7.388733</ele></trkpt><trkpt lat="-27.007493" lon="-48.642946"><ele>7.356201</ele></trkpt><trkpt lat="-27.007493" lon="-48.642945"><ele>7.357483</ele></trkpt><trkpt lat="-27.007493" lon="-48.642944"><ele>7.544006</ele></trkpt><trkpt lat="-27.007491" lon="-48.642944"><ele>7.498077</ele></trkpt><trkpt lat="-27.007492" lon="-48.642944"><ele>7.468079</ele></trkpt><trkpt lat="-27.007493" lon="-48.642942"><ele>7.45343</ele></trkpt><trkpt lat="-27.007493" lon="-48.642942"><ele>7.435059</ele></trkpt><trkpt lat="-27.007493" lon="-48.642941"><ele>7.435791</ele></trkpt><trkpt lat="-27.007493" lon="-48.642941"><ele>7.435272</ele></trkpt><trkpt lat="-27.007493" lon="-48.642941"><ele>7.437439</ele></trkpt><trkpt lat="-27.007492" lon="-48.642943"><ele>7.338562</ele></trkpt><trkpt lat="-27.007492" lon="-48.642944"><ele>7.594421</ele></trkpt><trkpt lat="-27.007487" lon="-48.642946"><ele>7.682556</ele></trkpt><trkpt lat="-27.007485" lon="-48.642947"><ele>7.700836</ele></trkpt><trkpt lat="-27.007484" lon="-48.642947"><ele>7.630768</ele></trkpt><trkpt lat="-27.007484" lon="-48.642949"><ele>7.731506</ele></trkpt><trkpt lat="-27.007485" lon="-48.642949"><ele>7.696014</ele></trkpt><trkpt lat="-27.007485" lon="-48.642949"><ele>7.766724</ele></trkpt><trkpt lat="-27.007483" lon="-48.64295"><ele>7.826141</ele></trkpt><trkpt lat="-27.007484" lon="-48.64295"><ele>7.772614</ele></trkpt><trkpt lat="-27.007485" lon="-48.64295"><ele>7.76059</ele></trkpt><trkpt lat="-27.007485" lon="-48.64295"><ele>7.703857</ele></trkpt><trkpt lat="-27.007486" lon="-48.642949"><ele>7.697937</ele></trkpt><trkpt lat="-27.007486" lon="-48.642949"><ele>7.695587</ele></trkpt><trkpt lat="-27.007486" lon="-48.642949"><ele>7.692871</ele></trkpt><trkpt lat="-27.007486" lon="-48.642949"><ele>7.692993</ele></trkpt><trkpt lat="-27.007486" lon="-48.642949"><ele>7.684937</ele></trkpt><trkpt lat="-27.007486" lon="-48.642949"><ele>7.684418</ele></trkpt><trkpt lat="-27.007486" lon="-48.642949"><ele>7.682404</ele></trkpt><trkpt lat="-27.007486" lon="-48.642949"><ele>7.683411</ele></trkpt><trkpt lat="-27.007486" lon="-48.642949"><ele>7.685516</ele></trkpt><trkpt lat="-27.007486" lon="-48.642949"><ele>7.685333</ele></trkpt><trkpt lat="-27.007486" lon="-48.642949"><ele>7.686432</ele></trkpt><trkpt lat="-27.007486" lon="-48.642947"><ele>6.770111</ele></trkpt><trkpt lat="-27.007484" lon="-48.642947"><ele>6.757263</ele></trkpt><trkpt lat="-27.007484" lon="-48.642947"><ele>6.895294</ele></trkpt><trkpt lat="-27.007484" lon="-48.642949"><ele>6.828003</ele></trkpt><trkpt lat="-27.007485" lon="-48.642949"><ele>7.068024</ele></trkpt><trkpt lat="-27.007485" lon="-48.642948"><ele>7.274414</ele></trkpt><trkpt lat="-27.007486" lon="-48.642956"><ele>7.703461</ele></trkpt><trkpt lat="-27.007483" lon="-48.642961"><ele>7.738495</ele></trkpt><trkpt lat="-27.00748" lon="-48.642963"><ele>7.706238</ele></trkpt><trkpt lat="-27.007476" lon="-48.642961"><ele>7.36676</ele></trkpt><trkpt lat="-27.007472" lon="-48.642954"><ele>7.658264</ele></trkpt><trkpt lat="-27.007469" lon="-48.642952"><ele>7.449463</ele></trkpt><trkpt lat="-27.007468" lon="-48.642951"><ele>7.40332</ele></trkpt><trkpt lat="-27.007468" lon="-48.642951"><ele>7.404205</ele></trkpt><trkpt lat="-27.007468" lon="-48.642951"><ele>7.108734</ele></trkpt><trkpt lat="-27.007468" lon="-48.642953"><ele>7.321472</ele></trkpt><trkpt lat="-27.007468" lon="-48.642953"><ele>7.21051</ele></trkpt><trkpt lat="-27.00747" lon="-48.642955"><ele>7.205994</ele></trkpt><trkpt lat="-27.00747" lon="-48.642955"><ele>7.207916</ele></trkpt><trkpt lat="-27.00747" lon="-48.642956"><ele>7.209198</ele></trkpt><trkpt lat="-27.00747" lon="-48.642956"><ele>7.208832</ele></trkpt><trkpt lat="-27.00747" lon="-48.642956"><ele>7.209808</ele></trkpt><trkpt lat="-27.00747" lon="-48.642956"><ele>7.210693</ele></trkpt><trkpt lat="-27.006408" lon="-48.643226"><ele>165.711121</ele></trkpt><trkpt lat="-27.006405" lon="-48.643237"><ele>166.019897</ele></trkpt><trkpt lat="-27.007236" lon="-48.643127"><ele>9.869049</ele></trkpt><trkpt lat="-27.007586" lon="-48.643109"><ele>10.215729</ele></trkpt><trkpt lat="-27.007614" lon="-48.643141"><ele>10.414398</ele></trkpt><trkpt lat="-27.007608" lon="-48.643164"><ele>10.75882</ele></trkpt><trkpt lat="-27.007608" lon="-48.643164"><ele>10.75882</ele></trkpt><trkpt lat="-27.007613" lon="-48.643183"><ele>11.057983</ele></trkpt><trkpt lat="-27.007626" lon="-48.643193"><ele>11.714935</ele></trkpt><trkpt lat="-27.007644" lon="-48.643207"><ele>11.773285</ele></trkpt><trkpt lat="-27.007669" lon="-48.643222"><ele>11.852173</ele></trkpt><trkpt lat="-27.007694" lon="-48.643241"><ele>11.394653</ele></trkpt><trkpt lat="-27.007715" lon="-48.643261"><ele>11.456909</ele></trkpt><trkpt lat="-27.007732" lon="-48.64328"><ele>11.524384</ele></trkpt><trkpt lat="-27.007748" lon="-48.643296"><ele>10.741425</ele></trkpt><trkpt lat="-27.007762" lon="-48.643316"><ele>10.610413</ele></trkpt><trkpt lat="-27.007782" lon="-48.643339"><ele>9.3479</ele></trkpt><trkpt lat="-27.007805" lon="-48.643357"><ele>9.081543</ele></trkpt><trkpt lat="-27.007815" lon="-48.643373"><ele>8.996307</ele></trkpt><trkpt lat="-27.007818" lon="-48.6434"><ele>8.736908</ele></trkpt><trkpt lat="-27.007828" lon="-48.643423"><ele>9.624908</ele></trkpt><trkpt lat="-27.007842" lon="-48.643443"><ele>8.949127</ele></trkpt><trkpt lat="-27.007858" lon="-48.643468"><ele>9.377838</ele></trkpt><trkpt lat="-27.007869" lon="-48.643489"><ele>9.256531</ele></trkpt><trkpt lat="-27.007873" lon="-48.643509"><ele>9.108521</ele></trkpt><trkpt lat="-27.007877" lon="-48.643531"><ele>7.767303</ele></trkpt><trkpt lat="-27.007892" lon="-48.643552"><ele>8.03949</ele></trkpt><trkpt lat="-27.007912" lon="-48.643566"><ele>8.219788</ele></trkpt><trkpt lat="-27.007926" lon="-48.643583"><ele>8.147278</ele></trkpt><trkpt lat="-27.007942" lon="-48.643602"><ele>8.087372</ele></trkpt><trkpt lat="-27.007962" lon="-48.643625"><ele>7.73999</ele></trkpt><trkpt lat="-27.00798" lon="-48.643644"><ele>7.726624</ele></trkpt><trkpt lat="-27.007996" lon="-48.64366"><ele>7.876984</ele></trkpt><trkpt lat="-27.00801" lon="-48.643678"><ele>7.991058</ele></trkpt><trkpt lat="-27.008023" lon="-48.6437"><ele>7.892944</ele></trkpt><trkpt lat="-27.008028" lon="-48.643722"><ele>7.802002</ele></trkpt><trkpt lat="-27.008036" lon="-48.643744"><ele>7.781647</ele></trkpt><trkpt lat="-27.008048" lon="-48.643764"><ele>7.348755</ele></trkpt><trkpt lat="-27.00806" lon="-48.643785"><ele>7.263794</ele></trkpt><trkpt lat="-27.008074" lon="-48.643805"><ele>7.508911</ele></trkpt><trkpt lat="-27.008088" lon="-48.643824"><ele>7.290924</ele></trkpt><trkpt lat="-27.008105" lon="-48.643848"><ele>7.236023</ele></trkpt><trkpt lat="-27.00812" lon="-48.643872"><ele>7.288025</ele></trkpt><trkpt lat="-27.008137" lon="-48.643894"><ele>7.321747</ele></trkpt><trkpt lat="-27.008153" lon="-48.643914"><ele>7.317383</ele></trkpt><trkpt lat="-27.00817" lon="-48.643935"><ele>7.571625</ele></trkpt><trkpt lat="-27.008185" lon="-48.643953"><ele>7.308289</ele></trkpt><trkpt lat="-27.008197" lon="-48.643971"><ele>7.441376</ele></trkpt><trkpt lat="-27.008206" lon="-48.643995"><ele>7.488098</ele></trkpt><trkpt lat="-27.008217" lon="-48.644019"><ele>7.475372</ele></trkpt><trkpt lat="-27.008228" lon="-48.644037"><ele>7.447479</ele></trkpt><trkpt lat="-27.008238" lon="-48.644064"><ele>7.840088</ele></trkpt><trkpt lat="-27.008247" lon="-48.644086"><ele>7.531281</ele></trkpt><trkpt lat="-27.008259" lon="-48.644109"><ele>7.507172</ele></trkpt><trkpt lat="-27.008272" lon="-48.644128"><ele>7.27182</ele></trkpt><trkpt lat="-27.00828" lon="-48.644149"><ele>8.555237</ele></trkpt><trkpt lat="-27.008292" lon="-48.644172"><ele>7.99942</ele></trkpt><trkpt lat="-27.008304" lon="-48.644195"><ele>7.395935</ele></trkpt><trkpt lat="-27.008315" lon="-48.644216"><ele>6.859863</ele></trkpt><trkpt lat="-27.008324" lon="-48.644239"><ele>7.302368</ele></trkpt><trkpt lat="-27.008336" lon="-48.644263"><ele>7.309021</ele></trkpt><trkpt lat="-27.008348" lon="-48.644287"><ele>7.545929</ele></trkpt><trkpt lat="-27.00836" lon="-48.644311"><ele>7.450073</ele></trkpt><trkpt lat="-27.00837" lon="-48.64433"><ele>7.516235</ele></trkpt><trkpt lat="-27.008371" lon="-48.64435"><ele>7.683533</ele></trkpt><trkpt lat="-27.008378" lon="-48.644372"><ele>7.285522</ele></trkpt><trkpt lat="-27.008388" lon="-48.644396"><ele>7.552856</ele></trkpt><trkpt lat="-27.008398" lon="-48.644419"><ele>7.434235</ele></trkpt><trkpt lat="-27.008411" lon="-48.644444"><ele>7.399231</ele></trkpt><trkpt lat="-27.008425" lon="-48.644469"><ele>7.678894</ele></trkpt><trkpt lat="-27.008441" lon="-48.644497"><ele>8.036957</ele></trkpt><trkpt lat="-27.008457" lon="-48.644522"><ele>8.605286</ele></trkpt><trkpt lat="-27.008473" lon="-48.644549"><ele>8.414764</ele></trkpt><trkpt lat="-27.008489" lon="-48.644577"><ele>8.291504</ele></trkpt><trkpt lat="-27.008504" lon="-48.644601"><ele>8.122162</ele></trkpt><trkpt lat="-27.00852" lon="-48.644621"><ele>8.668762</ele></trkpt><trkpt lat="-27.00854" lon="-48.644645"><ele>8.572845</ele></trkpt><trkpt lat="-27.008554" lon="-48.644668"><ele>8.707306</ele></trkpt><trkpt lat="-27.008567" lon="-48.644692"><ele>8.503784</ele></trkpt><trkpt lat="-27.008579" lon="-48.644713"><ele>8.202576</ele></trkpt><trkpt lat="-27.00859" lon="-48.644732"><ele>7.884491</ele></trkpt><trkpt lat="-27.008601" lon="-48.64475"><ele>7.610992</ele></trkpt><trkpt lat="-27.008612" lon="-48.644768"><ele>7.446594</ele></trkpt><trkpt lat="-27.008627" lon="-48.644785"><ele>6.849396</ele></trkpt><trkpt lat="-27.008638" lon="-48.6448"><ele>6.71402</ele></trkpt><trkpt lat="-27.008647" lon="-48.644808"><ele>6.703674</ele></trkpt><trkpt lat="-27.008649" lon="-48.644809"><ele>7.456482</ele></trkpt><trkpt lat="-27.008648" lon="-48.644806"><ele>7.694885</ele></trkpt><trkpt lat="-27.008648" lon="-48.644805"><ele>7.694061</ele></trkpt><trkpt lat="-27.008649" lon="-48.644806"><ele>7.695679</ele></trkpt><trkpt lat="-27.008647" lon="-48.644802"><ele>7.861633</ele></trkpt><trkpt lat="-27.008648" lon="-48.644801"><ele>7.859741</ele></trkpt><trkpt lat="-27.008649" lon="-48.644801"><ele>7.859894</ele></trkpt><trkpt lat="-27.00865" lon="-48.6448"><ele>7.846527</ele></trkpt><trkpt lat="-27.008651" lon="-48.6448"><ele>8.11203</ele></trkpt><trkpt lat="-27.008651" lon="-48.6448"><ele>8.103577</ele></trkpt><trkpt lat="-27.008651" lon="-48.6448"><ele>8.105347</ele></trkpt><trkpt lat="-27.008651" lon="-48.6448"><ele>8.108337</ele></trkpt><trkpt lat="-27.008651" lon="-48.6448"><ele>8.109802</ele></trkpt><trkpt lat="-27.008651" lon="-48.6448"><ele>8.112701</ele></trkpt><trkpt lat="-27.008651" lon="-48.6448"><ele>8.113831</ele></trkpt><trkpt lat="-27.008651" lon="-48.6448"><ele>8.115112</ele></trkpt><trkpt lat="-27.008651" lon="-48.6448"><ele>8.116516</ele></trkpt><trkpt lat="-27.008651" lon="-48.6448"><ele>8.119232</ele></trkpt><trkpt lat="-27.008651" lon="-48.644799"><ele>8.118225</ele></trkpt><trkpt lat="-27.008652" lon="-48.644799"><ele>8.121185</ele></trkpt><trkpt lat="-27.008652" lon="-48.644797"><ele>8.229279</ele></trkpt><trkpt lat="-27.008652" lon="-48.644797"><ele>8.220093</ele></trkpt><trkpt lat="-27.008652" lon="-48.644796"><ele>8.223999</ele></trkpt><trkpt lat="-27.008652" lon="-48.644796"><ele>8.223572</ele></trkpt><trkpt lat="-27.008652" lon="-48.644796"><ele>8.225159</ele></trkpt><trkpt lat="-27.008652" lon="-48.644795"><ele>8.246552</ele></trkpt><trkpt lat="-27.008654" lon="-48.644794"><ele>8.166534</ele></trkpt><trkpt lat="-27.008657" lon="-48.644794"><ele>8.16275</ele></trkpt><trkpt lat="-27.008658" lon="-48.644794"><ele>8.164307</ele></trkpt><trkpt lat="-27.008658" lon="-48.644794"><ele>8.162109</ele></trkpt><trkpt lat="-27.008658" lon="-48.644794"><ele>8.159637</ele></trkpt><trkpt lat="-27.008658" lon="-48.644794"><ele>8.158264</ele></trkpt><trkpt lat="-27.008658" lon="-48.644794"><ele>8.158295</ele></trkpt><trkpt lat="-27.008658" lon="-48.644794"><ele>8.162231</ele></trkpt><trkpt lat="-27.008658" lon="-48.644794"><ele>8.164368</ele></trkpt><trkpt lat="-27.008658" lon="-48.644794"><ele>8.164795</ele></trkpt><trkpt lat="-27.008658" lon="-48.644794"><ele>8.163391</ele></trkpt><trkpt lat="-27.008658" lon="-48.644794"><ele>8.166107</ele></trkpt><trkpt lat="-27.008658" lon="-48.644794"><ele>8.168762</ele></trkpt><trkpt lat="-27.008658" lon="-48.644794"><ele>8.171173</ele></trkpt><trkpt lat="-27.008658" lon="-48.644794"><ele>8.272217</ele></trkpt><trkpt lat="-27.008658" lon="-48.644795"><ele>8.309387</ele></trkpt><trkpt lat="-27.008658" lon="-48.644795"><ele>8.311401</ele></trkpt><trkpt lat="-27.008658" lon="-48.644795"><ele>8.313141</ele></trkpt><trkpt lat="-27.008659" lon="-48.644794"><ele>8.462036</ele></trkpt><trkpt lat="-27.008663" lon="-48.644796"><ele>8.823486</ele></trkpt><trkpt lat="-27.008673" lon="-48.644806"><ele>8.486816</ele></trkpt><trkpt lat="-27.008683" lon="-48.644819"><ele>8.702515</ele></trkpt><trkpt lat="-27.008695" lon="-48.644835"><ele>8.902496</ele></trkpt><trkpt lat="-27.00871" lon="-48.644856"><ele>9.236084</ele></trkpt><trkpt lat="-27.008726" lon="-48.644879"><ele>9.164185</ele></trkpt><trkpt lat="-27.008743" lon="-48.644902"><ele>9.003937</ele></trkpt><trkpt lat="-27.008761" lon="-48.644925"><ele>9.353333</ele></trkpt><trkpt lat="-27.008779" lon="-48.644947"><ele>9.114594</ele></trkpt><trkpt lat="-27.008796" lon="-48.644971"><ele>9.07135</ele></trkpt><trkpt lat="-27.008811" lon="-48.644994"><ele>9.314392</ele></trkpt><trkpt lat="-27.008825" lon="-48.645018"><ele>9.325317</ele></trkpt><trkpt lat="-27.008837" lon="-48.645039"><ele>9.136963</ele></trkpt><trkpt lat="-27.008851" lon="-48.645058"><ele>9.08432</ele></trkpt><trkpt lat="-27.008864" lon="-48.645079"><ele>9.497772</ele></trkpt><trkpt lat="-27.008871" lon="-48.645099"><ele>9.680664</ele></trkpt><trkpt lat="-27.008888" lon="-48.645125"><ele>9.865723</ele></trkpt><trkpt lat="-27.008901" lon="-48.645149"><ele>9.821075</ele></trkpt><trkpt lat="-27.008913" lon="-48.645174"><ele>9.950012</ele></trkpt><trkpt lat="-27.008926" lon="-48.645198"><ele>10.009003</ele></trkpt><trkpt lat="-27.008939" lon="-48.645223"><ele>10.348541</ele></trkpt><trkpt lat="-27.00895" lon="-48.645247"><ele>10.14267</ele></trkpt><trkpt lat="-27.00896" lon="-48.645273"><ele>10.455048</ele></trkpt><trkpt lat="-27.008973" lon="-48.645298"><ele>10.553131</ele></trkpt><trkpt lat="-27.008985" lon="-48.645324"><ele>10.572754</ele></trkpt><trkpt lat="-27.008996" lon="-48.645347"><ele>10.419983</ele></trkpt><trkpt lat="-27.009005" lon="-48.645371"><ele>10.726105</ele></trkpt><trkpt lat="-27.009012" lon="-48.645389"><ele>10.881653</ele></trkpt><trkpt lat="-27.009026" lon="-48.645413"><ele>10.183441</ele></trkpt><trkpt lat="-27.009041" lon="-48.645436"><ele>9.714905</ele></trkpt><trkpt lat="-27.009041" lon="-48.645436"><ele>9.714905</ele></trkpt><trkpt lat="-27.009057" lon="-48.645455"><ele>9.391418</ele></trkpt><trkpt lat="-27.009071" lon="-48.645475"><ele>9.166779</ele></trkpt><trkpt lat="-27.009086" lon="-48.6455"><ele>8.802399</ele></trkpt><trkpt lat="-27.009103" lon="-48.645524"><ele>8.602081</ele></trkpt><trkpt lat="-27.009119" lon="-48.645544"><ele>8.874512</ele></trkpt><trkpt lat="-27.009131" lon="-48.645561"><ele>9.292725</ele></trkpt><trkpt lat="-27.009142" lon="-48.645579"><ele>9.310059</ele></trkpt><trkpt lat="-27.009142" lon="-48.645579"><ele>9.310059</ele></trkpt><trkpt lat="-27.009152" lon="-48.645597"><ele>9.214844</ele></trkpt><trkpt lat="-27.009161" lon="-48.645611"><ele>9.076172</ele></trkpt><trkpt lat="-27.00917" lon="-48.645627"><ele>8.400269</ele></trkpt><trkpt lat="-27.009183" lon="-48.645646"><ele>8.282013</ele></trkpt><trkpt lat="-27.009197" lon="-48.64566"><ele>8.252106</ele></trkpt><trkpt lat="-27.009207" lon="-48.645669"><ele>8.258911</ele></trkpt><trkpt lat="-27.009213" lon="-48.645671"><ele>8.179993</ele></trkpt><trkpt lat="-27.009218" lon="-48.645672"><ele>7.900787</ele></trkpt><trkpt lat="-27.009227" lon="-48.645682"><ele>8.313507</ele></trkpt><trkpt lat="-27.009237" lon="-48.645696"><ele>8.370636</ele></trkpt><trkpt lat="-27.009249" lon="-48.645715"><ele>8.276367</ele></trkpt><trkpt lat="-27.009261" lon="-48.645735"><ele>8.814362</ele></trkpt><trkpt lat="-27.009274" lon="-48.645753"><ele>8.993561</ele></trkpt><trkpt lat="-27.009286" lon="-48.645769"><ele>9.213196</ele></trkpt><trkpt lat="-27.009283" lon="-48.645773"><ele>9.361542</ele></trkpt><trkpt lat="-27.009274" lon="-48.645765"><ele>9.478546</ele></trkpt><trkpt lat="-27.009271" lon="-48.645762"><ele>9.598053</ele></trkpt><trkpt lat="-27.009271" lon="-48.645762"><ele>9.868958</ele></trkpt><trkpt lat="-27.009271" lon="-48.645762"><ele>9.868958</ele></trkpt><trkpt lat="-27.00927" lon="-48.645761"><ele>9.913239</ele></trkpt><trkpt lat="-27.00927" lon="-48.645761"><ele>9.922272</ele></trkpt><trkpt lat="-27.00927" lon="-48.645761"><ele>9.927765</ele></trkpt><trkpt lat="-27.00927" lon="-48.645761"><ele>9.928345</ele></trkpt><trkpt lat="-27.00927" lon="-48.645761"><ele>9.930878</ele></trkpt><trkpt lat="-27.00927" lon="-48.645761"><ele>9.932037</ele></trkpt><trkpt lat="-27.00927" lon="-48.645761"><ele>9.931915</ele></trkpt><trkpt lat="-27.00927" lon="-48.645761"><ele>9.930145</ele></trkpt><trkpt lat="-27.00927" lon="-48.645761"><ele>9.929352</ele></trkpt><trkpt lat="-27.00927" lon="-48.645761"><ele>9.928925</ele></trkpt><trkpt lat="-27.00927" lon="-48.645761"><ele>9.934845</ele></trkpt><trkpt lat="-27.00927" lon="-48.645761"><ele>9.934845</ele></trkpt><trkpt lat="-27.009272" lon="-48.645762"><ele>10.015808</ele></trkpt><trkpt lat="-27.009275" lon="-48.645766"><ele>10.029724</ele></trkpt><trkpt lat="-27.009277" lon="-48.645769"><ele>10.334869</ele></trkpt><trkpt lat="-27.009277" lon="-48.645769"><ele>10.151031</ele></trkpt><trkpt lat="-27.009278" lon="-48.645768"><ele>10.315826</ele></trkpt><trkpt lat="-27.009281" lon="-48.645768"><ele>10.335419</ele></trkpt><trkpt lat="-27.009287" lon="-48.645768"><ele>10.243683</ele></trkpt><trkpt lat="-27.009294" lon="-48.64577"><ele>10.565643</ele></trkpt><trkpt lat="-27.0093" lon="-48.645778"><ele>11.331512</ele></trkpt><trkpt lat="-27.009298" lon="-48.645785"><ele>11.522522</ele></trkpt><trkpt lat="-27.009294" lon="-48.645787"><ele>11.276184</ele></trkpt><trkpt lat="-27.009291" lon="-48.645786"><ele>11.296051</ele></trkpt><trkpt lat="-27.009286" lon="-48.645781"><ele>11.298157</ele></trkpt><trkpt lat="-27.009282" lon="-48.645779"><ele>11.297791</ele></trkpt><trkpt lat="-27.009279" lon="-48.64578"><ele>10.664429</ele></trkpt><trkpt lat="-27.009278" lon="-48.645782"><ele>10.625763</ele></trkpt><trkpt lat="-27.009277" lon="-48.645784"><ele>10.694214</ele></trkpt><trkpt lat="-27.009277" lon="-48.645781"><ele>10.692261</ele></trkpt><trkpt lat="-27.009277" lon="-48.645782"><ele>10.577148</ele></trkpt><trkpt lat="-27.009277" lon="-48.645782"><ele>10.575439</ele></trkpt><trkpt lat="-27.009277" lon="-48.645782"><ele>10.575439</ele></trkpt><trkpt lat="-27.009277" lon="-48.645782"><ele>10.574249</ele></trkpt><trkpt lat="-27.009277" lon="-48.645782"><ele>10.57489</ele></trkpt><trkpt lat="-27.009277" lon="-48.645782"><ele>10.574524</ele></trkpt><trkpt lat="-27.009277" lon="-48.645782"><ele>10.573212</ele></trkpt><trkpt lat="-27.009277" lon="-48.645782"><ele>10.573059</ele></trkpt><trkpt lat="-27.009277" lon="-48.645782"><ele>10.573059</ele></trkpt><trkpt lat="-27.009277" lon="-48.645782"><ele>10.57373</ele></trkpt><trkpt lat="-27.009277" lon="-48.645782"><ele>10.57373</ele></trkpt><trkpt lat="-27.009277" lon="-48.645782"><ele>10.572815</ele></trkpt><trkpt lat="-27.009277" lon="-48.645782"><ele>10.573486</ele></trkpt><trkpt lat="-27.009277" lon="-48.645782"><ele>10.576263</ele></trkpt><trkpt lat="-27.009277" lon="-48.645782"><ele>10.57431</ele></trkpt><trkpt lat="-27.009279" lon="-48.645787"><ele>9.610626</ele></trkpt><trkpt lat="-27.009281" lon="-48.645787"><ele>9.609955</ele></trkpt><trkpt lat="-27.009279" lon="-48.645786"><ele>9.551239</ele></trkpt><trkpt lat="-27.009277" lon="-48.645782"><ele>9.532379</ele></trkpt><trkpt lat="-27.009277" lon="-48.645782"><ele>9.164246</ele></trkpt><trkpt lat="-27.009277" lon="-48.645786"><ele>9.202148</ele></trkpt><trkpt lat="-27.009279" lon="-48.645789"><ele>9.21225</ele></trkpt><trkpt lat="-27.009279" lon="-48.645789"><ele>9.205841</ele></trkpt><trkpt lat="-27.009279" lon="-48.64579"><ele>9.203949</ele></trkpt><trkpt lat="-27.009279" lon="-48.64579"><ele>9.201019</ele></trkpt><trkpt lat="-27.009279" lon="-48.64579"><ele>9.788361</ele></trkpt><trkpt lat="-27.009279" lon="-48.64579"><ele>9.60614</ele></trkpt><trkpt lat="-27.009282" lon="-48.645792"><ele>9.472931</ele></trkpt><trkpt lat="-27.009289" lon="-48.645789"><ele>9.333557</ele></trkpt><trkpt lat="-27.009295" lon="-48.645787"><ele>9.611908</ele></trkpt><trkpt lat="-27.009298" lon="-48.645786"><ele>9.755554</ele></trkpt><trkpt lat="-27.009298" lon="-48.645784"><ele>9.906982</ele></trkpt><trkpt lat="-27.009293" lon="-48.645783"><ele>10.002594</ele></trkpt><trkpt lat="-27.009292" lon="-48.64578"><ele>10.066193</ele></trkpt><trkpt lat="-27.009292" lon="-48.645779"><ele>10.064117</ele></trkpt><trkpt lat="-27.009292" lon="-48.645777"><ele>10.37265</ele></trkpt><trkpt lat="-27.009292" lon="-48.645775"><ele>10.42337</ele></trkpt><trkpt lat="-27.009292" lon="-48.645775"><ele>11.225494</ele></trkpt><trkpt lat="-27.009292" lon="-48.645775"><ele>11.223969</ele></trkpt><trkpt lat="-27.009292" lon="-48.645775"><ele>11.224701</ele></trkpt><trkpt lat="-27.009296" lon="-48.645775"><ele>11.427734</ele></trkpt><trkpt lat="-27.009305" lon="-48.645777"><ele>11.116638</ele></trkpt><trkpt lat="-27.00931" lon="-48.645783"><ele>11.03067</ele></trkpt><trkpt lat="-27.009312" lon="-48.645789"><ele>11.052826</ele></trkpt><trkpt lat="-27.009315" lon="-48.645794"><ele>11.046173</ele></trkpt><trkpt lat="-27.00932" lon="-48.645796"><ele>10.915741</ele></trkpt><trkpt lat="-27.009321" lon="-48.645796"><ele>11.079651</ele></trkpt><trkpt lat="-27.009321" lon="-48.645797"><ele>11.074799</ele></trkpt><trkpt lat="-27.009322" lon="-48.645796"><ele>11.102173</ele></trkpt><trkpt lat="-27.009322" lon="-48.645796"><ele>11.102112</ele></trkpt><trkpt lat="-27.009322" lon="-48.645796"><ele>11.103363</ele></trkpt><trkpt lat="-27.009321" lon="-48.645798"><ele>10.848419</ele></trkpt><trkpt lat="-27.009322" lon="-48.6458"><ele>10.884521</ele></trkpt><trkpt lat="-27.009323" lon="-48.645799"><ele>10.892853</ele></trkpt><trkpt lat="-27.009321" lon="-48.645798"><ele>11.237579</ele></trkpt><trkpt lat="-27.009317" lon="-48.645789"><ele>11.168884</ele></trkpt><trkpt lat="-27.00931" lon="-48.645782"><ele>11.206329</ele></trkpt><trkpt lat="-27.009303" lon="-48.645779"><ele>11.104034</ele></trkpt><trkpt lat="-27.009298" lon="-48.645781"><ele>10.797058</ele></trkpt><trkpt lat="-27.009305" lon="-48.645792"><ele>11.020844</ele></trkpt><trkpt lat="-27.009315" lon="-48.645806"><ele>11.007111</ele></trkpt><trkpt lat="-27.009324" lon="-48.645822"><ele>10.789124</ele></trkpt><trkpt lat="-27.009333" lon="-48.645835"><ele>10.718689</ele></trkpt><trkpt lat="-27.009341" lon="-48.645846"><ele>11.131195</ele></trkpt><trkpt lat="-27.009348" lon="-48.645859"><ele>11.126984</ele></trkpt><trkpt lat="-27.009356" lon="-48.645874"><ele>10.826111</ele></trkpt><trkpt lat="-27.00936" lon="-48.645887"><ele>10.333221</ele></trkpt><trkpt lat="-27.009366" lon="-48.645898"><ele>10.339539</ele></trkpt><trkpt lat="-27.009374" lon="-48.645906"><ele>10.432892</ele></trkpt><trkpt lat="-27.009382" lon="-48.645913"><ele>10.041534</ele></trkpt><trkpt lat="-27.009388" lon="-48.645921"><ele>10.0914</ele></trkpt><trkpt lat="-27.009392" lon="-48.645927"><ele>9.981476</ele></trkpt><trkpt lat="-27.009391" lon="-48.645929"><ele>10.040833</ele></trkpt><trkpt lat="-27.009388" lon="-48.645932"><ele>10.057251</ele></trkpt><trkpt lat="-27.009388" lon="-48.645931"><ele>10.022217</ele></trkpt><trkpt lat="-27.009378" lon="-48.64593"><ele>10.236084</ele></trkpt><trkpt lat="-27.00937" lon="-48.64593"><ele>10.440277</ele></trkpt><trkpt lat="-27.009364" lon="-48.64593"><ele>10.328827</ele></trkpt><trkpt lat="-27.009363" lon="-48.64593"><ele>10.21405</ele></trkpt><trkpt lat="-27.009363" lon="-48.64593"><ele>10.183685</ele></trkpt><trkpt lat="-27.009364" lon="-48.64593"><ele>10.181396</ele></trkpt><trkpt lat="-27.009364" lon="-48.64593"><ele>10.181976</ele></trkpt><trkpt lat="-27.009358" lon="-48.645922"><ele>10.067352</ele></trkpt><trkpt lat="-27.009358" lon="-48.645917"><ele>10.088348</ele></trkpt><trkpt lat="-27.009362" lon="-48.645916"><ele>9.912994</ele></trkpt><trkpt lat="-27.009363" lon="-48.645915"><ele>9.669983</ele></trkpt><trkpt lat="-27.009365" lon="-48.645915"><ele>9.670898</ele></trkpt><trkpt lat="-27.009365" lon="-48.645915"><ele>9.674622</ele></trkpt><trkpt lat="-27.009603" lon="-48.645856"><ele>-17.653656</ele></trkpt><trkpt lat="-27.009475" lon="-48.645885"><ele>10.280884</ele></trkpt><trkpt lat="-27.009453" lon="-48.645903"><ele>10.651398</ele></trkpt><trkpt lat="-27.009439" lon="-48.645892"><ele>10.380768</ele></trkpt><trkpt lat="-27.009453" lon="-48.64589"><ele>9.880554</ele></trkpt><trkpt lat="-27.009445" lon="-48.645894"><ele>9.739441</ele></trkpt><trkpt lat="-27.009436" lon="-48.645899"><ele>9.339325</ele></trkpt><trkpt lat="-27.009417" lon="-48.645903"><ele>9.529541</ele></trkpt><trkpt lat="-27.009411" lon="-48.645904"><ele>9.404877</ele></trkpt><trkpt lat="-27.009411" lon="-48.645907"><ele>9.286743</ele></trkpt><trkpt lat="-27.00941" lon="-48.645906"><ele>9.084839</ele></trkpt><trkpt lat="-27.009404" lon="-48.64591"><ele>10.070618</ele></trkpt><trkpt lat="-27.009401" lon="-48.645911"><ele>10.146332</ele></trkpt><trkpt lat="-27.009398" lon="-48.645913"><ele>10.458435</ele></trkpt><trkpt lat="-27.009396" lon="-48.645912"><ele>10.069214</ele></trkpt><trkpt lat="-27.00939" lon="-48.645913"><ele>10.061859</ele></trkpt><trkpt lat="-27.009388" lon="-48.645914"><ele>10.223663</ele></trkpt><trkpt lat="-27.009386" lon="-48.645914"><ele>10.26709</ele></trkpt><trkpt lat="-27.009383" lon="-48.645911"><ele>10.345123</ele></trkpt><trkpt lat="-27.009383" lon="-48.645911"><ele>10.042725</ele></trkpt><trkpt lat="-27.009381" lon="-48.645909"><ele>10.250305</ele></trkpt><trkpt lat="-27.009384" lon="-48.645913"><ele>9.979248</ele></trkpt><trkpt lat="-27.009385" lon="-48.645912"><ele>10.048584</ele></trkpt><trkpt lat="-27.009384" lon="-48.645913"><ele>9.723267</ele></trkpt><trkpt lat="-27.009383" lon="-48.645914"><ele>9.803741</ele></trkpt><trkpt lat="-27.009381" lon="-48.645917"><ele>9.811127</ele></trkpt><trkpt lat="-27.009381" lon="-48.645918"><ele>9.921875</ele></trkpt><trkpt lat="-27.009379" lon="-48.64592"><ele>10.039795</ele></trkpt><trkpt lat="-27.009378" lon="-48.645922"><ele>10.263611</ele></trkpt><trkpt lat="-27.009377" lon="-48.645923"><ele>10.317139</ele></trkpt><trkpt lat="-27.009375" lon="-48.645925"><ele>10.294342</ele></trkpt><trkpt lat="-27.009376" lon="-48.645925"><ele>10.319946</ele></trkpt><trkpt lat="-27.009374" lon="-48.645927"><ele>10.353333</ele></trkpt><trkpt lat="-27.009374" lon="-48.645928"><ele>10.474884</ele></trkpt><trkpt lat="-27.009374" lon="-48.645929"><ele>10.815094</ele></trkpt><trkpt lat="-27.009373" lon="-48.645927"><ele>10.695801</ele></trkpt><trkpt lat="-27.009373" lon="-48.64593"><ele>10.569794</ele></trkpt><trkpt lat="-27.009372" lon="-48.645932"><ele>10.815308</ele></trkpt><trkpt lat="-27.009369" lon="-48.645932"><ele>11.071167</ele></trkpt><trkpt lat="-27.009367" lon="-48.645933"><ele>11.104889</ele></trkpt><trkpt lat="-27.009366" lon="-48.645933"><ele>11.163086</ele></trkpt><trkpt lat="-27.009367" lon="-48.64593"><ele>11.248657</ele></trkpt><trkpt lat="-27.009363" lon="-48.645932"><ele>10.930389</ele></trkpt><trkpt lat="-27.009364" lon="-48.645932"><ele>10.882996</ele></trkpt><trkpt lat="-27.009369" lon="-48.645927"><ele>10.887665</ele></trkpt><trkpt lat="-27.009371" lon="-48.645926"><ele>10.934448</ele></trkpt><trkpt lat="-27.009372" lon="-48.645928"><ele>10.740906</ele></trkpt><trkpt lat="-27.009373" lon="-48.645928"><ele>10.950165</ele></trkpt><trkpt lat="-27.009373" lon="-48.645928"><ele>10.950165</ele></trkpt><trkpt lat="-27.009372" lon="-48.64593"><ele>10.879913</ele></trkpt><trkpt lat="-27.009372" lon="-48.64593"><ele>10.879913</ele></trkpt><trkpt lat="-27.009368" lon="-48.645932"><ele>10.928223</ele></trkpt><trkpt lat="-27.009366" lon="-48.645934"><ele>10.528809</ele></trkpt><trkpt lat="-27.009365" lon="-48.645936"><ele>10.395447</ele></trkpt><trkpt lat="-27.009363" lon="-48.645937"><ele>10.086884</ele></trkpt><trkpt lat="-27.009363" lon="-48.645941"><ele>10.214935</ele></trkpt><trkpt lat="-27.00936" lon="-48.645944"><ele>10.250427</ele></trkpt><trkpt lat="-27.009358" lon="-48.645945"><ele>10.34552</ele></trkpt><trkpt lat="-27.009358" lon="-48.645945"><ele>10.34552</ele></trkpt><trkpt lat="-27.009356" lon="-48.645946"><ele>9.543945</ele></trkpt><trkpt lat="-27.009356" lon="-48.645946"><ele>9.543945</ele></trkpt><trkpt lat="-27.009356" lon="-48.645945"><ele>9.33551</ele></trkpt><trkpt lat="-27.009356" lon="-48.645944"><ele>9.327148</ele></trkpt><trkpt lat="-27.009356" lon="-48.645944"><ele>9.296234</ele></trkpt><trkpt lat="-27.009358" lon="-48.645942"><ele>8.80722</ele></trkpt><trkpt lat="-27.009358" lon="-48.645942"><ele>8.80722</ele></trkpt><trkpt lat="-27.009358" lon="-48.645942"><ele>8.80722</ele></trkpt><trkpt lat="-27.00936" lon="-48.64594"><ele>8.914215</ele></trkpt><trkpt lat="-27.009361" lon="-48.645939"><ele>8.948822</ele></trkpt><trkpt lat="-27.009362" lon="-48.645938"><ele>8.970184</ele></trkpt><trkpt lat="-27.009362" lon="-48.645938"><ele>8.889557</ele></trkpt><trkpt lat="-27.009362" lon="-48.645938"><ele>8.877747</ele></trkpt><trkpt lat="-27.009362" lon="-48.645938"><ele>8.974121</ele></trkpt><trkpt lat="-27.009362" lon="-48.645938"><ele>8.933563</ele></trkpt><trkpt lat="-27.009362" lon="-48.645936"><ele>8.478546</ele></trkpt><trkpt lat="-27.009362" lon="-48.645936"><ele>8.478546</ele></trkpt><trkpt lat="-27.009363" lon="-48.645932"><ele>8.176147</ele></trkpt><trkpt lat="-27.009363" lon="-48.645932"><ele>8.176147</ele></trkpt><trkpt lat="-27.009365" lon="-48.645931"><ele>7.904266</ele></trkpt><trkpt lat="-27.009365" lon="-48.645933"><ele>7.827881</ele></trkpt><trkpt lat="-27.009362" lon="-48.645933"><ele>7.591736</ele></trkpt><trkpt lat="-27.009364" lon="-48.645932"><ele>7.714569</ele></trkpt><trkpt lat="-27.009366" lon="-48.645931"><ele>7.23584</ele></trkpt><trkpt lat="-27.009368" lon="-48.645932"><ele>7.171265</ele></trkpt><trkpt lat="-27.009368" lon="-48.645932"><ele>7.171265</ele></trkpt><trkpt lat="-27.009368" lon="-48.645932"><ele>7.084045</ele></trkpt><trkpt lat="-27.009369" lon="-48.645932"><ele>7.169373</ele></trkpt><trkpt lat="-27.009369" lon="-48.645932"><ele>7.169373</ele></trkpt><trkpt lat="-27.009371" lon="-48.645933"><ele>7.24408</ele></trkpt><trkpt lat="-27.009372" lon="-48.645933"><ele>7.242126</ele></trkpt><trkpt lat="-27.009371" lon="-48.645933"><ele>7.248566</ele></trkpt><trkpt lat="-27.009371" lon="-48.645934"><ele>7.253052</ele></trkpt><trkpt lat="-27.009371" lon="-48.645934"><ele>7.252625</ele></trkpt><trkpt lat="-27.009371" lon="-48.645934"><ele>7.255646</ele></trkpt><trkpt lat="-27.009371" lon="-48.645934"><ele>7.257538</ele></trkpt><trkpt lat="-27.009371" lon="-48.645934"><ele>7.26059</ele></trkpt><trkpt lat="-27.00937" lon="-48.645934"><ele>7.430389</ele></trkpt><trkpt lat="-27.009369" lon="-48.645934"><ele>7.559418</ele></trkpt><trkpt lat="-27.009369" lon="-48.645934"><ele>7.411682</ele></trkpt><trkpt lat="-27.009372" lon="-48.645938"><ele>8.649475</ele></trkpt><trkpt lat="-27.009374" lon="-48.645941"><ele>8.605927</ele></trkpt><trkpt lat="-27.009373" lon="-48.645943"><ele>8.613647</ele></trkpt><trkpt lat="-27.009374" lon="-48.645943"><ele>8.452576</ele></trkpt><trkpt lat="-27.009371" lon="-48.645944"><ele>9.047485</ele></trkpt><trkpt lat="-27.009372" lon="-48.645944"><ele>8.965668</ele></trkpt><trkpt lat="-27.009372" lon="-48.645944"><ele>8.89447</ele></trkpt><trkpt lat="-27.009371" lon="-48.645945"><ele>9.36319</ele></trkpt><trkpt lat="-27.009372" lon="-48.645942"><ele>8.985535</ele></trkpt><trkpt lat="-27.009371" lon="-48.645942"><ele>9.317627</ele></trkpt><trkpt lat="-27.009371" lon="-48.645944"><ele>9.176697</ele></trkpt><trkpt lat="-27.009375" lon="-48.645943"><ele>8.417358</ele></trkpt><trkpt lat="-27.009378" lon="-48.645939"><ele>8.157867</ele></trkpt><trkpt lat="-27.009383" lon="-48.645936"><ele>8.34198</ele></trkpt><trkpt lat="-27.00939" lon="-48.645936"><ele>8.14502</ele></trkpt><trkpt lat="-27.009393" lon="-48.645934"><ele>7.980011</ele></trkpt><trkpt lat="-27.009393" lon="-48.645929"><ele>7.319885</ele></trkpt><trkpt lat="-27.009397" lon="-48.645932"><ele>6.418396</ele></trkpt><trkpt lat="-27.009396" lon="-48.645933"><ele>7.112457</ele></trkpt><trkpt lat="-27.009397" lon="-48.645927"><ele>6.782867</ele></trkpt><trkpt lat="-27.009403" lon="-48.64593"><ele>7.061646</ele></trkpt><trkpt lat="-27.009408" lon="-48.645939"><ele>7.465424</ele></trkpt><trkpt lat="-27.009411" lon="-48.645952"><ele>8.04361</ele></trkpt><trkpt lat="-27.009418" lon="-48.645967"><ele>8.141876</ele></trkpt><trkpt lat="-27.009428" lon="-48.645983"><ele>8.198181</ele></trkpt><trkpt lat="-27.009438" lon="-48.645994"><ele>8.316681</ele></trkpt><trkpt lat="-27.009452" lon="-48.646012"><ele>8.302551</ele></trkpt><trkpt lat="-27.009464" lon="-48.646029"><ele>7.791046</ele></trkpt><trkpt lat="-27.009472" lon="-48.646045"><ele>8.260834</ele></trkpt><trkpt lat="-27.009481" lon="-48.646065"><ele>8.413116</ele></trkpt><trkpt lat="-27.00949" lon="-48.646085"><ele>8.752686</ele></trkpt><trkpt lat="-27.009504" lon="-48.646102"><ele>8.75293</ele></trkpt><trkpt lat="-27.009518" lon="-48.646119"><ele>8.811218</ele></trkpt><trkpt lat="-27.009518" lon="-48.646119"><ele>8.811218</ele></trkpt><trkpt lat="-27.009528" lon="-48.646131"><ele>8.722473</ele></trkpt><trkpt lat="-27.009536" lon="-48.64615"><ele>8.139404</ele></trkpt><trkpt lat="-27.009543" lon="-48.646167"><ele>8.180054</ele></trkpt><trkpt lat="-27.009552" lon="-48.646187"><ele>8.207794</ele></trkpt><trkpt lat="-27.009566" lon="-48.646209"><ele>8.238586</ele></trkpt><trkpt lat="-27.009581" lon="-48.64623"><ele>8.731537</ele></trkpt><trkpt lat="-27.0096" lon="-48.646252"><ele>8.536896</ele></trkpt><trkpt lat="-27.009621" lon="-48.646276"><ele>8.396088</ele></trkpt><trkpt lat="-27.009638" lon="-48.646302"><ele>8.460052</ele></trkpt><trkpt lat="-27.009654" lon="-48.646326"><ele>8.212402</ele></trkpt><trkpt lat="-27.009669" lon="-48.64635"><ele>8.079346</ele></trkpt><trkpt lat="-27.009681" lon="-48.646372"><ele>8.130524</ele></trkpt><trkpt lat="-27.009698" lon="-48.646395"><ele>7.672546</ele></trkpt><trkpt lat="-27.009709" lon="-48.646415"><ele>8.152527</ele></trkpt><trkpt lat="-27.009719" lon="-48.646439"><ele>8.637115</ele></trkpt><trkpt lat="-27.009731" lon="-48.646461"><ele>8.648041</ele></trkpt><trkpt lat="-27.009742" lon="-48.646476"><ele>8.721344</ele></trkpt><trkpt lat="-27.009752" lon="-48.646491"><ele>9.372467</ele></trkpt><trkpt lat="-27.009764" lon="-48.646502"><ele>9.916107</ele></trkpt><trkpt lat="-27.009765" lon="-48.646504"><ele>9.569275</ele></trkpt><trkpt lat="-27.009763" lon="-48.646505"><ele>9.129089</ele></trkpt><trkpt lat="-27.009762" lon="-48.646505"><ele>9.051788</ele></trkpt><trkpt lat="-27.009756" lon="-48.646507"><ele>9.748199</ele></trkpt><trkpt lat="-27.009756" lon="-48.646507"><ele>9.748199</ele></trkpt><trkpt lat="-27.009756" lon="-48.646508"><ele>9.611908</ele></trkpt><trkpt lat="-27.009756" lon="-48.646508"><ele>9.616394</ele></trkpt><trkpt lat="-27.009756" lon="-48.646508"><ele>9.546783</ele></trkpt><trkpt lat="-27.009757" lon="-48.646508"><ele>9.599091</ele></trkpt><trkpt lat="-27.009757" lon="-48.646507"><ele>9.581635</ele></trkpt><trkpt lat="-27.009758" lon="-48.646507"><ele>9.933472</ele></trkpt><trkpt lat="-27.009762" lon="-48.646507"><ele>9.920441</ele></trkpt><trkpt lat="-27.009761" lon="-48.646509"><ele>10.053864</ele></trkpt><trkpt lat="-27.009759" lon="-48.646509"><ele>10.550232</ele></trkpt><trkpt lat="-27.009761" lon="-48.646511"><ele>10.706207</ele></trkpt><trkpt lat="-27.009761" lon="-48.646511"><ele>10.792633</ele></trkpt><trkpt lat="-27.009764" lon="-48.64651"><ele>10.591095</ele></trkpt><trkpt lat="-27.009767" lon="-48.646508"><ele>10.569702</ele></trkpt><trkpt lat="-27.009767" lon="-48.646508"><ele>10.569702</ele></trkpt><trkpt lat="-27.009767" lon="-48.646508"><ele>10.331024</ele></trkpt><trkpt lat="-27.009766" lon="-48.646507"><ele>10.396851</ele></trkpt><trkpt lat="-27.009769" lon="-48.646512"><ele>10.647308</ele></trkpt><trkpt lat="-27.009768" lon="-48.646524"><ele>10.575562</ele></trkpt><trkpt lat="-27.009772" lon="-48.646539"><ele>11.254822</ele></trkpt><trkpt lat="-27.009772" lon="-48.646539"><ele>11.254822</ele></trkpt><trkpt lat="-27.009785" lon="-48.646552"><ele>11.373657</ele></trkpt><trkpt lat="-27.009795" lon="-48.646566"><ele>10.867859</ele></trkpt><trkpt lat="-27.009803" lon="-48.646581"><ele>10.64624</ele></trkpt><trkpt lat="-27.009806" lon="-48.646589"><ele>10.348419</ele></trkpt><trkpt lat="-27.00981" lon="-48.6466"><ele>10.192474</ele></trkpt><trkpt lat="-27.009814" lon="-48.646607"><ele>9.888123</ele></trkpt><trkpt lat="-27.009813" lon="-48.646607"><ele>10.028351</ele></trkpt><trkpt lat="-27.009811" lon="-48.646608"><ele>10.311523</ele></trkpt><trkpt lat="-27.009813" lon="-48.646612"><ele>10.056183</ele></trkpt><trkpt lat="-27.009814" lon="-48.64662"><ele>9.847717</ele></trkpt><trkpt lat="-27.009818" lon="-48.646625"><ele>9.89798</ele></trkpt><trkpt lat="-27.00982" lon="-48.646629"><ele>10.506653</ele></trkpt><trkpt lat="-27.009819" lon="-48.646631"><ele>10.927002</ele></trkpt><trkpt lat="-27.009821" lon="-48.646633"><ele>11.124603</ele></trkpt><trkpt lat="-27.009819" lon="-48.64663"><ele>10.226166</ele></trkpt><trkpt lat="-27.009819" lon="-48.646631"><ele>10.451599</ele></trkpt><trkpt lat="-27.009815" lon="-48.646631"><ele>10.437561</ele></trkpt><trkpt lat="-27.009813" lon="-48.646635"><ele>10.322021</ele></trkpt><trkpt lat="-27.009812" lon="-48.646637"><ele>10.449402</ele></trkpt><trkpt lat="-27.009813" lon="-48.646638"><ele>10.689026</ele></trkpt><trkpt lat="-27.009813" lon="-48.646636"><ele>10.491852</ele></trkpt><trkpt lat="-27.009815" lon="-48.646635"><ele>10.714966</ele></trkpt><trkpt lat="-27.009815" lon="-48.64663"><ele>10.345306</ele></trkpt><trkpt lat="-27.009814" lon="-48.646623"><ele>9.42569</ele></trkpt><trkpt lat="-27.009808" lon="-48.646619"><ele>9.68338</ele></trkpt><trkpt lat="-27.009801" lon="-48.646619"><ele>9.774841</ele></trkpt><trkpt lat="-27.009801" lon="-48.646619"><ele>9.774841</ele></trkpt><trkpt lat="-27.009793" lon="-48.64662"><ele>9.9646</ele></trkpt><trkpt lat="-27.00979" lon="-48.646621"><ele>9.689819</ele></trkpt><trkpt lat="-27.009792" lon="-48.646621"><ele>9.372345</ele></trkpt><trkpt lat="-27.009793" lon="-48.64662"><ele>9.39444</ele></trkpt><trkpt lat="-27.009794" lon="-48.646622"><ele>9.684296</ele></trkpt><trkpt lat="-27.009793" lon="-48.646625"><ele>9.729767</ele></trkpt><trkpt lat="-27.009789" lon="-48.646626"><ele>9.791351</ele></trkpt><trkpt lat="-27.009787" lon="-48.646627"><ele>9.738495</ele></trkpt><trkpt lat="-27.009785" lon="-48.64663"><ele>9.597382</ele></trkpt><trkpt lat="-27.009786" lon="-48.64663"><ele>9.746307</ele></trkpt><trkpt lat="-27.009789" lon="-48.646632"><ele>9.872375</ele></trkpt><trkpt lat="-27.009797" lon="-48.646637"><ele>10.092926</ele></trkpt><trkpt lat="-27.009802" lon="-48.64664"><ele>9.935303</ele></trkpt><trkpt lat="-27.009808" lon="-48.646643"><ele>10.008667</ele></trkpt><trkpt lat="-27.009815" lon="-48.646646"><ele>10.161987</ele></trkpt><trkpt lat="-27.00982" lon="-48.646648"><ele>10.310303</ele></trkpt><trkpt lat="-27.009822" lon="-48.64665"><ele>10.542114</ele></trkpt><trkpt lat="-27.00982" lon="-48.64665"><ele>10.985535</ele></trkpt><trkpt lat="-27.009817" lon="-48.646649"><ele>11.143524</ele></trkpt><trkpt lat="-27.009817" lon="-48.646646"><ele>10.719269</ele></trkpt><trkpt lat="-27.009818" lon="-48.646647"><ele>10.237091</ele></trkpt><trkpt lat="-27.009819" lon="-48.646649"><ele>10.534576</ele></trkpt><trkpt lat="-27.009819" lon="-48.646649"><ele>10.210236</ele></trkpt><trkpt lat="-27.009821" lon="-48.646653"><ele>9.925018</ele></trkpt><trkpt lat="-27.009825" lon="-48.64666"><ele>10.089539</ele></trkpt><trkpt lat="-27.009826" lon="-48.64667"><ele>9.968445</ele></trkpt><trkpt lat="-27.009822" lon="-48.646679"><ele>10.038605</ele></trkpt><trkpt lat="-27.009815" lon="-48.646687"><ele>10.455475</ele></trkpt><trkpt lat="-27.009806" lon="-48.646698"><ele>10.583679</ele></trkpt><trkpt lat="-27.009803" lon="-48.646706"><ele>11.114777</ele></trkpt><trkpt lat="-27.00981" lon="-48.646714"><ele>11.242828</ele></trkpt><trkpt lat="-27.009827" lon="-48.64672"><ele>10.684692</ele></trkpt><trkpt lat="-27.009843" lon="-48.646726"><ele>10.747986</ele></trkpt><trkpt lat="-27.009855" lon="-48.646736"><ele>10.579041</ele></trkpt><trkpt lat="-27.009863" lon="-48.646742"><ele>11.132721</ele></trkpt><trkpt lat="-27.009872" lon="-48.646755"><ele>11.197144</ele></trkpt><trkpt lat="-27.009875" lon="-48.646766"><ele>11.137299</ele></trkpt><trkpt lat="-27.009874" lon="-48.646775"><ele>11.354919</ele></trkpt><trkpt lat="-27.00987" lon="-48.646784"><ele>11.673065</ele></trkpt><trkpt lat="-27.009865" lon="-48.646793"><ele>11.911346</ele></trkpt><trkpt lat="-27.009855" lon="-48.646801"><ele>11.997772</ele></trkpt><trkpt lat="-27.009842" lon="-48.646809"><ele>11.781738</ele></trkpt><trkpt lat="-27.009833" lon="-48.646821"><ele>12.118164</ele></trkpt><trkpt lat="-27.009824" lon="-48.646832"><ele>12.14978</ele></trkpt><trkpt lat="-27.00982" lon="-48.646841"><ele>12.252747</ele></trkpt><trkpt lat="-27.009819" lon="-48.646846"><ele>12.040955</ele></trkpt><trkpt lat="-27.009818" lon="-48.646848"><ele>12.453796</ele></trkpt><trkpt lat="-27.009819" lon="-48.646849"><ele>12.716309</ele></trkpt><trkpt lat="-27.009822" lon="-48.646846"><ele>12.385132</ele></trkpt><trkpt lat="-27.00983" lon="-48.646848"><ele>12.081116</ele></trkpt><trkpt lat="-27.009834" lon="-48.646853"><ele>11.649719</ele></trkpt><trkpt lat="-27.009835" lon="-48.64686"><ele>11.367981</ele></trkpt><trkpt lat="-27.009831" lon="-48.646869"><ele>11.827698</ele></trkpt><trkpt lat="-27.009829" lon="-48.646879"><ele>12.067017</ele></trkpt><trkpt lat="-27.009823" lon="-48.64688"><ele>10.535767</ele></trkpt><trkpt lat="-27.009807" lon="-48.646879"><ele>10.597046</ele></trkpt><trkpt lat="-27.009803" lon="-48.646875"><ele>10.657043</ele></trkpt><trkpt lat="-27.009803" lon="-48.64687"><ele>10.686249</ele></trkpt><trkpt lat="-27.009806" lon="-48.646864"><ele>10.13446</ele></trkpt><trkpt lat="-27.009809" lon="-48.646858"><ele>10.010468</ele></trkpt><trkpt lat="-27.009811" lon="-48.646856"><ele>10.286652</ele></trkpt><trkpt lat="-27.009812" lon="-48.646856"><ele>10.270905</ele></trkpt><trkpt lat="-27.009814" lon="-48.646853"><ele>10.329407</ele></trkpt><trkpt lat="-27.009814" lon="-48.64685"><ele>9.6604</ele></trkpt><trkpt lat="-27.009812" lon="-48.646849"><ele>9.208588</ele></trkpt><trkpt lat="-27.00981" lon="-48.646851"><ele>9.204895</ele></trkpt><trkpt lat="-27.009808" lon="-48.646852"><ele>9.353333</ele></trkpt><trkpt lat="-27.009807" lon="-48.646852"><ele>9.403412</ele></trkpt><trkpt lat="-27.009807" lon="-48.646853"><ele>9.451813</ele></trkpt><trkpt lat="-27.009807" lon="-48.646853"><ele>9.451813</ele></trkpt><trkpt lat="-27.009807" lon="-48.646853"><ele>9.52182</ele></trkpt><trkpt lat="-27.009807" lon="-48.646853"><ele>9.578949</ele></trkpt><trkpt lat="-27.009807" lon="-48.646853"><ele>9.622925</ele></trkpt><trkpt lat="-27.009807" lon="-48.646853"><ele>9.642517</ele></trkpt><trkpt lat="-27.009806" lon="-48.646856"><ele>9.751373</ele></trkpt><trkpt lat="-27.009806" lon="-48.646856"><ele>9.454254</ele></trkpt><trkpt lat="-27.009806" lon="-48.646857"><ele>9.336975</ele></trkpt><trkpt lat="-27.009806" lon="-48.646858"><ele>9.354614</ele></trkpt><trkpt lat="-27.009806" lon="-48.646859"><ele>9.411346</ele></trkpt><trkpt lat="-27.009807" lon="-48.646859"><ele>9.444641</ele></trkpt><trkpt lat="-27.009807" lon="-48.646859"><ele>9.479523</ele></trkpt><trkpt lat="-27.009807" lon="-48.646859"><ele>9.493225</ele></trkpt><trkpt lat="-27.009809" lon="-48.646862"><ele>9.36322</ele></trkpt><trkpt lat="-27.009811" lon="-48.646863"><ele>9.194183</ele></trkpt><trkpt lat="-27.009811" lon="-48.646863"><ele>9.085022</ele></trkpt><trkpt lat="-27.009811" lon="-48.646863"><ele>8.999512</ele></trkpt><trkpt lat="-27.009811" lon="-48.646863"><ele>8.901978</ele></trkpt><trkpt lat="-27.009811" lon="-48.646863"><ele>8.810089</ele></trkpt><trkpt lat="-27.009811" lon="-48.646863"><ele>8.697693</ele></trkpt><trkpt lat="-27.009811" lon="-48.646863"><ele>8.659912</ele></trkpt><trkpt lat="-27.009811" lon="-48.646863"><ele>8.69104</ele></trkpt><trkpt lat="-27.009811" lon="-48.646863"><ele>8.544891</ele></trkpt><trkpt lat="-27.009811" lon="-48.646863"><ele>8.547729</ele></trkpt><trkpt lat="-27.009811" lon="-48.646863"><ele>7.981842</ele></trkpt><trkpt lat="-27.009815" lon="-48.64686"><ele>8.119843</ele></trkpt><trkpt lat="-27.009816" lon="-48.646858"><ele>8.241486</ele></trkpt><trkpt lat="-27.009815" lon="-48.646856"><ele>8.280548</ele></trkpt><trkpt lat="-27.009814" lon="-48.646856"><ele>8.317322</ele></trkpt><trkpt lat="-27.009814" lon="-48.646856"><ele>8.308289</ele></trkpt><trkpt lat="-27.009814" lon="-48.646856"><ele>8.33316</ele></trkpt><trkpt lat="-27.009814" lon="-48.646856"><ele>8.337433</ele></trkpt><trkpt lat="-27.009814" lon="-48.646856"><ele>8.288727</ele></trkpt><trkpt lat="-27.009814" lon="-48.646856"><ele>8.261658</ele></trkpt><trkpt lat="-27.009814" lon="-48.646856"><ele>8.244263</ele></trkpt><trkpt lat="-27.009814" lon="-48.646855"><ele>8.514496</ele></trkpt><trkpt lat="-27.009815" lon="-48.646853"><ele>8.555542</ele></trkpt><trkpt lat="-27.009815" lon="-48.646853"><ele>8.551788</ele></trkpt><trkpt lat="-27.009815" lon="-48.646853"><ele>8.545013</ele></trkpt><trkpt lat="-27.009815" lon="-48.646853"><ele>8.574097</ele></trkpt><trkpt lat="-27.009815" lon="-48.646853"><ele>8.550751</ele></trkpt><trkpt lat="-27.009815" lon="-48.646853"><ele>8.545837</ele></trkpt><trkpt lat="-27.009815" lon="-48.646852"><ele>8.582336</ele></trkpt><trkpt lat="-27.009815" lon="-48.646852"><ele>8.571991</ele></trkpt><trkpt lat="-27.009815" lon="-48.646852"><ele>8.556183</ele></trkpt><trkpt lat="-27.009815" lon="-48.64685"><ele>8.683105</ele></trkpt><trkpt lat="-27.009815" lon="-48.646848"><ele>9.576599</ele></trkpt><trkpt lat="-27.009815" lon="-48.646847"><ele>9.631989</ele></trkpt><trkpt lat="-27.009815" lon="-48.646847"><ele>9.684998</ele></trkpt><trkpt lat="-27.009815" lon="-48.646847"><ele>9.655701</ele></trkpt><trkpt lat="-27.009817" lon="-48.646845"><ele>9.740326</ele></trkpt><trkpt lat="-27.009817" lon="-48.646843"><ele>9.704407</ele></trkpt><trkpt lat="-27.009816" lon="-48.646843"><ele>9.275085</ele></trkpt><trkpt lat="-27.009816" lon="-48.646844"><ele>9.331177</ele></trkpt><trkpt lat="-27.009815" lon="-48.646844"><ele>9.458954</ele></trkpt><trkpt lat="-27.009815" lon="-48.646844"><ele>9.577728</ele></trkpt><trkpt lat="-27.009815" lon="-48.646844"><ele>9.687439</ele></trkpt><trkpt lat="-27.009815" lon="-48.646844"><ele>9.707397</ele></trkpt><trkpt lat="-27.009815" lon="-48.646844"><ele>9.708008</ele></trkpt><trkpt lat="-27.009815" lon="-48.646844"><ele>9.631531</ele></trkpt><trkpt lat="-27.009815" lon="-48.646844"><ele>9.594971</ele></trkpt><trkpt lat="-27.009815" lon="-48.646844"><ele>10.312134</ele></trkpt><trkpt lat="-27.009816" lon="-48.646844"><ele>9.962006</ele></trkpt><trkpt lat="-27.009817" lon="-48.646844"><ele>9.908936</ele></trkpt><trkpt lat="-27.009817" lon="-48.646844"><ele>9.830627</ele></trkpt><trkpt lat="-27.009817" lon="-48.646844"><ele>9.940674</ele></trkpt><trkpt lat="-27.009817" lon="-48.646844"><ele>10.077057</ele></trkpt><trkpt lat="-27.009817" lon="-48.646844"><ele>10.200897</ele></trkpt><trkpt lat="-27.009817" lon="-48.646844"><ele>10.093872</ele></trkpt><trkpt lat="-27.009817" lon="-48.646844"><ele>10.00415</ele></trkpt><trkpt lat="-27.009817" lon="-48.646844"><ele>9.863159</ele></trkpt><trkpt lat="-27.009817" lon="-48.646842"><ele>9.974915</ele></trkpt><trkpt lat="-27.009813" lon="-48.64684"><ele>9.87738</ele></trkpt><trkpt lat="-27.009809" lon="-48.646837"><ele>9.889496</ele></trkpt><trkpt lat="-27.009806" lon="-48.646837"><ele>10.095093</ele></trkpt><trkpt lat="-27.009802" lon="-48.64684"><ele>9.892151</ele></trkpt><trkpt lat="-27.009802" lon="-48.646841"><ele>9.689209</ele></trkpt><trkpt lat="-27.009802" lon="-48.646841"><ele>9.598633</ele></trkpt><trkpt lat="-27.009801" lon="-48.646841"><ele>9.708344</ele></trkpt><trkpt lat="-27.009801" lon="-48.646841"><ele>9.748108</ele></trkpt><trkpt lat="-27.009801" lon="-48.646841"><ele>9.841461</ele></trkpt><trkpt lat="-27.009801" lon="-48.646841"><ele>9.951019</ele></trkpt><trkpt lat="-27.009802" lon="-48.646841"><ele>8.358948</ele></trkpt><trkpt lat="-27.0098" lon="-48.646841"><ele>8.201019</ele></trkpt><trkpt lat="-27.009799" lon="-48.646841"><ele>7.887848</ele></trkpt><trkpt lat="-27.009799" lon="-48.646843"><ele>8.101654</ele></trkpt><trkpt lat="-27.009798" lon="-48.646844"><ele>8.013763</ele></trkpt><trkpt lat="-27.009798" lon="-48.646844"><ele>8.000641</ele></trkpt><trkpt lat="-27.009798" lon="-48.646844"><ele>7.940704</ele></trkpt><trkpt lat="-27.009798" lon="-48.646844"><ele>7.96933</ele></trkpt><trkpt lat="-27.009798" lon="-48.646844"><ele>8.051422</ele></trkpt><trkpt lat="-27.009798" lon="-48.646844"><ele>8.145111</ele></trkpt><trkpt lat="-27.009798" lon="-48.646844"><ele>8.222687</ele></trkpt><trkpt lat="-27.009798" lon="-48.646844"><ele>8.273224</ele></trkpt><trkpt lat="-27.009798" lon="-48.646844"><ele>8.291016</ele></trkpt><trkpt lat="-27.009798" lon="-48.646844"><ele>8.212738</ele></trkpt><trkpt lat="-27.009798" lon="-48.646844"><ele>8.084473</ele></trkpt><trkpt lat="-27.009798" lon="-48.646844"><ele>8.046753</ele></trkpt><trkpt lat="-27.009798" lon="-48.646844"><ele>8.009796</ele></trkpt><trkpt lat="-27.009798" lon="-48.646844"><ele>7.980194</ele></trkpt><trkpt lat="-27.009798" lon="-48.646844"><ele>7.941833</ele></trkpt><trkpt lat="-27.009798" lon="-48.646844"><ele>7.857147</ele></trkpt><trkpt lat="-27.009798" lon="-48.646844"><ele>7.861145</ele></trkpt><trkpt lat="-27.009798" lon="-48.646844"><ele>7.922699</ele></trkpt><trkpt lat="-27.009798" lon="-48.646844"><ele>7.903778</ele></trkpt><trkpt lat="-27.009798" lon="-48.646844"><ele>7.848511</ele></trkpt><trkpt lat="-27.009798" lon="-48.646844"><ele>7.903107</ele></trkpt><trkpt lat="-27.009798" lon="-48.646844"><ele>7.900238</ele></trkpt><trkpt lat="-27.009798" lon="-48.646844"><ele>7.891296</ele></trkpt><trkpt lat="-27.0098" lon="-48.646844"><ele>8.124512</ele></trkpt><trkpt lat="-27.009801" lon="-48.646845"><ele>8.207642</ele></trkpt><trkpt lat="-27.009801" lon="-48.646845"><ele>8.221588</ele></trkpt><trkpt lat="-27.009801" lon="-48.646845"><ele>8.225769</ele></trkpt><trkpt lat="-27.009803" lon="-48.646843"><ele>8.473572</ele></trkpt><trkpt lat="-27.009805" lon="-48.646842"><ele>8.469971</ele></trkpt><trkpt lat="-27.009805" lon="-48.646842"><ele>8.491455</ele></trkpt><trkpt lat="-27.009805" lon="-48.646842"><ele>8.530609</ele></trkpt><trkpt lat="-27.009805" lon="-48.646842"><ele>8.54007</ele></trkpt><trkpt lat="-27.009806" lon="-48.646842"><ele>8.529602</ele></trkpt><trkpt lat="-27.009807" lon="-48.646842"><ele>8.672089</ele></trkpt><trkpt lat="-27.009808" lon="-48.646841"><ele>8.656982</ele></trkpt><trkpt lat="-27.009808" lon="-48.646841"><ele>8.683197</ele></trkpt><trkpt lat="-27.009809" lon="-48.646841"><ele>8.684723</ele></trkpt><trkpt lat="-27.009809" lon="-48.646841"><ele>8.666046</ele></trkpt><trkpt lat="-27.009809" lon="-48.646843"><ele>8.589539</ele></trkpt><trkpt lat="-27.009811" lon="-48.646842"><ele>8.488495</ele></trkpt><trkpt lat="-27.009814" lon="-48.64684"><ele>8.554138</ele></trkpt><trkpt lat="-27.009815" lon="-48.646838"><ele>8.468689</ele></trkpt><trkpt lat="-27.009816" lon="-48.646837"><ele>8.39917</ele></trkpt><trkpt lat="-27.009816" lon="-48.646837"><ele>8.437439</ele></trkpt><trkpt lat="-27.009816" lon="-48.646837"><ele>8.45813</ele></trkpt><trkpt lat="-27.009816" lon="-48.646837"><ele>8.422119</ele></trkpt><trkpt lat="-27.009816" lon="-48.646837"><ele>8.398804</ele></trkpt><trkpt lat="-27.009816" lon="-48.646837"><ele>8.381287</ele></trkpt><trkpt lat="-27.009816" lon="-48.646837"><ele>8.367462</ele></trkpt><trkpt lat="-27.009816" lon="-48.646837"><ele>8.32663</ele></trkpt><trkpt lat="-27.009816" lon="-48.646837"><ele>8.340607</ele></trkpt><trkpt lat="-27.009817" lon="-48.646832"><ele>7.714111</ele></trkpt><trkpt lat="-27.009816" lon="-48.646828"><ele>6.879791</ele></trkpt><trkpt lat="-27.009814" lon="-48.646823"><ele>7.415894</ele></trkpt><trkpt lat="-27.009812" lon="-48.646821"><ele>6.899048</ele></trkpt><trkpt lat="-27.00981" lon="-48.64682"><ele>7.041473</ele></trkpt><trkpt lat="-27.009806" lon="-48.646817"><ele>5.711517</ele></trkpt><trkpt lat="-27.009802" lon="-48.646814"><ele>5.595947</ele></trkpt><trkpt lat="-27.009801" lon="-48.646813"><ele>5.442871</ele></trkpt><trkpt lat="-27.0098" lon="-48.646814"><ele>5.295746</ele></trkpt><trkpt lat="-27.009798" lon="-48.646815"><ele>5.239105</ele></trkpt><trkpt lat="-27.009798" lon="-48.646815"><ele>5.239105</ele></trkpt><trkpt lat="-27.009797" lon="-48.646815"><ele>5.185608</ele></trkpt><trkpt lat="-27.009797" lon="-48.646815"><ele>5.185974</ele></trkpt><trkpt lat="-27.009797" lon="-48.646815"><ele>5.183594</ele></trkpt><trkpt lat="-27.009797" lon="-48.646814"><ele>5.207764</ele></trkpt><trkpt lat="-27.009797" lon="-48.646815"><ele>5.285889</ele></trkpt><trkpt lat="-27.009797" lon="-48.646815"><ele>5.38446</ele></trkpt><trkpt lat="-27.009796" lon="-48.646814"><ele>5.381866</ele></trkpt><trkpt lat="-27.009795" lon="-48.646814"><ele>5.246948</ele></trkpt><trkpt lat="-27.009795" lon="-48.646814"><ele>5.246948</ele></trkpt><trkpt lat="-27.009795" lon="-48.646813"><ele>5.269073</ele></trkpt><trkpt lat="-27.009795" lon="-48.646813"><ele>5.309601</ele></trkpt><trkpt lat="-27.009795" lon="-48.646813"><ele>5.503662</ele></trkpt><trkpt lat="-27.009795" lon="-48.646814"><ele>5.642944</ele></trkpt><trkpt lat="-27.009795" lon="-48.646814"><ele>5.642944</ele></trkpt><trkpt lat="-27.009795" lon="-48.646814"><ele>5.841675</ele></trkpt><trkpt lat="-27.009795" lon="-48.646814"><ele>5.759399</ele></trkpt><trkpt lat="-27.009795" lon="-48.646814"><ele>5.674561</ele></trkpt><trkpt lat="-27.009794" lon="-48.646814"><ele>5.651306</ele></trkpt><trkpt lat="-27.009797" lon="-48.646814"><ele>5.676819</ele></trkpt><trkpt lat="-27.009799" lon="-48.646814"><ele>5.677277</ele></trkpt><trkpt lat="-27.009805" lon="-48.64681"><ele>5.876343</ele></trkpt><trkpt lat="-27.009805" lon="-48.64681"><ele>5.876343</ele></trkpt><trkpt lat="-27.009807" lon="-48.646809"><ele>5.80249</ele></trkpt><trkpt lat="-27.009807" lon="-48.646809"><ele>5.496216</ele></trkpt><trkpt lat="-27.009807" lon="-48.646808"><ele>5.480927</ele></trkpt><trkpt lat="-27.009807" lon="-48.646808"><ele>5.393707</ele></trkpt><trkpt lat="-27.009806" lon="-48.646808"><ele>5.575012</ele></trkpt><trkpt lat="-27.009806" lon="-48.646808"><ele>5.686462</ele></trkpt><trkpt lat="-27.009807" lon="-48.646809"><ele>5.809723</ele></trkpt><trkpt lat="-27.009807" lon="-48.646811"><ele>6.105957</ele></trkpt><trkpt lat="-27.009808" lon="-48.646812"><ele>6.182739</ele></trkpt><trkpt lat="-27.009808" lon="-48.646813"><ele>6.205475</ele></trkpt><trkpt lat="-27.009809" lon="-48.646813"><ele>6.338043</ele></trkpt><trkpt lat="-27.009809" lon="-48.646813"><ele>6.445068</ele></trkpt><trkpt lat="-27.009809" lon="-48.646813"><ele>6.44635</ele></trkpt><trkpt lat="-27.009809" lon="-48.646813"><ele>6.472137</ele></trkpt><trkpt lat="-27.009809" lon="-48.646813"><ele>6.442566</ele></trkpt><trkpt lat="-27.009809" lon="-48.646813"><ele>6.478455</ele></trkpt><trkpt lat="-27.009809" lon="-48.646813"><ele>6.447815</ele></trkpt><trkpt lat="-27.009809" lon="-48.646813"><ele>6.356934</ele></trkpt><trkpt lat="-27.009809" lon="-48.646813"><ele>6.230347</ele></trkpt><trkpt lat="-27.00981" lon="-48.646813"><ele>6.26358</ele></trkpt><trkpt lat="-27.00981" lon="-48.646813"><ele>6.209442</ele></trkpt><trkpt lat="-27.009809" lon="-48.646814"><ele>5.802429</ele></trkpt><trkpt lat="-27.00981" lon="-48.646815"><ele>5.812622</ele></trkpt><trkpt lat="-27.00981" lon="-48.646815"><ele>5.792419</ele></trkpt><trkpt lat="-27.00981" lon="-48.646816"><ele>5.969604</ele></trkpt><trkpt lat="-27.009809" lon="-48.646817"><ele>5.851898</ele></trkpt><trkpt lat="-27.009808" lon="-48.646818"><ele>5.824615</ele></trkpt><trkpt lat="-27.009808" lon="-48.646818"><ele>5.815338</ele></trkpt><trkpt lat="-27.009808" lon="-48.646818"><ele>5.815338</ele></trkpt><trkpt lat="-27.009808" lon="-48.646818"><ele>5.742371</ele></trkpt><trkpt lat="-27.009807" lon="-48.646817"><ele>5.665466</ele></trkpt><trkpt lat="-27.009807" lon="-48.646817"><ele>5.581604</ele></trkpt><trkpt lat="-27.009807" lon="-48.646817"><ele>5.579071</ele></trkpt><trkpt lat="-27.009807" lon="-48.646817"><ele>5.583252</ele></trkpt><trkpt lat="-27.009807" lon="-48.646817"><ele>5.583313</ele></trkpt><trkpt lat="-27.009807" lon="-48.646817"><ele>5.584534</ele></trkpt><trkpt lat="-27.009807" lon="-48.646817"><ele>5.584717</ele></trkpt><trkpt lat="-27.009807" lon="-48.646819"><ele>5.65036</ele></trkpt><trkpt lat="-27.009807" lon="-48.646821"><ele>5.647369</ele></trkpt><trkpt lat="-27.009807" lon="-48.646822"><ele>5.645874</ele></trkpt><trkpt lat="-27.009807" lon="-48.646822"><ele>5.645874</ele></trkpt><trkpt lat="-27.009807" lon="-48.646822"><ele>5.933929</ele></trkpt><trkpt lat="-27.009808" lon="-48.646822"><ele>6.33078</ele></trkpt><trkpt lat="-27.009808" lon="-48.646823"><ele>6.213409</ele></trkpt><trkpt lat="-27.009808" lon="-48.646824"><ele>6.130249</ele></trkpt><trkpt lat="-27.009809" lon="-48.646825"><ele>6.004364</ele></trkpt><trkpt lat="-27.009809" lon="-48.646825"><ele>6.006561</ele></trkpt><trkpt lat="-27.009807" lon="-48.646824"><ele>6.039642</ele></trkpt><trkpt lat="-27.009807" lon="-48.646824"><ele>6.044189</ele></trkpt><trkpt lat="-27.009806" lon="-48.646822"><ele>6.638153</ele></trkpt><trkpt lat="-27.009811" lon="-48.646816"><ele>7.816803</ele></trkpt><trkpt lat="-27.009816" lon="-48.646811"><ele>7.590912</ele></trkpt><trkpt lat="-27.009824" lon="-48.646807"><ele>8.108856</ele></trkpt><trkpt lat="-27.009834" lon="-48.646804"><ele>8.366821</ele></trkpt><trkpt lat="-27.009847" lon="-48.646801"><ele>8.096893</ele></trkpt><trkpt lat="-27.009859" lon="-48.6468"><ele>8.578156</ele></trkpt><trkpt lat="-27.009873" lon="-48.646799"><ele>10.038757</ele></trkpt><trkpt lat="-27.009882" lon="-48.646795"><ele>9.886169</ele></trkpt><trkpt lat="-27.009889" lon="-48.646789"><ele>9.205078</ele></trkpt><trkpt lat="-27.009893" lon="-48.646783"><ele>8.872742</ele></trkpt><trkpt lat="-27.0099" lon="-48.646779"><ele>8.971619</ele></trkpt><trkpt lat="-27.009906" lon="-48.646773"><ele>9.010834</ele></trkpt><trkpt lat="-27.009905" lon="-48.646768"><ele>8.750122</ele></trkpt><trkpt lat="-27.009901" lon="-48.646767"><ele>8.562958</ele></trkpt><trkpt lat="-27.009891" lon="-48.646773"><ele>8.864136</ele></trkpt><trkpt lat="-27.009882" lon="-48.646781"><ele>8.510834</ele></trkpt><trkpt lat="-27.009878" lon="-48.646788"><ele>8.746124</ele></trkpt><trkpt lat="-27.009875" lon="-48.646798"><ele>8.633789</ele></trkpt><trkpt lat="-27.009872" lon="-48.646807"><ele>8.621216</ele></trkpt><trkpt lat="-27.009865" lon="-48.646815"><ele>8.94458</ele></trkpt><trkpt lat="-27.00986" lon="-48.64682"><ele>9.130188</ele></trkpt><trkpt lat="-27.009854" lon="-48.646823"><ele>9.491516</ele></trkpt><trkpt lat="-27.009854" lon="-48.646823"><ele>9.491516</ele></trkpt><trkpt lat="-27.009848" lon="-48.646826"><ele>9.899841</ele></trkpt><trkpt lat="-27.009841" lon="-48.646827"><ele>9.807709</ele></trkpt><trkpt lat="-27.009831" lon="-48.646829"><ele>10.154022</ele></trkpt><trkpt lat="-27.009821" lon="-48.646833"><ele>10.483063</ele></trkpt><trkpt lat="-27.009812" lon="-48.646837"><ele>10.756348</ele></trkpt><trkpt lat="-27.009807" lon="-48.646838"><ele>11.082764</ele></trkpt><trkpt lat="-27.009805" lon="-48.646837"><ele>11.358887</ele></trkpt><trkpt lat="-27.009804" lon="-48.646839"><ele>11.883453</ele></trkpt><trkpt lat="-27.009803" lon="-48.64684"><ele>12.251282</ele></trkpt><trkpt lat="-27.009803" lon="-48.64684"><ele>12.096191</ele></trkpt><trkpt lat="-27.009803" lon="-48.64684"><ele>11.986725</ele></trkpt><trkpt lat="-27.009803" lon="-48.64684"><ele>11.928589</ele></trkpt><trkpt lat="-27.009803" lon="-48.646839"><ele>11.596252</ele></trkpt><trkpt lat="-27.009803" lon="-48.646839"><ele>11.65802</ele></trkpt><trkpt lat="-27.009806" lon="-48.646837"><ele>11.738708</ele></trkpt><trkpt lat="-27.009807" lon="-48.646835"><ele>11.835205</ele></trkpt><trkpt lat="-27.009806" lon="-48.646834"><ele>12.01355</ele></trkpt><trkpt lat="-27.009806" lon="-48.646833"><ele>12.096436</ele></trkpt><trkpt lat="-27.009806" lon="-48.646833"><ele>12.102234</ele></trkpt><trkpt lat="-27.009806" lon="-48.646833"><ele>12.097595</ele></trkpt><trkpt lat="-27.009806" lon="-48.646833"><ele>12.09729</ele></trkpt><trkpt lat="-27.009806" lon="-48.646833"><ele>12.09729</ele></trkpt><trkpt lat="-27.009806" lon="-48.646833"><ele>12.09729</ele></trkpt><trkpt lat="-27.009803" lon="-48.646829"><ele>11.908112</ele></trkpt><trkpt lat="-27.009802" lon="-48.646828"><ele>12.179382</ele></trkpt><trkpt lat="-27.009802" lon="-48.646828"><ele>12.179382</ele></trkpt><trkpt lat="-27.009803" lon="-48.646829"><ele>12.182861</ele></trkpt><trkpt lat="-27.009803" lon="-48.646828"><ele>12.576111</ele></trkpt><trkpt lat="-27.009803" lon="-48.646827"><ele>13.987366</ele></trkpt><trkpt lat="-27.009804" lon="-48.646827"><ele>13.987244</ele></trkpt><trkpt lat="-27.009806" lon="-48.646824"><ele>14.035095</ele></trkpt><trkpt lat="-27.009807" lon="-48.646824"><ele>14.036377</ele></trkpt><trkpt lat="-27.009807" lon="-48.646823"><ele>14.158997</ele></trkpt><trkpt lat="-27.009809" lon="-48.646824"><ele>14.40918</ele></trkpt><trkpt lat="-27.00981" lon="-48.646823"><ele>14.225098</ele></trkpt><trkpt lat="-27.009809" lon="-48.646821"><ele>14.257751</ele></trkpt><trkpt lat="-27.00981" lon="-48.646821"><ele>14.25708</ele></trkpt><trkpt lat="-27.00981" lon="-48.646821"><ele>14.259155</ele></trkpt><trkpt lat="-27.009809" lon="-48.646821"><ele>14.261719</ele></trkpt><trkpt lat="-27.009809" lon="-48.646819"><ele>14.541626</ele></trkpt><trkpt lat="-27.009809" lon="-48.646818"><ele>14.575745</ele></trkpt><trkpt lat="-27.009809" lon="-48.646818"><ele>14.832642</ele></trkpt><trkpt lat="-27.009809" lon="-48.646818"><ele>14.698181</ele></trkpt><trkpt lat="-27.009809" lon="-48.646818"><ele>14.676636</ele></trkpt><trkpt lat="-27.009809" lon="-48.646817"><ele>14.001526</ele></trkpt><trkpt lat="-27.00981" lon="-48.646817"><ele>13.671692</ele></trkpt><trkpt lat="-27.009811" lon="-48.646815"><ele>13.607483</ele></trkpt><trkpt lat="-27.009811" lon="-48.646815"><ele>13.600952</ele></trkpt><trkpt lat="-27.009811" lon="-48.646815"><ele>13.601929</ele></trkpt><trkpt lat="-27.009811" lon="-48.646815"><ele>13.601929</ele></trkpt><trkpt lat="-27.009811" lon="-48.646815"><ele>13.600403</ele></trkpt><trkpt lat="-27.009811" lon="-48.646815"><ele>13.601379</ele></trkpt><trkpt lat="-27.009808" lon="-48.646813"><ele>13.148987</ele></trkpt><trkpt lat="-27.009805" lon="-48.646812"><ele>13.011719</ele></trkpt><trkpt lat="-27.009801" lon="-48.64681"><ele>12.61615</ele></trkpt><trkpt lat="-27.009803" lon="-48.646807"><ele>11.984467</ele></trkpt><trkpt lat="-27.009809" lon="-48.646801"><ele>12.615479</ele></trkpt><trkpt lat="-27.009815" lon="-48.646792"><ele>12.583069</ele></trkpt><trkpt lat="-27.009819" lon="-48.64678"><ele>12.653015</ele></trkpt><trkpt lat="-27.009822" lon="-48.646768"><ele>13.065125</ele></trkpt><trkpt lat="-27.009825" lon="-48.646758"><ele>12.921875</ele></trkpt><trkpt lat="-27.009831" lon="-48.646748"><ele>12.76239</ele></trkpt><trkpt lat="-27.009839" lon="-48.646739"><ele>13.085999</ele></trkpt><trkpt lat="-27.009843" lon="-48.646735"><ele>13.028503</ele></trkpt><trkpt lat="-27.009847" lon="-48.646732"><ele>13.456665</ele></trkpt><trkpt lat="-27.009855" lon="-48.646732"><ele>13.893433</ele></trkpt><trkpt lat="-27.009864" lon="-48.646737"><ele>14.055298</ele></trkpt><trkpt lat="-27.009872" lon="-48.646741"><ele>13.681091</ele></trkpt><trkpt lat="-27.009877" lon="-48.646745"><ele>13.688416</ele></trkpt><trkpt lat="-27.00988" lon="-48.646748"><ele>13.940674</ele></trkpt><trkpt lat="-27.009881" lon="-48.64675"><ele>13.94397</ele></trkpt><trkpt lat="-27.009882" lon="-48.64675"><ele>13.753906</ele></trkpt><trkpt lat="-27.009882" lon="-48.64675"><ele>13.816406</ele></trkpt><trkpt lat="-27.009882" lon="-48.64675"><ele>13.820862</ele></trkpt><trkpt lat="-27.009882" lon="-48.64675"><ele>13.592407</ele></trkpt><trkpt lat="-27.009884" lon="-48.646747"><ele>13.752136</ele></trkpt><trkpt lat="-27.009885" lon="-48.646746"><ele>13.771973</ele></trkpt><trkpt lat="-27.009885" lon="-48.646746"><ele>13.675903</ele></trkpt><trkpt lat="-27.009886" lon="-48.646746"><ele>13.68573</ele></trkpt><trkpt lat="-27.009886" lon="-48.646746"><ele>13.686829</ele></trkpt><trkpt lat="-27.009886" lon="-48.646746"><ele>13.685181</ele></trkpt><trkpt lat="-27.009886" lon="-48.646747"><ele>13.682861</ele></trkpt><trkpt lat="-27.009886" lon="-48.646747"><ele>13.680176</ele></trkpt><trkpt lat="-27.009886" lon="-48.646747"><ele>13.676453</ele></trkpt><trkpt lat="-27.009886" lon="-48.646747"><ele>13.666992</ele></trkpt><trkpt lat="-27.009886" lon="-48.646747"><ele>13.666992</ele></trkpt><trkpt lat="-27.009886" lon="-48.646747"><ele>13.678528</ele></trkpt><trkpt lat="-27.009886" lon="-48.64675"><ele>14.029175</ele></trkpt><trkpt lat="-27.009886" lon="-48.646757"><ele>14.436523</ele></trkpt><trkpt lat="-27.00988" lon="-48.646765"><ele>14.294312</ele></trkpt><trkpt lat="-27.009873" lon="-48.646771"><ele>14.003601</ele></trkpt><trkpt lat="-27.009867" lon="-48.646774"><ele>13.846436</ele></trkpt><trkpt lat="-27.00986" lon="-48.646776"><ele>14.066528</ele></trkpt><trkpt lat="-27.009856" lon="-48.646777"><ele>14.056519</ele></trkpt><trkpt lat="-27.009855" lon="-48.646778"><ele>14.055725</ele></trkpt><trkpt lat="-27.009855" lon="-48.646778"><ele>14.061523</ele></trkpt></trkseg></trk></gpx>